SqueezeFS version 1.2.1 (0723b3ea38c0 / 0723b3ea38c01eac6d2a2c1e20dc17cf63343631) built 1980-01-01T00:00:00Z profile release
======================================================================
  Mount Configuration Summary
----------------------------------------------------------------------
  Volume Name:         squeezefs
  Capacity:            64.00 GiB
  Block Size:          4.00 MiB
  Compression:         none
  Encryption:          none
----------------------------------------------------------------------
Metadata Volumes:
  - [enabled] /dev/nvme1n1 (health: 1000)
  - [enabled] /dev/nvme2n1 (health: 1000)
Data Volumes:
  - [enabled] /dev/nvme3n1 (health: 1000)
  - [enabled] /dev/nvme4n1 (health: 1000)
----------------------------------------------------------------------
Cache/Staging:
  Memory Cache Size:   1GB
  Disk Cache Size:     10GB
  Staging Paths:       none (cache-less)
----------------------------------------------------------------------
Mount Options:
  Mountpoint:          "/mnt/sqz-mwfleet/m0"
  Writeback Cache:     enabled
  Allow Other:         enabled
======================================================================
[2026-09-06T13:56:50Z INFO  squeezefs] root subprocess PATH sanitized (VAL-7i): dropped relative/empty/group-or-world-writable entries; using '/run/wrappers/bin:/run/current-system/sw/bin:/nix/store/7a60q5dgnv6z96c279rc1nalyiw4mgqn-bash-interactive-5.3p15/bin:/nix/store/fpig164lz7fcipbndn61sfd2y2yq363n-patchelf-0.15.2/bin:/nix/store/w88q44gqd1qg5wmkk7v0h97rpiqvam0l-gcc-wrapper-15.3.0/bin:/nix/store/4yxdxw3kppr2pbic95p4mri520rkdag2-gcc-15.3.0/bin:/nix/store/axmdd5wlxg1c9dbblvj09pjhkawqxmqx-glibc-2.42-84-bin/bin:/nix/store/3qgy8q2j64v2m9jy3a5jmssacbblhd4r-coreutils-9.11/bin:/nix/store/rm982p6i9ry7rwq5jn638kdpv0a2331f-binutils-wrapper-2.46/bin:/nix/store/5pa1282x1sasbwhmnah6bny1g9pc2lj1-binutils-2.46/bin:/nix/store/dv55qwamlq68hdiprg1v104ymwh1c27r-cargo-1.97.1/bin:/nix/store/yaa1sq5g4jar7rvlspy7kk2wd98nj6qh-rustc-wrapper-1.97.1/bin:/nix/store/47k26k98v32x56rxiqawdk5qk0r0b6w1-rustfmt-1.97.1/bin:/nix/store/n4c4rzywa0wsfy239bqkgsx8lfhsfmwx-clippy-1.97.1/bin:/nix/store/bvzzl57kpmvzb6aj0v0yc45gvw8ggf2a-go-task-3.53.1/bin:/nix/store/3mkwfy7wnzdngx7nj8nvs60jj2r4gmmc-cargo-audit-0.22.2/bin:/nix/store/7fx93fz9c809w8yjxb0934zw6xcjis58-pkg-config-wrapper-0.29.2/bin:/nix/store/w021fbcg4z6vxihnp6gb6vijyifl051f-clang-wrapper-21.1.8/bin:/nix/store/603yaax3l2jmc0hfv6g3hgjr1qk5jfxk-clang-21.1.8/bin:/nix/store/vs80ag6hsr58wv5fn3nlq8qi32x9hwfi-binutils-wrapper-2.46/bin:/nix/store/06w7nc3znmzbw227ksbcj3kzv2dvnqpd-clang-21.1.8-dev/bin:/nix/store/cfmpcnlljlda8w2y0pw6shpbf7y84nz9-openmpi-5.0.10-dev/bin:/nix/store/b60ygklpk7cznna4bs0dcm6h6ncyh26z-openmpi-5.0.10/bin:/nix/store/b5bpi6zfajzzrwwpgba2q6li3nnya4bs-python3-3.14.7/bin:/nix/store/nsz342365nfvnvyfcjvds75rzw6rx520-nvme-cli-2.16/bin:/nix/store/f7cmpy9nszykh5gfjpxh5ks3pa78nssr-awscli2-2.35.11/bin:/nix/store/lbx1ba84hzgw5ixy47nmzvdmjp8ayqi4-liburing-2.14-bin/bin:/nix/store/wjvj88kk8gv0742k1lwazpxr7lnzgi1a-e2fsprogs-1.47.4-bin/bin:/nix/store/65ql38i4yki6adklv0d83amba6c5cd9i-util-linux-minimal-2.42.2-bin/bin:/nix/store/c4bh8ipd5jwxq44g4m630jswac1bqa6d-xfsprogs-7.1.1-bin/bin:/nix/store/yljbd9wmqsdg89pprp6r7ml0c5a109f7-btrfs-progs-7.1/bin:/nix/store/qhi7wvkfj6k2p38ds1ahc2bldypj5fr0-f2fs-tools-1.16.0/bin:/nix/store/xkwpln569xr659h2vzqv498cm2nvbwx7-exfatprogs-1.4.3/bin:/nix/store/zwv3i1aawb8zmxj029x7lyd0an5q4nj6-util-linux-2.42.2-bin/bin:/nix/store/ync7h8cyhw4nzw2laba4wra6b8mcn9by-compiler-rt-libc-21.1.8/bin:/nix/store/i4kjidyvl8ciwbcwm75g75sriq3knav0-findutils-4.11.0/bin:/nix/store/xw09m9cnc9ayb2j53y2rj8jhm1h7kkxa-diffutils-3.12/bin:/nix/store/4nylac9gazdpsid79qyk0jpqm312b2jx-gnused-4.10/bin:/nix/store/yhr4ps9rdmb55pgqaq246vlh7xfac1dx-gnugrep-3.12/bin:/nix/store/bpy2ps3f0f3gvgvqjwgqriw1j1n840wd-gawk-5.4.1/bin:/nix/store/w2mbg6mcq7k3j088sbwfziy8vsdhyk7v-gnutar-1.35/bin:/nix/store/sd9qcv5s2gxvd6hpp5hk5cixq2bd4jd1-gzip-1.14/bin:/nix/store/622jkvg8hgffly7dca6iif9drvimingx-bzip2-1.0.8-bin/bin:/nix/store/hd36xbvbc0vrn9f9idrfwxznri0ax427-gnumake-4.4.1/bin:/nix/store/9ipfvwnqp1q8ijnmi5sxvlx9r8w34lw3-bash-5.3p15/bin:/nix/store/1rcr9yyj9qlgm3dyin1j37xl7q84h15i-patch-2.8/bin:/nix/store/0fb3jrf20z28598alm6g7rrsw6dz2cqj-xz-5.8.3-bin/bin:/nix/store/xcab8m6wdrd30l10bw3hkz32yiibynzv-file-5.48/bin:/home/justin/.local/share/flatpak/exports/bin:/nix/store/444h3sfs9fk7fi8hif6wgg11rkc24vjd-ghostty-1.3.1/bin'
Per-mount NVMe-oF host identity ENGAGED (KD-MW-3): hostnqn=nqn.2014-08.org.nvmexpress:uuid:cafef1e7-0000-4000-8000-000002518193 hostid=cafef1e7-0000-4000-8000-000002518193 — this mount is its own PR registrant; data-plane connects are daemon-owned from the durable fabric_endpoint: records, and every backing device's ACTUAL controller identity is verified (rule 2).
nvme version 2.16 (git 2.16)
libnvme version 1.16.1 (git 1.16.1)
[2026-09-06T13:56:50Z INFO  squeezefs] data volume 'nvme3n1': daemon-owned controller resolved at /dev/nvme3n1 (record 127.0.0.1:54143:nqn.2026-07.io.squeezefs:devsubtcpmwfleet-oss0, hostnqn=nqn.2014-08.org.nvmexpress:uuid:cafef1e7-0000-4000-8000-000002518193)
nvme version 2.16 (git 2.16)
libnvme version 1.16.1 (git 1.16.1)
[2026-09-06T13:56:51Z INFO  squeezefs] data volume 'nvme4n1': daemon-owned controller resolved at /dev/nvme4n1 (record 127.0.0.1:54143:nqn.2026-07.io.squeezefs:devsubtcpmwfleet-oss1, hostnqn=nqn.2014-08.org.nvmexpress:uuid:cafef1e7-0000-4000-8000-000002518193)
[2026-09-06T13:56:51Z INFO  squeezefs::nvme_dev] data volume /dev/nvme3n1: write_cache=write-through (durability barrier: io_uring Fsync/DATASYNC per device, coalesced)
[2026-09-06T13:56:51Z INFO  squeezefs] writer-scoped staging ENGAGED: client scope w_1c4e7f3e0e89c39d.m29fe5f06 (staging generation "v3:92ec06bcefeb46298c6fe8f3368fc661|v3:c3471a202f6443269966273dd81f3bf1@node:1c4e7f3e0e89c39d.m29fe5f06") — staging keys carry the scope and this client's staging roots are bound to it
[2026-09-06T13:56:51Z INFO  squeezefs::cache::gds] GPU Direct Storage: No discrete GPU environment found. GDS bypassed.
[2026-09-06T13:56:51Z INFO  squeezefs] Registering data volume 'nvme3n1' at path /dev/nvme3n1 (state active)
[2026-09-06T13:56:51Z INFO  squeezefs] Registering data volume 'nvme4n1' at path /dev/nvme4n1 (state active)
[2026-09-06T13:56:51Z INFO  squeezefs::nvme_dev] data volume /dev/nvme4n1: write_cache=write-through (durability barrier: io_uring Fsync/DATASYNC per device, coalesced)
[2026-09-06T13:56:51Z INFO  squeezefs::nvme_dev] NvmeBlockDev /dev/nvme3n1: read submission fan-out armed (16 lanes)
[2026-09-06T13:56:51Z INFO  squeezefs::nvme_dev] NvmeBlockDev /dev/nvme3n1: write submission fan-out armed (16 lanes, 4194304 B affinity grain)
[2026-09-06T13:56:51Z INFO  squeezefs::nvme_dev] NvmeBlockDev /dev/nvme4n1: read submission fan-out armed (16 lanes)
[2026-09-06T13:56:51Z INFO  squeezefs::nvme_dev] NvmeBlockDev /dev/nvme4n1: write submission fan-out armed (16 lanes, 4194304 B affinity grain)
[2026-09-06T13:56:51Z INFO  squeezefs::dlm] fencing: durable writer term 2 adopted (was 0); every token this process mints now dominates every earlier era's (spec §6.7 decision 4)
[2026-09-06T13:56:51Z INFO  squeezefs::meta_backend::kv::backend] meta volume /dev/nvme1n1: writer claim taken (id=2e3adb30-11ee-433b-af91-4976c7c1a8f1, term=2, mode=flock+pr)
[2026-09-06T13:56:51Z INFO  squeezefs::meta_backend::kv::backend] meta volume /dev/nvme2n1: writer claim taken (id=fb6b966a-a082-47d9-a122-fcf2a5da6df7, term=1, mode=flock+pr)
[2026-09-06T13:56:51Z INFO  squeezefs] meta volume /dev/nvme1n1: format=3 ledger_seq=3 replay_entries=0 replay_dropped_torn=0 replay_ms=2 free_extents=4026 next_ino=2 meta_volume_atomicity=cow-checksummed meta_volume_atomicity_physical=atomic4k writer_guard_mode=flock+pr
[2026-09-06T13:56:51Z INFO  squeezefs] meta volume /dev/nvme2n1: format=3 ledger_seq=1 replay_entries=0 replay_dropped_torn=0 replay_ms=6 free_extents=4026 next_ino=2 meta_volume_atomicity=cow-checksummed meta_volume_atomicity_physical=atomic4k writer_guard_mode=flock+pr
[2026-09-06T13:56:51Z INFO  squeezefs::fuse_client] Dynamic reclaim concurrency limit configured: 32
[2026-09-06T13:56:51Z INFO  squeezefs::routing] block-key incarnations engaged (spec §6.2 item 6): era 2, appender 0/1 — persisted block keys now name the lifetime of their device offset
[2026-09-06T13:56:51Z INFO  squeezefs::data_custody] data-plane WERO (rtype 3) acquired on 2 namespace(s), key 0x8c2617195488848a — guarantee class pr: an unregistered (fenced) host's writes are rejected by the device
[2026-09-06T13:56:51Z INFO  squeezefs::routing] durable block-reference ledger is EMPTY — declining to treat it as                  authoritative (an un-backfilled stamp reads every live block as free):                  falling back to the layout walk, which then backfills
[2026-09-06T13:56:51Z INFO  squeezefs] Running block allocator recovery for data volume...
[2026-09-06T13:56:51Z INFO  squeezefs::block_allocator] Recovery scan summary (v3): checked=1, valid_inodes=1, layouts_found=0
[2026-09-06T13:56:51Z INFO  squeezefs] Running block allocator recovery for data volume...
[2026-09-06T13:56:51Z INFO  squeezefs::block_allocator] Recovery scan summary (v3): checked=1, valid_inodes=1, layouts_found=0
[2026-09-06T13:56:51Z INFO  squeezefs] Running block allocator recovery for data volume...
[2026-09-06T13:56:51Z INFO  squeezefs::block_allocator] Recovery scan summary (v3): checked=1, valid_inodes=1, layouts_found=0
[2026-09-06T13:56:51Z INFO  squeezefs] Running block allocator recovery for data volume...
[2026-09-06T13:56:51Z INFO  squeezefs::block_allocator] Recovery scan summary (v3): checked=1, valid_inodes=1, layouts_found=0
[2026-09-06T13:56:51Z WARN  squeezefs::job_wire] job wire: listener 0.0.0.0:41715 is PLAINTEXT TCP (no ClusterSecurityConfig) — sessions are AUTHENTICATED (storage-trust challenge proof + per-frame session MAC, S3 cluster_wire) but not private, so mutating publishes pay mandatory-100 % verify-reads (Issue-30; ≈2× device reads on remote-mutated bytes). Set SQUEEZEFS_JOB_WIRE_CA_KEY (+ optional SQUEEZEFS_JOB_WIRE_CA_CERT) for CA-pinned mTLS + sampled verification, or SQUEEZEFS_JOB_WIRE_BIND to narrow/disable the listener.
[2026-09-06T13:56:51Z INFO  squeezefs::job_wire] job wire: bounds — max 512 concurrent connections, 8192 pre-enrollment frame cap, handshake deadline 10s, challenge freshness 30s
[2026-09-06T13:56:51Z INFO  squeezefs] job wire: endpoint 192.168.86.52:41715 (published via the mount registration)
[2026-09-06T13:56:51Z INFO  squeezefs::free_grace] freed-offset grace period armed (spec §6.8 item 3): a terminally-freed offset is not reallocatable until every live reader has acknowledged passing it. Grace bound 76.045s (under space pressure 38.0225s), ring cap 3599020 offsets per volume — past the bound a laggard is FENCED, not waited on
[2026-09-06T13:56:51Z INFO  squeezefs::membership] membership owner '67ce05f9-79db-4da9-ae3a-5fb7ec885de7' armed in term 2 (was 0): lease TTL 45s, member deadline T_self 42.955s, renewal cadence 10s, grace 45s — liveness is RAM state renewed over cluster_wire and costs ZERO journal transactions (DLM S6, spec §6.5 item 3)
[2026-09-06T13:56:51Z INFO  squeezefs::cluster_wire] cluster wire: listener 0.0.0.0:39473 (plaintext) — thread-per-connection, max 512 connections, 8192 B pre-authn frame cap, handshake deadline 10s, challenge freshness 30s; every admitted frame carries a session MAC derived from the shared volume's job:enroll secret
[2026-09-06T13:56:51Z INFO  squeezefs::membership_wire] membership plane listening on 0.0.0.0:39473 (owner '67ce05f9-79db-4da9-ae3a-5fb7ec885de7', term 2) — liveness for every member is RAM state renewed over this wire, so a beat costs ZERO journal transactions (DLM S6)
[2026-09-06T13:56:51Z INFO  squeezefs::membership] claim set on /dev/nvme1n1: writer 'node_1c4e7f3e0e89c39d.m29fe5f06' is a durable member in term 2 (1 member(s),          registrant key 0x8c2617195488848a) — §6.2 item 7
[2026-09-06T13:56:51Z INFO  squeezefs::membership] claim set on /dev/nvme2n1: writer 'node_1c4e7f3e0e89c39d.m29fe5f06' is a durable member in term 2 (1 member(s),          registrant key 0x8c2617195488848a) — §6.2 item 7
[2026-09-06T13:56:51Z INFO  squeezefs::membership] membership OWNER armed on 192.168.86.52:39473 (id '67ce05f9-79db-4da9-ae3a-5fb7ec885de7', term 2, superseding 0): members hold RAM leases renewed over cluster_wire, so liveness costs ZERO journal transactions and `squeezefs clients` reads ONE record plus a paged census instead of one getxattr per client (DLM S6, spec §6.5 item 3)
[2026-09-06T13:56:51Z INFO  squeezefs::data_custody] data-plane WERO: joining the standing hold on 2 namespace(s) (key 0x8c2617195488848a) — a second reservation would conflict at the device
[2026-09-06T13:56:51Z INFO  squeezefs::data_grant] write-custody authority 'mw-a9112225-6d8c-43db-8856-895e713adf48' armed in era 2 (superseding 0): client lease TTL 45s, member deadline T_self 42.955s, renewal cadence 10s, grace 45s. Only CUSTODY travels here — a co-writer's bytes go straight to the device (DLM S9, spec §6.9)
[2026-09-06T13:56:51Z WARN  squeezefs::data_grant] S9: custody authority 'mw-a9112225-6d8c-43db-8856-895e713adf48' runs era 2 with a 1-way data-plane allocation partition (0 enrolled co-writer lane(s); this node is lane 0). Every member's lane travels on its lease — no knob can put two writers in one residue class
[2026-09-06T13:56:51Z INFO  squeezefs::cluster_wire] cluster wire: listener 0.0.0.0:45999 (plaintext) — thread-per-connection, max 512 connections, 8192 B pre-authn frame cap, handshake deadline 10s, challenge freshness 30s; every admitted frame carries a session MAC derived from the shared volume's job:enroll secret
[2026-09-06T13:56:51Z WARN  squeezefs::meta_ship::owners] metadata function shipping ARMED (DLM S8): 2 of 2 volumes owned locally, 0 shipped to 0 peer(s) []; 65536 slots home locally. Metadata verbs on a foreign volume now travel to its owner; the DATA plane still refuses foreign-home custody loud (S9 ships that half)
[2026-09-06T13:56:51Z WARN  squeezefs::multi_writer] MULTI-WRITER ARMED (DLM S9) on 192.168.86.52:45999: era 2, custody authority 'mw-a9112225-6d8c-43db-8856-895e713adf48', data-plane fence class pr, 0 of 2 metadata volume(s) owned elsewhere. Peers may now acquire write custody here and DMA directly to the shared namespaces — only custody travels, never data (spec §6.9 S9)
Mounting Squeezefs at "/mnt/sqz-mwfleet/m0"...
[2026-09-06T13:56:51Z INFO  squeezefs::fuse_client] Kernel cache TTLs for this mount: attr 1s, entry 1s, dir-entry 1s, negative 1s
[2026-09-06T13:56:51Z INFO  squeezefs::fuse_client] Transport payload-buffer cap: 10544 MiB (memory budget 84352 MiB)
[2026-09-06T13:56:51Z WARN  squeezefs::ipc_host] SQUEEZEFS_IPC_ALLOW_DEV is set — the KD-7 build-commit skew gate is RELAXED for this mount (degenerate `unknown`/`-dirty` identities will be admitted, counted in ipc_binds_dev_override). Dev boxes only: a mismatched daemon/shim pair is undefined behavior.
[2026-09-06T13:56:51Z INFO  squeezefs::ipc_host] ipc host: path ctl socket at /run/squeezefs/sqz-il0-2518819-b5a900a9.sock
[2026-09-06T13:56:51Z INFO  squeezefs::fuse_client] IPC session host armed (socket sqz-il0-2518819-b5a900a9, session shm cap 10544 MiB)
[2026-09-06T13:56:51Z INFO  squeezefs::fuse_client] SqueezeFS version 1.2.1 (0723b3ea38c0 / 0723b3ea38c01eac6d2a2c1e20dc17cf63343631) built 1980-01-01T00:00:00Z profile release initializing mount
[2026-09-06T13:56:51Z INFO  squeezefs::fuse_client] FUSE Daemon: Mounting squeezefs at "/mnt/sqz-mwfleet/m0"...
[2026-09-06T13:56:51Z INFO  squeezefs::fuse_client] FUSE Daemon: Metadata connection active.
[2026-09-06T13:56:51Z INFO  squeezefs::fuse_client] device-overlay armed: transport streaming holds enabled (SQUEEZEFS_DEVICE_OVERLAY)
[92mOK[0m Squeezefs is ready at "/mnt/sqz-mwfleet/m0"
[2026-09-06T13:56:51Z INFO  squeezefs::fuse_client] IPC session host: mount st_dev resolved (60)
[2026-09-06T13:56:51Z INFO  squeezefs::fuse_client] FUSE Daemon: Initialized Squeezefs Filesystem mount (version 1.2.1 (0723b3ea38c0 / 0723b3ea38c01eac6d2a2c1e20dc17cf63343631) built 1980-01-01T00:00:00Z profile release).
squeezefs: mount ready (version 1.2.1 (0723b3ea38c0 / 0723b3ea38c01eac6d2a2c1e20dc17cf63343631) built 1980-01-01T00:00:00Z profile release, exe hint: rebuild target/release and reinstall)
[2026-09-06T13:56:51Z INFO  squeezefs::fuse_client] FUSE kernel protocol 7.45 (init flags 0x400007ff73fffffb): FOPEN_NOFLUSH advertised + honored on non-writeback opens (kernel ≥ 7.35) (D2.a; under writeback cache the elision switch is the clean-FLUSH ENOSYS latch — uapi: NOFLUSH applies 'unless FUSE_WRITEBACK_CACHE'); UNKNOWN init capability bits 0x4000040000000000 advertised — investigate whether an atomic-open-class capability is among them (D2.d adoption follow-up)
squeezefs: FUSE kernel 7.45 — FOPEN_NOFLUSH advertised (wb-cache elision = clean-FLUSH ENOSYS latch); UNKNOWN init capability bits 0x4000040000000000 advertised — investigate whether an atomic-open-class capability is among them (D2.d adoption follow-up)
[2026-09-06T13:56:51Z INFO  squeezefs::fuse_client] FUSE_HANDLE_KILLPRIV_V2 negotiated (kernel killpriv probe deleted; daemon owns suid/sgid/caps clearing) for this mount
[2026-09-06T13:56:51Z INFO  fuse3::raw::connection::fuse_over_uring] fuse-over-uring queue-ring setup probe: SINGLE_ISSUER+DEFER_TASKRUN available
FUSE-over-io_uring registered: queues=32 depth=32 payload_sz=1048576 max_write=1048576 max_pages=256 buffers=kmbuf-bufring+zero-copy+retention kmbuf_ops=38/39 (7.1-sqz) fd=145 sqpoll=off drain_groups=32(width<=1)
[2026-09-06T13:56:51Z INFO  fuse3::raw::connection::fuse_over_uring] FUSE-over-io_uring registered: queues=32 depth=32 payload_sz=1048576 max_write=1048576 max_pages=256 buffers=kmbuf-bufring+zero-copy+retention kmbuf_ops=38/39 (7.1-sqz) fd=145 sqpoll=off drain_groups=32(width<=1)
FUSE-over-io_uring session path armed (ready=true, queues=32)
FUSE-over-io_uring transport armed for this session
[2026-09-06T13:56:51Z INFO  fuse3::raw::session] FUSE-over-io_uring transport armed for this session
FUSE-over-io_uring: classical sideband servicer armed (primary session; FORGET/INTERRUPT/resend + switchover stragglers)
[SIG] Received SIGTERM (or signal watcher exited); shutting down.
[SIG] Shutdown resolved. Running shutdown logic...
[2026-09-06T13:56:52Z INFO  squeezefs::fuse_client] Received shutdown signal. Force flushing memory buffers to staging...
[2026-09-06T13:56:52Z INFO  squeezefs::fuse_client] FUSE Daemon: Force flushing all in-memory write buffers to local NVMe staging...
[2026-09-06T13:56:52Z INFO  squeezefs::fuse_client] FUSE Daemon: All in-memory write buffers flushed to local NVMe staging.
[2026-09-06T13:56:52Z INFO  squeezefs::fuse_client] FUSE Daemon: Destroying mount. Force flushing all staged and memory data...
[2026-09-06T13:56:52Z INFO  squeezefs::fuse_client] FUSE Daemon: Force flushing all in-memory write buffers to local NVMe staging...
[2026-09-06T13:56:52Z INFO  squeezefs::fuse_client] FUSE Daemon: All in-memory write buffers flushed to local NVMe staging.
[2026-09-06T13:56:52Z INFO  squeezefs::fuse_client] FUSE Daemon: Force flushing all staged active blocks to NVMe-oF backend...
[2026-09-06T13:56:52Z INFO  squeezefs::fuse_client] FUSE Daemon: No staged active blocks to flush.
[2026-09-06T13:56:52Z INFO  squeezefs::fuse_client] FUSE Daemon: Dismount clean. All write staged blocks successfully flushed to backend.
[2026-09-06T13:56:52Z INFO  fuse3::raw::connection::fuse_over_uring] fuse-over-uring watch: /dev/fuse revents=0x8 (abort/unmount); shutting down
[2026-09-06T13:56:52Z INFO  fuse3::raw::connection::fuse_over_uring] FUSE-over-io_uring shutting down (fd=145)
[2026-09-06T13:56:52Z INFO  fuse3::raw::connection::fuse_over_uring] fuse-over-uring qid=0 ent=0: disconnect CQE err=107; shutting down
[2026-09-06T13:56:52Z INFO  squeezefs::fuse_client] Cleanly unmounted filesystem on exit.
[2026-09-06T13:56:52Z WARN  squeezefs::meta_ship::owners] metadata function shipping DISARMED (DLM S8): solo authority restored
[2026-09-06T13:56:52Z WARN  squeezefs::multi_writer] multi-writer DISARMED: solo authority restored, no custody is granted to peers, and the data-namespace WERO hold is released
[2026-09-06T13:56:52Z WARN  squeezefs::membership] membership: could not withdraw writer 'node_1c4e7f3e0e89c39d.m29fe5f06' from the claim set on                          /dev/nvme1n1: I/O error: meta volume /dev/nvme1n1: volume is shutting down (a stale member entry classifies by its own liveness, so                          this is honest residue rather than a lie)
[2026-09-06T13:56:52Z WARN  squeezefs::membership] membership: could not remove the rendezvous record from /dev/nvme1n1: I/O error: meta volume /dev/nvme1n1: volume is shutting down (a stale record names an endpoint that no longer answers, which the next reader detects on its first renewal)
[2026-09-06T13:56:52Z WARN  squeezefs::membership] membership: could not withdraw writer 'node_1c4e7f3e0e89c39d.m29fe5f06' from the claim set on                          /dev/nvme2n1: I/O error: meta volume /dev/nvme2n1: volume is shutting down (a stale member entry classifies by its own liveness, so                          this is honest residue rather than a lie)
[2026-09-06T13:56:52Z WARN  squeezefs::membership] membership: could not remove the rendezvous record from /dev/nvme2n1: I/O error: meta volume /dev/nvme2n1: volume is shutting down (a stale record names an endpoint that no longer answers, which the next reader detects on its first renewal)
SqueezeFS version 1.2.1 (0723b3ea38c0 / 0723b3ea38c01eac6d2a2c1e20dc17cf63343631) built 1980-01-01T00:00:00Z profile release
======================================================================
  Mount Configuration Summary
----------------------------------------------------------------------
  Volume Name:         squeezefs
  Capacity:            64.00 GiB
  Block Size:          4.00 MiB
  Compression:         none
  Encryption:          none
----------------------------------------------------------------------
Metadata Volumes:
  - [enabled] /dev/nvme1n1 (health: 1000)
  - [enabled] /dev/nvme2n1 (health: 1000)
Data Volumes:
  - [enabled] /dev/nvme3n1 (health: 1000)
  - [enabled] /dev/nvme4n1 (health: 1000)
----------------------------------------------------------------------
Cache/Staging:
  Memory Cache Size:   1GB
  Disk Cache Size:     10GB
  Staging Paths:       none (cache-less)
----------------------------------------------------------------------
Mount Options:
  Mountpoint:          "/mnt/sqz-mwfleet/m0"
  Writeback Cache:     enabled
  Allow Other:         enabled
======================================================================
[2026-09-06T13:56:53Z INFO  squeezefs] root subprocess PATH sanitized (VAL-7i): dropped relative/empty/group-or-world-writable entries; using '/run/wrappers/bin:/run/current-system/sw/bin:/nix/store/7a60q5dgnv6z96c279rc1nalyiw4mgqn-bash-interactive-5.3p15/bin:/nix/store/fpig164lz7fcipbndn61sfd2y2yq363n-patchelf-0.15.2/bin:/nix/store/w88q44gqd1qg5wmkk7v0h97rpiqvam0l-gcc-wrapper-15.3.0/bin:/nix/store/4yxdxw3kppr2pbic95p4mri520rkdag2-gcc-15.3.0/bin:/nix/store/axmdd5wlxg1c9dbblvj09pjhkawqxmqx-glibc-2.42-84-bin/bin:/nix/store/3qgy8q2j64v2m9jy3a5jmssacbblhd4r-coreutils-9.11/bin:/nix/store/rm982p6i9ry7rwq5jn638kdpv0a2331f-binutils-wrapper-2.46/bin:/nix/store/5pa1282x1sasbwhmnah6bny1g9pc2lj1-binutils-2.46/bin:/nix/store/dv55qwamlq68hdiprg1v104ymwh1c27r-cargo-1.97.1/bin:/nix/store/yaa1sq5g4jar7rvlspy7kk2wd98nj6qh-rustc-wrapper-1.97.1/bin:/nix/store/47k26k98v32x56rxiqawdk5qk0r0b6w1-rustfmt-1.97.1/bin:/nix/store/n4c4rzywa0wsfy239bqkgsx8lfhsfmwx-clippy-1.97.1/bin:/nix/store/bvzzl57kpmvzb6aj0v0yc45gvw8ggf2a-go-task-3.53.1/bin:/nix/store/3mkwfy7wnzdngx7nj8nvs60jj2r4gmmc-cargo-audit-0.22.2/bin:/nix/store/7fx93fz9c809w8yjxb0934zw6xcjis58-pkg-config-wrapper-0.29.2/bin:/nix/store/w021fbcg4z6vxihnp6gb6vijyifl051f-clang-wrapper-21.1.8/bin:/nix/store/603yaax3l2jmc0hfv6g3hgjr1qk5jfxk-clang-21.1.8/bin:/nix/store/vs80ag6hsr58wv5fn3nlq8qi32x9hwfi-binutils-wrapper-2.46/bin:/nix/store/06w7nc3znmzbw227ksbcj3kzv2dvnqpd-clang-21.1.8-dev/bin:/nix/store/cfmpcnlljlda8w2y0pw6shpbf7y84nz9-openmpi-5.0.10-dev/bin:/nix/store/b60ygklpk7cznna4bs0dcm6h6ncyh26z-openmpi-5.0.10/bin:/nix/store/b5bpi6zfajzzrwwpgba2q6li3nnya4bs-python3-3.14.7/bin:/nix/store/nsz342365nfvnvyfcjvds75rzw6rx520-nvme-cli-2.16/bin:/nix/store/f7cmpy9nszykh5gfjpxh5ks3pa78nssr-awscli2-2.35.11/bin:/nix/store/lbx1ba84hzgw5ixy47nmzvdmjp8ayqi4-liburing-2.14-bin/bin:/nix/store/wjvj88kk8gv0742k1lwazpxr7lnzgi1a-e2fsprogs-1.47.4-bin/bin:/nix/store/65ql38i4yki6adklv0d83amba6c5cd9i-util-linux-minimal-2.42.2-bin/bin:/nix/store/c4bh8ipd5jwxq44g4m630jswac1bqa6d-xfsprogs-7.1.1-bin/bin:/nix/store/yljbd9wmqsdg89pprp6r7ml0c5a109f7-btrfs-progs-7.1/bin:/nix/store/qhi7wvkfj6k2p38ds1ahc2bldypj5fr0-f2fs-tools-1.16.0/bin:/nix/store/xkwpln569xr659h2vzqv498cm2nvbwx7-exfatprogs-1.4.3/bin:/nix/store/zwv3i1aawb8zmxj029x7lyd0an5q4nj6-util-linux-2.42.2-bin/bin:/nix/store/ync7h8cyhw4nzw2laba4wra6b8mcn9by-compiler-rt-libc-21.1.8/bin:/nix/store/i4kjidyvl8ciwbcwm75g75sriq3knav0-findutils-4.11.0/bin:/nix/store/xw09m9cnc9ayb2j53y2rj8jhm1h7kkxa-diffutils-3.12/bin:/nix/store/4nylac9gazdpsid79qyk0jpqm312b2jx-gnused-4.10/bin:/nix/store/yhr4ps9rdmb55pgqaq246vlh7xfac1dx-gnugrep-3.12/bin:/nix/store/bpy2ps3f0f3gvgvqjwgqriw1j1n840wd-gawk-5.4.1/bin:/nix/store/w2mbg6mcq7k3j088sbwfziy8vsdhyk7v-gnutar-1.35/bin:/nix/store/sd9qcv5s2gxvd6hpp5hk5cixq2bd4jd1-gzip-1.14/bin:/nix/store/622jkvg8hgffly7dca6iif9drvimingx-bzip2-1.0.8-bin/bin:/nix/store/hd36xbvbc0vrn9f9idrfwxznri0ax427-gnumake-4.4.1/bin:/nix/store/9ipfvwnqp1q8ijnmi5sxvlx9r8w34lw3-bash-5.3p15/bin:/nix/store/1rcr9yyj9qlgm3dyin1j37xl7q84h15i-patch-2.8/bin:/nix/store/0fb3jrf20z28598alm6g7rrsw6dz2cqj-xz-5.8.3-bin/bin:/nix/store/xcab8m6wdrd30l10bw3hkz32yiibynzv-file-5.48/bin:/home/justin/.local/share/flatpak/exports/bin:/nix/store/444h3sfs9fk7fi8hif6wgg11rkc24vjd-ghostty-1.3.1/bin'
Per-mount NVMe-oF host identity ENGAGED (KD-MW-3): hostnqn=nqn.2014-08.org.nvmexpress:uuid:cafef1e7-0000-4000-8000-000002518193 hostid=cafef1e7-0000-4000-8000-000002518193 — this mount is its own PR registrant; data-plane connects are daemon-owned from the durable fabric_endpoint: records, and every backing device's ACTUAL controller identity is verified (rule 2).
[2026-09-06T13:56:53Z INFO  squeezefs] data volume 'nvme3n1': daemon-owned controller resolved at /dev/nvme3n1 (record 127.0.0.1:54143:nqn.2026-07.io.squeezefs:devsubtcpmwfleet-oss0, hostnqn=nqn.2014-08.org.nvmexpress:uuid:cafef1e7-0000-4000-8000-000002518193)
[2026-09-06T13:56:53Z INFO  squeezefs] data volume 'nvme4n1': daemon-owned controller resolved at /dev/nvme4n1 (record 127.0.0.1:54143:nqn.2026-07.io.squeezefs:devsubtcpmwfleet-oss1, hostnqn=nqn.2014-08.org.nvmexpress:uuid:cafef1e7-0000-4000-8000-000002518193)
[2026-09-06T13:56:53Z INFO  squeezefs::nvme_dev] data volume /dev/nvme3n1: write_cache=write-through (durability barrier: io_uring Fsync/DATASYNC per device, coalesced)
[2026-09-06T13:56:53Z INFO  squeezefs] writer-scoped staging ENGAGED: client scope w_1c4e7f3e0e89c39d.m29fe5f06 (staging generation "v3:92ec06bcefeb46298c6fe8f3368fc661|v3:c3471a202f6443269966273dd81f3bf1@node:1c4e7f3e0e89c39d.m29fe5f06") — staging keys carry the scope and this client's staging roots are bound to it
[2026-09-06T13:56:53Z INFO  squeezefs::cache::gds] GPU Direct Storage: No discrete GPU environment found. GDS bypassed.
[2026-09-06T13:56:53Z INFO  squeezefs] Registering data volume 'nvme3n1' at path /dev/nvme3n1 (state active)
[2026-09-06T13:56:53Z INFO  squeezefs] Registering data volume 'nvme4n1' at path /dev/nvme4n1 (state active)
[2026-09-06T13:56:53Z INFO  squeezefs::nvme_dev] data volume /dev/nvme4n1: write_cache=write-through (durability barrier: io_uring Fsync/DATASYNC per device, coalesced)
[2026-09-06T13:56:53Z INFO  squeezefs::nvme_dev] NvmeBlockDev /dev/nvme3n1: read submission fan-out armed (16 lanes)
[2026-09-06T13:56:53Z INFO  squeezefs::nvme_dev] NvmeBlockDev /dev/nvme3n1: write submission fan-out armed (16 lanes, 4194304 B affinity grain)
[2026-09-06T13:56:53Z INFO  squeezefs::nvme_dev] NvmeBlockDev /dev/nvme4n1: read submission fan-out armed (16 lanes)
[2026-09-06T13:56:53Z INFO  squeezefs::nvme_dev] NvmeBlockDev /dev/nvme4n1: write submission fan-out armed (16 lanes, 4194304 B affinity grain)
[2026-09-06T13:56:53Z INFO  squeezefs::dlm] fencing: durable writer term 3 adopted (was 0); every token this process mints now dominates every earlier era's (spec §6.7 decision 4)
[2026-09-06T13:56:53Z INFO  squeezefs::meta_backend::kv::backend] meta volume /dev/nvme1n1: writer claim taken (id=14fc17a8-a6bf-4d3d-8674-fec0b1b0982e, term=3, mode=flock+pr)
[2026-09-06T13:56:53Z INFO  squeezefs::meta_backend::kv::backend] meta volume /dev/nvme2n1: writer claim taken (id=d327c6fe-11e2-4919-ac39-8cae01165bbc, term=3, mode=flock+pr)
[2026-09-06T13:56:53Z INFO  squeezefs] meta volume /dev/nvme1n1: format=3 ledger_seq=6 replay_entries=0 replay_dropped_torn=0 replay_ms=2 free_extents=4026 next_ino=2 meta_volume_atomicity=cow-checksummed meta_volume_atomicity_physical=atomic4k writer_guard_mode=flock+pr
[2026-09-06T13:56:53Z INFO  squeezefs] meta volume /dev/nvme2n1: format=3 ledger_seq=4 replay_entries=0 replay_dropped_torn=0 replay_ms=8 free_extents=4026 next_ino=2 meta_volume_atomicity=cow-checksummed meta_volume_atomicity_physical=atomic4k writer_guard_mode=flock+pr
[2026-09-06T13:56:53Z INFO  squeezefs::fuse_client] Dynamic reclaim concurrency limit configured: 32
[2026-09-06T13:56:53Z INFO  squeezefs::routing] block-key incarnations engaged (spec §6.2 item 6): era 3, appender 0/1 — persisted block keys now name the lifetime of their device offset
[2026-09-06T13:56:53Z INFO  squeezefs::data_custody] data-plane WERO (rtype 3) acquired on 2 namespace(s), key 0x43bb4a781d8552a2 — guarantee class pr: an unregistered (fenced) host's writes are rejected by the device
[2026-09-06T13:56:53Z INFO  squeezefs::routing] durable block-reference ledger is EMPTY — declining to treat it as                  authoritative (an un-backfilled stamp reads every live block as free):                  falling back to the layout walk, which then backfills
[2026-09-06T13:56:53Z INFO  squeezefs] Running block allocator recovery for data volume...
[2026-09-06T13:56:53Z INFO  squeezefs::block_allocator] Recovery scan summary (v3): checked=1, valid_inodes=1, layouts_found=0
[2026-09-06T13:56:53Z INFO  squeezefs] Running block allocator recovery for data volume...
[2026-09-06T13:56:53Z INFO  squeezefs::block_allocator] Recovery scan summary (v3): checked=1, valid_inodes=1, layouts_found=0
[2026-09-06T13:56:53Z INFO  squeezefs] Running block allocator recovery for data volume...
[2026-09-06T13:56:53Z INFO  squeezefs::block_allocator] Recovery scan summary (v3): checked=1, valid_inodes=1, layouts_found=0
[2026-09-06T13:56:53Z INFO  squeezefs] Running block allocator recovery for data volume...
[2026-09-06T13:56:53Z INFO  squeezefs::block_allocator] Recovery scan summary (v3): checked=1, valid_inodes=1, layouts_found=0
[2026-09-06T13:56:53Z WARN  squeezefs::job_wire] job wire: listener 0.0.0.0:33969 is PLAINTEXT TCP (no ClusterSecurityConfig) — sessions are AUTHENTICATED (storage-trust challenge proof + per-frame session MAC, S3 cluster_wire) but not private, so mutating publishes pay mandatory-100 % verify-reads (Issue-30; ≈2× device reads on remote-mutated bytes). Set SQUEEZEFS_JOB_WIRE_CA_KEY (+ optional SQUEEZEFS_JOB_WIRE_CA_CERT) for CA-pinned mTLS + sampled verification, or SQUEEZEFS_JOB_WIRE_BIND to narrow/disable the listener.
[2026-09-06T13:56:53Z INFO  squeezefs::job_wire] job wire: bounds — max 512 concurrent connections, 8192 pre-enrollment frame cap, handshake deadline 10s, challenge freshness 30s
[2026-09-06T13:56:53Z INFO  squeezefs] job wire: endpoint 192.168.86.52:33969 (published via the mount registration)
[2026-09-06T13:56:53Z INFO  squeezefs::free_grace] freed-offset grace period armed (spec §6.8 item 3): a terminally-freed offset is not reallocatable until every live reader has acknowledged passing it. Grace bound 76.045s (under space pressure 38.0225s), ring cap 3599020 offsets per volume — past the bound a laggard is FENCED, not waited on
[2026-09-06T13:56:53Z INFO  squeezefs::membership] membership owner 'e1c6ea16-cd11-4f24-977a-f8e62fd81cdb' armed in term 3 (was 2): lease TTL 45s, member deadline T_self 42.955s, renewal cadence 10s, grace 45s — liveness is RAM state renewed over cluster_wire and costs ZERO journal transactions (DLM S6, spec §6.5 item 3)
[2026-09-06T13:56:53Z INFO  squeezefs::cluster_wire] cluster wire: listener 0.0.0.0:37035 (plaintext) — thread-per-connection, max 512 connections, 8192 B pre-authn frame cap, handshake deadline 10s, challenge freshness 30s; every admitted frame carries a session MAC derived from the shared volume's job:enroll secret
[2026-09-06T13:56:53Z INFO  squeezefs::membership_wire] membership plane listening on 0.0.0.0:37035 (owner 'e1c6ea16-cd11-4f24-977a-f8e62fd81cdb', term 3) — liveness for every member is RAM state renewed over this wire, so a beat costs ZERO journal transactions (DLM S6)
[2026-09-06T13:56:53Z INFO  squeezefs::membership] claim set on /dev/nvme1n1: writer 'node_1c4e7f3e0e89c39d.m29fe5f06' is a durable member in term 3 (1 member(s),          registrant key 0x43bb4a781d8552a2) — §6.2 item 7
[2026-09-06T13:56:53Z INFO  squeezefs::membership] claim set on /dev/nvme2n1: writer 'node_1c4e7f3e0e89c39d.m29fe5f06' is a durable member in term 3 (1 member(s),          registrant key 0x43bb4a781d8552a2) — §6.2 item 7
[2026-09-06T13:56:53Z INFO  squeezefs::membership] membership OWNER armed on 192.168.86.52:37035 (id 'e1c6ea16-cd11-4f24-977a-f8e62fd81cdb', term 3, superseding 2): members hold RAM leases renewed over cluster_wire, so liveness costs ZERO journal transactions and `squeezefs clients` reads ONE record plus a paged census instead of one getxattr per client (DLM S6, spec §6.5 item 3)
[2026-09-06T13:56:53Z INFO  squeezefs::data_custody] data-plane WERO: joining the standing hold on 2 namespace(s) (key 0x43bb4a781d8552a2) — a second reservation would conflict at the device
[2026-09-06T13:56:53Z INFO  squeezefs::membership] claim set on /dev/nvme1n1: writer 'node_1c4e7f3e0e89c39d.mf7b0c116' is a durable member in term 3 (2 member(s),          registrant key 0x0) — §6.2 item 7
[2026-09-06T13:56:53Z INFO  squeezefs::membership] claim set on /dev/nvme2n1: writer 'node_1c4e7f3e0e89c39d.mf7b0c116' is a durable member in term 3 (2 member(s),          registrant key 0x0) — §6.2 item 7
[2026-09-06T13:56:53Z INFO  squeezefs::membership] claim set on /dev/nvme1n1: writer 'node_1c4e7f3e0e89c39d.ma806466d' is a durable member in term 3 (3 member(s),          registrant key 0x0) — §6.2 item 7
[2026-09-06T13:56:53Z INFO  squeezefs::membership] claim set on /dev/nvme2n1: writer 'node_1c4e7f3e0e89c39d.ma806466d' is a durable member in term 3 (3 member(s),          registrant key 0x0) — §6.2 item 7
[2026-09-06T13:56:53Z INFO  squeezefs::membership] claim set on /dev/nvme1n1: writer 'node_1c4e7f3e0e89c39d.m54faa3bc' is a durable member in term 3 (4 member(s),          registrant key 0x0) — §6.2 item 7
[2026-09-06T13:56:53Z INFO  squeezefs::membership] claim set on /dev/nvme2n1: writer 'node_1c4e7f3e0e89c39d.m54faa3bc' is a durable member in term 3 (4 member(s),          registrant key 0x0) — §6.2 item 7
[2026-09-06T13:56:53Z INFO  squeezefs::membership] claim set on /dev/nvme1n1: writer 'node_1c4e7f3e0e89c39d.m7bf543d7' is a durable member in term 3 (5 member(s),          registrant key 0x0) — §6.2 item 7
[2026-09-06T13:56:53Z INFO  squeezefs::membership] claim set on /dev/nvme2n1: writer 'node_1c4e7f3e0e89c39d.m7bf543d7' is a durable member in term 3 (5 member(s),          registrant key 0x0) — §6.2 item 7
[2026-09-06T13:56:53Z INFO  squeezefs::membership] claim set on /dev/nvme1n1: writer 'node_1c4e7f3e0e89c39d.mdbd026ea' is a durable member in term 3 (6 member(s),          registrant key 0x0) — §6.2 item 7
[2026-09-06T13:56:53Z INFO  squeezefs::membership] claim set on /dev/nvme2n1: writer 'node_1c4e7f3e0e89c39d.mdbd026ea' is a durable member in term 3 (6 member(s),          registrant key 0x0) — §6.2 item 7
[2026-09-06T13:56:53Z INFO  squeezefs::membership] claim set on /dev/nvme1n1: writer 'node_1c4e7f3e0e89c39d.m88c05c68' is a durable member in term 3 (7 member(s),          registrant key 0x0) — §6.2 item 7
[2026-09-06T13:56:53Z INFO  squeezefs::membership] claim set on /dev/nvme2n1: writer 'node_1c4e7f3e0e89c39d.m88c05c68' is a durable member in term 3 (7 member(s),          registrant key 0x0) — §6.2 item 7
[2026-09-06T13:56:53Z INFO  squeezefs::membership] claim set on /dev/nvme1n1: writer 'node_1c4e7f3e0e89c39d.m2ca15b23' is a durable member in term 3 (8 member(s),          registrant key 0x0) — §6.2 item 7
[2026-09-06T13:56:53Z INFO  squeezefs::membership] claim set on /dev/nvme2n1: writer 'node_1c4e7f3e0e89c39d.m2ca15b23' is a durable member in term 3 (8 member(s),          registrant key 0x0) — §6.2 item 7
[2026-09-06T13:56:53Z INFO  squeezefs::membership] claim set on /dev/nvme1n1: writer 'node_1c4e7f3e0e89c39d.mcf8ed29a' is a durable member in term 3 (9 member(s),          registrant key 0x0) — §6.2 item 7
[2026-09-06T13:56:53Z INFO  squeezefs::membership] claim set on /dev/nvme2n1: writer 'node_1c4e7f3e0e89c39d.mcf8ed29a' is a durable member in term 3 (9 member(s),          registrant key 0x0) — §6.2 item 7
[2026-09-06T13:56:53Z WARN  squeezefs::cowriter] claim set: 16 durable co-writer enrollment(s) committed for ["node_1c4e7f3e0e89c39d.mf7b0c116", "node_1c4e7f3e0e89c39d.ma806466d", "node_1c4e7f3e0e89c39d.m54faa3bc", "node_1c4e7f3e0e89c39d.m7bf543d7", "node_1c4e7f3e0e89c39d.mdbd026ea", "node_1c4e7f3e0e89c39d.m88c05c68", "node_1c4e7f3e0e89c39d.m2ca15b23", "node_1c4e7f3e0e89c39d.mcf8ed29a"] in term 3 — each named node may now be ADMITTED as a co-writer of this set (§6.2 item 7; the authority is the only writer of this record)
[2026-09-06T13:56:53Z WARN  squeezefs::multi_writer] multi-writer: 16 durable co-writer enrollment(s) committed for ["node_1c4e7f3e0e89c39d.mf7b0c116", "node_1c4e7f3e0e89c39d.ma806466d", "node_1c4e7f3e0e89c39d.m54faa3bc", "node_1c4e7f3e0e89c39d.m7bf543d7", "node_1c4e7f3e0e89c39d.mdbd026ea", "node_1c4e7f3e0e89c39d.m88c05c68", "node_1c4e7f3e0e89c39d.m2ca15b23", "node_1c4e7f3e0e89c39d.mcf8ed29a"] in era 3 — each named node may now pass admission rung 3
[2026-09-06T13:56:53Z INFO  squeezefs::data_grant] write-custody authority 'mw-12a46e46-6459-4a12-a3e0-3ac5bd111e7e' armed in era 3 (superseding 0): client lease TTL 45s, member deadline T_self 42.955s, renewal cadence 10s, grace 45s. Only CUSTODY travels here — a co-writer's bytes go straight to the device (DLM S9, spec §6.9)
[2026-09-06T13:56:53Z WARN  squeezefs::data_grant] S9: custody authority 'mw-12a46e46-6459-4a12-a3e0-3ac5bd111e7e' runs era 3 with a 16-way data-plane allocation partition (15 enrolled co-writer lane(s); this node is lane 0). Every member's lane travels on its lease — no knob can put two writers in one residue class
[2026-09-06T13:56:53Z INFO  squeezefs::block_allocator] data-plane allocation partition engaged on volume 'nvme3n1': lane 0 of 16, reservation grain 64 blocks, 7680 block(s) of this device belong to other lanes (alloc_lane_stranded_bytes)
[2026-09-06T13:56:53Z WARN  squeezefs::alloc_lane_grant] data-plane allocation lane ENGAGED on volume 'nvme3n1': lane 0 of 16, resuming at block 0 (floor from this mount's own ownership recovery). Fresh allocation is this mount's residue class; frees stay lane-blind
[2026-09-06T13:56:53Z INFO  squeezefs::block_allocator] data-plane allocation partition engaged on volume 'nvme4n1': lane 0 of 16, reservation grain 64 blocks, 7680 block(s) of this device belong to other lanes (alloc_lane_stranded_bytes)
[2026-09-06T13:56:53Z WARN  squeezefs::alloc_lane_grant] data-plane allocation lane ENGAGED on volume 'nvme4n1': lane 0 of 16, resuming at block 0 (floor from this mount's own ownership recovery). Fresh allocation is this mount's residue class; frees stay lane-blind
[2026-09-06T13:56:53Z WARN  squeezefs::alloc_lane_grant] data-plane allocation lane ENGAGED on volume 'nvme3n1': lane 0 of 16, resuming at block 0 (floor from this mount's own ownership recovery). Fresh allocation is this mount's residue class; frees stay lane-blind
[2026-09-06T13:56:53Z INFO  squeezefs::cluster_wire] cluster wire: listener 0.0.0.0:45999 (plaintext) — thread-per-connection, max 512 connections, 8192 B pre-authn frame cap, handshake deadline 10s, challenge freshness 30s; every admitted frame carries a session MAC derived from the shared volume's job:enroll secret
[2026-09-06T13:56:53Z WARN  squeezefs::meta_ship::owners] metadata function shipping ARMED (DLM S8): 2 of 2 volumes owned locally, 0 shipped to 0 peer(s) []; 65536 slots home locally. Metadata verbs on a foreign volume now travel to its owner; the DATA plane still refuses foreign-home custody loud (S9 ships that half)
[2026-09-06T13:56:53Z WARN  squeezefs::multi_writer] MULTI-WRITER ARMED (DLM S9) on 192.168.86.52:45999: era 3, custody authority 'mw-12a46e46-6459-4a12-a3e0-3ac5bd111e7e', data-plane fence class pr, 0 of 2 metadata volume(s) owned elsewhere. Peers may now acquire write custody here and DMA directly to the shared namespaces — only custody travels, never data (spec §6.9 S9)
Mounting Squeezefs at "/mnt/sqz-mwfleet/m0"...
[2026-09-06T13:56:53Z INFO  squeezefs::fuse_client] Kernel cache TTLs for this mount: attr 1s, entry 1s, dir-entry 1s, negative 1s
[2026-09-06T13:56:53Z INFO  squeezefs::fuse_client] Transport payload-buffer cap: 10544 MiB (memory budget 84352 MiB)
[2026-09-06T13:56:53Z WARN  squeezefs::ipc_host] SQUEEZEFS_IPC_ALLOW_DEV is set — the KD-7 build-commit skew gate is RELAXED for this mount (degenerate `unknown`/`-dirty` identities will be admitted, counted in ipc_binds_dev_override). Dev boxes only: a mismatched daemon/shim pair is undefined behavior.
[2026-09-06T13:56:53Z INFO  squeezefs::ipc_host] ipc host: path ctl socket at /run/squeezefs/sqz-il0-2519742-3fa9fb07.sock
[2026-09-06T13:56:53Z INFO  squeezefs::fuse_client] IPC session host armed (socket sqz-il0-2519742-3fa9fb07, session shm cap 10544 MiB)
[2026-09-06T13:56:53Z INFO  squeezefs::fuse_client] SqueezeFS version 1.2.1 (0723b3ea38c0 / 0723b3ea38c01eac6d2a2c1e20dc17cf63343631) built 1980-01-01T00:00:00Z profile release initializing mount
[2026-09-06T13:56:53Z INFO  squeezefs::fuse_client] FUSE Daemon: Mounting squeezefs at "/mnt/sqz-mwfleet/m0"...
[2026-09-06T13:56:53Z INFO  squeezefs::fuse_client] FUSE Daemon: Metadata connection active.
[2026-09-06T13:56:53Z INFO  squeezefs::fuse_client] device-overlay armed: transport streaming holds enabled (SQUEEZEFS_DEVICE_OVERLAY)
[92mOK[0m Squeezefs is ready at "/mnt/sqz-mwfleet/m0"
[2026-09-06T13:56:53Z INFO  squeezefs::fuse_client] IPC session host: mount st_dev resolved (60)
[2026-09-06T13:56:53Z INFO  squeezefs::fuse_client] FUSE Daemon: Initialized Squeezefs Filesystem mount (version 1.2.1 (0723b3ea38c0 / 0723b3ea38c01eac6d2a2c1e20dc17cf63343631) built 1980-01-01T00:00:00Z profile release).
squeezefs: mount ready (version 1.2.1 (0723b3ea38c0 / 0723b3ea38c01eac6d2a2c1e20dc17cf63343631) built 1980-01-01T00:00:00Z profile release, exe hint: rebuild target/release and reinstall)
[2026-09-06T13:56:53Z INFO  squeezefs::fuse_client] FUSE kernel protocol 7.45 (init flags 0x400007ff73fffffb): FOPEN_NOFLUSH advertised + honored on non-writeback opens (kernel ≥ 7.35) (D2.a; under writeback cache the elision switch is the clean-FLUSH ENOSYS latch — uapi: NOFLUSH applies 'unless FUSE_WRITEBACK_CACHE'); UNKNOWN init capability bits 0x4000040000000000 advertised — investigate whether an atomic-open-class capability is among them (D2.d adoption follow-up)
squeezefs: FUSE kernel 7.45 — FOPEN_NOFLUSH advertised (wb-cache elision = clean-FLUSH ENOSYS latch); UNKNOWN init capability bits 0x4000040000000000 advertised — investigate whether an atomic-open-class capability is among them (D2.d adoption follow-up)
[2026-09-06T13:56:53Z INFO  squeezefs::fuse_client] FUSE_HANDLE_KILLPRIV_V2 negotiated (kernel killpriv probe deleted; daemon owns suid/sgid/caps clearing) for this mount
[2026-09-06T13:56:53Z INFO  fuse3::raw::connection::fuse_over_uring] fuse-over-uring queue-ring setup probe: SINGLE_ISSUER+DEFER_TASKRUN available
FUSE-over-io_uring registered: queues=32 depth=32 payload_sz=1048576 max_write=1048576 max_pages=256 buffers=kmbuf-bufring+zero-copy+retention kmbuf_ops=38/39 (7.1-sqz) fd=145 sqpoll=off drain_groups=32(width<=1)
[2026-09-06T13:56:53Z INFO  fuse3::raw::connection::fuse_over_uring] FUSE-over-io_uring registered: queues=32 depth=32 payload_sz=1048576 max_write=1048576 max_pages=256 buffers=kmbuf-bufring+zero-copy+retention kmbuf_ops=38/39 (7.1-sqz) fd=145 sqpoll=off drain_groups=32(width<=1)
FUSE-over-io_uring session path armed (ready=true, queues=32)
FUSE-over-io_uring transport armed for this session
[2026-09-06T13:56:53Z INFO  fuse3::raw::session] FUSE-over-io_uring transport armed for this session
FUSE-over-io_uring: classical sideband servicer armed (primary session; FORGET/INTERRUPT/resend + switchover stragglers)
[2026-09-06T13:56:53Z INFO  squeezefs::cluster_wire] cluster wire: peer 'node_1c4e7f3e0e89c39d.mf7b0c116' admitted from 192.168.86.52:40354 (plaintext, storage-trust proof, per-frame MAC)
[2026-09-06T13:56:53Z INFO  squeezefs::cluster_wire] cluster wire: peer 'node_1c4e7f3e0e89c39d.mf7b0c116' admitted from 192.168.86.52:54244 (plaintext, storage-trust proof, per-frame MAC)
[2026-09-06T13:56:53Z INFO  squeezefs::data_grant] S9: co-writer 'node_1c4e7f3e0e89c39d.mf7b0c116' joined authority 'mw-12a46e46-6459-4a12-a3e0-3ac5bd111e7e' in era 3 with lease epoch 1 (custody epoch 0x30000000001, registrant key 0x43bb4a781d8552a2)
[2026-09-06T13:56:54Z INFO  squeezefs::cluster_wire] cluster wire: peer 'node_1c4e7f3e0e89c39d.mf7b0c116' admitted from 192.168.86.52:54246 (plaintext, storage-trust proof, per-frame MAC)
[2026-09-06T13:56:54Z INFO  squeezefs::cluster_wire] cluster wire: peer 'node_1c4e7f3e0e89c39d.mf7b0c116' admitted from 192.168.86.52:54254 (plaintext, storage-trust proof, per-frame MAC)
[2026-09-06T13:56:54Z INFO  squeezefs::cluster_wire] cluster wire: peer 'node_1c4e7f3e0e89c39d.mf7b0c116' admitted from 192.168.86.52:54270 (plaintext, storage-trust proof, per-frame MAC)
[2026-09-06T13:56:54Z INFO  squeezefs::data_custody] data-plane WERO: joining the standing hold on 2 namespace(s) (key 0x43bb4a781d8552a2) — a second reservation would conflict at the device
[2026-09-06T13:56:54Z INFO  squeezefs::job_wire] job wire: WERO (rtype 3) held on the data namespaces (key 0x43bb4a781d8552a2) — guarantee class pr (expired worker hosts will be PR-preempted). The hold is the process's ONE data-plane reservation (DLM S7, data_custody::acquire_wero): an S7-armed mount and this fence share it rather than conflicting at the device
[2026-09-06T13:56:54Z INFO  squeezefs::job_wire] job wire: worker node_1c4e7f3e0e89c39d.mf7b0c116 enrolled from 192.168.86.52:38426 (session 1, pr_key None, fence pr, channel plaintext, session MAC)
[2026-09-06T13:56:54Z INFO  squeezefs::cluster_wire] cluster wire: peer 'node_1c4e7f3e0e89c39d.mf7b0c116' admitted from 192.168.86.52:54278 (plaintext, storage-trust proof, per-frame MAC)
[2026-09-06T13:56:54Z INFO  squeezefs::meta_ship::service] S10 delegation: holder 'node_1c4e7f3e0e89c39d.mf7b0c116' re-asserted 1 object(s), 1 re-admitted in era 3 (grace closed)
[2026-09-06T13:56:54Z INFO  squeezefs::cluster_wire] cluster wire: peer 'node_1c4e7f3e0e89c39d.ma806466d' admitted from 192.168.86.52:40358 (plaintext, storage-trust proof, per-frame MAC)
[2026-09-06T13:56:54Z INFO  squeezefs::cluster_wire] cluster wire: peer 'node_1c4e7f3e0e89c39d.ma806466d' admitted from 192.168.86.52:54282 (plaintext, storage-trust proof, per-frame MAC)
[2026-09-06T13:56:54Z INFO  squeezefs::data_grant] S9: co-writer 'node_1c4e7f3e0e89c39d.ma806466d' joined authority 'mw-12a46e46-6459-4a12-a3e0-3ac5bd111e7e' in era 3 with lease epoch 2 (custody epoch 0x30000000002, registrant key 0x43bb4a781d8552a2)
[2026-09-06T13:56:54Z INFO  squeezefs::cluster_wire] cluster wire: peer 'node_1c4e7f3e0e89c39d.ma806466d' admitted from 192.168.86.52:54294 (plaintext, storage-trust proof, per-frame MAC)
[2026-09-06T13:56:54Z INFO  squeezefs::cluster_wire] cluster wire: peer 'node_1c4e7f3e0e89c39d.ma806466d' admitted from 192.168.86.52:54308 (plaintext, storage-trust proof, per-frame MAC)
[2026-09-06T13:56:54Z INFO  squeezefs::cluster_wire] cluster wire: peer 'node_1c4e7f3e0e89c39d.ma806466d' admitted from 192.168.86.52:54312 (plaintext, storage-trust proof, per-frame MAC)
[2026-09-06T13:56:55Z INFO  squeezefs::job_wire] job wire: worker node_1c4e7f3e0e89c39d.ma806466d enrolled from 192.168.86.52:38430 (session 2, pr_key None, fence pr, channel plaintext, session MAC)
[2026-09-06T13:56:55Z INFO  squeezefs::cluster_wire] cluster wire: peer 'node_1c4e7f3e0e89c39d.ma806466d' admitted from 192.168.86.52:54320 (plaintext, storage-trust proof, per-frame MAC)
[2026-09-06T13:56:55Z INFO  squeezefs::meta_ship::service] S10 delegation: holder 'node_1c4e7f3e0e89c39d.ma806466d' re-asserted 1 object(s), 1 re-admitted in era 3 (grace closed)
[2026-09-06T13:56:55Z INFO  squeezefs::cluster_wire] cluster wire: peer 'node_1c4e7f3e0e89c39d.m54faa3bc' admitted from 192.168.86.52:40370 (plaintext, storage-trust proof, per-frame MAC)
[2026-09-06T13:56:55Z INFO  squeezefs::cluster_wire] cluster wire: peer 'node_1c4e7f3e0e89c39d.m54faa3bc' admitted from 192.168.86.52:54328 (plaintext, storage-trust proof, per-frame MAC)
[2026-09-06T13:56:55Z INFO  squeezefs::data_grant] S9: co-writer 'node_1c4e7f3e0e89c39d.m54faa3bc' joined authority 'mw-12a46e46-6459-4a12-a3e0-3ac5bd111e7e' in era 3 with lease epoch 3 (custody epoch 0x30000000003, registrant key 0x43bb4a781d8552a2)
[2026-09-06T13:56:55Z INFO  squeezefs::cluster_wire] cluster wire: peer 'node_1c4e7f3e0e89c39d.m54faa3bc' admitted from 192.168.86.52:54334 (plaintext, storage-trust proof, per-frame MAC)
[2026-09-06T13:56:55Z INFO  squeezefs::cluster_wire] cluster wire: peer 'node_1c4e7f3e0e89c39d.m54faa3bc' admitted from 192.168.86.52:54336 (plaintext, storage-trust proof, per-frame MAC)
[2026-09-06T13:56:55Z INFO  squeezefs::cluster_wire] cluster wire: peer 'node_1c4e7f3e0e89c39d.m54faa3bc' admitted from 192.168.86.52:54350 (plaintext, storage-trust proof, per-frame MAC)
[2026-09-06T13:56:55Z INFO  squeezefs::job_wire] job wire: worker node_1c4e7f3e0e89c39d.m54faa3bc enrolled from 192.168.86.52:38440 (session 3, pr_key None, fence pr, channel plaintext, session MAC)
[2026-09-06T13:56:56Z INFO  squeezefs::cluster_wire] cluster wire: peer 'node_1c4e7f3e0e89c39d.m54faa3bc' admitted from 192.168.86.52:54356 (plaintext, storage-trust proof, per-frame MAC)
[2026-09-06T13:56:56Z INFO  squeezefs::meta_ship::service] S10 delegation: holder 'node_1c4e7f3e0e89c39d.m54faa3bc' re-asserted 1 object(s), 1 re-admitted in era 3 (grace closed)
[2026-09-06T13:56:56Z INFO  squeezefs::cluster_wire] cluster wire: peer 'node_1c4e7f3e0e89c39d.m7bf543d7' admitted from 192.168.86.52:40374 (plaintext, storage-trust proof, per-frame MAC)
[2026-09-06T13:56:56Z INFO  squeezefs::cluster_wire] cluster wire: peer 'node_1c4e7f3e0e89c39d.m7bf543d7' admitted from 192.168.86.52:54372 (plaintext, storage-trust proof, per-frame MAC)
[2026-09-06T13:56:56Z INFO  squeezefs::data_grant] S9: co-writer 'node_1c4e7f3e0e89c39d.m7bf543d7' joined authority 'mw-12a46e46-6459-4a12-a3e0-3ac5bd111e7e' in era 3 with lease epoch 4 (custody epoch 0x30000000004, registrant key 0x43bb4a781d8552a2)
[2026-09-06T13:56:56Z INFO  squeezefs::cluster_wire] cluster wire: peer 'node_1c4e7f3e0e89c39d.m7bf543d7' admitted from 192.168.86.52:54376 (plaintext, storage-trust proof, per-frame MAC)
[2026-09-06T13:56:56Z INFO  squeezefs::cluster_wire] cluster wire: peer 'node_1c4e7f3e0e89c39d.m7bf543d7' admitted from 192.168.86.52:54384 (plaintext, storage-trust proof, per-frame MAC)
[2026-09-06T13:56:56Z INFO  squeezefs::cluster_wire] cluster wire: peer 'node_1c4e7f3e0e89c39d.m7bf543d7' admitted from 192.168.86.52:54396 (plaintext, storage-trust proof, per-frame MAC)
[2026-09-06T13:56:56Z INFO  squeezefs::job_wire] job wire: worker node_1c4e7f3e0e89c39d.m7bf543d7 enrolled from 192.168.86.52:38446 (session 4, pr_key None, fence pr, channel plaintext, session MAC)
[2026-09-06T13:56:57Z WARN  squeezefs::meta_ship::tokens] S10 recall valve: object ino 1 demoted to owner-served for 68.708864s — 3 grant→recall cycles inside 8.588608s (spec R5's thrash shape; grants resume after the cooldown)
[2026-09-06T13:56:57Z INFO  squeezefs::cluster_wire] cluster wire: peer 'node_1c4e7f3e0e89c39d.mdbd026ea' admitted from 192.168.86.52:40390 (plaintext, storage-trust proof, per-frame MAC)
[2026-09-06T13:56:57Z INFO  squeezefs::cluster_wire] cluster wire: peer 'node_1c4e7f3e0e89c39d.mdbd026ea' admitted from 192.168.86.52:54408 (plaintext, storage-trust proof, per-frame MAC)
[2026-09-06T13:56:57Z INFO  squeezefs::data_grant] S9: co-writer 'node_1c4e7f3e0e89c39d.mdbd026ea' joined authority 'mw-12a46e46-6459-4a12-a3e0-3ac5bd111e7e' in era 3 with lease epoch 5 (custody epoch 0x30000000005, registrant key 0x43bb4a781d8552a2)
[2026-09-06T13:56:57Z INFO  squeezefs::cluster_wire] cluster wire: peer 'node_1c4e7f3e0e89c39d.mdbd026ea' admitted from 192.168.86.52:54422 (plaintext, storage-trust proof, per-frame MAC)
[2026-09-06T13:56:57Z INFO  squeezefs::cluster_wire] cluster wire: peer 'node_1c4e7f3e0e89c39d.mdbd026ea' admitted from 192.168.86.52:54434 (plaintext, storage-trust proof, per-frame MAC)
[2026-09-06T13:56:57Z INFO  squeezefs::cluster_wire] cluster wire: peer 'node_1c4e7f3e0e89c39d.mdbd026ea' admitted from 192.168.86.52:54444 (plaintext, storage-trust proof, per-frame MAC)
[2026-09-06T13:56:57Z INFO  squeezefs::job_wire] job wire: worker node_1c4e7f3e0e89c39d.mdbd026ea enrolled from 192.168.86.52:38450 (session 5, pr_key None, fence pr, channel plaintext, session MAC)
[2026-09-06T13:56:58Z INFO  squeezefs::cluster_wire] cluster wire: peer 'node_1c4e7f3e0e89c39d.m88c05c68' admitted from 192.168.86.52:40400 (plaintext, storage-trust proof, per-frame MAC)
[2026-09-06T13:56:58Z INFO  squeezefs::cluster_wire] cluster wire: peer 'node_1c4e7f3e0e89c39d.m88c05c68' admitted from 192.168.86.52:54452 (plaintext, storage-trust proof, per-frame MAC)
[2026-09-06T13:56:58Z INFO  squeezefs::data_grant] S9: co-writer 'node_1c4e7f3e0e89c39d.m88c05c68' joined authority 'mw-12a46e46-6459-4a12-a3e0-3ac5bd111e7e' in era 3 with lease epoch 6 (custody epoch 0x30000000006, registrant key 0x43bb4a781d8552a2)
[2026-09-06T13:56:58Z INFO  squeezefs::cluster_wire] cluster wire: peer 'node_1c4e7f3e0e89c39d.m88c05c68' admitted from 192.168.86.52:54468 (plaintext, storage-trust proof, per-frame MAC)
[2026-09-06T13:56:58Z INFO  squeezefs::cluster_wire] cluster wire: peer 'node_1c4e7f3e0e89c39d.m88c05c68' admitted from 192.168.86.52:54476 (plaintext, storage-trust proof, per-frame MAC)
[2026-09-06T13:56:58Z INFO  squeezefs::cluster_wire] cluster wire: peer 'node_1c4e7f3e0e89c39d.m88c05c68' admitted from 192.168.86.52:54478 (plaintext, storage-trust proof, per-frame MAC)
[2026-09-06T13:56:58Z INFO  squeezefs::job_wire] job wire: worker node_1c4e7f3e0e89c39d.m88c05c68 enrolled from 192.168.86.52:38466 (session 6, pr_key None, fence pr, channel plaintext, session MAC)
[2026-09-06T13:56:59Z INFO  squeezefs::cluster_wire] cluster wire: peer 'node_1c4e7f3e0e89c39d.m2ca15b23' admitted from 192.168.86.52:40402 (plaintext, storage-trust proof, per-frame MAC)
[2026-09-06T13:56:59Z INFO  squeezefs::cluster_wire] cluster wire: peer 'node_1c4e7f3e0e89c39d.m2ca15b23' admitted from 192.168.86.52:54490 (plaintext, storage-trust proof, per-frame MAC)
[2026-09-06T13:56:59Z INFO  squeezefs::data_grant] S9: co-writer 'node_1c4e7f3e0e89c39d.m2ca15b23' joined authority 'mw-12a46e46-6459-4a12-a3e0-3ac5bd111e7e' in era 3 with lease epoch 7 (custody epoch 0x30000000007, registrant key 0x43bb4a781d8552a2)
[2026-09-06T13:56:59Z INFO  squeezefs::cluster_wire] cluster wire: peer 'node_1c4e7f3e0e89c39d.m2ca15b23' admitted from 192.168.86.52:54496 (plaintext, storage-trust proof, per-frame MAC)
[2026-09-06T13:56:59Z INFO  squeezefs::cluster_wire] cluster wire: peer 'node_1c4e7f3e0e89c39d.m2ca15b23' admitted from 192.168.86.52:54500 (plaintext, storage-trust proof, per-frame MAC)
[2026-09-06T13:56:59Z INFO  squeezefs::cluster_wire] cluster wire: peer 'node_1c4e7f3e0e89c39d.m2ca15b23' admitted from 192.168.86.52:54506 (plaintext, storage-trust proof, per-frame MAC)
[2026-09-06T13:56:59Z INFO  squeezefs::job_wire] job wire: worker node_1c4e7f3e0e89c39d.m2ca15b23 enrolled from 192.168.86.52:38468 (session 7, pr_key None, fence pr, channel plaintext, session MAC)
[2026-09-06T13:57:00Z INFO  squeezefs::cluster_wire] cluster wire: peer 'node_1c4e7f3e0e89c39d.mcf8ed29a' admitted from 192.168.86.52:47086 (plaintext, storage-trust proof, per-frame MAC)
[2026-09-06T13:57:00Z INFO  squeezefs::cluster_wire] cluster wire: peer 'node_1c4e7f3e0e89c39d.mcf8ed29a' admitted from 192.168.86.52:49168 (plaintext, storage-trust proof, per-frame MAC)
[2026-09-06T13:57:00Z INFO  squeezefs::data_grant] S9: co-writer 'node_1c4e7f3e0e89c39d.mcf8ed29a' joined authority 'mw-12a46e46-6459-4a12-a3e0-3ac5bd111e7e' in era 3 with lease epoch 8 (custody epoch 0x30000000008, registrant key 0x43bb4a781d8552a2)
[2026-09-06T13:57:00Z INFO  squeezefs::cluster_wire] cluster wire: peer 'node_1c4e7f3e0e89c39d.mcf8ed29a' admitted from 192.168.86.52:49176 (plaintext, storage-trust proof, per-frame MAC)
[2026-09-06T13:57:00Z INFO  squeezefs::cluster_wire] cluster wire: peer 'node_1c4e7f3e0e89c39d.mcf8ed29a' admitted from 192.168.86.52:49190 (plaintext, storage-trust proof, per-frame MAC)
[2026-09-06T13:57:00Z INFO  squeezefs::cluster_wire] cluster wire: peer 'node_1c4e7f3e0e89c39d.mcf8ed29a' admitted from 192.168.86.52:49192 (plaintext, storage-trust proof, per-frame MAC)
[2026-09-06T13:57:00Z INFO  squeezefs::job_wire] job wire: worker node_1c4e7f3e0e89c39d.mcf8ed29a enrolled from 192.168.86.52:46606 (session 8, pr_key None, fence pr, channel plaintext, session MAC)
[2026-09-06T13:57:03Z INFO  squeezefs::cluster_wire] cluster wire: peer 'node_1c4e7f3e0e89c39d.mf7b0c116' admitted from 192.168.86.52:49194 (plaintext, storage-trust proof, per-frame MAC)
[2026-09-06T13:57:04Z INFO  squeezefs::cluster_wire] cluster wire: peer 'node_1c4e7f3e0e89c39d.mcf8ed29a' admitted from 192.168.86.52:49206 (plaintext, storage-trust proof, per-frame MAC)
[2026-09-06T13:57:04Z INFO  squeezefs::cluster_wire] cluster wire: peer 'node_1c4e7f3e0e89c39d.mdbd026ea' admitted from 192.168.86.52:49242 (plaintext, storage-trust proof, per-frame MAC)
[2026-09-06T13:57:04Z INFO  squeezefs::meta_ship::service] S10 delegation: holder 'node_1c4e7f3e0e89c39d.mdbd026ea' re-asserted 1 object(s), 1 re-admitted in era 3 (grace closed)
[2026-09-06T13:57:04Z INFO  squeezefs::cluster_wire] cluster wire: peer 'node_1c4e7f3e0e89c39d.m88c05c68' admitted from 192.168.86.52:49236 (plaintext, storage-trust proof, per-frame MAC)
[2026-09-06T13:57:04Z INFO  squeezefs::meta_ship::service] S10 delegation: holder 'node_1c4e7f3e0e89c39d.mcf8ed29a' re-asserted 1 object(s), 1 re-admitted in era 3 (grace closed)
[2026-09-06T13:57:04Z INFO  squeezefs::meta_ship::service] S10 delegation: holder 'node_1c4e7f3e0e89c39d.m88c05c68' re-asserted 1 object(s), 1 re-admitted in era 3 (grace closed)
[2026-09-06T13:57:04Z INFO  squeezefs::cluster_wire] cluster wire: peer 'node_1c4e7f3e0e89c39d.m2ca15b23' admitted from 192.168.86.52:49204 (plaintext, storage-trust proof, per-frame MAC)
[2026-09-06T13:57:04Z INFO  squeezefs::cluster_wire] cluster wire: peer 'node_1c4e7f3e0e89c39d.mdbd026ea' admitted from 192.168.86.52:49348 (plaintext, storage-trust proof, per-frame MAC)
[2026-09-06T13:57:04Z INFO  squeezefs::cluster_wire] cluster wire: peer 'node_1c4e7f3e0e89c39d.ma806466d' admitted from 192.168.86.52:49352 (plaintext, storage-trust proof, per-frame MAC)
[2026-09-06T13:57:04Z INFO  squeezefs::meta_ship::service] S10 delegation: holder 'node_1c4e7f3e0e89c39d.m2ca15b23' re-asserted 1 object(s), 1 re-admitted in era 3 (grace closed)
[2026-09-06T13:57:04Z INFO  squeezefs::cluster_wire] cluster wire: peer 'node_1c4e7f3e0e89c39d.m2ca15b23' admitted from 192.168.86.52:49412 (plaintext, storage-trust proof, per-frame MAC)
[2026-09-06T13:57:04Z INFO  squeezefs::cluster_wire] cluster wire: peer 'node_1c4e7f3e0e89c39d.m7bf543d7' admitted from 192.168.86.52:49278 (plaintext, storage-trust proof, per-frame MAC)
[2026-09-06T13:57:04Z INFO  squeezefs::cluster_wire] cluster wire: peer 'node_1c4e7f3e0e89c39d.mf7b0c116' admitted from 192.168.86.52:49422 (plaintext, storage-trust proof, per-frame MAC)
[2026-09-06T13:57:04Z INFO  squeezefs::cluster_wire] cluster wire: peer 'node_1c4e7f3e0e89c39d.m7bf543d7' admitted from 192.168.86.52:49262 (plaintext, storage-trust proof, per-frame MAC)
[2026-09-06T13:57:04Z INFO  squeezefs::cluster_wire] cluster wire: peer 'node_1c4e7f3e0e89c39d.m7bf543d7' admitted from 192.168.86.52:49252 (plaintext, storage-trust proof, per-frame MAC)
[2026-09-06T13:57:04Z INFO  squeezefs::cluster_wire] cluster wire: peer 'node_1c4e7f3e0e89c39d.mdbd026ea' admitted from 192.168.86.52:49314 (plaintext, storage-trust proof, per-frame MAC)
[2026-09-06T13:57:04Z INFO  squeezefs::cluster_wire] cluster wire: peer 'node_1c4e7f3e0e89c39d.m88c05c68' admitted from 192.168.86.52:49368 (plaintext, storage-trust proof, per-frame MAC)
[2026-09-06T13:57:04Z INFO  squeezefs::cluster_wire] cluster wire: peer 'node_1c4e7f3e0e89c39d.m7bf543d7' admitted from 192.168.86.52:49224 (plaintext, storage-trust proof, per-frame MAC)
[2026-09-06T13:57:04Z INFO  squeezefs::cluster_wire] cluster wire: peer 'node_1c4e7f3e0e89c39d.m88c05c68' admitted from 192.168.86.52:49294 (plaintext, storage-trust proof, per-frame MAC)
[2026-09-06T13:57:04Z INFO  squeezefs::meta_ship::service] S10 delegation: holder 'node_1c4e7f3e0e89c39d.m7bf543d7' re-asserted 1 object(s), 1 re-admitted in era 3 (grace closed)
[2026-09-06T13:57:04Z INFO  squeezefs::cluster_wire] cluster wire: peer 'node_1c4e7f3e0e89c39d.ma806466d' admitted from 192.168.86.52:49376 (plaintext, storage-trust proof, per-frame MAC)
[2026-09-06T13:57:04Z INFO  squeezefs::cluster_wire] cluster wire: peer 'node_1c4e7f3e0e89c39d.mf7b0c116' admitted from 192.168.86.52:49330 (plaintext, storage-trust proof, per-frame MAC)
[2026-09-06T13:57:04Z INFO  squeezefs::cluster_wire] cluster wire: peer 'node_1c4e7f3e0e89c39d.ma806466d' admitted from 192.168.86.52:49298 (plaintext, storage-trust proof, per-frame MAC)
[2026-09-06T13:57:04Z INFO  squeezefs::cluster_wire] cluster wire: peer 'node_1c4e7f3e0e89c39d.mdbd026ea' admitted from 192.168.86.52:49344 (plaintext, storage-trust proof, per-frame MAC)
[2026-09-06T13:57:04Z INFO  squeezefs::cluster_wire] cluster wire: peer 'node_1c4e7f3e0e89c39d.m88c05c68' admitted from 192.168.86.52:49356 (plaintext, storage-trust proof, per-frame MAC)
[2026-09-06T13:57:04Z INFO  squeezefs::cluster_wire] cluster wire: peer 'node_1c4e7f3e0e89c39d.m2ca15b23' admitted from 192.168.86.52:49392 (plaintext, storage-trust proof, per-frame MAC)
[2026-09-06T13:57:04Z INFO  squeezefs::cluster_wire] cluster wire: peer 'node_1c4e7f3e0e89c39d.m2ca15b23' admitted from 192.168.86.52:49386 (plaintext, storage-trust proof, per-frame MAC)
[2026-09-06T13:57:04Z INFO  squeezefs::cluster_wire] cluster wire: peer 'node_1c4e7f3e0e89c39d.mf7b0c116' admitted from 192.168.86.52:49406 (plaintext, storage-trust proof, per-frame MAC)
[2026-09-06T13:57:04Z INFO  squeezefs::cluster_wire] cluster wire: peer 'node_1c4e7f3e0e89c39d.mcf8ed29a' admitted from 192.168.86.52:49424 (plaintext, storage-trust proof, per-frame MAC)
[2026-09-06T13:57:04Z INFO  squeezefs::cluster_wire] cluster wire: peer 'node_1c4e7f3e0e89c39d.m2ca15b23' admitted from 192.168.86.52:49474 (plaintext, storage-trust proof, per-frame MAC)
[2026-09-06T13:57:04Z INFO  squeezefs::cluster_wire] cluster wire: peer 'node_1c4e7f3e0e89c39d.m54faa3bc' admitted from 192.168.86.52:49448 (plaintext, storage-trust proof, per-frame MAC)
[2026-09-06T13:57:04Z INFO  squeezefs::cluster_wire] cluster wire: peer 'node_1c4e7f3e0e89c39d.mcf8ed29a' admitted from 192.168.86.52:49436 (plaintext, storage-trust proof, per-frame MAC)
[2026-09-06T13:57:04Z INFO  squeezefs::cluster_wire] cluster wire: peer 'node_1c4e7f3e0e89c39d.m54faa3bc' admitted from 192.168.86.52:49460 (plaintext, storage-trust proof, per-frame MAC)
[2026-09-06T13:57:04Z INFO  squeezefs::cluster_wire] cluster wire: peer 'node_1c4e7f3e0e89c39d.mcf8ed29a' admitted from 192.168.86.52:49426 (plaintext, storage-trust proof, per-frame MAC)
[2026-09-06T13:57:04Z INFO  squeezefs::cluster_wire] cluster wire: peer 'node_1c4e7f3e0e89c39d.m54faa3bc' admitted from 192.168.86.52:49468 (plaintext, storage-trust proof, per-frame MAC)
[2026-09-06T13:57:04Z WARN  squeezefs::meta_ship::tokens] S10 recall valve: object ino 2 demoted to owner-served for 270.035456s — 3 grant→recall cycles inside 33.754432s (spec R5's thrash shape; grants resume after the cooldown)
[2026-09-06T13:57:04Z INFO  squeezefs::cluster_wire] cluster wire: peer 'node_1c4e7f3e0e89c39d.ma806466d' admitted from 192.168.86.52:49488 (plaintext, storage-trust proof, per-frame MAC)
[2026-09-06T13:57:05Z INFO  squeezefs::cluster_wire] cluster wire: peer 'node_1c4e7f3e0e89c39d.m54faa3bc' admitted from 192.168.86.52:49496 (plaintext, storage-trust proof, per-frame MAC)
[2026-09-06T13:57:06Z INFO  squeezefs::cluster_wire] cluster wire: peer 'node_1c4e7f3e0e89c39d.m7bf543d7' admitted from 192.168.86.52:49506 (plaintext, storage-trust proof, per-frame MAC)
[2026-09-06T13:57:07Z INFO  squeezefs::cluster_wire] cluster wire: peer 'node_1c4e7f3e0e89c39d.mdbd026ea' admitted from 192.168.86.52:49512 (plaintext, storage-trust proof, per-frame MAC)
[2026-09-06T13:57:08Z INFO  squeezefs::cluster_wire] cluster wire: peer 'node_1c4e7f3e0e89c39d.m88c05c68' admitted from 192.168.86.52:49522 (plaintext, storage-trust proof, per-frame MAC)
[2026-09-06T13:57:10Z INFO  squeezefs::cluster_wire] cluster wire: peer 'node_1c4e7f3e0e89c39d.mcf8ed29a' admitted from 192.168.86.52:46610 (plaintext, storage-trust proof, per-frame MAC)
[2026-09-06T13:57:13Z WARN  fuse3::raw::connection::fuse_over_uring] fuse-over-uring qid=28 ent=31: unique=114 delivered 9055 ms ago and still unreplied — the caller is in uninterruptible sleep (transport_slots_overdue; not-fused, fused_ready_total=0, zc_bridge_pends=0, scan_passes=4, scan_pends_seen=4, scan_orphans_seen=0, pend_max_age_ms=0, cancel_latched=0, park_backstop_ticks=0, zc_msgs_sent=0, zc_msgs_taken=0)
[2026-09-06T13:57:19Z ERROR squeezefs::cowriter] S9: shipped free of block 2981 (vol_tag 0xc5e11286df218556) names an offset this authority tracks no reference for and that is held in the freed-offset grace ring — the double-release lineage; refused (block_untracked_free_refusals)
[2026-09-06T13:57:19Z ERROR squeezefs::block_allocator] begin_free REFUSED untracked offset 12503220224: no refcount entry — double-release lineage (see block_untracked_free_refusals)
[2026-09-06T13:57:20Z ERROR squeezefs::cowriter] S9: shipped free of block 2993 (vol_tag 0xad7b1d37b0829b08) names an offset this authority tracks no reference for and that is held in the freed-offset grace ring — the double-release lineage; refused (block_untracked_free_refusals)
[2026-09-06T13:57:20Z ERROR squeezefs::block_allocator] begin_free REFUSED untracked offset 12553551872: no refcount entry — double-release lineage (see block_untracked_free_refusals)
[2026-09-06T13:57:20Z ERROR squeezefs::cowriter] S9: shipped free of block 3112 (vol_tag 0xad7b1d37b0829b08) names an offset this authority tracks no reference for and that is held in the freed-offset grace ring — the double-release lineage; refused (block_untracked_free_refusals)
[2026-09-06T13:57:20Z ERROR squeezefs::block_allocator] begin_free REFUSED untracked offset 13052674048: no refcount entry — double-release lineage (see block_untracked_free_refusals)
[2026-09-06T13:57:24Z ERROR squeezefs::cowriter] S9: shipped free of block 5526 (vol_tag 0xc5e11286df218556) names an offset this authority tracks no reference for and that is held in the freed-offset grace ring — the double-release lineage; refused (block_untracked_free_refusals)
[2026-09-06T13:57:24Z ERROR squeezefs::block_allocator] begin_free REFUSED untracked offset 23177723904: no refcount entry — double-release lineage (see block_untracked_free_refusals)
[2026-09-06T13:57:24Z ERROR squeezefs::cowriter] S9: shipped free of block 5768 (vol_tag 0xc5e11286df218556) names an offset this authority tracks no reference for and that is held in the freed-offset grace ring — the double-release lineage; refused (block_untracked_free_refusals)
[2026-09-06T13:57:24Z ERROR squeezefs::block_allocator] begin_free REFUSED untracked offset 24192745472: no refcount entry — double-release lineage (see block_untracked_free_refusals)
[2026-09-06T13:57:25Z ERROR squeezefs::cowriter] S9: shipped free of block 5911 (vol_tag 0xad7b1d37b0829b08) names an offset this authority tracks no reference for and that is held in the freed-offset grace ring — the double-release lineage; refused (block_untracked_free_refusals)
[2026-09-06T13:57:25Z ERROR squeezefs::block_allocator] begin_free REFUSED untracked offset 24792530944: no refcount entry — double-release lineage (see block_untracked_free_refusals)
[2026-09-06T13:57:25Z ERROR squeezefs::cowriter] S9: shipped free of block 5910 (vol_tag 0xad7b1d37b0829b08) names an offset this authority tracks no reference for and that is held in the freed-offset grace ring — the double-release lineage; refused (block_untracked_free_refusals)
[2026-09-06T13:57:25Z ERROR squeezefs::block_allocator] begin_free REFUSED untracked offset 24788336640: no refcount entry — double-release lineage (see block_untracked_free_refusals)
[2026-09-06T13:57:25Z ERROR squeezefs::cowriter] S9: shipped free of block 5829 (vol_tag 0xad7b1d37b0829b08) names an offset this authority tracks no reference for and that is held in the freed-offset grace ring — the double-release lineage; refused (block_untracked_free_refusals)
[2026-09-06T13:57:25Z ERROR squeezefs::block_allocator] begin_free REFUSED untracked offset 24448598016: no refcount entry — double-release lineage (see block_untracked_free_refusals)
[2026-09-06T13:57:25Z ERROR squeezefs::cowriter] S9: shipped free of block 6067 (vol_tag 0xc5e11286df218556) names an offset this authority tracks no reference for and that is held in the freed-offset grace ring — the double-release lineage; refused (block_untracked_free_refusals)
[2026-09-06T13:57:25Z ERROR squeezefs::block_allocator] begin_free REFUSED untracked offset 25446842368: no refcount entry — double-release lineage (see block_untracked_free_refusals)
[2026-09-06T13:57:25Z ERROR squeezefs::cowriter] S9: shipped free of block 5604 (vol_tag 0xc5e11286df218556) names an offset this authority tracks no reference for and that is held in the freed-offset grace ring — the double-release lineage; refused (block_untracked_free_refusals)
[2026-09-06T13:57:25Z ERROR squeezefs::block_allocator] begin_free REFUSED untracked offset 23504879616: no refcount entry — double-release lineage (see block_untracked_free_refusals)
[2026-09-06T13:57:25Z ERROR squeezefs::cowriter] S9: shipped free of block 6056 (vol_tag 0xad7b1d37b0829b08) names an offset this authority tracks no reference for and that is held in the freed-offset grace ring — the double-release lineage; refused (block_untracked_free_refusals)
[2026-09-06T13:57:25Z ERROR squeezefs::block_allocator] begin_free REFUSED untracked offset 25400705024: no refcount entry — double-release lineage (see block_untracked_free_refusals)
[2026-09-06T13:57:25Z INFO  squeezefs::cowriter] S9: lane free harvest served 1 block(s) of lane 3/16 on vol_tag 0xad7b1d37b0829b08 to lease epoch 4 (removed from this authority's free list; quarantine-on-death until discharged)
[2026-09-06T13:57:25Z INFO  squeezefs::cowriter] S9: lane free harvest served 1 block(s) of lane 3/16 on vol_tag 0xc5e11286df218556 to lease epoch 4 (removed from this authority's free list; quarantine-on-death until discharged)
[2026-09-06T13:57:25Z ERROR squeezefs::cowriter] S9: shipped free of block 6098 (vol_tag 0xad7b1d37b0829b08) names an offset this authority tracks no reference for and that is held in the freed-offset grace ring — the double-release lineage; refused (block_untracked_free_refusals)
[2026-09-06T13:57:25Z ERROR squeezefs::block_allocator] begin_free REFUSED untracked offset 25576865792: no refcount entry — double-release lineage (see block_untracked_free_refusals)
[2026-09-06T13:57:25Z ERROR squeezefs::cowriter] S9: shipped free of block 5940 (vol_tag 0xad7b1d37b0829b08) names an offset this authority tracks no reference for and that is held in the freed-offset grace ring — the double-release lineage; refused (block_untracked_free_refusals)
[2026-09-06T13:57:25Z ERROR squeezefs::block_allocator] begin_free REFUSED untracked offset 24914165760: no refcount entry — double-release lineage (see block_untracked_free_refusals)
[2026-09-06T13:57:26Z INFO  squeezefs::cowriter] S9: lane free harvest served 1 block(s) of lane 8/16 on vol_tag 0xad7b1d37b0829b08 to lease epoch 1 (removed from this authority's free list; quarantine-on-death until discharged)
[2026-09-06T13:57:26Z INFO  squeezefs::cowriter] S9: lane free harvest served 2 block(s) of lane 8/16 on vol_tag 0xc5e11286df218556 to lease epoch 1 (removed from this authority's free list; quarantine-on-death until discharged)
[2026-09-06T13:57:26Z ERROR squeezefs::cowriter] S9: shipped free of block 6084 (vol_tag 0xad7b1d37b0829b08) names an offset this authority tracks no reference for and that is held in the freed-offset grace ring — the double-release lineage; refused (block_untracked_free_refusals)
[2026-09-06T13:57:26Z ERROR squeezefs::block_allocator] begin_free REFUSED untracked offset 25518145536: no refcount entry — double-release lineage (see block_untracked_free_refusals)
[2026-09-06T13:57:26Z INFO  squeezefs::cowriter] S9: lane free harvest served 2 block(s) of lane 4/16 on vol_tag 0xad7b1d37b0829b08 to lease epoch 6 (removed from this authority's free list; quarantine-on-death until discharged)
[2026-09-06T13:57:26Z INFO  squeezefs::cowriter] S9: lane free harvest served 1 block(s) of lane 4/16 on vol_tag 0xc5e11286df218556 to lease epoch 6 (removed from this authority's free list; quarantine-on-death until discharged)
[2026-09-06T13:57:26Z INFO  squeezefs::cowriter] S9: lane free harvest served 1 block(s) of lane 2/16 on vol_tag 0xad7b1d37b0829b08 to lease epoch 3 (removed from this authority's free list; quarantine-on-death until discharged)
[2026-09-06T13:57:26Z INFO  squeezefs::cowriter] S9: lane free harvest served 1 block(s) of lane 7/16 on vol_tag 0xad7b1d37b0829b08 to lease epoch 5 (removed from this authority's free list; quarantine-on-death until discharged)
[2026-09-06T13:57:26Z INFO  squeezefs::cowriter] S9: lane free harvest served 1 block(s) of lane 5/16 on vol_tag 0xad7b1d37b0829b08 to lease epoch 2 (removed from this authority's free list; quarantine-on-death until discharged)
[2026-09-06T13:57:26Z INFO  squeezefs::cowriter] S9: lane free harvest served 1 block(s) of lane 5/16 on vol_tag 0xc5e11286df218556 to lease epoch 2 (removed from this authority's free list; quarantine-on-death until discharged)
[2026-09-06T13:57:27Z INFO  squeezefs::cowriter] S9: lane free harvest served 4 block(s) of lane 1/16 on vol_tag 0xc5e11286df218556 to lease epoch 7 (removed from this authority's free list; quarantine-on-death until discharged)
[2026-09-06T13:57:27Z INFO  squeezefs::cowriter] S9: lane free harvest served 1 block(s) of lane 6/16 on vol_tag 0xc5e11286df218556 to lease epoch 8 (removed from this authority's free list; quarantine-on-death until discharged)
[2026-09-06T13:57:29Z INFO  squeezefs::cowriter] S9: lane free harvest served 16 block(s) of lane 6/16 on vol_tag 0xad7b1d37b0829b08 to lease epoch 8 (removed from this authority's free list; quarantine-on-death until discharged)
[2026-09-06T13:57:29Z INFO  squeezefs::cowriter] S9: lane free harvest served 16 block(s) of lane 6/16 on vol_tag 0xc5e11286df218556 to lease epoch 8 (removed from this authority's free list; quarantine-on-death until discharged)
[2026-09-06T13:57:29Z INFO  squeezefs::cowriter] S9: lane free harvest served 21 block(s) of lane 4/16 on vol_tag 0xc5e11286df218556 to lease epoch 6 (removed from this authority's free list; quarantine-on-death until discharged)
[2026-09-06T13:57:29Z INFO  squeezefs::cowriter] S9: lane free harvest served 27 block(s) of lane 7/16 on vol_tag 0xc5e11286df218556 to lease epoch 5 (removed from this authority's free list; quarantine-on-death until discharged)
[2026-09-06T13:57:29Z INFO  squeezefs::cowriter] S9: lane free harvest served 25 block(s) of lane 2/16 on vol_tag 0xc5e11286df218556 to lease epoch 3 (removed from this authority's free list; quarantine-on-death until discharged)
[2026-09-06T13:57:29Z INFO  squeezefs::cowriter] S9: lane free harvest served 22 block(s) of lane 1/16 on vol_tag 0xad7b1d37b0829b08 to lease epoch 7 (removed from this authority's free list; quarantine-on-death until discharged)
[2026-09-06T13:57:29Z INFO  squeezefs::cowriter] S9: lane free harvest served 29 block(s) of lane 1/16 on vol_tag 0xc5e11286df218556 to lease epoch 7 (removed from this authority's free list; quarantine-on-death until discharged)
[2026-09-06T13:57:29Z INFO  squeezefs::cowriter] S9: lane free harvest served 24 block(s) of lane 2/16 on vol_tag 0xad7b1d37b0829b08 to lease epoch 3 (removed from this authority's free list; quarantine-on-death until discharged)
[2026-09-06T13:57:29Z INFO  squeezefs::cowriter] S9: lane free harvest served 30 block(s) of lane 7/16 on vol_tag 0xad7b1d37b0829b08 to lease epoch 5 (removed from this authority's free list; quarantine-on-death until discharged)
[2026-09-06T13:57:29Z INFO  squeezefs::cowriter] S9: lane free harvest served 36 block(s) of lane 8/16 on vol_tag 0xad7b1d37b0829b08 to lease epoch 1 (removed from this authority's free list; quarantine-on-death until discharged)
[2026-09-06T13:57:29Z INFO  squeezefs::cowriter] S9: lane free harvest served 37 block(s) of lane 8/16 on vol_tag 0xc5e11286df218556 to lease epoch 1 (removed from this authority's free list; quarantine-on-death until discharged)
[2026-09-06T13:57:29Z INFO  squeezefs::cowriter] S9: lane free harvest served 38 block(s) of lane 3/16 on vol_tag 0xc5e11286df218556 to lease epoch 4 (removed from this authority's free list; quarantine-on-death until discharged)
[2026-09-06T13:57:29Z INFO  squeezefs::cowriter] S9: lane free harvest served 31 block(s) of lane 4/16 on vol_tag 0xad7b1d37b0829b08 to lease epoch 6 (removed from this authority's free list; quarantine-on-death until discharged)
[2026-09-06T13:57:29Z INFO  squeezefs::cowriter] S9: lane free harvest served 33 block(s) of lane 5/16 on vol_tag 0xad7b1d37b0829b08 to lease epoch 2 (removed from this authority's free list; quarantine-on-death until discharged)
[2026-09-06T13:57:29Z INFO  squeezefs::cowriter] S9: lane free harvest served 32 block(s) of lane 5/16 on vol_tag 0xc5e11286df218556 to lease epoch 2 (removed from this authority's free list; quarantine-on-death until discharged)
[2026-09-06T13:57:29Z INFO  squeezefs::cowriter] S9: lane free harvest served 34 block(s) of lane 3/16 on vol_tag 0xad7b1d37b0829b08 to lease epoch 4 (removed from this authority's free list; quarantine-on-death until discharged)
[2026-09-06T13:57:30Z INFO  squeezefs::cowriter] S9: lane free harvest served 16 block(s) of lane 2/16 on vol_tag 0xad7b1d37b0829b08 to lease epoch 3 (removed from this authority's free list; quarantine-on-death until discharged)
[2026-09-06T13:57:30Z INFO  squeezefs::cowriter] S9: lane free harvest served 10 block(s) of lane 2/16 on vol_tag 0xc5e11286df218556 to lease epoch 3 (removed from this authority's free list; quarantine-on-death until discharged)
[2026-09-06T13:57:30Z INFO  squeezefs::cowriter] S9: lane free harvest served 13 block(s) of lane 1/16 on vol_tag 0xad7b1d37b0829b08 to lease epoch 7 (removed from this authority's free list; quarantine-on-death until discharged)
[2026-09-06T13:57:30Z INFO  squeezefs::cowriter] S9: lane free harvest served 12 block(s) of lane 4/16 on vol_tag 0xc5e11286df218556 to lease epoch 6 (removed from this authority's free list; quarantine-on-death until discharged)
[2026-09-06T13:57:30Z INFO  squeezefs::cowriter] S9: lane free harvest served 2 block(s) of lane 7/16 on vol_tag 0xad7b1d37b0829b08 to lease epoch 5 (removed from this authority's free list; quarantine-on-death until discharged)
[2026-09-06T13:57:30Z INFO  squeezefs::cowriter] S9: lane free harvest served 15 block(s) of lane 6/16 on vol_tag 0xad7b1d37b0829b08 to lease epoch 8 (removed from this authority's free list; quarantine-on-death until discharged)
[2026-09-06T13:57:30Z INFO  squeezefs::cowriter] S9: lane free harvest served 14 block(s) of lane 6/16 on vol_tag 0xc5e11286df218556 to lease epoch 8 (removed from this authority's free list; quarantine-on-death until discharged)
[2026-09-06T13:57:30Z INFO  squeezefs::cowriter] S9: lane free harvest served 8 block(s) of lane 7/16 on vol_tag 0xc5e11286df218556 to lease epoch 5 (removed from this authority's free list; quarantine-on-death until discharged)
[2026-09-06T13:57:30Z ERROR squeezefs::cowriter] S9: shipped free of block 3073 (vol_tag 0xad7b1d37b0829b08) names an offset this authority tracks no reference for and that is held in the freed-offset grace ring — the double-release lineage; refused (block_untracked_free_refusals)
[2026-09-06T13:57:30Z ERROR squeezefs::block_allocator] begin_free REFUSED untracked offset 12889096192: no refcount entry — double-release lineage (see block_untracked_free_refusals)
[2026-09-06T13:57:30Z INFO  squeezefs::cowriter] S9: lane free harvest served 1 block(s) of lane 1/16 on vol_tag 0xc5e11286df218556 to lease epoch 7 (removed from this authority's free list; quarantine-on-death until discharged)
[2026-09-06T13:57:30Z INFO  squeezefs::cowriter] S9: lane free harvest served 64 block(s) of lane 3/16 on vol_tag 0xad7b1d37b0829b08 to lease epoch 4 (removed from this authority's free list; quarantine-on-death until discharged)
[2026-09-06T13:57:30Z ERROR squeezefs::cowriter] S9: shipped free of block 2998 (vol_tag 0xad7b1d37b0829b08) names an offset this authority tracks no reference for and that is held in the freed-offset grace ring — the double-release lineage; refused (block_untracked_free_refusals)
[2026-09-06T13:57:30Z ERROR squeezefs::block_allocator] begin_free REFUSED untracked offset 12574523392: no refcount entry — double-release lineage (see block_untracked_free_refusals)
[2026-09-06T13:57:30Z INFO  squeezefs::cowriter] S9: lane free harvest served 7 block(s) of lane 8/16 on vol_tag 0xad7b1d37b0829b08 to lease epoch 1 (removed from this authority's free list; quarantine-on-death until discharged)
[2026-09-06T13:57:31Z ERROR squeezefs::cowriter] S9: shipped free of block 167 (vol_tag 0xad7b1d37b0829b08) names an offset this authority tracks no reference for and that is held in the freed-offset grace ring — the double-release lineage; refused (block_untracked_free_refusals)
[2026-09-06T13:57:31Z ERROR squeezefs::block_allocator] begin_free REFUSED untracked offset 700448768: no refcount entry — double-release lineage (see block_untracked_free_refusals)
[2026-09-06T13:57:31Z INFO  squeezefs::cowriter] S9: lane free harvest served 64 block(s) of lane 3/16 on vol_tag 0xc5e11286df218556 to lease epoch 4 (removed from this authority's free list; quarantine-on-death until discharged)
[2026-09-06T13:57:31Z ERROR squeezefs::cowriter] S9: shipped free of block 3048 (vol_tag 0xc5e11286df218556) names an offset this authority tracks no reference for and that is held in the freed-offset grace ring — the double-release lineage; refused (block_untracked_free_refusals)
[2026-09-06T13:57:31Z ERROR squeezefs::block_allocator] begin_free REFUSED untracked offset 12784238592: no refcount entry — double-release lineage (see block_untracked_free_refusals)
[2026-09-06T13:57:31Z ERROR squeezefs::cowriter] S9: shipped free of block 2452 (vol_tag 0xad7b1d37b0829b08) names an offset this authority tracks no reference for and that is held in the freed-offset grace ring — the double-release lineage; refused (block_untracked_free_refusals)
[2026-09-06T13:57:31Z ERROR squeezefs::block_allocator] begin_free REFUSED untracked offset 10284433408: no refcount entry — double-release lineage (see block_untracked_free_refusals)
[2026-09-06T13:57:31Z ERROR squeezefs::cowriter] S9: shipped free of block 403 (vol_tag 0xc5e11286df218556) names an offset this authority tracks no reference for and that is held in the freed-offset grace ring — the double-release lineage; refused (block_untracked_free_refusals)
[2026-09-06T13:57:31Z ERROR squeezefs::block_allocator] begin_free REFUSED untracked offset 1690304512: no refcount entry — double-release lineage (see block_untracked_free_refusals)
[2026-09-06T13:57:31Z ERROR squeezefs::cowriter] S9: shipped free of block 387 (vol_tag 0xad7b1d37b0829b08) names an offset this authority tracks no reference for and that is held in the freed-offset grace ring — the double-release lineage; refused (block_untracked_free_refusals)
[2026-09-06T13:57:31Z ERROR squeezefs::block_allocator] begin_free REFUSED untracked offset 1623195648: no refcount entry — double-release lineage (see block_untracked_free_refusals)
[2026-09-06T13:57:31Z INFO  squeezefs::cowriter] S9: lane free harvest served 64 block(s) of lane 3/16 on vol_tag 0xad7b1d37b0829b08 to lease epoch 4 (removed from this authority's free list; quarantine-on-death until discharged)
[2026-09-06T13:57:31Z INFO  squeezefs::cowriter] S9: lane free harvest served 27 block(s) of lane 3/16 on vol_tag 0xad7b1d37b0829b08 to lease epoch 4 (removed from this authority's free list; quarantine-on-death until discharged)
[2026-09-06T13:57:31Z INFO  squeezefs::cowriter] S9: lane free harvest served 64 block(s) of lane 3/16 on vol_tag 0xc5e11286df218556 to lease epoch 4 (removed from this authority's free list; quarantine-on-death until discharged)
[2026-09-06T13:57:33Z INFO  squeezefs::cowriter] S9: lane free harvest served 13 block(s) of lane 4/16 on vol_tag 0xad7b1d37b0829b08 to lease epoch 6 (removed from this authority's free list; quarantine-on-death until discharged)
[2026-09-06T13:57:33Z INFO  squeezefs::cowriter] S9: lane free harvest served 64 block(s) of lane 4/16 on vol_tag 0xad7b1d37b0829b08 to lease epoch 6 (removed from this authority's free list; quarantine-on-death until discharged)
[2026-09-06T13:57:33Z INFO  squeezefs::cowriter] S9: lane free harvest served 64 block(s) of lane 4/16 on vol_tag 0xc5e11286df218556 to lease epoch 6 (removed from this authority's free list; quarantine-on-death until discharged)
[2026-09-06T13:57:33Z INFO  squeezefs::cowriter] S9: lane free harvest served 64 block(s) of lane 8/16 on vol_tag 0xc5e11286df218556 to lease epoch 1 (removed from this authority's free list; quarantine-on-death until discharged)
[2026-09-06T13:57:33Z INFO  squeezefs::cowriter] S9: lane free harvest served 34 block(s) of lane 8/16 on vol_tag 0xad7b1d37b0829b08 to lease epoch 1 (removed from this authority's free list; quarantine-on-death until discharged)
[2026-09-06T13:57:33Z INFO  squeezefs::cowriter] S9: lane free harvest served 64 block(s) of lane 5/16 on vol_tag 0xc5e11286df218556 to lease epoch 2 (removed from this authority's free list; quarantine-on-death until discharged)
[2026-09-06T13:57:33Z INFO  squeezefs::cowriter] S9: lane free harvest served 64 block(s) of lane 1/16 on vol_tag 0xc5e11286df218556 to lease epoch 7 (removed from this authority's free list; quarantine-on-death until discharged)
[2026-09-06T13:57:33Z INFO  squeezefs::cowriter] S9: lane free harvest served 64 block(s) of lane 6/16 on vol_tag 0xc5e11286df218556 to lease epoch 8 (removed from this authority's free list; quarantine-on-death until discharged)
[2026-09-06T13:57:33Z INFO  squeezefs::cowriter] S9: lane free harvest served 64 block(s) of lane 7/16 on vol_tag 0xc5e11286df218556 to lease epoch 5 (removed from this authority's free list; quarantine-on-death until discharged)
[2026-09-06T13:57:33Z INFO  squeezefs::cowriter] S9: lane free harvest served 64 block(s) of lane 7/16 on vol_tag 0xad7b1d37b0829b08 to lease epoch 5 (removed from this authority's free list; quarantine-on-death until discharged)
[2026-09-06T13:57:33Z INFO  squeezefs::cowriter] S9: lane free harvest served 64 block(s) of lane 2/16 on vol_tag 0xc5e11286df218556 to lease epoch 3 (removed from this authority's free list; quarantine-on-death until discharged)
[2026-09-06T13:57:33Z INFO  squeezefs::cowriter] S9: lane free harvest served 64 block(s) of lane 5/16 on vol_tag 0xad7b1d37b0829b08 to lease epoch 2 (removed from this authority's free list; quarantine-on-death until discharged)
[2026-09-06T13:57:33Z INFO  squeezefs::cowriter] S9: lane free harvest served 64 block(s) of lane 1/16 on vol_tag 0xad7b1d37b0829b08 to lease epoch 7 (removed from this authority's free list; quarantine-on-death until discharged)
[2026-09-06T13:57:33Z INFO  squeezefs::cowriter] S9: lane free harvest served 64 block(s) of lane 6/16 on vol_tag 0xad7b1d37b0829b08 to lease epoch 8 (removed from this authority's free list; quarantine-on-death until discharged)
[2026-09-06T13:57:33Z INFO  squeezefs::cowriter] S9: lane free harvest served 64 block(s) of lane 2/16 on vol_tag 0xad7b1d37b0829b08 to lease epoch 3 (removed from this authority's free list; quarantine-on-death until discharged)
[2026-09-06T13:57:33Z INFO  squeezefs::cowriter] S9: lane free harvest served 64 block(s) of lane 2/16 on vol_tag 0xad7b1d37b0829b08 to lease epoch 3 (removed from this authority's free list; quarantine-on-death until discharged)
[2026-09-06T13:57:33Z INFO  squeezefs::cowriter] S9: lane free harvest served 64 block(s) of lane 5/16 on vol_tag 0xad7b1d37b0829b08 to lease epoch 2 (removed from this authority's free list; quarantine-on-death until discharged)
[2026-09-06T13:57:34Z INFO  squeezefs::cowriter] S9: lane free harvest served 64 block(s) of lane 8/16 on vol_tag 0xc5e11286df218556 to lease epoch 1 (removed from this authority's free list; quarantine-on-death until discharged)
[2026-09-06T13:57:34Z INFO  squeezefs::cowriter] S9: lane free harvest served 64 block(s) of lane 1/16 on vol_tag 0xad7b1d37b0829b08 to lease epoch 7 (removed from this authority's free list; quarantine-on-death until discharged)
[2026-09-06T13:57:34Z INFO  squeezefs::cowriter] S9: lane free harvest served 64 block(s) of lane 4/16 on vol_tag 0xad7b1d37b0829b08 to lease epoch 6 (removed from this authority's free list; quarantine-on-death until discharged)
[2026-09-06T13:57:34Z INFO  squeezefs::cowriter] S9: lane free harvest served 64 block(s) of lane 1/16 on vol_tag 0xc5e11286df218556 to lease epoch 7 (removed from this authority's free list; quarantine-on-death until discharged)
[2026-09-06T13:57:34Z INFO  squeezefs::cowriter] S9: lane free harvest served 64 block(s) of lane 1/16 on vol_tag 0xad7b1d37b0829b08 to lease epoch 7 (removed from this authority's free list; quarantine-on-death until discharged)
[2026-09-06T13:57:34Z ERROR squeezefs::cowriter] S9: shipped free of block 1656 (vol_tag 0xc5e11286df218556) names an offset this authority tracks no reference for and that is held in the freed-offset grace ring — the double-release lineage; refused (block_untracked_free_refusals)
[2026-09-06T13:57:34Z ERROR squeezefs::block_allocator] begin_free REFUSED untracked offset 6945767424: no refcount entry — double-release lineage (see block_untracked_free_refusals)
[2026-09-06T13:57:34Z INFO  squeezefs::cowriter] S9: lane free harvest served 64 block(s) of lane 7/16 on vol_tag 0xad7b1d37b0829b08 to lease epoch 5 (removed from this authority's free list; quarantine-on-death until discharged)
[2026-09-06T13:57:34Z INFO  squeezefs::cowriter] S9: lane free harvest served 64 block(s) of lane 6/16 on vol_tag 0xad7b1d37b0829b08 to lease epoch 8 (removed from this authority's free list; quarantine-on-death until discharged)
[2026-09-06T13:57:34Z INFO  squeezefs::cowriter] S9: lane free harvest served 64 block(s) of lane 4/16 on vol_tag 0xc5e11286df218556 to lease epoch 6 (removed from this authority's free list; quarantine-on-death until discharged)
[2026-09-06T13:57:34Z ERROR squeezefs::cowriter] S9: shipped free of block 279 (vol_tag 0xad7b1d37b0829b08) names an offset this authority tracks no reference for and that is held in the freed-offset grace ring — the double-release lineage; refused (block_untracked_free_refusals)
[2026-09-06T13:57:34Z ERROR squeezefs::block_allocator] begin_free REFUSED untracked offset 1170210816: no refcount entry — double-release lineage (see block_untracked_free_refusals)
[2026-09-06T13:57:34Z INFO  squeezefs::cowriter] S9: lane free harvest served 64 block(s) of lane 6/16 on vol_tag 0xc5e11286df218556 to lease epoch 8 (removed from this authority's free list; quarantine-on-death until discharged)
[2026-09-06T13:57:34Z INFO  squeezefs::cowriter] S9: lane free harvest served 42 block(s) of lane 6/16 on vol_tag 0xad7b1d37b0829b08 to lease epoch 8 (removed from this authority's free list; quarantine-on-death until discharged)
[2026-09-06T13:57:34Z INFO  squeezefs::cowriter] S9: lane free harvest served 64 block(s) of lane 7/16 on vol_tag 0xc5e11286df218556 to lease epoch 5 (removed from this authority's free list; quarantine-on-death until discharged)
[2026-09-06T13:57:34Z INFO  squeezefs::cowriter] S9: lane free harvest served 64 block(s) of lane 2/16 on vol_tag 0xc5e11286df218556 to lease epoch 3 (removed from this authority's free list; quarantine-on-death until discharged)
[2026-09-06T13:57:34Z INFO  squeezefs::cowriter] S9: lane free harvest served 50 block(s) of lane 5/16 on vol_tag 0xad7b1d37b0829b08 to lease epoch 2 (removed from this authority's free list; quarantine-on-death until discharged)
[2026-09-06T13:57:34Z INFO  squeezefs::cowriter] S9: lane free harvest served 64 block(s) of lane 5/16 on vol_tag 0xc5e11286df218556 to lease epoch 2 (removed from this authority's free list; quarantine-on-death until discharged)
[2026-09-06T13:57:35Z ERROR squeezefs::cowriter] S9: shipped free of block 2210 (vol_tag 0xc5e11286df218556) names an offset this authority tracks no reference for and that is held in the freed-offset grace ring — the double-release lineage; refused (block_untracked_free_refusals)
[2026-09-06T13:57:35Z ERROR squeezefs::block_allocator] begin_free REFUSED untracked offset 9269411840: no refcount entry — double-release lineage (see block_untracked_free_refusals)
[2026-09-06T13:57:35Z INFO  squeezefs::cowriter] S9: lane free harvest served 45 block(s) of lane 4/16 on vol_tag 0xad7b1d37b0829b08 to lease epoch 6 (removed from this authority's free list; quarantine-on-death until discharged)
[2026-09-06T13:57:35Z INFO  squeezefs::cowriter] S9: lane free harvest served 64 block(s) of lane 4/16 on vol_tag 0xc5e11286df218556 to lease epoch 6 (removed from this authority's free list; quarantine-on-death until discharged)
[2026-09-06T13:57:35Z ERROR squeezefs::cowriter] S9: shipped free of block 598 (vol_tag 0xad7b1d37b0829b08) names an offset this authority tracks no reference for and that is held in the freed-offset grace ring — the double-release lineage; refused (block_untracked_free_refusals)
[2026-09-06T13:57:35Z ERROR squeezefs::block_allocator] begin_free REFUSED untracked offset 2508193792: no refcount entry — double-release lineage (see block_untracked_free_refusals)
[2026-09-06T13:57:35Z ERROR squeezefs::cowriter] S9: shipped free of block 887 (vol_tag 0xc5e11286df218556) names an offset this authority tracks no reference for and that is held in the freed-offset grace ring — the double-release lineage; refused (block_untracked_free_refusals)
[2026-09-06T13:57:35Z ERROR squeezefs::block_allocator] begin_free REFUSED untracked offset 3720347648: no refcount entry — double-release lineage (see block_untracked_free_refusals)
[2026-09-06T13:57:35Z INFO  squeezefs::cowriter] S9: lane free harvest served 64 block(s) of lane 3/16 on vol_tag 0xc5e11286df218556 to lease epoch 4 (removed from this authority's free list; quarantine-on-death until discharged)
[2026-09-06T13:57:35Z INFO  squeezefs::cowriter] S9: lane free harvest served 45 block(s) of lane 2/16 on vol_tag 0xad7b1d37b0829b08 to lease epoch 3 (removed from this authority's free list; quarantine-on-death until discharged)
[2026-09-06T13:57:35Z INFO  squeezefs::cowriter] S9: lane free harvest served 64 block(s) of lane 7/16 on vol_tag 0xad7b1d37b0829b08 to lease epoch 5 (removed from this authority's free list; quarantine-on-death until discharged)
[2026-09-06T13:57:35Z INFO  squeezefs::cowriter] S9: lane free harvest served 48 block(s) of lane 7/16 on vol_tag 0xc5e11286df218556 to lease epoch 5 (removed from this authority's free list; quarantine-on-death until discharged)
[2026-09-06T13:57:35Z INFO  squeezefs::cowriter] S9: lane free harvest served 64 block(s) of lane 2/16 on vol_tag 0xc5e11286df218556 to lease epoch 3 (removed from this authority's free list; quarantine-on-death until discharged)
[2026-09-06T13:57:35Z INFO  squeezefs::cowriter] S9: lane free harvest served 5 block(s) of lane 5/16 on vol_tag 0xad7b1d37b0829b08 to lease epoch 2 (removed from this authority's free list; quarantine-on-death until discharged)
[2026-09-06T13:57:36Z INFO  squeezefs::cowriter] S9: lane free harvest served 64 block(s) of lane 8/16 on vol_tag 0xc5e11286df218556 to lease epoch 1 (removed from this authority's free list; quarantine-on-death until discharged)
[2026-09-06T13:57:36Z INFO  squeezefs::cowriter] S9: lane free harvest served 52 block(s) of lane 1/16 on vol_tag 0xc5e11286df218556 to lease epoch 7 (removed from this authority's free list; quarantine-on-death until discharged)
[2026-09-06T13:57:37Z INFO  squeezefs::cowriter] S9: lane free harvest served 2 block(s) of lane 1/16 on vol_tag 0xad7b1d37b0829b08 to lease epoch 7 (removed from this authority's free list; quarantine-on-death until discharged)
[2026-09-06T13:57:37Z INFO  squeezefs::cowriter] S9: lane free harvest served 1 block(s) of lane 6/16 on vol_tag 0xad7b1d37b0829b08 to lease epoch 8 (removed from this authority's free list; quarantine-on-death until discharged)
[2026-09-06T13:57:37Z INFO  squeezefs::cowriter] S9: lane free harvest served 1 block(s) of lane 8/16 on vol_tag 0xc5e11286df218556 to lease epoch 1 (removed from this authority's free list; quarantine-on-death until discharged)
[2026-09-06T13:57:37Z INFO  squeezefs::cowriter] S9: lane free harvest served 63 block(s) of lane 6/16 on vol_tag 0xad7b1d37b0829b08 to lease epoch 8 (removed from this authority's free list; quarantine-on-death until discharged)
[2026-09-06T13:57:37Z INFO  squeezefs::cowriter] S9: lane free harvest served 34 block(s) of lane 5/16 on vol_tag 0xad7b1d37b0829b08 to lease epoch 2 (removed from this authority's free list; quarantine-on-death until discharged)
[2026-09-06T13:57:37Z INFO  squeezefs::cowriter] S9: lane free harvest served 64 block(s) of lane 5/16 on vol_tag 0xad7b1d37b0829b08 to lease epoch 2 (removed from this authority's free list; quarantine-on-death until discharged)
[2026-09-06T13:57:37Z INFO  squeezefs::cowriter] S9: lane free harvest served 57 block(s) of lane 5/16 on vol_tag 0xad7b1d37b0829b08 to lease epoch 2 (removed from this authority's free list; quarantine-on-death until discharged)
[2026-09-06T13:57:37Z INFO  squeezefs::cowriter] S9: lane free harvest served 7 block(s) of lane 8/16 on vol_tag 0xc5e11286df218556 to lease epoch 1 (removed from this authority's free list; quarantine-on-death until discharged)
[2026-09-06T13:57:37Z INFO  squeezefs::cowriter] S9: lane free harvest served 64 block(s) of lane 8/16 on vol_tag 0xc5e11286df218556 to lease epoch 1 (removed from this authority's free list; quarantine-on-death until discharged)
[2026-09-06T13:57:37Z INFO  squeezefs::cowriter] S9: lane free harvest served 64 block(s) of lane 8/16 on vol_tag 0xc5e11286df218556 to lease epoch 1 (removed from this authority's free list; quarantine-on-death until discharged)
[2026-09-06T13:57:37Z INFO  squeezefs::cowriter] S9: lane free harvest served 13 block(s) of lane 8/16 on vol_tag 0xc5e11286df218556 to lease epoch 1 (removed from this authority's free list; quarantine-on-death until discharged)
[2026-09-06T13:57:37Z INFO  squeezefs::cowriter] S9: lane free harvest served 5 block(s) of lane 8/16 on vol_tag 0xc5e11286df218556 to lease epoch 1 (removed from this authority's free list; quarantine-on-death until discharged)
[2026-09-06T13:57:37Z INFO  squeezefs::cowriter] S9: lane free harvest served 3 block(s) of lane 8/16 on vol_tag 0xc5e11286df218556 to lease epoch 1 (removed from this authority's free list; quarantine-on-death until discharged)
[2026-09-06T13:57:38Z INFO  squeezefs::cowriter] S9: lane free harvest served 64 block(s) of lane 3/16 on vol_tag 0xc5e11286df218556 to lease epoch 4 (removed from this authority's free list; quarantine-on-death until discharged)
[2026-09-06T13:57:38Z INFO  squeezefs::cowriter] S9: lane free harvest served 64 block(s) of lane 1/16 on vol_tag 0xad7b1d37b0829b08 to lease epoch 7 (removed from this authority's free list; quarantine-on-death until discharged)
[2026-09-06T13:57:38Z INFO  squeezefs::cowriter] S9: lane free harvest served 64 block(s) of lane 4/16 on vol_tag 0xad7b1d37b0829b08 to lease epoch 6 (removed from this authority's free list; quarantine-on-death until discharged)
[2026-09-06T13:57:38Z INFO  squeezefs::cowriter] S9: lane free harvest served 64 block(s) of lane 7/16 on vol_tag 0xad7b1d37b0829b08 to lease epoch 5 (removed from this authority's free list; quarantine-on-death until discharged)
[2026-09-06T13:57:39Z INFO  squeezefs::cowriter] S9: lane free harvest served 64 block(s) of lane 6/16 on vol_tag 0xad7b1d37b0829b08 to lease epoch 8 (removed from this authority's free list; quarantine-on-death until discharged)
[2026-09-06T13:57:39Z INFO  squeezefs::cowriter] S9: lane free harvest served 24 block(s) of lane 6/16 on vol_tag 0xad7b1d37b0829b08 to lease epoch 8 (removed from this authority's free list; quarantine-on-death until discharged)
[2026-09-06T13:57:39Z INFO  squeezefs::cowriter] S9: lane free harvest served 64 block(s) of lane 3/16 on vol_tag 0xc5e11286df218556 to lease epoch 4 (removed from this authority's free list; quarantine-on-death until discharged)
[2026-09-06T13:57:39Z INFO  squeezefs::cowriter] S9: lane free harvest served 64 block(s) of lane 7/16 on vol_tag 0xad7b1d37b0829b08 to lease epoch 5 (removed from this authority's free list; quarantine-on-death until discharged)
[2026-09-06T13:57:39Z INFO  squeezefs::cowriter] S9: lane free harvest served 18 block(s) of lane 5/16 on vol_tag 0xad7b1d37b0829b08 to lease epoch 2 (removed from this authority's free list; quarantine-on-death until discharged)
[2026-09-06T13:57:40Z INFO  squeezefs::cowriter] S9: lane free harvest served 64 block(s) of lane 1/16 on vol_tag 0xad7b1d37b0829b08 to lease epoch 7 (removed from this authority's free list; quarantine-on-death until discharged)
[2026-09-06T13:57:40Z INFO  squeezefs::cowriter] S9: lane free harvest served 64 block(s) of lane 4/16 on vol_tag 0xad7b1d37b0829b08 to lease epoch 6 (removed from this authority's free list; quarantine-on-death until discharged)
[2026-09-06T13:57:40Z INFO  squeezefs::cowriter] S9: lane free harvest served 34 block(s) of lane 7/16 on vol_tag 0xad7b1d37b0829b08 to lease epoch 5 (removed from this authority's free list; quarantine-on-death until discharged)
[2026-09-06T13:57:40Z INFO  squeezefs::cowriter] S9: lane free harvest served 23 block(s) of lane 6/16 on vol_tag 0xad7b1d37b0829b08 to lease epoch 8 (removed from this authority's free list; quarantine-on-death until discharged)
[2026-09-06T13:57:40Z INFO  squeezefs::cowriter] S9: lane free harvest served 1 block(s) of lane 6/16 on vol_tag 0xad7b1d37b0829b08 to lease epoch 8 (removed from this authority's free list; quarantine-on-death until discharged)
[2026-09-06T13:57:40Z INFO  squeezefs::cowriter] S9: lane free harvest served 56 block(s) of lane 3/16 on vol_tag 0xc5e11286df218556 to lease epoch 4 (removed from this authority's free list; quarantine-on-death until discharged)
[2026-09-06T13:57:40Z INFO  squeezefs::cowriter] S9: lane free harvest served 64 block(s) of lane 2/16 on vol_tag 0xc5e11286df218556 to lease epoch 3 (removed from this authority's free list; quarantine-on-death until discharged)
[2026-09-06T13:57:41Z INFO  squeezefs::cowriter] S9: lane free harvest served 10 block(s) of lane 8/16 on vol_tag 0xc5e11286df218556 to lease epoch 1 (removed from this authority's free list; quarantine-on-death until discharged)
[2026-09-06T13:57:41Z INFO  squeezefs::cowriter] S9: lane free harvest served 28 block(s) of lane 1/16 on vol_tag 0xad7b1d37b0829b08 to lease epoch 7 (removed from this authority's free list; quarantine-on-death until discharged)
[2026-09-06T13:57:41Z INFO  squeezefs::cowriter] S9: lane free harvest served 1 block(s) of lane 7/16 on vol_tag 0xad7b1d37b0829b08 to lease epoch 5 (removed from this authority's free list; quarantine-on-death until discharged)
[2026-09-06T13:57:41Z INFO  squeezefs::cowriter] S9: lane free harvest served 64 block(s) of lane 2/16 on vol_tag 0xc5e11286df218556 to lease epoch 3 (removed from this authority's free list; quarantine-on-death until discharged)
[2026-09-06T13:57:41Z ERROR squeezefs::cowriter] S9: shipped free of block 1557 (vol_tag 0xc5e11286df218556) names an offset this authority tracks no reference for and that is held in the freed-offset grace ring — the double-release lineage; refused (block_untracked_free_refusals)
[2026-09-06T13:57:41Z ERROR squeezefs::block_allocator] begin_free REFUSED untracked offset 6530531328: no refcount entry — double-release lineage (see block_untracked_free_refusals)
[2026-09-06T13:57:41Z ERROR squeezefs::cowriter] S9: shipped free of block 4098 (vol_tag 0xc5e11286df218556) names an offset this authority tracks no reference for and that is held in the freed-offset grace ring — the double-release lineage; refused (block_untracked_free_refusals)
[2026-09-06T13:57:41Z ERROR squeezefs::block_allocator] begin_free REFUSED untracked offset 17188257792: no refcount entry — double-release lineage (see block_untracked_free_refusals)
[2026-09-06T13:57:41Z ERROR squeezefs::cowriter] S9: shipped free of block 4529 (vol_tag 0xad7b1d37b0829b08) names an offset this authority tracks no reference for and that is held in the freed-offset grace ring — the double-release lineage; refused (block_untracked_free_refusals)
[2026-09-06T13:57:41Z ERROR squeezefs::block_allocator] begin_free REFUSED untracked offset 18996002816: no refcount entry — double-release lineage (see block_untracked_free_refusals)
[2026-09-06T13:57:41Z INFO  squeezefs::cowriter] S9: lane free harvest served 64 block(s) of lane 5/16 on vol_tag 0xc5e11286df218556 to lease epoch 2 (removed from this authority's free list; quarantine-on-death until discharged)
[2026-09-06T13:57:42Z INFO  squeezefs::cowriter] S9: lane free harvest served 17 block(s) of lane 8/16 on vol_tag 0xc5e11286df218556 to lease epoch 1 (removed from this authority's free list; quarantine-on-death until discharged)
[2026-09-06T13:57:42Z ERROR squeezefs::cowriter] S9: shipped free of block 4866 (vol_tag 0xc5e11286df218556) names an offset this authority tracks no reference for and that is held in the freed-offset grace ring — the double-release lineage; refused (block_untracked_free_refusals)
[2026-09-06T13:57:42Z ERROR squeezefs::block_allocator] begin_free REFUSED untracked offset 20409483264: no refcount entry — double-release lineage (see block_untracked_free_refusals)
[2026-09-06T13:57:42Z INFO  squeezefs::cowriter] S9: lane free harvest served 19 block(s) of lane 1/16 on vol_tag 0xad7b1d37b0829b08 to lease epoch 7 (removed from this authority's free list; quarantine-on-death until discharged)
[2026-09-06T13:57:42Z INFO  squeezefs::cowriter] S9: lane free harvest served 16 block(s) of lane 7/16 on vol_tag 0xad7b1d37b0829b08 to lease epoch 5 (removed from this authority's free list; quarantine-on-death until discharged)
[2026-09-06T13:57:42Z ERROR squeezefs::cowriter] S9: shipped free of block 5009 (vol_tag 0xad7b1d37b0829b08) names an offset this authority tracks no reference for and that is held in the freed-offset grace ring — the double-release lineage; refused (block_untracked_free_refusals)
[2026-09-06T13:57:42Z ERROR squeezefs::block_allocator] begin_free REFUSED untracked offset 21009268736: no refcount entry — double-release lineage (see block_untracked_free_refusals)
[2026-09-06T13:57:42Z INFO  squeezefs::cowriter] S9: lane free harvest served 59 block(s) of lane 2/16 on vol_tag 0xc5e11286df218556 to lease epoch 3 (removed from this authority's free list; quarantine-on-death until discharged)
[2026-09-06T13:57:42Z ERROR squeezefs::cowriter] S9: shipped free of block 4403 (vol_tag 0xc5e11286df218556) names an offset this authority tracks no reference for and that is held in the freed-offset grace ring — the double-release lineage; refused (block_untracked_free_refusals)
[2026-09-06T13:57:42Z ERROR squeezefs::block_allocator] begin_free REFUSED untracked offset 18467520512: no refcount entry — double-release lineage (see block_untracked_free_refusals)
[2026-09-06T13:57:42Z ERROR squeezefs::cowriter] S9: shipped free of block 6087 (vol_tag 0xad7b1d37b0829b08) names an offset this authority tracks no reference for and that is held in the freed-offset grace ring — the double-release lineage; refused (block_untracked_free_refusals)
[2026-09-06T13:57:42Z ERROR squeezefs::block_allocator] begin_free REFUSED untracked offset 25530728448: no refcount entry — double-release lineage (see block_untracked_free_refusals)
[2026-09-06T13:57:43Z INFO  squeezefs::cowriter] S9: lane free harvest served 64 block(s) of lane 5/16 on vol_tag 0xc5e11286df218556 to lease epoch 2 (removed from this authority's free list; quarantine-on-death until discharged)
[2026-09-06T13:57:43Z INFO  squeezefs::cowriter] S9: lane free harvest served 1 block(s) of lane 8/16 on vol_tag 0xc5e11286df218556 to lease epoch 1 (removed from this authority's free list; quarantine-on-death until discharged)
[2026-09-06T13:57:43Z ERROR squeezefs::cowriter] S9: shipped free of block 6115 (vol_tag 0xc5e11286df218556) names an offset this authority tracks no reference for and that is held in the freed-offset grace ring — the double-release lineage; refused (block_untracked_free_refusals)
[2026-09-06T13:57:43Z ERROR squeezefs::block_allocator] begin_free REFUSED untracked offset 25648168960: no refcount entry — double-release lineage (see block_untracked_free_refusals)
[2026-09-06T13:57:43Z ERROR squeezefs::cowriter] S9: shipped free of block 502 (vol_tag 0xc5e11286df218556) names an offset this authority tracks no reference for and that is held in the freed-offset grace ring — the double-release lineage; refused (block_untracked_free_refusals)
[2026-09-06T13:57:43Z ERROR squeezefs::block_allocator] begin_free REFUSED untracked offset 2105540608: no refcount entry — double-release lineage (see block_untracked_free_refusals)
[2026-09-06T13:57:43Z ERROR squeezefs::cowriter] S9: shipped free of block 4324 (vol_tag 0xad7b1d37b0829b08) names an offset this authority tracks no reference for and that is held in the freed-offset grace ring — the double-release lineage; refused (block_untracked_free_refusals)
[2026-09-06T13:57:43Z ERROR squeezefs::block_allocator] begin_free REFUSED untracked offset 18136170496: no refcount entry — double-release lineage (see block_untracked_free_refusals)
[2026-09-06T13:57:43Z INFO  squeezefs::cowriter] S9: lane free harvest served 64 block(s) of lane 6/16 on vol_tag 0xc5e11286df218556 to lease epoch 8 (removed from this authority's free list; quarantine-on-death until discharged)
[2026-09-06T13:57:43Z INFO  squeezefs::cowriter] S9: lane free harvest served 64 block(s) of lane 4/16 on vol_tag 0xad7b1d37b0829b08 to lease epoch 6 (removed from this authority's free list; quarantine-on-death until discharged)
[2026-09-06T13:57:43Z ERROR squeezefs::cowriter] S9: shipped free of block 4871 (vol_tag 0xad7b1d37b0829b08) names an offset this authority tracks no reference for and that is held in the freed-offset grace ring — the double-release lineage; refused (block_untracked_free_refusals)
[2026-09-06T13:57:43Z ERROR squeezefs::block_allocator] begin_free REFUSED untracked offset 20430454784: no refcount entry — double-release lineage (see block_untracked_free_refusals)
[2026-09-06T13:57:43Z INFO  squeezefs::cowriter] S9: lane free harvest served 1 block(s) of lane 3/16 on vol_tag 0xc5e11286df218556 to lease epoch 4 (removed from this authority's free list; quarantine-on-death until discharged)
[2026-09-06T13:57:44Z ERROR squeezefs::cowriter] S9: shipped free of block 2566 (vol_tag 0xc5e11286df218556) names an offset this authority tracks no reference for and that is held in the freed-offset grace ring — the double-release lineage; refused (block_untracked_free_refusals)
[2026-09-06T13:57:44Z ERROR squeezefs::block_allocator] begin_free REFUSED untracked offset 10762584064: no refcount entry — double-release lineage (see block_untracked_free_refusals)
[2026-09-06T13:57:45Z ERROR squeezefs::cowriter] S9: shipped free of block 5780 (vol_tag 0xad7b1d37b0829b08) names an offset this authority tracks no reference for and that is held in the freed-offset grace ring — the double-release lineage; refused (block_untracked_free_refusals)
[2026-09-06T13:57:45Z ERROR squeezefs::block_allocator] begin_free REFUSED untracked offset 24243077120: no refcount entry — double-release lineage (see block_untracked_free_refusals)
[2026-09-06T13:57:45Z ERROR squeezefs::cowriter] S9: shipped free of block 1922 (vol_tag 0xc5e11286df218556) names an offset this authority tracks no reference for and that is held in the freed-offset grace ring — the double-release lineage; refused (block_untracked_free_refusals)
[2026-09-06T13:57:45Z ERROR squeezefs::block_allocator] begin_free REFUSED untracked offset 8061452288: no refcount entry — double-release lineage (see block_untracked_free_refusals)
[2026-09-06T13:57:45Z ERROR squeezefs::cowriter] S9: shipped free of block 5396 (vol_tag 0xad7b1d37b0829b08) names an offset this authority tracks no reference for and that is held in the freed-offset grace ring — the double-release lineage; refused (block_untracked_free_refusals)
[2026-09-06T13:57:45Z ERROR squeezefs::block_allocator] begin_free REFUSED untracked offset 22632464384: no refcount entry — double-release lineage (see block_untracked_free_refusals)
[2026-09-06T13:57:45Z INFO  squeezefs::cowriter] S9: lane free harvest served 1 block(s) of lane 1/16 on vol_tag 0xad7b1d37b0829b08 to lease epoch 7 (removed from this authority's free list; quarantine-on-death until discharged)
[2026-09-06T13:57:45Z INFO  squeezefs::cowriter] S9: lane free harvest served 64 block(s) of lane 8/16 on vol_tag 0xad7b1d37b0829b08 to lease epoch 1 (removed from this authority's free list; quarantine-on-death until discharged)
[2026-09-06T13:57:45Z INFO  squeezefs::cowriter] S9: lane free harvest served 64 block(s) of lane 8/16 on vol_tag 0xad7b1d37b0829b08 to lease epoch 1 (removed from this authority's free list; quarantine-on-death until discharged)
[2026-09-06T13:57:45Z INFO  squeezefs::cowriter] S9: lane free harvest served 64 block(s) of lane 8/16 on vol_tag 0xad7b1d37b0829b08 to lease epoch 1 (removed from this authority's free list; quarantine-on-death until discharged)
[2026-09-06T13:57:45Z INFO  squeezefs::cowriter] S9: lane free harvest served 64 block(s) of lane 8/16 on vol_tag 0xad7b1d37b0829b08 to lease epoch 1 (removed from this authority's free list; quarantine-on-death until discharged)
[2026-09-06T13:57:45Z INFO  squeezefs::cowriter] S9: lane free harvest served 58 block(s) of lane 8/16 on vol_tag 0xad7b1d37b0829b08 to lease epoch 1 (removed from this authority's free list; quarantine-on-death until discharged)
[2026-09-06T13:57:45Z INFO  squeezefs::cowriter] S9: lane free harvest served 6 block(s) of lane 4/16 on vol_tag 0xad7b1d37b0829b08 to lease epoch 6 (removed from this authority's free list; quarantine-on-death until discharged)
[2026-09-06T13:57:45Z INFO  squeezefs::cowriter] S9: lane free harvest served 64 block(s) of lane 6/16 on vol_tag 0xc5e11286df218556 to lease epoch 8 (removed from this authority's free list; quarantine-on-death until discharged)
[2026-09-06T13:57:45Z INFO  squeezefs::cowriter] S9: lane free harvest served 8 block(s) of lane 2/16 on vol_tag 0xc5e11286df218556 to lease epoch 3 (removed from this authority's free list; quarantine-on-death until discharged)
[2026-09-06T13:57:46Z INFO  squeezefs::cowriter] S9: lane free harvest served 64 block(s) of lane 5/16 on vol_tag 0xc5e11286df218556 to lease epoch 2 (removed from this authority's free list; quarantine-on-death until discharged)
[2026-09-06T13:57:46Z INFO  squeezefs::cluster_wire] cluster wire: peer 'node_1c4e7f3e0e89c39d.m2ca15b23' admitted from 192.168.86.52:45598 (plaintext, storage-trust proof, per-frame MAC)
[2026-09-06T13:57:46Z INFO  squeezefs::cowriter] S9: lane free harvest served 64 block(s) of lane 6/16 on vol_tag 0xc5e11286df218556 to lease epoch 8 (removed from this authority's free list; quarantine-on-death until discharged)
[2026-09-06T13:57:46Z INFO  squeezefs::cowriter] S9: lane free harvest served 64 block(s) of lane 3/16 on vol_tag 0xc5e11286df218556 to lease epoch 4 (removed from this authority's free list; quarantine-on-death until discharged)
[2026-09-06T13:57:46Z INFO  squeezefs::cowriter] S9: lane free harvest served 64 block(s) of lane 3/16 on vol_tag 0xc5e11286df218556 to lease epoch 4 (removed from this authority's free list; quarantine-on-death until discharged)
[2026-09-06T13:57:46Z INFO  squeezefs::cowriter] S9: lane free harvest served 1 block(s) of lane 3/16 on vol_tag 0xc5e11286df218556 to lease epoch 4 (removed from this authority's free list; quarantine-on-death until discharged)
[2026-09-06T13:57:46Z INFO  squeezefs::cowriter] S9: lane free harvest served 64 block(s) of lane 4/16 on vol_tag 0xad7b1d37b0829b08 to lease epoch 6 (removed from this authority's free list; quarantine-on-death until discharged)
[2026-09-06T13:57:46Z INFO  squeezefs::cowriter] S9: lane free harvest served 64 block(s) of lane 4/16 on vol_tag 0xad7b1d37b0829b08 to lease epoch 6 (removed from this authority's free list; quarantine-on-death until discharged)
[2026-09-06T13:57:46Z INFO  squeezefs::cowriter] S9: lane free harvest served 64 block(s) of lane 7/16 on vol_tag 0xad7b1d37b0829b08 to lease epoch 5 (removed from this authority's free list; quarantine-on-death until discharged)
[2026-09-06T13:57:46Z INFO  squeezefs::cowriter] S9: lane free harvest served 64 block(s) of lane 7/16 on vol_tag 0xad7b1d37b0829b08 to lease epoch 5 (removed from this authority's free list; quarantine-on-death until discharged)
[2026-09-06T13:57:46Z INFO  squeezefs::cowriter] S9: lane free harvest served 16 block(s) of lane 7/16 on vol_tag 0xad7b1d37b0829b08 to lease epoch 5 (removed from this authority's free list; quarantine-on-death until discharged)
[2026-09-06T13:57:47Z INFO  squeezefs::cowriter] S9: lane free harvest served 64 block(s) of lane 2/16 on vol_tag 0xc5e11286df218556 to lease epoch 3 (removed from this authority's free list; quarantine-on-death until discharged)
[2026-09-06T13:57:47Z INFO  squeezefs::cowriter] S9: lane free harvest served 46 block(s) of lane 6/16 on vol_tag 0xc5e11286df218556 to lease epoch 8 (removed from this authority's free list; quarantine-on-death until discharged)
[2026-09-06T13:57:47Z INFO  squeezefs::cowriter] S9: lane free harvest served 64 block(s) of lane 1/16 on vol_tag 0xad7b1d37b0829b08 to lease epoch 7 (removed from this authority's free list; quarantine-on-death until discharged)
[2026-09-06T13:57:48Z INFO  squeezefs::cowriter] S9: lane free harvest served 64 block(s) of lane 8/16 on vol_tag 0xc5e11286df218556 to lease epoch 1 (removed from this authority's free list; quarantine-on-death until discharged)
[2026-09-06T13:57:48Z INFO  squeezefs::cowriter] S9: lane free harvest served 64 block(s) of lane 5/16 on vol_tag 0xc5e11286df218556 to lease epoch 2 (removed from this authority's free list; quarantine-on-death until discharged)
[2026-09-06T13:57:48Z INFO  squeezefs::cowriter] S9: lane free harvest served 31 block(s) of lane 6/16 on vol_tag 0xc5e11286df218556 to lease epoch 8 (removed from this authority's free list; quarantine-on-death until discharged)
[2026-09-06T13:57:48Z INFO  squeezefs::cowriter] S9: lane free harvest served 64 block(s) of lane 3/16 on vol_tag 0xad7b1d37b0829b08 to lease epoch 4 (removed from this authority's free list; quarantine-on-death until discharged)
[2026-09-06T13:57:48Z INFO  squeezefs::cowriter] S9: lane free harvest served 64 block(s) of lane 1/16 on vol_tag 0xad7b1d37b0829b08 to lease epoch 7 (removed from this authority's free list; quarantine-on-death until discharged)
[2026-09-06T13:57:48Z INFO  squeezefs::cowriter] S9: lane free harvest served 22 block(s) of lane 1/16 on vol_tag 0xad7b1d37b0829b08 to lease epoch 7 (removed from this authority's free list; quarantine-on-death until discharged)
[2026-09-06T13:57:48Z INFO  squeezefs::cowriter] S9: lane free harvest served 64 block(s) of lane 2/16 on vol_tag 0xc5e11286df218556 to lease epoch 3 (removed from this authority's free list; quarantine-on-death until discharged)
[2026-09-06T13:57:48Z INFO  squeezefs::cowriter] S9: lane free harvest served 7 block(s) of lane 2/16 on vol_tag 0xc5e11286df218556 to lease epoch 3 (removed from this authority's free list; quarantine-on-death until discharged)
[2026-09-06T13:57:48Z INFO  squeezefs::cowriter] S9: lane free harvest served 9 block(s) of lane 7/16 on vol_tag 0xad7b1d37b0829b08 to lease epoch 5 (removed from this authority's free list; quarantine-on-death until discharged)
[2026-09-06T13:57:49Z INFO  squeezefs::cowriter] S9: lane free harvest served 7 block(s) of lane 7/16 on vol_tag 0xad7b1d37b0829b08 to lease epoch 5 (removed from this authority's free list; quarantine-on-death until discharged)
[2026-09-06T13:57:49Z INFO  squeezefs::cowriter] S9: lane free harvest served 64 block(s) of lane 8/16 on vol_tag 0xad7b1d37b0829b08 to lease epoch 1 (removed from this authority's free list; quarantine-on-death until discharged)
[2026-09-06T13:57:49Z INFO  squeezefs::cowriter] S9: lane free harvest served 10 block(s) of lane 4/16 on vol_tag 0xad7b1d37b0829b08 to lease epoch 6 (removed from this authority's free list; quarantine-on-death until discharged)
[2026-09-06T13:57:49Z INFO  squeezefs::cowriter] S9: lane free harvest served 2 block(s) of lane 4/16 on vol_tag 0xad7b1d37b0829b08 to lease epoch 6 (removed from this authority's free list; quarantine-on-death until discharged)
[2026-09-06T13:57:49Z INFO  squeezefs::cowriter] S9: lane free harvest served 64 block(s) of lane 3/16 on vol_tag 0xad7b1d37b0829b08 to lease epoch 4 (removed from this authority's free list; quarantine-on-death until discharged)
[2026-09-06T13:57:49Z INFO  squeezefs::cowriter] S9: lane free harvest served 1 block(s) of lane 4/16 on vol_tag 0xad7b1d37b0829b08 to lease epoch 6 (removed from this authority's free list; quarantine-on-death until discharged)
[2026-09-06T13:57:49Z INFO  squeezefs::cowriter] S9: lane free harvest served 1 block(s) of lane 7/16 on vol_tag 0xad7b1d37b0829b08 to lease epoch 5 (removed from this authority's free list; quarantine-on-death until discharged)
[2026-09-06T13:57:49Z INFO  squeezefs::cowriter] S9: lane free harvest served 11 block(s) of lane 2/16 on vol_tag 0xc5e11286df218556 to lease epoch 3 (removed from this authority's free list; quarantine-on-death until discharged)
[2026-09-06T13:57:49Z INFO  squeezefs::cowriter] S9: lane free harvest served 2 block(s) of lane 4/16 on vol_tag 0xad7b1d37b0829b08 to lease epoch 6 (removed from this authority's free list; quarantine-on-death until discharged)
[2026-09-06T13:57:49Z INFO  squeezefs::cowriter] S9: lane free harvest served 64 block(s) of lane 5/16 on vol_tag 0xc5e11286df218556 to lease epoch 2 (removed from this authority's free list; quarantine-on-death until discharged)
[2026-09-06T13:57:49Z INFO  squeezefs::cowriter] S9: lane free harvest served 64 block(s) of lane 6/16 on vol_tag 0xc5e11286df218556 to lease epoch 8 (removed from this authority's free list; quarantine-on-death until discharged)
[2026-09-06T13:57:49Z INFO  squeezefs::cowriter] S9: lane free harvest served 64 block(s) of lane 3/16 on vol_tag 0xad7b1d37b0829b08 to lease epoch 4 (removed from this authority's free list; quarantine-on-death until discharged)
[2026-09-06T13:57:49Z INFO  squeezefs::cowriter] S9: lane free harvest served 64 block(s) of lane 3/16 on vol_tag 0xad7b1d37b0829b08 to lease epoch 4 (removed from this authority's free list; quarantine-on-death until discharged)
[2026-09-06T13:57:49Z INFO  squeezefs::cowriter] S9: lane free harvest served 6 block(s) of lane 7/16 on vol_tag 0xad7b1d37b0829b08 to lease epoch 5 (removed from this authority's free list; quarantine-on-death until discharged)
[2026-09-06T13:57:49Z INFO  squeezefs::cowriter] S9: lane free harvest served 6 block(s) of lane 4/16 on vol_tag 0xad7b1d37b0829b08 to lease epoch 6 (removed from this authority's free list; quarantine-on-death until discharged)
[2026-09-06T13:57:49Z INFO  squeezefs::cowriter] S9: lane free harvest served 19 block(s) of lane 2/16 on vol_tag 0xc5e11286df218556 to lease epoch 3 (removed from this authority's free list; quarantine-on-death until discharged)
[2026-09-06T13:57:50Z INFO  squeezefs::cowriter] S9: lane free harvest served 64 block(s) of lane 5/16 on vol_tag 0xc5e11286df218556 to lease epoch 2 (removed from this authority's free list; quarantine-on-death until discharged)
[2026-09-06T13:57:50Z INFO  squeezefs::cowriter] S9: lane free harvest served 1 block(s) of lane 7/16 on vol_tag 0xad7b1d37b0829b08 to lease epoch 5 (removed from this authority's free list; quarantine-on-death until discharged)
[2026-09-06T13:57:50Z INFO  squeezefs::cowriter] S9: lane free harvest served 2 block(s) of lane 4/16 on vol_tag 0xad7b1d37b0829b08 to lease epoch 6 (removed from this authority's free list; quarantine-on-death until discharged)
[2026-09-06T13:57:50Z INFO  squeezefs::cowriter] S9: lane free harvest served 23 block(s) of lane 1/16 on vol_tag 0xad7b1d37b0829b08 to lease epoch 7 (removed from this authority's free list; quarantine-on-death until discharged)
[2026-09-06T13:57:50Z INFO  squeezefs::cowriter] S9: lane free harvest served 2 block(s) of lane 4/16 on vol_tag 0xad7b1d37b0829b08 to lease epoch 6 (removed from this authority's free list; quarantine-on-death until discharged)
[2026-09-06T13:57:50Z INFO  squeezefs::cowriter] S9: lane free harvest served 64 block(s) of lane 3/16 on vol_tag 0xad7b1d37b0829b08 to lease epoch 4 (removed from this authority's free list; quarantine-on-death until discharged)
[2026-09-06T13:57:50Z INFO  squeezefs::cowriter] S9: lane free harvest served 64 block(s) of lane 6/16 on vol_tag 0xc5e11286df218556 to lease epoch 8 (removed from this authority's free list; quarantine-on-death until discharged)
[2026-09-06T13:57:50Z INFO  squeezefs::cowriter] S9: lane free harvest served 3 block(s) of lane 2/16 on vol_tag 0xc5e11286df218556 to lease epoch 3 (removed from this authority's free list; quarantine-on-death until discharged)
[2026-09-06T13:57:50Z INFO  squeezefs::cowriter] S9: lane free harvest served 64 block(s) of lane 5/16 on vol_tag 0xad7b1d37b0829b08 to lease epoch 2 (removed from this authority's free list; quarantine-on-death until discharged)
[2026-09-06T13:57:50Z INFO  squeezefs::cowriter] S9: lane free harvest served 6 block(s) of lane 4/16 on vol_tag 0xad7b1d37b0829b08 to lease epoch 6 (removed from this authority's free list; quarantine-on-death until discharged)
[2026-09-06T13:57:50Z INFO  squeezefs::cowriter] S9: lane free harvest served 13 block(s) of lane 7/16 on vol_tag 0xad7b1d37b0829b08 to lease epoch 5 (removed from this authority's free list; quarantine-on-death until discharged)
[2026-09-06T13:57:51Z INFO  squeezefs::cowriter] S9: lane free harvest served 5 block(s) of lane 7/16 on vol_tag 0xad7b1d37b0829b08 to lease epoch 5 (removed from this authority's free list; quarantine-on-death until discharged)
[2026-09-06T13:57:51Z INFO  squeezefs::cowriter] S9: lane free harvest served 64 block(s) of lane 2/16 on vol_tag 0xad7b1d37b0829b08 to lease epoch 3 (removed from this authority's free list; quarantine-on-death until discharged)
[2026-09-06T13:57:51Z INFO  squeezefs::cowriter] S9: lane free harvest served 5 block(s) of lane 1/16 on vol_tag 0xad7b1d37b0829b08 to lease epoch 7 (removed from this authority's free list; quarantine-on-death until discharged)
[2026-09-06T13:57:51Z INFO  squeezefs::cowriter] S9: lane free harvest served 19 block(s) of lane 4/16 on vol_tag 0xad7b1d37b0829b08 to lease epoch 6 (removed from this authority's free list; quarantine-on-death until discharged)
[2026-09-06T13:57:51Z INFO  squeezefs::cowriter] S9: lane free harvest served 5 block(s) of lane 6/16 on vol_tag 0xc5e11286df218556 to lease epoch 8 (removed from this authority's free list; quarantine-on-death until discharged)
[2026-09-06T13:57:51Z INFO  squeezefs::cowriter] S9: lane free harvest served 1 block(s) of lane 2/16 on vol_tag 0xc5e11286df218556 to lease epoch 3 (removed from this authority's free list; quarantine-on-death until discharged)
[2026-09-06T13:57:51Z INFO  squeezefs::cowriter] S9: lane free harvest served 64 block(s) of lane 5/16 on vol_tag 0xad7b1d37b0829b08 to lease epoch 2 (removed from this authority's free list; quarantine-on-death until discharged)
[2026-09-06T13:57:51Z ERROR squeezefs::cowriter] S9: shipped free of block 2424 (vol_tag 0xc5e11286df218556) names an offset this authority tracks no reference for and that is held in the freed-offset grace ring — the double-release lineage; refused (block_untracked_free_refusals)
[2026-09-06T13:57:51Z ERROR squeezefs::block_allocator] begin_free REFUSED untracked offset 10166992896: no refcount entry — double-release lineage (see block_untracked_free_refusals)
[2026-09-06T13:57:52Z ERROR squeezefs::cowriter] S9: shipped free of block 7251 (vol_tag 0xad7b1d37b0829b08) names an offset this authority tracks no reference for and that is held in the freed-offset grace ring — the double-release lineage; refused (block_untracked_free_refusals)
[2026-09-06T13:57:52Z ERROR squeezefs::block_allocator] begin_free REFUSED untracked offset 30412898304: no refcount entry — double-release lineage (see block_untracked_free_refusals)
[2026-09-06T13:57:52Z INFO  squeezefs::cowriter] S9: lane free harvest served 64 block(s) of lane 8/16 on vol_tag 0xad7b1d37b0829b08 to lease epoch 1 (removed from this authority's free list; quarantine-on-death until discharged)
[2026-09-06T13:57:52Z INFO  squeezefs::cowriter] S9: lane free harvest served 31 block(s) of lane 5/16 on vol_tag 0xc5e11286df218556 to lease epoch 2 (removed from this authority's free list; quarantine-on-death until discharged)
[2026-09-06T13:57:52Z INFO  squeezefs::cowriter] S9: lane free harvest served 64 block(s) of lane 8/16 on vol_tag 0xc5e11286df218556 to lease epoch 1 (removed from this authority's free list; quarantine-on-death until discharged)
[2026-09-06T13:57:52Z INFO  squeezefs::cowriter] S9: lane free harvest served 7 block(s) of lane 4/16 on vol_tag 0xad7b1d37b0829b08 to lease epoch 6 (removed from this authority's free list; quarantine-on-death until discharged)
[2026-09-06T13:57:52Z ERROR squeezefs] INVARIANT TRIPWIRE 'read_settle_lost_serialized': block 383 of inode_2: incarnation moved under BLOCK_FLUSH_LOCKS + INODE_META_LOCKS (key 'nvme4n1://2977955840' — offset 2977955840: live_incarnation 0, fill(word) None, refcount None, free_listed false, inflight false, quarantined false, key_names 0; co_writer false) — a concurrency outcome the design says cannot happen just happened. Counted in invariant_tripwires; the daemon proceeds (a panic here would lose a FUSE reply, which is strictly worse than a wrong-but-served op)
[2026-09-06T13:57:52Z ERROR squeezefs::cowriter] S9: shipped free of block 5331 (vol_tag 0xad7b1d37b0829b08) names an offset this authority tracks no reference for and that is held in the freed-offset grace ring — the double-release lineage; refused (block_untracked_free_refusals)
[2026-09-06T13:57:52Z ERROR squeezefs::block_allocator] begin_free REFUSED untracked offset 22359834624: no refcount entry — double-release lineage (see block_untracked_free_refusals)
[2026-09-06T13:57:52Z ERROR squeezefs::cowriter] S9: shipped free of block 1208 (vol_tag 0xc5e11286df218556) names an offset this authority tracks no reference for and that is held in the freed-offset grace ring — the double-release lineage; refused (block_untracked_free_refusals)
[2026-09-06T13:57:52Z ERROR squeezefs::block_allocator] begin_free REFUSED untracked offset 5066719232: no refcount entry — double-release lineage (see block_untracked_free_refusals)
[2026-09-06T13:57:52Z INFO  squeezefs::cowriter] S9: lane free harvest served 2 block(s) of lane 4/16 on vol_tag 0xad7b1d37b0829b08 to lease epoch 6 (removed from this authority's free list; quarantine-on-death until discharged)
[2026-09-06T13:57:52Z ERROR squeezefs::cowriter] S9: shipped free of block 6998 (vol_tag 0xc5e11286df218556) names an offset this authority tracks no reference for and that is held in the freed-offset grace ring — the double-release lineage; refused (block_untracked_free_refusals)
[2026-09-06T13:57:52Z ERROR squeezefs::block_allocator] begin_free REFUSED untracked offset 29351739392: no refcount entry — double-release lineage (see block_untracked_free_refusals)
[2026-09-06T13:57:52Z INFO  squeezefs::cowriter] S9: lane free harvest served 64 block(s) of lane 1/16 on vol_tag 0xc5e11286df218556 to lease epoch 7 (removed from this authority's free list; quarantine-on-death until discharged)
[2026-09-06T13:57:52Z INFO  squeezefs::cowriter] S9: lane free harvest served 5 block(s) of lane 4/16 on vol_tag 0xad7b1d37b0829b08 to lease epoch 6 (removed from this authority's free list; quarantine-on-death until discharged)
[2026-09-06T13:57:52Z INFO  squeezefs::cowriter] S9: lane free harvest served 57 block(s) of lane 3/16 on vol_tag 0xad7b1d37b0829b08 to lease epoch 4 (removed from this authority's free list; quarantine-on-death until discharged)
[2026-09-06T13:57:52Z INFO  squeezefs::cowriter] S9: lane free harvest served 22 block(s) of lane 6/16 on vol_tag 0xc5e11286df218556 to lease epoch 8 (removed from this authority's free list; quarantine-on-death until discharged)
[2026-09-06T13:57:52Z ERROR squeezefs::cowriter] S9: shipped free of block 1537 (vol_tag 0xad7b1d37b0829b08) names an offset this authority tracks no reference for and that is held in the freed-offset grace ring — the double-release lineage; refused (block_untracked_free_refusals)
[2026-09-06T13:57:52Z ERROR squeezefs::block_allocator] begin_free REFUSED untracked offset 6446645248: no refcount entry — double-release lineage (see block_untracked_free_refusals)
[2026-09-06T13:57:52Z INFO  squeezefs::cowriter] S9: lane free harvest served 1 block(s) of lane 7/16 on vol_tag 0xad7b1d37b0829b08 to lease epoch 5 (removed from this authority's free list; quarantine-on-death until discharged)
[2026-09-06T13:57:52Z INFO  squeezefs::cowriter] S9: lane free harvest served 4 block(s) of lane 4/16 on vol_tag 0xad7b1d37b0829b08 to lease epoch 6 (removed from this authority's free list; quarantine-on-death until discharged)
[2026-09-06T13:57:53Z INFO  squeezefs::cowriter] S9: lane free harvest served 64 block(s) of lane 8/16 on vol_tag 0xc5e11286df218556 to lease epoch 1 (removed from this authority's free list; quarantine-on-death until discharged)
[2026-09-06T13:57:53Z ERROR squeezefs] INVARIANT TRIPWIRE 'read_settle_lost_serialized': block 383 of inode_2: incarnation moved under BLOCK_FLUSH_LOCKS + INODE_META_LOCKS (key 'nvme4n1://2977955840' — offset 2977955840: live_incarnation 0, fill(word) None, refcount None, free_listed false, inflight false, quarantined false, key_names 0; co_writer false) — a concurrency outcome the design says cannot happen just happened. Counted in invariant_tripwires; the daemon proceeds (a panic here would lose a FUSE reply, which is strictly worse than a wrong-but-served op)
[2026-09-06T13:57:53Z ERROR squeezefs::cowriter] S9: shipped free of block 709 (vol_tag 0xad7b1d37b0829b08) names an offset this authority tracks no reference for and that is held in the freed-offset grace ring — the double-release lineage; refused (block_untracked_free_refusals)
[2026-09-06T13:57:53Z ERROR squeezefs::block_allocator] begin_free REFUSED untracked offset 2973761536: no refcount entry — double-release lineage (see block_untracked_free_refusals)
[2026-09-06T13:57:53Z INFO  squeezefs::cowriter] S9: lane free harvest served 64 block(s) of lane 1/16 on vol_tag 0xc5e11286df218556 to lease epoch 7 (removed from this authority's free list; quarantine-on-death until discharged)
[2026-09-06T13:57:53Z INFO  squeezefs::cowriter] S9: lane free harvest served 1 block(s) of lane 1/16 on vol_tag 0xad7b1d37b0829b08 to lease epoch 7 (removed from this authority's free list; quarantine-on-death until discharged)
[2026-09-06T13:57:53Z INFO  squeezefs::cowriter] S9: lane free harvest served 64 block(s) of lane 7/16 on vol_tag 0xc5e11286df218556 to lease epoch 5 (removed from this authority's free list; quarantine-on-death until discharged)
[2026-09-06T13:57:54Z ERROR squeezefs] INVARIANT TRIPWIRE 'read_settle_lost_serialized': block 383 of inode_2: incarnation moved under BLOCK_FLUSH_LOCKS + INODE_META_LOCKS (key 'nvme4n1://2977955840' — offset 2977955840: live_incarnation 0, fill(word) None, refcount None, free_listed false, inflight false, quarantined false, key_names 0; co_writer false) — a concurrency outcome the design says cannot happen just happened. Counted in invariant_tripwires; the daemon proceeds (a panic here would lose a FUSE reply, which is strictly worse than a wrong-but-served op)
[2026-09-06T13:57:54Z INFO  squeezefs::cowriter] S9: lane free harvest served 64 block(s) of lane 4/16 on vol_tag 0xc5e11286df218556 to lease epoch 6 (removed from this authority's free list; quarantine-on-death until discharged)
[2026-09-06T13:57:54Z ERROR squeezefs::cowriter] S9: shipped free of block 87 (vol_tag 0xc5e11286df218556) names an offset this authority tracks no reference for and that is held in the freed-offset grace ring — the double-release lineage; refused (block_untracked_free_refusals)
[2026-09-06T13:57:54Z ERROR squeezefs::block_allocator] begin_free REFUSED untracked offset 364904448: no refcount entry — double-release lineage (see block_untracked_free_refusals)
[2026-09-06T13:57:54Z ERROR squeezefs::cowriter] S9: shipped free of block 3108 (vol_tag 0xc5e11286df218556) names an offset this authority tracks no reference for and that is held in the freed-offset grace ring — the double-release lineage; refused (block_untracked_free_refusals)
[2026-09-06T13:57:54Z ERROR squeezefs::block_allocator] begin_free REFUSED untracked offset 13035896832: no refcount entry — double-release lineage (see block_untracked_free_refusals)
[2026-09-06T13:57:54Z INFO  squeezefs::cowriter] S9: lane free harvest served 64 block(s) of lane 4/16 on vol_tag 0xc5e11286df218556 to lease epoch 6 (removed from this authority's free list; quarantine-on-death until discharged)
[2026-09-06T13:57:54Z INFO  squeezefs::cowriter] S9: lane free harvest served 2 block(s) of lane 6/16 on vol_tag 0xc5e11286df218556 to lease epoch 8 (removed from this authority's free list; quarantine-on-death until discharged)
[2026-09-06T13:57:54Z ERROR squeezefs::cowriter] S9: shipped free of block 2663 (vol_tag 0xc5e11286df218556) names an offset this authority tracks no reference for and that is held in the freed-offset grace ring — the double-release lineage; refused (block_untracked_free_refusals)
[2026-09-06T13:57:54Z ERROR squeezefs::block_allocator] begin_free REFUSED untracked offset 11169431552: no refcount entry — double-release lineage (see block_untracked_free_refusals)
[2026-09-06T13:57:54Z INFO  squeezefs::cowriter] S9: lane free harvest served 64 block(s) of lane 7/16 on vol_tag 0xc5e11286df218556 to lease epoch 5 (removed from this authority's free list; quarantine-on-death until discharged)
[2026-09-06T13:57:55Z ERROR squeezefs] INVARIANT TRIPWIRE 'read_settle_lost_serialized': block 383 of inode_2: incarnation moved under BLOCK_FLUSH_LOCKS + INODE_META_LOCKS (key 'nvme4n1://2977955840' — offset 2977955840: live_incarnation 0, fill(word) None, refcount None, free_listed false, inflight false, quarantined false, key_names 0; co_writer false) — a concurrency outcome the design says cannot happen just happened. Counted in invariant_tripwires; the daemon proceeds (a panic here would lose a FUSE reply, which is strictly worse than a wrong-but-served op)
[2026-09-06T13:57:55Z INFO  squeezefs::cowriter] S9: lane free harvest served 64 block(s) of lane 7/16 on vol_tag 0xc5e11286df218556 to lease epoch 5 (removed from this authority's free list; quarantine-on-death until discharged)
[2026-09-06T13:57:56Z ERROR squeezefs] INVARIANT TRIPWIRE 'read_settle_lost_serialized': block 383 of inode_2: incarnation moved under BLOCK_FLUSH_LOCKS + INODE_META_LOCKS (key 'nvme4n1://2977955840' — offset 2977955840: live_incarnation 0, fill(word) None, refcount None, free_listed false, inflight false, quarantined false, key_names 0; co_writer false) — a concurrency outcome the design says cannot happen just happened. Counted in invariant_tripwires; the daemon proceeds (a panic here would lose a FUSE reply, which is strictly worse than a wrong-but-served op)
[2026-09-06T13:57:57Z ERROR squeezefs] INVARIANT TRIPWIRE 'read_settle_lost_serialized': block 383 of inode_2: incarnation moved under BLOCK_FLUSH_LOCKS + INODE_META_LOCKS (key 'nvme4n1://2977955840' — offset 2977955840: live_incarnation 0, fill(word) None, refcount None, free_listed false, inflight false, quarantined false, key_names 0; co_writer false) — a concurrency outcome the design says cannot happen just happened. Counted in invariant_tripwires; the daemon proceeds (a panic here would lose a FUSE reply, which is strictly worse than a wrong-but-served op)
[2026-09-06T13:57:57Z INFO  squeezefs::cowriter] S9: lane free harvest served 37 block(s) of lane 1/16 on vol_tag 0xad7b1d37b0829b08 to lease epoch 7 (removed from this authority's free list; quarantine-on-death until discharged)
[2026-09-06T13:57:57Z INFO  squeezefs::cowriter] S9: lane free harvest served 64 block(s) of lane 2/16 on vol_tag 0xad7b1d37b0829b08 to lease epoch 3 (removed from this authority's free list; quarantine-on-death until discharged)
[2026-09-06T13:57:58Z ERROR squeezefs] INVARIANT TRIPWIRE 'read_settle_lost_serialized': block 383 of inode_2: incarnation moved under BLOCK_FLUSH_LOCKS + INODE_META_LOCKS (key 'nvme4n1://2977955840' — offset 2977955840: live_incarnation 0, fill(word) None, refcount None, free_listed false, inflight false, quarantined false, key_names 0; co_writer false) — a concurrency outcome the design says cannot happen just happened. Counted in invariant_tripwires; the daemon proceeds (a panic here would lose a FUSE reply, which is strictly worse than a wrong-but-served op)
[2026-09-06T13:57:58Z ERROR squeezefs::cowriter] S9: shipped free of block 644 (vol_tag 0xc5e11286df218556) names an offset this authority tracks no reference for and that is held in the freed-offset grace ring — the double-release lineage; refused (block_untracked_free_refusals)
[2026-09-06T13:57:58Z ERROR squeezefs::block_allocator] begin_free REFUSED untracked offset 2701131776: no refcount entry — double-release lineage (see block_untracked_free_refusals)
[2026-09-06T13:57:58Z INFO  squeezefs::cowriter] S9: lane free harvest served 64 block(s) of lane 5/16 on vol_tag 0xad7b1d37b0829b08 to lease epoch 2 (removed from this authority's free list; quarantine-on-death until discharged)
[2026-09-06T13:57:59Z INFO  squeezefs::cowriter] S9: lane free harvest served 64 block(s) of lane 2/16 on vol_tag 0xad7b1d37b0829b08 to lease epoch 3 (removed from this authority's free list; quarantine-on-death until discharged)
[2026-09-06T13:57:59Z INFO  squeezefs::cowriter] S9: lane free harvest served 64 block(s) of lane 2/16 on vol_tag 0xad7b1d37b0829b08 to lease epoch 3 (removed from this authority's free list; quarantine-on-death until discharged)
[2026-09-06T13:57:59Z INFO  squeezefs::cowriter] S9: lane free harvest served 64 block(s) of lane 2/16 on vol_tag 0xad7b1d37b0829b08 to lease epoch 3 (removed from this authority's free list; quarantine-on-death until discharged)
[2026-09-06T13:57:59Z INFO  squeezefs::cowriter] S9: lane free harvest served 64 block(s) of lane 4/16 on vol_tag 0xc5e11286df218556 to lease epoch 6 (removed from this authority's free list; quarantine-on-death until discharged)
[2026-09-06T13:57:59Z INFO  squeezefs::cowriter] S9: lane free harvest served 64 block(s) of lane 4/16 on vol_tag 0xc5e11286df218556 to lease epoch 6 (removed from this authority's free list; quarantine-on-death until discharged)
[2026-09-06T13:57:59Z INFO  squeezefs::cowriter] S9: lane free harvest served 64 block(s) of lane 4/16 on vol_tag 0xad7b1d37b0829b08 to lease epoch 6 (removed from this authority's free list; quarantine-on-death until discharged)
[2026-09-06T13:57:59Z INFO  squeezefs::cowriter] S9: lane free harvest served 64 block(s) of lane 1/16 on vol_tag 0xc5e11286df218556 to lease epoch 7 (removed from this authority's free list; quarantine-on-death until discharged)
[2026-09-06T13:57:59Z INFO  squeezefs::cowriter] S9: lane free harvest served 64 block(s) of lane 3/16 on vol_tag 0xad7b1d37b0829b08 to lease epoch 4 (removed from this authority's free list; quarantine-on-death until discharged)
[2026-09-06T13:57:59Z INFO  squeezefs::cowriter] S9: lane free harvest served 57 block(s) of lane 6/16 on vol_tag 0xc5e11286df218556 to lease epoch 8 (removed from this authority's free list; quarantine-on-death until discharged)
[2026-09-06T13:57:59Z INFO  squeezefs::cowriter] S9: lane free harvest served 64 block(s) of lane 7/16 on vol_tag 0xc5e11286df218556 to lease epoch 5 (removed from this authority's free list; quarantine-on-death until discharged)
[2026-09-06T13:58:00Z INFO  squeezefs::cowriter] S9: lane free harvest served 64 block(s) of lane 8/16 on vol_tag 0xad7b1d37b0829b08 to lease epoch 1 (removed from this authority's free list; quarantine-on-death until discharged)
[2026-09-06T13:58:00Z INFO  squeezefs::cowriter] S9: lane free harvest served 64 block(s) of lane 8/16 on vol_tag 0xc5e11286df218556 to lease epoch 1 (removed from this authority's free list; quarantine-on-death until discharged)
[2026-09-06T13:58:00Z INFO  squeezefs::cowriter] S9: lane free harvest served 51 block(s) of lane 5/16 on vol_tag 0xc5e11286df218556 to lease epoch 2 (removed from this authority's free list; quarantine-on-death until discharged)
[2026-09-06T13:58:00Z INFO  squeezefs::cowriter] S9: lane free harvest served 64 block(s) of lane 1/16 on vol_tag 0xad7b1d37b0829b08 to lease epoch 7 (removed from this authority's free list; quarantine-on-death until discharged)
[2026-09-06T13:58:00Z INFO  squeezefs::cowriter] S9: lane free harvest served 64 block(s) of lane 4/16 on vol_tag 0xc5e11286df218556 to lease epoch 6 (removed from this authority's free list; quarantine-on-death until discharged)
[2026-09-06T13:58:00Z INFO  squeezefs::cowriter] S9: lane free harvest served 8 block(s) of lane 6/16 on vol_tag 0xc5e11286df218556 to lease epoch 8 (removed from this authority's free list; quarantine-on-death until discharged)
[2026-09-06T13:58:00Z INFO  squeezefs::cowriter] S9: lane free harvest served 64 block(s) of lane 6/16 on vol_tag 0xad7b1d37b0829b08 to lease epoch 8 (removed from this authority's free list; quarantine-on-death until discharged)
[2026-09-06T13:58:00Z INFO  squeezefs::cowriter] S9: lane free harvest served 64 block(s) of lane 7/16 on vol_tag 0xc5e11286df218556 to lease epoch 5 (removed from this authority's free list; quarantine-on-death until discharged)
[2026-09-06T13:58:00Z INFO  squeezefs::cowriter] S9: lane free harvest served 35 block(s) of lane 7/16 on vol_tag 0xc5e11286df218556 to lease epoch 5 (removed from this authority's free list; quarantine-on-death until discharged)
[2026-09-06T13:58:00Z INFO  squeezefs::cowriter] S9: lane free harvest served 16 block(s) of lane 3/16 on vol_tag 0xad7b1d37b0829b08 to lease epoch 4 (removed from this authority's free list; quarantine-on-death until discharged)
[2026-09-06T13:58:01Z INFO  squeezefs::cowriter] S9: lane free harvest served 64 block(s) of lane 2/16 on vol_tag 0xad7b1d37b0829b08 to lease epoch 3 (removed from this authority's free list; quarantine-on-death until discharged)
[2026-09-06T13:58:01Z INFO  squeezefs::cowriter] S9: lane free harvest served 64 block(s) of lane 2/16 on vol_tag 0xad7b1d37b0829b08 to lease epoch 3 (removed from this authority's free list; quarantine-on-death until discharged)
[2026-09-06T13:58:01Z INFO  squeezefs::cowriter] S9: lane free harvest served 64 block(s) of lane 2/16 on vol_tag 0xad7b1d37b0829b08 to lease epoch 3 (removed from this authority's free list; quarantine-on-death until discharged)
[2026-09-06T13:58:01Z INFO  squeezefs::cowriter] S9: lane free harvest served 5 block(s) of lane 2/16 on vol_tag 0xad7b1d37b0829b08 to lease epoch 3 (removed from this authority's free list; quarantine-on-death until discharged)
[2026-09-06T13:58:01Z INFO  squeezefs::cowriter] S9: lane free harvest served 64 block(s) of lane 1/16 on vol_tag 0xc5e11286df218556 to lease epoch 7 (removed from this authority's free list; quarantine-on-death until discharged)
[2026-09-06T13:58:01Z INFO  squeezefs::cowriter] S9: lane free harvest served 64 block(s) of lane 1/16 on vol_tag 0xad7b1d37b0829b08 to lease epoch 7 (removed from this authority's free list; quarantine-on-death until discharged)
[2026-09-06T13:58:01Z INFO  squeezefs::cowriter] S9: lane free harvest served 64 block(s) of lane 4/16 on vol_tag 0xc5e11286df218556 to lease epoch 6 (removed from this authority's free list; quarantine-on-death until discharged)
[2026-09-06T13:58:01Z INFO  squeezefs::cowriter] S9: lane free harvest served 64 block(s) of lane 6/16 on vol_tag 0xad7b1d37b0829b08 to lease epoch 8 (removed from this authority's free list; quarantine-on-death until discharged)
[2026-09-06T13:58:01Z INFO  squeezefs::cowriter] S9: lane free harvest served 64 block(s) of lane 6/16 on vol_tag 0xad7b1d37b0829b08 to lease epoch 8 (removed from this authority's free list; quarantine-on-death until discharged)
[2026-09-06T13:58:01Z INFO  squeezefs::cowriter] S9: lane free harvest served 64 block(s) of lane 4/16 on vol_tag 0xc5e11286df218556 to lease epoch 6 (removed from this authority's free list; quarantine-on-death until discharged)
[2026-09-06T13:58:01Z INFO  squeezefs::cowriter] S9: lane free harvest served 64 block(s) of lane 6/16 on vol_tag 0xad7b1d37b0829b08 to lease epoch 8 (removed from this authority's free list; quarantine-on-death until discharged)
[2026-09-06T13:58:01Z INFO  squeezefs::cowriter] S9: lane free harvest served 51 block(s) of lane 4/16 on vol_tag 0xc5e11286df218556 to lease epoch 6 (removed from this authority's free list; quarantine-on-death until discharged)
[2026-09-06T13:58:01Z INFO  squeezefs::cowriter] S9: lane free harvest served 58 block(s) of lane 1/16 on vol_tag 0xad7b1d37b0829b08 to lease epoch 7 (removed from this authority's free list; quarantine-on-death until discharged)
[2026-09-06T13:58:01Z INFO  squeezefs::cowriter] S9: lane free harvest served 10 block(s) of lane 5/16 on vol_tag 0xc5e11286df218556 to lease epoch 2 (removed from this authority's free list; quarantine-on-death until discharged)
[2026-09-06T13:58:01Z INFO  squeezefs::cowriter] S9: lane free harvest served 64 block(s) of lane 7/16 on vol_tag 0xc5e11286df218556 to lease epoch 5 (removed from this authority's free list; quarantine-on-death until discharged)
[2026-09-06T13:58:02Z INFO  squeezefs::cowriter] S9: lane free harvest served 12 block(s) of lane 8/16 on vol_tag 0xad7b1d37b0829b08 to lease epoch 1 (removed from this authority's free list; quarantine-on-death until discharged)
[2026-09-06T13:58:02Z INFO  squeezefs::cowriter] S9: lane free harvest served 1 block(s) of lane 5/16 on vol_tag 0xc5e11286df218556 to lease epoch 2 (removed from this authority's free list; quarantine-on-death until discharged)
[2026-09-06T13:58:02Z ERROR squeezefs::cowriter] S9: shipped free of block 1927 (vol_tag 0xc5e11286df218556) names an offset this authority tracks no reference for and that is held in the freed-offset grace ring — the double-release lineage; refused (block_untracked_free_refusals)
[2026-09-06T13:58:02Z ERROR squeezefs::block_allocator] begin_free REFUSED untracked offset 8082423808: no refcount entry — double-release lineage (see block_untracked_free_refusals)
[2026-09-06T13:58:02Z ERROR squeezefs::cowriter] S9: shipped free of block 5906 (vol_tag 0xad7b1d37b0829b08) names an offset this authority tracks no reference for and that is held in the freed-offset grace ring — the double-release lineage; refused (block_untracked_free_refusals)
[2026-09-06T13:58:02Z ERROR squeezefs::block_allocator] begin_free REFUSED untracked offset 24771559424: no refcount entry — double-release lineage (see block_untracked_free_refusals)
[2026-09-06T13:58:02Z INFO  squeezefs::cowriter] S9: lane free harvest served 3 block(s) of lane 1/16 on vol_tag 0xad7b1d37b0829b08 to lease epoch 7 (removed from this authority's free list; quarantine-on-death until discharged)
[2026-09-06T13:58:02Z INFO  squeezefs::cowriter] S9: lane free harvest served 64 block(s) of lane 1/16 on vol_tag 0xc5e11286df218556 to lease epoch 7 (removed from this authority's free list; quarantine-on-death until discharged)
[2026-09-06T13:58:02Z INFO  squeezefs::cowriter] S9: lane free harvest served 64 block(s) of lane 6/16 on vol_tag 0xad7b1d37b0829b08 to lease epoch 8 (removed from this authority's free list; quarantine-on-death until discharged)
[2026-09-06T13:58:02Z INFO  squeezefs::cowriter] S9: lane free harvest served 2 block(s) of lane 5/16 on vol_tag 0xc5e11286df218556 to lease epoch 2 (removed from this authority's free list; quarantine-on-death until discharged)
[2026-09-06T13:58:02Z INFO  squeezefs::cowriter] S9: lane free harvest served 64 block(s) of lane 3/16 on vol_tag 0xc5e11286df218556 to lease epoch 4 (removed from this authority's free list; quarantine-on-death until discharged)
[2026-09-06T13:58:02Z ERROR squeezefs::cowriter] S9: shipped free of block 8088 (vol_tag 0xad7b1d37b0829b08) names an offset this authority tracks no reference for and that is held in the freed-offset grace ring — the double-release lineage; refused (block_untracked_free_refusals)
[2026-09-06T13:58:02Z ERROR squeezefs::block_allocator] begin_free REFUSED untracked offset 33923530752: no refcount entry — double-release lineage (see block_untracked_free_refusals)
[2026-09-06T13:58:02Z INFO  squeezefs::cowriter] S9: lane free harvest served 54 block(s) of lane 7/16 on vol_tag 0xc5e11286df218556 to lease epoch 5 (removed from this authority's free list; quarantine-on-death until discharged)
[2026-09-06T13:58:02Z ERROR squeezefs] INVARIANT TRIPWIRE 'read_settle_lost_serialized': block 383 of inode_2: incarnation moved under BLOCK_FLUSH_LOCKS + INODE_META_LOCKS (key 'nvme4n1://29016195072' — offset 29016195072: live_incarnation 0, fill(word) None, refcount None, free_listed false, inflight false, quarantined false, key_names 0; co_writer false) — a concurrency outcome the design says cannot happen just happened. Counted in invariant_tripwires; the daemon proceeds (a panic here would lose a FUSE reply, which is strictly worse than a wrong-but-served op)
[2026-09-06T13:58:02Z ERROR squeezefs::cowriter] S9: shipped free of block 1367 (vol_tag 0xc5e11286df218556) names an offset this authority tracks no reference for and that is held in the freed-offset grace ring — the double-release lineage; refused (block_untracked_free_refusals)
[2026-09-06T13:58:02Z ERROR squeezefs::block_allocator] begin_free REFUSED untracked offset 5733613568: no refcount entry — double-release lineage (see block_untracked_free_refusals)
[2026-09-06T13:58:03Z INFO  squeezefs::cowriter] S9: lane free harvest served 17 block(s) of lane 5/16 on vol_tag 0xc5e11286df218556 to lease epoch 2 (removed from this authority's free list; quarantine-on-death until discharged)
[2026-09-06T13:58:03Z ERROR squeezefs::cowriter] S9: shipped free of block 1206 (vol_tag 0xad7b1d37b0829b08) names an offset this authority tracks no reference for and that is held in the freed-offset grace ring — the double-release lineage; refused (block_untracked_free_refusals)
[2026-09-06T13:58:03Z ERROR squeezefs::block_allocator] begin_free REFUSED untracked offset 5058330624: no refcount entry — double-release lineage (see block_untracked_free_refusals)
[2026-09-06T13:58:03Z INFO  squeezefs::cowriter] S9: lane free harvest served 64 block(s) of lane 8/16 on vol_tag 0xc5e11286df218556 to lease epoch 1 (removed from this authority's free list; quarantine-on-death until discharged)
[2026-09-06T13:58:03Z ERROR squeezefs] INVARIANT TRIPWIRE 'read_settle_lost_serialized': block 383 of inode_2: incarnation moved under BLOCK_FLUSH_LOCKS + INODE_META_LOCKS (key 'nvme4n1://29016195072' — offset 29016195072: live_incarnation 0, fill(word) None, refcount None, free_listed false, inflight false, quarantined false, key_names 0; co_writer false) — a concurrency outcome the design says cannot happen just happened. Counted in invariant_tripwires; the daemon proceeds (a panic here would lose a FUSE reply, which is strictly worse than a wrong-but-served op)
[2026-09-06T13:58:03Z ERROR squeezefs::cowriter] S9: shipped free of block 7332 (vol_tag 0xc5e11286df218556) names an offset this authority tracks no reference for and that is held in the freed-offset grace ring — the double-release lineage; refused (block_untracked_free_refusals)
[2026-09-06T13:58:03Z ERROR squeezefs::block_allocator] begin_free REFUSED untracked offset 30752636928: no refcount entry — double-release lineage (see block_untracked_free_refusals)
[2026-09-06T13:58:03Z INFO  squeezefs::cowriter] S9: lane free harvest served 22 block(s) of lane 4/16 on vol_tag 0xc5e11286df218556 to lease epoch 6 (removed from this authority's free list; quarantine-on-death until discharged)
[2026-09-06T13:58:03Z INFO  squeezefs::cowriter] S9: lane free harvest served 64 block(s) of lane 3/16 on vol_tag 0xc5e11286df218556 to lease epoch 4 (removed from this authority's free list; quarantine-on-death until discharged)
[2026-09-06T13:58:04Z ERROR squeezefs] INVARIANT TRIPWIRE 'read_settle_lost_serialized': block 383 of inode_2: incarnation moved under BLOCK_FLUSH_LOCKS + INODE_META_LOCKS (key 'nvme4n1://29016195072' — offset 29016195072: live_incarnation 0, fill(word) None, refcount None, free_listed false, inflight false, quarantined false, key_names 0; co_writer false) — a concurrency outcome the design says cannot happen just happened. Counted in invariant_tripwires; the daemon proceeds (a panic here would lose a FUSE reply, which is strictly worse than a wrong-but-served op)
[2026-09-06T13:58:04Z ERROR squeezefs::cowriter] S9: shipped free of block 291 (vol_tag 0xc5e11286df218556) names an offset this authority tracks no reference for and that is held in the freed-offset grace ring — the double-release lineage; refused (block_untracked_free_refusals)
[2026-09-06T13:58:04Z ERROR squeezefs::block_allocator] begin_free REFUSED untracked offset 1220542464: no refcount entry — double-release lineage (see block_untracked_free_refusals)
[2026-09-06T13:58:04Z INFO  squeezefs::cowriter] S9: lane free harvest served 64 block(s) of lane 8/16 on vol_tag 0xc5e11286df218556 to lease epoch 1 (removed from this authority's free list; quarantine-on-death until discharged)
[2026-09-06T13:58:04Z INFO  squeezefs::cowriter] S9: lane free harvest served 7 block(s) of lane 2/16 on vol_tag 0xad7b1d37b0829b08 to lease epoch 3 (removed from this authority's free list; quarantine-on-death until discharged)
[2026-09-06T13:58:05Z ERROR squeezefs] INVARIANT TRIPWIRE 'read_settle_lost_serialized': block 383 of inode_2: incarnation moved under BLOCK_FLUSH_LOCKS + INODE_META_LOCKS (key 'nvme4n1://29016195072' — offset 29016195072: live_incarnation 0, fill(word) None, refcount None, free_listed false, inflight false, quarantined false, key_names 0; co_writer false) — a concurrency outcome the design says cannot happen just happened. Counted in invariant_tripwires; the daemon proceeds (a panic here would lose a FUSE reply, which is strictly worse than a wrong-but-served op)
[2026-09-06T13:58:05Z ERROR squeezefs::cowriter] S9: shipped free of block 885 (vol_tag 0xc5e11286df218556) names an offset this authority tracks no reference for and that is held in the freed-offset grace ring — the double-release lineage; refused (block_untracked_free_refusals)
[2026-09-06T13:58:05Z ERROR squeezefs::block_allocator] begin_free REFUSED untracked offset 3711959040: no refcount entry — double-release lineage (see block_untracked_free_refusals)
[2026-09-06T13:58:05Z INFO  squeezefs::cowriter] S9: lane free harvest served 1 block(s) of lane 5/16 on vol_tag 0xc5e11286df218556 to lease epoch 2 (removed from this authority's free list; quarantine-on-death until discharged)
[2026-09-06T13:58:05Z INFO  squeezefs::cowriter] S9: lane free harvest served 6 block(s) of lane 2/16 on vol_tag 0xad7b1d37b0829b08 to lease epoch 3 (removed from this authority's free list; quarantine-on-death until discharged)
[2026-09-06T13:58:06Z ERROR squeezefs] INVARIANT TRIPWIRE 'read_settle_lost_serialized': block 383 of inode_2: incarnation moved under BLOCK_FLUSH_LOCKS + INODE_META_LOCKS (key 'nvme4n1://29016195072' — offset 29016195072: live_incarnation 0, fill(word) None, refcount None, free_listed false, inflight false, quarantined false, key_names 0; co_writer false) — a concurrency outcome the design says cannot happen just happened. Counted in invariant_tripwires; the daemon proceeds (a panic here would lose a FUSE reply, which is strictly worse than a wrong-but-served op)
[2026-09-06T13:58:06Z INFO  squeezefs::cowriter] S9: lane free harvest served 1 block(s) of lane 7/16 on vol_tag 0xc5e11286df218556 to lease epoch 5 (removed from this authority's free list; quarantine-on-death until discharged)
[2026-09-06T13:58:07Z ERROR squeezefs] INVARIANT TRIPWIRE 'read_settle_lost_serialized': block 383 of inode_2: incarnation moved under BLOCK_FLUSH_LOCKS + INODE_META_LOCKS (key 'nvme4n1://29016195072' — offset 29016195072: live_incarnation 0, fill(word) None, refcount None, free_listed false, inflight false, quarantined false, key_names 0; co_writer false) — a concurrency outcome the design says cannot happen just happened. Counted in invariant_tripwires; the daemon proceeds (a panic here would lose a FUSE reply, which is strictly worse than a wrong-but-served op)
[2026-09-06T13:58:08Z ERROR squeezefs] INVARIANT TRIPWIRE 'read_settle_lost_serialized': block 383 of inode_2: incarnation moved under BLOCK_FLUSH_LOCKS + INODE_META_LOCKS (key 'nvme4n1://29016195072' — offset 29016195072: live_incarnation 0, fill(word) None, refcount None, free_listed false, inflight false, quarantined false, key_names 0; co_writer false) — a concurrency outcome the design says cannot happen just happened. Counted in invariant_tripwires; the daemon proceeds (a panic here would lose a FUSE reply, which is strictly worse than a wrong-but-served op)
[2026-09-06T13:58:09Z ERROR squeezefs] INVARIANT TRIPWIRE 'read_settle_lost_serialized': block 383 of inode_2: incarnation moved under BLOCK_FLUSH_LOCKS + INODE_META_LOCKS (key 'nvme4n1://29016195072' — offset 29016195072: live_incarnation 0, fill(word) None, refcount None, free_listed false, inflight false, quarantined false, key_names 0; co_writer false) — a concurrency outcome the design says cannot happen just happened. Counted in invariant_tripwires; the daemon proceeds (a panic here would lose a FUSE reply, which is strictly worse than a wrong-but-served op)
[2026-09-06T13:58:10Z ERROR squeezefs] INVARIANT TRIPWIRE 'read_settle_lost_serialized': block 383 of inode_2: incarnation moved under BLOCK_FLUSH_LOCKS + INODE_META_LOCKS (key 'nvme4n1://29016195072' — offset 29016195072: live_incarnation 0, fill(word) None, refcount None, free_listed false, inflight false, quarantined false, key_names 0; co_writer false) — a concurrency outcome the design says cannot happen just happened. Counted in invariant_tripwires; the daemon proceeds (a panic here would lose a FUSE reply, which is strictly worse than a wrong-but-served op)
[2026-09-06T13:58:11Z ERROR squeezefs] INVARIANT TRIPWIRE 'read_settle_lost_serialized': block 383 of inode_2: incarnation moved under BLOCK_FLUSH_LOCKS + INODE_META_LOCKS (key 'nvme4n1://29016195072' — offset 29016195072: live_incarnation 0, fill(word) None, refcount None, free_listed false, inflight false, quarantined false, key_names 0; co_writer false) — a concurrency outcome the design says cannot happen just happened. Counted in invariant_tripwires; the daemon proceeds (a panic here would lose a FUSE reply, which is strictly worse than a wrong-but-served op)
[2026-09-06T13:58:11Z ERROR squeezefs::cowriter] S9: shipped free of block 1128 (vol_tag 0xc5e11286df218556) names an offset this authority tracks no reference for and that is held in the freed-offset grace ring — the double-release lineage; refused (block_untracked_free_refusals)
[2026-09-06T13:58:11Z ERROR squeezefs::block_allocator] begin_free REFUSED untracked offset 4731174912: no refcount entry — double-release lineage (see block_untracked_free_refusals)
[2026-09-06T13:58:11Z INFO  squeezefs::cowriter] S9: lane free harvest served 10 block(s) of lane 4/16 on vol_tag 0xc5e11286df218556 to lease epoch 6 (removed from this authority's free list; quarantine-on-death until discharged)
[2026-09-06T13:58:11Z INFO  squeezefs::cowriter] S9: lane free harvest served 64 block(s) of lane 3/16 on vol_tag 0xc5e11286df218556 to lease epoch 4 (removed from this authority's free list; quarantine-on-death until discharged)
[2026-09-06T13:58:11Z INFO  squeezefs::cowriter] S9: lane free harvest served 37 block(s) of lane 7/16 on vol_tag 0xc5e11286df218556 to lease epoch 5 (removed from this authority's free list; quarantine-on-death until discharged)
[2026-09-06T13:58:11Z INFO  squeezefs::cowriter] S9: lane free harvest served 64 block(s) of lane 5/16 on vol_tag 0xad7b1d37b0829b08 to lease epoch 2 (removed from this authority's free list; quarantine-on-death until discharged)
[2026-09-06T13:58:11Z INFO  squeezefs::cowriter] S9: lane free harvest served 64 block(s) of lane 5/16 on vol_tag 0xad7b1d37b0829b08 to lease epoch 2 (removed from this authority's free list; quarantine-on-death until discharged)
[2026-09-06T13:58:12Z INFO  squeezefs::cowriter] S9: lane free harvest served 64 block(s) of lane 5/16 on vol_tag 0xc5e11286df218556 to lease epoch 2 (removed from this authority's free list; quarantine-on-death until discharged)
[2026-09-06T13:58:12Z INFO  squeezefs::cowriter] S9: lane free harvest served 24 block(s) of lane 7/16 on vol_tag 0xc5e11286df218556 to lease epoch 5 (removed from this authority's free list; quarantine-on-death until discharged)
[2026-09-06T13:58:12Z INFO  squeezefs::cowriter] S9: lane free harvest served 8 block(s) of lane 7/16 on vol_tag 0xc5e11286df218556 to lease epoch 5 (removed from this authority's free list; quarantine-on-death until discharged)
[2026-09-06T13:58:12Z INFO  squeezefs::cowriter] S9: lane free harvest served 64 block(s) of lane 1/16 on vol_tag 0xad7b1d37b0829b08 to lease epoch 7 (removed from this authority's free list; quarantine-on-death until discharged)
[2026-09-06T13:58:12Z INFO  squeezefs::cowriter] S9: lane free harvest served 64 block(s) of lane 6/16 on vol_tag 0xad7b1d37b0829b08 to lease epoch 8 (removed from this authority's free list; quarantine-on-death until discharged)
[2026-09-06T13:58:12Z INFO  squeezefs::cowriter] S9: lane free harvest served 17 block(s) of lane 2/16 on vol_tag 0xad7b1d37b0829b08 to lease epoch 3 (removed from this authority's free list; quarantine-on-death until discharged)
[2026-09-06T13:58:12Z INFO  squeezefs::cowriter] S9: lane free harvest served 2 block(s) of lane 2/16 on vol_tag 0xad7b1d37b0829b08 to lease epoch 3 (removed from this authority's free list; quarantine-on-death until discharged)
[2026-09-06T13:58:12Z INFO  squeezefs::cowriter] S9: lane free harvest served 29 block(s) of lane 4/16 on vol_tag 0xc5e11286df218556 to lease epoch 6 (removed from this authority's free list; quarantine-on-death until discharged)
[2026-09-06T13:58:12Z INFO  squeezefs::cowriter] S9: lane free harvest served 2 block(s) of lane 2/16 on vol_tag 0xad7b1d37b0829b08 to lease epoch 3 (removed from this authority's free list; quarantine-on-death until discharged)
[2026-09-06T13:58:12Z INFO  squeezefs::cowriter] S9: lane free harvest served 8 block(s) of lane 2/16 on vol_tag 0xad7b1d37b0829b08 to lease epoch 3 (removed from this authority's free list; quarantine-on-death until discharged)
[2026-09-06T13:58:12Z INFO  squeezefs::cowriter] S9: lane free harvest served 64 block(s) of lane 1/16 on vol_tag 0xc5e11286df218556 to lease epoch 7 (removed from this authority's free list; quarantine-on-death until discharged)
[2026-09-06T13:58:12Z INFO  squeezefs::cowriter] S9: lane free harvest served 29 block(s) of lane 7/16 on vol_tag 0xc5e11286df218556 to lease epoch 5 (removed from this authority's free list; quarantine-on-death until discharged)
[2026-09-06T13:58:12Z INFO  squeezefs::cowriter] S9: lane free harvest served 11 block(s) of lane 2/16 on vol_tag 0xad7b1d37b0829b08 to lease epoch 3 (removed from this authority's free list; quarantine-on-death until discharged)
[2026-09-06T13:58:12Z INFO  squeezefs::cowriter] S9: lane free harvest served 8 block(s) of lane 2/16 on vol_tag 0xad7b1d37b0829b08 to lease epoch 3 (removed from this authority's free list; quarantine-on-death until discharged)
[2026-09-06T13:58:12Z INFO  squeezefs::cowriter] S9: lane free harvest served 11 block(s) of lane 2/16 on vol_tag 0xad7b1d37b0829b08 to lease epoch 3 (removed from this authority's free list; quarantine-on-death until discharged)
[2026-09-06T13:58:12Z INFO  squeezefs::cowriter] S9: lane free harvest served 64 block(s) of lane 8/16 on vol_tag 0xc5e11286df218556 to lease epoch 1 (removed from this authority's free list; quarantine-on-death until discharged)
[2026-09-06T13:58:13Z INFO  squeezefs::cowriter] S9: lane free harvest served 64 block(s) of lane 5/16 on vol_tag 0xad7b1d37b0829b08 to lease epoch 2 (removed from this authority's free list; quarantine-on-death until discharged)
[2026-09-06T13:58:13Z INFO  squeezefs::cowriter] S9: lane free harvest served 64 block(s) of lane 5/16 on vol_tag 0xad7b1d37b0829b08 to lease epoch 2 (removed from this authority's free list; quarantine-on-death until discharged)
[2026-09-06T13:58:13Z INFO  squeezefs::cowriter] S9: lane free harvest served 64 block(s) of lane 8/16 on vol_tag 0xc5e11286df218556 to lease epoch 1 (removed from this authority's free list; quarantine-on-death until discharged)
[2026-09-06T13:58:13Z INFO  squeezefs::cowriter] S9: lane free harvest served 64 block(s) of lane 3/16 on vol_tag 0xc5e11286df218556 to lease epoch 4 (removed from this authority's free list; quarantine-on-death until discharged)
[2026-09-06T13:58:13Z INFO  squeezefs::cowriter] S9: lane free harvest served 64 block(s) of lane 4/16 on vol_tag 0xad7b1d37b0829b08 to lease epoch 6 (removed from this authority's free list; quarantine-on-death until discharged)
[2026-09-06T13:58:13Z INFO  squeezefs::cowriter] S9: lane free harvest served 64 block(s) of lane 6/16 on vol_tag 0xad7b1d37b0829b08 to lease epoch 8 (removed from this authority's free list; quarantine-on-death until discharged)
[2026-09-06T13:58:13Z INFO  squeezefs::cowriter] S9: lane free harvest served 51 block(s) of lane 6/16 on vol_tag 0xad7b1d37b0829b08 to lease epoch 8 (removed from this authority's free list; quarantine-on-death until discharged)
[2026-09-06T13:58:14Z INFO  squeezefs::cowriter] S9: lane free harvest served 64 block(s) of lane 8/16 on vol_tag 0xad7b1d37b0829b08 to lease epoch 1 (removed from this authority's free list; quarantine-on-death until discharged)
[2026-09-06T13:58:14Z INFO  squeezefs::cowriter] S9: lane free harvest served 64 block(s) of lane 3/16 on vol_tag 0xc5e11286df218556 to lease epoch 4 (removed from this authority's free list; quarantine-on-death until discharged)
[2026-09-06T13:58:14Z INFO  squeezefs::cowriter] S9: lane free harvest served 64 block(s) of lane 1/16 on vol_tag 0xc5e11286df218556 to lease epoch 7 (removed from this authority's free list; quarantine-on-death until discharged)
[2026-09-06T13:58:14Z INFO  squeezefs::cowriter] S9: lane free harvest served 9 block(s) of lane 7/16 on vol_tag 0xc5e11286df218556 to lease epoch 5 (removed from this authority's free list; quarantine-on-death until discharged)
[2026-09-06T13:58:14Z INFO  squeezefs::cowriter] S9: lane free harvest served 64 block(s) of lane 4/16 on vol_tag 0xad7b1d37b0829b08 to lease epoch 6 (removed from this authority's free list; quarantine-on-death until discharged)
[2026-09-06T13:58:15Z INFO  squeezefs::cowriter] S9: lane free harvest served 64 block(s) of lane 8/16 on vol_tag 0xad7b1d37b0829b08 to lease epoch 1 (removed from this authority's free list; quarantine-on-death until discharged)
[2026-09-06T13:58:15Z INFO  squeezefs::cowriter] S9: lane free harvest served 64 block(s) of lane 8/16 on vol_tag 0xc5e11286df218556 to lease epoch 1 (removed from this authority's free list; quarantine-on-death until discharged)
[2026-09-06T13:58:15Z INFO  squeezefs::cowriter] S9: lane free harvest served 64 block(s) of lane 2/16 on vol_tag 0xc5e11286df218556 to lease epoch 3 (removed from this authority's free list; quarantine-on-death until discharged)
[2026-09-06T13:58:15Z INFO  squeezefs::cowriter] S9: lane free harvest served 64 block(s) of lane 4/16 on vol_tag 0xad7b1d37b0829b08 to lease epoch 6 (removed from this authority's free list; quarantine-on-death until discharged)
[2026-09-06T13:58:15Z ERROR squeezefs::cowriter] S9: shipped free of block 1976 (vol_tag 0xad7b1d37b0829b08) names an offset this authority tracks no reference for and that is held in the freed-offset grace ring — the double-release lineage; refused (block_untracked_free_refusals)
[2026-09-06T13:58:15Z ERROR squeezefs::block_allocator] begin_free REFUSED untracked offset 8287944704: no refcount entry — double-release lineage (see block_untracked_free_refusals)
[2026-09-06T13:58:15Z INFO  squeezefs::cowriter] S9: lane free harvest served 64 block(s) of lane 1/16 on vol_tag 0xc5e11286df218556 to lease epoch 7 (removed from this authority's free list; quarantine-on-death until discharged)
[2026-09-06T13:58:15Z INFO  squeezefs::cowriter] S9: lane free harvest served 64 block(s) of lane 4/16 on vol_tag 0xad7b1d37b0829b08 to lease epoch 6 (removed from this authority's free list; quarantine-on-death until discharged)
[2026-09-06T13:58:15Z INFO  squeezefs::cowriter] S9: lane free harvest served 64 block(s) of lane 3/16 on vol_tag 0xc5e11286df218556 to lease epoch 4 (removed from this authority's free list; quarantine-on-death until discharged)
[2026-09-06T13:58:15Z ERROR squeezefs] INVARIANT TRIPWIRE 'read_settle_lost_serialized': block 383 of inode_2: incarnation moved under BLOCK_FLUSH_LOCKS + INODE_META_LOCKS (key '21097349120' — offset 21097349120: live_incarnation 0, fill(word) None, refcount None, free_listed false, inflight false, quarantined false, key_names 0; co_writer false) — a concurrency outcome the design says cannot happen just happened. Counted in invariant_tripwires; the daemon proceeds (a panic here would lose a FUSE reply, which is strictly worse than a wrong-but-served op)
[2026-09-06T13:58:15Z ERROR squeezefs::cowriter] S9: shipped free of block 6728 (vol_tag 0xc5e11286df218556) names an offset this authority tracks no reference for and that is held in the freed-offset grace ring — the double-release lineage; refused (block_untracked_free_refusals)
[2026-09-06T13:58:15Z ERROR squeezefs::block_allocator] begin_free REFUSED untracked offset 28219277312: no refcount entry — double-release lineage (see block_untracked_free_refusals)
[2026-09-06T13:58:15Z ERROR squeezefs::cowriter] S9: shipped free of block 6465 (vol_tag 0xc5e11286df218556) names an offset this authority tracks no reference for and that is held in the freed-offset grace ring — the double-release lineage; refused (block_untracked_free_refusals)
[2026-09-06T13:58:15Z ERROR squeezefs::block_allocator] begin_free REFUSED untracked offset 27116175360: no refcount entry — double-release lineage (see block_untracked_free_refusals)
[2026-09-06T13:58:16Z INFO  squeezefs::cowriter] S9: lane free harvest served 64 block(s) of lane 8/16 on vol_tag 0xad7b1d37b0829b08 to lease epoch 1 (removed from this authority's free list; quarantine-on-death until discharged)
[2026-09-06T13:58:16Z INFO  squeezefs::cowriter] S9: lane free harvest served 1 block(s) of lane 8/16 on vol_tag 0xc5e11286df218556 to lease epoch 1 (removed from this authority's free list; quarantine-on-death until discharged)
[2026-09-06T13:58:16Z ERROR squeezefs] INVARIANT TRIPWIRE 'read_settle_lost_serialized': block 383 of inode_2: incarnation moved under BLOCK_FLUSH_LOCKS + INODE_META_LOCKS (key '21097349120' — offset 21097349120: live_incarnation 0, fill(word) None, refcount None, free_listed false, inflight false, quarantined false, key_names 0; co_writer false) — a concurrency outcome the design says cannot happen just happened. Counted in invariant_tripwires; the daemon proceeds (a panic here would lose a FUSE reply, which is strictly worse than a wrong-but-served op)
[2026-09-06T13:58:16Z ERROR squeezefs::cowriter] S9: shipped free of block 1445 (vol_tag 0xc5e11286df218556) names an offset this authority tracks no reference for and that is held in the freed-offset grace ring — the double-release lineage; refused (block_untracked_free_refusals)
[2026-09-06T13:58:16Z ERROR squeezefs::block_allocator] begin_free REFUSED untracked offset 6060769280: no refcount entry — double-release lineage (see block_untracked_free_refusals)
[2026-09-06T13:58:16Z INFO  squeezefs::cowriter] S9: lane free harvest served 64 block(s) of lane 4/16 on vol_tag 0xad7b1d37b0829b08 to lease epoch 6 (removed from this authority's free list; quarantine-on-death until discharged)
[2026-09-06T13:58:16Z INFO  squeezefs::cowriter] S9: lane free harvest served 29 block(s) of lane 1/16 on vol_tag 0xc5e11286df218556 to lease epoch 7 (removed from this authority's free list; quarantine-on-death until discharged)
[2026-09-06T13:58:16Z INFO  squeezefs::cowriter] S9: lane free harvest served 32 block(s) of lane 3/16 on vol_tag 0xc5e11286df218556 to lease epoch 4 (removed from this authority's free list; quarantine-on-death until discharged)
[2026-09-06T13:58:16Z INFO  squeezefs::cowriter] S9: lane free harvest served 64 block(s) of lane 2/16 on vol_tag 0xc5e11286df218556 to lease epoch 3 (removed from this authority's free list; quarantine-on-death until discharged)
[2026-09-06T13:58:16Z ERROR squeezefs::cowriter] S9: shipped free of block 7542 (vol_tag 0xad7b1d37b0829b08) names an offset this authority tracks no reference for and that is held in the freed-offset grace ring — the double-release lineage; refused (block_untracked_free_refusals)
[2026-09-06T13:58:16Z ERROR squeezefs::block_allocator] begin_free REFUSED untracked offset 31633440768: no refcount entry — double-release lineage (see block_untracked_free_refusals)
[2026-09-06T13:58:17Z INFO  squeezefs::cowriter] S9: lane free harvest served 64 block(s) of lane 5/16 on vol_tag 0xc5e11286df218556 to lease epoch 2 (removed from this authority's free list; quarantine-on-death until discharged)
[2026-09-06T13:58:17Z ERROR squeezefs] INVARIANT TRIPWIRE 'read_settle_lost_serialized': block 383 of inode_2: incarnation moved under BLOCK_FLUSH_LOCKS + INODE_META_LOCKS (key '21097349120' — offset 21097349120: live_incarnation 0, fill(word) None, refcount None, free_listed false, inflight false, quarantined false, key_names 0; co_writer false) — a concurrency outcome the design says cannot happen just happened. Counted in invariant_tripwires; the daemon proceeds (a panic here would lose a FUSE reply, which is strictly worse than a wrong-but-served op)
[2026-09-06T13:58:17Z ERROR squeezefs::cowriter] S9: shipped free of block 275 (vol_tag 0xc5e11286df218556) names an offset this authority tracks no reference for and that is held in the freed-offset grace ring — the double-release lineage; refused (block_untracked_free_refusals)
[2026-09-06T13:58:17Z ERROR squeezefs::block_allocator] begin_free REFUSED untracked offset 1153433600: no refcount entry — double-release lineage (see block_untracked_free_refusals)
[2026-09-06T13:58:17Z ERROR squeezefs::cowriter] S9: shipped free of block 4292 (vol_tag 0xad7b1d37b0829b08) names an offset this authority tracks no reference for and that is held in the freed-offset grace ring — the double-release lineage; refused (block_untracked_free_refusals)
[2026-09-06T13:58:17Z ERROR squeezefs::block_allocator] begin_free REFUSED untracked offset 18001952768: no refcount entry — double-release lineage (see block_untracked_free_refusals)
[2026-09-06T13:58:17Z INFO  squeezefs::cowriter] S9: lane free harvest served 64 block(s) of lane 7/16 on vol_tag 0xad7b1d37b0829b08 to lease epoch 5 (removed from this authority's free list; quarantine-on-death until discharged)
[2026-09-06T13:58:18Z ERROR squeezefs] INVARIANT TRIPWIRE 'read_settle_lost_serialized': block 383 of inode_2: incarnation moved under BLOCK_FLUSH_LOCKS + INODE_META_LOCKS (key '21097349120' — offset 21097349120: live_incarnation 0, fill(word) None, refcount None, free_listed false, inflight false, quarantined false, key_names 0; co_writer false) — a concurrency outcome the design says cannot happen just happened. Counted in invariant_tripwires; the daemon proceeds (a panic here would lose a FUSE reply, which is strictly worse than a wrong-but-served op)
[2026-09-06T13:58:18Z INFO  squeezefs::cowriter] S9: lane free harvest served 64 block(s) of lane 7/16 on vol_tag 0xad7b1d37b0829b08 to lease epoch 5 (removed from this authority's free list; quarantine-on-death until discharged)
[2026-09-06T13:58:18Z INFO  squeezefs::cowriter] S9: lane free harvest served 64 block(s) of lane 2/16 on vol_tag 0xc5e11286df218556 to lease epoch 3 (removed from this authority's free list; quarantine-on-death until discharged)
[2026-09-06T13:58:18Z INFO  squeezefs::cowriter] S9: lane free harvest served 64 block(s) of lane 7/16 on vol_tag 0xad7b1d37b0829b08 to lease epoch 5 (removed from this authority's free list; quarantine-on-death until discharged)
[2026-09-06T13:58:19Z ERROR squeezefs] INVARIANT TRIPWIRE 'read_settle_lost_serialized': block 383 of inode_2: incarnation moved under BLOCK_FLUSH_LOCKS + INODE_META_LOCKS (key '21097349120' — offset 21097349120: live_incarnation 0, fill(word) None, refcount None, free_listed false, inflight false, quarantined false, key_names 0; co_writer false) — a concurrency outcome the design says cannot happen just happened. Counted in invariant_tripwires; the daemon proceeds (a panic here would lose a FUSE reply, which is strictly worse than a wrong-but-served op)
[2026-09-06T13:58:19Z INFO  squeezefs::cowriter] S9: lane free harvest served 1 block(s) of lane 7/16 on vol_tag 0xc5e11286df218556 to lease epoch 5 (removed from this authority's free list; quarantine-on-death until discharged)
[2026-09-06T13:58:19Z INFO  squeezefs::cowriter] S9: lane free harvest served 1 block(s) of lane 2/16 on vol_tag 0xad7b1d37b0829b08 to lease epoch 3 (removed from this authority's free list; quarantine-on-death until discharged)
[2026-09-06T13:58:19Z INFO  squeezefs::cowriter] S9: lane free harvest served 64 block(s) of lane 5/16 on vol_tag 0xc5e11286df218556 to lease epoch 2 (removed from this authority's free list; quarantine-on-death until discharged)
[2026-09-06T13:58:19Z INFO  squeezefs::cowriter] S9: lane free harvest served 1 block(s) of lane 6/16 on vol_tag 0xad7b1d37b0829b08 to lease epoch 8 (removed from this authority's free list; quarantine-on-death until discharged)
[2026-09-06T13:58:19Z INFO  squeezefs::cowriter] S9: lane free harvest served 1 block(s) of lane 3/16 on vol_tag 0xc5e11286df218556 to lease epoch 4 (removed from this authority's free list; quarantine-on-death until discharged)
[2026-09-06T13:58:20Z ERROR squeezefs] INVARIANT TRIPWIRE 'read_settle_lost_serialized': block 383 of inode_2: incarnation moved under BLOCK_FLUSH_LOCKS + INODE_META_LOCKS (key '21097349120' — offset 21097349120: live_incarnation 0, fill(word) None, refcount None, free_listed false, inflight false, quarantined false, key_names 0; co_writer false) — a concurrency outcome the design says cannot happen just happened. Counted in invariant_tripwires; the daemon proceeds (a panic here would lose a FUSE reply, which is strictly worse than a wrong-but-served op)
[2026-09-06T13:58:20Z INFO  squeezefs::cowriter] S9: lane free harvest served 64 block(s) of lane 2/16 on vol_tag 0xc5e11286df218556 to lease epoch 3 (removed from this authority's free list; quarantine-on-death until discharged)
[2026-09-06T13:58:21Z ERROR squeezefs] INVARIANT TRIPWIRE 'read_settle_lost_serialized': block 383 of inode_2: incarnation moved under BLOCK_FLUSH_LOCKS + INODE_META_LOCKS (key '21097349120' — offset 21097349120: live_incarnation 0, fill(word) None, refcount None, free_listed false, inflight false, quarantined false, key_names 0; co_writer false) — a concurrency outcome the design says cannot happen just happened. Counted in invariant_tripwires; the daemon proceeds (a panic here would lose a FUSE reply, which is strictly worse than a wrong-but-served op)
[2026-09-06T13:58:21Z INFO  squeezefs::cowriter] S9: lane free harvest served 64 block(s) of lane 7/16 on vol_tag 0xad7b1d37b0829b08 to lease epoch 5 (removed from this authority's free list; quarantine-on-death until discharged)
[2026-09-06T13:58:21Z INFO  squeezefs::cowriter] S9: lane free harvest served 64 block(s) of lane 6/16 on vol_tag 0xc5e11286df218556 to lease epoch 8 (removed from this authority's free list; quarantine-on-death until discharged)
[2026-09-06T13:58:22Z ERROR squeezefs] INVARIANT TRIPWIRE 'read_settle_lost_serialized': block 383 of inode_2: incarnation moved under BLOCK_FLUSH_LOCKS + INODE_META_LOCKS (key '21097349120' — offset 21097349120: live_incarnation 0, fill(word) None, refcount None, free_listed false, inflight false, quarantined false, key_names 0; co_writer false) — a concurrency outcome the design says cannot happen just happened. Counted in invariant_tripwires; the daemon proceeds (a panic here would lose a FUSE reply, which is strictly worse than a wrong-but-served op)
[2026-09-06T13:58:22Z INFO  squeezefs::cowriter] S9: lane free harvest served 64 block(s) of lane 2/16 on vol_tag 0xc5e11286df218556 to lease epoch 3 (removed from this authority's free list; quarantine-on-death until discharged)
[2026-09-06T13:58:22Z ERROR squeezefs::cowriter] S9: shipped free of block 3266 (vol_tag 0xc5e11286df218556) names an offset this authority tracks no reference for and that is held in the freed-offset grace ring — the double-release lineage; refused (block_untracked_free_refusals)
[2026-09-06T13:58:22Z ERROR squeezefs::block_allocator] begin_free REFUSED untracked offset 13698596864: no refcount entry — double-release lineage (see block_untracked_free_refusals)
[2026-09-06T13:58:23Z ERROR squeezefs] INVARIANT TRIPWIRE 'read_settle_lost_serialized': block 383 of inode_2: incarnation moved under BLOCK_FLUSH_LOCKS + INODE_META_LOCKS (key '21097349120' — offset 21097349120: live_incarnation 0, fill(word) None, refcount None, free_listed false, inflight false, quarantined false, key_names 0; co_writer false) — a concurrency outcome the design says cannot happen just happened. Counted in invariant_tripwires; the daemon proceeds (a panic here would lose a FUSE reply, which is strictly worse than a wrong-but-served op)
[2026-09-06T13:58:23Z INFO  squeezefs::cowriter] S9: lane free harvest served 64 block(s) of lane 6/16 on vol_tag 0xad7b1d37b0829b08 to lease epoch 8 (removed from this authority's free list; quarantine-on-death until discharged)
[2026-09-06T13:58:23Z INFO  squeezefs::cowriter] S9: lane free harvest served 64 block(s) of lane 3/16 on vol_tag 0xc5e11286df218556 to lease epoch 4 (removed from this authority's free list; quarantine-on-death until discharged)
[2026-09-06T13:58:24Z ERROR squeezefs] INVARIANT TRIPWIRE 'read_settle_lost_serialized': block 383 of inode_2: incarnation moved under BLOCK_FLUSH_LOCKS + INODE_META_LOCKS (key '21097349120' — offset 21097349120: live_incarnation 0, fill(word) None, refcount None, free_listed false, inflight false, quarantined false, key_names 0; co_writer false) — a concurrency outcome the design says cannot happen just happened. Counted in invariant_tripwires; the daemon proceeds (a panic here would lose a FUSE reply, which is strictly worse than a wrong-but-served op)
[2026-09-06T13:58:24Z INFO  squeezefs::cowriter] S9: lane free harvest served 64 block(s) of lane 7/16 on vol_tag 0xad7b1d37b0829b08 to lease epoch 5 (removed from this authority's free list; quarantine-on-death until discharged)
[2026-09-06T13:58:24Z ERROR squeezefs::cowriter] S9: shipped free of block 3175 (vol_tag 0xad7b1d37b0829b08) names an offset this authority tracks no reference for and that is held in the freed-offset grace ring — the double-release lineage; refused (block_untracked_free_refusals)
[2026-09-06T13:58:24Z ERROR squeezefs::block_allocator] begin_free REFUSED untracked offset 13316915200: no refcount entry — double-release lineage (see block_untracked_free_refusals)
[2026-09-06T13:58:25Z ERROR squeezefs::cowriter] S9: shipped free of block 4263 (vol_tag 0xad7b1d37b0829b08) names an offset this authority tracks no reference for and that is held in the freed-offset grace ring — the double-release lineage; refused (block_untracked_free_refusals)
[2026-09-06T13:58:25Z ERROR squeezefs::block_allocator] begin_free REFUSED untracked offset 17880317952: no refcount entry — double-release lineage (see block_untracked_free_refusals)
[2026-09-06T13:58:25Z ERROR squeezefs] INVARIANT TRIPWIRE 'read_settle_lost_serialized': block 383 of inode_2: incarnation moved under BLOCK_FLUSH_LOCKS + INODE_META_LOCKS (key '21097349120' — offset 21097349120: live_incarnation 0, fill(word) None, refcount None, free_listed false, inflight false, quarantined false, key_names 0; co_writer false) — a concurrency outcome the design says cannot happen just happened. Counted in invariant_tripwires; the daemon proceeds (a panic here would lose a FUSE reply, which is strictly worse than a wrong-but-served op)
[2026-09-06T13:58:26Z ERROR squeezefs::cowriter] S9: shipped free of block 1080 (vol_tag 0xad7b1d37b0829b08) names an offset this authority tracks no reference for and that is already on the free list — the double-release lineage; refused (block_untracked_free_refusals)
[2026-09-06T13:58:26Z ERROR squeezefs::block_allocator] begin_free REFUSED untracked offset 4529848320: no refcount entry — double-release lineage (see block_untracked_free_refusals)
[2026-09-06T13:58:26Z ERROR squeezefs::cowriter] S9: shipped free of block 8065 (vol_tag 0xc5e11286df218556) names an offset this authority tracks no reference for and that is held in the freed-offset grace ring — the double-release lineage; refused (block_untracked_free_refusals)
[2026-09-06T13:58:26Z ERROR squeezefs::block_allocator] begin_free REFUSED untracked offset 33827061760: no refcount entry — double-release lineage (see block_untracked_free_refusals)
[2026-09-06T13:58:26Z ERROR squeezefs::cowriter] S9: shipped free of block 4743 (vol_tag 0xad7b1d37b0829b08) names an offset this authority tracks no reference for and that is held in the freed-offset grace ring — the double-release lineage; refused (block_untracked_free_refusals)
[2026-09-06T13:58:26Z ERROR squeezefs::block_allocator] begin_free REFUSED untracked offset 19893583872: no refcount entry — double-release lineage (see block_untracked_free_refusals)
[2026-09-06T13:58:26Z INFO  squeezefs::cowriter] S9: lane free harvest served 64 block(s) of lane 4/16 on vol_tag 0xad7b1d37b0829b08 to lease epoch 6 (removed from this authority's free list; quarantine-on-death until discharged)
[2026-09-06T13:58:26Z INFO  squeezefs::cowriter] S9: lane free harvest served 64 block(s) of lane 1/16 on vol_tag 0xc5e11286df218556 to lease epoch 7 (removed from this authority's free list; quarantine-on-death until discharged)
[2026-09-06T13:58:26Z INFO  squeezefs::cowriter] S9: lane free harvest served 64 block(s) of lane 7/16 on vol_tag 0xad7b1d37b0829b08 to lease epoch 5 (removed from this authority's free list; quarantine-on-death until discharged)
[2026-09-06T13:58:26Z INFO  squeezefs::cowriter] S9: lane free harvest served 59 block(s) of lane 3/16 on vol_tag 0xc5e11286df218556 to lease epoch 4 (removed from this authority's free list; quarantine-on-death until discharged)
[2026-09-06T13:58:26Z INFO  squeezefs::cowriter] S9: lane free harvest served 64 block(s) of lane 6/16 on vol_tag 0xc5e11286df218556 to lease epoch 8 (removed from this authority's free list; quarantine-on-death until discharged)
[2026-09-06T13:58:26Z INFO  squeezefs::cowriter] S9: lane free harvest served 64 block(s) of lane 2/16 on vol_tag 0xc5e11286df218556 to lease epoch 3 (removed from this authority's free list; quarantine-on-death until discharged)
[2026-09-06T13:58:27Z INFO  squeezefs::cowriter] S9: lane free harvest served 64 block(s) of lane 5/16 on vol_tag 0xc5e11286df218556 to lease epoch 2 (removed from this authority's free list; quarantine-on-death until discharged)
[2026-09-06T13:58:27Z INFO  squeezefs::cowriter] S9: lane free harvest served 64 block(s) of lane 6/16 on vol_tag 0xad7b1d37b0829b08 to lease epoch 8 (removed from this authority's free list; quarantine-on-death until discharged)
[2026-09-06T13:58:27Z INFO  squeezefs::cowriter] S9: lane free harvest served 64 block(s) of lane 1/16 on vol_tag 0xc5e11286df218556 to lease epoch 7 (removed from this authority's free list; quarantine-on-death until discharged)
[2026-09-06T13:58:27Z INFO  squeezefs::cowriter] S9: lane free harvest served 64 block(s) of lane 2/16 on vol_tag 0xc5e11286df218556 to lease epoch 3 (removed from this authority's free list; quarantine-on-death until discharged)
[2026-09-06T13:58:27Z INFO  squeezefs::cowriter] S9: lane free harvest served 3 block(s) of lane 3/16 on vol_tag 0xc5e11286df218556 to lease epoch 4 (removed from this authority's free list; quarantine-on-death until discharged)
[2026-09-06T13:58:27Z INFO  squeezefs::cowriter] S9: lane free harvest served 64 block(s) of lane 8/16 on vol_tag 0xad7b1d37b0829b08 to lease epoch 1 (removed from this authority's free list; quarantine-on-death until discharged)
[2026-09-06T13:58:27Z INFO  squeezefs::cowriter] S9: lane free harvest served 13 block(s) of lane 3/16 on vol_tag 0xc5e11286df218556 to lease epoch 4 (removed from this authority's free list; quarantine-on-death until discharged)
[2026-09-06T13:58:28Z INFO  squeezefs::cowriter] S9: lane free harvest served 64 block(s) of lane 4/16 on vol_tag 0xad7b1d37b0829b08 to lease epoch 6 (removed from this authority's free list; quarantine-on-death until discharged)
[2026-09-06T13:58:28Z INFO  squeezefs::cowriter] S9: lane free harvest served 40 block(s) of lane 4/16 on vol_tag 0xad7b1d37b0829b08 to lease epoch 6 (removed from this authority's free list; quarantine-on-death until discharged)
[2026-09-06T13:58:28Z INFO  squeezefs::cowriter] S9: lane free harvest served 64 block(s) of lane 2/16 on vol_tag 0xc5e11286df218556 to lease epoch 3 (removed from this authority's free list; quarantine-on-death until discharged)
[2026-09-06T13:58:28Z INFO  squeezefs::cowriter] S9: lane free harvest served 64 block(s) of lane 6/16 on vol_tag 0xc5e11286df218556 to lease epoch 8 (removed from this authority's free list; quarantine-on-death until discharged)
[2026-09-06T13:58:28Z INFO  squeezefs::cowriter] S9: lane free harvest served 64 block(s) of lane 5/16 on vol_tag 0xc5e11286df218556 to lease epoch 2 (removed from this authority's free list; quarantine-on-death until discharged)
[2026-09-06T13:58:28Z INFO  squeezefs::cowriter] S9: lane free harvest served 56 block(s) of lane 6/16 on vol_tag 0xad7b1d37b0829b08 to lease epoch 8 (removed from this authority's free list; quarantine-on-death until discharged)
[2026-09-06T13:58:28Z INFO  squeezefs::cowriter] S9: lane free harvest served 64 block(s) of lane 1/16 on vol_tag 0xc5e11286df218556 to lease epoch 7 (removed from this authority's free list; quarantine-on-death until discharged)
[2026-09-06T13:58:28Z INFO  squeezefs::cowriter] S9: lane free harvest served 64 block(s) of lane 7/16 on vol_tag 0xad7b1d37b0829b08 to lease epoch 5 (removed from this authority's free list; quarantine-on-death until discharged)
[2026-09-06T13:58:28Z INFO  squeezefs::cowriter] S9: lane free harvest served 64 block(s) of lane 5/16 on vol_tag 0xc5e11286df218556 to lease epoch 2 (removed from this authority's free list; quarantine-on-death until discharged)
[2026-09-06T13:58:28Z INFO  squeezefs::cowriter] S9: lane free harvest served 64 block(s) of lane 5/16 on vol_tag 0xc5e11286df218556 to lease epoch 2 (removed from this authority's free list; quarantine-on-death until discharged)
[2026-09-06T13:58:28Z INFO  squeezefs::cowriter] S9: lane free harvest served 64 block(s) of lane 8/16 on vol_tag 0xad7b1d37b0829b08 to lease epoch 1 (removed from this authority's free list; quarantine-on-death until discharged)
[2026-09-06T13:58:28Z INFO  squeezefs::cowriter] S9: lane free harvest served 64 block(s) of lane 7/16 on vol_tag 0xad7b1d37b0829b08 to lease epoch 5 (removed from this authority's free list; quarantine-on-death until discharged)
[2026-09-06T13:58:28Z INFO  squeezefs::cowriter] S9: lane free harvest served 2 block(s) of lane 7/16 on vol_tag 0xad7b1d37b0829b08 to lease epoch 5 (removed from this authority's free list; quarantine-on-death until discharged)
[2026-09-06T13:58:28Z INFO  squeezefs::cowriter] S9: lane free harvest served 64 block(s) of lane 8/16 on vol_tag 0xad7b1d37b0829b08 to lease epoch 1 (removed from this authority's free list; quarantine-on-death until discharged)
[2026-09-06T13:58:29Z INFO  squeezefs::cowriter] S9: lane free harvest served 54 block(s) of lane 1/16 on vol_tag 0xc5e11286df218556 to lease epoch 7 (removed from this authority's free list; quarantine-on-death until discharged)
[2026-09-06T13:58:29Z INFO  squeezefs::cowriter] S9: lane free harvest served 13 block(s) of lane 2/16 on vol_tag 0xc5e11286df218556 to lease epoch 3 (removed from this authority's free list; quarantine-on-death until discharged)
[2026-09-06T13:58:29Z INFO  squeezefs::cowriter] S9: lane free harvest served 1 block(s) of lane 7/16 on vol_tag 0xad7b1d37b0829b08 to lease epoch 5 (removed from this authority's free list; quarantine-on-death until discharged)
[2026-09-06T13:58:29Z INFO  squeezefs::cowriter] S9: lane free harvest served 5 block(s) of lane 4/16 on vol_tag 0xad7b1d37b0829b08 to lease epoch 6 (removed from this authority's free list; quarantine-on-death until discharged)
[2026-09-06T13:58:29Z INFO  squeezefs::cowriter] S9: lane free harvest served 11 block(s) of lane 6/16 on vol_tag 0xad7b1d37b0829b08 to lease epoch 8 (removed from this authority's free list; quarantine-on-death until discharged)
[2026-09-06T13:58:29Z INFO  squeezefs::cowriter] S9: lane free harvest served 6 block(s) of lane 2/16 on vol_tag 0xc5e11286df218556 to lease epoch 3 (removed from this authority's free list; quarantine-on-death until discharged)
[2026-09-06T13:58:29Z INFO  squeezefs::cowriter] S9: lane free harvest served 64 block(s) of lane 6/16 on vol_tag 0xc5e11286df218556 to lease epoch 8 (removed from this authority's free list; quarantine-on-death until discharged)
[2026-09-06T13:58:29Z INFO  squeezefs::cowriter] S9: lane free harvest served 1 block(s) of lane 7/16 on vol_tag 0xad7b1d37b0829b08 to lease epoch 5 (removed from this authority's free list; quarantine-on-death until discharged)
[2026-09-06T13:58:29Z INFO  squeezefs::cowriter] S9: lane free harvest served 5 block(s) of lane 2/16 on vol_tag 0xc5e11286df218556 to lease epoch 3 (removed from this authority's free list; quarantine-on-death until discharged)
[2026-09-06T13:58:29Z ERROR squeezefs::cowriter] S9: shipped free of block 5736 (vol_tag 0xad7b1d37b0829b08) names an offset this authority tracks no reference for and that is held in the freed-offset grace ring — the double-release lineage; refused (block_untracked_free_refusals)
[2026-09-06T13:58:29Z ERROR squeezefs::block_allocator] begin_free REFUSED untracked offset 24058527744: no refcount entry — double-release lineage (see block_untracked_free_refusals)
[2026-09-06T13:58:30Z ERROR squeezefs] INVARIANT TRIPWIRE 'read_settle_lost_serialized': block 383 of inode_2: incarnation moved under BLOCK_FLUSH_LOCKS + INODE_META_LOCKS (key '1568669696' — offset 1568669696: live_incarnation 0, fill(word) None, refcount None, free_listed false, inflight false, quarantined false, key_names 0; co_writer false) — a concurrency outcome the design says cannot happen just happened. Counted in invariant_tripwires; the daemon proceeds (a panic here would lose a FUSE reply, which is strictly worse than a wrong-but-served op)
[2026-09-06T13:58:30Z ERROR squeezefs::cowriter] S9: shipped free of block 5528 (vol_tag 0xad7b1d37b0829b08) names an offset this authority tracks no reference for and that is held in the freed-offset grace ring — the double-release lineage; refused (block_untracked_free_refusals)
[2026-09-06T13:58:30Z ERROR squeezefs::block_allocator] begin_free REFUSED untracked offset 23186112512: no refcount entry — double-release lineage (see block_untracked_free_refusals)
[2026-09-06T13:58:30Z INFO  squeezefs::cowriter] S9: lane free harvest served 64 block(s) of lane 8/16 on vol_tag 0xad7b1d37b0829b08 to lease epoch 1 (removed from this authority's free list; quarantine-on-death until discharged)
[2026-09-06T13:58:30Z ERROR squeezefs::cowriter] S9: shipped free of block 2294 (vol_tag 0xc5e11286df218556) names an offset this authority tracks no reference for and that is held in the freed-offset grace ring — the double-release lineage; refused (block_untracked_free_refusals)
[2026-09-06T13:58:30Z ERROR squeezefs::block_allocator] begin_free REFUSED untracked offset 9621733376: no refcount entry — double-release lineage (see block_untracked_free_refusals)
[2026-09-06T13:58:30Z INFO  squeezefs::cowriter] S9: lane free harvest served 52 block(s) of lane 8/16 on vol_tag 0xad7b1d37b0829b08 to lease epoch 1 (removed from this authority's free list; quarantine-on-death until discharged)
[2026-09-06T13:58:30Z INFO  squeezefs::cowriter] S9: lane free harvest served 1 block(s) of lane 7/16 on vol_tag 0xad7b1d37b0829b08 to lease epoch 5 (removed from this authority's free list; quarantine-on-death until discharged)
[2026-09-06T13:58:30Z INFO  squeezefs::cowriter] S9: lane free harvest served 8 block(s) of lane 3/16 on vol_tag 0xc5e11286df218556 to lease epoch 4 (removed from this authority's free list; quarantine-on-death until discharged)
[2026-09-06T13:58:30Z INFO  squeezefs::cowriter] S9: lane free harvest served 5 block(s) of lane 3/16 on vol_tag 0xc5e11286df218556 to lease epoch 4 (removed from this authority's free list; quarantine-on-death until discharged)
[2026-09-06T13:58:30Z INFO  squeezefs::cowriter] S9: lane free harvest served 16 block(s) of lane 2/16 on vol_tag 0xc5e11286df218556 to lease epoch 3 (removed from this authority's free list; quarantine-on-death until discharged)
[2026-09-06T13:58:30Z INFO  squeezefs::cowriter] S9: lane free harvest served 64 block(s) of lane 5/16 on vol_tag 0xc5e11286df218556 to lease epoch 2 (removed from this authority's free list; quarantine-on-death until discharged)
[2026-09-06T13:58:30Z ERROR squeezefs::cowriter] S9: shipped free of block 6820 (vol_tag 0xad7b1d37b0829b08) names an offset this authority tracks no reference for and that is held in the freed-offset grace ring — the double-release lineage; refused (block_untracked_free_refusals)
[2026-09-06T13:58:30Z ERROR squeezefs::block_allocator] begin_free REFUSED untracked offset 28605153280: no refcount entry — double-release lineage (see block_untracked_free_refusals)
[2026-09-06T13:58:30Z INFO  squeezefs::cowriter] S9: lane free harvest served 64 block(s) of lane 6/16 on vol_tag 0xc5e11286df218556 to lease epoch 8 (removed from this authority's free list; quarantine-on-death until discharged)
[2026-09-06T13:58:31Z INFO  squeezefs::cowriter] S9: lane free harvest served 2 block(s) of lane 4/16 on vol_tag 0xad7b1d37b0829b08 to lease epoch 6 (removed from this authority's free list; quarantine-on-death until discharged)
[2026-09-06T13:58:31Z INFO  squeezefs::cowriter] S9: lane free harvest served 11 block(s) of lane 2/16 on vol_tag 0xc5e11286df218556 to lease epoch 3 (removed from this authority's free list; quarantine-on-death until discharged)
[2026-09-06T13:58:31Z INFO  squeezefs::cowriter] S9: lane free harvest served 2 block(s) of lane 7/16 on vol_tag 0xad7b1d37b0829b08 to lease epoch 5 (removed from this authority's free list; quarantine-on-death until discharged)
[2026-09-06T13:58:31Z ERROR squeezefs::cowriter] S9: shipped free of block 2482 (vol_tag 0xc5e11286df218556) names an offset this authority tracks no reference for and that is held in the freed-offset grace ring — the double-release lineage; refused (block_untracked_free_refusals)
[2026-09-06T13:58:31Z ERROR squeezefs::block_allocator] begin_free REFUSED untracked offset 10410262528: no refcount entry — double-release lineage (see block_untracked_free_refusals)
[2026-09-06T13:58:31Z INFO  squeezefs::cowriter] S9: lane free harvest served 21 block(s) of lane 5/16 on vol_tag 0xc5e11286df218556 to lease epoch 2 (removed from this authority's free list; quarantine-on-death until discharged)
[2026-09-06T13:58:31Z ERROR squeezefs] INVARIANT TRIPWIRE 'read_settle_lost_serialized': block 383 of inode_2: incarnation moved under BLOCK_FLUSH_LOCKS + INODE_META_LOCKS (key '1568669696' — offset 1568669696: live_incarnation 0, fill(word) None, refcount None, free_listed false, inflight false, quarantined false, key_names 0; co_writer false) — a concurrency outcome the design says cannot happen just happened. Counted in invariant_tripwires; the daemon proceeds (a panic here would lose a FUSE reply, which is strictly worse than a wrong-but-served op)
[2026-09-06T13:58:31Z INFO  squeezefs::cowriter] S9: lane free harvest served 64 block(s) of lane 6/16 on vol_tag 0xc5e11286df218556 to lease epoch 8 (removed from this authority's free list; quarantine-on-death until discharged)
[2026-09-06T13:58:32Z INFO  squeezefs::cowriter] S9: lane free harvest served 64 block(s) of lane 3/16 on vol_tag 0xad7b1d37b0829b08 to lease epoch 4 (removed from this authority's free list; quarantine-on-death until discharged)
[2026-09-06T13:58:32Z INFO  squeezefs::cowriter] S9: lane free harvest served 1 block(s) of lane 2/16 on vol_tag 0xc5e11286df218556 to lease epoch 3 (removed from this authority's free list; quarantine-on-death until discharged)
[2026-09-06T13:58:32Z ERROR squeezefs] INVARIANT TRIPWIRE 'read_settle_lost_serialized': block 383 of inode_2: incarnation moved under BLOCK_FLUSH_LOCKS + INODE_META_LOCKS (key '1568669696' — offset 1568669696: live_incarnation 0, fill(word) None, refcount None, free_listed false, inflight false, quarantined false, key_names 0; co_writer false) — a concurrency outcome the design says cannot happen just happened. Counted in invariant_tripwires; the daemon proceeds (a panic here would lose a FUSE reply, which is strictly worse than a wrong-but-served op)
[2026-09-06T13:58:32Z INFO  squeezefs::cowriter] S9: lane free harvest served 33 block(s) of lane 7/16 on vol_tag 0xad7b1d37b0829b08 to lease epoch 5 (removed from this authority's free list; quarantine-on-death until discharged)
[2026-09-06T13:58:32Z INFO  squeezefs::cowriter] S9: lane free harvest served 3 block(s) of lane 7/16 on vol_tag 0xad7b1d37b0829b08 to lease epoch 5 (removed from this authority's free list; quarantine-on-death until discharged)
[2026-09-06T13:58:32Z INFO  squeezefs::cowriter] S9: lane free harvest served 3 block(s) of lane 7/16 on vol_tag 0xad7b1d37b0829b08 to lease epoch 5 (removed from this authority's free list; quarantine-on-death until discharged)
[2026-09-06T13:58:33Z INFO  squeezefs::cowriter] S9: lane free harvest served 3 block(s) of lane 7/16 on vol_tag 0xad7b1d37b0829b08 to lease epoch 5 (removed from this authority's free list; quarantine-on-death until discharged)
[2026-09-06T13:58:33Z INFO  squeezefs::cowriter] S9: lane free harvest served 1 block(s) of lane 2/16 on vol_tag 0xc5e11286df218556 to lease epoch 3 (removed from this authority's free list; quarantine-on-death until discharged)
[2026-09-06T13:58:33Z INFO  squeezefs::cowriter] S9: lane free harvest served 1 block(s) of lane 3/16 on vol_tag 0xc5e11286df218556 to lease epoch 4 (removed from this authority's free list; quarantine-on-death until discharged)
[2026-09-06T13:58:34Z INFO  squeezefs::cowriter] S9: lane free harvest served 64 block(s) of lane 4/16 on vol_tag 0xc5e11286df218556 to lease epoch 6 (removed from this authority's free list; quarantine-on-death until discharged)
[2026-09-06T13:58:34Z INFO  squeezefs::cowriter] S9: lane free harvest served 64 block(s) of lane 3/16 on vol_tag 0xad7b1d37b0829b08 to lease epoch 4 (removed from this authority's free list; quarantine-on-death until discharged)
[2026-09-06T13:58:35Z INFO  squeezefs::cowriter] S9: lane free harvest served 64 block(s) of lane 1/16 on vol_tag 0xad7b1d37b0829b08 to lease epoch 7 (removed from this authority's free list; quarantine-on-death until discharged)
[2026-09-06T13:58:35Z ERROR squeezefs] INVARIANT TRIPWIRE 'read_settle_lost_serialized': block 383 of inode_2: incarnation moved under BLOCK_FLUSH_LOCKS + INODE_META_LOCKS (key '1568669696' — offset 1568669696: live_incarnation 0, fill(word) None, refcount None, free_listed false, inflight false, quarantined false, key_names 0; co_writer false) — a concurrency outcome the design says cannot happen just happened. Counted in invariant_tripwires; the daemon proceeds (a panic here would lose a FUSE reply, which is strictly worse than a wrong-but-served op)
[2026-09-06T13:58:35Z INFO  squeezefs::cowriter] S9: lane free harvest served 64 block(s) of lane 3/16 on vol_tag 0xad7b1d37b0829b08 to lease epoch 4 (removed from this authority's free list; quarantine-on-death until discharged)
[2026-09-06T13:58:36Z ERROR squeezefs] INVARIANT TRIPWIRE 'read_settle_lost_serialized': block 383 of inode_2: incarnation moved under BLOCK_FLUSH_LOCKS + INODE_META_LOCKS (key '1568669696' — offset 1568669696: live_incarnation 0, fill(word) None, refcount None, free_listed false, inflight false, quarantined false, key_names 0; co_writer false) — a concurrency outcome the design says cannot happen just happened. Counted in invariant_tripwires; the daemon proceeds (a panic here would lose a FUSE reply, which is strictly worse than a wrong-but-served op)
[2026-09-06T13:58:36Z ERROR squeezefs::cowriter] S9: shipped free of block 532 (vol_tag 0xc5e11286df218556) names an offset this authority tracks no reference for and that is held in the freed-offset grace ring — the double-release lineage; refused (block_untracked_free_refusals)
[2026-09-06T13:58:36Z ERROR squeezefs::block_allocator] begin_free REFUSED untracked offset 2231369728: no refcount entry — double-release lineage (see block_untracked_free_refusals)
[2026-09-06T13:58:36Z INFO  squeezefs::cowriter] S9: lane free harvest served 64 block(s) of lane 1/16 on vol_tag 0xc5e11286df218556 to lease epoch 7 (removed from this authority's free list; quarantine-on-death until discharged)
[2026-09-06T13:58:36Z INFO  squeezefs::cowriter] S9: lane free harvest served 64 block(s) of lane 2/16 on vol_tag 0xc5e11286df218556 to lease epoch 3 (removed from this authority's free list; quarantine-on-death until discharged)
[2026-09-06T13:58:36Z INFO  squeezefs::cowriter] S9: lane free harvest served 64 block(s) of lane 7/16 on vol_tag 0xad7b1d37b0829b08 to lease epoch 5 (removed from this authority's free list; quarantine-on-death until discharged)
[2026-09-06T13:58:37Z ERROR squeezefs] INVARIANT TRIPWIRE 'read_settle_lost_serialized': block 383 of inode_2: incarnation moved under BLOCK_FLUSH_LOCKS + INODE_META_LOCKS (key '1568669696' — offset 1568669696: live_incarnation 0, fill(word) None, refcount None, free_listed false, inflight false, quarantined false, key_names 0; co_writer false) — a concurrency outcome the design says cannot happen just happened. Counted in invariant_tripwires; the daemon proceeds (a panic here would lose a FUSE reply, which is strictly worse than a wrong-but-served op)
[2026-09-06T13:58:37Z INFO  squeezefs::cowriter] S9: lane free harvest served 64 block(s) of lane 1/16 on vol_tag 0xc5e11286df218556 to lease epoch 7 (removed from this authority's free list; quarantine-on-death until discharged)
[2026-09-06T13:58:37Z INFO  squeezefs::cowriter] S9: lane free harvest served 64 block(s) of lane 7/16 on vol_tag 0xad7b1d37b0829b08 to lease epoch 5 (removed from this authority's free list; quarantine-on-death until discharged)
[2026-09-06T13:58:37Z INFO  squeezefs::cowriter] S9: lane free harvest served 64 block(s) of lane 4/16 on vol_tag 0xad7b1d37b0829b08 to lease epoch 6 (removed from this authority's free list; quarantine-on-death until discharged)
[2026-09-06T13:58:37Z INFO  squeezefs::cowriter] S9: lane free harvest served 64 block(s) of lane 3/16 on vol_tag 0xad7b1d37b0829b08 to lease epoch 4 (removed from this authority's free list; quarantine-on-death until discharged)
[2026-09-06T13:58:38Z ERROR squeezefs] INVARIANT TRIPWIRE 'read_settle_lost_serialized': block 383 of inode_2: incarnation moved under BLOCK_FLUSH_LOCKS + INODE_META_LOCKS (key '1568669696' — offset 1568669696: live_incarnation 0, fill(word) None, refcount None, free_listed false, inflight false, quarantined false, key_names 0; co_writer false) — a concurrency outcome the design says cannot happen just happened. Counted in invariant_tripwires; the daemon proceeds (a panic here would lose a FUSE reply, which is strictly worse than a wrong-but-served op)
[2026-09-06T13:58:38Z INFO  squeezefs::cowriter] S9: lane free harvest served 20 block(s) of lane 7/16 on vol_tag 0xad7b1d37b0829b08 to lease epoch 5 (removed from this authority's free list; quarantine-on-death until discharged)
[2026-09-06T13:58:39Z INFO  squeezefs::cluster_wire] cluster wire: peer 'node_1c4e7f3e0e89c39d.m7bf543d7' admitted from 192.168.86.52:50668 (plaintext, storage-trust proof, per-frame MAC)
[2026-09-06T13:58:40Z ERROR squeezefs] INVARIANT TRIPWIRE 'read_settle_lost_serialized': block 383 of inode_2: incarnation moved under BLOCK_FLUSH_LOCKS + INODE_META_LOCKS (key '1568669696' — offset 1568669696: live_incarnation 0, fill(word) None, refcount None, free_listed false, inflight false, quarantined false, key_names 0; co_writer false) — a concurrency outcome the design says cannot happen just happened. Counted in invariant_tripwires; the daemon proceeds (a panic here would lose a FUSE reply, which is strictly worse than a wrong-but-served op)
[2026-09-06T13:58:40Z ERROR squeezefs::cowriter] S9: shipped free of block 1185 (vol_tag 0xad7b1d37b0829b08) names an offset this authority tracks no reference for and that is held in the freed-offset grace ring — the double-release lineage; refused (block_untracked_free_refusals)
[2026-09-06T13:58:40Z ERROR squeezefs::block_allocator] begin_free REFUSED untracked offset 4970250240: no refcount entry — double-release lineage (see block_untracked_free_refusals)
[2026-09-06T13:58:41Z INFO  squeezefs::cowriter] S9: lane free harvest served 64 block(s) of lane 3/16 on vol_tag 0xad7b1d37b0829b08 to lease epoch 4 (removed from this authority's free list; quarantine-on-death until discharged)
[2026-09-06T13:58:41Z ERROR squeezefs] INVARIANT TRIPWIRE 'read_settle_lost_serialized': block 383 of inode_2: incarnation moved under BLOCK_FLUSH_LOCKS + INODE_META_LOCKS (key '1568669696' — offset 1568669696: live_incarnation 0, fill(word) None, refcount None, free_listed false, inflight false, quarantined false, key_names 0; co_writer false) — a concurrency outcome the design says cannot happen just happened. Counted in invariant_tripwires; the daemon proceeds (a panic here would lose a FUSE reply, which is strictly worse than a wrong-but-served op)
[2026-09-06T13:58:42Z ERROR squeezefs] INVARIANT TRIPWIRE 'read_settle_lost_serialized': block 383 of inode_2: incarnation moved under BLOCK_FLUSH_LOCKS + INODE_META_LOCKS (key '1568669696' — offset 1568669696: live_incarnation 0, fill(word) None, refcount None, free_listed false, inflight false, quarantined false, key_names 0; co_writer false) — a concurrency outcome the design says cannot happen just happened. Counted in invariant_tripwires; the daemon proceeds (a panic here would lose a FUSE reply, which is strictly worse than a wrong-but-served op)
[2026-09-06T13:58:42Z ERROR squeezefs::cowriter] S9: shipped free of block 4419 (vol_tag 0xad7b1d37b0829b08) names an offset this authority tracks no reference for and that is held in the freed-offset grace ring — the double-release lineage; refused (block_untracked_free_refusals)
[2026-09-06T13:58:42Z ERROR squeezefs::block_allocator] begin_free REFUSED untracked offset 18534629376: no refcount entry — double-release lineage (see block_untracked_free_refusals)
[2026-09-06T13:58:43Z ERROR squeezefs] INVARIANT TRIPWIRE 'read_settle_lost_serialized': block 383 of inode_2: incarnation moved under BLOCK_FLUSH_LOCKS + INODE_META_LOCKS (key '1568669696' — offset 1568669696: live_incarnation 0, fill(word) None, refcount None, free_listed false, inflight false, quarantined false, key_names 0; co_writer false) — a concurrency outcome the design says cannot happen just happened. Counted in invariant_tripwires; the daemon proceeds (a panic here would lose a FUSE reply, which is strictly worse than a wrong-but-served op)
[2026-09-06T13:58:45Z ERROR squeezefs] INVARIANT TRIPWIRE 'read_settle_lost_serialized': block 383 of inode_2: incarnation moved under BLOCK_FLUSH_LOCKS + INODE_META_LOCKS (key '1568669696' — offset 1568669696: live_incarnation 0, fill(word) None, refcount None, free_listed false, inflight false, quarantined false, key_names 0; co_writer false) — a concurrency outcome the design says cannot happen just happened. Counted in invariant_tripwires; the daemon proceeds (a panic here would lose a FUSE reply, which is strictly worse than a wrong-but-served op)
[2026-09-06T13:58:45Z ERROR squeezefs::cowriter] S9: shipped free of block 4707 (vol_tag 0xad7b1d37b0829b08) names an offset this authority tracks no reference for and that is held in the freed-offset grace ring — the double-release lineage; refused (block_untracked_free_refusals)
[2026-09-06T13:58:45Z ERROR squeezefs::block_allocator] begin_free REFUSED untracked offset 19742588928: no refcount entry — double-release lineage (see block_untracked_free_refusals)
[2026-09-06T13:58:46Z ERROR squeezefs] INVARIANT TRIPWIRE 'read_settle_lost_serialized': block 383 of inode_2: incarnation moved under BLOCK_FLUSH_LOCKS + INODE_META_LOCKS (key '1568669696' — offset 1568669696: live_incarnation 0, fill(word) None, refcount None, free_listed false, inflight false, quarantined false, key_names 0; co_writer false) — a concurrency outcome the design says cannot happen just happened. Counted in invariant_tripwires; the daemon proceeds (a panic here would lose a FUSE reply, which is strictly worse than a wrong-but-served op)
[2026-09-06T13:59:05Z ERROR squeezefs::cowriter] S9: shipped free of block 4593 (vol_tag 0xc5e11286df218556) names an offset this authority tracks no reference for and that is already on the free list — the double-release lineage; refused (block_untracked_free_refusals)
[2026-09-06T13:59:05Z ERROR squeezefs::block_allocator] begin_free REFUSED untracked offset 19264438272: no refcount entry — double-release lineage (see block_untracked_free_refusals)
[2026-09-06T13:59:05Z ERROR squeezefs::cowriter] S9: shipped free of block 3331 (vol_tag 0xad7b1d37b0829b08) names an offset this authority tracks no reference for and that is already on the free list — the double-release lineage; refused (block_untracked_free_refusals)
[2026-09-06T13:59:05Z ERROR squeezefs::block_allocator] begin_free REFUSED untracked offset 13971226624: no refcount entry — double-release lineage (see block_untracked_free_refusals)
[2026-09-06T13:59:05Z INFO  squeezefs::cowriter] S9: lane free harvest served 64 block(s) of lane 2/16 on vol_tag 0xc5e11286df218556 to lease epoch 3 (removed from this authority's free list; quarantine-on-death until discharged)
[2026-09-06T13:59:05Z INFO  squeezefs::cowriter] S9: lane free harvest served 64 block(s) of lane 7/16 on vol_tag 0xad7b1d37b0829b08 to lease epoch 5 (removed from this authority's free list; quarantine-on-death until discharged)
[2026-09-06T13:59:06Z INFO  squeezefs::cowriter] S9: lane free harvest served 64 block(s) of lane 4/16 on vol_tag 0xad7b1d37b0829b08 to lease epoch 6 (removed from this authority's free list; quarantine-on-death until discharged)
[2026-09-06T13:59:06Z INFO  squeezefs::cowriter] S9: lane free harvest served 64 block(s) of lane 4/16 on vol_tag 0xad7b1d37b0829b08 to lease epoch 6 (removed from this authority's free list; quarantine-on-death until discharged)
[2026-09-06T13:59:06Z INFO  squeezefs::cowriter] S9: lane free harvest served 64 block(s) of lane 8/16 on vol_tag 0xad7b1d37b0829b08 to lease epoch 1 (removed from this authority's free list; quarantine-on-death until discharged)
[2026-09-06T13:59:06Z INFO  squeezefs::cowriter] S9: lane free harvest served 64 block(s) of lane 5/16 on vol_tag 0xc5e11286df218556 to lease epoch 2 (removed from this authority's free list; quarantine-on-death until discharged)
[2026-09-06T13:59:06Z INFO  squeezefs::cowriter] S9: lane free harvest served 64 block(s) of lane 1/16 on vol_tag 0xc5e11286df218556 to lease epoch 7 (removed from this authority's free list; quarantine-on-death until discharged)
[2026-09-06T13:59:06Z INFO  squeezefs::cowriter] S9: lane free harvest served 64 block(s) of lane 2/16 on vol_tag 0xc5e11286df218556 to lease epoch 3 (removed from this authority's free list; quarantine-on-death until discharged)
[2026-09-06T13:59:06Z INFO  squeezefs::cowriter] S9: lane free harvest served 64 block(s) of lane 3/16 on vol_tag 0xad7b1d37b0829b08 to lease epoch 4 (removed from this authority's free list; quarantine-on-death until discharged)
[2026-09-06T13:59:06Z INFO  squeezefs::cowriter] S9: lane free harvest served 64 block(s) of lane 6/16 on vol_tag 0xc5e11286df218556 to lease epoch 8 (removed from this authority's free list; quarantine-on-death until discharged)
[2026-09-06T13:59:06Z INFO  squeezefs::cowriter] S9: lane free harvest served 15 block(s) of lane 7/16 on vol_tag 0xad7b1d37b0829b08 to lease epoch 5 (removed from this authority's free list; quarantine-on-death until discharged)
[2026-09-06T13:59:06Z INFO  squeezefs::cowriter] S9: lane free harvest served 25 block(s) of lane 1/16 on vol_tag 0xc5e11286df218556 to lease epoch 7 (removed from this authority's free list; quarantine-on-death until discharged)
[2026-09-06T13:59:07Z INFO  squeezefs::cowriter] S9: lane free harvest served 15 block(s) of lane 4/16 on vol_tag 0xad7b1d37b0829b08 to lease epoch 6 (removed from this authority's free list; quarantine-on-death until discharged)
[2026-09-06T13:59:07Z INFO  squeezefs::cowriter] S9: lane free harvest served 64 block(s) of lane 3/16 on vol_tag 0xad7b1d37b0829b08 to lease epoch 4 (removed from this authority's free list; quarantine-on-death until discharged)
[2026-09-06T13:59:07Z INFO  squeezefs::cowriter] S9: lane free harvest served 64 block(s) of lane 3/16 on vol_tag 0xad7b1d37b0829b08 to lease epoch 4 (removed from this authority's free list; quarantine-on-death until discharged)
[2026-09-06T13:59:07Z INFO  squeezefs::cowriter] S9: lane free harvest served 4 block(s) of lane 8/16 on vol_tag 0xad7b1d37b0829b08 to lease epoch 1 (removed from this authority's free list; quarantine-on-death until discharged)
[2026-09-06T13:59:07Z INFO  squeezefs::cowriter] S9: lane free harvest served 23 block(s) of lane 5/16 on vol_tag 0xc5e11286df218556 to lease epoch 2 (removed from this authority's free list; quarantine-on-death until discharged)
[2026-09-06T13:59:07Z INFO  squeezefs::cowriter] S9: lane free harvest served 64 block(s) of lane 6/16 on vol_tag 0xc5e11286df218556 to lease epoch 8 (removed from this authority's free list; quarantine-on-death until discharged)
[2026-09-06T13:59:07Z INFO  squeezefs::cowriter] S9: lane free harvest served 46 block(s) of lane 6/16 on vol_tag 0xc5e11286df218556 to lease epoch 8 (removed from this authority's free list; quarantine-on-death until discharged)
[2026-09-06T13:59:08Z INFO  squeezefs::cowriter] S9: lane free harvest served 64 block(s) of lane 7/16 on vol_tag 0xc5e11286df218556 to lease epoch 5 (removed from this authority's free list; quarantine-on-death until discharged)
[2026-09-06T13:59:08Z INFO  squeezefs::cowriter] S9: lane free harvest served 64 block(s) of lane 4/16 on vol_tag 0xc5e11286df218556 to lease epoch 6 (removed from this authority's free list; quarantine-on-death until discharged)
[2026-09-06T13:59:08Z INFO  squeezefs::cowriter] S9: lane free harvest served 50 block(s) of lane 3/16 on vol_tag 0xad7b1d37b0829b08 to lease epoch 4 (removed from this authority's free list; quarantine-on-death until discharged)
[2026-09-06T13:59:08Z INFO  squeezefs::cowriter] S9: lane free harvest served 64 block(s) of lane 4/16 on vol_tag 0xc5e11286df218556 to lease epoch 6 (removed from this authority's free list; quarantine-on-death until discharged)
[2026-09-06T13:59:09Z INFO  squeezefs::cowriter] S9: lane free harvest served 64 block(s) of lane 8/16 on vol_tag 0xc5e11286df218556 to lease epoch 1 (removed from this authority's free list; quarantine-on-death until discharged)
[2026-09-06T13:59:09Z INFO  squeezefs::cowriter] S9: lane free harvest served 64 block(s) of lane 8/16 on vol_tag 0xc5e11286df218556 to lease epoch 1 (removed from this authority's free list; quarantine-on-death until discharged)
[2026-09-06T13:59:09Z INFO  squeezefs::cowriter] S9: lane free harvest served 64 block(s) of lane 4/16 on vol_tag 0xc5e11286df218556 to lease epoch 6 (removed from this authority's free list; quarantine-on-death until discharged)
[2026-09-06T13:59:09Z INFO  squeezefs::cowriter] S9: lane free harvest served 64 block(s) of lane 7/16 on vol_tag 0xc5e11286df218556 to lease epoch 5 (removed from this authority's free list; quarantine-on-death until discharged)
[2026-09-06T13:59:10Z INFO  squeezefs::cowriter] S9: lane free harvest served 64 block(s) of lane 8/16 on vol_tag 0xc5e11286df218556 to lease epoch 1 (removed from this authority's free list; quarantine-on-death until discharged)
[2026-09-06T13:59:10Z INFO  squeezefs::cowriter] S9: lane free harvest served 64 block(s) of lane 1/16 on vol_tag 0xad7b1d37b0829b08 to lease epoch 7 (removed from this authority's free list; quarantine-on-death until discharged)
[2026-09-06T13:59:10Z ERROR squeezefs] INVARIANT TRIPWIRE 'read_settle_lost_serialized': block 383 of inode_2: incarnation moved under BLOCK_FLUSH_LOCKS + INODE_META_LOCKS (key 'nvme4n1://22238199808' — offset 22238199808: live_incarnation 0, fill(word) None, refcount None, free_listed false, inflight false, quarantined false, key_names 0; co_writer false) — a concurrency outcome the design says cannot happen just happened. Counted in invariant_tripwires; the daemon proceeds (a panic here would lose a FUSE reply, which is strictly worse than a wrong-but-served op)
[2026-09-06T13:59:10Z ERROR squeezefs::cowriter] S9: shipped free of block 2532 (vol_tag 0xc5e11286df218556) names an offset this authority tracks no reference for and that is held in the freed-offset grace ring — the double-release lineage; refused (block_untracked_free_refusals)
[2026-09-06T13:59:10Z ERROR squeezefs::block_allocator] begin_free REFUSED untracked offset 10619977728: no refcount entry — double-release lineage (see block_untracked_free_refusals)
[2026-09-06T13:59:10Z INFO  squeezefs::cowriter] S9: lane free harvest served 64 block(s) of lane 1/16 on vol_tag 0xad7b1d37b0829b08 to lease epoch 7 (removed from this authority's free list; quarantine-on-death until discharged)
[2026-09-06T13:59:10Z INFO  squeezefs::cowriter] S9: lane free harvest served 64 block(s) of lane 2/16 on vol_tag 0xad7b1d37b0829b08 to lease epoch 3 (removed from this authority's free list; quarantine-on-death until discharged)
[2026-09-06T13:59:10Z INFO  squeezefs::cowriter] S9: lane free harvest served 64 block(s) of lane 1/16 on vol_tag 0xad7b1d37b0829b08 to lease epoch 7 (removed from this authority's free list; quarantine-on-death until discharged)
[2026-09-06T13:59:10Z INFO  squeezefs::cowriter] S9: lane free harvest served 64 block(s) of lane 5/16 on vol_tag 0xad7b1d37b0829b08 to lease epoch 2 (removed from this authority's free list; quarantine-on-death until discharged)
[2026-09-06T13:59:10Z INFO  squeezefs::cowriter] S9: lane free harvest served 64 block(s) of lane 6/16 on vol_tag 0xad7b1d37b0829b08 to lease epoch 8 (removed from this authority's free list; quarantine-on-death until discharged)
[2026-09-06T13:59:10Z INFO  squeezefs::cowriter] S9: lane free harvest served 64 block(s) of lane 4/16 on vol_tag 0xc5e11286df218556 to lease epoch 6 (removed from this authority's free list; quarantine-on-death until discharged)
[2026-09-06T13:59:10Z ERROR squeezefs::cowriter] S9: shipped free of block 2088 (vol_tag 0xc5e11286df218556) names an offset this authority tracks no reference for and that is held in the freed-offset grace ring — the double-release lineage; refused (block_untracked_free_refusals)
[2026-09-06T13:59:10Z ERROR squeezefs::block_allocator] begin_free REFUSED untracked offset 8757706752: no refcount entry — double-release lineage (see block_untracked_free_refusals)
[2026-09-06T13:59:10Z INFO  squeezefs::cowriter] S9: lane free harvest served 64 block(s) of lane 5/16 on vol_tag 0xad7b1d37b0829b08 to lease epoch 2 (removed from this authority's free list; quarantine-on-death until discharged)
[2026-09-06T13:59:10Z INFO  squeezefs::cowriter] S9: lane free harvest served 64 block(s) of lane 7/16 on vol_tag 0xc5e11286df218556 to lease epoch 5 (removed from this authority's free list; quarantine-on-death until discharged)
[2026-09-06T13:59:11Z ERROR squeezefs] INVARIANT TRIPWIRE 'read_settle_lost_serialized': block 383 of inode_2: incarnation moved under BLOCK_FLUSH_LOCKS + INODE_META_LOCKS (key 'nvme4n1://22238199808' — offset 22238199808: live_incarnation 0, fill(word) None, refcount None, free_listed false, inflight false, quarantined false, key_names 0; co_writer false) — a concurrency outcome the design says cannot happen just happened. Counted in invariant_tripwires; the daemon proceeds (a panic here would lose a FUSE reply, which is strictly worse than a wrong-but-served op)
[2026-09-06T13:59:11Z ERROR squeezefs::cowriter] S9: shipped free of block 5539 (vol_tag 0xad7b1d37b0829b08) names an offset this authority tracks no reference for and that is held in the freed-offset grace ring — the double-release lineage; refused (block_untracked_free_refusals)
[2026-09-06T13:59:11Z ERROR squeezefs::block_allocator] begin_free REFUSED untracked offset 23232249856: no refcount entry — double-release lineage (see block_untracked_free_refusals)
[2026-09-06T13:59:11Z INFO  squeezefs::cowriter] S9: lane free harvest served 64 block(s) of lane 8/16 on vol_tag 0xc5e11286df218556 to lease epoch 1 (removed from this authority's free list; quarantine-on-death until discharged)
[2026-09-06T13:59:11Z ERROR squeezefs::cowriter] S9: shipped free of block 3528 (vol_tag 0xc5e11286df218556) names an offset this authority tracks no reference for and that is held in the freed-offset grace ring — the double-release lineage; refused (block_untracked_free_refusals)
[2026-09-06T13:59:11Z ERROR squeezefs::block_allocator] begin_free REFUSED untracked offset 14797504512: no refcount entry — double-release lineage (see block_untracked_free_refusals)
[2026-09-06T13:59:11Z INFO  squeezefs::cowriter] S9: lane free harvest served 64 block(s) of lane 1/16 on vol_tag 0xad7b1d37b0829b08 to lease epoch 7 (removed from this authority's free list; quarantine-on-death until discharged)
[2026-09-06T13:59:11Z INFO  squeezefs::cowriter] S9: lane free harvest served 64 block(s) of lane 6/16 on vol_tag 0xad7b1d37b0829b08 to lease epoch 8 (removed from this authority's free list; quarantine-on-death until discharged)
[2026-09-06T13:59:11Z INFO  squeezefs::cowriter] S9: lane free harvest served 64 block(s) of lane 2/16 on vol_tag 0xad7b1d37b0829b08 to lease epoch 3 (removed from this authority's free list; quarantine-on-death until discharged)
[2026-09-06T13:59:11Z INFO  squeezefs::cowriter] S9: lane free harvest served 64 block(s) of lane 2/16 on vol_tag 0xad7b1d37b0829b08 to lease epoch 3 (removed from this authority's free list; quarantine-on-death until discharged)
[2026-09-06T13:59:11Z INFO  squeezefs::cowriter] S9: lane free harvest served 64 block(s) of lane 5/16 on vol_tag 0xad7b1d37b0829b08 to lease epoch 2 (removed from this authority's free list; quarantine-on-death until discharged)
[2026-09-06T13:59:12Z ERROR squeezefs] INVARIANT TRIPWIRE 'read_settle_lost_serialized': block 383 of inode_2: incarnation moved under BLOCK_FLUSH_LOCKS + INODE_META_LOCKS (key 'nvme4n1://22238199808' — offset 22238199808: live_incarnation 0, fill(word) None, refcount None, free_listed false, inflight false, quarantined false, key_names 0; co_writer false) — a concurrency outcome the design says cannot happen just happened. Counted in invariant_tripwires; the daemon proceeds (a panic here would lose a FUSE reply, which is strictly worse than a wrong-but-served op)
[2026-09-06T13:59:12Z INFO  squeezefs::cowriter] S9: lane free harvest served 64 block(s) of lane 5/16 on vol_tag 0xad7b1d37b0829b08 to lease epoch 2 (removed from this authority's free list; quarantine-on-death until discharged)
[2026-09-06T13:59:12Z INFO  squeezefs::cowriter] S9: lane free harvest served 64 block(s) of lane 3/16 on vol_tag 0xc5e11286df218556 to lease epoch 4 (removed from this authority's free list; quarantine-on-death until discharged)
[2026-09-06T13:59:12Z INFO  squeezefs::cowriter] S9: lane free harvest served 64 block(s) of lane 8/16 on vol_tag 0xc5e11286df218556 to lease epoch 1 (removed from this authority's free list; quarantine-on-death until discharged)
[2026-09-06T13:59:12Z ERROR squeezefs::cowriter] S9: shipped free of block 4433 (vol_tag 0xad7b1d37b0829b08) names an offset this authority tracks no reference for and that is held in the freed-offset grace ring — the double-release lineage; refused (block_untracked_free_refusals)
[2026-09-06T13:59:12Z ERROR squeezefs::block_allocator] begin_free REFUSED untracked offset 18593349632: no refcount entry — double-release lineage (see block_untracked_free_refusals)
[2026-09-06T13:59:13Z ERROR squeezefs] INVARIANT TRIPWIRE 'read_settle_lost_serialized': block 383 of inode_2: incarnation moved under BLOCK_FLUSH_LOCKS + INODE_META_LOCKS (key 'nvme4n1://22238199808' — offset 22238199808: live_incarnation 0, fill(word) None, refcount None, free_listed false, inflight false, quarantined false, key_names 0; co_writer false) — a concurrency outcome the design says cannot happen just happened. Counted in invariant_tripwires; the daemon proceeds (a panic here would lose a FUSE reply, which is strictly worse than a wrong-but-served op)
[2026-09-06T13:59:13Z ERROR squeezefs::cowriter] S9: shipped free of block 3141 (vol_tag 0xad7b1d37b0829b08) names an offset this authority tracks no reference for and that is held in the freed-offset grace ring — the double-release lineage; refused (block_untracked_free_refusals)
[2026-09-06T13:59:13Z ERROR squeezefs::block_allocator] begin_free REFUSED untracked offset 13174308864: no refcount entry — double-release lineage (see block_untracked_free_refusals)
[2026-09-06T13:59:13Z INFO  squeezefs::cowriter] S9: lane free harvest served 64 block(s) of lane 7/16 on vol_tag 0xc5e11286df218556 to lease epoch 5 (removed from this authority's free list; quarantine-on-death until discharged)
[2026-09-06T13:59:13Z INFO  squeezefs::cowriter] S9: lane free harvest served 64 block(s) of lane 5/16 on vol_tag 0xad7b1d37b0829b08 to lease epoch 2 (removed from this authority's free list; quarantine-on-death until discharged)
[2026-09-06T13:59:14Z ERROR squeezefs] INVARIANT TRIPWIRE 'read_settle_lost_serialized': block 383 of inode_2: incarnation moved under BLOCK_FLUSH_LOCKS + INODE_META_LOCKS (key 'nvme4n1://22238199808' — offset 22238199808: live_incarnation 0, fill(word) None, refcount None, free_listed false, inflight false, quarantined false, key_names 0; co_writer false) — a concurrency outcome the design says cannot happen just happened. Counted in invariant_tripwires; the daemon proceeds (a panic here would lose a FUSE reply, which is strictly worse than a wrong-but-served op)
[2026-09-06T13:59:14Z ERROR squeezefs::cowriter] S9: shipped free of block 3207 (vol_tag 0xc5e11286df218556) names an offset this authority tracks no reference for and that is held in the freed-offset grace ring — the double-release lineage; refused (block_untracked_free_refusals)
[2026-09-06T13:59:14Z ERROR squeezefs::block_allocator] begin_free REFUSED untracked offset 13451132928: no refcount entry — double-release lineage (see block_untracked_free_refusals)
[2026-09-06T13:59:14Z INFO  squeezefs::cowriter] S9: lane free harvest served 64 block(s) of lane 7/16 on vol_tag 0xc5e11286df218556 to lease epoch 5 (removed from this authority's free list; quarantine-on-death until discharged)
[2026-09-06T13:59:15Z ERROR squeezefs] INVARIANT TRIPWIRE 'read_settle_lost_serialized': block 383 of inode_2: incarnation moved under BLOCK_FLUSH_LOCKS + INODE_META_LOCKS (key 'nvme4n1://22238199808' — offset 22238199808: live_incarnation 0, fill(word) None, refcount None, free_listed false, inflight false, quarantined false, key_names 0; co_writer false) — a concurrency outcome the design says cannot happen just happened. Counted in invariant_tripwires; the daemon proceeds (a panic here would lose a FUSE reply, which is strictly worse than a wrong-but-served op)
[2026-09-06T13:59:15Z INFO  squeezefs::cowriter] S9: lane free harvest served 64 block(s) of lane 2/16 on vol_tag 0xad7b1d37b0829b08 to lease epoch 3 (removed from this authority's free list; quarantine-on-death until discharged)
[2026-09-06T13:59:16Z ERROR squeezefs] INVARIANT TRIPWIRE 'read_settle_lost_serialized': block 383 of inode_2: incarnation moved under BLOCK_FLUSH_LOCKS + INODE_META_LOCKS (key 'nvme4n1://22238199808' — offset 22238199808: live_incarnation 0, fill(word) None, refcount None, free_listed false, inflight false, quarantined false, key_names 0; co_writer false) — a concurrency outcome the design says cannot happen just happened. Counted in invariant_tripwires; the daemon proceeds (a panic here would lose a FUSE reply, which is strictly worse than a wrong-but-served op)
[2026-09-06T13:59:16Z ERROR squeezefs::cowriter] S9: shipped free of block 3682 (vol_tag 0xad7b1d37b0829b08) names an offset this authority tracks no reference for and that is held in the freed-offset grace ring — the double-release lineage; refused (block_untracked_free_refusals)
[2026-09-06T13:59:16Z ERROR squeezefs::block_allocator] begin_free REFUSED untracked offset 15443427328: no refcount entry — double-release lineage (see block_untracked_free_refusals)
[2026-09-06T13:59:17Z ERROR squeezefs] INVARIANT TRIPWIRE 'read_settle_lost_serialized': block 383 of inode_2: incarnation moved under BLOCK_FLUSH_LOCKS + INODE_META_LOCKS (key 'nvme4n1://22238199808' — offset 22238199808: live_incarnation 0, fill(word) None, refcount None, free_listed false, inflight false, quarantined false, key_names 0; co_writer false) — a concurrency outcome the design says cannot happen just happened. Counted in invariant_tripwires; the daemon proceeds (a panic here would lose a FUSE reply, which is strictly worse than a wrong-but-served op)
[2026-09-06T13:59:17Z INFO  squeezefs::cowriter] S9: lane free harvest served 64 block(s) of lane 2/16 on vol_tag 0xad7b1d37b0829b08 to lease epoch 3 (removed from this authority's free list; quarantine-on-death until discharged)
[2026-09-06T13:59:17Z ERROR squeezefs::cowriter] S9: shipped free of block 5042 (vol_tag 0xad7b1d37b0829b08) names an offset this authority tracks no reference for and that is held in the freed-offset grace ring — the double-release lineage; refused (block_untracked_free_refusals)
[2026-09-06T13:59:17Z ERROR squeezefs::block_allocator] begin_free REFUSED untracked offset 21147680768: no refcount entry — double-release lineage (see block_untracked_free_refusals)
[2026-09-06T13:59:18Z INFO  squeezefs::cowriter] S9: lane free harvest served 64 block(s) of lane 2/16 on vol_tag 0xad7b1d37b0829b08 to lease epoch 3 (removed from this authority's free list; quarantine-on-death until discharged)
[2026-09-06T13:59:18Z INFO  squeezefs::cowriter] S9: lane free harvest served 64 block(s) of lane 2/16 on vol_tag 0xad7b1d37b0829b08 to lease epoch 3 (removed from this authority's free list; quarantine-on-death until discharged)
[2026-09-06T13:59:19Z INFO  squeezefs::cowriter] S9: lane free harvest served 58 block(s) of lane 3/16 on vol_tag 0xad7b1d37b0829b08 to lease epoch 4 (removed from this authority's free list; quarantine-on-death until discharged)
[2026-09-06T13:59:19Z INFO  squeezefs::cowriter] S9: lane free harvest served 1 block(s) of lane 6/16 on vol_tag 0xc5e11286df218556 to lease epoch 8 (removed from this authority's free list; quarantine-on-death until discharged)
[2026-09-06T13:59:20Z INFO  squeezefs::cowriter] S9: lane free harvest served 48 block(s) of lane 6/16 on vol_tag 0xc5e11286df218556 to lease epoch 8 (removed from this authority's free list; quarantine-on-death until discharged)
[2026-09-06T13:59:46Z ERROR squeezefs] INVARIANT TRIPWIRE 'read_settle_lost_serialized': block 383 of inode_2: incarnation moved under BLOCK_FLUSH_LOCKS + INODE_META_LOCKS (key 'nvme4n1://22238199808' — offset 22238199808: live_incarnation 0, fill(word) None, refcount None, free_listed false, inflight false, quarantined false, key_names 0; co_writer false) — a concurrency outcome the design says cannot happen just happened. Counted in invariant_tripwires; the daemon proceeds (a panic here would lose a FUSE reply, which is strictly worse than a wrong-but-served op)
[2026-09-06T13:59:47Z ERROR squeezefs::cowriter] S9: shipped free of block 451 (vol_tag 0xad7b1d37b0829b08) names an offset this authority tracks no reference for and that is held in the freed-offset grace ring — the double-release lineage; refused (block_untracked_free_refusals)
[2026-09-06T13:59:47Z ERROR squeezefs::block_allocator] begin_free REFUSED untracked offset 1891631104: no refcount entry — double-release lineage (see block_untracked_free_refusals)
[2026-09-06T13:59:47Z ERROR squeezefs] INVARIANT TRIPWIRE 'read_settle_lost_serialized': block 383 of inode_2: incarnation moved under BLOCK_FLUSH_LOCKS + INODE_META_LOCKS (key 'nvme4n1://22238199808' — offset 22238199808: live_incarnation 0, fill(word) None, refcount None, free_listed false, inflight false, quarantined false, key_names 0; co_writer false) — a concurrency outcome the design says cannot happen just happened. Counted in invariant_tripwires; the daemon proceeds (a panic here would lose a FUSE reply, which is strictly worse than a wrong-but-served op)
[2026-09-06T13:59:48Z ERROR squeezefs] INVARIANT TRIPWIRE 'read_settle_lost_serialized': block 383 of inode_2: incarnation moved under BLOCK_FLUSH_LOCKS + INODE_META_LOCKS (key 'nvme4n1://22238199808' — offset 22238199808: live_incarnation 0, fill(word) None, refcount None, free_listed false, inflight false, quarantined false, key_names 0; co_writer false) — a concurrency outcome the design says cannot happen just happened. Counted in invariant_tripwires; the daemon proceeds (a panic here would lose a FUSE reply, which is strictly worse than a wrong-but-served op)
[2026-09-06T13:59:48Z ERROR squeezefs::cowriter] S9: shipped free of block 2599 (vol_tag 0xc5e11286df218556) names an offset this authority tracks no reference for and that is already on the free list — the double-release lineage; refused (block_untracked_free_refusals)
[2026-09-06T13:59:48Z ERROR squeezefs::block_allocator] begin_free REFUSED untracked offset 10900996096: no refcount entry — double-release lineage (see block_untracked_free_refusals)
[2026-09-06T13:59:48Z INFO  squeezefs::cowriter] S9: lane free harvest served 64 block(s) of lane 1/16 on vol_tag 0xad7b1d37b0829b08 to lease epoch 7 (removed from this authority's free list; quarantine-on-death until discharged)
[2026-09-06T13:59:48Z INFO  squeezefs::cowriter] S9: lane free harvest served 64 block(s) of lane 6/16 on vol_tag 0xad7b1d37b0829b08 to lease epoch 8 (removed from this authority's free list; quarantine-on-death until discharged)
[2026-09-06T13:59:48Z INFO  squeezefs::cowriter] S9: lane free harvest served 64 block(s) of lane 3/16 on vol_tag 0xad7b1d37b0829b08 to lease epoch 4 (removed from this authority's free list; quarantine-on-death until discharged)
[2026-09-06T13:59:48Z INFO  squeezefs::cowriter] S9: lane free harvest served 64 block(s) of lane 3/16 on vol_tag 0xc5e11286df218556 to lease epoch 4 (removed from this authority's free list; quarantine-on-death until discharged)
[2026-09-06T13:59:48Z INFO  squeezefs::cowriter] S9: lane free harvest served 64 block(s) of lane 4/16 on vol_tag 0xc5e11286df218556 to lease epoch 6 (removed from this authority's free list; quarantine-on-death until discharged)
[2026-09-06T13:59:48Z INFO  squeezefs::cowriter] S9: lane free harvest served 64 block(s) of lane 5/16 on vol_tag 0xad7b1d37b0829b08 to lease epoch 2 (removed from this authority's free list; quarantine-on-death until discharged)
[2026-09-06T13:59:49Z INFO  squeezefs::cowriter] S9: lane free harvest served 64 block(s) of lane 8/16 on vol_tag 0xc5e11286df218556 to lease epoch 1 (removed from this authority's free list; quarantine-on-death until discharged)
[2026-09-06T13:59:49Z INFO  squeezefs::cowriter] S9: lane free harvest served 64 block(s) of lane 7/16 on vol_tag 0xc5e11286df218556 to lease epoch 5 (removed from this authority's free list; quarantine-on-death until discharged)
[2026-09-06T13:59:49Z INFO  squeezefs::cowriter] S9: lane free harvest served 64 block(s) of lane 7/16 on vol_tag 0xc5e11286df218556 to lease epoch 5 (removed from this authority's free list; quarantine-on-death until discharged)
[2026-09-06T13:59:49Z INFO  squeezefs::cowriter] S9: lane free harvest served 64 block(s) of lane 2/16 on vol_tag 0xad7b1d37b0829b08 to lease epoch 3 (removed from this authority's free list; quarantine-on-death until discharged)
[2026-09-06T13:59:49Z INFO  squeezefs::cowriter] S9: lane free harvest served 64 block(s) of lane 3/16 on vol_tag 0xc5e11286df218556 to lease epoch 4 (removed from this authority's free list; quarantine-on-death until discharged)
[2026-09-06T13:59:49Z INFO  squeezefs::cowriter] S9: lane free harvest served 64 block(s) of lane 3/16 on vol_tag 0xc5e11286df218556 to lease epoch 4 (removed from this authority's free list; quarantine-on-death until discharged)
[2026-09-06T13:59:49Z INFO  squeezefs::cowriter] S9: lane free harvest served 64 block(s) of lane 3/16 on vol_tag 0xc5e11286df218556 to lease epoch 4 (removed from this authority's free list; quarantine-on-death until discharged)
[2026-09-06T13:59:49Z INFO  squeezefs::cowriter] S9: lane free harvest served 59 block(s) of lane 3/16 on vol_tag 0xad7b1d37b0829b08 to lease epoch 4 (removed from this authority's free list; quarantine-on-death until discharged)
[2026-09-06T13:59:49Z INFO  squeezefs::cowriter] S9: lane free harvest served 64 block(s) of lane 8/16 on vol_tag 0xc5e11286df218556 to lease epoch 1 (removed from this authority's free list; quarantine-on-death until discharged)
[2026-09-06T13:59:50Z INFO  squeezefs::cowriter] S9: lane free harvest served 64 block(s) of lane 5/16 on vol_tag 0xad7b1d37b0829b08 to lease epoch 2 (removed from this authority's free list; quarantine-on-death until discharged)
[2026-09-06T13:59:50Z INFO  squeezefs::cowriter] S9: lane free harvest served 64 block(s) of lane 8/16 on vol_tag 0xc5e11286df218556 to lease epoch 1 (removed from this authority's free list; quarantine-on-death until discharged)
[2026-09-06T13:59:50Z INFO  squeezefs::cowriter] S9: lane free harvest served 64 block(s) of lane 5/16 on vol_tag 0xad7b1d37b0829b08 to lease epoch 2 (removed from this authority's free list; quarantine-on-death until discharged)
[2026-09-06T13:59:50Z INFO  squeezefs::cowriter] S9: lane free harvest served 64 block(s) of lane 7/16 on vol_tag 0xc5e11286df218556 to lease epoch 5 (removed from this authority's free list; quarantine-on-death until discharged)
[2026-09-06T13:59:50Z INFO  squeezefs::cowriter] S9: lane free harvest served 64 block(s) of lane 6/16 on vol_tag 0xc5e11286df218556 to lease epoch 8 (removed from this authority's free list; quarantine-on-death until discharged)
[2026-09-06T13:59:50Z INFO  squeezefs::cowriter] S9: lane free harvest served 64 block(s) of lane 6/16 on vol_tag 0xc5e11286df218556 to lease epoch 8 (removed from this authority's free list; quarantine-on-death until discharged)
[2026-09-06T13:59:50Z INFO  squeezefs::cowriter] S9: lane free harvest served 64 block(s) of lane 4/16 on vol_tag 0xc5e11286df218556 to lease epoch 6 (removed from this authority's free list; quarantine-on-death until discharged)
[2026-09-06T13:59:50Z INFO  squeezefs::cowriter] S9: lane free harvest served 64 block(s) of lane 1/16 on vol_tag 0xad7b1d37b0829b08 to lease epoch 7 (removed from this authority's free list; quarantine-on-death until discharged)
[2026-09-06T13:59:51Z INFO  squeezefs::cowriter] S9: lane free harvest served 64 block(s) of lane 4/16 on vol_tag 0xc5e11286df218556 to lease epoch 6 (removed from this authority's free list; quarantine-on-death until discharged)
[2026-09-06T13:59:51Z INFO  squeezefs::cowriter] S9: lane free harvest served 64 block(s) of lane 1/16 on vol_tag 0xad7b1d37b0829b08 to lease epoch 7 (removed from this authority's free list; quarantine-on-death until discharged)
[2026-09-06T13:59:51Z INFO  squeezefs::cowriter] S9: lane free harvest served 59 block(s) of lane 2/16 on vol_tag 0xad7b1d37b0829b08 to lease epoch 3 (removed from this authority's free list; quarantine-on-death until discharged)
[2026-09-06T13:59:51Z INFO  squeezefs::cowriter] S9: lane free harvest served 48 block(s) of lane 7/16 on vol_tag 0xc5e11286df218556 to lease epoch 5 (removed from this authority's free list; quarantine-on-death until discharged)
[2026-09-06T13:59:51Z INFO  squeezefs::cowriter] S9: lane free harvest served 27 block(s) of lane 6/16 on vol_tag 0xc5e11286df218556 to lease epoch 8 (removed from this authority's free list; quarantine-on-death until discharged)
[2026-09-06T13:59:51Z INFO  squeezefs::cowriter] S9: lane free harvest served 48 block(s) of lane 4/16 on vol_tag 0xc5e11286df218556 to lease epoch 6 (removed from this authority's free list; quarantine-on-death until discharged)
[2026-09-06T13:59:51Z INFO  squeezefs::cowriter] S9: lane free harvest served 22 block(s) of lane 5/16 on vol_tag 0xad7b1d37b0829b08 to lease epoch 2 (removed from this authority's free list; quarantine-on-death until discharged)
[2026-09-06T13:59:52Z INFO  squeezefs::cowriter] S9: lane free harvest served 48 block(s) of lane 1/16 on vol_tag 0xad7b1d37b0829b08 to lease epoch 7 (removed from this authority's free list; quarantine-on-death until discharged)
[2026-09-06T13:59:52Z ERROR squeezefs::cowriter] S9: shipped free of block 7512 (vol_tag 0xc5e11286df218556) names an offset this authority tracks no reference for and that is held in the freed-offset grace ring — the double-release lineage; refused (block_untracked_free_refusals)
[2026-09-06T13:59:52Z ERROR squeezefs::block_allocator] begin_free REFUSED untracked offset 31507611648: no refcount entry — double-release lineage (see block_untracked_free_refusals)
[2026-09-06T13:59:52Z ERROR squeezefs] INVARIANT TRIPWIRE 'read_settle_lost_serialized': block 383 of inode_2: incarnation moved under BLOCK_FLUSH_LOCKS + INODE_META_LOCKS (key '6132072448' — offset 6132072448: live_incarnation 0, fill(word) None, refcount None, free_listed false, inflight false, quarantined false, key_names 0; co_writer false) — a concurrency outcome the design says cannot happen just happened. Counted in invariant_tripwires; the daemon proceeds (a panic here would lose a FUSE reply, which is strictly worse than a wrong-but-served op)
[2026-09-06T13:59:52Z INFO  squeezefs::cowriter] S9: lane free harvest served 64 block(s) of lane 3/16 on vol_tag 0xc5e11286df218556 to lease epoch 4 (removed from this authority's free list; quarantine-on-death until discharged)
[2026-09-06T13:59:53Z ERROR squeezefs] INVARIANT TRIPWIRE 'read_settle_lost_serialized': block 383 of inode_2: incarnation moved under BLOCK_FLUSH_LOCKS + INODE_META_LOCKS (key '6132072448' — offset 6132072448: live_incarnation 0, fill(word) None, refcount None, free_listed false, inflight false, quarantined false, key_names 0; co_writer false) — a concurrency outcome the design says cannot happen just happened. Counted in invariant_tripwires; the daemon proceeds (a panic here would lose a FUSE reply, which is strictly worse than a wrong-but-served op)
[2026-09-06T13:59:53Z ERROR squeezefs::cowriter] S9: shipped free of block 4755 (vol_tag 0xc5e11286df218556) names an offset this authority tracks no reference for and that is held in the freed-offset grace ring — the double-release lineage; refused (block_untracked_free_refusals)
[2026-09-06T13:59:53Z ERROR squeezefs::block_allocator] begin_free REFUSED untracked offset 19943915520: no refcount entry — double-release lineage (see block_untracked_free_refusals)
[2026-09-06T13:59:53Z ERROR squeezefs::cowriter] S9: shipped free of block 7941 (vol_tag 0xad7b1d37b0829b08) names an offset this authority tracks no reference for and that is held in the freed-offset grace ring — the double-release lineage; refused (block_untracked_free_refusals)
[2026-09-06T13:59:53Z ERROR squeezefs::block_allocator] begin_free REFUSED untracked offset 33306968064: no refcount entry — double-release lineage (see block_untracked_free_refusals)
[2026-09-06T13:59:54Z ERROR squeezefs] INVARIANT TRIPWIRE 'read_settle_lost_serialized': block 383 of inode_2: incarnation moved under BLOCK_FLUSH_LOCKS + INODE_META_LOCKS (key '6132072448' — offset 6132072448: live_incarnation 0, fill(word) None, refcount None, free_listed false, inflight false, quarantined false, key_names 0; co_writer false) — a concurrency outcome the design says cannot happen just happened. Counted in invariant_tripwires; the daemon proceeds (a panic here would lose a FUSE reply, which is strictly worse than a wrong-but-served op)
[2026-09-06T13:59:54Z ERROR squeezefs::cowriter] S9: shipped free of block 7460 (vol_tag 0xc5e11286df218556) names an offset this authority tracks no reference for and that is held in the freed-offset grace ring — the double-release lineage; refused (block_untracked_free_refusals)
[2026-09-06T13:59:54Z ERROR squeezefs::block_allocator] begin_free REFUSED untracked offset 31289507840: no refcount entry — double-release lineage (see block_untracked_free_refusals)
[2026-09-06T13:59:54Z ERROR squeezefs::cowriter] S9: shipped free of block 1734 (vol_tag 0xc5e11286df218556) names an offset this authority tracks no reference for and that is held in the freed-offset grace ring — the double-release lineage; refused (block_untracked_free_refusals)
[2026-09-06T13:59:54Z ERROR squeezefs::block_allocator] begin_free REFUSED untracked offset 7272923136: no refcount entry — double-release lineage (see block_untracked_free_refusals)
[2026-09-06T13:59:54Z INFO  squeezefs::cowriter] S9: lane free harvest served 64 block(s) of lane 8/16 on vol_tag 0xad7b1d37b0829b08 to lease epoch 1 (removed from this authority's free list; quarantine-on-death until discharged)
[2026-09-06T13:59:54Z ERROR squeezefs::cowriter] S9: shipped free of block 6433 (vol_tag 0xad7b1d37b0829b08) names an offset this authority tracks no reference for and that is held in the freed-offset grace ring — the double-release lineage; refused (block_untracked_free_refusals)
[2026-09-06T13:59:54Z ERROR squeezefs::block_allocator] begin_free REFUSED untracked offset 26981957632: no refcount entry — double-release lineage (see block_untracked_free_refusals)
[2026-09-06T13:59:55Z ERROR squeezefs] INVARIANT TRIPWIRE 'read_settle_lost_serialized': block 383 of inode_2: incarnation moved under BLOCK_FLUSH_LOCKS + INODE_META_LOCKS (key '6132072448' — offset 6132072448: live_incarnation 0, fill(word) None, refcount None, free_listed false, inflight false, quarantined false, key_names 0; co_writer false) — a concurrency outcome the design says cannot happen just happened. Counted in invariant_tripwires; the daemon proceeds (a panic here would lose a FUSE reply, which is strictly worse than a wrong-but-served op)
[2026-09-06T13:59:55Z INFO  squeezefs::cowriter] S9: lane free harvest served 64 block(s) of lane 2/16 on vol_tag 0xc5e11286df218556 to lease epoch 3 (removed from this authority's free list; quarantine-on-death until discharged)
[2026-09-06T13:59:55Z INFO  squeezefs::cowriter] S9: lane free harvest served 64 block(s) of lane 5/16 on vol_tag 0xc5e11286df218556 to lease epoch 2 (removed from this authority's free list; quarantine-on-death until discharged)
[2026-09-06T13:59:56Z ERROR squeezefs] INVARIANT TRIPWIRE 'read_settle_lost_serialized': block 383 of inode_2: incarnation moved under BLOCK_FLUSH_LOCKS + INODE_META_LOCKS (key '6132072448' — offset 6132072448: live_incarnation 0, fill(word) None, refcount None, free_listed false, inflight false, quarantined false, key_names 0; co_writer false) — a concurrency outcome the design says cannot happen just happened. Counted in invariant_tripwires; the daemon proceeds (a panic here would lose a FUSE reply, which is strictly worse than a wrong-but-served op)
[2026-09-06T13:59:56Z ERROR squeezefs::cowriter] S9: shipped free of block 7428 (vol_tag 0xc5e11286df218556) names an offset this authority tracks no reference for and that is held in the freed-offset grace ring — the double-release lineage; refused (block_untracked_free_refusals)
[2026-09-06T13:59:56Z ERROR squeezefs::block_allocator] begin_free REFUSED untracked offset 31155290112: no refcount entry — double-release lineage (see block_untracked_free_refusals)
[2026-09-06T13:59:57Z ERROR squeezefs] INVARIANT TRIPWIRE 'read_settle_lost_serialized': block 383 of inode_2: incarnation moved under BLOCK_FLUSH_LOCKS + INODE_META_LOCKS (key '6132072448' — offset 6132072448: live_incarnation 0, fill(word) None, refcount None, free_listed false, inflight false, quarantined false, key_names 0; co_writer false) — a concurrency outcome the design says cannot happen just happened. Counted in invariant_tripwires; the daemon proceeds (a panic here would lose a FUSE reply, which is strictly worse than a wrong-but-served op)
[2026-09-06T13:59:57Z INFO  squeezefs::cowriter] S9: lane free harvest served 64 block(s) of lane 7/16 on vol_tag 0xad7b1d37b0829b08 to lease epoch 5 (removed from this authority's free list; quarantine-on-death until discharged)
[2026-09-06T13:59:58Z ERROR squeezefs] INVARIANT TRIPWIRE 'read_settle_lost_serialized': block 383 of inode_2: incarnation moved under BLOCK_FLUSH_LOCKS + INODE_META_LOCKS (key '6132072448' — offset 6132072448: live_incarnation 0, fill(word) None, refcount None, free_listed false, inflight false, quarantined false, key_names 0; co_writer false) — a concurrency outcome the design says cannot happen just happened. Counted in invariant_tripwires; the daemon proceeds (a panic here would lose a FUSE reply, which is strictly worse than a wrong-but-served op)
[2026-09-06T13:59:58Z ERROR squeezefs::cowriter] S9: shipped free of block 6836 (vol_tag 0xc5e11286df218556) names an offset this authority tracks no reference for and that is held in the freed-offset grace ring — the double-release lineage; refused (block_untracked_free_refusals)
[2026-09-06T13:59:58Z ERROR squeezefs::block_allocator] begin_free REFUSED untracked offset 28672262144: no refcount entry — double-release lineage (see block_untracked_free_refusals)
[2026-09-06T13:59:59Z ERROR squeezefs] INVARIANT TRIPWIRE 'read_settle_lost_serialized': block 383 of inode_2: incarnation moved under BLOCK_FLUSH_LOCKS + INODE_META_LOCKS (key '6132072448' — offset 6132072448: live_incarnation 0, fill(word) None, refcount None, free_listed false, inflight false, quarantined false, key_names 0; co_writer false) — a concurrency outcome the design says cannot happen just happened. Counted in invariant_tripwires; the daemon proceeds (a panic here would lose a FUSE reply, which is strictly worse than a wrong-but-served op)
[2026-09-06T13:59:59Z ERROR squeezefs::cowriter] S9: shipped free of block 406 (vol_tag 0xc5e11286df218556) names an offset this authority tracks no reference for and that is held in the freed-offset grace ring — the double-release lineage; refused (block_untracked_free_refusals)
[2026-09-06T13:59:59Z ERROR squeezefs::block_allocator] begin_free REFUSED untracked offset 1702887424: no refcount entry — double-release lineage (see block_untracked_free_refusals)
[2026-09-06T14:00:00Z ERROR squeezefs] INVARIANT TRIPWIRE 'read_settle_lost_serialized': block 383 of inode_2: incarnation moved under BLOCK_FLUSH_LOCKS + INODE_META_LOCKS (key '6132072448' — offset 6132072448: live_incarnation 0, fill(word) None, refcount None, free_listed false, inflight false, quarantined false, key_names 0; co_writer false) — a concurrency outcome the design says cannot happen just happened. Counted in invariant_tripwires; the daemon proceeds (a panic here would lose a FUSE reply, which is strictly worse than a wrong-but-served op)
[2026-09-06T14:00:00Z INFO  squeezefs::cowriter] S9: lane free harvest served 1 block(s) of lane 2/16 on vol_tag 0xad7b1d37b0829b08 to lease epoch 3 (removed from this authority's free list; quarantine-on-death until discharged)
[2026-09-06T14:00:00Z INFO  squeezefs::cowriter] S9: lane free harvest served 32 block(s) of lane 7/16 on vol_tag 0xc5e11286df218556 to lease epoch 5 (removed from this authority's free list; quarantine-on-death until discharged)
[2026-09-06T14:00:00Z INFO  squeezefs::cowriter] S9: lane free harvest served 52 block(s) of lane 2/16 on vol_tag 0xad7b1d37b0829b08 to lease epoch 3 (removed from this authority's free list; quarantine-on-death until discharged)
[2026-09-06T14:00:00Z INFO  squeezefs::cowriter] S9: lane free harvest served 56 block(s) of lane 6/16 on vol_tag 0xc5e11286df218556 to lease epoch 8 (removed from this authority's free list; quarantine-on-death until discharged)
[2026-09-06T14:00:00Z INFO  squeezefs::cowriter] S9: lane free harvest served 64 block(s) of lane 4/16 on vol_tag 0xc5e11286df218556 to lease epoch 6 (removed from this authority's free list; quarantine-on-death until discharged)
[2026-09-06T14:00:00Z INFO  squeezefs::cowriter] S9: lane free harvest served 64 block(s) of lane 7/16 on vol_tag 0xad7b1d37b0829b08 to lease epoch 5 (removed from this authority's free list; quarantine-on-death until discharged)
[2026-09-06T14:00:00Z INFO  squeezefs::cowriter] S9: lane free harvest served 64 block(s) of lane 7/16 on vol_tag 0xc5e11286df218556 to lease epoch 5 (removed from this authority's free list; quarantine-on-death until discharged)
[2026-09-06T14:00:00Z INFO  squeezefs::cowriter] S9: lane free harvest served 64 block(s) of lane 5/16 on vol_tag 0xad7b1d37b0829b08 to lease epoch 2 (removed from this authority's free list; quarantine-on-death until discharged)
[2026-09-06T14:00:01Z INFO  squeezefs::cowriter] S9: lane free harvest served 64 block(s) of lane 8/16 on vol_tag 0xc5e11286df218556 to lease epoch 1 (removed from this authority's free list; quarantine-on-death until discharged)
[2026-09-06T14:00:01Z ERROR squeezefs] INVARIANT TRIPWIRE 'read_settle_lost_serialized': block 383 of inode_2: incarnation moved under BLOCK_FLUSH_LOCKS + INODE_META_LOCKS (key '6132072448' — offset 6132072448: live_incarnation 0, fill(word) None, refcount None, free_listed false, inflight false, quarantined false, key_names 0; co_writer false) — a concurrency outcome the design says cannot happen just happened. Counted in invariant_tripwires; the daemon proceeds (a panic here would lose a FUSE reply, which is strictly worse than a wrong-but-served op)
[2026-09-06T14:00:01Z INFO  squeezefs::cowriter] S9: lane free harvest served 64 block(s) of lane 2/16 on vol_tag 0xc5e11286df218556 to lease epoch 3 (removed from this authority's free list; quarantine-on-death until discharged)
[2026-09-06T14:00:02Z ERROR squeezefs] INVARIANT TRIPWIRE 'read_settle_lost_serialized': block 383 of inode_2: incarnation moved under BLOCK_FLUSH_LOCKS + INODE_META_LOCKS (key '6132072448' — offset 6132072448: live_incarnation 0, fill(word) None, refcount None, free_listed false, inflight false, quarantined false, key_names 0; co_writer false) — a concurrency outcome the design says cannot happen just happened. Counted in invariant_tripwires; the daemon proceeds (a panic here would lose a FUSE reply, which is strictly worse than a wrong-but-served op)
[2026-09-06T14:00:03Z ERROR squeezefs] INVARIANT TRIPWIRE 'read_settle_lost_serialized': block 383 of inode_2: incarnation moved under BLOCK_FLUSH_LOCKS + INODE_META_LOCKS (key '6132072448' — offset 6132072448: live_incarnation 0, fill(word) None, refcount None, free_listed false, inflight false, quarantined false, key_names 0; co_writer false) — a concurrency outcome the design says cannot happen just happened. Counted in invariant_tripwires; the daemon proceeds (a panic here would lose a FUSE reply, which is strictly worse than a wrong-but-served op)
[2026-09-06T14:00:04Z ERROR squeezefs] INVARIANT TRIPWIRE 'read_settle_lost_serialized': block 383 of inode_2: incarnation moved under BLOCK_FLUSH_LOCKS + INODE_META_LOCKS (key '6132072448' — offset 6132072448: live_incarnation 0, fill(word) None, refcount None, free_listed false, inflight false, quarantined false, key_names 0; co_writer false) — a concurrency outcome the design says cannot happen just happened. Counted in invariant_tripwires; the daemon proceeds (a panic here would lose a FUSE reply, which is strictly worse than a wrong-but-served op)
[2026-09-06T14:00:04Z ERROR squeezefs::cowriter] S9: shipped free of block 1240 (vol_tag 0xad7b1d37b0829b08) names an offset this authority tracks no reference for and that is held in the freed-offset grace ring — the double-release lineage; refused (block_untracked_free_refusals)
[2026-09-06T14:00:04Z ERROR squeezefs::block_allocator] begin_free REFUSED untracked offset 5200936960: no refcount entry — double-release lineage (see block_untracked_free_refusals)
[2026-09-06T14:00:04Z INFO  squeezefs::cowriter] S9: lane free harvest served 64 block(s) of lane 6/16 on vol_tag 0xc5e11286df218556 to lease epoch 8 (removed from this authority's free list; quarantine-on-death until discharged)
[2026-09-06T14:00:04Z INFO  squeezefs::cowriter] S9: lane free harvest served 64 block(s) of lane 1/16 on vol_tag 0xad7b1d37b0829b08 to lease epoch 7 (removed from this authority's free list; quarantine-on-death until discharged)
[2026-09-06T14:00:04Z INFO  squeezefs::cowriter] S9: lane free harvest served 64 block(s) of lane 1/16 on vol_tag 0xad7b1d37b0829b08 to lease epoch 7 (removed from this authority's free list; quarantine-on-death until discharged)
[2026-09-06T14:00:04Z INFO  squeezefs::cowriter] S9: lane free harvest served 64 block(s) of lane 4/16 on vol_tag 0xc5e11286df218556 to lease epoch 6 (removed from this authority's free list; quarantine-on-death until discharged)
[2026-09-06T14:00:04Z INFO  squeezefs::cowriter] S9: lane free harvest served 64 block(s) of lane 7/16 on vol_tag 0xad7b1d37b0829b08 to lease epoch 5 (removed from this authority's free list; quarantine-on-death until discharged)
[2026-09-06T14:00:04Z INFO  squeezefs::cowriter] S9: lane free harvest served 64 block(s) of lane 2/16 on vol_tag 0xc5e11286df218556 to lease epoch 3 (removed from this authority's free list; quarantine-on-death until discharged)
[2026-09-06T14:00:05Z INFO  squeezefs::cowriter] S9: lane free harvest served 64 block(s) of lane 8/16 on vol_tag 0xad7b1d37b0829b08 to lease epoch 1 (removed from this authority's free list; quarantine-on-death until discharged)
[2026-09-06T14:00:05Z INFO  squeezefs::cowriter] S9: lane free harvest served 64 block(s) of lane 8/16 on vol_tag 0xad7b1d37b0829b08 to lease epoch 1 (removed from this authority's free list; quarantine-on-death until discharged)
[2026-09-06T14:00:05Z INFO  squeezefs::cowriter] S9: lane free harvest served 64 block(s) of lane 5/16 on vol_tag 0xc5e11286df218556 to lease epoch 2 (removed from this authority's free list; quarantine-on-death until discharged)
[2026-09-06T14:00:05Z INFO  squeezefs::cowriter] S9: lane free harvest served 64 block(s) of lane 5/16 on vol_tag 0xad7b1d37b0829b08 to lease epoch 2 (removed from this authority's free list; quarantine-on-death until discharged)
[2026-09-06T14:00:05Z INFO  squeezefs::cowriter] S9: lane free harvest served 64 block(s) of lane 8/16 on vol_tag 0xc5e11286df218556 to lease epoch 1 (removed from this authority's free list; quarantine-on-death until discharged)
[2026-09-06T14:00:05Z INFO  squeezefs::cowriter] S9: lane free harvest served 64 block(s) of lane 3/16 on vol_tag 0xc5e11286df218556 to lease epoch 4 (removed from this authority's free list; quarantine-on-death until discharged)
[2026-09-06T14:00:05Z INFO  squeezefs::cowriter] S9: lane free harvest served 64 block(s) of lane 5/16 on vol_tag 0xad7b1d37b0829b08 to lease epoch 2 (removed from this authority's free list; quarantine-on-death until discharged)
[2026-09-06T14:00:05Z INFO  squeezefs::cowriter] S9: lane free harvest served 5 block(s) of lane 5/16 on vol_tag 0xad7b1d37b0829b08 to lease epoch 2 (removed from this authority's free list; quarantine-on-death until discharged)
[2026-09-06T14:00:06Z INFO  squeezefs::cowriter] S9: lane free harvest served 43 block(s) of lane 1/16 on vol_tag 0xad7b1d37b0829b08 to lease epoch 7 (removed from this authority's free list; quarantine-on-death until discharged)
[2026-09-06T14:00:06Z INFO  squeezefs::cowriter] S9: lane free harvest served 64 block(s) of lane 2/16 on vol_tag 0xc5e11286df218556 to lease epoch 3 (removed from this authority's free list; quarantine-on-death until discharged)
[2026-09-06T14:00:06Z INFO  squeezefs::cowriter] S9: lane free harvest served 45 block(s) of lane 4/16 on vol_tag 0xc5e11286df218556 to lease epoch 6 (removed from this authority's free list; quarantine-on-death until discharged)
[2026-09-06T14:00:06Z INFO  squeezefs::cowriter] S9: lane free harvest served 64 block(s) of lane 7/16 on vol_tag 0xad7b1d37b0829b08 to lease epoch 5 (removed from this authority's free list; quarantine-on-death until discharged)
[2026-09-06T14:00:06Z INFO  squeezefs::cowriter] S9: lane free harvest served 63 block(s) of lane 8/16 on vol_tag 0xc5e11286df218556 to lease epoch 1 (removed from this authority's free list; quarantine-on-death until discharged)
[2026-09-06T14:00:06Z INFO  squeezefs::cowriter] S9: lane free harvest served 64 block(s) of lane 6/16 on vol_tag 0xc5e11286df218556 to lease epoch 8 (removed from this authority's free list; quarantine-on-death until discharged)
[2026-09-06T14:00:06Z INFO  squeezefs::cowriter] S9: lane free harvest served 64 block(s) of lane 6/16 on vol_tag 0xc5e11286df218556 to lease epoch 8 (removed from this authority's free list; quarantine-on-death until discharged)
[2026-09-06T14:00:06Z INFO  squeezefs::cowriter] S9: lane free harvest served 64 block(s) of lane 3/16 on vol_tag 0xad7b1d37b0829b08 to lease epoch 4 (removed from this authority's free list; quarantine-on-death until discharged)
[2026-09-06T14:00:06Z INFO  squeezefs::cowriter] S9: lane free harvest served 64 block(s) of lane 3/16 on vol_tag 0xad7b1d37b0829b08 to lease epoch 4 (removed from this authority's free list; quarantine-on-death until discharged)
[2026-09-06T14:00:06Z INFO  squeezefs::cowriter] S9: lane free harvest served 1 block(s) of lane 4/16 on vol_tag 0xc5e11286df218556 to lease epoch 6 (removed from this authority's free list; quarantine-on-death until discharged)
[2026-09-06T14:00:06Z INFO  squeezefs::cowriter] S9: lane free harvest served 64 block(s) of lane 7/16 on vol_tag 0xad7b1d37b0829b08 to lease epoch 5 (removed from this authority's free list; quarantine-on-death until discharged)
[2026-09-06T14:00:06Z INFO  squeezefs::cowriter] S9: lane free harvest served 64 block(s) of lane 2/16 on vol_tag 0xc5e11286df218556 to lease epoch 3 (removed from this authority's free list; quarantine-on-death until discharged)
[2026-09-06T14:00:06Z INFO  squeezefs::cowriter] S9: lane free harvest served 64 block(s) of lane 2/16 on vol_tag 0xc5e11286df218556 to lease epoch 3 (removed from this authority's free list; quarantine-on-death until discharged)
[2026-09-06T14:00:07Z INFO  squeezefs::cowriter] S9: lane free harvest served 64 block(s) of lane 6/16 on vol_tag 0xc5e11286df218556 to lease epoch 8 (removed from this authority's free list; quarantine-on-death until discharged)
[2026-09-06T14:00:07Z INFO  squeezefs::cowriter] S9: lane free harvest served 64 block(s) of lane 7/16 on vol_tag 0xad7b1d37b0829b08 to lease epoch 5 (removed from this authority's free list; quarantine-on-death until discharged)
[2026-09-06T14:00:07Z INFO  squeezefs::cowriter] S9: lane free harvest served 64 block(s) of lane 3/16 on vol_tag 0xad7b1d37b0829b08 to lease epoch 4 (removed from this authority's free list; quarantine-on-death until discharged)
[2026-09-06T14:00:07Z INFO  squeezefs::cowriter] S9: lane free harvest served 1 block(s) of lane 5/16 on vol_tag 0xad7b1d37b0829b08 to lease epoch 2 (removed from this authority's free list; quarantine-on-death until discharged)
[2026-09-06T14:00:07Z INFO  squeezefs::cowriter] S9: lane free harvest served 41 block(s) of lane 6/16 on vol_tag 0xc5e11286df218556 to lease epoch 8 (removed from this authority's free list; quarantine-on-death until discharged)
[2026-09-06T14:00:07Z INFO  squeezefs::cowriter] S9: lane free harvest served 64 block(s) of lane 2/16 on vol_tag 0xc5e11286df218556 to lease epoch 3 (removed from this authority's free list; quarantine-on-death until discharged)
[2026-09-06T14:00:07Z ERROR squeezefs::cowriter] S9: shipped free of block 7672 (vol_tag 0xc5e11286df218556) names an offset this authority tracks no reference for and that is held in the freed-offset grace ring — the double-release lineage; refused (block_untracked_free_refusals)
[2026-09-06T14:00:07Z ERROR squeezefs::block_allocator] begin_free REFUSED untracked offset 32178700288: no refcount entry — double-release lineage (see block_untracked_free_refusals)
[2026-09-06T14:00:08Z ERROR squeezefs] INVARIANT TRIPWIRE 'read_settle_lost_serialized': block 383 of inode_2: incarnation moved under BLOCK_FLUSH_LOCKS + INODE_META_LOCKS (key 'nvme4n1://830472192' — offset 830472192: live_incarnation 0, fill(word) None, refcount None, free_listed false, inflight false, quarantined false, key_names 0; co_writer false) — a concurrency outcome the design says cannot happen just happened. Counted in invariant_tripwires; the daemon proceeds (a panic here would lose a FUSE reply, which is strictly worse than a wrong-but-served op)
[2026-09-06T14:00:08Z INFO  squeezefs::cowriter] S9: lane free harvest served 64 block(s) of lane 8/16 on vol_tag 0xad7b1d37b0829b08 to lease epoch 1 (removed from this authority's free list; quarantine-on-death until discharged)
[2026-09-06T14:00:08Z INFO  squeezefs::cowriter] S9: lane free harvest served 64 block(s) of lane 8/16 on vol_tag 0xad7b1d37b0829b08 to lease epoch 1 (removed from this authority's free list; quarantine-on-death until discharged)
[2026-09-06T14:00:08Z ERROR squeezefs::cowriter] S9: shipped free of block 1267 (vol_tag 0xad7b1d37b0829b08) names an offset this authority tracks no reference for and that is held in the freed-offset grace ring — the double-release lineage; refused (block_untracked_free_refusals)
[2026-09-06T14:00:08Z ERROR squeezefs::block_allocator] begin_free REFUSED untracked offset 5314183168: no refcount entry — double-release lineage (see block_untracked_free_refusals)
[2026-09-06T14:00:08Z INFO  squeezefs::cowriter] S9: lane free harvest served 64 block(s) of lane 3/16 on vol_tag 0xad7b1d37b0829b08 to lease epoch 4 (removed from this authority's free list; quarantine-on-death until discharged)
[2026-09-06T14:00:08Z ERROR squeezefs::cowriter] S9: shipped free of block 8118 (vol_tag 0xc5e11286df218556) names an offset this authority tracks no reference for and that is held in the freed-offset grace ring — the double-release lineage; refused (block_untracked_free_refusals)
[2026-09-06T14:00:08Z ERROR squeezefs::block_allocator] begin_free REFUSED untracked offset 34049359872: no refcount entry — double-release lineage (see block_untracked_free_refusals)
[2026-09-06T14:00:08Z INFO  squeezefs::cowriter] S9: lane free harvest served 64 block(s) of lane 4/16 on vol_tag 0xad7b1d37b0829b08 to lease epoch 6 (removed from this authority's free list; quarantine-on-death until discharged)
[2026-09-06T14:00:08Z INFO  squeezefs::cowriter] S9: lane free harvest served 64 block(s) of lane 7/16 on vol_tag 0xc5e11286df218556 to lease epoch 5 (removed from this authority's free list; quarantine-on-death until discharged)
[2026-09-06T14:00:08Z INFO  squeezefs::cowriter] S9: lane free harvest served 64 block(s) of lane 2/16 on vol_tag 0xc5e11286df218556 to lease epoch 3 (removed from this authority's free list; quarantine-on-death until discharged)
[2026-09-06T14:00:09Z ERROR squeezefs] INVARIANT TRIPWIRE 'read_settle_lost_serialized': block 383 of inode_2: incarnation moved under BLOCK_FLUSH_LOCKS + INODE_META_LOCKS (key 'nvme4n1://830472192' — offset 830472192: live_incarnation 0, fill(word) None, refcount None, free_listed false, inflight false, quarantined false, key_names 0; co_writer false) — a concurrency outcome the design says cannot happen just happened. Counted in invariant_tripwires; the daemon proceeds (a panic here would lose a FUSE reply, which is strictly worse than a wrong-but-served op)
[2026-09-06T14:00:09Z INFO  squeezefs::cowriter] S9: lane free harvest served 64 block(s) of lane 8/16 on vol_tag 0xad7b1d37b0829b08 to lease epoch 1 (removed from this authority's free list; quarantine-on-death until discharged)
[2026-09-06T14:00:09Z INFO  squeezefs::cowriter] S9: lane free harvest served 64 block(s) of lane 8/16 on vol_tag 0xad7b1d37b0829b08 to lease epoch 1 (removed from this authority's free list; quarantine-on-death until discharged)
[2026-09-06T14:00:09Z ERROR squeezefs::cowriter] S9: shipped free of block 599 (vol_tag 0xc5e11286df218556) names an offset this authority tracks no reference for and that is held in the freed-offset grace ring — the double-release lineage; refused (block_untracked_free_refusals)
[2026-09-06T14:00:09Z ERROR squeezefs::block_allocator] begin_free REFUSED untracked offset 2512388096: no refcount entry — double-release lineage (see block_untracked_free_refusals)
[2026-09-06T14:00:09Z ERROR squeezefs::cowriter] S9: shipped free of block 6994 (vol_tag 0xc5e11286df218556) names an offset this authority tracks no reference for and that is held in the freed-offset grace ring — the double-release lineage; refused (block_untracked_free_refusals)
[2026-09-06T14:00:09Z ERROR squeezefs::block_allocator] begin_free REFUSED untracked offset 29334962176: no refcount entry — double-release lineage (see block_untracked_free_refusals)
[2026-09-06T14:00:09Z INFO  squeezefs::cowriter] S9: lane free harvest served 56 block(s) of lane 7/16 on vol_tag 0xc5e11286df218556 to lease epoch 5 (removed from this authority's free list; quarantine-on-death until discharged)
[2026-09-06T14:00:09Z INFO  squeezefs::cowriter] S9: lane free harvest served 15 block(s) of lane 2/16 on vol_tag 0xc5e11286df218556 to lease epoch 3 (removed from this authority's free list; quarantine-on-death until discharged)
[2026-09-06T14:00:10Z ERROR squeezefs] INVARIANT TRIPWIRE 'read_settle_lost_serialized': block 383 of inode_2: incarnation moved under BLOCK_FLUSH_LOCKS + INODE_META_LOCKS (key 'nvme4n1://830472192' — offset 830472192: live_incarnation 0, fill(word) None, refcount None, free_listed false, inflight false, quarantined false, key_names 0; co_writer false) — a concurrency outcome the design says cannot happen just happened. Counted in invariant_tripwires; the daemon proceeds (a panic here would lose a FUSE reply, which is strictly worse than a wrong-but-served op)
[2026-09-06T14:00:10Z INFO  squeezefs::cowriter] S9: lane free harvest served 64 block(s) of lane 4/16 on vol_tag 0xad7b1d37b0829b08 to lease epoch 6 (removed from this authority's free list; quarantine-on-death until discharged)
[2026-09-06T14:00:10Z INFO  squeezefs::cowriter] S9: lane free harvest served 64 block(s) of lane 3/16 on vol_tag 0xad7b1d37b0829b08 to lease epoch 4 (removed from this authority's free list; quarantine-on-death until discharged)
[2026-09-06T14:00:10Z INFO  squeezefs::cowriter] S9: lane free harvest served 64 block(s) of lane 1/16 on vol_tag 0xc5e11286df218556 to lease epoch 7 (removed from this authority's free list; quarantine-on-death until discharged)
[2026-09-06T14:00:10Z INFO  squeezefs::cowriter] S9: lane free harvest served 3 block(s) of lane 2/16 on vol_tag 0xc5e11286df218556 to lease epoch 3 (removed from this authority's free list; quarantine-on-death until discharged)
[2026-09-06T14:00:11Z INFO  squeezefs::cowriter] S9: lane free harvest served 64 block(s) of lane 5/16 on vol_tag 0xc5e11286df218556 to lease epoch 2 (removed from this authority's free list; quarantine-on-death until discharged)
[2026-09-06T14:00:11Z ERROR squeezefs] INVARIANT TRIPWIRE 'read_settle_lost_serialized': block 383 of inode_2: incarnation moved under BLOCK_FLUSH_LOCKS + INODE_META_LOCKS (key 'nvme4n1://830472192' — offset 830472192: live_incarnation 0, fill(word) None, refcount None, free_listed false, inflight false, quarantined false, key_names 0; co_writer false) — a concurrency outcome the design says cannot happen just happened. Counted in invariant_tripwires; the daemon proceeds (a panic here would lose a FUSE reply, which is strictly worse than a wrong-but-served op)
[2026-09-06T14:00:11Z INFO  squeezefs::cowriter] S9: lane free harvest served 2 block(s) of lane 8/16 on vol_tag 0xc5e11286df218556 to lease epoch 1 (removed from this authority's free list; quarantine-on-death until discharged)
[2026-09-06T14:00:11Z INFO  squeezefs::cowriter] S9: lane free harvest served 64 block(s) of lane 5/16 on vol_tag 0xc5e11286df218556 to lease epoch 2 (removed from this authority's free list; quarantine-on-death until discharged)
[2026-09-06T14:00:11Z INFO  squeezefs::cowriter] S9: lane free harvest served 64 block(s) of lane 1/16 on vol_tag 0xc5e11286df218556 to lease epoch 7 (removed from this authority's free list; quarantine-on-death until discharged)
[2026-09-06T14:00:11Z INFO  squeezefs::cowriter] S9: lane free harvest served 1 block(s) of lane 1/16 on vol_tag 0xad7b1d37b0829b08 to lease epoch 7 (removed from this authority's free list; quarantine-on-death until discharged)
[2026-09-06T14:00:11Z INFO  squeezefs::cowriter] S9: lane free harvest served 1 block(s) of lane 4/16 on vol_tag 0xc5e11286df218556 to lease epoch 6 (removed from this authority's free list; quarantine-on-death until discharged)
[2026-09-06T14:00:11Z INFO  squeezefs::cowriter] S9: lane free harvest served 1 block(s) of lane 6/16 on vol_tag 0xc5e11286df218556 to lease epoch 8 (removed from this authority's free list; quarantine-on-death until discharged)
[2026-09-06T14:00:11Z INFO  squeezefs::cowriter] S9: lane free harvest served 2 block(s) of lane 2/16 on vol_tag 0xc5e11286df218556 to lease epoch 3 (removed from this authority's free list; quarantine-on-death until discharged)
[2026-09-06T14:00:12Z ERROR squeezefs] INVARIANT TRIPWIRE 'read_settle_lost_serialized': block 383 of inode_2: incarnation moved under BLOCK_FLUSH_LOCKS + INODE_META_LOCKS (key 'nvme4n1://830472192' — offset 830472192: live_incarnation 0, fill(word) None, refcount None, free_listed false, inflight false, quarantined false, key_names 0; co_writer false) — a concurrency outcome the design says cannot happen just happened. Counted in invariant_tripwires; the daemon proceeds (a panic here would lose a FUSE reply, which is strictly worse than a wrong-but-served op)
[2026-09-06T14:00:12Z INFO  squeezefs::cowriter] S9: lane free harvest served 64 block(s) of lane 5/16 on vol_tag 0xc5e11286df218556 to lease epoch 2 (removed from this authority's free list; quarantine-on-death until discharged)
[2026-09-06T14:00:13Z ERROR squeezefs] INVARIANT TRIPWIRE 'read_settle_lost_serialized': block 383 of inode_2: incarnation moved under BLOCK_FLUSH_LOCKS + INODE_META_LOCKS (key 'nvme4n1://830472192' — offset 830472192: live_incarnation 0, fill(word) None, refcount None, free_listed false, inflight false, quarantined false, key_names 0; co_writer false) — a concurrency outcome the design says cannot happen just happened. Counted in invariant_tripwires; the daemon proceeds (a panic here would lose a FUSE reply, which is strictly worse than a wrong-but-served op)
[2026-09-06T14:00:14Z ERROR squeezefs] INVARIANT TRIPWIRE 'read_settle_lost_serialized': block 383 of inode_2: incarnation moved under BLOCK_FLUSH_LOCKS + INODE_META_LOCKS (key 'nvme4n1://830472192' — offset 830472192: live_incarnation 0, fill(word) None, refcount None, free_listed false, inflight false, quarantined false, key_names 0; co_writer false) — a concurrency outcome the design says cannot happen just happened. Counted in invariant_tripwires; the daemon proceeds (a panic here would lose a FUSE reply, which is strictly worse than a wrong-but-served op)
[2026-09-06T14:00:14Z ERROR squeezefs::cowriter] S9: shipped free of block 3157 (vol_tag 0xc5e11286df218556) names an offset this authority tracks no reference for and that is held in the freed-offset grace ring — the double-release lineage; refused (block_untracked_free_refusals)
[2026-09-06T14:00:14Z ERROR squeezefs::block_allocator] begin_free REFUSED untracked offset 13241417728: no refcount entry — double-release lineage (see block_untracked_free_refusals)
[2026-09-06T14:00:14Z INFO  squeezefs::cowriter] S9: lane free harvest served 63 block(s) of lane 8/16 on vol_tag 0xc5e11286df218556 to lease epoch 1 (removed from this authority's free list; quarantine-on-death until discharged)
[2026-09-06T14:00:14Z INFO  squeezefs::cowriter] S9: lane free harvest served 64 block(s) of lane 4/16 on vol_tag 0xad7b1d37b0829b08 to lease epoch 6 (removed from this authority's free list; quarantine-on-death until discharged)
[2026-09-06T14:00:14Z INFO  squeezefs::cowriter] S9: lane free harvest served 64 block(s) of lane 4/16 on vol_tag 0xad7b1d37b0829b08 to lease epoch 6 (removed from this authority's free list; quarantine-on-death until discharged)
[2026-09-06T14:00:14Z INFO  squeezefs::cowriter] S9: lane free harvest served 64 block(s) of lane 6/16 on vol_tag 0xc5e11286df218556 to lease epoch 8 (removed from this authority's free list; quarantine-on-death until discharged)
[2026-09-06T14:00:15Z ERROR squeezefs] INVARIANT TRIPWIRE 'read_settle_lost_serialized': block 383 of inode_2: incarnation moved under BLOCK_FLUSH_LOCKS + INODE_META_LOCKS (key 'nvme4n1://830472192' — offset 830472192: live_incarnation 0, fill(word) None, refcount None, free_listed false, inflight false, quarantined false, key_names 0; co_writer false) — a concurrency outcome the design says cannot happen just happened. Counted in invariant_tripwires; the daemon proceeds (a panic here would lose a FUSE reply, which is strictly worse than a wrong-but-served op)
[2026-09-06T14:00:15Z INFO  squeezefs::cowriter] S9: lane free harvest served 64 block(s) of lane 4/16 on vol_tag 0xad7b1d37b0829b08 to lease epoch 6 (removed from this authority's free list; quarantine-on-death until discharged)
[2026-09-06T14:00:15Z ERROR squeezefs::cowriter] S9: shipped free of block 1761 (vol_tag 0xc5e11286df218556) names an offset this authority tracks no reference for and that is held in the freed-offset grace ring — the double-release lineage; refused (block_untracked_free_refusals)
[2026-09-06T14:00:15Z ERROR squeezefs::block_allocator] begin_free REFUSED untracked offset 7386169344: no refcount entry — double-release lineage (see block_untracked_free_refusals)
[2026-09-06T14:00:16Z ERROR squeezefs] INVARIANT TRIPWIRE 'read_settle_lost_serialized': block 383 of inode_2: incarnation moved under BLOCK_FLUSH_LOCKS + INODE_META_LOCKS (key 'nvme4n1://830472192' — offset 830472192: live_incarnation 0, fill(word) None, refcount None, free_listed false, inflight false, quarantined false, key_names 0; co_writer false) — a concurrency outcome the design says cannot happen just happened. Counted in invariant_tripwires; the daemon proceeds (a panic here would lose a FUSE reply, which is strictly worse than a wrong-but-served op)
[2026-09-06T14:00:16Z INFO  squeezefs::cowriter] S9: lane free harvest served 64 block(s) of lane 1/16 on vol_tag 0xc5e11286df218556 to lease epoch 7 (removed from this authority's free list; quarantine-on-death until discharged)
[2026-09-06T14:00:17Z ERROR squeezefs] INVARIANT TRIPWIRE 'read_settle_lost_serialized': block 383 of inode_2: incarnation moved under BLOCK_FLUSH_LOCKS + INODE_META_LOCKS (key 'nvme4n1://830472192' — offset 830472192: live_incarnation 0, fill(word) None, refcount None, free_listed false, inflight false, quarantined false, key_names 0; co_writer false) — a concurrency outcome the design says cannot happen just happened. Counted in invariant_tripwires; the daemon proceeds (a panic here would lose a FUSE reply, which is strictly worse than a wrong-but-served op)
[2026-09-06T14:00:17Z ERROR squeezefs::cowriter] S9: shipped free of block 2836 (vol_tag 0xad7b1d37b0829b08) names an offset this authority tracks no reference for and that is held in the freed-offset grace ring — the double-release lineage; refused (block_untracked_free_refusals)
[2026-09-06T14:00:17Z ERROR squeezefs::block_allocator] begin_free REFUSED untracked offset 11895046144: no refcount entry — double-release lineage (see block_untracked_free_refusals)
[2026-09-06T14:00:17Z INFO  squeezefs::cowriter] S9: lane free harvest served 64 block(s) of lane 1/16 on vol_tag 0xc5e11286df218556 to lease epoch 7 (removed from this authority's free list; quarantine-on-death until discharged)
[2026-09-06T14:00:18Z ERROR squeezefs] INVARIANT TRIPWIRE 'read_settle_lost_serialized': block 383 of inode_2: incarnation moved under BLOCK_FLUSH_LOCKS + INODE_META_LOCKS (key 'nvme4n1://830472192' — offset 830472192: live_incarnation 0, fill(word) None, refcount None, free_listed false, inflight false, quarantined false, key_names 0; co_writer false) — a concurrency outcome the design says cannot happen just happened. Counted in invariant_tripwires; the daemon proceeds (a panic here would lose a FUSE reply, which is strictly worse than a wrong-but-served op)
[2026-09-06T14:00:18Z ERROR squeezefs::cowriter] S9: shipped free of block 2929 (vol_tag 0xc5e11286df218556) names an offset this authority tracks no reference for and that is held in the freed-offset grace ring — the double-release lineage; refused (block_untracked_free_refusals)
[2026-09-06T14:00:18Z ERROR squeezefs::block_allocator] begin_free REFUSED untracked offset 12285116416: no refcount entry — double-release lineage (see block_untracked_free_refusals)
[2026-09-06T14:00:18Z INFO  squeezefs::cowriter] S9: lane free harvest served 64 block(s) of lane 1/16 on vol_tag 0xc5e11286df218556 to lease epoch 7 (removed from this authority's free list; quarantine-on-death until discharged)
[2026-09-06T14:00:19Z ERROR squeezefs] INVARIANT TRIPWIRE 'read_settle_lost_serialized': block 383 of inode_2: incarnation moved under BLOCK_FLUSH_LOCKS + INODE_META_LOCKS (key 'nvme4n1://830472192' — offset 830472192: live_incarnation 0, fill(word) None, refcount None, free_listed false, inflight false, quarantined false, key_names 0; co_writer false) — a concurrency outcome the design says cannot happen just happened. Counted in invariant_tripwires; the daemon proceeds (a panic here would lose a FUSE reply, which is strictly worse than a wrong-but-served op)
[2026-09-06T14:00:20Z ERROR squeezefs] INVARIANT TRIPWIRE 'read_settle_lost_serialized': block 383 of inode_2: incarnation moved under BLOCK_FLUSH_LOCKS + INODE_META_LOCKS (key 'nvme4n1://830472192' — offset 830472192: live_incarnation 0, fill(word) None, refcount None, free_listed false, inflight false, quarantined false, key_names 0; co_writer false) — a concurrency outcome the design says cannot happen just happened. Counted in invariant_tripwires; the daemon proceeds (a panic here would lose a FUSE reply, which is strictly worse than a wrong-but-served op)
[2026-09-06T14:00:21Z ERROR squeezefs] INVARIANT TRIPWIRE 'read_settle_lost_serialized': block 383 of inode_2: incarnation moved under BLOCK_FLUSH_LOCKS + INODE_META_LOCKS (key 'nvme4n1://830472192' — offset 830472192: live_incarnation 0, fill(word) None, refcount None, free_listed false, inflight false, quarantined false, key_names 0; co_writer false) — a concurrency outcome the design says cannot happen just happened. Counted in invariant_tripwires; the daemon proceeds (a panic here would lose a FUSE reply, which is strictly worse than a wrong-but-served op)
[2026-09-06T14:00:22Z ERROR squeezefs] INVARIANT TRIPWIRE 'read_settle_lost_serialized': block 383 of inode_2: incarnation moved under BLOCK_FLUSH_LOCKS + INODE_META_LOCKS (key 'nvme4n1://830472192' — offset 830472192: live_incarnation 0, fill(word) None, refcount None, free_listed false, inflight false, quarantined false, key_names 0; co_writer false) — a concurrency outcome the design says cannot happen just happened. Counted in invariant_tripwires; the daemon proceeds (a panic here would lose a FUSE reply, which is strictly worse than a wrong-but-served op)
[2026-09-06T14:00:22Z ERROR squeezefs::cowriter] S9: shipped free of block 6200 (vol_tag 0xad7b1d37b0829b08) names an offset this authority tracks no reference for and that is already on the free list — the double-release lineage; refused (block_untracked_free_refusals)
[2026-09-06T14:00:22Z ERROR squeezefs::block_allocator] begin_free REFUSED untracked offset 26004684800: no refcount entry — double-release lineage (see block_untracked_free_refusals)
[2026-09-06T14:00:22Z ERROR squeezefs::cowriter] S9: shipped free of block 4785 (vol_tag 0xc5e11286df218556) names an offset this authority tracks no reference for and that is held in the freed-offset grace ring — the double-release lineage; refused (block_untracked_free_refusals)
[2026-09-06T14:00:22Z ERROR squeezefs::block_allocator] begin_free REFUSED untracked offset 20069744640: no refcount entry — double-release lineage (see block_untracked_free_refusals)
[2026-09-06T14:00:22Z ERROR squeezefs::cowriter] S9: shipped free of block 4885 (vol_tag 0xc5e11286df218556) names an offset this authority tracks no reference for and that is held in the freed-offset grace ring — the double-release lineage; refused (block_untracked_free_refusals)
[2026-09-06T14:00:22Z ERROR squeezefs::block_allocator] begin_free REFUSED untracked offset 20489175040: no refcount entry — double-release lineage (see block_untracked_free_refusals)
[2026-09-06T14:00:22Z INFO  squeezefs::cowriter] S9: lane free harvest served 64 block(s) of lane 1/16 on vol_tag 0xc5e11286df218556 to lease epoch 7 (removed from this authority's free list; quarantine-on-death until discharged)
[2026-09-06T14:00:22Z INFO  squeezefs::cowriter] S9: lane free harvest served 64 block(s) of lane 4/16 on vol_tag 0xad7b1d37b0829b08 to lease epoch 6 (removed from this authority's free list; quarantine-on-death until discharged)
[2026-09-06T14:00:22Z INFO  squeezefs::cowriter] S9: lane free harvest served 64 block(s) of lane 3/16 on vol_tag 0xad7b1d37b0829b08 to lease epoch 4 (removed from this authority's free list; quarantine-on-death until discharged)
[2026-09-06T14:00:22Z INFO  squeezefs::cowriter] S9: lane free harvest served 64 block(s) of lane 6/16 on vol_tag 0xc5e11286df218556 to lease epoch 8 (removed from this authority's free list; quarantine-on-death until discharged)
[2026-09-06T14:00:22Z INFO  squeezefs::cowriter] S9: lane free harvest served 64 block(s) of lane 7/16 on vol_tag 0xc5e11286df218556 to lease epoch 5 (removed from this authority's free list; quarantine-on-death until discharged)
[2026-09-06T14:00:22Z INFO  squeezefs::cowriter] S9: lane free harvest served 64 block(s) of lane 2/16 on vol_tag 0xc5e11286df218556 to lease epoch 3 (removed from this authority's free list; quarantine-on-death until discharged)
[2026-09-06T14:00:23Z INFO  squeezefs::cowriter] S9: lane free harvest served 64 block(s) of lane 8/16 on vol_tag 0xad7b1d37b0829b08 to lease epoch 1 (removed from this authority's free list; quarantine-on-death until discharged)
[2026-09-06T14:00:23Z INFO  squeezefs::cowriter] S9: lane free harvest served 27 block(s) of lane 8/16 on vol_tag 0xad7b1d37b0829b08 to lease epoch 1 (removed from this authority's free list; quarantine-on-death until discharged)
[2026-09-06T14:00:23Z INFO  squeezefs::cowriter] S9: lane free harvest served 64 block(s) of lane 5/16 on vol_tag 0xc5e11286df218556 to lease epoch 2 (removed from this authority's free list; quarantine-on-death until discharged)
[2026-09-06T14:00:23Z INFO  squeezefs::cowriter] S9: lane free harvest served 64 block(s) of lane 4/16 on vol_tag 0xad7b1d37b0829b08 to lease epoch 6 (removed from this authority's free list; quarantine-on-death until discharged)
[2026-09-06T14:00:23Z INFO  squeezefs::cowriter] S9: lane free harvest served 64 block(s) of lane 5/16 on vol_tag 0xc5e11286df218556 to lease epoch 2 (removed from this authority's free list; quarantine-on-death until discharged)
[2026-09-06T14:00:23Z INFO  squeezefs::cowriter] S9: lane free harvest served 64 block(s) of lane 5/16 on vol_tag 0xc5e11286df218556 to lease epoch 2 (removed from this authority's free list; quarantine-on-death until discharged)
[2026-09-06T14:00:24Z INFO  squeezefs::cowriter] S9: lane free harvest served 64 block(s) of lane 4/16 on vol_tag 0xad7b1d37b0829b08 to lease epoch 6 (removed from this authority's free list; quarantine-on-death until discharged)
[2026-09-06T14:00:24Z INFO  squeezefs::cowriter] S9: lane free harvest served 64 block(s) of lane 7/16 on vol_tag 0xc5e11286df218556 to lease epoch 5 (removed from this authority's free list; quarantine-on-death until discharged)
[2026-09-06T14:00:24Z INFO  squeezefs::cowriter] S9: lane free harvest served 64 block(s) of lane 7/16 on vol_tag 0xc5e11286df218556 to lease epoch 5 (removed from this authority's free list; quarantine-on-death until discharged)
[2026-09-06T14:00:24Z INFO  squeezefs::cowriter] S9: lane free harvest served 64 block(s) of lane 7/16 on vol_tag 0xc5e11286df218556 to lease epoch 5 (removed from this authority's free list; quarantine-on-death until discharged)
[2026-09-06T14:00:24Z INFO  squeezefs::cowriter] S9: lane free harvest served 64 block(s) of lane 7/16 on vol_tag 0xc5e11286df218556 to lease epoch 5 (removed from this authority's free list; quarantine-on-death until discharged)
[2026-09-06T14:00:24Z INFO  squeezefs::cowriter] S9: lane free harvest served 51 block(s) of lane 6/16 on vol_tag 0xc5e11286df218556 to lease epoch 8 (removed from this authority's free list; quarantine-on-death until discharged)
[2026-09-06T14:00:24Z INFO  squeezefs::cowriter] S9: lane free harvest served 64 block(s) of lane 1/16 on vol_tag 0xc5e11286df218556 to lease epoch 7 (removed from this authority's free list; quarantine-on-death until discharged)
[2026-09-06T14:00:24Z INFO  squeezefs::cowriter] S9: lane free harvest served 17 block(s) of lane 2/16 on vol_tag 0xc5e11286df218556 to lease epoch 3 (removed from this authority's free list; quarantine-on-death until discharged)
[2026-09-06T14:00:24Z INFO  squeezefs::cowriter] S9: lane free harvest served 64 block(s) of lane 3/16 on vol_tag 0xad7b1d37b0829b08 to lease epoch 4 (removed from this authority's free list; quarantine-on-death until discharged)
[2026-09-06T14:00:24Z INFO  squeezefs::cowriter] S9: lane free harvest served 64 block(s) of lane 1/16 on vol_tag 0xc5e11286df218556 to lease epoch 7 (removed from this authority's free list; quarantine-on-death until discharged)
[2026-09-06T14:00:25Z INFO  squeezefs::cowriter] S9: lane free harvest served 33 block(s) of lane 4/16 on vol_tag 0xad7b1d37b0829b08 to lease epoch 6 (removed from this authority's free list; quarantine-on-death until discharged)
[2026-09-06T14:00:25Z INFO  squeezefs::cowriter] S9: lane free harvest served 64 block(s) of lane 3/16 on vol_tag 0xad7b1d37b0829b08 to lease epoch 4 (removed from this authority's free list; quarantine-on-death until discharged)
[2026-09-06T14:00:25Z INFO  squeezefs::cowriter] S9: lane free harvest served 19 block(s) of lane 3/16 on vol_tag 0xad7b1d37b0829b08 to lease epoch 4 (removed from this authority's free list; quarantine-on-death until discharged)
[2026-09-06T14:00:25Z INFO  squeezefs::cowriter] S9: lane free harvest served 35 block(s) of lane 7/16 on vol_tag 0xc5e11286df218556 to lease epoch 5 (removed from this authority's free list; quarantine-on-death until discharged)
[2026-09-06T14:00:25Z INFO  squeezefs::cowriter] S9: lane free harvest served 59 block(s) of lane 5/16 on vol_tag 0xc5e11286df218556 to lease epoch 2 (removed from this authority's free list; quarantine-on-death until discharged)
[2026-09-06T14:00:26Z INFO  squeezefs::cowriter] S9: lane free harvest served 49 block(s) of lane 1/16 on vol_tag 0xc5e11286df218556 to lease epoch 7 (removed from this authority's free list; quarantine-on-death until discharged)
[2026-09-06T14:00:26Z INFO  squeezefs::cowriter] S9: lane free harvest served 64 block(s) of lane 6/16 on vol_tag 0xad7b1d37b0829b08 to lease epoch 8 (removed from this authority's free list; quarantine-on-death until discharged)
[2026-09-06T14:00:26Z INFO  squeezefs::cowriter] S9: lane free harvest served 64 block(s) of lane 2/16 on vol_tag 0xad7b1d37b0829b08 to lease epoch 3 (removed from this authority's free list; quarantine-on-death until discharged)
[2026-09-06T14:00:26Z INFO  squeezefs::cowriter] S9: lane free harvest served 64 block(s) of lane 2/16 on vol_tag 0xad7b1d37b0829b08 to lease epoch 3 (removed from this authority's free list; quarantine-on-death until discharged)
[2026-09-06T14:00:26Z INFO  squeezefs::cowriter] S9: lane free harvest served 64 block(s) of lane 8/16 on vol_tag 0xc5e11286df218556 to lease epoch 1 (removed from this authority's free list; quarantine-on-death until discharged)
[2026-09-06T14:00:26Z ERROR squeezefs] INVARIANT TRIPWIRE 'read_settle_lost_serialized': block 383 of inode_2: incarnation moved under BLOCK_FLUSH_LOCKS + INODE_META_LOCKS (key 'nvme4n1://830472192' — offset 830472192: live_incarnation 0, fill(word) None, refcount None, free_listed false, inflight false, quarantined false, key_names 0; co_writer false) — a concurrency outcome the design says cannot happen just happened. Counted in invariant_tripwires; the daemon proceeds (a panic here would lose a FUSE reply, which is strictly worse than a wrong-but-served op)
[2026-09-06T14:00:26Z ERROR squeezefs::cowriter] S9: shipped free of block 8179 (vol_tag 0xad7b1d37b0829b08) names an offset this authority tracks no reference for and that is held in the freed-offset grace ring — the double-release lineage; refused (block_untracked_free_refusals)
[2026-09-06T14:00:26Z ERROR squeezefs::block_allocator] begin_free REFUSED untracked offset 34305212416: no refcount entry — double-release lineage (see block_untracked_free_refusals)
[2026-09-06T14:00:26Z ERROR squeezefs::cowriter] S9: shipped free of block 2056 (vol_tag 0xc5e11286df218556) names an offset this authority tracks no reference for and that is held in the freed-offset grace ring — the double-release lineage; refused (block_untracked_free_refusals)
[2026-09-06T14:00:26Z ERROR squeezefs::block_allocator] begin_free REFUSED untracked offset 8623489024: no refcount entry — double-release lineage (see block_untracked_free_refusals)
[2026-09-06T14:00:26Z INFO  squeezefs::cowriter] S9: lane free harvest served 3 block(s) of lane 4/16 on vol_tag 0xad7b1d37b0829b08 to lease epoch 6 (removed from this authority's free list; quarantine-on-death until discharged)
[2026-09-06T14:00:26Z ERROR squeezefs::cowriter] S9: shipped free of block 2088 (vol_tag 0xc5e11286df218556) names an offset this authority tracks no reference for and that is held in the freed-offset grace ring — the double-release lineage; refused (block_untracked_free_refusals)
[2026-09-06T14:00:26Z ERROR squeezefs::block_allocator] begin_free REFUSED untracked offset 8757706752: no refcount entry — double-release lineage (see block_untracked_free_refusals)
[2026-09-06T14:00:26Z INFO  squeezefs::cowriter] S9: lane free harvest served 64 block(s) of lane 2/16 on vol_tag 0xad7b1d37b0829b08 to lease epoch 3 (removed from this authority's free list; quarantine-on-death until discharged)
[2026-09-06T14:00:26Z ERROR squeezefs::cowriter] S9: shipped free of block 7988 (vol_tag 0xad7b1d37b0829b08) names an offset this authority tracks no reference for and that is held in the freed-offset grace ring — the double-release lineage; refused (block_untracked_free_refusals)
[2026-09-06T14:00:26Z ERROR squeezefs::block_allocator] begin_free REFUSED untracked offset 33504100352: no refcount entry — double-release lineage (see block_untracked_free_refusals)
[2026-09-06T14:00:27Z INFO  squeezefs::cowriter] S9: lane free harvest served 64 block(s) of lane 8/16 on vol_tag 0xc5e11286df218556 to lease epoch 1 (removed from this authority's free list; quarantine-on-death until discharged)
[2026-09-06T14:00:27Z ERROR squeezefs] INVARIANT TRIPWIRE 'read_settle_lost_serialized': block 383 of inode_2: incarnation moved under BLOCK_FLUSH_LOCKS + INODE_META_LOCKS (key 'nvme4n1://830472192' — offset 830472192: live_incarnation 0, fill(word) None, refcount None, free_listed false, inflight false, quarantined false, key_names 0; co_writer false) — a concurrency outcome the design says cannot happen just happened. Counted in invariant_tripwires; the daemon proceeds (a panic here would lose a FUSE reply, which is strictly worse than a wrong-but-served op)
[2026-09-06T14:00:27Z ERROR squeezefs::cowriter] S9: shipped free of block 4885 (vol_tag 0xc5e11286df218556) names an offset this authority tracks no reference for and that is held in the freed-offset grace ring — the double-release lineage; refused (block_untracked_free_refusals)
[2026-09-06T14:00:27Z ERROR squeezefs::block_allocator] begin_free REFUSED untracked offset 20489175040: no refcount entry — double-release lineage (see block_untracked_free_refusals)
[2026-09-06T14:00:27Z INFO  squeezefs::cowriter] S9: lane free harvest served 64 block(s) of lane 2/16 on vol_tag 0xad7b1d37b0829b08 to lease epoch 3 (removed from this authority's free list; quarantine-on-death until discharged)
[2026-09-06T14:00:27Z INFO  squeezefs::cowriter] S9: lane free harvest served 1 block(s) of lane 4/16 on vol_tag 0xad7b1d37b0829b08 to lease epoch 6 (removed from this authority's free list; quarantine-on-death until discharged)
[2026-09-06T14:00:28Z ERROR squeezefs] INVARIANT TRIPWIRE 'read_settle_lost_serialized': block 383 of inode_2: incarnation moved under BLOCK_FLUSH_LOCKS + INODE_META_LOCKS (key 'nvme4n1://19419627520' — offset 19419627520: live_incarnation 0, fill(word) None, refcount None, free_listed false, inflight false, quarantined false, key_names 0; co_writer false) — a concurrency outcome the design says cannot happen just happened. Counted in invariant_tripwires; the daemon proceeds (a panic here would lose a FUSE reply, which is strictly worse than a wrong-but-served op)
[2026-09-06T14:00:28Z ERROR squeezefs::cowriter] S9: shipped free of block 5847 (vol_tag 0xc5e11286df218556) names an offset this authority tracks no reference for and that is held in the freed-offset grace ring — the double-release lineage; refused (block_untracked_free_refusals)
[2026-09-06T14:00:28Z ERROR squeezefs::block_allocator] begin_free REFUSED untracked offset 24524095488: no refcount entry — double-release lineage (see block_untracked_free_refusals)
[2026-09-06T14:00:28Z INFO  squeezefs::cowriter] S9: lane free harvest served 4 block(s) of lane 1/16 on vol_tag 0xc5e11286df218556 to lease epoch 7 (removed from this authority's free list; quarantine-on-death until discharged)
[2026-09-06T14:00:28Z INFO  squeezefs::cowriter] S9: lane free harvest served 4 block(s) of lane 4/16 on vol_tag 0xad7b1d37b0829b08 to lease epoch 6 (removed from this authority's free list; quarantine-on-death until discharged)
[2026-09-06T14:00:28Z INFO  squeezefs::cowriter] S9: lane free harvest served 64 block(s) of lane 6/16 on vol_tag 0xad7b1d37b0829b08 to lease epoch 8 (removed from this authority's free list; quarantine-on-death until discharged)
[2026-09-06T14:00:28Z ERROR squeezefs::cowriter] S9: shipped free of block 8161 (vol_tag 0xc5e11286df218556) names an offset this authority tracks no reference for and that is held in the freed-offset grace ring — the double-release lineage; refused (block_untracked_free_refusals)
[2026-09-06T14:00:28Z ERROR squeezefs::block_allocator] begin_free REFUSED untracked offset 34229714944: no refcount entry — double-release lineage (see block_untracked_free_refusals)
[2026-09-06T14:00:29Z ERROR squeezefs] INVARIANT TRIPWIRE 'read_settle_lost_serialized': block 383 of inode_2: incarnation moved under BLOCK_FLUSH_LOCKS + INODE_META_LOCKS (key 'nvme4n1://19419627520' — offset 19419627520: live_incarnation 0, fill(word) None, refcount None, free_listed false, inflight false, quarantined false, key_names 0; co_writer false) — a concurrency outcome the design says cannot happen just happened. Counted in invariant_tripwires; the daemon proceeds (a panic here would lose a FUSE reply, which is strictly worse than a wrong-but-served op)
[2026-09-06T14:00:29Z INFO  squeezefs::cowriter] S9: lane free harvest served 1 block(s) of lane 6/16 on vol_tag 0xc5e11286df218556 to lease epoch 8 (removed from this authority's free list; quarantine-on-death until discharged)
[2026-09-06T14:00:29Z ERROR squeezefs::cowriter] S9: shipped free of block 2994 (vol_tag 0xad7b1d37b0829b08) names an offset this authority tracks no reference for and that is held in the freed-offset grace ring — the double-release lineage; refused (block_untracked_free_refusals)
[2026-09-06T14:00:29Z ERROR squeezefs::block_allocator] begin_free REFUSED untracked offset 12557746176: no refcount entry — double-release lineage (see block_untracked_free_refusals)
[2026-09-06T14:00:29Z INFO  squeezefs::cowriter] S9: lane free harvest served 1 block(s) of lane 3/16 on vol_tag 0xad7b1d37b0829b08 to lease epoch 4 (removed from this authority's free list; quarantine-on-death until discharged)
[2026-09-06T14:00:29Z INFO  squeezefs::cowriter] S9: lane free harvest served 1 block(s) of lane 7/16 on vol_tag 0xc5e11286df218556 to lease epoch 5 (removed from this authority's free list; quarantine-on-death until discharged)
[2026-09-06T14:00:30Z ERROR squeezefs] INVARIANT TRIPWIRE 'read_settle_lost_serialized': block 383 of inode_2: incarnation moved under BLOCK_FLUSH_LOCKS + INODE_META_LOCKS (key 'nvme4n1://19419627520' — offset 19419627520: live_incarnation 0, fill(word) None, refcount None, free_listed false, inflight false, quarantined false, key_names 0; co_writer false) — a concurrency outcome the design says cannot happen just happened. Counted in invariant_tripwires; the daemon proceeds (a panic here would lose a FUSE reply, which is strictly worse than a wrong-but-served op)
[2026-09-06T14:00:30Z INFO  squeezefs::cowriter] S9: lane free harvest served 64 block(s) of lane 6/16 on vol_tag 0xad7b1d37b0829b08 to lease epoch 8 (removed from this authority's free list; quarantine-on-death until discharged)
[2026-09-06T14:00:31Z ERROR squeezefs] INVARIANT TRIPWIRE 'read_settle_lost_serialized': block 383 of inode_2: incarnation moved under BLOCK_FLUSH_LOCKS + INODE_META_LOCKS (key 'nvme4n1://19419627520' — offset 19419627520: live_incarnation 0, fill(word) None, refcount None, free_listed false, inflight false, quarantined false, key_names 0; co_writer false) — a concurrency outcome the design says cannot happen just happened. Counted in invariant_tripwires; the daemon proceeds (a panic here would lose a FUSE reply, which is strictly worse than a wrong-but-served op)
[2026-09-06T14:00:31Z INFO  squeezefs::cowriter] S9: lane free harvest served 64 block(s) of lane 6/16 on vol_tag 0xad7b1d37b0829b08 to lease epoch 8 (removed from this authority's free list; quarantine-on-death until discharged)
[2026-09-06T14:00:32Z ERROR squeezefs] INVARIANT TRIPWIRE 'read_settle_lost_serialized': block 383 of inode_2: incarnation moved under BLOCK_FLUSH_LOCKS + INODE_META_LOCKS (key 'nvme4n1://19419627520' — offset 19419627520: live_incarnation 0, fill(word) None, refcount None, free_listed false, inflight false, quarantined false, key_names 0; co_writer false) — a concurrency outcome the design says cannot happen just happened. Counted in invariant_tripwires; the daemon proceeds (a panic here would lose a FUSE reply, which is strictly worse than a wrong-but-served op)
[2026-09-06T14:00:32Z INFO  squeezefs::cowriter] S9: lane free harvest served 64 block(s) of lane 4/16 on vol_tag 0xad7b1d37b0829b08 to lease epoch 6 (removed from this authority's free list; quarantine-on-death until discharged)
[2026-09-06T14:00:32Z INFO  squeezefs::cowriter] S9: lane free harvest served 64 block(s) of lane 3/16 on vol_tag 0xad7b1d37b0829b08 to lease epoch 4 (removed from this authority's free list; quarantine-on-death until discharged)
[2026-09-06T14:00:33Z ERROR squeezefs] INVARIANT TRIPWIRE 'read_settle_lost_serialized': block 383 of inode_2: incarnation moved under BLOCK_FLUSH_LOCKS + INODE_META_LOCKS (key 'nvme4n1://19419627520' — offset 19419627520: live_incarnation 0, fill(word) None, refcount None, free_listed false, inflight false, quarantined false, key_names 0; co_writer false) — a concurrency outcome the design says cannot happen just happened. Counted in invariant_tripwires; the daemon proceeds (a panic here would lose a FUSE reply, which is strictly worse than a wrong-but-served op)
[2026-09-06T14:00:33Z INFO  squeezefs::cowriter] S9: lane free harvest served 64 block(s) of lane 5/16 on vol_tag 0xc5e11286df218556 to lease epoch 2 (removed from this authority's free list; quarantine-on-death until discharged)
[2026-09-06T14:00:33Z INFO  squeezefs::cowriter] S9: lane free harvest served 64 block(s) of lane 1/16 on vol_tag 0xc5e11286df218556 to lease epoch 7 (removed from this authority's free list; quarantine-on-death until discharged)
[2026-09-06T14:00:34Z ERROR squeezefs] INVARIANT TRIPWIRE 'read_settle_lost_serialized': block 383 of inode_2: incarnation moved under BLOCK_FLUSH_LOCKS + INODE_META_LOCKS (key 'nvme4n1://19419627520' — offset 19419627520: live_incarnation 0, fill(word) None, refcount None, free_listed false, inflight false, quarantined false, key_names 0; co_writer false) — a concurrency outcome the design says cannot happen just happened. Counted in invariant_tripwires; the daemon proceeds (a panic here would lose a FUSE reply, which is strictly worse than a wrong-but-served op)
[2026-09-06T14:00:34Z INFO  squeezefs::cowriter] S9: lane free harvest served 64 block(s) of lane 1/16 on vol_tag 0xc5e11286df218556 to lease epoch 7 (removed from this authority's free list; quarantine-on-death until discharged)
[2026-09-06T14:00:35Z ERROR squeezefs] INVARIANT TRIPWIRE 'read_settle_lost_serialized': block 383 of inode_2: incarnation moved under BLOCK_FLUSH_LOCKS + INODE_META_LOCKS (key 'nvme4n1://19419627520' — offset 19419627520: live_incarnation 0, fill(word) None, refcount None, free_listed false, inflight false, quarantined false, key_names 0; co_writer false) — a concurrency outcome the design says cannot happen just happened. Counted in invariant_tripwires; the daemon proceeds (a panic here would lose a FUSE reply, which is strictly worse than a wrong-but-served op)
[2026-09-06T14:00:35Z ERROR squeezefs::cowriter] S9: shipped free of block 3158 (vol_tag 0xad7b1d37b0829b08) names an offset this authority tracks no reference for and that is held in the freed-offset grace ring — the double-release lineage; refused (block_untracked_free_refusals)
[2026-09-06T14:00:35Z ERROR squeezefs::block_allocator] begin_free REFUSED untracked offset 13245612032: no refcount entry — double-release lineage (see block_untracked_free_refusals)
[2026-09-06T14:00:35Z INFO  squeezefs::cowriter] S9: lane free harvest served 64 block(s) of lane 6/16 on vol_tag 0xad7b1d37b0829b08 to lease epoch 8 (removed from this authority's free list; quarantine-on-death until discharged)
[2026-09-06T14:00:36Z ERROR squeezefs] INVARIANT TRIPWIRE 'read_settle_lost_serialized': block 383 of inode_2: incarnation moved under BLOCK_FLUSH_LOCKS + INODE_META_LOCKS (key 'nvme4n1://19419627520' — offset 19419627520: live_incarnation 0, fill(word) None, refcount None, free_listed false, inflight false, quarantined false, key_names 0; co_writer false) — a concurrency outcome the design says cannot happen just happened. Counted in invariant_tripwires; the daemon proceeds (a panic here would lose a FUSE reply, which is strictly worse than a wrong-but-served op)
[2026-09-06T14:00:37Z ERROR squeezefs] INVARIANT TRIPWIRE 'read_settle_lost_serialized': block 383 of inode_2: incarnation moved under BLOCK_FLUSH_LOCKS + INODE_META_LOCKS (key 'nvme4n1://19419627520' — offset 19419627520: live_incarnation 0, fill(word) None, refcount None, free_listed false, inflight false, quarantined false, key_names 0; co_writer false) — a concurrency outcome the design says cannot happen just happened. Counted in invariant_tripwires; the daemon proceeds (a panic here would lose a FUSE reply, which is strictly worse than a wrong-but-served op)
[2026-09-06T14:00:38Z ERROR squeezefs] INVARIANT TRIPWIRE 'read_settle_lost_serialized': block 383 of inode_2: incarnation moved under BLOCK_FLUSH_LOCKS + INODE_META_LOCKS (key 'nvme4n1://19419627520' — offset 19419627520: live_incarnation 0, fill(word) None, refcount None, free_listed false, inflight false, quarantined false, key_names 0; co_writer false) — a concurrency outcome the design says cannot happen just happened. Counted in invariant_tripwires; the daemon proceeds (a panic here would lose a FUSE reply, which is strictly worse than a wrong-but-served op)
[2026-09-06T14:00:39Z ERROR squeezefs] INVARIANT TRIPWIRE 'read_settle_lost_serialized': block 383 of inode_2: incarnation moved under BLOCK_FLUSH_LOCKS + INODE_META_LOCKS (key 'nvme4n1://19419627520' — offset 19419627520: live_incarnation 0, fill(word) None, refcount None, free_listed false, inflight false, quarantined false, key_names 0; co_writer false) — a concurrency outcome the design says cannot happen just happened. Counted in invariant_tripwires; the daemon proceeds (a panic here would lose a FUSE reply, which is strictly worse than a wrong-but-served op)
[2026-09-06T14:00:39Z ERROR squeezefs::cowriter] S9: shipped free of block 4822 (vol_tag 0xad7b1d37b0829b08) names an offset this authority tracks no reference for and that is held in the freed-offset grace ring — the double-release lineage; refused (block_untracked_free_refusals)
[2026-09-06T14:00:39Z ERROR squeezefs::block_allocator] begin_free REFUSED untracked offset 20224933888: no refcount entry — double-release lineage (see block_untracked_free_refusals)
[2026-09-06T14:00:40Z ERROR squeezefs] INVARIANT TRIPWIRE 'read_settle_lost_serialized': block 383 of inode_2: incarnation moved under BLOCK_FLUSH_LOCKS + INODE_META_LOCKS (key 'nvme4n1://19419627520' — offset 19419627520: live_incarnation 0, fill(word) None, refcount None, free_listed false, inflight false, quarantined false, key_names 0; co_writer false) — a concurrency outcome the design says cannot happen just happened. Counted in invariant_tripwires; the daemon proceeds (a panic here would lose a FUSE reply, which is strictly worse than a wrong-but-served op)
[2026-09-06T14:00:40Z WARN  squeezefs::meta_ship::tokens] S10 recall valve: object ino 1 demoted to owner-served for 270.035456s — 3 grant→recall cycles inside 33.754432s (spec R5's thrash shape; grants resume after the cooldown)
[2026-09-06T14:00:40Z INFO  squeezefs::cowriter] S9: lane free harvest served 59 block(s) of lane 1/16 on vol_tag 0xc5e11286df218556 to lease epoch 7 (removed from this authority's free list; quarantine-on-death until discharged)
[2026-09-06T14:00:40Z INFO  squeezefs::cowriter] S9: lane free harvest served 64 block(s) of lane 4/16 on vol_tag 0xad7b1d37b0829b08 to lease epoch 6 (removed from this authority's free list; quarantine-on-death until discharged)
[2026-09-06T14:00:40Z INFO  squeezefs::cowriter] S9: lane free harvest served 64 block(s) of lane 3/16 on vol_tag 0xad7b1d37b0829b08 to lease epoch 4 (removed from this authority's free list; quarantine-on-death until discharged)
[2026-09-06T14:00:40Z INFO  squeezefs::cowriter] S9: lane free harvest served 64 block(s) of lane 6/16 on vol_tag 0xad7b1d37b0829b08 to lease epoch 8 (removed from this authority's free list; quarantine-on-death until discharged)
[2026-09-06T14:00:40Z INFO  squeezefs::cowriter] S9: lane free harvest served 64 block(s) of lane 2/16 on vol_tag 0xad7b1d37b0829b08 to lease epoch 3 (removed from this authority's free list; quarantine-on-death until discharged)
[2026-09-06T14:00:40Z INFO  squeezefs::cowriter] S9: lane free harvest served 64 block(s) of lane 2/16 on vol_tag 0xad7b1d37b0829b08 to lease epoch 3 (removed from this authority's free list; quarantine-on-death until discharged)
[2026-09-06T14:00:40Z INFO  squeezefs::cowriter] S9: lane free harvest served 64 block(s) of lane 7/16 on vol_tag 0xc5e11286df218556 to lease epoch 5 (removed from this authority's free list; quarantine-on-death until discharged)
[2026-09-06T14:00:40Z INFO  squeezefs::cowriter] S9: lane free harvest served 64 block(s) of lane 5/16 on vol_tag 0xc5e11286df218556 to lease epoch 2 (removed from this authority's free list; quarantine-on-death until discharged)
[2026-09-06T14:00:41Z INFO  squeezefs::cowriter] S9: lane free harvest served 64 block(s) of lane 8/16 on vol_tag 0xc5e11286df218556 to lease epoch 1 (removed from this authority's free list; quarantine-on-death until discharged)
[2026-09-06T14:00:41Z INFO  squeezefs::cowriter] S9: lane free harvest served 54 block(s) of lane 5/16 on vol_tag 0xc5e11286df218556 to lease epoch 2 (removed from this authority's free list; quarantine-on-death until discharged)
[2026-09-06T14:00:41Z INFO  squeezefs::cowriter] S9: lane free harvest served 33 block(s) of lane 3/16 on vol_tag 0xad7b1d37b0829b08 to lease epoch 4 (removed from this authority's free list; quarantine-on-death until discharged)
[2026-09-06T14:00:41Z INFO  squeezefs::cowriter] S9: lane free harvest served 56 block(s) of lane 4/16 on vol_tag 0xad7b1d37b0829b08 to lease epoch 6 (removed from this authority's free list; quarantine-on-death until discharged)
[2026-09-06T14:00:42Z INFO  squeezefs::cowriter] S9: lane free harvest served 24 block(s) of lane 7/16 on vol_tag 0xc5e11286df218556 to lease epoch 5 (removed from this authority's free list; quarantine-on-death until discharged)
[2026-09-06T14:00:42Z INFO  squeezefs::cowriter] S9: lane free harvest served 10 block(s) of lane 1/16 on vol_tag 0xc5e11286df218556 to lease epoch 7 (removed from this authority's free list; quarantine-on-death until discharged)
[2026-09-06T14:00:42Z INFO  squeezefs::cowriter] S9: lane free harvest served 64 block(s) of lane 8/16 on vol_tag 0xc5e11286df218556 to lease epoch 1 (removed from this authority's free list; quarantine-on-death until discharged)
[2026-09-06T14:00:42Z INFO  squeezefs::cowriter] S9: lane free harvest served 64 block(s) of lane 8/16 on vol_tag 0xc5e11286df218556 to lease epoch 1 (removed from this authority's free list; quarantine-on-death until discharged)
[2026-09-06T14:00:42Z INFO  squeezefs::cowriter] S9: lane free harvest served 64 block(s) of lane 6/16 on vol_tag 0xad7b1d37b0829b08 to lease epoch 8 (removed from this authority's free list; quarantine-on-death until discharged)
[2026-09-06T14:00:42Z INFO  squeezefs::cowriter] S9: lane free harvest served 64 block(s) of lane 6/16 on vol_tag 0xad7b1d37b0829b08 to lease epoch 8 (removed from this authority's free list; quarantine-on-death until discharged)
[2026-09-06T14:00:42Z INFO  squeezefs::cowriter] S9: lane free harvest served 24 block(s) of lane 6/16 on vol_tag 0xad7b1d37b0829b08 to lease epoch 8 (removed from this authority's free list; quarantine-on-death until discharged)
[2026-09-06T14:00:42Z INFO  squeezefs::cowriter] S9: lane free harvest served 64 block(s) of lane 2/16 on vol_tag 0xad7b1d37b0829b08 to lease epoch 3 (removed from this authority's free list; quarantine-on-death until discharged)
[2026-09-06T14:00:42Z INFO  squeezefs::cowriter] S9: lane free harvest served 64 block(s) of lane 7/16 on vol_tag 0xad7b1d37b0829b08 to lease epoch 5 (removed from this authority's free list; quarantine-on-death until discharged)
[2026-09-06T14:00:43Z INFO  squeezefs::cowriter] S9: lane free harvest served 54 block(s) of lane 2/16 on vol_tag 0xad7b1d37b0829b08 to lease epoch 3 (removed from this authority's free list; quarantine-on-death until discharged)
[2026-09-06T14:00:43Z INFO  squeezefs::cowriter] S9: lane free harvest served 64 block(s) of lane 8/16 on vol_tag 0xc5e11286df218556 to lease epoch 1 (removed from this authority's free list; quarantine-on-death until discharged)
[2026-09-06T14:00:43Z INFO  squeezefs::cowriter] S9: lane free harvest served 64 block(s) of lane 4/16 on vol_tag 0xc5e11286df218556 to lease epoch 6 (removed from this authority's free list; quarantine-on-death until discharged)
[2026-09-06T14:00:43Z ERROR squeezefs::cowriter] S9: shipped free of block 5896 (vol_tag 0xc5e11286df218556) names an offset this authority tracks no reference for and that is held in the freed-offset grace ring — the double-release lineage; refused (block_untracked_free_refusals)
[2026-09-06T14:00:43Z ERROR squeezefs::block_allocator] begin_free REFUSED untracked offset 24729616384: no refcount entry — double-release lineage (see block_untracked_free_refusals)
[2026-09-06T14:00:43Z INFO  squeezefs::cowriter] S9: lane free harvest served 64 block(s) of lane 7/16 on vol_tag 0xad7b1d37b0829b08 to lease epoch 5 (removed from this authority's free list; quarantine-on-death until discharged)
[2026-09-06T14:00:43Z INFO  squeezefs::cowriter] S9: lane free harvest served 64 block(s) of lane 7/16 on vol_tag 0xad7b1d37b0829b08 to lease epoch 5 (removed from this authority's free list; quarantine-on-death until discharged)
[2026-09-06T14:00:43Z INFO  squeezefs::cowriter] S9: lane free harvest served 3 block(s) of lane 2/16 on vol_tag 0xad7b1d37b0829b08 to lease epoch 3 (removed from this authority's free list; quarantine-on-death until discharged)
[2026-09-06T14:00:43Z INFO  squeezefs::cowriter] S9: lane free harvest served 64 block(s) of lane 7/16 on vol_tag 0xad7b1d37b0829b08 to lease epoch 5 (removed from this authority's free list; quarantine-on-death until discharged)
[2026-09-06T14:00:43Z ERROR squeezefs::cowriter] S9: shipped free of block 5592 (vol_tag 0xc5e11286df218556) names an offset this authority tracks no reference for and that is held in the freed-offset grace ring — the double-release lineage; refused (block_untracked_free_refusals)
[2026-09-06T14:00:43Z ERROR squeezefs::block_allocator] begin_free REFUSED untracked offset 23454547968: no refcount entry — double-release lineage (see block_untracked_free_refusals)
[2026-09-06T14:00:44Z INFO  squeezefs::cowriter] S9: lane free harvest served 64 block(s) of lane 8/16 on vol_tag 0xc5e11286df218556 to lease epoch 1 (removed from this authority's free list; quarantine-on-death until discharged)
[2026-09-06T14:00:44Z ERROR squeezefs] INVARIANT TRIPWIRE 'read_settle_lost_serialized': block 383 of inode_2: incarnation moved under BLOCK_FLUSH_LOCKS + INODE_META_LOCKS (key '20828913664' — offset 20828913664: live_incarnation 0, fill(word) None, refcount None, free_listed false, inflight false, quarantined false, key_names 0; co_writer false) — a concurrency outcome the design says cannot happen just happened. Counted in invariant_tripwires; the daemon proceeds (a panic here would lose a FUSE reply, which is strictly worse than a wrong-but-served op)
[2026-09-06T14:00:44Z ERROR squeezefs::cowriter] S9: shipped free of block 2119 (vol_tag 0xad7b1d37b0829b08) names an offset this authority tracks no reference for and that is held in the freed-offset grace ring — the double-release lineage; refused (block_untracked_free_refusals)
[2026-09-06T14:00:44Z ERROR squeezefs::block_allocator] begin_free REFUSED untracked offset 8887730176: no refcount entry — double-release lineage (see block_untracked_free_refusals)
[2026-09-06T14:00:44Z INFO  squeezefs::cowriter] S9: lane free harvest served 64 block(s) of lane 4/16 on vol_tag 0xc5e11286df218556 to lease epoch 6 (removed from this authority's free list; quarantine-on-death until discharged)
[2026-09-06T14:00:44Z ERROR squeezefs::cowriter] S9: shipped free of block 6742 (vol_tag 0xad7b1d37b0829b08) names an offset this authority tracks no reference for and that is held in the freed-offset grace ring — the double-release lineage; refused (block_untracked_free_refusals)
[2026-09-06T14:00:44Z ERROR squeezefs::block_allocator] begin_free REFUSED untracked offset 28277997568: no refcount entry — double-release lineage (see block_untracked_free_refusals)
[2026-09-06T14:00:45Z ERROR squeezefs] INVARIANT TRIPWIRE 'read_settle_lost_serialized': block 383 of inode_2: incarnation moved under BLOCK_FLUSH_LOCKS + INODE_META_LOCKS (key '20828913664' — offset 20828913664: live_incarnation 0, fill(word) None, refcount None, free_listed false, inflight false, quarantined false, key_names 0; co_writer false) — a concurrency outcome the design says cannot happen just happened. Counted in invariant_tripwires; the daemon proceeds (a panic here would lose a FUSE reply, which is strictly worse than a wrong-but-served op)
[2026-09-06T14:00:45Z INFO  squeezefs::cowriter] S9: lane free harvest served 64 block(s) of lane 5/16 on vol_tag 0xad7b1d37b0829b08 to lease epoch 2 (removed from this authority's free list; quarantine-on-death until discharged)
[2026-09-06T14:00:45Z ERROR squeezefs::cowriter] S9: shipped free of block 7906 (vol_tag 0xad7b1d37b0829b08) names an offset this authority tracks no reference for and that is held in the freed-offset grace ring — the double-release lineage; refused (block_untracked_free_refusals)
[2026-09-06T14:00:45Z ERROR squeezefs::block_allocator] begin_free REFUSED untracked offset 33160167424: no refcount entry — double-release lineage (see block_untracked_free_refusals)
[2026-09-06T14:00:45Z INFO  squeezefs::cowriter] S9: lane free harvest served 64 block(s) of lane 1/16 on vol_tag 0xad7b1d37b0829b08 to lease epoch 7 (removed from this authority's free list; quarantine-on-death until discharged)
[2026-09-06T14:00:45Z INFO  squeezefs::cowriter] S9: lane free harvest served 3 block(s) of lane 6/16 on vol_tag 0xad7b1d37b0829b08 to lease epoch 8 (removed from this authority's free list; quarantine-on-death until discharged)
[2026-09-06T14:00:46Z INFO  squeezefs::cowriter] S9: lane free harvest served 64 block(s) of lane 5/16 on vol_tag 0xad7b1d37b0829b08 to lease epoch 2 (removed from this authority's free list; quarantine-on-death until discharged)
[2026-09-06T14:00:46Z INFO  squeezefs::cowriter] S9: lane free harvest served 64 block(s) of lane 5/16 on vol_tag 0xad7b1d37b0829b08 to lease epoch 2 (removed from this authority's free list; quarantine-on-death until discharged)
[2026-09-06T14:00:46Z ERROR squeezefs] INVARIANT TRIPWIRE 'read_settle_lost_serialized': block 383 of inode_2: incarnation moved under BLOCK_FLUSH_LOCKS + INODE_META_LOCKS (key '20828913664' — offset 20828913664: live_incarnation 0, fill(word) None, refcount None, free_listed false, inflight false, quarantined false, key_names 0; co_writer false) — a concurrency outcome the design says cannot happen just happened. Counted in invariant_tripwires; the daemon proceeds (a panic here would lose a FUSE reply, which is strictly worse than a wrong-but-served op)
[2026-09-06T14:00:46Z INFO  squeezefs::cowriter] S9: lane free harvest served 64 block(s) of lane 6/16 on vol_tag 0xc5e11286df218556 to lease epoch 8 (removed from this authority's free list; quarantine-on-death until discharged)
[2026-09-06T14:00:46Z INFO  squeezefs::cowriter] S9: lane free harvest served 64 block(s) of lane 1/16 on vol_tag 0xad7b1d37b0829b08 to lease epoch 7 (removed from this authority's free list; quarantine-on-death until discharged)
[2026-09-06T14:00:46Z INFO  squeezefs::cowriter] S9: lane free harvest served 64 block(s) of lane 2/16 on vol_tag 0xc5e11286df218556 to lease epoch 3 (removed from this authority's free list; quarantine-on-death until discharged)
[2026-09-06T14:00:47Z ERROR squeezefs] INVARIANT TRIPWIRE 'read_settle_lost_serialized': block 383 of inode_2: incarnation moved under BLOCK_FLUSH_LOCKS + INODE_META_LOCKS (key '20828913664' — offset 20828913664: live_incarnation 0, fill(word) None, refcount None, free_listed false, inflight false, quarantined false, key_names 0; co_writer false) — a concurrency outcome the design says cannot happen just happened. Counted in invariant_tripwires; the daemon proceeds (a panic here would lose a FUSE reply, which is strictly worse than a wrong-but-served op)
[2026-09-06T14:00:47Z INFO  squeezefs::cowriter] S9: lane free harvest served 64 block(s) of lane 3/16 on vol_tag 0xc5e11286df218556 to lease epoch 4 (removed from this authority's free list; quarantine-on-death until discharged)
[2026-09-06T14:00:47Z INFO  squeezefs::cowriter] S9: lane free harvest served 64 block(s) of lane 3/16 on vol_tag 0xc5e11286df218556 to lease epoch 4 (removed from this authority's free list; quarantine-on-death until discharged)
[2026-09-06T14:00:47Z INFO  squeezefs::cowriter] S9: lane free harvest served 64 block(s) of lane 3/16 on vol_tag 0xc5e11286df218556 to lease epoch 4 (removed from this authority's free list; quarantine-on-death until discharged)
[2026-09-06T14:00:47Z INFO  squeezefs::cowriter] S9: lane free harvest served 1 block(s) of lane 1/16 on vol_tag 0xc5e11286df218556 to lease epoch 7 (removed from this authority's free list; quarantine-on-death until discharged)
[2026-09-06T14:00:47Z INFO  squeezefs::cowriter] S9: lane free harvest served 1 block(s) of lane 4/16 on vol_tag 0xad7b1d37b0829b08 to lease epoch 6 (removed from this authority's free list; quarantine-on-death until discharged)
[2026-09-06T14:00:47Z INFO  squeezefs::cowriter] S9: lane free harvest served 1 block(s) of lane 5/16 on vol_tag 0xc5e11286df218556 to lease epoch 2 (removed from this authority's free list; quarantine-on-death until discharged)
[2026-09-06T14:00:47Z INFO  squeezefs::cowriter] S9: lane free harvest served 1 block(s) of lane 3/16 on vol_tag 0xad7b1d37b0829b08 to lease epoch 4 (removed from this authority's free list; quarantine-on-death until discharged)
[2026-09-06T14:00:47Z INFO  squeezefs::cowriter] S9: lane free harvest served 1 block(s) of lane 2/16 on vol_tag 0xad7b1d37b0829b08 to lease epoch 3 (removed from this authority's free list; quarantine-on-death until discharged)
[2026-09-06T14:00:47Z INFO  squeezefs::cowriter] S9: lane free harvest served 64 block(s) of lane 1/16 on vol_tag 0xad7b1d37b0829b08 to lease epoch 7 (removed from this authority's free list; quarantine-on-death until discharged)
[2026-09-06T14:00:47Z INFO  squeezefs::cowriter] S9: lane free harvest served 4 block(s) of lane 6/16 on vol_tag 0xad7b1d37b0829b08 to lease epoch 8 (removed from this authority's free list; quarantine-on-death until discharged)
[2026-09-06T14:00:47Z INFO  squeezefs::cowriter] S9: lane free harvest served 64 block(s) of lane 4/16 on vol_tag 0xc5e11286df218556 to lease epoch 6 (removed from this authority's free list; quarantine-on-death until discharged)
[2026-09-06T14:00:48Z ERROR squeezefs] INVARIANT TRIPWIRE 'read_settle_lost_serialized': block 383 of inode_2: incarnation moved under BLOCK_FLUSH_LOCKS + INODE_META_LOCKS (key '20828913664' — offset 20828913664: live_incarnation 0, fill(word) None, refcount None, free_listed false, inflight false, quarantined false, key_names 0; co_writer false) — a concurrency outcome the design says cannot happen just happened. Counted in invariant_tripwires; the daemon proceeds (a panic here would lose a FUSE reply, which is strictly worse than a wrong-but-served op)
[2026-09-06T14:00:48Z INFO  squeezefs::cowriter] S9: lane free harvest served 64 block(s) of lane 4/16 on vol_tag 0xc5e11286df218556 to lease epoch 6 (removed from this authority's free list; quarantine-on-death until discharged)
[2026-09-06T14:00:49Z INFO  squeezefs::cowriter] S9: lane free harvest served 64 block(s) of lane 4/16 on vol_tag 0xc5e11286df218556 to lease epoch 6 (removed from this authority's free list; quarantine-on-death until discharged)
[2026-09-06T14:00:50Z ERROR squeezefs] INVARIANT TRIPWIRE 'read_settle_lost_serialized': block 383 of inode_2: incarnation moved under BLOCK_FLUSH_LOCKS + INODE_META_LOCKS (key '20828913664' — offset 20828913664: live_incarnation 0, fill(word) None, refcount None, free_listed false, inflight false, quarantined false, key_names 0; co_writer false) — a concurrency outcome the design says cannot happen just happened. Counted in invariant_tripwires; the daemon proceeds (a panic here would lose a FUSE reply, which is strictly worse than a wrong-but-served op)
[2026-09-06T14:00:50Z ERROR squeezefs::cowriter] S9: shipped free of block 3332 (vol_tag 0xc5e11286df218556) names an offset this authority tracks no reference for and that is held in the freed-offset grace ring — the double-release lineage; refused (block_untracked_free_refusals)
[2026-09-06T14:00:50Z ERROR squeezefs::block_allocator] begin_free REFUSED untracked offset 13975420928: no refcount entry — double-release lineage (see block_untracked_free_refusals)
[2026-09-06T14:00:50Z ERROR squeezefs::cowriter] S9: shipped free of block 1461 (vol_tag 0xad7b1d37b0829b08) names an offset this authority tracks no reference for and that is held in the freed-offset grace ring — the double-release lineage; refused (block_untracked_free_refusals)
[2026-09-06T14:00:50Z ERROR squeezefs::block_allocator] begin_free REFUSED untracked offset 6127878144: no refcount entry — double-release lineage (see block_untracked_free_refusals)
[2026-09-06T14:00:50Z ERROR squeezefs::cowriter] S9: shipped free of block 1909 (vol_tag 0xad7b1d37b0829b08) names an offset this authority tracks no reference for and that is held in the freed-offset grace ring — the double-release lineage; refused (block_untracked_free_refusals)
[2026-09-06T14:00:50Z ERROR squeezefs::block_allocator] begin_free REFUSED untracked offset 8006926336: no refcount entry — double-release lineage (see block_untracked_free_refusals)
[2026-09-06T14:00:50Z INFO  squeezefs::cowriter] S9: lane free harvest served 64 block(s) of lane 6/16 on vol_tag 0xad7b1d37b0829b08 to lease epoch 8 (removed from this authority's free list; quarantine-on-death until discharged)
[2026-09-06T14:00:50Z INFO  squeezefs::cowriter] S9: lane free harvest served 64 block(s) of lane 2/16 on vol_tag 0xad7b1d37b0829b08 to lease epoch 3 (removed from this authority's free list; quarantine-on-death until discharged)
[2026-09-06T14:00:51Z INFO  squeezefs::cowriter] S9: lane free harvest served 64 block(s) of lane 5/16 on vol_tag 0xad7b1d37b0829b08 to lease epoch 2 (removed from this authority's free list; quarantine-on-death until discharged)
[2026-09-06T14:00:51Z ERROR squeezefs] INVARIANT TRIPWIRE 'read_settle_lost_serialized': block 383 of inode_2: incarnation moved under BLOCK_FLUSH_LOCKS + INODE_META_LOCKS (key '20828913664' — offset 20828913664: live_incarnation 0, fill(word) None, refcount None, free_listed false, inflight false, quarantined false, key_names 0; co_writer false) — a concurrency outcome the design says cannot happen just happened. Counted in invariant_tripwires; the daemon proceeds (a panic here would lose a FUSE reply, which is strictly worse than a wrong-but-served op)
[2026-09-06T14:00:51Z INFO  squeezefs::cowriter] S9: lane free harvest served 64 block(s) of lane 1/16 on vol_tag 0xad7b1d37b0829b08 to lease epoch 7 (removed from this authority's free list; quarantine-on-death until discharged)
[2026-09-06T14:00:52Z INFO  squeezefs::cowriter] S9: lane free harvest served 64 block(s) of lane 5/16 on vol_tag 0xad7b1d37b0829b08 to lease epoch 2 (removed from this authority's free list; quarantine-on-death until discharged)
[2026-09-06T14:00:52Z INFO  squeezefs::cowriter] S9: lane free harvest served 64 block(s) of lane 5/16 on vol_tag 0xad7b1d37b0829b08 to lease epoch 2 (removed from this authority's free list; quarantine-on-death until discharged)
[2026-09-06T14:00:52Z ERROR squeezefs] INVARIANT TRIPWIRE 'read_settle_lost_serialized': block 383 of inode_2: incarnation moved under BLOCK_FLUSH_LOCKS + INODE_META_LOCKS (key '20828913664' — offset 20828913664: live_incarnation 0, fill(word) None, refcount None, free_listed false, inflight false, quarantined false, key_names 0; co_writer false) — a concurrency outcome the design says cannot happen just happened. Counted in invariant_tripwires; the daemon proceeds (a panic here would lose a FUSE reply, which is strictly worse than a wrong-but-served op)
[2026-09-06T14:00:52Z INFO  squeezefs::cowriter] S9: lane free harvest served 64 block(s) of lane 1/16 on vol_tag 0xad7b1d37b0829b08 to lease epoch 7 (removed from this authority's free list; quarantine-on-death until discharged)
[2026-09-06T14:00:52Z INFO  squeezefs::cowriter] S9: lane free harvest served 64 block(s) of lane 3/16 on vol_tag 0xc5e11286df218556 to lease epoch 4 (removed from this authority's free list; quarantine-on-death until discharged)
[2026-09-06T14:00:52Z ERROR squeezefs::cowriter] S9: shipped free of block 2677 (vol_tag 0xad7b1d37b0829b08) names an offset this authority tracks no reference for and that is held in the freed-offset grace ring — the double-release lineage; refused (block_untracked_free_refusals)
[2026-09-06T14:00:52Z ERROR squeezefs::block_allocator] begin_free REFUSED untracked offset 11228151808: no refcount entry — double-release lineage (see block_untracked_free_refusals)
[2026-09-06T14:00:53Z ERROR squeezefs] INVARIANT TRIPWIRE 'read_settle_lost_serialized': block 383 of inode_2: incarnation moved under BLOCK_FLUSH_LOCKS + INODE_META_LOCKS (key '20828913664' — offset 20828913664: live_incarnation 0, fill(word) None, refcount None, free_listed false, inflight false, quarantined false, key_names 0; co_writer false) — a concurrency outcome the design says cannot happen just happened. Counted in invariant_tripwires; the daemon proceeds (a panic here would lose a FUSE reply, which is strictly worse than a wrong-but-served op)
[2026-09-06T14:00:53Z ERROR squeezefs::cowriter] S9: shipped free of block 3425 (vol_tag 0xad7b1d37b0829b08) names an offset this authority tracks no reference for and that is held in the freed-offset grace ring — the double-release lineage; refused (block_untracked_free_refusals)
[2026-09-06T14:00:53Z ERROR squeezefs::block_allocator] begin_free REFUSED untracked offset 14365491200: no refcount entry — double-release lineage (see block_untracked_free_refusals)
[2026-09-06T14:00:53Z INFO  squeezefs::cowriter] S9: lane free harvest served 64 block(s) of lane 3/16 on vol_tag 0xc5e11286df218556 to lease epoch 4 (removed from this authority's free list; quarantine-on-death until discharged)
[2026-09-06T14:00:54Z ERROR squeezefs] INVARIANT TRIPWIRE 'read_settle_lost_serialized': block 383 of inode_2: incarnation moved under BLOCK_FLUSH_LOCKS + INODE_META_LOCKS (key '20828913664' — offset 20828913664: live_incarnation 0, fill(word) None, refcount None, free_listed false, inflight false, quarantined false, key_names 0; co_writer false) — a concurrency outcome the design says cannot happen just happened. Counted in invariant_tripwires; the daemon proceeds (a panic here would lose a FUSE reply, which is strictly worse than a wrong-but-served op)
[2026-09-06T14:00:55Z ERROR squeezefs] INVARIANT TRIPWIRE 'read_settle_lost_serialized': block 383 of inode_2: incarnation moved under BLOCK_FLUSH_LOCKS + INODE_META_LOCKS (key '20828913664' — offset 20828913664: live_incarnation 0, fill(word) None, refcount None, free_listed false, inflight false, quarantined false, key_names 0; co_writer false) — a concurrency outcome the design says cannot happen just happened. Counted in invariant_tripwires; the daemon proceeds (a panic here would lose a FUSE reply, which is strictly worse than a wrong-but-served op)
[2026-09-06T14:00:55Z ERROR squeezefs::cowriter] S9: shipped free of block 5445 (vol_tag 0xad7b1d37b0829b08) names an offset this authority tracks no reference for and that is held in the freed-offset grace ring — the double-release lineage; refused (block_untracked_free_refusals)
[2026-09-06T14:00:55Z ERROR squeezefs::block_allocator] begin_free REFUSED untracked offset 22837985280: no refcount entry — double-release lineage (see block_untracked_free_refusals)
[2026-09-06T14:00:55Z ERROR squeezefs::cowriter] S9: shipped free of block 4915 (vol_tag 0xc5e11286df218556) names an offset this authority tracks no reference for and that is held in the freed-offset grace ring — the double-release lineage; refused (block_untracked_free_refusals)
[2026-09-06T14:00:55Z ERROR squeezefs::block_allocator] begin_free REFUSED untracked offset 20615004160: no refcount entry — double-release lineage (see block_untracked_free_refusals)
[2026-09-06T14:00:56Z ERROR squeezefs] INVARIANT TRIPWIRE 'read_settle_lost_serialized': block 383 of inode_2: incarnation moved under BLOCK_FLUSH_LOCKS + INODE_META_LOCKS (key '20828913664' — offset 20828913664: live_incarnation 0, fill(word) None, refcount None, free_listed false, inflight false, quarantined false, key_names 0; co_writer false) — a concurrency outcome the design says cannot happen just happened. Counted in invariant_tripwires; the daemon proceeds (a panic here would lose a FUSE reply, which is strictly worse than a wrong-but-served op)
[2026-09-06T14:00:56Z INFO  squeezefs::cowriter] S9: lane free harvest served 64 block(s) of lane 1/16 on vol_tag 0xad7b1d37b0829b08 to lease epoch 7 (removed from this authority's free list; quarantine-on-death until discharged)
[2026-09-06T14:00:57Z ERROR squeezefs] INVARIANT TRIPWIRE 'read_settle_lost_serialized': block 383 of inode_2: incarnation moved under BLOCK_FLUSH_LOCKS + INODE_META_LOCKS (key '20828913664' — offset 20828913664: live_incarnation 0, fill(word) None, refcount None, free_listed false, inflight false, quarantined false, key_names 0; co_writer false) — a concurrency outcome the design says cannot happen just happened. Counted in invariant_tripwires; the daemon proceeds (a panic here would lose a FUSE reply, which is strictly worse than a wrong-but-served op)
[2026-09-06T14:00:58Z ERROR squeezefs] INVARIANT TRIPWIRE 'read_settle_lost_serialized': block 383 of inode_2: incarnation moved under BLOCK_FLUSH_LOCKS + INODE_META_LOCKS (key '20828913664' — offset 20828913664: live_incarnation 0, fill(word) None, refcount None, free_listed false, inflight false, quarantined false, key_names 0; co_writer false) — a concurrency outcome the design says cannot happen just happened. Counted in invariant_tripwires; the daemon proceeds (a panic here would lose a FUSE reply, which is strictly worse than a wrong-but-served op)
[2026-09-06T14:00:58Z ERROR squeezefs::cowriter] S9: shipped free of block 627 (vol_tag 0xc5e11286df218556) names an offset this authority tracks no reference for and that is held in the freed-offset grace ring — the double-release lineage; refused (block_untracked_free_refusals)
[2026-09-06T14:00:58Z ERROR squeezefs::block_allocator] begin_free REFUSED untracked offset 2629828608: no refcount entry — double-release lineage (see block_untracked_free_refusals)
[2026-09-06T14:00:59Z ERROR squeezefs] INVARIANT TRIPWIRE 'read_settle_lost_serialized': block 383 of inode_2: incarnation moved under BLOCK_FLUSH_LOCKS + INODE_META_LOCKS (key '20828913664' — offset 20828913664: live_incarnation 0, fill(word) None, refcount None, free_listed false, inflight false, quarantined false, key_names 0; co_writer false) — a concurrency outcome the design says cannot happen just happened. Counted in invariant_tripwires; the daemon proceeds (a panic here would lose a FUSE reply, which is strictly worse than a wrong-but-served op)
[2026-09-06T14:01:20Z ERROR squeezefs] INVARIANT TRIPWIRE 'read_settle_lost_serialized': block 383 of inode_2: incarnation moved under BLOCK_FLUSH_LOCKS + INODE_META_LOCKS (key '20828913664' — offset 20828913664: live_incarnation 0, fill(word) None, refcount None, free_listed false, inflight false, quarantined false, key_names 0; co_writer false) — a concurrency outcome the design says cannot happen just happened. Counted in invariant_tripwires; the daemon proceeds (a panic here would lose a FUSE reply, which is strictly worse than a wrong-but-served op)
[2026-09-06T14:01:21Z ERROR squeezefs] INVARIANT TRIPWIRE 'read_settle_lost_serialized': block 383 of inode_2: incarnation moved under BLOCK_FLUSH_LOCKS + INODE_META_LOCKS (key '20828913664' — offset 20828913664: live_incarnation 0, fill(word) None, refcount None, free_listed false, inflight false, quarantined false, key_names 0; co_writer false) — a concurrency outcome the design says cannot happen just happened. Counted in invariant_tripwires; the daemon proceeds (a panic here would lose a FUSE reply, which is strictly worse than a wrong-but-served op)
[2026-09-06T14:01:21Z ERROR squeezefs::cowriter] S9: shipped free of block 774 (vol_tag 0xc5e11286df218556) names an offset this authority tracks no reference for and that is already on the free list — the double-release lineage; refused (block_untracked_free_refusals)
[2026-09-06T14:01:21Z ERROR squeezefs::block_allocator] begin_free REFUSED untracked offset 3246391296: no refcount entry — double-release lineage (see block_untracked_free_refusals)
[2026-09-06T14:01:21Z INFO  squeezefs::cowriter] S9: lane free harvest served 64 block(s) of lane 3/16 on vol_tag 0xc5e11286df218556 to lease epoch 4 (removed from this authority's free list; quarantine-on-death until discharged)
[2026-09-06T14:01:21Z INFO  squeezefs::cowriter] S9: lane free harvest served 64 block(s) of lane 2/16 on vol_tag 0xad7b1d37b0829b08 to lease epoch 3 (removed from this authority's free list; quarantine-on-death until discharged)
[2026-09-06T14:01:21Z INFO  squeezefs::cowriter] S9: lane free harvest served 64 block(s) of lane 4/16 on vol_tag 0xc5e11286df218556 to lease epoch 6 (removed from this authority's free list; quarantine-on-death until discharged)
[2026-09-06T14:01:21Z INFO  squeezefs::cowriter] S9: lane free harvest served 64 block(s) of lane 7/16 on vol_tag 0xad7b1d37b0829b08 to lease epoch 5 (removed from this authority's free list; quarantine-on-death until discharged)
[2026-09-06T14:01:21Z INFO  squeezefs::cowriter] S9: lane free harvest served 64 block(s) of lane 8/16 on vol_tag 0xc5e11286df218556 to lease epoch 1 (removed from this authority's free list; quarantine-on-death until discharged)
[2026-09-06T14:01:21Z INFO  squeezefs::cowriter] S9: lane free harvest served 53 block(s) of lane 8/16 on vol_tag 0xc5e11286df218556 to lease epoch 1 (removed from this authority's free list; quarantine-on-death until discharged)
[2026-09-06T14:01:21Z INFO  squeezefs::cowriter] S9: lane free harvest served 64 block(s) of lane 2/16 on vol_tag 0xc5e11286df218556 to lease epoch 3 (removed from this authority's free list; quarantine-on-death until discharged)
[2026-09-06T14:01:22Z INFO  squeezefs::cowriter] S9: lane free harvest served 64 block(s) of lane 6/16 on vol_tag 0xad7b1d37b0829b08 to lease epoch 8 (removed from this authority's free list; quarantine-on-death until discharged)
[2026-09-06T14:01:22Z INFO  squeezefs::cowriter] S9: lane free harvest served 64 block(s) of lane 1/16 on vol_tag 0xad7b1d37b0829b08 to lease epoch 7 (removed from this authority's free list; quarantine-on-death until discharged)
[2026-09-06T14:01:22Z INFO  squeezefs::cowriter] S9: lane free harvest served 64 block(s) of lane 3/16 on vol_tag 0xc5e11286df218556 to lease epoch 4 (removed from this authority's free list; quarantine-on-death until discharged)
[2026-09-06T14:01:22Z INFO  squeezefs::cowriter] S9: lane free harvest served 64 block(s) of lane 3/16 on vol_tag 0xc5e11286df218556 to lease epoch 4 (removed from this authority's free list; quarantine-on-death until discharged)
[2026-09-06T14:01:22Z INFO  squeezefs::cowriter] S9: lane free harvest served 64 block(s) of lane 6/16 on vol_tag 0xad7b1d37b0829b08 to lease epoch 8 (removed from this authority's free list; quarantine-on-death until discharged)
[2026-09-06T14:01:23Z INFO  squeezefs::cowriter] S9: lane free harvest served 64 block(s) of lane 5/16 on vol_tag 0xad7b1d37b0829b08 to lease epoch 2 (removed from this authority's free list; quarantine-on-death until discharged)
[2026-09-06T14:01:23Z INFO  squeezefs::cowriter] S9: lane free harvest served 64 block(s) of lane 5/16 on vol_tag 0xad7b1d37b0829b08 to lease epoch 2 (removed from this authority's free list; quarantine-on-death until discharged)
[2026-09-06T14:01:23Z INFO  squeezefs::cowriter] S9: lane free harvest served 64 block(s) of lane 4/16 on vol_tag 0xc5e11286df218556 to lease epoch 6 (removed from this authority's free list; quarantine-on-death until discharged)
[2026-09-06T14:01:23Z INFO  squeezefs::cowriter] S9: lane free harvest served 1 block(s) of lane 6/16 on vol_tag 0xad7b1d37b0829b08 to lease epoch 8 (removed from this authority's free list; quarantine-on-death until discharged)
[2026-09-06T14:01:23Z INFO  squeezefs::cowriter] S9: lane free harvest served 64 block(s) of lane 1/16 on vol_tag 0xad7b1d37b0829b08 to lease epoch 7 (removed from this authority's free list; quarantine-on-death until discharged)
[2026-09-06T14:01:23Z INFO  squeezefs::cowriter] S9: lane free harvest served 64 block(s) of lane 1/16 on vol_tag 0xad7b1d37b0829b08 to lease epoch 7 (removed from this authority's free list; quarantine-on-death until discharged)
[2026-09-06T14:01:23Z INFO  squeezefs::cowriter] S9: lane free harvest served 64 block(s) of lane 3/16 on vol_tag 0xc5e11286df218556 to lease epoch 4 (removed from this authority's free list; quarantine-on-death until discharged)
[2026-09-06T14:01:23Z INFO  squeezefs::cowriter] S9: lane free harvest served 1 block(s) of lane 3/16 on vol_tag 0xc5e11286df218556 to lease epoch 4 (removed from this authority's free list; quarantine-on-death until discharged)
[2026-09-06T14:01:23Z INFO  squeezefs::cowriter] S9: lane free harvest served 64 block(s) of lane 2/16 on vol_tag 0xc5e11286df218556 to lease epoch 3 (removed from this authority's free list; quarantine-on-death until discharged)
[2026-09-06T14:01:23Z INFO  squeezefs::cowriter] S9: lane free harvest served 64 block(s) of lane 7/16 on vol_tag 0xad7b1d37b0829b08 to lease epoch 5 (removed from this authority's free list; quarantine-on-death until discharged)
[2026-09-06T14:01:23Z INFO  squeezefs::cowriter] S9: lane free harvest served 64 block(s) of lane 4/16 on vol_tag 0xc5e11286df218556 to lease epoch 6 (removed from this authority's free list; quarantine-on-death until discharged)
[2026-09-06T14:01:23Z INFO  squeezefs::cowriter] S9: lane free harvest served 61 block(s) of lane 2/16 on vol_tag 0xad7b1d37b0829b08 to lease epoch 3 (removed from this authority's free list; quarantine-on-death until discharged)
[2026-09-06T14:01:23Z INFO  squeezefs::cowriter] S9: lane free harvest served 64 block(s) of lane 7/16 on vol_tag 0xad7b1d37b0829b08 to lease epoch 5 (removed from this authority's free list; quarantine-on-death until discharged)
[2026-09-06T14:01:24Z INFO  squeezefs::cowriter] S9: lane free harvest served 64 block(s) of lane 5/16 on vol_tag 0xad7b1d37b0829b08 to lease epoch 2 (removed from this authority's free list; quarantine-on-death until discharged)
[2026-09-06T14:01:24Z INFO  squeezefs::cowriter] S9: lane free harvest served 9 block(s) of lane 1/16 on vol_tag 0xad7b1d37b0829b08 to lease epoch 7 (removed from this authority's free list; quarantine-on-death until discharged)
[2026-09-06T14:01:24Z INFO  squeezefs::cowriter] S9: lane free harvest served 33 block(s) of lane 4/16 on vol_tag 0xc5e11286df218556 to lease epoch 6 (removed from this authority's free list; quarantine-on-death until discharged)
[2026-09-06T14:01:24Z INFO  squeezefs::cowriter] S9: lane free harvest served 32 block(s) of lane 7/16 on vol_tag 0xad7b1d37b0829b08 to lease epoch 5 (removed from this authority's free list; quarantine-on-death until discharged)
[2026-09-06T14:01:24Z INFO  squeezefs::cowriter] S9: lane free harvest served 64 block(s) of lane 2/16 on vol_tag 0xc5e11286df218556 to lease epoch 3 (removed from this authority's free list; quarantine-on-death until discharged)
[2026-09-06T14:01:25Z INFO  squeezefs::cowriter] S9: lane free harvest served 8 block(s) of lane 5/16 on vol_tag 0xad7b1d37b0829b08 to lease epoch 2 (removed from this authority's free list; quarantine-on-death until discharged)
[2026-09-06T14:01:25Z ERROR squeezefs] INVARIANT TRIPWIRE 'read_settle_lost_serialized': block 383 of inode_2: incarnation moved under BLOCK_FLUSH_LOCKS + INODE_META_LOCKS (key '20828913664' — offset 20828913664: live_incarnation 0, fill(word) None, refcount None, free_listed false, inflight false, quarantined false, key_names 0; co_writer false) — a concurrency outcome the design says cannot happen just happened. Counted in invariant_tripwires; the daemon proceeds (a panic here would lose a FUSE reply, which is strictly worse than a wrong-but-served op)
[2026-09-06T14:01:25Z INFO  squeezefs::cowriter] S9: lane free harvest served 64 block(s) of lane 8/16 on vol_tag 0xad7b1d37b0829b08 to lease epoch 1 (removed from this authority's free list; quarantine-on-death until discharged)
[2026-09-06T14:01:25Z ERROR squeezefs::cowriter] S9: shipped free of block 7975 (vol_tag 0xad7b1d37b0829b08) names an offset this authority tracks no reference for and that is held in the freed-offset grace ring — the double-release lineage; refused (block_untracked_free_refusals)
[2026-09-06T14:01:25Z ERROR squeezefs::block_allocator] begin_free REFUSED untracked offset 33449574400: no refcount entry — double-release lineage (see block_untracked_free_refusals)
[2026-09-06T14:01:25Z INFO  squeezefs::cowriter] S9: lane free harvest served 64 block(s) of lane 8/16 on vol_tag 0xad7b1d37b0829b08 to lease epoch 1 (removed from this authority's free list; quarantine-on-death until discharged)
[2026-09-06T14:01:25Z INFO  squeezefs::cowriter] S9: lane free harvest served 64 block(s) of lane 8/16 on vol_tag 0xad7b1d37b0829b08 to lease epoch 1 (removed from this authority's free list; quarantine-on-death until discharged)
[2026-09-06T14:01:25Z INFO  squeezefs::cowriter] S9: lane free harvest served 64 block(s) of lane 6/16 on vol_tag 0xc5e11286df218556 to lease epoch 8 (removed from this authority's free list; quarantine-on-death until discharged)
[2026-09-06T14:01:25Z INFO  squeezefs::cowriter] S9: lane free harvest served 64 block(s) of lane 6/16 on vol_tag 0xc5e11286df218556 to lease epoch 8 (removed from this authority's free list; quarantine-on-death until discharged)
[2026-09-06T14:01:25Z INFO  squeezefs::cowriter] S9: lane free harvest served 64 block(s) of lane 6/16 on vol_tag 0xc5e11286df218556 to lease epoch 8 (removed from this authority's free list; quarantine-on-death until discharged)
[2026-09-06T14:01:25Z ERROR squeezefs::cowriter] S9: shipped free of block 7442 (vol_tag 0xad7b1d37b0829b08) names an offset this authority tracks no reference for and that is held in the freed-offset grace ring — the double-release lineage; refused (block_untracked_free_refusals)
[2026-09-06T14:01:25Z ERROR squeezefs::block_allocator] begin_free REFUSED untracked offset 31214010368: no refcount entry — double-release lineage (see block_untracked_free_refusals)
[2026-09-06T14:01:26Z INFO  squeezefs::cowriter] S9: lane free harvest served 64 block(s) of lane 8/16 on vol_tag 0xad7b1d37b0829b08 to lease epoch 1 (removed from this authority's free list; quarantine-on-death until discharged)
[2026-09-06T14:01:26Z ERROR squeezefs] INVARIANT TRIPWIRE 'read_settle_lost_serialized': block 383 of inode_2: incarnation moved under BLOCK_FLUSH_LOCKS + INODE_META_LOCKS (key '6668943360' — offset 6668943360: live_incarnation 0, fill(word) None, refcount None, free_listed false, inflight false, quarantined false, key_names 0; co_writer false) — a concurrency outcome the design says cannot happen just happened. Counted in invariant_tripwires; the daemon proceeds (a panic here would lose a FUSE reply, which is strictly worse than a wrong-but-served op)
[2026-09-06T14:01:26Z ERROR squeezefs::cowriter] S9: shipped free of block 4040 (vol_tag 0xad7b1d37b0829b08) names an offset this authority tracks no reference for and that is held in the freed-offset grace ring — the double-release lineage; refused (block_untracked_free_refusals)
[2026-09-06T14:01:26Z ERROR squeezefs::cowriter] S9: shipped free of block 7409 (vol_tag 0xad7b1d37b0829b08) names an offset this authority tracks no reference for and that is held in the freed-offset grace ring — the double-release lineage; refused (block_untracked_free_refusals)
[2026-09-06T14:01:26Z ERROR squeezefs::block_allocator] begin_free REFUSED untracked offset 16944988160: no refcount entry — double-release lineage (see block_untracked_free_refusals)
[2026-09-06T14:01:26Z ERROR squeezefs::block_allocator] begin_free REFUSED untracked offset 31075598336: no refcount entry — double-release lineage (see block_untracked_free_refusals)
[2026-09-06T14:01:26Z ERROR squeezefs::cowriter] S9: shipped free of block 3032 (vol_tag 0xad7b1d37b0829b08) names an offset this authority tracks no reference for and that is held in the freed-offset grace ring — the double-release lineage; refused (block_untracked_free_refusals)
[2026-09-06T14:01:26Z ERROR squeezefs::block_allocator] begin_free REFUSED untracked offset 12717129728: no refcount entry — double-release lineage (see block_untracked_free_refusals)
[2026-09-06T14:01:26Z ERROR squeezefs::cowriter] S9: shipped free of block 1080 (vol_tag 0xad7b1d37b0829b08) names an offset this authority tracks no reference for and that is held in the freed-offset grace ring — the double-release lineage; refused (block_untracked_free_refusals)
[2026-09-06T14:01:26Z ERROR squeezefs::block_allocator] begin_free REFUSED untracked offset 4529848320: no refcount entry — double-release lineage (see block_untracked_free_refusals)
[2026-09-06T14:01:26Z INFO  squeezefs::cowriter] S9: lane free harvest served 64 block(s) of lane 6/16 on vol_tag 0xc5e11286df218556 to lease epoch 8 (removed from this authority's free list; quarantine-on-death until discharged)
[2026-09-06T14:01:26Z INFO  squeezefs::cowriter] S9: lane free harvest served 64 block(s) of lane 3/16 on vol_tag 0xad7b1d37b0829b08 to lease epoch 4 (removed from this authority's free list; quarantine-on-death until discharged)
[2026-09-06T14:01:26Z INFO  squeezefs::cowriter] S9: lane free harvest served 64 block(s) of lane 2/16 on vol_tag 0xc5e11286df218556 to lease epoch 3 (removed from this authority's free list; quarantine-on-death until discharged)
[2026-09-06T14:01:27Z INFO  squeezefs::cowriter] S9: lane free harvest served 64 block(s) of lane 8/16 on vol_tag 0xad7b1d37b0829b08 to lease epoch 1 (removed from this authority's free list; quarantine-on-death until discharged)
[2026-09-06T14:01:27Z ERROR squeezefs] INVARIANT TRIPWIRE 'read_settle_lost_serialized': block 383 of inode_2: incarnation moved under BLOCK_FLUSH_LOCKS + INODE_META_LOCKS (key '6668943360' — offset 6668943360: live_incarnation 0, fill(word) None, refcount None, free_listed false, inflight false, quarantined false, key_names 0; co_writer false) — a concurrency outcome the design says cannot happen just happened. Counted in invariant_tripwires; the daemon proceeds (a panic here would lose a FUSE reply, which is strictly worse than a wrong-but-served op)
[2026-09-06T14:01:27Z INFO  squeezefs::cowriter] S9: lane free harvest served 64 block(s) of lane 2/16 on vol_tag 0xc5e11286df218556 to lease epoch 3 (removed from this authority's free list; quarantine-on-death until discharged)
[2026-09-06T14:01:28Z ERROR squeezefs] INVARIANT TRIPWIRE 'read_settle_lost_serialized': block 383 of inode_2: incarnation moved under BLOCK_FLUSH_LOCKS + INODE_META_LOCKS (key '6668943360' — offset 6668943360: live_incarnation 0, fill(word) None, refcount None, free_listed false, inflight false, quarantined false, key_names 0; co_writer false) — a concurrency outcome the design says cannot happen just happened. Counted in invariant_tripwires; the daemon proceeds (a panic here would lose a FUSE reply, which is strictly worse than a wrong-but-served op)
[2026-09-06T14:01:28Z INFO  squeezefs::cowriter] S9: lane free harvest served 64 block(s) of lane 4/16 on vol_tag 0xad7b1d37b0829b08 to lease epoch 6 (removed from this authority's free list; quarantine-on-death until discharged)
[2026-09-06T14:01:29Z ERROR squeezefs] INVARIANT TRIPWIRE 'read_settle_lost_serialized': block 383 of inode_2: incarnation moved under BLOCK_FLUSH_LOCKS + INODE_META_LOCKS (key '6668943360' — offset 6668943360: live_incarnation 0, fill(word) None, refcount None, free_listed false, inflight false, quarantined false, key_names 0; co_writer false) — a concurrency outcome the design says cannot happen just happened. Counted in invariant_tripwires; the daemon proceeds (a panic here would lose a FUSE reply, which is strictly worse than a wrong-but-served op)
[2026-09-06T14:01:29Z ERROR squeezefs::cowriter] S9: shipped free of block 982 (vol_tag 0xc5e11286df218556) names an offset this authority tracks no reference for and that is held in the freed-offset grace ring — the double-release lineage; refused (block_untracked_free_refusals)
[2026-09-06T14:01:29Z ERROR squeezefs::block_allocator] begin_free REFUSED untracked offset 4118806528: no refcount entry — double-release lineage (see block_untracked_free_refusals)
[2026-09-06T14:01:30Z ERROR squeezefs] INVARIANT TRIPWIRE 'read_settle_lost_serialized': block 383 of inode_2: incarnation moved under BLOCK_FLUSH_LOCKS + INODE_META_LOCKS (key '6668943360' — offset 6668943360: live_incarnation 0, fill(word) None, refcount None, free_listed false, inflight false, quarantined false, key_names 0; co_writer false) — a concurrency outcome the design says cannot happen just happened. Counted in invariant_tripwires; the daemon proceeds (a panic here would lose a FUSE reply, which is strictly worse than a wrong-but-served op)
[2026-09-06T14:01:30Z INFO  squeezefs::cowriter] S9: lane free harvest served 64 block(s) of lane 5/16 on vol_tag 0xc5e11286df218556 to lease epoch 2 (removed from this authority's free list; quarantine-on-death until discharged)
[2026-09-06T14:01:30Z INFO  squeezefs::cowriter] S9: lane free harvest served 64 block(s) of lane 1/16 on vol_tag 0xc5e11286df218556 to lease epoch 7 (removed from this authority's free list; quarantine-on-death until discharged)
[2026-09-06T14:01:31Z ERROR squeezefs] INVARIANT TRIPWIRE 'read_settle_lost_serialized': block 383 of inode_2: incarnation moved under BLOCK_FLUSH_LOCKS + INODE_META_LOCKS (key '6668943360' — offset 6668943360: live_incarnation 0, fill(word) None, refcount None, free_listed false, inflight false, quarantined false, key_names 0; co_writer false) — a concurrency outcome the design says cannot happen just happened. Counted in invariant_tripwires; the daemon proceeds (a panic here would lose a FUSE reply, which is strictly worse than a wrong-but-served op)
[2026-09-06T14:01:32Z INFO  squeezefs::cowriter] S9: lane free harvest served 1 block(s) of lane 5/16 on vol_tag 0xad7b1d37b0829b08 to lease epoch 2 (removed from this authority's free list; quarantine-on-death until discharged)
[2026-09-06T14:01:32Z INFO  squeezefs::cowriter] S9: lane free harvest served 1 block(s) of lane 1/16 on vol_tag 0xad7b1d37b0829b08 to lease epoch 7 (removed from this authority's free list; quarantine-on-death until discharged)
[2026-09-06T14:01:32Z INFO  squeezefs::cowriter] S9: lane free harvest served 64 block(s) of lane 5/16 on vol_tag 0xad7b1d37b0829b08 to lease epoch 2 (removed from this authority's free list; quarantine-on-death until discharged)
[2026-09-06T14:01:32Z INFO  squeezefs::cowriter] S9: lane free harvest served 64 block(s) of lane 3/16 on vol_tag 0xc5e11286df218556 to lease epoch 4 (removed from this authority's free list; quarantine-on-death until discharged)
[2026-09-06T14:01:32Z INFO  squeezefs::cowriter] S9: lane free harvest served 64 block(s) of lane 2/16 on vol_tag 0xad7b1d37b0829b08 to lease epoch 3 (removed from this authority's free list; quarantine-on-death until discharged)
[2026-09-06T14:01:32Z INFO  squeezefs::cowriter] S9: lane free harvest served 64 block(s) of lane 4/16 on vol_tag 0xc5e11286df218556 to lease epoch 6 (removed from this authority's free list; quarantine-on-death until discharged)
[2026-09-06T14:01:32Z INFO  squeezefs::cowriter] S9: lane free harvest served 64 block(s) of lane 7/16 on vol_tag 0xad7b1d37b0829b08 to lease epoch 5 (removed from this authority's free list; quarantine-on-death until discharged)
[2026-09-06T14:01:33Z ERROR squeezefs] INVARIANT TRIPWIRE 'read_settle_lost_serialized': block 383 of inode_2: incarnation moved under BLOCK_FLUSH_LOCKS + INODE_META_LOCKS (key '6668943360' — offset 6668943360: live_incarnation 0, fill(word) None, refcount None, free_listed false, inflight false, quarantined false, key_names 0; co_writer false) — a concurrency outcome the design says cannot happen just happened. Counted in invariant_tripwires; the daemon proceeds (a panic here would lose a FUSE reply, which is strictly worse than a wrong-but-served op)
[2026-09-06T14:01:33Z INFO  squeezefs::cowriter] S9: lane free harvest served 64 block(s) of lane 1/16 on vol_tag 0xad7b1d37b0829b08 to lease epoch 7 (removed from this authority's free list; quarantine-on-death until discharged)
[2026-09-06T14:01:34Z ERROR squeezefs] INVARIANT TRIPWIRE 'read_settle_lost_serialized': block 383 of inode_2: incarnation moved under BLOCK_FLUSH_LOCKS + INODE_META_LOCKS (key '6668943360' — offset 6668943360: live_incarnation 0, fill(word) None, refcount None, free_listed false, inflight false, quarantined false, key_names 0; co_writer false) — a concurrency outcome the design says cannot happen just happened. Counted in invariant_tripwires; the daemon proceeds (a panic here would lose a FUSE reply, which is strictly worse than a wrong-but-served op)
[2026-09-06T14:02:00Z ERROR squeezefs::cowriter] S9: shipped free of block 2052 (vol_tag 0xad7b1d37b0829b08) names an offset this authority tracks no reference for and that is held in the freed-offset grace ring — the double-release lineage; refused (block_untracked_free_refusals)
[2026-09-06T14:02:00Z ERROR squeezefs::block_allocator] begin_free REFUSED untracked offset 8606711808: no refcount entry — double-release lineage (see block_untracked_free_refusals)
[2026-09-06T14:02:00Z INFO  squeezefs::cowriter] S9: lane free harvest served 64 block(s) of lane 4/16 on vol_tag 0xad7b1d37b0829b08 to lease epoch 6 (removed from this authority's free list; quarantine-on-death until discharged)
[2026-09-06T14:02:01Z ERROR squeezefs] INVARIANT TRIPWIRE 'read_settle_lost_serialized': block 383 of inode_2: incarnation moved under BLOCK_FLUSH_LOCKS + INODE_META_LOCKS (key '6668943360' — offset 6668943360: live_incarnation 0, fill(word) None, refcount None, free_listed false, inflight false, quarantined false, key_names 0; co_writer false) — a concurrency outcome the design says cannot happen just happened. Counted in invariant_tripwires; the daemon proceeds (a panic here would lose a FUSE reply, which is strictly worse than a wrong-but-served op)
[2026-09-06T14:02:01Z INFO  squeezefs::cowriter] S9: lane free harvest served 64 block(s) of lane 4/16 on vol_tag 0xad7b1d37b0829b08 to lease epoch 6 (removed from this authority's free list; quarantine-on-death until discharged)
[2026-09-06T14:02:02Z ERROR squeezefs] INVARIANT TRIPWIRE 'read_settle_lost_serialized': block 383 of inode_2: incarnation moved under BLOCK_FLUSH_LOCKS + INODE_META_LOCKS (key '6668943360' — offset 6668943360: live_incarnation 0, fill(word) None, refcount None, free_listed false, inflight false, quarantined false, key_names 0; co_writer false) — a concurrency outcome the design says cannot happen just happened. Counted in invariant_tripwires; the daemon proceeds (a panic here would lose a FUSE reply, which is strictly worse than a wrong-but-served op)
[2026-09-06T14:02:02Z ERROR squeezefs::cowriter] S9: shipped free of block 3128 (vol_tag 0xad7b1d37b0829b08) names an offset this authority tracks no reference for and that is already on the free list — the double-release lineage; refused (block_untracked_free_refusals)
[2026-09-06T14:02:02Z ERROR squeezefs::block_allocator] begin_free REFUSED untracked offset 13119782912: no refcount entry — double-release lineage (see block_untracked_free_refusals)
[2026-09-06T14:02:02Z WARN  squeezefs::meta_ship::tokens] S10 recall valve: object ino 2 demoted to owner-served for 270.035456s — 3 grant→recall cycles inside 33.754432s (spec R5's thrash shape; grants resume after the cooldown)
[2026-09-06T14:02:02Z INFO  squeezefs::cowriter] S9: lane free harvest served 64 block(s) of lane 5/16 on vol_tag 0xc5e11286df218556 to lease epoch 2 (removed from this authority's free list; quarantine-on-death until discharged)
[2026-09-06T14:02:02Z INFO  squeezefs::cowriter] S9: lane free harvest served 64 block(s) of lane 1/16 on vol_tag 0xc5e11286df218556 to lease epoch 7 (removed from this authority's free list; quarantine-on-death until discharged)
[2026-09-06T14:02:02Z INFO  squeezefs::cowriter] S9: lane free harvest served 64 block(s) of lane 7/16 on vol_tag 0xad7b1d37b0829b08 to lease epoch 5 (removed from this authority's free list; quarantine-on-death until discharged)
[2026-09-06T14:02:02Z INFO  squeezefs::cowriter] S9: lane free harvest served 64 block(s) of lane 3/16 on vol_tag 0xad7b1d37b0829b08 to lease epoch 4 (removed from this authority's free list; quarantine-on-death until discharged)
[2026-09-06T14:02:02Z INFO  squeezefs::cowriter] S9: lane free harvest served 64 block(s) of lane 4/16 on vol_tag 0xc5e11286df218556 to lease epoch 6 (removed from this authority's free list; quarantine-on-death until discharged)
[2026-09-06T14:02:02Z INFO  squeezefs::cowriter] S9: lane free harvest served 64 block(s) of lane 6/16 on vol_tag 0xc5e11286df218556 to lease epoch 8 (removed from this authority's free list; quarantine-on-death until discharged)
[2026-09-06T14:02:02Z INFO  squeezefs::cowriter] S9: lane free harvest served 64 block(s) of lane 3/16 on vol_tag 0xc5e11286df218556 to lease epoch 4 (removed from this authority's free list; quarantine-on-death until discharged)
[2026-09-06T14:02:02Z INFO  squeezefs::cowriter] S9: lane free harvest served 64 block(s) of lane 3/16 on vol_tag 0xc5e11286df218556 to lease epoch 4 (removed from this authority's free list; quarantine-on-death until discharged)
[2026-09-06T14:02:02Z INFO  squeezefs::cowriter] S9: lane free harvest served 64 block(s) of lane 2/16 on vol_tag 0xc5e11286df218556 to lease epoch 3 (removed from this authority's free list; quarantine-on-death until discharged)
[2026-09-06T14:02:03Z INFO  squeezefs::cowriter] S9: lane free harvest served 64 block(s) of lane 5/16 on vol_tag 0xad7b1d37b0829b08 to lease epoch 2 (removed from this authority's free list; quarantine-on-death until discharged)
[2026-09-06T14:02:03Z INFO  squeezefs::cowriter] S9: lane free harvest served 64 block(s) of lane 1/16 on vol_tag 0xad7b1d37b0829b08 to lease epoch 7 (removed from this authority's free list; quarantine-on-death until discharged)
[2026-09-06T14:02:03Z INFO  squeezefs::cowriter] S9: lane free harvest served 51 block(s) of lane 7/16 on vol_tag 0xad7b1d37b0829b08 to lease epoch 5 (removed from this authority's free list; quarantine-on-death until discharged)
[2026-09-06T14:02:03Z INFO  squeezefs::cowriter] S9: lane free harvest served 64 block(s) of lane 8/16 on vol_tag 0xad7b1d37b0829b08 to lease epoch 1 (removed from this authority's free list; quarantine-on-death until discharged)
[2026-09-06T14:02:03Z INFO  squeezefs::cowriter] S9: lane free harvest served 64 block(s) of lane 4/16 on vol_tag 0xad7b1d37b0829b08 to lease epoch 6 (removed from this authority's free list; quarantine-on-death until discharged)
[2026-09-06T14:02:03Z INFO  squeezefs::cowriter] S9: lane free harvest served 64 block(s) of lane 6/16 on vol_tag 0xc5e11286df218556 to lease epoch 8 (removed from this authority's free list; quarantine-on-death until discharged)
[2026-09-06T14:02:03Z INFO  squeezefs::cowriter] S9: lane free harvest served 64 block(s) of lane 3/16 on vol_tag 0xad7b1d37b0829b08 to lease epoch 4 (removed from this authority's free list; quarantine-on-death until discharged)
[2026-09-06T14:02:04Z INFO  squeezefs::cowriter] S9: lane free harvest served 64 block(s) of lane 1/16 on vol_tag 0xc5e11286df218556 to lease epoch 7 (removed from this authority's free list; quarantine-on-death until discharged)
[2026-09-06T14:02:04Z INFO  squeezefs::cowriter] S9: lane free harvest served 64 block(s) of lane 8/16 on vol_tag 0xad7b1d37b0829b08 to lease epoch 1 (removed from this authority's free list; quarantine-on-death until discharged)
[2026-09-06T14:02:04Z INFO  squeezefs::cowriter] S9: lane free harvest served 64 block(s) of lane 5/16 on vol_tag 0xc5e11286df218556 to lease epoch 2 (removed from this authority's free list; quarantine-on-death until discharged)
[2026-09-06T14:02:04Z INFO  squeezefs::cowriter] S9: lane free harvest served 64 block(s) of lane 1/16 on vol_tag 0xad7b1d37b0829b08 to lease epoch 7 (removed from this authority's free list; quarantine-on-death until discharged)
[2026-09-06T14:02:04Z INFO  squeezefs::cowriter] S9: lane free harvest served 64 block(s) of lane 5/16 on vol_tag 0xad7b1d37b0829b08 to lease epoch 2 (removed from this authority's free list; quarantine-on-death until discharged)
[2026-09-06T14:02:04Z INFO  squeezefs::cowriter] S9: lane free harvest served 64 block(s) of lane 6/16 on vol_tag 0xc5e11286df218556 to lease epoch 8 (removed from this authority's free list; quarantine-on-death until discharged)
[2026-09-06T14:02:04Z INFO  squeezefs::cowriter] S9: lane free harvest served 64 block(s) of lane 8/16 on vol_tag 0xad7b1d37b0829b08 to lease epoch 1 (removed from this authority's free list; quarantine-on-death until discharged)
[2026-09-06T14:02:04Z INFO  squeezefs::cowriter] S9: lane free harvest served 64 block(s) of lane 2/16 on vol_tag 0xc5e11286df218556 to lease epoch 3 (removed from this authority's free list; quarantine-on-death until discharged)
[2026-09-06T14:02:04Z INFO  squeezefs::cowriter] S9: lane free harvest served 34 block(s) of lane 2/16 on vol_tag 0xc5e11286df218556 to lease epoch 3 (removed from this authority's free list; quarantine-on-death until discharged)
[2026-09-06T14:02:05Z INFO  squeezefs::cowriter] S9: lane free harvest served 64 block(s) of lane 4/16 on vol_tag 0xad7b1d37b0829b08 to lease epoch 6 (removed from this authority's free list; quarantine-on-death until discharged)
[2026-09-06T14:02:05Z INFO  squeezefs::cowriter] S9: lane free harvest served 3 block(s) of lane 8/16 on vol_tag 0xad7b1d37b0829b08 to lease epoch 1 (removed from this authority's free list; quarantine-on-death until discharged)
[2026-09-06T14:02:05Z INFO  squeezefs::cowriter] S9: lane free harvest served 64 block(s) of lane 1/16 on vol_tag 0xc5e11286df218556 to lease epoch 7 (removed from this authority's free list; quarantine-on-death until discharged)
[2026-09-06T14:02:05Z INFO  squeezefs::cowriter] S9: lane free harvest served 64 block(s) of lane 4/16 on vol_tag 0xad7b1d37b0829b08 to lease epoch 6 (removed from this authority's free list; quarantine-on-death until discharged)
[2026-09-06T14:02:05Z ERROR squeezefs::cowriter] S9: shipped free of block 7736 (vol_tag 0xad7b1d37b0829b08) names an offset this authority tracks no reference for and that is held in the freed-offset grace ring — the double-release lineage; refused (block_untracked_free_refusals)
[2026-09-06T14:02:05Z ERROR squeezefs::block_allocator] begin_free REFUSED untracked offset 32447135744: no refcount entry — double-release lineage (see block_untracked_free_refusals)
[2026-09-06T14:02:05Z INFO  squeezefs::cowriter] S9: lane free harvest served 64 block(s) of lane 3/16 on vol_tag 0xad7b1d37b0829b08 to lease epoch 4 (removed from this authority's free list; quarantine-on-death until discharged)
[2026-09-06T14:02:05Z ERROR squeezefs::cowriter] S9: shipped free of block 7864 (vol_tag 0xad7b1d37b0829b08) names an offset this authority tracks no reference for and that is held in the freed-offset grace ring — the double-release lineage; refused (block_untracked_free_refusals)
[2026-09-06T14:02:05Z ERROR squeezefs::block_allocator] begin_free REFUSED untracked offset 32984006656: no refcount entry — double-release lineage (see block_untracked_free_refusals)
[2026-09-06T14:02:05Z INFO  squeezefs::cowriter] S9: lane free harvest served 3 block(s) of lane 3/16 on vol_tag 0xc5e11286df218556 to lease epoch 4 (removed from this authority's free list; quarantine-on-death until discharged)
[2026-09-06T14:02:05Z INFO  squeezefs::cowriter] S9: lane free harvest served 64 block(s) of lane 4/16 on vol_tag 0xad7b1d37b0829b08 to lease epoch 6 (removed from this authority's free list; quarantine-on-death until discharged)
[2026-09-06T14:02:05Z INFO  squeezefs::cowriter] S9: lane free harvest served 49 block(s) of lane 6/16 on vol_tag 0xc5e11286df218556 to lease epoch 8 (removed from this authority's free list; quarantine-on-death until discharged)
[2026-09-06T14:02:05Z ERROR squeezefs] INVARIANT TRIPWIRE 'read_settle_lost_serialized': block 383 of inode_2: incarnation moved under BLOCK_FLUSH_LOCKS + INODE_META_LOCKS (key 'nvme4n1://12037652480' — offset 12037652480: live_incarnation 0, fill(word) None, refcount None, free_listed false, inflight false, quarantined false, key_names 0; co_writer false) — a concurrency outcome the design says cannot happen just happened. Counted in invariant_tripwires; the daemon proceeds (a panic here would lose a FUSE reply, which is strictly worse than a wrong-but-served op)
[2026-09-06T14:02:05Z INFO  squeezefs::cowriter] S9: lane free harvest served 64 block(s) of lane 6/16 on vol_tag 0xad7b1d37b0829b08 to lease epoch 8 (removed from this authority's free list; quarantine-on-death until discharged)
[2026-09-06T14:02:06Z ERROR squeezefs::cowriter] S9: shipped free of block 6454 (vol_tag 0xc5e11286df218556) names an offset this authority tracks no reference for and that is held in the freed-offset grace ring — the double-release lineage; refused (block_untracked_free_refusals)
[2026-09-06T14:02:06Z ERROR squeezefs::block_allocator] begin_free REFUSED untracked offset 27070038016: no refcount entry — double-release lineage (see block_untracked_free_refusals)
[2026-09-06T14:02:06Z INFO  squeezefs::cowriter] S9: lane free harvest served 16 block(s) of lane 5/16 on vol_tag 0xad7b1d37b0829b08 to lease epoch 2 (removed from this authority's free list; quarantine-on-death until discharged)
[2026-09-06T14:02:06Z INFO  squeezefs::cowriter] S9: lane free harvest served 64 block(s) of lane 5/16 on vol_tag 0xc5e11286df218556 to lease epoch 2 (removed from this authority's free list; quarantine-on-death until discharged)
[2026-09-06T14:02:06Z ERROR squeezefs] INVARIANT TRIPWIRE 'read_settle_lost_serialized': block 383 of inode_2: incarnation moved under BLOCK_FLUSH_LOCKS + INODE_META_LOCKS (key 'nvme4n1://12037652480' — offset 12037652480: live_incarnation 0, fill(word) None, refcount None, free_listed false, inflight false, quarantined false, key_names 0; co_writer false) — a concurrency outcome the design says cannot happen just happened. Counted in invariant_tripwires; the daemon proceeds (a panic here would lose a FUSE reply, which is strictly worse than a wrong-but-served op)
[2026-09-06T14:02:06Z ERROR squeezefs::cowriter] S9: shipped free of block 4211 (vol_tag 0xc5e11286df218556) names an offset this authority tracks no reference for and that is held in the freed-offset grace ring — the double-release lineage; refused (block_untracked_free_refusals)
[2026-09-06T14:02:06Z ERROR squeezefs::block_allocator] begin_free REFUSED untracked offset 17662214144: no refcount entry — double-release lineage (see block_untracked_free_refusals)
[2026-09-06T14:02:06Z INFO  squeezefs::cowriter] S9: lane free harvest served 3 block(s) of lane 1/16 on vol_tag 0xad7b1d37b0829b08 to lease epoch 7 (removed from this authority's free list; quarantine-on-death until discharged)
[2026-09-06T14:02:06Z INFO  squeezefs::cowriter] S9: lane free harvest served 64 block(s) of lane 1/16 on vol_tag 0xc5e11286df218556 to lease epoch 7 (removed from this authority's free list; quarantine-on-death until discharged)
[2026-09-06T14:02:06Z INFO  squeezefs::cowriter] S9: lane free harvest served 64 block(s) of lane 3/16 on vol_tag 0xad7b1d37b0829b08 to lease epoch 4 (removed from this authority's free list; quarantine-on-death until discharged)
[2026-09-06T14:02:06Z ERROR squeezefs::cowriter] S9: shipped free of block 6725 (vol_tag 0xad7b1d37b0829b08) names an offset this authority tracks no reference for and that is held in the freed-offset grace ring — the double-release lineage; refused (block_untracked_free_refusals)
[2026-09-06T14:02:06Z ERROR squeezefs::block_allocator] begin_free REFUSED untracked offset 28206694400: no refcount entry — double-release lineage (see block_untracked_free_refusals)
[2026-09-06T14:02:07Z ERROR squeezefs] INVARIANT TRIPWIRE 'read_settle_lost_serialized': block 383 of inode_2: incarnation moved under BLOCK_FLUSH_LOCKS + INODE_META_LOCKS (key 'nvme4n1://12037652480' — offset 12037652480: live_incarnation 0, fill(word) None, refcount None, free_listed false, inflight false, quarantined false, key_names 0; co_writer false) — a concurrency outcome the design says cannot happen just happened. Counted in invariant_tripwires; the daemon proceeds (a panic here would lose a FUSE reply, which is strictly worse than a wrong-but-served op)
[2026-09-06T14:02:07Z ERROR squeezefs::cowriter] S9: shipped free of block 466 (vol_tag 0xad7b1d37b0829b08) names an offset this authority tracks no reference for and that is held in the freed-offset grace ring — the double-release lineage; refused (block_untracked_free_refusals)
[2026-09-06T14:02:07Z ERROR squeezefs::block_allocator] begin_free REFUSED untracked offset 1954545664: no refcount entry — double-release lineage (see block_untracked_free_refusals)
[2026-09-06T14:02:07Z INFO  squeezefs::cowriter] S9: lane free harvest served 64 block(s) of lane 5/16 on vol_tag 0xc5e11286df218556 to lease epoch 2 (removed from this authority's free list; quarantine-on-death until discharged)
[2026-09-06T14:02:07Z ERROR squeezefs::cowriter] S9: shipped free of block 3057 (vol_tag 0xc5e11286df218556) names an offset this authority tracks no reference for and that is held in the freed-offset grace ring — the double-release lineage; refused (block_untracked_free_refusals)
[2026-09-06T14:02:07Z ERROR squeezefs::block_allocator] begin_free REFUSED untracked offset 12821987328: no refcount entry — double-release lineage (see block_untracked_free_refusals)
[2026-09-06T14:02:07Z INFO  squeezefs::cowriter] S9: lane free harvest served 64 block(s) of lane 7/16 on vol_tag 0xc5e11286df218556 to lease epoch 5 (removed from this authority's free list; quarantine-on-death until discharged)
[2026-09-06T14:02:07Z ERROR squeezefs::cowriter] S9: shipped free of block 6804 (vol_tag 0xad7b1d37b0829b08) names an offset this authority tracks no reference for and that is held in the freed-offset grace ring — the double-release lineage; refused (block_untracked_free_refusals)
[2026-09-06T14:02:07Z ERROR squeezefs::block_allocator] begin_free REFUSED untracked offset 28538044416: no refcount entry — double-release lineage (see block_untracked_free_refusals)
[2026-09-06T14:02:08Z ERROR squeezefs] INVARIANT TRIPWIRE 'read_settle_lost_serialized': block 383 of inode_2: incarnation moved under BLOCK_FLUSH_LOCKS + INODE_META_LOCKS (key 'nvme4n1://12037652480' — offset 12037652480: live_incarnation 0, fill(word) None, refcount None, free_listed false, inflight false, quarantined false, key_names 0; co_writer false) — a concurrency outcome the design says cannot happen just happened. Counted in invariant_tripwires; the daemon proceeds (a panic here would lose a FUSE reply, which is strictly worse than a wrong-but-served op)
[2026-09-06T14:02:09Z ERROR squeezefs] INVARIANT TRIPWIRE 'read_settle_lost_serialized': block 383 of inode_2: incarnation moved under BLOCK_FLUSH_LOCKS + INODE_META_LOCKS (key 'nvme4n1://12037652480' — offset 12037652480: live_incarnation 0, fill(word) None, refcount None, free_listed false, inflight false, quarantined false, key_names 0; co_writer false) — a concurrency outcome the design says cannot happen just happened. Counted in invariant_tripwires; the daemon proceeds (a panic here would lose a FUSE reply, which is strictly worse than a wrong-but-served op)
[2026-09-06T14:02:09Z ERROR squeezefs::cowriter] S9: shipped free of block 7397 (vol_tag 0xad7b1d37b0829b08) names an offset this authority tracks no reference for and that is held in the freed-offset grace ring — the double-release lineage; refused (block_untracked_free_refusals)
[2026-09-06T14:02:09Z ERROR squeezefs::block_allocator] begin_free REFUSED untracked offset 31025266688: no refcount entry — double-release lineage (see block_untracked_free_refusals)
[2026-09-06T14:02:10Z ERROR squeezefs] INVARIANT TRIPWIRE 'read_settle_lost_serialized': block 383 of inode_2: incarnation moved under BLOCK_FLUSH_LOCKS + INODE_META_LOCKS (key 'nvme4n1://12037652480' — offset 12037652480: live_incarnation 0, fill(word) None, refcount None, free_listed false, inflight false, quarantined false, key_names 0; co_writer false) — a concurrency outcome the design says cannot happen just happened. Counted in invariant_tripwires; the daemon proceeds (a panic here would lose a FUSE reply, which is strictly worse than a wrong-but-served op)
[2026-09-06T14:02:10Z INFO  squeezefs::cowriter] S9: lane free harvest served 1 block(s) of lane 7/16 on vol_tag 0xad7b1d37b0829b08 to lease epoch 5 (removed from this authority's free list; quarantine-on-death until discharged)
[2026-09-06T14:02:10Z INFO  squeezefs::cowriter] S9: lane free harvest served 1 block(s) of lane 1/16 on vol_tag 0xad7b1d37b0829b08 to lease epoch 7 (removed from this authority's free list; quarantine-on-death until discharged)
[2026-09-06T14:02:10Z INFO  squeezefs::cowriter] S9: lane free harvest served 1 block(s) of lane 3/16 on vol_tag 0xc5e11286df218556 to lease epoch 4 (removed from this authority's free list; quarantine-on-death until discharged)
[2026-09-06T14:02:10Z INFO  squeezefs::cowriter] S9: lane free harvest served 1 block(s) of lane 6/16 on vol_tag 0xc5e11286df218556 to lease epoch 8 (removed from this authority's free list; quarantine-on-death until discharged)
[2026-09-06T14:02:10Z INFO  squeezefs::cowriter] S9: lane free harvest served 64 block(s) of lane 7/16 on vol_tag 0xc5e11286df218556 to lease epoch 5 (removed from this authority's free list; quarantine-on-death until discharged)
[2026-09-06T14:02:10Z INFO  squeezefs::cowriter] S9: lane free harvest served 1 block(s) of lane 2/16 on vol_tag 0xc5e11286df218556 to lease epoch 3 (removed from this authority's free list; quarantine-on-death until discharged)
[2026-09-06T14:02:11Z ERROR squeezefs] INVARIANT TRIPWIRE 'read_settle_lost_serialized': block 383 of inode_2: incarnation moved under BLOCK_FLUSH_LOCKS + INODE_META_LOCKS (key 'nvme4n1://12037652480' — offset 12037652480: live_incarnation 0, fill(word) None, refcount None, free_listed false, inflight false, quarantined false, key_names 0; co_writer false) — a concurrency outcome the design says cannot happen just happened. Counted in invariant_tripwires; the daemon proceeds (a panic here would lose a FUSE reply, which is strictly worse than a wrong-but-served op)
[2026-09-06T14:02:11Z ERROR squeezefs::cowriter] S9: shipped free of block 4691 (vol_tag 0xad7b1d37b0829b08) names an offset this authority tracks no reference for and that is held in the freed-offset grace ring — the double-release lineage; refused (block_untracked_free_refusals)
[2026-09-06T14:02:11Z ERROR squeezefs::block_allocator] begin_free REFUSED untracked offset 19675480064: no refcount entry — double-release lineage (see block_untracked_free_refusals)
[2026-09-06T14:02:12Z ERROR squeezefs] INVARIANT TRIPWIRE 'read_settle_lost_serialized': block 383 of inode_2: incarnation moved under BLOCK_FLUSH_LOCKS + INODE_META_LOCKS (key 'nvme4n1://12037652480' — offset 12037652480: live_incarnation 0, fill(word) None, refcount None, free_listed false, inflight false, quarantined false, key_names 0; co_writer false) — a concurrency outcome the design says cannot happen just happened. Counted in invariant_tripwires; the daemon proceeds (a panic here would lose a FUSE reply, which is strictly worse than a wrong-but-served op)
[2026-09-06T14:02:13Z ERROR squeezefs] INVARIANT TRIPWIRE 'read_settle_lost_serialized': block 383 of inode_2: incarnation moved under BLOCK_FLUSH_LOCKS + INODE_META_LOCKS (key 'nvme4n1://12037652480' — offset 12037652480: live_incarnation 0, fill(word) None, refcount None, free_listed false, inflight false, quarantined false, key_names 0; co_writer false) — a concurrency outcome the design says cannot happen just happened. Counted in invariant_tripwires; the daemon proceeds (a panic here would lose a FUSE reply, which is strictly worse than a wrong-but-served op)
[2026-09-06T14:02:13Z INFO  squeezefs::cowriter] S9: lane free harvest served 64 block(s) of lane 4/16 on vol_tag 0xad7b1d37b0829b08 to lease epoch 6 (removed from this authority's free list; quarantine-on-death until discharged)
[2026-09-06T14:02:13Z INFO  squeezefs::cowriter] S9: lane free harvest served 64 block(s) of lane 7/16 on vol_tag 0xc5e11286df218556 to lease epoch 5 (removed from this authority's free list; quarantine-on-death until discharged)
[2026-09-06T14:02:14Z ERROR squeezefs] INVARIANT TRIPWIRE 'read_settle_lost_serialized': block 383 of inode_2: incarnation moved under BLOCK_FLUSH_LOCKS + INODE_META_LOCKS (key 'nvme4n1://12037652480' — offset 12037652480: live_incarnation 0, fill(word) None, refcount None, free_listed false, inflight false, quarantined false, key_names 0; co_writer false) — a concurrency outcome the design says cannot happen just happened. Counted in invariant_tripwires; the daemon proceeds (a panic here would lose a FUSE reply, which is strictly worse than a wrong-but-served op)
[2026-09-06T14:02:14Z INFO  squeezefs::cowriter] S9: lane free harvest served 64 block(s) of lane 7/16 on vol_tag 0xc5e11286df218556 to lease epoch 5 (removed from this authority's free list; quarantine-on-death until discharged)
[2026-09-06T14:02:15Z ERROR squeezefs] INVARIANT TRIPWIRE 'read_settle_lost_serialized': block 383 of inode_2: incarnation moved under BLOCK_FLUSH_LOCKS + INODE_META_LOCKS (key 'nvme4n1://12037652480' — offset 12037652480: live_incarnation 0, fill(word) None, refcount None, free_listed false, inflight false, quarantined false, key_names 0; co_writer false) — a concurrency outcome the design says cannot happen just happened. Counted in invariant_tripwires; the daemon proceeds (a panic here would lose a FUSE reply, which is strictly worse than a wrong-but-served op)
[2026-09-06T14:02:16Z ERROR squeezefs] INVARIANT TRIPWIRE 'read_settle_lost_serialized': block 383 of inode_2: incarnation moved under BLOCK_FLUSH_LOCKS + INODE_META_LOCKS (key 'nvme4n1://12037652480' — offset 12037652480: live_incarnation 0, fill(word) None, refcount None, free_listed false, inflight false, quarantined false, key_names 0; co_writer false) — a concurrency outcome the design says cannot happen just happened. Counted in invariant_tripwires; the daemon proceeds (a panic here would lose a FUSE reply, which is strictly worse than a wrong-but-served op)
[2026-09-06T14:02:17Z ERROR squeezefs] INVARIANT TRIPWIRE 'read_settle_lost_serialized': block 383 of inode_2: incarnation moved under BLOCK_FLUSH_LOCKS + INODE_META_LOCKS (key 'nvme4n1://12037652480' — offset 12037652480: live_incarnation 0, fill(word) None, refcount None, free_listed false, inflight false, quarantined false, key_names 0; co_writer false) — a concurrency outcome the design says cannot happen just happened. Counted in invariant_tripwires; the daemon proceeds (a panic here would lose a FUSE reply, which is strictly worse than a wrong-but-served op)
[2026-09-06T14:02:17Z ERROR squeezefs::cowriter] S9: shipped free of block 2311 (vol_tag 0xc5e11286df218556) names an offset this authority tracks no reference for and that is held in the freed-offset grace ring — the double-release lineage; refused (block_untracked_free_refusals)
[2026-09-06T14:02:17Z ERROR squeezefs::block_allocator] begin_free REFUSED untracked offset 9693036544: no refcount entry — double-release lineage (see block_untracked_free_refusals)
[2026-09-06T14:02:17Z INFO  squeezefs::cowriter] S9: lane free harvest served 14 block(s) of lane 8/16 on vol_tag 0xad7b1d37b0829b08 to lease epoch 1 (removed from this authority's free list; quarantine-on-death until discharged)
[2026-09-06T14:02:17Z INFO  squeezefs::cowriter] S9: lane free harvest served 64 block(s) of lane 7/16 on vol_tag 0xc5e11286df218556 to lease epoch 5 (removed from this authority's free list; quarantine-on-death until discharged)
[2026-09-06T14:02:18Z INFO  squeezefs::cowriter] S9: lane free harvest served 64 block(s) of lane 7/16 on vol_tag 0xc5e11286df218556 to lease epoch 5 (removed from this authority's free list; quarantine-on-death until discharged)
[2026-09-06T14:02:19Z ERROR squeezefs] INVARIANT TRIPWIRE 'read_settle_lost_serialized': block 383 of inode_2: incarnation moved under BLOCK_FLUSH_LOCKS + INODE_META_LOCKS (key 'nvme4n1://12037652480' — offset 12037652480: live_incarnation 0, fill(word) None, refcount None, free_listed false, inflight false, quarantined false, key_names 0; co_writer false) — a concurrency outcome the design says cannot happen just happened. Counted in invariant_tripwires; the daemon proceeds (a panic here would lose a FUSE reply, which is strictly worse than a wrong-but-served op)
[2026-09-06T14:02:19Z ERROR squeezefs::cowriter] S9: shipped free of block 4055 (vol_tag 0xc5e11286df218556) names an offset this authority tracks no reference for and that is held in the freed-offset grace ring — the double-release lineage; refused (block_untracked_free_refusals)
[2026-09-06T14:02:19Z ERROR squeezefs::block_allocator] begin_free REFUSED untracked offset 17007902720: no refcount entry — double-release lineage (see block_untracked_free_refusals)
