SqueezeFS version 1.2.1 (0723b3ea38c0 / 0723b3ea38c01eac6d2a2c1e20dc17cf63343631) built 1980-01-01T00:00:00Z profile release
======================================================================
  Mount Configuration Summary
----------------------------------------------------------------------
  Volume Name:         squeezefs
  Capacity:            64.00 GiB
  Block Size:          4.00 MiB
  Compression:         none
  Encryption:          none
----------------------------------------------------------------------
Metadata Volumes:
  - [enabled] /dev/nvme1n1 (health: 1000)
  - [enabled] /dev/nvme2n1 (health: 1000)
Data Volumes:
  - [enabled] /dev/nvme3n1 (health: 1000)
  - [enabled] /dev/nvme4n1 (health: 1000)
----------------------------------------------------------------------
Cache/Staging:
  Memory Cache Size:   1GB
  Disk Cache Size:     10GB
  Staging Paths:       none (cache-less)
----------------------------------------------------------------------
Mount Options:
  Mountpoint:          "/mnt/sqz-mwfleet/m51"
  Writeback Cache:     enabled
  Allow Other:         enabled
======================================================================
[2026-09-06T13:56:54Z INFO  squeezefs] root subprocess PATH sanitized (VAL-7i): dropped relative/empty/group-or-world-writable entries; using '/run/wrappers/bin:/run/current-system/sw/bin:/nix/store/7a60q5dgnv6z96c279rc1nalyiw4mgqn-bash-interactive-5.3p15/bin:/nix/store/fpig164lz7fcipbndn61sfd2y2yq363n-patchelf-0.15.2/bin:/nix/store/w88q44gqd1qg5wmkk7v0h97rpiqvam0l-gcc-wrapper-15.3.0/bin:/nix/store/4yxdxw3kppr2pbic95p4mri520rkdag2-gcc-15.3.0/bin:/nix/store/axmdd5wlxg1c9dbblvj09pjhkawqxmqx-glibc-2.42-84-bin/bin:/nix/store/3qgy8q2j64v2m9jy3a5jmssacbblhd4r-coreutils-9.11/bin:/nix/store/rm982p6i9ry7rwq5jn638kdpv0a2331f-binutils-wrapper-2.46/bin:/nix/store/5pa1282x1sasbwhmnah6bny1g9pc2lj1-binutils-2.46/bin:/nix/store/dv55qwamlq68hdiprg1v104ymwh1c27r-cargo-1.97.1/bin:/nix/store/yaa1sq5g4jar7rvlspy7kk2wd98nj6qh-rustc-wrapper-1.97.1/bin:/nix/store/47k26k98v32x56rxiqawdk5qk0r0b6w1-rustfmt-1.97.1/bin:/nix/store/n4c4rzywa0wsfy239bqkgsx8lfhsfmwx-clippy-1.97.1/bin:/nix/store/bvzzl57kpmvzb6aj0v0yc45gvw8ggf2a-go-task-3.53.1/bin:/nix/store/3mkwfy7wnzdngx7nj8nvs60jj2r4gmmc-cargo-audit-0.22.2/bin:/nix/store/7fx93fz9c809w8yjxb0934zw6xcjis58-pkg-config-wrapper-0.29.2/bin:/nix/store/w021fbcg4z6vxihnp6gb6vijyifl051f-clang-wrapper-21.1.8/bin:/nix/store/603yaax3l2jmc0hfv6g3hgjr1qk5jfxk-clang-21.1.8/bin:/nix/store/vs80ag6hsr58wv5fn3nlq8qi32x9hwfi-binutils-wrapper-2.46/bin:/nix/store/06w7nc3znmzbw227ksbcj3kzv2dvnqpd-clang-21.1.8-dev/bin:/nix/store/cfmpcnlljlda8w2y0pw6shpbf7y84nz9-openmpi-5.0.10-dev/bin:/nix/store/b60ygklpk7cznna4bs0dcm6h6ncyh26z-openmpi-5.0.10/bin:/nix/store/b5bpi6zfajzzrwwpgba2q6li3nnya4bs-python3-3.14.7/bin:/nix/store/nsz342365nfvnvyfcjvds75rzw6rx520-nvme-cli-2.16/bin:/nix/store/f7cmpy9nszykh5gfjpxh5ks3pa78nssr-awscli2-2.35.11/bin:/nix/store/lbx1ba84hzgw5ixy47nmzvdmjp8ayqi4-liburing-2.14-bin/bin:/nix/store/wjvj88kk8gv0742k1lwazpxr7lnzgi1a-e2fsprogs-1.47.4-bin/bin:/nix/store/65ql38i4yki6adklv0d83amba6c5cd9i-util-linux-minimal-2.42.2-bin/bin:/nix/store/c4bh8ipd5jwxq44g4m630jswac1bqa6d-xfsprogs-7.1.1-bin/bin:/nix/store/yljbd9wmqsdg89pprp6r7ml0c5a109f7-btrfs-progs-7.1/bin:/nix/store/qhi7wvkfj6k2p38ds1ahc2bldypj5fr0-f2fs-tools-1.16.0/bin:/nix/store/xkwpln569xr659h2vzqv498cm2nvbwx7-exfatprogs-1.4.3/bin:/nix/store/zwv3i1aawb8zmxj029x7lyd0an5q4nj6-util-linux-2.42.2-bin/bin:/nix/store/ync7h8cyhw4nzw2laba4wra6b8mcn9by-compiler-rt-libc-21.1.8/bin:/nix/store/i4kjidyvl8ciwbcwm75g75sriq3knav0-findutils-4.11.0/bin:/nix/store/xw09m9cnc9ayb2j53y2rj8jhm1h7kkxa-diffutils-3.12/bin:/nix/store/4nylac9gazdpsid79qyk0jpqm312b2jx-gnused-4.10/bin:/nix/store/yhr4ps9rdmb55pgqaq246vlh7xfac1dx-gnugrep-3.12/bin:/nix/store/bpy2ps3f0f3gvgvqjwgqriw1j1n840wd-gawk-5.4.1/bin:/nix/store/w2mbg6mcq7k3j088sbwfziy8vsdhyk7v-gnutar-1.35/bin:/nix/store/sd9qcv5s2gxvd6hpp5hk5cixq2bd4jd1-gzip-1.14/bin:/nix/store/622jkvg8hgffly7dca6iif9drvimingx-bzip2-1.0.8-bin/bin:/nix/store/hd36xbvbc0vrn9f9idrfwxznri0ax427-gnumake-4.4.1/bin:/nix/store/9ipfvwnqp1q8ijnmi5sxvlx9r8w34lw3-bash-5.3p15/bin:/nix/store/1rcr9yyj9qlgm3dyin1j37xl7q84h15i-patch-2.8/bin:/nix/store/0fb3jrf20z28598alm6g7rrsw6dz2cqj-xz-5.8.3-bin/bin:/nix/store/xcab8m6wdrd30l10bw3hkz32yiibynzv-file-5.48/bin:/home/justin/.local/share/flatpak/exports/bin:/nix/store/444h3sfs9fk7fi8hif6wgg11rkc24vjd-ghostty-1.3.1/bin'
Mounting as a CO-WRITER (DLM stage S9): this mount holds NO metadata authority — every metadata mutation ships to the authority that holds the D0 claim — and writes data only under custody that authority grants. Admission runs a five-rung ladder and refuses loudly naming the rung; see docs/operations.md §Multi-writer co-writer mounts.
[2026-09-06T13:56:54Z INFO  squeezefs::nvme_dev] data volume /dev/nvme3n1: write_cache=write-through (durability barrier: io_uring Fsync/DATASYNC per device, coalesced)
[2026-09-06T13:56:54Z INFO  squeezefs] writer-scoped staging ENGAGED: client scope w_1c4e7f3e0e89c39d.ma806466d (staging generation "v3:92ec06bcefeb46298c6fe8f3368fc661|v3:c3471a202f6443269966273dd81f3bf1@node:1c4e7f3e0e89c39d.ma806466d") — staging keys carry the scope and this client's staging roots are bound to it
[2026-09-06T13:56:54Z INFO  squeezefs::cache::gds] GPU Direct Storage: No discrete GPU environment found. GDS bypassed.
[2026-09-06T13:56:54Z INFO  squeezefs] Registering data volume 'nvme3n1' at path /dev/nvme3n1 (state active)
[2026-09-06T13:56:54Z INFO  squeezefs] Registering data volume 'nvme4n1' at path /dev/nvme4n1 (state active)
[2026-09-06T13:56:54Z INFO  squeezefs::nvme_dev] data volume /dev/nvme4n1: write_cache=write-through (durability barrier: io_uring Fsync/DATASYNC per device, coalesced)
[2026-09-06T13:56:54Z INFO  squeezefs::nvme_dev] NvmeBlockDev /dev/nvme3n1: read submission fan-out armed (16 lanes)
[2026-09-06T13:56:54Z INFO  squeezefs::nvme_dev] NvmeBlockDev /dev/nvme3n1: write submission fan-out armed (16 lanes, 4194304 B affinity grain)
[2026-09-06T13:56:54Z INFO  squeezefs::nvme_dev] NvmeBlockDev /dev/nvme4n1: read submission fan-out armed (16 lanes)
[2026-09-06T13:56:54Z INFO  squeezefs::nvme_dev] NvmeBlockDev /dev/nvme4n1: write submission fan-out armed (16 lanes, 4194304 B affinity grain)
[2026-09-06T13:56:54Z WARN  squeezefs::data_custody] data-plane WERO ADOPTED (co-located co-writer, 2 namespace(s), authority key 0x43bb4a781d8552a2): this mount shares its authority's PR arbitration domain, so the standing hold is its fenceability evidence and NOTHING was registered — the stated honest residual (docs/operations.md §Multi-writer co-writer mounts): on this shape the metadata read-only half is enforced by this mount's own code, not by the device, and its death is proven by the same-host dead-pid ladder, never by a PR preempt
[2026-09-06T13:56:54Z INFO  squeezefs::membership] membership member 'node_1c4e7f3e0e89c39d.ma806466d' (writer) holds lease epoch 2 in term 3: owner deadline 45000 ms, MY deadline 42956 ms (T_owner − 2·skew_max − D_purge, anchored on my send instant), renewing every 10000 ms
[2026-09-06T13:56:54Z INFO  squeezefs::membership] membership MEMBER armed: writer 'node_1c4e7f3e0e89c39d.ma806466d' holds a lease from owner 'e1c6ea16-cd11-4f24-977a-f8e62fd81cdb' at 192.168.86.52:37035 — visible in `squeezefs clients` with ZERO metadata writes, and the same channel §6.8 item 3's freed-offset acknowledgements ride (DLM S6)
[2026-09-06T13:56:54Z WARN  squeezefs::cowriter] CO-WRITER ADMITTED (DLM S9) over 2 volume(s): node 'node_1c4e7f3e0e89c39d.ma806466d', authority claim 'd327c6fe-11e2-4919-ac39-8cae01165bbc' in era 3, membership owner 'e1c6ea16-cd11-4f24-977a-f8e62fd81cdb' at 192.168.86.52:37035 (member epoch 2), custody at 192.168.86.52:45999, device registrant key 0x43bb4a781d8552a2 on 2 namespace(s). This mount holds NO metadata authority — every metadata mutation ships — and writes data only under custody the authority grants
[2026-09-06T13:56:54Z INFO  squeezefs::meta_backend::kv::backend] meta volume /dev/nvme1n1: co-writer mount — a LOCAL exclusive holder (the authority's write mount, or a guarded offline verb) holds this volume on this host; the co-writer takes no lock and refuses nothing
[2026-09-06T13:56:54Z WARN  squeezefs::meta_backend::kv::backend] meta volume /dev/nvme1n1: mounted CO-WRITER (DLM S9) under authority claim 'd327c6fe-11e2-4919-ac39-8cae01165bbc' (era 3). No writer_claim, no metadata-namespace reservation, no checkpoint task — this mount appends to none of this volume's single-appender structures and ships every metadata mutation. Guarantee class: co-writer
[2026-09-06T13:56:54Z INFO  squeezefs::meta_backend::kv::backend] meta volume /dev/nvme2n1: co-writer mount — a LOCAL exclusive holder (the authority's write mount, or a guarded offline verb) holds this volume on this host; the co-writer takes no lock and refuses nothing
[2026-09-06T13:56:54Z WARN  squeezefs::meta_backend::kv::backend] meta volume /dev/nvme2n1: mounted CO-WRITER (DLM S9) under authority claim 'd327c6fe-11e2-4919-ac39-8cae01165bbc' (era 3). No writer_claim, no metadata-namespace reservation, no checkpoint task — this mount appends to none of this volume's single-appender structures and ships every metadata mutation. Guarantee class: co-writer
[2026-09-06T13:56:54Z INFO  squeezefs] meta volume /dev/nvme1n1: format=3 ledger_seq=8 replay_entries=0 replay_dropped_torn=0 replay_ms=2 free_extents=4026 next_ino=2 meta_volume_atomicity=cow-checksummed meta_volume_atomicity_physical=atomic4k writer_guard_mode=co-writer
[2026-09-06T13:56:54Z INFO  squeezefs] meta volume /dev/nvme2n1: format=3 ledger_seq=6 replay_entries=0 replay_dropped_torn=0 replay_ms=2 free_extents=4026 next_ino=2 meta_volume_atomicity=cow-checksummed meta_volume_atomicity_physical=atomic4k writer_guard_mode=co-writer
[2026-09-06T13:56:54Z INFO  squeezefs::fuse_client] Dynamic reclaim concurrency limit configured: 32
[2026-09-06T13:56:54Z INFO  squeezefs] co-writer mount: block-ownership recovery skipped entirely (this mount allocates nothing outside a granted lane and frees nothing locally; the walk's free-completing arm must never run on a snapshot view)
[2026-09-06T13:56:54Z INFO  squeezefs] co-writer mount: job fabric, job wire and the frag-gauge worker are NOT armed (maintenance coordination is the slot-0 volume owner's; this mount cannot write their durable records)
[2026-09-06T13:56:54Z INFO  squeezefs::multi_writer] multi-writer: this mount is a CO-WRITER (SQUEEZEFS_MW_ROLE=co-writer), so the AUTHORITY arm is not run — the co-writer arm installs the client halves of the same three planes (ownership + publish + custody) after its admission ladder passes
[2026-09-06T13:56:54Z WARN  squeezefs::meta_ship::owners] metadata function shipping ARMED (DLM S8): 0 of 2 volumes owned locally, 2 shipped to 1 peer(s) ["d327c6fe-11e2-4919-ac39-8cae01165bbc"]; 0 slots home locally. Metadata verbs on a foreign volume now travel to its owner; the DATA plane still refuses foreign-home custody loud (S9 ships that half)
[2026-09-06T13:56:54Z INFO  squeezefs::membership] membership member 'node_1c4e7f3e0e89c39d.ma806466d' (writer) holds lease epoch 2 in term 3: owner deadline 45000 ms, MY deadline 42956 ms (T_owner − 2·skew_max − D_purge, anchored on my send instant), renewing every 10000 ms
[2026-09-06T13:56:54Z INFO  squeezefs::dlm] fencing: durable writer term 3 adopted (was 0); every token this process mints now dominates every earlier era's (spec §6.7 decision 4)
[2026-09-06T13:56:54Z INFO  squeezefs::block_allocator] data-plane allocation partition engaged on volume 'nvme3n1': lane 5 of 16, reservation grain 64 blocks, 7680 block(s) of this device belong to other lanes (alloc_lane_stranded_bytes)
[2026-09-06T13:56:54Z WARN  squeezefs::alloc_lane_grant] data-plane allocation lane ENGAGED on volume 'nvme3n1': lane 5 of 16, resuming at block 5 (floor OPENED by the authority (this mount never walks)). Fresh allocation is this mount's residue class; frees stay lane-blind
[2026-09-06T13:56:54Z INFO  squeezefs::block_allocator] data-plane allocation partition engaged on volume 'nvme4n1': lane 5 of 16, reservation grain 64 blocks, 7680 block(s) of this device belong to other lanes (alloc_lane_stranded_bytes)
[2026-09-06T13:56:54Z WARN  squeezefs::alloc_lane_grant] data-plane allocation lane ENGAGED on volume 'nvme4n1': lane 5 of 16, resuming at block 5 (floor OPENED by the authority (this mount never walks)). Fresh allocation is this mount's residue class; frees stay lane-blind
[2026-09-06T13:56:54Z WARN  squeezefs::alloc_lane_grant] data-plane allocation lane ENGAGED on volume 'nvme3n1': lane 5 of 16, resuming at block 5 (floor OPENED by the authority (this mount never walks)). Fresh allocation is this mount's residue class; frees stay lane-blind
[2026-09-06T13:56:54Z WARN  squeezefs::cowriter] CO-WRITER ARMED (DLM S9): metadata verbs ship to 'd327c6fe-11e2-4919-ac39-8cae01165bbc' at 192.168.86.52:45999, write custody is acquired there, fresh blocks are placed in allocation lane 5 of 16 (durable reservations committed by the authority ahead of every hand-out), and this mount's own free/reclaim accounting stays closed. Data DMA is authorized locally under the custody epoch — only custody travels, never data
[2026-09-06T13:56:54Z INFO  squeezefs] fleet jobs: member worker armed (KD-MW-16 — fleet read shards; SQUEEZEFS_FLEET_JOBS=0 opts out)
Mounting Squeezefs at "/mnt/sqz-mwfleet/m51"...
[2026-09-06T13:56:54Z INFO  squeezefs::fuse_client] Transport payload-buffer cap: 10544 MiB (memory budget 84352 MiB)
[2026-09-06T13:56:54Z WARN  squeezefs::ipc_host] SQUEEZEFS_IPC_ALLOW_DEV is set — the KD-7 build-commit skew gate is RELAXED for this mount (degenerate `unknown`/`-dirty` identities will be admitted, counted in ipc_binds_dev_override). Dev boxes only: a mismatched daemon/shim pair is undefined behavior.
[2026-09-06T13:56:54Z INFO  squeezefs::ipc_host] ipc host: path ctl socket at /run/squeezefs/sqz-il0-2520071-c8915d3a.sock
[2026-09-06T13:56:54Z INFO  squeezefs::fuse_client] IPC session host armed (socket sqz-il0-2520071-c8915d3a, session shm cap 10544 MiB)
[2026-09-06T13:56:54Z INFO  squeezefs::fuse_client] SqueezeFS version 1.2.1 (0723b3ea38c0 / 0723b3ea38c01eac6d2a2c1e20dc17cf63343631) built 1980-01-01T00:00:00Z profile release initializing mount
[2026-09-06T13:56:54Z INFO  squeezefs::fuse_client] FUSE Daemon: Mounting squeezefs at "/mnt/sqz-mwfleet/m51"...
[2026-09-06T13:56:54Z INFO  squeezefs::fuse_client] FUSE Daemon: Metadata connection active.
[2026-09-06T13:56:54Z INFO  squeezefs::fuse_client] device-overlay armed: transport streaming holds enabled (SQUEEZEFS_DEVICE_OVERLAY)
[92mOK[0m Squeezefs is ready at "/mnt/sqz-mwfleet/m51"
[2026-09-06T13:56:54Z INFO  squeezefs::fuse_client] FUSE Daemon: Initialized Squeezefs Filesystem mount (version 1.2.1 (0723b3ea38c0 / 0723b3ea38c01eac6d2a2c1e20dc17cf63343631) built 1980-01-01T00:00:00Z profile release).
squeezefs: mount ready (version 1.2.1 (0723b3ea38c0 / 0723b3ea38c01eac6d2a2c1e20dc17cf63343631) built 1980-01-01T00:00:00Z profile release, exe hint: rebuild target/release and reinstall)
[2026-09-06T13:56:54Z INFO  squeezefs::fuse_client] FUSE kernel protocol 7.45 (init flags 0x400007ff73fffffb): FOPEN_NOFLUSH advertised + honored on non-writeback opens (kernel ≥ 7.35) (D2.a; under writeback cache the elision switch is the clean-FLUSH ENOSYS latch — uapi: NOFLUSH applies 'unless FUSE_WRITEBACK_CACHE'); UNKNOWN init capability bits 0x4000040000000000 advertised — investigate whether an atomic-open-class capability is among them (D2.d adoption follow-up)
squeezefs: FUSE kernel 7.45 — FOPEN_NOFLUSH advertised (wb-cache elision = clean-FLUSH ENOSYS latch); UNKNOWN init capability bits 0x4000040000000000 advertised — investigate whether an atomic-open-class capability is among them (D2.d adoption follow-up)
[2026-09-06T13:56:54Z INFO  squeezefs::fuse_client] FUSE_HANDLE_KILLPRIV_V2 negotiated (kernel killpriv probe deleted; daemon owns suid/sgid/caps clearing) for this mount
[2026-09-06T13:56:54Z INFO  squeezefs::fuse_client] IPC session host: mount st_dev resolved (98)
[2026-09-06T13:56:54Z INFO  squeezefs::fuse_client] co-writer mount: writeback flusher, extent-record recovery, fold worker and reclaim pool are NOT armed (nothing here can be dirty, staged or freed by this mount)
[2026-09-06T13:56:54Z WARN  squeezefs::ro_coherence] reader data plane armed (DLM S5): block allocation, terminal frees, device reclaim, the W1 in-place patch and in-place overwrites are all refused on this mount; the reclaim queue is latched halted
[2026-09-06T13:56:54Z INFO  squeezefs::meta_backend::kv::node_cache] node cache armed for coherent reads at checkpoint epoch 8 (tail 9687): cached nodes are dropped on every epoch step, and this mount may not write
[2026-09-06T13:56:54Z INFO  squeezefs::meta_backend::kv::node_cache] node cache armed for coherent reads at checkpoint epoch 6 (tail 8257): cached nodes are dropped on every epoch step, and this mount may not write
[2026-09-06T13:56:54Z INFO  squeezefs::ro_coherence] reader coherence armed on 2/2 volume(s): staleness bound 2s (poll 1s + the writer's ≤1 s checkpoint ceiling), R-6 purge sink installed
[2026-09-06T13:56:54Z INFO  squeezefs::ro_coherence] reader revalidation armed: 2 volume(s), every 1s (the derived cadence — one ledger read per volume per pass; staleness bound 2s)
[2026-09-06T13:56:54Z INFO  fuse3::raw::connection::fuse_over_uring] fuse-over-uring queue-ring setup probe: SINGLE_ISSUER+DEFER_TASKRUN available
[2026-09-06T13:56:55Z INFO  squeezefs::fleet_worker] fleet worker: member 'node_1c4e7f3e0e89c39d.ma806466d' enrolled at coordinator 192.168.86.52:33969 (KD-MW-16 fleet read shards)
FUSE-over-io_uring registered: queues=32 depth=32 payload_sz=1048576 max_write=1048576 max_pages=256 buffers=kmbuf-bufring+zero-copy+retention kmbuf_ops=38/39 (7.1-sqz) fd=137 sqpoll=off drain_groups=32(width<=1)
[2026-09-06T13:56:55Z INFO  fuse3::raw::connection::fuse_over_uring] FUSE-over-io_uring registered: queues=32 depth=32 payload_sz=1048576 max_write=1048576 max_pages=256 buffers=kmbuf-bufring+zero-copy+retention kmbuf_ops=38/39 (7.1-sqz) fd=137 sqpoll=off drain_groups=32(width<=1)
FUSE-over-io_uring session path armed (ready=true, queues=32)
FUSE-over-io_uring transport armed for this session
[2026-09-06T13:56:55Z INFO  fuse3::raw::session] FUSE-over-io_uring transport armed for this session
FUSE-over-io_uring: classical sideband servicer armed (primary session; FORGET/INTERRUPT/resend + switchover stragglers)
[2026-09-06T13:57:19Z ERROR squeezefs::meta_ship::publish] S9: the authority refused 1 shipped free(s) (vol_tag 0xc5e11286df218556, request 211): already free/graced/quarantined — the double-release lineage, surfaced on the authority's own tripwire
[2026-09-06T13:57:25Z ERROR squeezefs::fuse_client] FUSE Fsync: FlushExtents barrier for ino 2 failed: Refused { errno: 5, msg: "Lock expired or invalid fencing token: 3298534886503 (expected >= 3298534886506)" }
[2026-09-06T13:57:25Z ERROR squeezefs::fuse_client] Squeezefs operational error: Refused { errno: 5, msg: "Lock expired or invalid fencing token: 3298534886503 (expected >= 3298534886506)" }
[2026-09-06T13:57:25Z ERROR squeezefs::meta_ship::publish] S9: the authority refused 1 shipped free(s) (vol_tag 0xad7b1d37b0829b08, request 279): already free/graced/quarantined — the double-release lineage, surfaced on the authority's own tripwire
[2026-09-06T13:57:25Z ERROR squeezefs::fuse_client] FUSE Fsync: FlushExtents barrier for ino 2 failed: Refused { errno: 5, msg: "Lock expired or invalid fencing token: 3298534886510 (expected >= 3298534886518)" }
[2026-09-06T13:57:25Z ERROR squeezefs::fuse_client] Squeezefs operational error: Refused { errno: 5, msg: "Lock expired or invalid fencing token: 3298534886510 (expected >= 3298534886518)" }
[2026-09-06T13:57:28Z ERROR squeezefs::block_allocator] I/O error: data volume 'nvme4n1' full: 8182 of 8192 blocks allocated — lane 5 of 16 is exhausted while 0 free block(s) belong to lanes this mount does not own (alloc_lane_enospc_refusals; reach them by adopting a lane whose holder is proven dead, or grow the volume set — docs/operations.md §Multi-writer capacity planning)
[2026-09-06T13:57:29Z ERROR squeezefs::block_allocator] I/O error: data volume 'nvme4n1' full: 8182 of 8192 blocks allocated — lane 5 of 16 is exhausted while 0 free block(s) belong to lanes this mount does not own (alloc_lane_enospc_refusals; reach them by adopting a lane whose holder is proven dead, or grow the volume set — docs/operations.md §Multi-writer capacity planning)
[2026-09-06T13:57:29Z ERROR squeezefs::block_allocator] bounded allocation refusing StorageFull after 1014 ms parked with 0 offset(s) still in grace locally (lane harvest horizon 15971 ms): the pressure deadline never fenced within the wall backstop (1000 ms). The refusal is honest and terminal for this write; investigate the membership plane (finding 29)
[2026-09-06T13:57:29Z ERROR squeezefs::block_allocator] bounded allocation refusing StorageFull after 1011 ms parked with 0 offset(s) still in grace locally (lane harvest horizon 16005 ms): the pressure deadline never fenced within the wall backstop (1000 ms). The refusal is honest and terminal for this write; investigate the membership plane (finding 29)
[2026-09-06T13:57:29Z ERROR squeezefs::block_allocator] bounded allocation refusing StorageFull after 1008 ms parked with 0 offset(s) still in grace locally (lane harvest horizon 16009 ms): the pressure deadline never fenced within the wall backstop (1000 ms). The refusal is honest and terminal for this write; investigate the membership plane (finding 29)
[2026-09-06T13:57:29Z ERROR squeezefs::block_allocator] bounded allocation refusing StorageFull after 1006 ms parked with 0 offset(s) still in grace locally (lane harvest horizon 16020 ms): the pressure deadline never fenced within the wall backstop (1000 ms). The refusal is honest and terminal for this write; investigate the membership plane (finding 29)
[2026-09-06T13:57:29Z ERROR squeezefs::block_allocator] bounded allocation refusing StorageFull after 1004 ms parked with 0 offset(s) still in grace locally (lane harvest horizon 16021 ms): the pressure deadline never fenced within the wall backstop (1000 ms). The refusal is honest and terminal for this write; investigate the membership plane (finding 29)
[2026-09-06T13:57:29Z ERROR squeezefs::block_allocator] bounded allocation refusing StorageFull after 1010 ms parked with 0 offset(s) still in grace locally (lane harvest horizon 16038 ms): the pressure deadline never fenced within the wall backstop (1000 ms). The refusal is honest and terminal for this write; investigate the membership plane (finding 29)
[2026-09-06T13:57:29Z ERROR squeezefs::block_allocator] bounded allocation refusing StorageFull after 1007 ms parked with 0 offset(s) still in grace locally (lane harvest horizon 16048 ms): the pressure deadline never fenced within the wall backstop (1000 ms). The refusal is honest and terminal for this write; investigate the membership plane (finding 29)
[2026-09-06T13:57:29Z ERROR squeezefs::block_allocator] bounded allocation refusing StorageFull after 1012 ms parked with 0 offset(s) still in grace locally (lane harvest horizon 16058 ms): the pressure deadline never fenced within the wall backstop (1000 ms). The refusal is honest and terminal for this write; investigate the membership plane (finding 29)
[2026-09-06T13:57:31Z ERROR squeezefs::block_allocator] I/O error: data volume 'nvme4n1' full: 8182 of 8192 blocks allocated — lane 5 of 16 is exhausted while 0 free block(s) belong to lanes this mount does not own (alloc_lane_enospc_refusals; reach them by adopting a lane whose holder is proven dead, or grow the volume set — docs/operations.md §Multi-writer capacity planning)
[2026-09-06T13:57:32Z ERROR squeezefs::block_allocator] I/O error: data volume 'nvme4n1' full: 8182 of 8192 blocks allocated — lane 5 of 16 is exhausted while 0 free block(s) belong to lanes this mount does not own (alloc_lane_enospc_refusals; reach them by adopting a lane whose holder is proven dead, or grow the volume set — docs/operations.md §Multi-writer capacity planning)
[2026-09-06T13:57:32Z ERROR squeezefs::block_allocator] bounded allocation refusing StorageFull after 1008 ms parked with 0 offset(s) still in grace locally (lane harvest horizon 9360 ms): the pressure deadline never fenced within the wall backstop (1000 ms). The refusal is honest and terminal for this write; investigate the membership plane (finding 29)
[2026-09-06T13:57:33Z ERROR squeezefs::block_allocator] I/O error: data volume 'nvme3n1' full: 8182 of 8192 blocks allocated — lane 5 of 16 is exhausted while 0 free block(s) belong to lanes this mount does not own (alloc_lane_enospc_refusals; reach them by adopting a lane whose holder is proven dead, or grow the volume set — docs/operations.md §Multi-writer capacity planning)
[2026-09-06T13:57:33Z ERROR squeezefs::block_allocator] bounded allocation refusing StorageFull after 1005 ms parked with 0 offset(s) still in grace locally (lane harvest horizon 10366 ms): the pressure deadline never fenced within the wall backstop (1000 ms). The refusal is honest and terminal for this write; investigate the membership plane (finding 29)
[2026-09-06T13:57:33Z WARN  squeezefs::fuse_client] fsync durable upload failed for ino 2 block 69 (Io(Custom { kind: StorageFull, error: "I/O error: data volume 'nvme3n1' full: 8182 of 8192 blocks allocated — lane 5 of 16 is exhausted while 0 free block(s) belong to lanes this mount does not own (alloc_lane_enospc_refusals; reach them by adopting a lane whose holder is proven dead, or grow the volume set — docs/operations.md §Multi-writer capacity planning)" })); preserving the acked bytes in staging and failing the fsync
[2026-09-06T13:57:33Z ERROR squeezefs::fuse_client] FUSE Fsync failed for ino 2: Io(Custom { kind: StorageFull, error: "I/O error: data volume 'nvme3n1' full: 8182 of 8192 blocks allocated — lane 5 of 16 is exhausted while 0 free block(s) belong to lanes this mount does not own (alloc_lane_enospc_refusals; reach them by adopting a lane whose holder is proven dead, or grow the volume set — docs/operations.md §Multi-writer capacity planning)" })
[2026-09-06T13:57:33Z ERROR squeezefs::fuse_client] Squeezefs operational error: Io(Custom { kind: StorageFull, error: "I/O error: data volume 'nvme3n1' full: 8182 of 8192 blocks allocated — lane 5 of 16 is exhausted while 0 free block(s) belong to lanes this mount does not own (alloc_lane_enospc_refusals; reach them by adopting a lane whose holder is proven dead, or grow the volume set — docs/operations.md §Multi-writer capacity planning)" })
[2026-09-06T13:57:37Z ERROR squeezefs::block_allocator] I/O error: data volume 'nvme3n1' full: 8182 of 8192 blocks allocated — lane 5 of 16 is exhausted while 0 free block(s) belong to lanes this mount does not own (alloc_lane_enospc_refusals; reach them by adopting a lane whose holder is proven dead, or grow the volume set — docs/operations.md §Multi-writer capacity planning)
[2026-09-06T13:57:41Z ERROR squeezefs::meta_ship::publish] S9: the authority refused 1 shipped free(s) (vol_tag 0xc5e11286df218556, request 845): already free/graced/quarantined — the double-release lineage, surfaced on the authority's own tripwire
[2026-09-06T13:57:53Z ERROR squeezefs::fuse_client] FUSE Fsync: FlushExtents barrier for ino 2 failed: Refused { errno: 5, msg: "I/O error: block 383 of inode_2 did not settle after 4 serialized stripe-held settle attempts (binding/incarnation mutator outside the stripe/merge disciplines — see invariant_tripwires)" }
[2026-09-06T13:57:53Z ERROR squeezefs::fuse_client] Squeezefs operational error: Refused { errno: 5, msg: "I/O error: block 383 of inode_2 did not settle after 4 serialized stripe-held settle attempts (binding/incarnation mutator outside the stripe/merge disciplines — see invariant_tripwires)" }
[2026-09-06T13:57:53Z ERROR squeezefs::meta_ship::publish] S9: the authority refused 1 shipped free(s) (vol_tag 0xad7b1d37b0829b08, request 922): already free/graced/quarantined — the double-release lineage, surfaced on the authority's own tripwire
[2026-09-06T13:57:54Z ERROR squeezefs::fuse_client] FUSE Fsync: FlushExtents barrier for ino 2 failed: Refused { errno: 5, msg: "I/O error: block 383 of inode_2 did not settle after 4 serialized stripe-held settle attempts (binding/incarnation mutator outside the stripe/merge disciplines — see invariant_tripwires)" }
[2026-09-06T13:57:54Z ERROR squeezefs::fuse_client] Squeezefs operational error: Refused { errno: 5, msg: "I/O error: block 383 of inode_2 did not settle after 4 serialized stripe-held settle attempts (binding/incarnation mutator outside the stripe/merge disciplines — see invariant_tripwires)" }
[2026-09-06T13:57:56Z ERROR squeezefs::fuse_client] FUSE Fsync: FlushExtents barrier for ino 2 failed: Refused { errno: 5, msg: "I/O error: block 383 of inode_2 did not settle after 4 serialized stripe-held settle attempts (binding/incarnation mutator outside the stripe/merge disciplines — see invariant_tripwires)" }
[2026-09-06T13:57:56Z ERROR squeezefs::fuse_client] Squeezefs operational error: Refused { errno: 5, msg: "I/O error: block 383 of inode_2 did not settle after 4 serialized stripe-held settle attempts (binding/incarnation mutator outside the stripe/merge disciplines — see invariant_tripwires)" }
[2026-09-06T13:57:58Z ERROR squeezefs::fuse_client] FUSE Fsync: FlushExtents barrier for ino 2 failed: Refused { errno: 5, msg: "I/O error: block 383 of inode_2 did not settle after 4 serialized stripe-held settle attempts (binding/incarnation mutator outside the stripe/merge disciplines — see invariant_tripwires)" }
[2026-09-06T13:57:58Z ERROR squeezefs::fuse_client] Squeezefs operational error: Refused { errno: 5, msg: "I/O error: block 383 of inode_2 did not settle after 4 serialized stripe-held settle attempts (binding/incarnation mutator outside the stripe/merge disciplines — see invariant_tripwires)" }
[2026-09-06T13:58:02Z ERROR squeezefs::block_allocator] I/O error: data volume 'nvme4n1' full: 8182 of 8192 blocks allocated — lane 5 of 16 is exhausted while 0 free block(s) belong to lanes this mount does not own (alloc_lane_enospc_refusals; reach them by adopting a lane whose holder is proven dead, or grow the volume set — docs/operations.md §Multi-writer capacity planning)
[2026-09-06T13:58:05Z ERROR squeezefs::fuse_client] FUSE Fsync: FlushExtents barrier for ino 2 failed: Refused { errno: 5, msg: "I/O error: block 383 of inode_2 did not settle after 4 serialized stripe-held settle attempts (binding/incarnation mutator outside the stripe/merge disciplines — see invariant_tripwires)" }
[2026-09-06T13:58:05Z ERROR squeezefs::fuse_client] Squeezefs operational error: Refused { errno: 5, msg: "I/O error: block 383 of inode_2 did not settle after 4 serialized stripe-held settle attempts (binding/incarnation mutator outside the stripe/merge disciplines — see invariant_tripwires)" }
[2026-09-06T13:58:05Z ERROR squeezefs::meta_ship::publish] S9: the authority refused 1 shipped free(s) (vol_tag 0xc5e11286df218556, request 1002): already free/graced/quarantined — the double-release lineage, surfaced on the authority's own tripwire
[2026-09-06T13:58:07Z ERROR squeezefs::fuse_client] FUSE Fsync: FlushExtents barrier for ino 2 failed: Refused { errno: 5, msg: "I/O error: block 383 of inode_2 did not settle after 4 serialized stripe-held settle attempts (binding/incarnation mutator outside the stripe/merge disciplines — see invariant_tripwires)" }
[2026-09-06T13:58:07Z ERROR squeezefs::fuse_client] Squeezefs operational error: Refused { errno: 5, msg: "I/O error: block 383 of inode_2 did not settle after 4 serialized stripe-held settle attempts (binding/incarnation mutator outside the stripe/merge disciplines — see invariant_tripwires)" }
[2026-09-06T13:58:09Z ERROR squeezefs::fuse_client] FUSE Fsync: FlushExtents barrier for ino 2 failed: Refused { errno: 5, msg: "I/O error: block 383 of inode_2 did not settle after 4 serialized stripe-held settle attempts (binding/incarnation mutator outside the stripe/merge disciplines — see invariant_tripwires)" }
[2026-09-06T13:58:09Z ERROR squeezefs::fuse_client] Squeezefs operational error: Refused { errno: 5, msg: "I/O error: block 383 of inode_2 did not settle after 4 serialized stripe-held settle attempts (binding/incarnation mutator outside the stripe/merge disciplines — see invariant_tripwires)" }
[2026-09-06T13:58:11Z ERROR squeezefs::fuse_client] FUSE Fsync: FlushExtents barrier for ino 2 failed: Refused { errno: 5, msg: "I/O error: block 383 of inode_2 did not settle after 4 serialized stripe-held settle attempts (binding/incarnation mutator outside the stripe/merge disciplines — see invariant_tripwires)" }
[2026-09-06T13:58:11Z ERROR squeezefs::fuse_client] Squeezefs operational error: Refused { errno: 5, msg: "I/O error: block 383 of inode_2 did not settle after 4 serialized stripe-held settle attempts (binding/incarnation mutator outside the stripe/merge disciplines — see invariant_tripwires)" }
[2026-09-06T13:58:16Z ERROR squeezefs::fuse_client] FUSE Fsync: FlushExtents barrier for ino 2 failed: Refused { errno: 5, msg: "I/O error: block 383 of inode_2 did not settle after 4 serialized stripe-held settle attempts (binding/incarnation mutator outside the stripe/merge disciplines — see invariant_tripwires)" }
[2026-09-06T13:58:16Z ERROR squeezefs::fuse_client] Squeezefs operational error: Refused { errno: 5, msg: "I/O error: block 383 of inode_2 did not settle after 4 serialized stripe-held settle attempts (binding/incarnation mutator outside the stripe/merge disciplines — see invariant_tripwires)" }
[2026-09-06T13:58:16Z ERROR squeezefs::meta_ship::publish] S9: the authority refused 1 shipped free(s) (vol_tag 0xc5e11286df218556, request 1055): already free/graced/quarantined — the double-release lineage, surfaced on the authority's own tripwire
[2026-09-06T13:58:18Z ERROR squeezefs::fuse_client] FUSE Fsync: FlushExtents barrier for ino 2 failed: Refused { errno: 5, msg: "I/O error: block 383 of inode_2 did not settle after 4 serialized stripe-held settle attempts (binding/incarnation mutator outside the stripe/merge disciplines — see invariant_tripwires)" }
[2026-09-06T13:58:18Z ERROR squeezefs::fuse_client] Squeezefs operational error: Refused { errno: 5, msg: "I/O error: block 383 of inode_2 did not settle after 4 serialized stripe-held settle attempts (binding/incarnation mutator outside the stripe/merge disciplines — see invariant_tripwires)" }
[2026-09-06T13:58:21Z ERROR squeezefs::fuse_client] FUSE Fsync: FlushExtents barrier for ino 2 failed: Refused { errno: 5, msg: "I/O error: block 383 of inode_2 did not settle after 4 serialized stripe-held settle attempts (binding/incarnation mutator outside the stripe/merge disciplines — see invariant_tripwires)" }
[2026-09-06T13:58:21Z ERROR squeezefs::fuse_client] Squeezefs operational error: Refused { errno: 5, msg: "I/O error: block 383 of inode_2 did not settle after 4 serialized stripe-held settle attempts (binding/incarnation mutator outside the stripe/merge disciplines — see invariant_tripwires)" }
[2026-09-06T13:58:24Z ERROR squeezefs::fuse_client] FUSE Fsync: FlushExtents barrier for ino 2 failed: Refused { errno: 5, msg: "I/O error: block 383 of inode_2 did not settle after 4 serialized stripe-held settle attempts (binding/incarnation mutator outside the stripe/merge disciplines — see invariant_tripwires)" }
[2026-09-06T13:58:24Z ERROR squeezefs::fuse_client] Squeezefs operational error: Refused { errno: 5, msg: "I/O error: block 383 of inode_2 did not settle after 4 serialized stripe-held settle attempts (binding/incarnation mutator outside the stripe/merge disciplines — see invariant_tripwires)" }
[2026-09-06T13:58:29Z ERROR squeezefs::fuse_client] Squeezefs operational error: Refused { errno: 5, msg: "Lock expired or invalid fencing token: 3298534892121 (expected >= 3298534892125)" }
[2026-09-06T13:59:07Z ERROR fuse3::raw::connection::fuse_over_uring] transport payload lease held 1013 ms (≥ 1 s) — overlong handler invocation or a §5.4 severance escape; watch transport_lease_overlong / transport_parked_commits
[2026-09-06T13:59:07Z ERROR squeezefs::block_allocator] I/O error: data volume 'nvme4n1' full: 8182 of 8192 blocks allocated — lane 5 of 16 is exhausted while 0 free block(s) belong to lanes this mount does not own (alloc_lane_enospc_refusals; reach them by adopting a lane whose holder is proven dead, or grow the volume set — docs/operations.md §Multi-writer capacity planning)
[2026-09-06T13:59:07Z ERROR fuse3::raw::connection::fuse_over_uring] transport payload lease held 1002 ms (≥ 1 s) — overlong handler invocation or a §5.4 severance escape; watch transport_lease_overlong / transport_parked_commits
[2026-09-06T13:59:08Z ERROR squeezefs::block_allocator] I/O error: data volume 'nvme4n1' full: 8182 of 8192 blocks allocated — lane 5 of 16 is exhausted while 0 free block(s) belong to lanes this mount does not own (alloc_lane_enospc_refusals; reach them by adopting a lane whose holder is proven dead, or grow the volume set — docs/operations.md §Multi-writer capacity planning)
[2026-09-06T13:59:08Z ERROR squeezefs::block_allocator] bounded allocation refusing StorageFull after 1019 ms parked with 0 offset(s) still in grace locally (lane harvest horizon 16785 ms): the pressure deadline never fenced within the wall backstop (1000 ms). The refusal is honest and terminal for this write; investigate the membership plane (finding 29)
[2026-09-06T13:59:08Z ERROR squeezefs::block_allocator] bounded allocation refusing StorageFull after 1020 ms parked with 0 offset(s) still in grace locally (lane harvest horizon 16784 ms): the pressure deadline never fenced within the wall backstop (1000 ms). The refusal is honest and terminal for this write; investigate the membership plane (finding 29)
[2026-09-06T13:59:08Z ERROR squeezefs::block_allocator] bounded allocation refusing StorageFull after 1012 ms parked with 0 offset(s) still in grace locally (lane harvest horizon 16787 ms): the pressure deadline never fenced within the wall backstop (1000 ms). The refusal is honest and terminal for this write; investigate the membership plane (finding 29)
[2026-09-06T13:59:08Z ERROR squeezefs::block_allocator] bounded allocation refusing StorageFull after 1010 ms parked with 0 offset(s) still in grace locally (lane harvest horizon 16793 ms): the pressure deadline never fenced within the wall backstop (1000 ms). The refusal is honest and terminal for this write; investigate the membership plane (finding 29)
[2026-09-06T13:59:08Z ERROR squeezefs::block_allocator] bounded allocation refusing StorageFull after 1011 ms parked with 0 offset(s) still in grace locally (lane harvest horizon 16794 ms): the pressure deadline never fenced within the wall backstop (1000 ms). The refusal is honest and terminal for this write; investigate the membership plane (finding 29)
[2026-09-06T13:59:08Z ERROR squeezefs::block_allocator] bounded allocation refusing StorageFull after 1013 ms parked with 0 offset(s) still in grace locally (lane harvest horizon 16814 ms): the pressure deadline never fenced within the wall backstop (1000 ms). The refusal is honest and terminal for this write; investigate the membership plane (finding 29)
[2026-09-06T13:59:08Z ERROR squeezefs::block_allocator] bounded allocation refusing StorageFull after 1016 ms parked with 0 offset(s) still in grace locally (lane harvest horizon 16831 ms): the pressure deadline never fenced within the wall backstop (1000 ms). The refusal is honest and terminal for this write; investigate the membership plane (finding 29)
[2026-09-06T13:59:08Z ERROR squeezefs::block_allocator] bounded allocation refusing StorageFull after 1019 ms parked with 0 offset(s) still in grace locally (lane harvest horizon 16835 ms): the pressure deadline never fenced within the wall backstop (1000 ms). The refusal is honest and terminal for this write; investigate the membership plane (finding 29)
[2026-09-06T13:59:09Z ERROR squeezefs::block_allocator] I/O error: data volume 'nvme4n1' full: 8182 of 8192 blocks allocated — lane 5 of 16 is exhausted while 0 free block(s) belong to lanes this mount does not own (alloc_lane_enospc_refusals; reach them by adopting a lane whose holder is proven dead, or grow the volume set — docs/operations.md §Multi-writer capacity planning)
[2026-09-06T13:59:09Z ERROR squeezefs::block_allocator] bounded allocation refusing StorageFull after 1014 ms parked with 0 offset(s) still in grace locally (lane harvest horizon 17800 ms): the pressure deadline never fenced within the wall backstop (1000 ms). The refusal is honest and terminal for this write; investigate the membership plane (finding 29)
[2026-09-06T13:59:09Z ERROR squeezefs::block_allocator] bounded allocation refusing StorageFull after 1012 ms parked with 0 offset(s) still in grace locally (lane harvest horizon 17802 ms): the pressure deadline never fenced within the wall backstop (1000 ms). The refusal is honest and terminal for this write; investigate the membership plane (finding 29)
[2026-09-06T13:59:09Z ERROR squeezefs::block_allocator] bounded allocation refusing StorageFull after 1013 ms parked with 0 offset(s) still in grace locally (lane harvest horizon 17803 ms): the pressure deadline never fenced within the wall backstop (1000 ms). The refusal is honest and terminal for this write; investigate the membership plane (finding 29)
[2026-09-06T13:59:09Z ERROR squeezefs::block_allocator] bounded allocation refusing StorageFull after 1010 ms parked with 0 offset(s) still in grace locally (lane harvest horizon 17804 ms): the pressure deadline never fenced within the wall backstop (1000 ms). The refusal is honest and terminal for this write; investigate the membership plane (finding 29)
[2026-09-06T13:59:09Z ERROR squeezefs::block_allocator] bounded allocation refusing StorageFull after 1013 ms parked with 0 offset(s) still in grace locally (lane harvest horizon 17810 ms): the pressure deadline never fenced within the wall backstop (1000 ms). The refusal is honest and terminal for this write; investigate the membership plane (finding 29)
[2026-09-06T13:59:09Z ERROR squeezefs::block_allocator] bounded allocation refusing StorageFull after 1019 ms parked with 0 offset(s) still in grace locally (lane harvest horizon 17810 ms): the pressure deadline never fenced within the wall backstop (1000 ms). The refusal is honest and terminal for this write; investigate the membership plane (finding 29)
[2026-09-06T13:59:09Z ERROR squeezefs::block_allocator] bounded allocation refusing StorageFull after 1011 ms parked with 0 offset(s) still in grace locally (lane harvest horizon 17809 ms): the pressure deadline never fenced within the wall backstop (1000 ms). The refusal is honest and terminal for this write; investigate the membership plane (finding 29)
[2026-09-06T13:59:09Z ERROR squeezefs::block_allocator] bounded allocation refusing StorageFull after 1014 ms parked with 0 offset(s) still in grace locally (lane harvest horizon 17811 ms): the pressure deadline never fenced within the wall backstop (1000 ms). The refusal is honest and terminal for this write; investigate the membership plane (finding 29)
[2026-09-06T13:59:09Z ERROR squeezefs::block_allocator] bounded allocation refusing StorageFull after 1021 ms parked with 0 offset(s) still in grace locally (lane harvest horizon 17813 ms): the pressure deadline never fenced within the wall backstop (1000 ms). The refusal is honest and terminal for this write; investigate the membership plane (finding 29)
[2026-09-06T13:59:09Z ERROR squeezefs::block_allocator] bounded allocation refusing StorageFull after 1012 ms parked with 0 offset(s) still in grace locally (lane harvest horizon 17811 ms): the pressure deadline never fenced within the wall backstop (1000 ms). The refusal is honest and terminal for this write; investigate the membership plane (finding 29)
[2026-09-06T13:59:09Z ERROR squeezefs::block_allocator] bounded allocation refusing StorageFull after 1013 ms parked with 0 offset(s) still in grace locally (lane harvest horizon 17829 ms): the pressure deadline never fenced within the wall backstop (1000 ms). The refusal is honest and terminal for this write; investigate the membership plane (finding 29)
[2026-09-06T13:59:09Z ERROR squeezefs::block_allocator] bounded allocation refusing StorageFull after 1016 ms parked with 0 offset(s) still in grace locally (lane harvest horizon 17831 ms): the pressure deadline never fenced within the wall backstop (1000 ms). The refusal is honest and terminal for this write; investigate the membership plane (finding 29)
[2026-09-06T13:59:09Z ERROR squeezefs::block_allocator] bounded allocation refusing StorageFull after 1012 ms parked with 0 offset(s) still in grace locally (lane harvest horizon 17845 ms): the pressure deadline never fenced within the wall backstop (1000 ms). The refusal is honest and terminal for this write; investigate the membership plane (finding 29)
[2026-09-06T13:59:09Z ERROR squeezefs::block_allocator] bounded allocation refusing StorageFull after 1012 ms parked with 0 offset(s) still in grace locally (lane harvest horizon 17846 ms): the pressure deadline never fenced within the wall backstop (1000 ms). The refusal is honest and terminal for this write; investigate the membership plane (finding 29)
[2026-09-06T13:59:09Z ERROR squeezefs::block_allocator] bounded allocation refusing StorageFull after 1013 ms parked with 0 offset(s) still in grace locally (lane harvest horizon 17850 ms): the pressure deadline never fenced within the wall backstop (1000 ms). The refusal is honest and terminal for this write; investigate the membership plane (finding 29)
[2026-09-06T13:59:09Z ERROR squeezefs::block_allocator] bounded allocation refusing StorageFull after 1018 ms parked with 0 offset(s) still in grace locally (lane harvest horizon 17861 ms): the pressure deadline never fenced within the wall backstop (1000 ms). The refusal is honest and terminal for this write; investigate the membership plane (finding 29)
[2026-09-06T13:59:10Z ERROR squeezefs::block_allocator] I/O error: data volume 'nvme4n1' full: 8182 of 8192 blocks allocated — lane 5 of 16 is exhausted while 0 free block(s) belong to lanes this mount does not own (alloc_lane_enospc_refusals; reach them by adopting a lane whose holder is proven dead, or grow the volume set — docs/operations.md §Multi-writer capacity planning)
[2026-09-06T13:59:10Z ERROR squeezefs::block_allocator] bounded allocation refusing StorageFull after 1012 ms parked with 0 offset(s) still in grace locally (lane harvest horizon 17895 ms): the pressure deadline never fenced within the wall backstop (1000 ms). The refusal is honest and terminal for this write; investigate the membership plane (finding 29)
[2026-09-06T13:59:10Z ERROR squeezefs::block_allocator] bounded allocation refusing StorageFull after 1010 ms parked with 0 offset(s) still in grace locally (lane harvest horizon 17896 ms): the pressure deadline never fenced within the wall backstop (1000 ms). The refusal is honest and terminal for this write; investigate the membership plane (finding 29)
[2026-09-06T13:59:10Z WARN  squeezefs::fuse_client] write-through failed for ino 2 block 1510 (Io(Custom { kind: StorageFull, error: "I/O error: data volume 'nvme4n1' full: 8182 of 8192 blocks allocated — lane 5 of 16 is exhausted while 0 free block(s) belong to lanes this mount does not own (alloc_lane_enospc_refusals; reach them by adopting a lane whose holder is proven dead, or grow the volume set — docs/operations.md §Multi-writer capacity planning)" })); falling back to staging
[2026-09-06T13:59:10Z ERROR squeezefs::block_allocator] bounded allocation refusing StorageFull after 1012 ms parked with 0 offset(s) still in grace locally (lane harvest horizon 17896 ms): the pressure deadline never fenced within the wall backstop (1000 ms). The refusal is honest and terminal for this write; investigate the membership plane (finding 29)
[2026-09-06T13:59:10Z ERROR squeezefs::block_allocator] bounded allocation refusing StorageFull after 1011 ms parked with 0 offset(s) still in grace locally (lane harvest horizon 17897 ms): the pressure deadline never fenced within the wall backstop (1000 ms). The refusal is honest and terminal for this write; investigate the membership plane (finding 29)
[2026-09-06T13:59:10Z ERROR squeezefs::block_allocator] bounded allocation refusing StorageFull after 1011 ms parked with 0 offset(s) still in grace locally (lane harvest horizon 17897 ms): the pressure deadline never fenced within the wall backstop (1000 ms). The refusal is honest and terminal for this write; investigate the membership plane (finding 29)
[2026-09-06T13:59:10Z WARN  squeezefs::routing] rewrite epoch close for ino 2 failed transiently (Io(Custom { kind: StorageFull, error: "I/O error: data volume 'nvme4n1' full: 8182 of 8192 blocks allocated — lane 5 of 16 is exhausted while 0 free block(s) belong to lanes this mount does not own (alloc_lane_enospc_refusals; reach them by adopting a lane whose holder is proven dead, or grow the volume set — docs/operations.md §Multi-writer capacity planning)" })); the epoch stays registered (never-lossy) — the next close trigger retries
[2026-09-06T13:59:10Z ERROR squeezefs::block_allocator] bounded allocation refusing StorageFull after 1009 ms parked with 0 offset(s) still in grace locally (lane harvest horizon 17899 ms): the pressure deadline never fenced within the wall backstop (1000 ms). The refusal is honest and terminal for this write; investigate the membership plane (finding 29)
[2026-09-06T13:59:10Z WARN  squeezefs::fuse_client] write-through failed for ino 2 block 1541 (Io(Custom { kind: StorageFull, error: "I/O error: data volume 'nvme4n1' full: 8182 of 8192 blocks allocated — lane 5 of 16 is exhausted while 0 free block(s) belong to lanes this mount does not own (alloc_lane_enospc_refusals; reach them by adopting a lane whose holder is proven dead, or grow the volume set — docs/operations.md §Multi-writer capacity planning)" })); falling back to staging
[2026-09-06T13:59:10Z ERROR squeezefs::block_allocator] bounded allocation refusing StorageFull after 1010 ms parked with 0 offset(s) still in grace locally (lane harvest horizon 17900 ms): the pressure deadline never fenced within the wall backstop (1000 ms). The refusal is honest and terminal for this write; investigate the membership plane (finding 29)
[2026-09-06T13:59:10Z ERROR squeezefs::block_allocator] bounded allocation refusing StorageFull after 1014 ms parked with 0 offset(s) still in grace locally (lane harvest horizon 17901 ms): the pressure deadline never fenced within the wall backstop (1000 ms). The refusal is honest and terminal for this write; investigate the membership plane (finding 29)
[2026-09-06T13:59:10Z ERROR squeezefs::block_allocator] bounded allocation refusing StorageFull after 1014 ms parked with 0 offset(s) still in grace locally (lane harvest horizon 17901 ms): the pressure deadline never fenced within the wall backstop (1000 ms). The refusal is honest and terminal for this write; investigate the membership plane (finding 29)
[2026-09-06T13:59:10Z ERROR squeezefs::block_allocator] bounded allocation refusing StorageFull after 1015 ms parked with 0 offset(s) still in grace locally (lane harvest horizon 17902 ms): the pressure deadline never fenced within the wall backstop (1000 ms). The refusal is honest and terminal for this write; investigate the membership plane (finding 29)
[2026-09-06T13:59:10Z ERROR squeezefs::block_allocator] bounded allocation refusing StorageFull after 1010 ms parked with 0 offset(s) still in grace locally (lane harvest horizon 17902 ms): the pressure deadline never fenced within the wall backstop (1000 ms). The refusal is honest and terminal for this write; investigate the membership plane (finding 29)
[2026-09-06T13:59:10Z WARN  squeezefs::fuse_client] write-through failed for ino 2 block 1509 (Io(Custom { kind: StorageFull, error: "I/O error: data volume 'nvme4n1' full: 8182 of 8192 blocks allocated — lane 5 of 16 is exhausted while 0 free block(s) belong to lanes this mount does not own (alloc_lane_enospc_refusals; reach them by adopting a lane whose holder is proven dead, or grow the volume set — docs/operations.md §Multi-writer capacity planning)" })); falling back to staging
[2026-09-06T13:59:10Z ERROR squeezefs::block_allocator] bounded allocation refusing StorageFull after 1009 ms parked with 0 offset(s) still in grace locally (lane harvest horizon 17903 ms): the pressure deadline never fenced within the wall backstop (1000 ms). The refusal is honest and terminal for this write; investigate the membership plane (finding 29)
[2026-09-06T13:59:10Z ERROR squeezefs::block_allocator] bounded allocation refusing StorageFull after 1015 ms parked with 0 offset(s) still in grace locally (lane harvest horizon 17903 ms): the pressure deadline never fenced within the wall backstop (1000 ms). The refusal is honest and terminal for this write; investigate the membership plane (finding 29)
[2026-09-06T13:59:10Z ERROR squeezefs::block_allocator] bounded allocation refusing StorageFull after 1016 ms parked with 0 offset(s) still in grace locally (lane harvest horizon 17903 ms): the pressure deadline never fenced within the wall backstop (1000 ms). The refusal is honest and terminal for this write; investigate the membership plane (finding 29)
[2026-09-06T13:59:10Z ERROR squeezefs::block_allocator] bounded allocation refusing StorageFull after 1013 ms parked with 0 offset(s) still in grace locally (lane harvest horizon 17906 ms): the pressure deadline never fenced within the wall backstop (1000 ms). The refusal is honest and terminal for this write; investigate the membership plane (finding 29)
[2026-09-06T13:59:10Z ERROR squeezefs::block_allocator] bounded allocation refusing StorageFull after 1020 ms parked with 0 offset(s) still in grace locally (lane harvest horizon 17906 ms): the pressure deadline never fenced within the wall backstop (1000 ms). The refusal is honest and terminal for this write; investigate the membership plane (finding 29)
[2026-09-06T13:59:10Z ERROR squeezefs::block_allocator] bounded allocation refusing StorageFull after 1014 ms parked with 0 offset(s) still in grace locally (lane harvest horizon 17906 ms): the pressure deadline never fenced within the wall backstop (1000 ms). The refusal is honest and terminal for this write; investigate the membership plane (finding 29)
[2026-09-06T13:59:10Z ERROR squeezefs::block_allocator] bounded allocation refusing StorageFull after 1020 ms parked with 0 offset(s) still in grace locally (lane harvest horizon 17906 ms): the pressure deadline never fenced within the wall backstop (1000 ms). The refusal is honest and terminal for this write; investigate the membership plane (finding 29)
[2026-09-06T13:59:10Z ERROR squeezefs::block_allocator] bounded allocation refusing StorageFull after 1013 ms parked with 0 offset(s) still in grace locally (lane harvest horizon 17906 ms): the pressure deadline never fenced within the wall backstop (1000 ms). The refusal is honest and terminal for this write; investigate the membership plane (finding 29)
[2026-09-06T13:59:10Z WARN  squeezefs::fuse_client] write-through failed for ino 2 block 1542 (Io(Custom { kind: StorageFull, error: "I/O error: data volume 'nvme4n1' full: 8182 of 8192 blocks allocated — lane 5 of 16 is exhausted while 0 free block(s) belong to lanes this mount does not own (alloc_lane_enospc_refusals; reach them by adopting a lane whose holder is proven dead, or grow the volume set — docs/operations.md §Multi-writer capacity planning)" })); falling back to staging
[2026-09-06T13:59:10Z ERROR squeezefs::block_allocator] bounded allocation refusing StorageFull after 1013 ms parked with 0 offset(s) still in grace locally (lane harvest horizon 17907 ms): the pressure deadline never fenced within the wall backstop (1000 ms). The refusal is honest and terminal for this write; investigate the membership plane (finding 29)
[2026-09-06T13:59:10Z ERROR squeezefs::block_allocator] bounded allocation refusing StorageFull after 1015 ms parked with 0 offset(s) still in grace locally (lane harvest horizon 17925 ms): the pressure deadline never fenced within the wall backstop (1000 ms). The refusal is honest and terminal for this write; investigate the membership plane (finding 29)
[2026-09-06T13:59:10Z WARN  squeezefs::fuse_client] write-through failed for ino 2 block 1573 (Io(Custom { kind: StorageFull, error: "I/O error: data volume 'nvme4n1' full: 8182 of 8192 blocks allocated — lane 5 of 16 is exhausted while 0 free block(s) belong to lanes this mount does not own (alloc_lane_enospc_refusals; reach them by adopting a lane whose holder is proven dead, or grow the volume set — docs/operations.md §Multi-writer capacity planning)" })); falling back to staging
[2026-09-06T13:59:10Z ERROR fuse3::raw::connection::fuse_over_uring] transport payload lease held 1032 ms (≥ 1 s) — overlong handler invocation or a §5.4 severance escape; watch transport_lease_overlong / transport_parked_commits
[2026-09-06T13:59:10Z ERROR fuse3::raw::connection::fuse_over_uring] transport payload lease held 1032 ms (≥ 1 s) — overlong handler invocation or a §5.4 severance escape; watch transport_lease_overlong / transport_parked_commits
[2026-09-06T13:59:13Z ERROR squeezefs::fuse_client] FUSE Fsync: FlushExtents barrier for ino 2 failed: Refused { errno: 5, msg: "I/O error: block 383 of inode_2 did not settle after 4 serialized stripe-held settle attempts (binding/incarnation mutator outside the stripe/merge disciplines — see invariant_tripwires)" }
[2026-09-06T13:59:13Z ERROR squeezefs::fuse_client] Squeezefs operational error: Refused { errno: 5, msg: "I/O error: block 383 of inode_2 did not settle after 4 serialized stripe-held settle attempts (binding/incarnation mutator outside the stripe/merge disciplines — see invariant_tripwires)" }
[2026-09-06T13:59:13Z ERROR squeezefs::meta_ship::publish] S9: the authority refused 1 shipped free(s) (vol_tag 0xad7b1d37b0829b08, request 2150): already free/graced/quarantined — the double-release lineage, surfaced on the authority's own tripwire
[2026-09-06T13:59:15Z ERROR squeezefs::fuse_client] FUSE Fsync: FlushExtents barrier for ino 2 failed: Refused { errno: 5, msg: "I/O error: block 383 of inode_2 did not settle after 4 serialized stripe-held settle attempts (binding/incarnation mutator outside the stripe/merge disciplines — see invariant_tripwires)" }
[2026-09-06T13:59:15Z ERROR squeezefs::fuse_client] Squeezefs operational error: Refused { errno: 5, msg: "I/O error: block 383 of inode_2 did not settle after 4 serialized stripe-held settle attempts (binding/incarnation mutator outside the stripe/merge disciplines — see invariant_tripwires)" }
[2026-09-06T13:59:16Z ERROR squeezefs::fuse_client] FUSE Fsync: FlushExtents barrier for ino 2 failed: Refused { errno: 5, msg: "I/O error: block 383 of inode_2 did not settle after 4 serialized stripe-held settle attempts (binding/incarnation mutator outside the stripe/merge disciplines — see invariant_tripwires)" }
[2026-09-06T13:59:16Z ERROR squeezefs::fuse_client] Squeezefs operational error: Refused { errno: 5, msg: "I/O error: block 383 of inode_2 did not settle after 4 serialized stripe-held settle attempts (binding/incarnation mutator outside the stripe/merge disciplines — see invariant_tripwires)" }
[2026-09-06T13:59:17Z ERROR squeezefs::fuse_client] FUSE Fsync: FlushExtents barrier for ino 2 failed: Refused { errno: 5, msg: "I/O error: block 383 of inode_2 did not settle after 4 serialized stripe-held settle attempts (binding/incarnation mutator outside the stripe/merge disciplines — see invariant_tripwires)" }
[2026-09-06T13:59:17Z ERROR squeezefs::fuse_client] Squeezefs operational error: Refused { errno: 5, msg: "I/O error: block 383 of inode_2 did not settle after 4 serialized stripe-held settle attempts (binding/incarnation mutator outside the stripe/merge disciplines — see invariant_tripwires)" }
[2026-09-06T13:59:53Z ERROR squeezefs::fuse_client] FUSE Fsync: FlushExtents barrier for ino 2 failed: Refused { errno: 5, msg: "I/O error: block 383 of inode_2 did not settle after 4 serialized stripe-held settle attempts (binding/incarnation mutator outside the stripe/merge disciplines — see invariant_tripwires)" }
[2026-09-06T13:59:53Z ERROR squeezefs::fuse_client] Squeezefs operational error: Refused { errno: 5, msg: "I/O error: block 383 of inode_2 did not settle after 4 serialized stripe-held settle attempts (binding/incarnation mutator outside the stripe/merge disciplines — see invariant_tripwires)" }
[2026-09-06T13:59:53Z ERROR squeezefs::meta_ship::publish] S9: the authority refused 1 shipped free(s) (vol_tag 0xad7b1d37b0829b08, request 2228): already free/graced/quarantined — the double-release lineage, surfaced on the authority's own tripwire
[2026-09-06T13:59:55Z ERROR squeezefs::fuse_client] FUSE Fsync: FlushExtents barrier for ino 2 failed: Refused { errno: 5, msg: "I/O error: block 383 of inode_2 did not settle after 4 serialized stripe-held settle attempts (binding/incarnation mutator outside the stripe/merge disciplines — see invariant_tripwires)" }
[2026-09-06T13:59:55Z ERROR squeezefs::fuse_client] Squeezefs operational error: Refused { errno: 5, msg: "I/O error: block 383 of inode_2 did not settle after 4 serialized stripe-held settle attempts (binding/incarnation mutator outside the stripe/merge disciplines — see invariant_tripwires)" }
[2026-09-06T13:59:56Z ERROR squeezefs::block_allocator] I/O error: data volume 'nvme3n1' full: 8182 of 8192 blocks allocated — lane 5 of 16 is exhausted while 0 free block(s) belong to lanes this mount does not own (alloc_lane_enospc_refusals; reach them by adopting a lane whose holder is proven dead, or grow the volume set — docs/operations.md §Multi-writer capacity planning)
[2026-09-06T13:59:57Z ERROR squeezefs::block_allocator] I/O error: data volume 'nvme3n1' full: 8182 of 8192 blocks allocated — lane 5 of 16 is exhausted while 0 free block(s) belong to lanes this mount does not own (alloc_lane_enospc_refusals; reach them by adopting a lane whose holder is proven dead, or grow the volume set — docs/operations.md §Multi-writer capacity planning)
[2026-09-06T13:59:57Z ERROR squeezefs::block_allocator] bounded allocation refusing StorageFull after 1016 ms parked with 0 offset(s) still in grace locally (lane harvest horizon 11581 ms): the pressure deadline never fenced within the wall backstop (1000 ms). The refusal is honest and terminal for this write; investigate the membership plane (finding 29)
[2026-09-06T13:59:58Z ERROR squeezefs::block_allocator] I/O error: data volume 'nvme3n1' full: 8182 of 8192 blocks allocated — lane 5 of 16 is exhausted while 0 free block(s) belong to lanes this mount does not own (alloc_lane_enospc_refusals; reach them by adopting a lane whose holder is proven dead, or grow the volume set — docs/operations.md §Multi-writer capacity planning)
[2026-09-06T13:59:58Z ERROR squeezefs::block_allocator] bounded allocation refusing StorageFull after 1014 ms parked with 0 offset(s) still in grace locally (lane harvest horizon 12616 ms): the pressure deadline never fenced within the wall backstop (1000 ms). The refusal is honest and terminal for this write; investigate the membership plane (finding 29)
[2026-09-06T13:59:59Z ERROR squeezefs::block_allocator] I/O error: data volume 'nvme3n1' full: 8182 of 8192 blocks allocated — lane 5 of 16 is exhausted while 0 free block(s) belong to lanes this mount does not own (alloc_lane_enospc_refusals; reach them by adopting a lane whose holder is proven dead, or grow the volume set — docs/operations.md §Multi-writer capacity planning)
[2026-09-06T13:59:59Z ERROR squeezefs::block_allocator] bounded allocation refusing StorageFull after 1016 ms parked with 0 offset(s) still in grace locally (lane harvest horizon 13658 ms): the pressure deadline never fenced within the wall backstop (1000 ms). The refusal is honest and terminal for this write; investigate the membership plane (finding 29)
[2026-09-06T13:59:59Z WARN  squeezefs::fuse_client] fsync durable upload failed for ino 2 block 2407 (Io(Custom { kind: StorageFull, error: "I/O error: data volume 'nvme3n1' full: 8182 of 8192 blocks allocated — lane 5 of 16 is exhausted while 0 free block(s) belong to lanes this mount does not own (alloc_lane_enospc_refusals; reach them by adopting a lane whose holder is proven dead, or grow the volume set — docs/operations.md §Multi-writer capacity planning)" })); preserving the acked bytes in staging and failing the fsync
[2026-09-06T14:00:00Z ERROR squeezefs::block_allocator] I/O error: data volume 'nvme3n1' full: 8182 of 8192 blocks allocated — lane 5 of 16 is exhausted while 0 free block(s) belong to lanes this mount does not own (alloc_lane_enospc_refusals; reach them by adopting a lane whose holder is proven dead, or grow the volume set — docs/operations.md §Multi-writer capacity planning)
[2026-09-06T14:00:00Z ERROR squeezefs::block_allocator] bounded allocation refusing StorageFull after 1013 ms parked with 0 offset(s) still in grace locally (lane harvest horizon 14234 ms): the pressure deadline never fenced within the wall backstop (1000 ms). The refusal is honest and terminal for this write; investigate the membership plane (finding 29)
[2026-09-06T14:00:00Z ERROR squeezefs::fuse_client] FUSE Fsync failed for ino 2: Io(Custom { kind: StorageFull, error: "I/O error: data volume 'nvme3n1' full: 8182 of 8192 blocks allocated — lane 5 of 16 is exhausted while 0 free block(s) belong to lanes this mount does not own (alloc_lane_enospc_refusals; reach them by adopting a lane whose holder is proven dead, or grow the volume set — docs/operations.md §Multi-writer capacity planning)" })
[2026-09-06T14:00:00Z ERROR squeezefs::fuse_client] Squeezefs operational error: Io(Custom { kind: StorageFull, error: "I/O error: data volume 'nvme3n1' full: 8182 of 8192 blocks allocated — lane 5 of 16 is exhausted while 0 free block(s) belong to lanes this mount does not own (alloc_lane_enospc_refusals; reach them by adopting a lane whose holder is proven dead, or grow the volume set — docs/operations.md §Multi-writer capacity planning)" })
[2026-09-06T14:00:02Z ERROR squeezefs::fuse_client] FUSE Fsync: FlushExtents barrier for ino 2 failed: Refused { errno: 5, msg: "I/O error: block 383 of inode_2 did not settle after 4 serialized stripe-held settle attempts (binding/incarnation mutator outside the stripe/merge disciplines — see invariant_tripwires)" }
[2026-09-06T14:00:02Z ERROR squeezefs::fuse_client] Squeezefs operational error: Refused { errno: 5, msg: "I/O error: block 383 of inode_2 did not settle after 4 serialized stripe-held settle attempts (binding/incarnation mutator outside the stripe/merge disciplines — see invariant_tripwires)" }
[2026-09-06T14:00:06Z ERROR squeezefs::block_allocator] I/O error: data volume 'nvme3n1' full: 8182 of 8192 blocks allocated — lane 5 of 16 is exhausted while 0 free block(s) belong to lanes this mount does not own (alloc_lane_enospc_refusals; reach them by adopting a lane whose holder is proven dead, or grow the volume set — docs/operations.md §Multi-writer capacity planning)
[2026-09-06T14:00:07Z ERROR squeezefs::block_allocator] I/O error: data volume 'nvme3n1' full: 8182 of 8192 blocks allocated — lane 5 of 16 is exhausted while 0 free block(s) belong to lanes this mount does not own (alloc_lane_enospc_refusals; reach them by adopting a lane whose holder is proven dead, or grow the volume set — docs/operations.md §Multi-writer capacity planning)
[2026-09-06T14:00:07Z ERROR squeezefs::block_allocator] bounded allocation refusing StorageFull after 1012 ms parked with 0 offset(s) still in grace locally (lane harvest horizon 8692 ms): the pressure deadline never fenced within the wall backstop (1000 ms). The refusal is honest and terminal for this write; investigate the membership plane (finding 29)
[2026-09-06T14:00:07Z ERROR squeezefs::block_allocator] bounded allocation refusing StorageFull after 1022 ms parked with 0 offset(s) still in grace locally (lane harvest horizon 8692 ms): the pressure deadline never fenced within the wall backstop (1000 ms). The refusal is honest and terminal for this write; investigate the membership plane (finding 29)
[2026-09-06T14:00:07Z ERROR squeezefs::block_allocator] bounded allocation refusing StorageFull after 1036 ms parked with 0 offset(s) still in grace locally (lane harvest horizon 8705 ms): the pressure deadline never fenced within the wall backstop (1000 ms). The refusal is honest and terminal for this write; investigate the membership plane (finding 29)
[2026-09-06T14:00:07Z ERROR squeezefs::block_allocator] bounded allocation refusing StorageFull after 1029 ms parked with 0 offset(s) still in grace locally (lane harvest horizon 8724 ms): the pressure deadline never fenced within the wall backstop (1000 ms). The refusal is honest and terminal for this write; investigate the membership plane (finding 29)
[2026-09-06T14:00:07Z ERROR squeezefs::block_allocator] bounded allocation refusing StorageFull after 1003 ms parked with 0 offset(s) still in grace locally (lane harvest horizon 8752 ms): the pressure deadline never fenced within the wall backstop (1000 ms). The refusal is honest and terminal for this write; investigate the membership plane (finding 29)
[2026-09-06T14:00:07Z ERROR squeezefs::block_allocator] bounded allocation refusing StorageFull after 1022 ms parked with 0 offset(s) still in grace locally (lane harvest horizon 8777 ms): the pressure deadline never fenced within the wall backstop (1000 ms). The refusal is honest and terminal for this write; investigate the membership plane (finding 29)
[2026-09-06T14:00:07Z ERROR squeezefs::block_allocator] bounded allocation refusing StorageFull after 1027 ms parked with 0 offset(s) still in grace locally (lane harvest horizon 8824 ms): the pressure deadline never fenced within the wall backstop (1000 ms). The refusal is honest and terminal for this write; investigate the membership plane (finding 29)
[2026-09-06T14:00:07Z ERROR squeezefs::block_allocator] bounded allocation refusing StorageFull after 1031 ms parked with 0 offset(s) still in grace locally (lane harvest horizon 8825 ms): the pressure deadline never fenced within the wall backstop (1000 ms). The refusal is honest and terminal for this write; investigate the membership plane (finding 29)
[2026-09-06T14:00:08Z ERROR squeezefs::block_allocator] I/O error: data volume 'nvme3n1' full: 8182 of 8192 blocks allocated — lane 5 of 16 is exhausted while 0 free block(s) belong to lanes this mount does not own (alloc_lane_enospc_refusals; reach them by adopting a lane whose holder is proven dead, or grow the volume set — docs/operations.md §Multi-writer capacity planning)
[2026-09-06T14:00:08Z ERROR squeezefs::block_allocator] bounded allocation refusing StorageFull after 1013 ms parked with 0 offset(s) still in grace locally (lane harvest horizon 7883 ms): the pressure deadline never fenced within the wall backstop (1000 ms). The refusal is honest and terminal for this write; investigate the membership plane (finding 29)
[2026-09-06T14:00:08Z ERROR squeezefs::block_allocator] bounded allocation refusing StorageFull after 1015 ms parked with 0 offset(s) still in grace locally (lane harvest horizon 7884 ms): the pressure deadline never fenced within the wall backstop (1000 ms). The refusal is honest and terminal for this write; investigate the membership plane (finding 29)
[2026-09-06T14:00:08Z ERROR squeezefs::block_allocator] bounded allocation refusing StorageFull after 1013 ms parked with 0 offset(s) still in grace locally (lane harvest horizon 7895 ms): the pressure deadline never fenced within the wall backstop (1000 ms). The refusal is honest and terminal for this write; investigate the membership plane (finding 29)
[2026-09-06T14:00:08Z ERROR squeezefs::block_allocator] bounded allocation refusing StorageFull after 1013 ms parked with 0 offset(s) still in grace locally (lane harvest horizon 7906 ms): the pressure deadline never fenced within the wall backstop (1000 ms). The refusal is honest and terminal for this write; investigate the membership plane (finding 29)
[2026-09-06T14:00:08Z ERROR squeezefs::block_allocator] bounded allocation refusing StorageFull after 1012 ms parked with 0 offset(s) still in grace locally (lane harvest horizon 7909 ms): the pressure deadline never fenced within the wall backstop (1000 ms). The refusal is honest and terminal for this write; investigate the membership plane (finding 29)
[2026-09-06T14:00:08Z ERROR squeezefs::block_allocator] bounded allocation refusing StorageFull after 1010 ms parked with 0 offset(s) still in grace locally (lane harvest horizon 7910 ms): the pressure deadline never fenced within the wall backstop (1000 ms). The refusal is honest and terminal for this write; investigate the membership plane (finding 29)
[2026-09-06T14:00:08Z ERROR squeezefs::block_allocator] bounded allocation refusing StorageFull after 1012 ms parked with 0 offset(s) still in grace locally (lane harvest horizon 7938 ms): the pressure deadline never fenced within the wall backstop (1000 ms). The refusal is honest and terminal for this write; investigate the membership plane (finding 29)
[2026-09-06T14:00:08Z ERROR squeezefs::block_allocator] bounded allocation refusing StorageFull after 1013 ms parked with 0 offset(s) still in grace locally (lane harvest horizon 7939 ms): the pressure deadline never fenced within the wall backstop (1000 ms). The refusal is honest and terminal for this write; investigate the membership plane (finding 29)
[2026-09-06T14:00:08Z ERROR squeezefs::block_allocator] bounded allocation refusing StorageFull after 1012 ms parked with 0 offset(s) still in grace locally (lane harvest horizon 7962 ms): the pressure deadline never fenced within the wall backstop (1000 ms). The refusal is honest and terminal for this write; investigate the membership plane (finding 29)
[2026-09-06T14:00:08Z ERROR squeezefs::block_allocator] bounded allocation refusing StorageFull after 1017 ms parked with 0 offset(s) still in grace locally (lane harvest horizon 7970 ms): the pressure deadline never fenced within the wall backstop (1000 ms). The refusal is honest and terminal for this write; investigate the membership plane (finding 29)
[2026-09-06T14:00:08Z ERROR squeezefs::block_allocator] bounded allocation refusing StorageFull after 1013 ms parked with 0 offset(s) still in grace locally (lane harvest horizon 8015 ms): the pressure deadline never fenced within the wall backstop (1000 ms). The refusal is honest and terminal for this write; investigate the membership plane (finding 29)
[2026-09-06T14:00:08Z ERROR squeezefs::block_allocator] bounded allocation refusing StorageFull after 1015 ms parked with 0 offset(s) still in grace locally (lane harvest horizon 8017 ms): the pressure deadline never fenced within the wall backstop (1000 ms). The refusal is honest and terminal for this write; investigate the membership plane (finding 29)
[2026-09-06T14:00:08Z ERROR squeezefs::block_allocator] bounded allocation refusing StorageFull after 1017 ms parked with 0 offset(s) still in grace locally (lane harvest horizon 8019 ms): the pressure deadline never fenced within the wall backstop (1000 ms). The refusal is honest and terminal for this write; investigate the membership plane (finding 29)
[2026-09-06T14:00:08Z ERROR squeezefs::block_allocator] bounded allocation refusing StorageFull after 1015 ms parked with 0 offset(s) still in grace locally (lane harvest horizon 8019 ms): the pressure deadline never fenced within the wall backstop (1000 ms). The refusal is honest and terminal for this write; investigate the membership plane (finding 29)
[2026-09-06T14:00:08Z ERROR squeezefs::block_allocator] bounded allocation refusing StorageFull after 1016 ms parked with 0 offset(s) still in grace locally (lane harvest horizon 8019 ms): the pressure deadline never fenced within the wall backstop (1000 ms). The refusal is honest and terminal for this write; investigate the membership plane (finding 29)
[2026-09-06T14:00:08Z ERROR squeezefs::block_allocator] bounded allocation refusing StorageFull after 1017 ms parked with 0 offset(s) still in grace locally (lane harvest horizon 8020 ms): the pressure deadline never fenced within the wall backstop (1000 ms). The refusal is honest and terminal for this write; investigate the membership plane (finding 29)
[2026-09-06T14:00:08Z ERROR squeezefs::block_allocator] bounded allocation refusing StorageFull after 1016 ms parked with 0 offset(s) still in grace locally (lane harvest horizon 8020 ms): the pressure deadline never fenced within the wall backstop (1000 ms). The refusal is honest and terminal for this write; investigate the membership plane (finding 29)
[2026-09-06T14:00:08Z ERROR squeezefs::block_allocator] bounded allocation refusing StorageFull after 1020 ms parked with 0 offset(s) still in grace locally (lane harvest horizon 8024 ms): the pressure deadline never fenced within the wall backstop (1000 ms). The refusal is honest and terminal for this write; investigate the membership plane (finding 29)
[2026-09-06T14:00:08Z ERROR squeezefs::block_allocator] bounded allocation refusing StorageFull after 1015 ms parked with 0 offset(s) still in grace locally (lane harvest horizon 8024 ms): the pressure deadline never fenced within the wall backstop (1000 ms). The refusal is honest and terminal for this write; investigate the membership plane (finding 29)
[2026-09-06T14:00:08Z ERROR squeezefs::block_allocator] bounded allocation refusing StorageFull after 1019 ms parked with 0 offset(s) still in grace locally (lane harvest horizon 8024 ms): the pressure deadline never fenced within the wall backstop (1000 ms). The refusal is honest and terminal for this write; investigate the membership plane (finding 29)
[2026-09-06T14:00:08Z ERROR squeezefs::block_allocator] bounded allocation refusing StorageFull after 1014 ms parked with 0 offset(s) still in grace locally (lane harvest horizon 8024 ms): the pressure deadline never fenced within the wall backstop (1000 ms). The refusal is honest and terminal for this write; investigate the membership plane (finding 29)
[2026-09-06T14:00:09Z ERROR squeezefs::block_allocator] I/O error: data volume 'nvme3n1' full: 8182 of 8192 blocks allocated — lane 5 of 16 is exhausted while 0 free block(s) belong to lanes this mount does not own (alloc_lane_enospc_refusals; reach them by adopting a lane whose holder is proven dead, or grow the volume set — docs/operations.md §Multi-writer capacity planning)
[2026-09-06T14:00:09Z ERROR squeezefs::block_allocator] bounded allocation refusing StorageFull after 1010 ms parked with 0 offset(s) still in grace locally (lane harvest horizon 7894 ms): the pressure deadline never fenced within the wall backstop (1000 ms). The refusal is honest and terminal for this write; investigate the membership plane (finding 29)
[2026-09-06T14:00:09Z ERROR squeezefs::block_allocator] bounded allocation refusing StorageFull after 1011 ms parked with 0 offset(s) still in grace locally (lane harvest horizon 7894 ms): the pressure deadline never fenced within the wall backstop (1000 ms). The refusal is honest and terminal for this write; investigate the membership plane (finding 29)
[2026-09-06T14:00:09Z WARN  squeezefs::routing] rewrite epoch close for ino 2 failed transiently (Io(Custom { kind: StorageFull, error: "I/O error: data volume 'nvme3n1' full: 8182 of 8192 blocks allocated — lane 5 of 16 is exhausted while 0 free block(s) belong to lanes this mount does not own (alloc_lane_enospc_refusals; reach them by adopting a lane whose holder is proven dead, or grow the volume set — docs/operations.md §Multi-writer capacity planning)" })); the epoch stays registered (never-lossy) — the next close trigger retries
[2026-09-06T14:00:09Z ERROR squeezefs::block_allocator] bounded allocation refusing StorageFull after 1010 ms parked with 0 offset(s) still in grace locally (lane harvest horizon 7906 ms): the pressure deadline never fenced within the wall backstop (1000 ms). The refusal is honest and terminal for this write; investigate the membership plane (finding 29)
[2026-09-06T14:00:09Z ERROR squeezefs::block_allocator] bounded allocation refusing StorageFull after 1010 ms parked with 0 offset(s) still in grace locally (lane harvest horizon 7914 ms): the pressure deadline never fenced within the wall backstop (1000 ms). The refusal is honest and terminal for this write; investigate the membership plane (finding 29)
[2026-09-06T14:00:09Z WARN  squeezefs::fuse_client] write-through failed for ino 2 block 1734 (Io(Custom { kind: StorageFull, error: "I/O error: data volume 'nvme3n1' full: 8182 of 8192 blocks allocated — lane 5 of 16 is exhausted while 0 free block(s) belong to lanes this mount does not own (alloc_lane_enospc_refusals; reach them by adopting a lane whose holder is proven dead, or grow the volume set — docs/operations.md §Multi-writer capacity planning)" })); falling back to staging
[2026-09-06T14:00:09Z ERROR squeezefs::block_allocator] bounded allocation refusing StorageFull after 1011 ms parked with 0 offset(s) still in grace locally (lane harvest horizon 7920 ms): the pressure deadline never fenced within the wall backstop (1000 ms). The refusal is honest and terminal for this write; investigate the membership plane (finding 29)
[2026-09-06T14:00:09Z WARN  squeezefs::fuse_client] write-through failed for ino 2 block 1829 (Io(Custom { kind: StorageFull, error: "I/O error: data volume 'nvme3n1' full: 8182 of 8192 blocks allocated — lane 5 of 16 is exhausted while 0 free block(s) belong to lanes this mount does not own (alloc_lane_enospc_refusals; reach them by adopting a lane whose holder is proven dead, or grow the volume set — docs/operations.md §Multi-writer capacity planning)" })); falling back to staging
[2026-09-06T14:00:09Z ERROR squeezefs::block_allocator] bounded allocation refusing StorageFull after 1010 ms parked with 0 offset(s) still in grace locally (lane harvest horizon 7921 ms): the pressure deadline never fenced within the wall backstop (1000 ms). The refusal is honest and terminal for this write; investigate the membership plane (finding 29)
[2026-09-06T14:00:09Z ERROR squeezefs::block_allocator] bounded allocation refusing StorageFull after 1010 ms parked with 0 offset(s) still in grace locally (lane harvest horizon 7947 ms): the pressure deadline never fenced within the wall backstop (1000 ms). The refusal is honest and terminal for this write; investigate the membership plane (finding 29)
[2026-09-06T14:00:09Z WARN  squeezefs::fuse_client] write-through failed for ino 2 block 1831 (Io(Custom { kind: StorageFull, error: "I/O error: data volume 'nvme3n1' full: 8182 of 8192 blocks allocated — lane 5 of 16 is exhausted while 0 free block(s) belong to lanes this mount does not own (alloc_lane_enospc_refusals; reach them by adopting a lane whose holder is proven dead, or grow the volume set — docs/operations.md §Multi-writer capacity planning)" })); falling back to staging
[2026-09-06T14:00:09Z ERROR squeezefs::block_allocator] bounded allocation refusing StorageFull after 1009 ms parked with 0 offset(s) still in grace locally (lane harvest horizon 7948 ms): the pressure deadline never fenced within the wall backstop (1000 ms). The refusal is honest and terminal for this write; investigate the membership plane (finding 29)
[2026-09-06T14:00:09Z ERROR squeezefs::block_allocator] bounded allocation refusing StorageFull after 1009 ms parked with 0 offset(s) still in grace locally (lane harvest horizon 7977 ms): the pressure deadline never fenced within the wall backstop (1000 ms). The refusal is honest and terminal for this write; investigate the membership plane (finding 29)
[2026-09-06T14:00:09Z WARN  squeezefs::fuse_client] write-through failed for ino 2 block 1861 (Io(Custom { kind: StorageFull, error: "I/O error: data volume 'nvme3n1' full: 8182 of 8192 blocks allocated — lane 5 of 16 is exhausted while 0 free block(s) belong to lanes this mount does not own (alloc_lane_enospc_refusals; reach them by adopting a lane whose holder is proven dead, or grow the volume set — docs/operations.md §Multi-writer capacity planning)" })); falling back to staging
[2026-09-06T14:00:09Z ERROR squeezefs::block_allocator] bounded allocation refusing StorageFull after 1010 ms parked with 0 offset(s) still in grace locally (lane harvest horizon 7981 ms): the pressure deadline never fenced within the wall backstop (1000 ms). The refusal is honest and terminal for this write; investigate the membership plane (finding 29)
[2026-09-06T14:00:09Z ERROR squeezefs::block_allocator] bounded allocation refusing StorageFull after 1012 ms parked with 0 offset(s) still in grace locally (lane harvest horizon 8028 ms): the pressure deadline never fenced within the wall backstop (1000 ms). The refusal is honest and terminal for this write; investigate the membership plane (finding 29)
[2026-09-06T14:00:09Z ERROR squeezefs::block_allocator] bounded allocation refusing StorageFull after 1012 ms parked with 0 offset(s) still in grace locally (lane harvest horizon 8030 ms): the pressure deadline never fenced within the wall backstop (1000 ms). The refusal is honest and terminal for this write; investigate the membership plane (finding 29)
[2026-09-06T14:00:09Z WARN  squeezefs::fuse_client] write-through failed for ino 2 block 1798 (Io(Custom { kind: StorageFull, error: "I/O error: data volume 'nvme3n1' full: 8182 of 8192 blocks allocated — lane 5 of 16 is exhausted while 0 free block(s) belong to lanes this mount does not own (alloc_lane_enospc_refusals; reach them by adopting a lane whose holder is proven dead, or grow the volume set — docs/operations.md §Multi-writer capacity planning)" })); falling back to staging
[2026-09-06T14:00:09Z ERROR squeezefs::block_allocator] bounded allocation refusing StorageFull after 1009 ms parked with 0 offset(s) still in grace locally (lane harvest horizon 8031 ms): the pressure deadline never fenced within the wall backstop (1000 ms). The refusal is honest and terminal for this write; investigate the membership plane (finding 29)
[2026-09-06T14:00:09Z ERROR squeezefs::block_allocator] bounded allocation refusing StorageFull after 1014 ms parked with 0 offset(s) still in grace locally (lane harvest horizon 8035 ms): the pressure deadline never fenced within the wall backstop (1000 ms). The refusal is honest and terminal for this write; investigate the membership plane (finding 29)
[2026-09-06T14:00:09Z WARN  squeezefs::fuse_client] write-through failed for ino 2 block 1893 (Io(Custom { kind: StorageFull, error: "I/O error: data volume 'nvme3n1' full: 8182 of 8192 blocks allocated — lane 5 of 16 is exhausted while 0 free block(s) belong to lanes this mount does not own (alloc_lane_enospc_refusals; reach them by adopting a lane whose holder is proven dead, or grow the volume set — docs/operations.md §Multi-writer capacity planning)" })); falling back to staging
[2026-09-06T14:00:09Z ERROR squeezefs::block_allocator] bounded allocation refusing StorageFull after 1013 ms parked with 0 offset(s) still in grace locally (lane harvest horizon 8036 ms): the pressure deadline never fenced within the wall backstop (1000 ms). The refusal is honest and terminal for this write; investigate the membership plane (finding 29)
[2026-09-06T14:00:09Z WARN  squeezefs::fuse_client] write-through failed for ino 2 block 1863 (Io(Custom { kind: StorageFull, error: "I/O error: data volume 'nvme3n1' full: 8182 of 8192 blocks allocated — lane 5 of 16 is exhausted while 0 free block(s) belong to lanes this mount does not own (alloc_lane_enospc_refusals; reach them by adopting a lane whose holder is proven dead, or grow the volume set — docs/operations.md §Multi-writer capacity planning)" })); falling back to staging
[2026-09-06T14:00:09Z ERROR squeezefs::block_allocator] bounded allocation refusing StorageFull after 1011 ms parked with 0 offset(s) still in grace locally (lane harvest horizon 8037 ms): the pressure deadline never fenced within the wall backstop (1000 ms). The refusal is honest and terminal for this write; investigate the membership plane (finding 29)
[2026-09-06T14:00:09Z ERROR squeezefs::block_allocator] bounded allocation refusing StorageFull after 1009 ms parked with 0 offset(s) still in grace locally (lane harvest horizon 8037 ms): the pressure deadline never fenced within the wall backstop (1000 ms). The refusal is honest and terminal for this write; investigate the membership plane (finding 29)
[2026-09-06T14:00:09Z ERROR squeezefs::block_allocator] bounded allocation refusing StorageFull after 1009 ms parked with 0 offset(s) still in grace locally (lane harvest horizon 8038 ms): the pressure deadline never fenced within the wall backstop (1000 ms). The refusal is honest and terminal for this write; investigate the membership plane (finding 29)
[2026-09-06T14:00:09Z ERROR squeezefs::block_allocator] bounded allocation refusing StorageFull after 1008 ms parked with 0 offset(s) still in grace locally (lane harvest horizon 8040 ms): the pressure deadline never fenced within the wall backstop (1000 ms). The refusal is honest and terminal for this write; investigate the membership plane (finding 29)
[2026-09-06T14:00:09Z ERROR squeezefs::block_allocator] bounded allocation refusing StorageFull after 1010 ms parked with 0 offset(s) still in grace locally (lane harvest horizon 8043 ms): the pressure deadline never fenced within the wall backstop (1000 ms). The refusal is honest and terminal for this write; investigate the membership plane (finding 29)
[2026-09-06T14:00:09Z ERROR squeezefs::block_allocator] bounded allocation refusing StorageFull after 1010 ms parked with 0 offset(s) still in grace locally (lane harvest horizon 8043 ms): the pressure deadline never fenced within the wall backstop (1000 ms). The refusal is honest and terminal for this write; investigate the membership plane (finding 29)
[2026-09-06T14:00:09Z ERROR squeezefs::block_allocator] bounded allocation refusing StorageFull after 1009 ms parked with 0 offset(s) still in grace locally (lane harvest horizon 8044 ms): the pressure deadline never fenced within the wall backstop (1000 ms). The refusal is honest and terminal for this write; investigate the membership plane (finding 29)
[2026-09-06T14:00:09Z ERROR squeezefs::block_allocator] bounded allocation refusing StorageFull after 1008 ms parked with 0 offset(s) still in grace locally (lane harvest horizon 8046 ms): the pressure deadline never fenced within the wall backstop (1000 ms). The refusal is honest and terminal for this write; investigate the membership plane (finding 29)
[2026-09-06T14:00:10Z ERROR squeezefs::block_allocator] I/O error: data volume 'nvme3n1' full: 8182 of 8192 blocks allocated — lane 5 of 16 is exhausted while 0 free block(s) belong to lanes this mount does not own (alloc_lane_enospc_refusals; reach them by adopting a lane whose holder is proven dead, or grow the volume set — docs/operations.md §Multi-writer capacity planning)
[2026-09-06T14:00:10Z ERROR squeezefs::block_allocator] bounded allocation refusing StorageFull after 1009 ms parked with 0 offset(s) still in grace locally (lane harvest horizon 7903 ms): the pressure deadline never fenced within the wall backstop (1000 ms). The refusal is honest and terminal for this write; investigate the membership plane (finding 29)
[2026-09-06T14:00:10Z WARN  squeezefs::fuse_client] write-through failed for ino 2 block 1925 (Io(Custom { kind: StorageFull, error: "I/O error: data volume 'nvme3n1' full: 8182 of 8192 blocks allocated — lane 5 of 16 is exhausted while 0 free block(s) belong to lanes this mount does not own (alloc_lane_enospc_refusals; reach them by adopting a lane whose holder is proven dead, or grow the volume set — docs/operations.md §Multi-writer capacity planning)" })); falling back to staging
[2026-09-06T14:00:10Z ERROR squeezefs::block_allocator] bounded allocation refusing StorageFull after 1012 ms parked with 0 offset(s) still in grace locally (lane harvest horizon 7907 ms): the pressure deadline never fenced within the wall backstop (1000 ms). The refusal is honest and terminal for this write; investigate the membership plane (finding 29)
[2026-09-06T14:00:10Z WARN  squeezefs::fuse_client] write-through failed for ino 2 block 1766 (Io(Custom { kind: StorageFull, error: "I/O error: data volume 'nvme3n1' full: 8182 of 8192 blocks allocated — lane 5 of 16 is exhausted while 0 free block(s) belong to lanes this mount does not own (alloc_lane_enospc_refusals; reach them by adopting a lane whose holder is proven dead, or grow the volume set — docs/operations.md §Multi-writer capacity planning)" })); falling back to staging
[2026-09-06T14:00:10Z ERROR squeezefs::block_allocator] bounded allocation refusing StorageFull after 1010 ms parked with 0 offset(s) still in grace locally (lane harvest horizon 7917 ms): the pressure deadline never fenced within the wall backstop (1000 ms). The refusal is honest and terminal for this write; investigate the membership plane (finding 29)
[2026-09-06T14:00:10Z WARN  squeezefs::routing] rewrite epoch close for ino 2 failed transiently (Io(Custom { kind: StorageFull, error: "I/O error: data volume 'nvme3n1' full: 8182 of 8192 blocks allocated — lane 5 of 16 is exhausted while 0 free block(s) belong to lanes this mount does not own (alloc_lane_enospc_refusals; reach them by adopting a lane whose holder is proven dead, or grow the volume set — docs/operations.md §Multi-writer capacity planning)" })); the epoch stays registered (never-lossy) — the next close trigger retries
[2026-09-06T14:00:10Z ERROR squeezefs::block_allocator] bounded allocation refusing StorageFull after 1012 ms parked with 0 offset(s) still in grace locally (lane harvest horizon 7926 ms): the pressure deadline never fenced within the wall backstop (1000 ms). The refusal is honest and terminal for this write; investigate the membership plane (finding 29)
[2026-09-06T14:00:10Z ERROR squeezefs::block_allocator] bounded allocation refusing StorageFull after 1011 ms parked with 0 offset(s) still in grace locally (lane harvest horizon 7931 ms): the pressure deadline never fenced within the wall backstop (1000 ms). The refusal is honest and terminal for this write; investigate the membership plane (finding 29)
[2026-09-06T14:00:10Z ERROR squeezefs::block_allocator] bounded allocation refusing StorageFull after 1013 ms parked with 0 offset(s) still in grace locally (lane harvest horizon 7933 ms): the pressure deadline never fenced within the wall backstop (1000 ms). The refusal is honest and terminal for this write; investigate the membership plane (finding 29)
[2026-09-06T14:00:10Z ERROR squeezefs::block_allocator] bounded allocation refusing StorageFull after 1011 ms parked with 0 offset(s) still in grace locally (lane harvest horizon 7933 ms): the pressure deadline never fenced within the wall backstop (1000 ms). The refusal is honest and terminal for this write; investigate the membership plane (finding 29)
[2026-09-06T14:00:10Z WARN  squeezefs::fuse_client] write-through failed for ino 2 block 1957 (Io(Custom { kind: StorageFull, error: "I/O error: data volume 'nvme3n1' full: 8182 of 8192 blocks allocated — lane 5 of 16 is exhausted while 0 free block(s) belong to lanes this mount does not own (alloc_lane_enospc_refusals; reach them by adopting a lane whose holder is proven dead, or grow the volume set — docs/operations.md §Multi-writer capacity planning)" })); falling back to staging
[2026-09-06T14:00:10Z ERROR squeezefs::block_allocator] bounded allocation refusing StorageFull after 1010 ms parked with 0 offset(s) still in grace locally (lane harvest horizon 7961 ms): the pressure deadline never fenced within the wall backstop (1000 ms). The refusal is honest and terminal for this write; investigate the membership plane (finding 29)
[2026-09-06T14:00:10Z ERROR squeezefs::block_allocator] bounded allocation refusing StorageFull after 1015 ms parked with 0 offset(s) still in grace locally (lane harvest horizon 7964 ms): the pressure deadline never fenced within the wall backstop (1000 ms). The refusal is honest and terminal for this write; investigate the membership plane (finding 29)
[2026-09-06T14:00:10Z WARN  squeezefs::fuse_client] write-through failed for ino 2 block 1989 (Io(Custom { kind: StorageFull, error: "I/O error: data volume 'nvme3n1' full: 8182 of 8192 blocks allocated — lane 5 of 16 is exhausted while 0 free block(s) belong to lanes this mount does not own (alloc_lane_enospc_refusals; reach them by adopting a lane whose holder is proven dead, or grow the volume set — docs/operations.md §Multi-writer capacity planning)" })); falling back to staging
[2026-09-06T14:00:10Z ERROR squeezefs::block_allocator] bounded allocation refusing StorageFull after 1010 ms parked with 0 offset(s) still in grace locally (lane harvest horizon 7987 ms): the pressure deadline never fenced within the wall backstop (1000 ms). The refusal is honest and terminal for this write; investigate the membership plane (finding 29)
[2026-09-06T14:00:10Z ERROR squeezefs::block_allocator] bounded allocation refusing StorageFull after 1011 ms parked with 0 offset(s) still in grace locally (lane harvest horizon 7993 ms): the pressure deadline never fenced within the wall backstop (1000 ms). The refusal is honest and terminal for this write; investigate the membership plane (finding 29)
[2026-09-06T14:00:10Z WARN  squeezefs::fuse_client] write-through failed for ino 2 block 2021 (Io(Custom { kind: StorageFull, error: "I/O error: data volume 'nvme3n1' full: 8182 of 8192 blocks allocated — lane 5 of 16 is exhausted while 0 free block(s) belong to lanes this mount does not own (alloc_lane_enospc_refusals; reach them by adopting a lane whose holder is proven dead, or grow the volume set — docs/operations.md §Multi-writer capacity planning)" })); falling back to staging
[2026-09-06T14:00:10Z ERROR squeezefs::block_allocator] bounded allocation refusing StorageFull after 1010 ms parked with 0 offset(s) still in grace locally (lane harvest horizon 8041 ms): the pressure deadline never fenced within the wall backstop (1000 ms). The refusal is honest and terminal for this write; investigate the membership plane (finding 29)
[2026-09-06T14:00:10Z ERROR squeezefs::block_allocator] bounded allocation refusing StorageFull after 1010 ms parked with 0 offset(s) still in grace locally (lane harvest horizon 8042 ms): the pressure deadline never fenced within the wall backstop (1000 ms). The refusal is honest and terminal for this write; investigate the membership plane (finding 29)
[2026-09-06T14:00:10Z ERROR squeezefs::block_allocator] bounded allocation refusing StorageFull after 1010 ms parked with 0 offset(s) still in grace locally (lane harvest horizon 8046 ms): the pressure deadline never fenced within the wall backstop (1000 ms). The refusal is honest and terminal for this write; investigate the membership plane (finding 29)
[2026-09-06T14:00:10Z ERROR squeezefs::block_allocator] bounded allocation refusing StorageFull after 1014 ms parked with 0 offset(s) still in grace locally (lane harvest horizon 8049 ms): the pressure deadline never fenced within the wall backstop (1000 ms). The refusal is honest and terminal for this write; investigate the membership plane (finding 29)
[2026-09-06T14:00:10Z ERROR squeezefs::block_allocator] bounded allocation refusing StorageFull after 1009 ms parked with 0 offset(s) still in grace locally (lane harvest horizon 8048 ms): the pressure deadline never fenced within the wall backstop (1000 ms). The refusal is honest and terminal for this write; investigate the membership plane (finding 29)
[2026-09-06T14:00:10Z ERROR squeezefs::block_allocator] bounded allocation refusing StorageFull after 1011 ms parked with 0 offset(s) still in grace locally (lane harvest horizon 8050 ms): the pressure deadline never fenced within the wall backstop (1000 ms). The refusal is honest and terminal for this write; investigate the membership plane (finding 29)
[2026-09-06T14:00:10Z ERROR squeezefs::block_allocator] bounded allocation refusing StorageFull after 1014 ms parked with 0 offset(s) still in grace locally (lane harvest horizon 8056 ms): the pressure deadline never fenced within the wall backstop (1000 ms). The refusal is honest and terminal for this write; investigate the membership plane (finding 29)
[2026-09-06T14:00:10Z WARN  squeezefs::fuse_client] write-through failed for ino 2 block 1764 (Io(Custom { kind: StorageFull, error: "I/O error: data volume 'nvme3n1' full: 8182 of 8192 blocks allocated — lane 5 of 16 is exhausted while 0 free block(s) belong to lanes this mount does not own (alloc_lane_enospc_refusals; reach them by adopting a lane whose holder is proven dead, or grow the volume set — docs/operations.md §Multi-writer capacity planning)" })); falling back to staging
[2026-09-06T14:00:10Z ERROR squeezefs::block_allocator] bounded allocation refusing StorageFull after 1016 ms parked with 0 offset(s) still in grace locally (lane harvest horizon 8058 ms): the pressure deadline never fenced within the wall backstop (1000 ms). The refusal is honest and terminal for this write; investigate the membership plane (finding 29)
[2026-09-06T14:00:10Z ERROR squeezefs::block_allocator] bounded allocation refusing StorageFull after 1012 ms parked with 0 offset(s) still in grace locally (lane harvest horizon 8058 ms): the pressure deadline never fenced within the wall backstop (1000 ms). The refusal is honest and terminal for this write; investigate the membership plane (finding 29)
[2026-09-06T14:00:10Z WARN  squeezefs::fuse_client] write-through failed for ino 2 block 1860 (Io(Custom { kind: StorageFull, error: "I/O error: data volume 'nvme3n1' full: 8182 of 8192 blocks allocated — lane 5 of 16 is exhausted while 0 free block(s) belong to lanes this mount does not own (alloc_lane_enospc_refusals; reach them by adopting a lane whose holder is proven dead, or grow the volume set — docs/operations.md §Multi-writer capacity planning)" })); falling back to staging
[2026-09-06T14:00:10Z ERROR squeezefs::block_allocator] bounded allocation refusing StorageFull after 1012 ms parked with 0 offset(s) still in grace locally (lane harvest horizon 8057 ms): the pressure deadline never fenced within the wall backstop (1000 ms). The refusal is honest and terminal for this write; investigate the membership plane (finding 29)
[2026-09-06T14:00:10Z ERROR squeezefs::block_allocator] bounded allocation refusing StorageFull after 1012 ms parked with 0 offset(s) still in grace locally (lane harvest horizon 8058 ms): the pressure deadline never fenced within the wall backstop (1000 ms). The refusal is honest and terminal for this write; investigate the membership plane (finding 29)
[2026-09-06T14:00:10Z WARN  squeezefs::fuse_client] write-through failed for ino 2 block 1894 (Io(Custom { kind: StorageFull, error: "I/O error: data volume 'nvme3n1' full: 8182 of 8192 blocks allocated — lane 5 of 16 is exhausted while 0 free block(s) belong to lanes this mount does not own (alloc_lane_enospc_refusals; reach them by adopting a lane whose holder is proven dead, or grow the volume set — docs/operations.md §Multi-writer capacity planning)" })); falling back to staging
[2026-09-06T14:00:10Z ERROR squeezefs::block_allocator] bounded allocation refusing StorageFull after 1011 ms parked with 0 offset(s) still in grace locally (lane harvest horizon 8060 ms): the pressure deadline never fenced within the wall backstop (1000 ms). The refusal is honest and terminal for this write; investigate the membership plane (finding 29)
[2026-09-06T14:00:14Z ERROR squeezefs::fuse_client] FUSE Fsync: FlushExtents barrier for ino 2 failed: Refused { errno: 5, msg: "I/O error: block 383 of inode_2 did not settle after 4 serialized stripe-held settle attempts (binding/incarnation mutator outside the stripe/merge disciplines — see invariant_tripwires)" }
[2026-09-06T14:00:14Z ERROR squeezefs::fuse_client] Squeezefs operational error: Refused { errno: 5, msg: "I/O error: block 383 of inode_2 did not settle after 4 serialized stripe-held settle attempts (binding/incarnation mutator outside the stripe/merge disciplines — see invariant_tripwires)" }
[2026-09-06T14:00:14Z ERROR squeezefs::meta_ship::publish] S9: the authority refused 1 shipped free(s) (vol_tag 0xc5e11286df218556, request 4013): already free/graced/quarantined — the double-release lineage, surfaced on the authority's own tripwire
[2026-09-06T14:00:16Z ERROR squeezefs::fuse_client] FUSE Fsync: FlushExtents barrier for ino 2 failed: Refused { errno: 5, msg: "I/O error: block 383 of inode_2 did not settle after 4 serialized stripe-held settle attempts (binding/incarnation mutator outside the stripe/merge disciplines — see invariant_tripwires)" }
[2026-09-06T14:00:16Z ERROR squeezefs::fuse_client] Squeezefs operational error: Refused { errno: 5, msg: "I/O error: block 383 of inode_2 did not settle after 4 serialized stripe-held settle attempts (binding/incarnation mutator outside the stripe/merge disciplines — see invariant_tripwires)" }
[2026-09-06T14:00:17Z ERROR squeezefs::fuse_client] FUSE Fsync: FlushExtents barrier for ino 2 failed: Refused { errno: 5, msg: "I/O error: block 383 of inode_2 did not settle after 4 serialized stripe-held settle attempts (binding/incarnation mutator outside the stripe/merge disciplines — see invariant_tripwires)" }
[2026-09-06T14:00:17Z ERROR squeezefs::fuse_client] Squeezefs operational error: Refused { errno: 5, msg: "I/O error: block 383 of inode_2 did not settle after 4 serialized stripe-held settle attempts (binding/incarnation mutator outside the stripe/merge disciplines — see invariant_tripwires)" }
[2026-09-06T14:00:19Z ERROR squeezefs::fuse_client] FUSE Fsync: FlushExtents barrier for ino 2 failed: Refused { errno: 5, msg: "I/O error: block 383 of inode_2 did not settle after 4 serialized stripe-held settle attempts (binding/incarnation mutator outside the stripe/merge disciplines — see invariant_tripwires)" }
[2026-09-06T14:00:19Z ERROR squeezefs::fuse_client] Squeezefs operational error: Refused { errno: 5, msg: "I/O error: block 383 of inode_2 did not settle after 4 serialized stripe-held settle attempts (binding/incarnation mutator outside the stripe/merge disciplines — see invariant_tripwires)" }
[2026-09-06T14:00:22Z ERROR squeezefs::meta_ship::publish] S9: the authority refused 1 shipped free(s) (vol_tag 0xc5e11286df218556, request 4028): already free/graced/quarantined — the double-release lineage, surfaced on the authority's own tripwire
[2026-09-06T14:00:25Z ERROR fuse3::raw::connection::fuse_over_uring] transport payload lease held 1602 ms (≥ 1 s) — overlong handler invocation or a §5.4 severance escape; watch transport_lease_overlong / transport_parked_commits
[2026-09-06T14:00:27Z ERROR squeezefs::fuse_client] FUSE Fsync: FlushExtents barrier for ino 2 failed: Refused { errno: 5, msg: "I/O error: block 383 of inode_2 did not settle after 4 serialized stripe-held settle attempts (binding/incarnation mutator outside the stripe/merge disciplines — see invariant_tripwires)" }
[2026-09-06T14:00:27Z ERROR squeezefs::fuse_client] Squeezefs operational error: Refused { errno: 5, msg: "I/O error: block 383 of inode_2 did not settle after 4 serialized stripe-held settle attempts (binding/incarnation mutator outside the stripe/merge disciplines — see invariant_tripwires)" }
[2026-09-06T14:00:27Z ERROR squeezefs::meta_ship::publish] S9: the authority refused 1 shipped free(s) (vol_tag 0xc5e11286df218556, request 4076): already free/graced/quarantined — the double-release lineage, surfaced on the authority's own tripwire
[2026-09-06T14:00:30Z ERROR squeezefs::fuse_client] FUSE Fsync: FlushExtents barrier for ino 2 failed: Refused { errno: 5, msg: "I/O error: block 383 of inode_2 did not settle after 4 serialized stripe-held settle attempts (binding/incarnation mutator outside the stripe/merge disciplines — see invariant_tripwires)" }
[2026-09-06T14:00:30Z ERROR squeezefs::fuse_client] Squeezefs operational error: Refused { errno: 5, msg: "I/O error: block 383 of inode_2 did not settle after 4 serialized stripe-held settle attempts (binding/incarnation mutator outside the stripe/merge disciplines — see invariant_tripwires)" }
[2026-09-06T14:00:33Z ERROR squeezefs::fuse_client] FUSE Fsync: FlushExtents barrier for ino 2 failed: Refused { errno: 5, msg: "I/O error: block 383 of inode_2 did not settle after 4 serialized stripe-held settle attempts (binding/incarnation mutator outside the stripe/merge disciplines — see invariant_tripwires)" }
[2026-09-06T14:00:33Z ERROR squeezefs::fuse_client] Squeezefs operational error: Refused { errno: 5, msg: "I/O error: block 383 of inode_2 did not settle after 4 serialized stripe-held settle attempts (binding/incarnation mutator outside the stripe/merge disciplines — see invariant_tripwires)" }
[2026-09-06T14:00:36Z ERROR squeezefs::fuse_client] FUSE Fsync: FlushExtents barrier for ino 2 failed: Refused { errno: 5, msg: "I/O error: block 383 of inode_2 did not settle after 4 serialized stripe-held settle attempts (binding/incarnation mutator outside the stripe/merge disciplines — see invariant_tripwires)" }
[2026-09-06T14:00:36Z ERROR squeezefs::fuse_client] Squeezefs operational error: Refused { errno: 5, msg: "I/O error: block 383 of inode_2 did not settle after 4 serialized stripe-held settle attempts (binding/incarnation mutator outside the stripe/merge disciplines — see invariant_tripwires)" }
[2026-09-06T14:00:42Z ERROR squeezefs::block_allocator] I/O error: data volume 'nvme4n1' full: 8182 of 8192 blocks allocated — lane 5 of 16 is exhausted while 0 free block(s) belong to lanes this mount does not own (alloc_lane_enospc_refusals; reach them by adopting a lane whose holder is proven dead, or grow the volume set — docs/operations.md §Multi-writer capacity planning)
[2026-09-06T14:00:43Z ERROR squeezefs::block_allocator] I/O error: data volume 'nvme4n1' full: 8182 of 8192 blocks allocated — lane 5 of 16 is exhausted while 0 free block(s) belong to lanes this mount does not own (alloc_lane_enospc_refusals; reach them by adopting a lane whose holder is proven dead, or grow the volume set — docs/operations.md §Multi-writer capacity planning)
[2026-09-06T14:00:43Z ERROR squeezefs::block_allocator] bounded allocation refusing StorageFull after 1003 ms parked with 0 offset(s) still in grace locally (lane harvest horizon 8277 ms): the pressure deadline never fenced within the wall backstop (1000 ms). The refusal is honest and terminal for this write; investigate the membership plane (finding 29)
[2026-09-06T14:00:43Z ERROR squeezefs::block_allocator] bounded allocation refusing StorageFull after 1006 ms parked with 0 offset(s) still in grace locally (lane harvest horizon 8278 ms): the pressure deadline never fenced within the wall backstop (1000 ms). The refusal is honest and terminal for this write; investigate the membership plane (finding 29)
[2026-09-06T14:00:43Z ERROR squeezefs::block_allocator] bounded allocation refusing StorageFull after 1008 ms parked with 0 offset(s) still in grace locally (lane harvest horizon 8281 ms): the pressure deadline never fenced within the wall backstop (1000 ms). The refusal is honest and terminal for this write; investigate the membership plane (finding 29)
[2026-09-06T14:00:43Z ERROR squeezefs::block_allocator] bounded allocation refusing StorageFull after 1009 ms parked with 0 offset(s) still in grace locally (lane harvest horizon 8281 ms): the pressure deadline never fenced within the wall backstop (1000 ms). The refusal is honest and terminal for this write; investigate the membership plane (finding 29)
[2026-09-06T14:00:43Z ERROR squeezefs::block_allocator] bounded allocation refusing StorageFull after 1003 ms parked with 0 offset(s) still in grace locally (lane harvest horizon 8285 ms): the pressure deadline never fenced within the wall backstop (1000 ms). The refusal is honest and terminal for this write; investigate the membership plane (finding 29)
[2026-09-06T14:00:43Z ERROR squeezefs::block_allocator] bounded allocation refusing StorageFull after 1022 ms parked with 0 offset(s) still in grace locally (lane harvest horizon 8304 ms): the pressure deadline never fenced within the wall backstop (1000 ms). The refusal is honest and terminal for this write; investigate the membership plane (finding 29)
[2026-09-06T14:00:43Z ERROR squeezefs::block_allocator] bounded allocation refusing StorageFull after 1030 ms parked with 0 offset(s) still in grace locally (lane harvest horizon 8305 ms): the pressure deadline never fenced within the wall backstop (1000 ms). The refusal is honest and terminal for this write; investigate the membership plane (finding 29)
[2026-09-06T14:00:43Z ERROR squeezefs::block_allocator] bounded allocation refusing StorageFull after 1024 ms parked with 0 offset(s) still in grace locally (lane harvest horizon 8305 ms): the pressure deadline never fenced within the wall backstop (1000 ms). The refusal is honest and terminal for this write; investigate the membership plane (finding 29)
[2026-09-06T14:00:43Z ERROR squeezefs::block_allocator] bounded allocation refusing StorageFull after 1027 ms parked with 0 offset(s) still in grace locally (lane harvest horizon 8306 ms): the pressure deadline never fenced within the wall backstop (1000 ms). The refusal is honest and terminal for this write; investigate the membership plane (finding 29)
[2026-09-06T14:00:43Z ERROR squeezefs::block_allocator] bounded allocation refusing StorageFull after 1028 ms parked with 0 offset(s) still in grace locally (lane harvest horizon 8306 ms): the pressure deadline never fenced within the wall backstop (1000 ms). The refusal is honest and terminal for this write; investigate the membership plane (finding 29)
[2026-09-06T14:00:43Z ERROR squeezefs::block_allocator] bounded allocation refusing StorageFull after 1048 ms parked with 0 offset(s) still in grace locally (lane harvest horizon 8320 ms): the pressure deadline never fenced within the wall backstop (1000 ms). The refusal is honest and terminal for this write; investigate the membership plane (finding 29)
[2026-09-06T14:00:43Z ERROR squeezefs::block_allocator] bounded allocation refusing StorageFull after 1042 ms parked with 0 offset(s) still in grace locally (lane harvest horizon 8324 ms): the pressure deadline never fenced within the wall backstop (1000 ms). The refusal is honest and terminal for this write; investigate the membership plane (finding 29)
[2026-09-06T14:00:43Z ERROR squeezefs::block_allocator] bounded allocation refusing StorageFull after 1047 ms parked with 0 offset(s) still in grace locally (lane harvest horizon 8327 ms): the pressure deadline never fenced within the wall backstop (1000 ms). The refusal is honest and terminal for this write; investigate the membership plane (finding 29)
[2026-09-06T14:00:43Z ERROR squeezefs::block_allocator] bounded allocation refusing StorageFull after 1019 ms parked with 0 offset(s) still in grace locally (lane harvest horizon 8330 ms): the pressure deadline never fenced within the wall backstop (1000 ms). The refusal is honest and terminal for this write; investigate the membership plane (finding 29)
[2026-09-06T14:00:43Z ERROR fuse3::raw::connection::fuse_over_uring] transport payload lease held 1033 ms (≥ 1 s) — overlong handler invocation or a §5.4 severance escape; watch transport_lease_overlong / transport_parked_commits
[2026-09-06T14:00:44Z ERROR squeezefs::block_allocator] I/O error: data volume 'nvme4n1' full: 8182 of 8192 blocks allocated — lane 5 of 16 is exhausted while 0 free block(s) belong to lanes this mount does not own (alloc_lane_enospc_refusals; reach them by adopting a lane whose holder is proven dead, or grow the volume set — docs/operations.md §Multi-writer capacity planning)
[2026-09-06T14:00:44Z ERROR squeezefs::block_allocator] bounded allocation refusing StorageFull after 1018 ms parked with 0 offset(s) still in grace locally (lane harvest horizon 8298 ms): the pressure deadline never fenced within the wall backstop (1000 ms). The refusal is honest and terminal for this write; investigate the membership plane (finding 29)
[2026-09-06T14:00:44Z ERROR squeezefs::block_allocator] bounded allocation refusing StorageFull after 1011 ms parked with 0 offset(s) still in grace locally (lane harvest horizon 8298 ms): the pressure deadline never fenced within the wall backstop (1000 ms). The refusal is honest and terminal for this write; investigate the membership plane (finding 29)
[2026-09-06T14:00:44Z ERROR squeezefs::block_allocator] bounded allocation refusing StorageFull after 1014 ms parked with 0 offset(s) still in grace locally (lane harvest horizon 8299 ms): the pressure deadline never fenced within the wall backstop (1000 ms). The refusal is honest and terminal for this write; investigate the membership plane (finding 29)
[2026-09-06T14:00:44Z ERROR squeezefs::block_allocator] bounded allocation refusing StorageFull after 1012 ms parked with 0 offset(s) still in grace locally (lane harvest horizon 8299 ms): the pressure deadline never fenced within the wall backstop (1000 ms). The refusal is honest and terminal for this write; investigate the membership plane (finding 29)
[2026-09-06T14:00:44Z ERROR squeezefs::block_allocator] bounded allocation refusing StorageFull after 1017 ms parked with 0 offset(s) still in grace locally (lane harvest horizon 8302 ms): the pressure deadline never fenced within the wall backstop (1000 ms). The refusal is honest and terminal for this write; investigate the membership plane (finding 29)
[2026-09-06T14:00:44Z ERROR squeezefs::block_allocator] bounded allocation refusing StorageFull after 1014 ms parked with 0 offset(s) still in grace locally (lane harvest horizon 8324 ms): the pressure deadline never fenced within the wall backstop (1000 ms). The refusal is honest and terminal for this write; investigate the membership plane (finding 29)
[2026-09-06T14:00:44Z ERROR squeezefs::block_allocator] bounded allocation refusing StorageFull after 1014 ms parked with 0 offset(s) still in grace locally (lane harvest horizon 8324 ms): the pressure deadline never fenced within the wall backstop (1000 ms). The refusal is honest and terminal for this write; investigate the membership plane (finding 29)
[2026-09-06T14:00:44Z ERROR squeezefs::block_allocator] bounded allocation refusing StorageFull after 1017 ms parked with 0 offset(s) still in grace locally (lane harvest horizon 8325 ms): the pressure deadline never fenced within the wall backstop (1000 ms). The refusal is honest and terminal for this write; investigate the membership plane (finding 29)
[2026-09-06T14:00:44Z ERROR squeezefs::block_allocator] bounded allocation refusing StorageFull after 1015 ms parked with 0 offset(s) still in grace locally (lane harvest horizon 8325 ms): the pressure deadline never fenced within the wall backstop (1000 ms). The refusal is honest and terminal for this write; investigate the membership plane (finding 29)
[2026-09-06T14:00:44Z ERROR squeezefs::block_allocator] bounded allocation refusing StorageFull after 1017 ms parked with 0 offset(s) still in grace locally (lane harvest horizon 8325 ms): the pressure deadline never fenced within the wall backstop (1000 ms). The refusal is honest and terminal for this write; investigate the membership plane (finding 29)
[2026-09-06T14:00:44Z ERROR squeezefs::block_allocator] bounded allocation refusing StorageFull after 1016 ms parked with 0 offset(s) still in grace locally (lane harvest horizon 8326 ms): the pressure deadline never fenced within the wall backstop (1000 ms). The refusal is honest and terminal for this write; investigate the membership plane (finding 29)
[2026-09-06T14:00:44Z ERROR squeezefs::block_allocator] bounded allocation refusing StorageFull after 1017 ms parked with 0 offset(s) still in grace locally (lane harvest horizon 8329 ms): the pressure deadline never fenced within the wall backstop (1000 ms). The refusal is honest and terminal for this write; investigate the membership plane (finding 29)
[2026-09-06T14:00:44Z ERROR squeezefs::block_allocator] bounded allocation refusing StorageFull after 1019 ms parked with 0 offset(s) still in grace locally (lane harvest horizon 8333 ms): the pressure deadline never fenced within the wall backstop (1000 ms). The refusal is honest and terminal for this write; investigate the membership plane (finding 29)
[2026-09-06T14:00:44Z ERROR squeezefs::block_allocator] bounded allocation refusing StorageFull after 1022 ms parked with 0 offset(s) still in grace locally (lane harvest horizon 8337 ms): the pressure deadline never fenced within the wall backstop (1000 ms). The refusal is honest and terminal for this write; investigate the membership plane (finding 29)
[2026-09-06T14:00:44Z ERROR squeezefs::block_allocator] bounded allocation refusing StorageFull after 1017 ms parked with 0 offset(s) still in grace locally (lane harvest horizon 8347 ms): the pressure deadline never fenced within the wall backstop (1000 ms). The refusal is honest and terminal for this write; investigate the membership plane (finding 29)
[2026-09-06T14:00:44Z ERROR squeezefs::block_allocator] bounded allocation refusing StorageFull after 1017 ms parked with 0 offset(s) still in grace locally (lane harvest horizon 8347 ms): the pressure deadline never fenced within the wall backstop (1000 ms). The refusal is honest and terminal for this write; investigate the membership plane (finding 29)
[2026-09-06T14:00:44Z ERROR squeezefs::block_allocator] bounded allocation refusing StorageFull after 1018 ms parked with 0 offset(s) still in grace locally (lane harvest horizon 8348 ms): the pressure deadline never fenced within the wall backstop (1000 ms). The refusal is honest and terminal for this write; investigate the membership plane (finding 29)
[2026-09-06T14:00:44Z ERROR squeezefs::block_allocator] bounded allocation refusing StorageFull after 1022 ms parked with 0 offset(s) still in grace locally (lane harvest horizon 8351 ms): the pressure deadline never fenced within the wall backstop (1000 ms). The refusal is honest and terminal for this write; investigate the membership plane (finding 29)
[2026-09-06T14:00:44Z ERROR squeezefs::block_allocator] bounded allocation refusing StorageFull after 1021 ms parked with 0 offset(s) still in grace locally (lane harvest horizon 8352 ms): the pressure deadline never fenced within the wall backstop (1000 ms). The refusal is honest and terminal for this write; investigate the membership plane (finding 29)
[2026-09-06T14:00:44Z ERROR squeezefs::block_allocator] bounded allocation refusing StorageFull after 1021 ms parked with 0 offset(s) still in grace locally (lane harvest horizon 8353 ms): the pressure deadline never fenced within the wall backstop (1000 ms). The refusal is honest and terminal for this write; investigate the membership plane (finding 29)
[2026-09-06T14:00:44Z ERROR squeezefs::block_allocator] bounded allocation refusing StorageFull after 1021 ms parked with 0 offset(s) still in grace locally (lane harvest horizon 8353 ms): the pressure deadline never fenced within the wall backstop (1000 ms). The refusal is honest and terminal for this write; investigate the membership plane (finding 29)
[2026-09-06T14:00:44Z ERROR squeezefs::block_allocator] bounded allocation refusing StorageFull after 1025 ms parked with 0 offset(s) still in grace locally (lane harvest horizon 8353 ms): the pressure deadline never fenced within the wall backstop (1000 ms). The refusal is honest and terminal for this write; investigate the membership plane (finding 29)
[2026-09-06T14:00:45Z ERROR squeezefs::block_allocator] I/O error: data volume 'nvme4n1' full: 8182 of 8192 blocks allocated — lane 5 of 16 is exhausted while 0 free block(s) belong to lanes this mount does not own (alloc_lane_enospc_refusals; reach them by adopting a lane whose holder is proven dead, or grow the volume set — docs/operations.md §Multi-writer capacity planning)
[2026-09-06T14:00:45Z ERROR squeezefs::block_allocator] bounded allocation refusing StorageFull after 1012 ms parked with 0 offset(s) still in grace locally (lane harvest horizon 8310 ms): the pressure deadline never fenced within the wall backstop (1000 ms). The refusal is honest and terminal for this write; investigate the membership plane (finding 29)
[2026-09-06T14:00:45Z WARN  squeezefs::routing] rewrite epoch close for ino 2 failed transiently (Io(Custom { kind: StorageFull, error: "I/O error: data volume 'nvme4n1' full: 8182 of 8192 blocks allocated — lane 5 of 16 is exhausted while 0 free block(s) belong to lanes this mount does not own (alloc_lane_enospc_refusals; reach them by adopting a lane whose holder is proven dead, or grow the volume set — docs/operations.md §Multi-writer capacity planning)" })); the epoch stays registered (never-lossy) — the next close trigger retries
[2026-09-06T14:00:45Z ERROR squeezefs::block_allocator] bounded allocation refusing StorageFull after 1012 ms parked with 0 offset(s) still in grace locally (lane harvest horizon 8310 ms): the pressure deadline never fenced within the wall backstop (1000 ms). The refusal is honest and terminal for this write; investigate the membership plane (finding 29)
[2026-09-06T14:00:45Z WARN  squeezefs::fuse_client] write-through failed for ino 2 block 1285 (Io(Custom { kind: StorageFull, error: "I/O error: data volume 'nvme4n1' full: 8182 of 8192 blocks allocated — lane 5 of 16 is exhausted while 0 free block(s) belong to lanes this mount does not own (alloc_lane_enospc_refusals; reach them by adopting a lane whose holder is proven dead, or grow the volume set — docs/operations.md §Multi-writer capacity planning)" })); falling back to staging
[2026-09-06T14:00:45Z ERROR squeezefs::block_allocator] bounded allocation refusing StorageFull after 1012 ms parked with 0 offset(s) still in grace locally (lane harvest horizon 8311 ms): the pressure deadline never fenced within the wall backstop (1000 ms). The refusal is honest and terminal for this write; investigate the membership plane (finding 29)
[2026-09-06T14:00:45Z WARN  squeezefs::fuse_client] write-through failed for ino 2 block 1671 (Io(Custom { kind: StorageFull, error: "I/O error: data volume 'nvme4n1' full: 8182 of 8192 blocks allocated — lane 5 of 16 is exhausted while 0 free block(s) belong to lanes this mount does not own (alloc_lane_enospc_refusals; reach them by adopting a lane whose holder is proven dead, or grow the volume set — docs/operations.md §Multi-writer capacity planning)" })); falling back to staging
[2026-09-06T14:00:45Z ERROR squeezefs::block_allocator] bounded allocation refusing StorageFull after 1011 ms parked with 0 offset(s) still in grace locally (lane harvest horizon 8312 ms): the pressure deadline never fenced within the wall backstop (1000 ms). The refusal is honest and terminal for this write; investigate the membership plane (finding 29)
[2026-09-06T14:00:45Z WARN  squeezefs::fuse_client] write-through failed for ino 2 block 1317 (Io(Custom { kind: StorageFull, error: "I/O error: data volume 'nvme4n1' full: 8182 of 8192 blocks allocated — lane 5 of 16 is exhausted while 0 free block(s) belong to lanes this mount does not own (alloc_lane_enospc_refusals; reach them by adopting a lane whose holder is proven dead, or grow the volume set — docs/operations.md §Multi-writer capacity planning)" })); falling back to staging
[2026-09-06T14:00:45Z ERROR squeezefs::block_allocator] bounded allocation refusing StorageFull after 1011 ms parked with 0 offset(s) still in grace locally (lane harvest horizon 8312 ms): the pressure deadline never fenced within the wall backstop (1000 ms). The refusal is honest and terminal for this write; investigate the membership plane (finding 29)
[2026-09-06T14:00:45Z ERROR squeezefs::block_allocator] bounded allocation refusing StorageFull after 1012 ms parked with 0 offset(s) still in grace locally (lane harvest horizon 8313 ms): the pressure deadline never fenced within the wall backstop (1000 ms). The refusal is honest and terminal for this write; investigate the membership plane (finding 29)
[2026-09-06T14:00:45Z ERROR squeezefs::block_allocator] bounded allocation refusing StorageFull after 1011 ms parked with 0 offset(s) still in grace locally (lane harvest horizon 8313 ms): the pressure deadline never fenced within the wall backstop (1000 ms). The refusal is honest and terminal for this write; investigate the membership plane (finding 29)
[2026-09-06T14:00:45Z ERROR squeezefs::block_allocator] bounded allocation refusing StorageFull after 1013 ms parked with 0 offset(s) still in grace locally (lane harvest horizon 8313 ms): the pressure deadline never fenced within the wall backstop (1000 ms). The refusal is honest and terminal for this write; investigate the membership plane (finding 29)
[2026-09-06T14:00:45Z ERROR squeezefs::block_allocator] bounded allocation refusing StorageFull after 1013 ms parked with 0 offset(s) still in grace locally (lane harvest horizon 8314 ms): the pressure deadline never fenced within the wall backstop (1000 ms). The refusal is honest and terminal for this write; investigate the membership plane (finding 29)
[2026-09-06T14:00:45Z ERROR squeezefs::block_allocator] bounded allocation refusing StorageFull after 1012 ms parked with 0 offset(s) still in grace locally (lane harvest horizon 8314 ms): the pressure deadline never fenced within the wall backstop (1000 ms). The refusal is honest and terminal for this write; investigate the membership plane (finding 29)
[2026-09-06T14:00:45Z ERROR squeezefs::block_allocator] bounded allocation refusing StorageFull after 1016 ms parked with 0 offset(s) still in grace locally (lane harvest horizon 8315 ms): the pressure deadline never fenced within the wall backstop (1000 ms). The refusal is honest and terminal for this write; investigate the membership plane (finding 29)
[2026-09-06T14:00:45Z ERROR squeezefs::block_allocator] bounded allocation refusing StorageFull after 1012 ms parked with 0 offset(s) still in grace locally (lane harvest horizon 8315 ms): the pressure deadline never fenced within the wall backstop (1000 ms). The refusal is honest and terminal for this write; investigate the membership plane (finding 29)
[2026-09-06T14:00:45Z ERROR squeezefs::block_allocator] bounded allocation refusing StorageFull after 1013 ms parked with 0 offset(s) still in grace locally (lane harvest horizon 8316 ms): the pressure deadline never fenced within the wall backstop (1000 ms). The refusal is honest and terminal for this write; investigate the membership plane (finding 29)
[2026-09-06T14:00:45Z ERROR squeezefs::block_allocator] bounded allocation refusing StorageFull after 1015 ms parked with 0 offset(s) still in grace locally (lane harvest horizon 8316 ms): the pressure deadline never fenced within the wall backstop (1000 ms). The refusal is honest and terminal for this write; investigate the membership plane (finding 29)
[2026-09-06T14:00:45Z ERROR squeezefs::block_allocator] bounded allocation refusing StorageFull after 1011 ms parked with 0 offset(s) still in grace locally (lane harvest horizon 8335 ms): the pressure deadline never fenced within the wall backstop (1000 ms). The refusal is honest and terminal for this write; investigate the membership plane (finding 29)
[2026-09-06T14:00:45Z WARN  squeezefs::fuse_client] write-through failed for ino 2 block 1575 (Io(Custom { kind: StorageFull, error: "I/O error: data volume 'nvme4n1' full: 8182 of 8192 blocks allocated — lane 5 of 16 is exhausted while 0 free block(s) belong to lanes this mount does not own (alloc_lane_enospc_refusals; reach them by adopting a lane whose holder is proven dead, or grow the volume set — docs/operations.md §Multi-writer capacity planning)" })); falling back to staging
[2026-09-06T14:00:45Z ERROR squeezefs::block_allocator] bounded allocation refusing StorageFull after 1011 ms parked with 0 offset(s) still in grace locally (lane harvest horizon 8336 ms): the pressure deadline never fenced within the wall backstop (1000 ms). The refusal is honest and terminal for this write; investigate the membership plane (finding 29)
[2026-09-06T14:00:45Z WARN  squeezefs::fuse_client] write-through failed for ino 2 block 1670 (Io(Custom { kind: StorageFull, error: "I/O error: data volume 'nvme4n1' full: 8182 of 8192 blocks allocated — lane 5 of 16 is exhausted while 0 free block(s) belong to lanes this mount does not own (alloc_lane_enospc_refusals; reach them by adopting a lane whose holder is proven dead, or grow the volume set — docs/operations.md §Multi-writer capacity planning)" })); falling back to staging
[2026-09-06T14:00:45Z ERROR squeezefs::block_allocator] bounded allocation refusing StorageFull after 1017 ms parked with 0 offset(s) still in grace locally (lane harvest horizon 8343 ms): the pressure deadline never fenced within the wall backstop (1000 ms). The refusal is honest and terminal for this write; investigate the membership plane (finding 29)
[2026-09-06T14:00:45Z WARN  squeezefs::fuse_client] write-through failed for ino 2 block 1543 (Io(Custom { kind: StorageFull, error: "I/O error: data volume 'nvme4n1' full: 8182 of 8192 blocks allocated — lane 5 of 16 is exhausted while 0 free block(s) belong to lanes this mount does not own (alloc_lane_enospc_refusals; reach them by adopting a lane whose holder is proven dead, or grow the volume set — docs/operations.md §Multi-writer capacity planning)" })); falling back to staging
[2026-09-06T14:00:45Z ERROR squeezefs::block_allocator] bounded allocation refusing StorageFull after 1014 ms parked with 0 offset(s) still in grace locally (lane harvest horizon 8344 ms): the pressure deadline never fenced within the wall backstop (1000 ms). The refusal is honest and terminal for this write; investigate the membership plane (finding 29)
[2026-09-06T14:00:45Z ERROR squeezefs::block_allocator] bounded allocation refusing StorageFull after 1015 ms parked with 0 offset(s) still in grace locally (lane harvest horizon 8347 ms): the pressure deadline never fenced within the wall backstop (1000 ms). The refusal is honest and terminal for this write; investigate the membership plane (finding 29)
[2026-09-06T14:00:45Z WARN  squeezefs::fuse_client] write-through failed for ino 2 block 1607 (Io(Custom { kind: StorageFull, error: "I/O error: data volume 'nvme4n1' full: 8182 of 8192 blocks allocated — lane 5 of 16 is exhausted while 0 free block(s) belong to lanes this mount does not own (alloc_lane_enospc_refusals; reach them by adopting a lane whose holder is proven dead, or grow the volume set — docs/operations.md §Multi-writer capacity planning)" })); falling back to staging
[2026-09-06T14:00:45Z ERROR fuse3::raw::connection::fuse_over_uring] transport payload lease held 1019 ms (≥ 1 s) — overlong handler invocation or a §5.4 severance escape; watch transport_lease_overlong / transport_parked_commits
[2026-09-06T14:00:45Z ERROR squeezefs::block_allocator] bounded allocation refusing StorageFull after 1025 ms parked with 0 offset(s) still in grace locally (lane harvest horizon 8353 ms): the pressure deadline never fenced within the wall backstop (1000 ms). The refusal is honest and terminal for this write; investigate the membership plane (finding 29)
[2026-09-06T14:00:45Z WARN  squeezefs::fuse_client] write-through failed for ino 2 block 1702 (Io(Custom { kind: StorageFull, error: "I/O error: data volume 'nvme4n1' full: 8182 of 8192 blocks allocated — lane 5 of 16 is exhausted while 0 free block(s) belong to lanes this mount does not own (alloc_lane_enospc_refusals; reach them by adopting a lane whose holder is proven dead, or grow the volume set — docs/operations.md §Multi-writer capacity planning)" })); falling back to staging
[2026-09-06T14:00:45Z ERROR fuse3::raw::connection::fuse_over_uring] transport payload lease held 1000 ms (≥ 1 s) — overlong handler invocation or a §5.4 severance escape; watch transport_lease_overlong / transport_parked_commits
[2026-09-06T14:00:45Z ERROR fuse3::raw::connection::fuse_over_uring] transport payload lease held 1029 ms (≥ 1 s) — overlong handler invocation or a §5.4 severance escape; watch transport_lease_overlong / transport_parked_commits
[2026-09-06T14:00:45Z ERROR squeezefs::block_allocator] bounded allocation refusing StorageFull after 1010 ms parked with 0 offset(s) still in grace locally (lane harvest horizon 8357 ms): the pressure deadline never fenced within the wall backstop (1000 ms). The refusal is honest and terminal for this write; investigate the membership plane (finding 29)
[2026-09-06T14:00:45Z WARN  squeezefs::fuse_client] write-through failed for ino 2 block 1639 (Io(Custom { kind: StorageFull, error: "I/O error: data volume 'nvme4n1' full: 8182 of 8192 blocks allocated — lane 5 of 16 is exhausted while 0 free block(s) belong to lanes this mount does not own (alloc_lane_enospc_refusals; reach them by adopting a lane whose holder is proven dead, or grow the volume set — docs/operations.md §Multi-writer capacity planning)" })); falling back to staging
[2026-09-06T14:00:45Z ERROR squeezefs::block_allocator] bounded allocation refusing StorageFull after 1011 ms parked with 0 offset(s) still in grace locally (lane harvest horizon 8361 ms): the pressure deadline never fenced within the wall backstop (1000 ms). The refusal is honest and terminal for this write; investigate the membership plane (finding 29)
[2026-09-06T14:00:45Z WARN  squeezefs::fuse_client] write-through failed for ino 2 block 1700 (Io(Custom { kind: StorageFull, error: "I/O error: data volume 'nvme4n1' full: 8182 of 8192 blocks allocated — lane 5 of 16 is exhausted while 0 free block(s) belong to lanes this mount does not own (alloc_lane_enospc_refusals; reach them by adopting a lane whose holder is proven dead, or grow the volume set — docs/operations.md §Multi-writer capacity planning)" })); falling back to staging
[2026-09-06T14:00:45Z ERROR squeezefs::block_allocator] bounded allocation refusing StorageFull after 1011 ms parked with 0 offset(s) still in grace locally (lane harvest horizon 8363 ms): the pressure deadline never fenced within the wall backstop (1000 ms). The refusal is honest and terminal for this write; investigate the membership plane (finding 29)
[2026-09-06T14:00:45Z WARN  squeezefs::fuse_client] write-through failed for ino 2 block 1253 (Io(Custom { kind: StorageFull, error: "I/O error: data volume 'nvme4n1' full: 8182 of 8192 blocks allocated — lane 5 of 16 is exhausted while 0 free block(s) belong to lanes this mount does not own (alloc_lane_enospc_refusals; reach them by adopting a lane whose holder is proven dead, or grow the volume set — docs/operations.md §Multi-writer capacity planning)" })); falling back to staging
[2026-09-06T14:00:45Z ERROR squeezefs::block_allocator] bounded allocation refusing StorageFull after 1013 ms parked with 0 offset(s) still in grace locally (lane harvest horizon 8365 ms): the pressure deadline never fenced within the wall backstop (1000 ms). The refusal is honest and terminal for this write; investigate the membership plane (finding 29)
[2026-09-06T14:00:45Z WARN  squeezefs::fuse_client] write-through failed for ino 2 block 1703 (Io(Custom { kind: StorageFull, error: "I/O error: data volume 'nvme4n1' full: 8182 of 8192 blocks allocated — lane 5 of 16 is exhausted while 0 free block(s) belong to lanes this mount does not own (alloc_lane_enospc_refusals; reach them by adopting a lane whose holder is proven dead, or grow the volume set — docs/operations.md §Multi-writer capacity planning)" })); falling back to staging
[2026-09-06T14:00:46Z ERROR squeezefs::block_allocator] I/O error: data volume 'nvme4n1' full: 8182 of 8192 blocks allocated — lane 5 of 16 is exhausted while 0 free block(s) belong to lanes this mount does not own (alloc_lane_enospc_refusals; reach them by adopting a lane whose holder is proven dead, or grow the volume set — docs/operations.md §Multi-writer capacity planning)
[2026-09-06T14:00:46Z ERROR squeezefs::block_allocator] bounded allocation refusing StorageFull after 1009 ms parked with 0 offset(s) still in grace locally (lane harvest horizon 8321 ms): the pressure deadline never fenced within the wall backstop (1000 ms). The refusal is honest and terminal for this write; investigate the membership plane (finding 29)
[2026-09-06T14:00:46Z WARN  squeezefs::fuse_client] write-through failed for ino 2 block 1511 (Io(Custom { kind: StorageFull, error: "I/O error: data volume 'nvme4n1' full: 8182 of 8192 blocks allocated — lane 5 of 16 is exhausted while 0 free block(s) belong to lanes this mount does not own (alloc_lane_enospc_refusals; reach them by adopting a lane whose holder is proven dead, or grow the volume set — docs/operations.md §Multi-writer capacity planning)" })); falling back to staging
[2026-09-06T14:00:46Z ERROR squeezefs::block_allocator] bounded allocation refusing StorageFull after 1010 ms parked with 0 offset(s) still in grace locally (lane harvest horizon 8322 ms): the pressure deadline never fenced within the wall backstop (1000 ms). The refusal is honest and terminal for this write; investigate the membership plane (finding 29)
[2026-09-06T14:00:46Z ERROR squeezefs::block_allocator] bounded allocation refusing StorageFull after 1010 ms parked with 0 offset(s) still in grace locally (lane harvest horizon 8326 ms): the pressure deadline never fenced within the wall backstop (1000 ms). The refusal is honest and terminal for this write; investigate the membership plane (finding 29)
[2026-09-06T14:00:46Z ERROR squeezefs::block_allocator] bounded allocation refusing StorageFull after 1010 ms parked with 0 offset(s) still in grace locally (lane harvest horizon 8327 ms): the pressure deadline never fenced within the wall backstop (1000 ms). The refusal is honest and terminal for this write; investigate the membership plane (finding 29)
[2026-09-06T14:00:46Z ERROR squeezefs::block_allocator] bounded allocation refusing StorageFull after 1012 ms parked with 0 offset(s) still in grace locally (lane harvest horizon 8331 ms): the pressure deadline never fenced within the wall backstop (1000 ms). The refusal is honest and terminal for this write; investigate the membership plane (finding 29)
[2026-09-06T14:00:46Z ERROR squeezefs::block_allocator] bounded allocation refusing StorageFull after 1011 ms parked with 0 offset(s) still in grace locally (lane harvest horizon 8333 ms): the pressure deadline never fenced within the wall backstop (1000 ms). The refusal is honest and terminal for this write; investigate the membership plane (finding 29)
[2026-09-06T14:00:46Z ERROR squeezefs::block_allocator] bounded allocation refusing StorageFull after 1010 ms parked with 0 offset(s) still in grace locally (lane harvest horizon 8347 ms): the pressure deadline never fenced within the wall backstop (1000 ms). The refusal is honest and terminal for this write; investigate the membership plane (finding 29)
[2026-09-06T14:00:46Z ERROR squeezefs::block_allocator] bounded allocation refusing StorageFull after 1009 ms parked with 0 offset(s) still in grace locally (lane harvest horizon 8351 ms): the pressure deadline never fenced within the wall backstop (1000 ms). The refusal is honest and terminal for this write; investigate the membership plane (finding 29)
[2026-09-06T14:00:46Z ERROR squeezefs::block_allocator] bounded allocation refusing StorageFull after 1010 ms parked with 0 offset(s) still in grace locally (lane harvest horizon 8352 ms): the pressure deadline never fenced within the wall backstop (1000 ms). The refusal is honest and terminal for this write; investigate the membership plane (finding 29)
[2026-09-06T14:00:46Z WARN  squeezefs::fuse_client] write-through failed for ino 2 block 1734 (Io(Custom { kind: StorageFull, error: "I/O error: data volume 'nvme4n1' full: 8182 of 8192 blocks allocated — lane 5 of 16 is exhausted while 0 free block(s) belong to lanes this mount does not own (alloc_lane_enospc_refusals; reach them by adopting a lane whose holder is proven dead, or grow the volume set — docs/operations.md §Multi-writer capacity planning)" })); falling back to staging
[2026-09-06T14:00:46Z ERROR squeezefs::block_allocator] bounded allocation refusing StorageFull after 1009 ms parked with 0 offset(s) still in grace locally (lane harvest horizon 8358 ms): the pressure deadline never fenced within the wall backstop (1000 ms). The refusal is honest and terminal for this write; investigate the membership plane (finding 29)
[2026-09-06T14:00:46Z ERROR squeezefs::block_allocator] bounded allocation refusing StorageFull after 1012 ms parked with 0 offset(s) still in grace locally (lane harvest horizon 8369 ms): the pressure deadline never fenced within the wall backstop (1000 ms). The refusal is honest and terminal for this write; investigate the membership plane (finding 29)
[2026-09-06T14:00:46Z ERROR squeezefs::block_allocator] bounded allocation refusing StorageFull after 1012 ms parked with 0 offset(s) still in grace locally (lane harvest horizon 8369 ms): the pressure deadline never fenced within the wall backstop (1000 ms). The refusal is honest and terminal for this write; investigate the membership plane (finding 29)
[2026-09-06T14:00:46Z ERROR squeezefs::block_allocator] bounded allocation refusing StorageFull after 1012 ms parked with 0 offset(s) still in grace locally (lane harvest horizon 8370 ms): the pressure deadline never fenced within the wall backstop (1000 ms). The refusal is honest and terminal for this write; investigate the membership plane (finding 29)
[2026-09-06T14:00:46Z ERROR squeezefs::block_allocator] bounded allocation refusing StorageFull after 1008 ms parked with 0 offset(s) still in grace locally (lane harvest horizon 8371 ms): the pressure deadline never fenced within the wall backstop (1000 ms). The refusal is honest and terminal for this write; investigate the membership plane (finding 29)
[2026-09-06T14:00:46Z ERROR squeezefs::block_allocator] bounded allocation refusing StorageFull after 1013 ms parked with 0 offset(s) still in grace locally (lane harvest horizon 8371 ms): the pressure deadline never fenced within the wall backstop (1000 ms). The refusal is honest and terminal for this write; investigate the membership plane (finding 29)
[2026-09-06T14:00:46Z ERROR squeezefs::block_allocator] bounded allocation refusing StorageFull after 1011 ms parked with 0 offset(s) still in grace locally (lane harvest horizon 8149 ms): the pressure deadline never fenced within the wall backstop (1000 ms). The refusal is honest and terminal for this write; investigate the membership plane (finding 29)
[2026-09-06T14:00:46Z ERROR squeezefs::block_allocator] bounded allocation refusing StorageFull after 1011 ms parked with 0 offset(s) still in grace locally (lane harvest horizon 8165 ms): the pressure deadline never fenced within the wall backstop (1000 ms). The refusal is honest and terminal for this write; investigate the membership plane (finding 29)
[2026-09-06T14:00:46Z ERROR squeezefs::block_allocator] bounded allocation refusing StorageFull after 1009 ms parked with 0 offset(s) still in grace locally (lane harvest horizon 8169 ms): the pressure deadline never fenced within the wall backstop (1000 ms). The refusal is honest and terminal for this write; investigate the membership plane (finding 29)
[2026-09-06T14:00:46Z ERROR squeezefs::block_allocator] bounded allocation refusing StorageFull after 1013 ms parked with 0 offset(s) still in grace locally (lane harvest horizon 8173 ms): the pressure deadline never fenced within the wall backstop (1000 ms). The refusal is honest and terminal for this write; investigate the membership plane (finding 29)
[2026-09-06T14:00:46Z ERROR squeezefs::block_allocator] bounded allocation refusing StorageFull after 1010 ms parked with 0 offset(s) still in grace locally (lane harvest horizon 8177 ms): the pressure deadline never fenced within the wall backstop (1000 ms). The refusal is honest and terminal for this write; investigate the membership plane (finding 29)
[2026-09-06T14:00:46Z ERROR squeezefs::block_allocator] bounded allocation refusing StorageFull after 1009 ms parked with 0 offset(s) still in grace locally (lane harvest horizon 8178 ms): the pressure deadline never fenced within the wall backstop (1000 ms). The refusal is honest and terminal for this write; investigate the membership plane (finding 29)
[2026-09-06T14:00:46Z ERROR squeezefs::block_allocator] bounded allocation refusing StorageFull after 1011 ms parked with 0 offset(s) still in grace locally (lane harvest horizon 8181 ms): the pressure deadline never fenced within the wall backstop (1000 ms). The refusal is honest and terminal for this write; investigate the membership plane (finding 29)
[2026-09-06T14:00:46Z ERROR squeezefs::block_allocator] bounded allocation refusing StorageFull after 1010 ms parked with 0 offset(s) still in grace locally (lane harvest horizon 8204 ms): the pressure deadline never fenced within the wall backstop (1000 ms). The refusal is honest and terminal for this write; investigate the membership plane (finding 29)
[2026-09-06T14:00:46Z ERROR squeezefs::block_allocator] bounded allocation refusing StorageFull after 1010 ms parked with 0 offset(s) still in grace locally (lane harvest horizon 8208 ms): the pressure deadline never fenced within the wall backstop (1000 ms). The refusal is honest and terminal for this write; investigate the membership plane (finding 29)
[2026-09-06T14:00:46Z ERROR squeezefs::block_allocator] bounded allocation refusing StorageFull after 1010 ms parked with 0 offset(s) still in grace locally (lane harvest horizon 8220 ms): the pressure deadline never fenced within the wall backstop (1000 ms). The refusal is honest and terminal for this write; investigate the membership plane (finding 29)
[2026-09-06T14:00:47Z ERROR squeezefs::block_allocator] I/O error: data volume 'nvme4n1' full: 8182 of 8192 blocks allocated — lane 5 of 16 is exhausted while 0 free block(s) belong to lanes this mount does not own (alloc_lane_enospc_refusals; reach them by adopting a lane whose holder is proven dead, or grow the volume set — docs/operations.md §Multi-writer capacity planning)
[2026-09-06T14:00:47Z ERROR squeezefs::block_allocator] bounded allocation refusing StorageFull after 1012 ms parked with 0 offset(s) still in grace locally (lane harvest horizon 8340 ms): the pressure deadline never fenced within the wall backstop (1000 ms). The refusal is honest and terminal for this write; investigate the membership plane (finding 29)
[2026-09-06T14:00:47Z ERROR squeezefs::block_allocator] bounded allocation refusing StorageFull after 1011 ms parked with 0 offset(s) still in grace locally (lane harvest horizon 8342 ms): the pressure deadline never fenced within the wall backstop (1000 ms). The refusal is honest and terminal for this write; investigate the membership plane (finding 29)
[2026-09-06T14:00:47Z ERROR squeezefs::block_allocator] bounded allocation refusing StorageFull after 1013 ms parked with 0 offset(s) still in grace locally (lane harvest horizon 8349 ms): the pressure deadline never fenced within the wall backstop (1000 ms). The refusal is honest and terminal for this write; investigate the membership plane (finding 29)
[2026-09-06T14:00:47Z ERROR squeezefs::block_allocator] bounded allocation refusing StorageFull after 1014 ms parked with 0 offset(s) still in grace locally (lane harvest horizon 8365 ms): the pressure deadline never fenced within the wall backstop (1000 ms). The refusal is honest and terminal for this write; investigate the membership plane (finding 29)
[2026-09-06T14:00:47Z WARN  squeezefs::fuse_client] write-through failed for ino 2 block 1381 (Io(Custom { kind: StorageFull, error: "I/O error: data volume 'nvme4n1' full: 8182 of 8192 blocks allocated — lane 5 of 16 is exhausted while 0 free block(s) belong to lanes this mount does not own (alloc_lane_enospc_refusals; reach them by adopting a lane whose holder is proven dead, or grow the volume set — docs/operations.md §Multi-writer capacity planning)" })); falling back to staging
[2026-09-06T14:00:47Z ERROR squeezefs::block_allocator] bounded allocation refusing StorageFull after 1014 ms parked with 0 offset(s) still in grace locally (lane harvest horizon 8381 ms): the pressure deadline never fenced within the wall backstop (1000 ms). The refusal is honest and terminal for this write; investigate the membership plane (finding 29)
[2026-09-06T14:00:47Z ERROR squeezefs::block_allocator] bounded allocation refusing StorageFull after 1013 ms parked with 0 offset(s) still in grace locally (lane harvest horizon 8382 ms): the pressure deadline never fenced within the wall backstop (1000 ms). The refusal is honest and terminal for this write; investigate the membership plane (finding 29)
[2026-09-06T14:00:47Z WARN  squeezefs::fuse_client] write-through failed for ino 2 block 1828 (Io(Custom { kind: StorageFull, error: "I/O error: data volume 'nvme4n1' full: 8182 of 8192 blocks allocated — lane 5 of 16 is exhausted while 0 free block(s) belong to lanes this mount does not own (alloc_lane_enospc_refusals; reach them by adopting a lane whose holder is proven dead, or grow the volume set — docs/operations.md §Multi-writer capacity planning)" })); falling back to staging
[2026-09-06T14:00:47Z ERROR squeezefs::block_allocator] bounded allocation refusing StorageFull after 1013 ms parked with 0 offset(s) still in grace locally (lane harvest horizon 8383 ms): the pressure deadline never fenced within the wall backstop (1000 ms). The refusal is honest and terminal for this write; investigate the membership plane (finding 29)
[2026-09-06T14:00:47Z WARN  squeezefs::fuse_client] write-through failed for ino 2 block 1541 (Io(Custom { kind: StorageFull, error: "I/O error: data volume 'nvme4n1' full: 8182 of 8192 blocks allocated — lane 5 of 16 is exhausted while 0 free block(s) belong to lanes this mount does not own (alloc_lane_enospc_refusals; reach them by adopting a lane whose holder is proven dead, or grow the volume set — docs/operations.md §Multi-writer capacity planning)" })); falling back to staging
[2026-09-06T14:00:47Z ERROR squeezefs::block_allocator] bounded allocation refusing StorageFull after 1010 ms parked with 0 offset(s) still in grace locally (lane harvest horizon 8161 ms): the pressure deadline never fenced within the wall backstop (1000 ms). The refusal is honest and terminal for this write; investigate the membership plane (finding 29)
[2026-09-06T14:00:47Z ERROR squeezefs::block_allocator] bounded allocation refusing StorageFull after 1011 ms parked with 0 offset(s) still in grace locally (lane harvest horizon 8187 ms): the pressure deadline never fenced within the wall backstop (1000 ms). The refusal is honest and terminal for this write; investigate the membership plane (finding 29)
[2026-09-06T14:00:47Z ERROR squeezefs::block_allocator] bounded allocation refusing StorageFull after 1010 ms parked with 0 offset(s) still in grace locally (lane harvest horizon 8192 ms): the pressure deadline never fenced within the wall backstop (1000 ms). The refusal is honest and terminal for this write; investigate the membership plane (finding 29)
[2026-09-06T14:00:47Z ERROR squeezefs::block_allocator] bounded allocation refusing StorageFull after 1011 ms parked with 0 offset(s) still in grace locally (lane harvest horizon 8193 ms): the pressure deadline never fenced within the wall backstop (1000 ms). The refusal is honest and terminal for this write; investigate the membership plane (finding 29)
[2026-09-06T14:00:47Z ERROR squeezefs::block_allocator] bounded allocation refusing StorageFull after 1010 ms parked with 0 offset(s) still in grace locally (lane harvest horizon 8193 ms): the pressure deadline never fenced within the wall backstop (1000 ms). The refusal is honest and terminal for this write; investigate the membership plane (finding 29)
[2026-09-06T14:00:47Z ERROR squeezefs::block_allocator] bounded allocation refusing StorageFull after 1011 ms parked with 0 offset(s) still in grace locally (lane harvest horizon 8194 ms): the pressure deadline never fenced within the wall backstop (1000 ms). The refusal is honest and terminal for this write; investigate the membership plane (finding 29)
[2026-09-06T14:00:47Z ERROR squeezefs::block_allocator] bounded allocation refusing StorageFull after 1010 ms parked with 0 offset(s) still in grace locally (lane harvest horizon 8196 ms): the pressure deadline never fenced within the wall backstop (1000 ms). The refusal is honest and terminal for this write; investigate the membership plane (finding 29)
[2026-09-06T14:00:47Z ERROR squeezefs::block_allocator] bounded allocation refusing StorageFull after 1017 ms parked with 0 offset(s) still in grace locally (lane harvest horizon 8215 ms): the pressure deadline never fenced within the wall backstop (1000 ms). The refusal is honest and terminal for this write; investigate the membership plane (finding 29)
[2026-09-06T14:00:47Z ERROR squeezefs::block_allocator] bounded allocation refusing StorageFull after 1012 ms parked with 0 offset(s) still in grace locally (lane harvest horizon 8218 ms): the pressure deadline never fenced within the wall backstop (1000 ms). The refusal is honest and terminal for this write; investigate the membership plane (finding 29)
[2026-09-06T14:00:47Z ERROR squeezefs::block_allocator] bounded allocation refusing StorageFull after 1012 ms parked with 0 offset(s) still in grace locally (lane harvest horizon 8221 ms): the pressure deadline never fenced within the wall backstop (1000 ms). The refusal is honest and terminal for this write; investigate the membership plane (finding 29)
[2026-09-06T14:00:47Z ERROR squeezefs::block_allocator] bounded allocation refusing StorageFull after 1012 ms parked with 0 offset(s) still in grace locally (lane harvest horizon 8232 ms): the pressure deadline never fenced within the wall backstop (1000 ms). The refusal is honest and terminal for this write; investigate the membership plane (finding 29)
[2026-09-06T14:00:47Z ERROR squeezefs::block_allocator] bounded allocation refusing StorageFull after 1011 ms parked with 0 offset(s) still in grace locally (lane harvest horizon 8234 ms): the pressure deadline never fenced within the wall backstop (1000 ms). The refusal is honest and terminal for this write; investigate the membership plane (finding 29)
[2026-09-06T14:00:47Z ERROR squeezefs::block_allocator] bounded allocation refusing StorageFull after 1010 ms parked with 0 offset(s) still in grace locally (lane harvest horizon 8237 ms): the pressure deadline never fenced within the wall backstop (1000 ms). The refusal is honest and terminal for this write; investigate the membership plane (finding 29)
[2026-09-06T14:00:48Z ERROR squeezefs::block_allocator] I/O error: data volume 'nvme4n1' full: 8182 of 8192 blocks allocated — lane 5 of 16 is exhausted while 0 free block(s) belong to lanes this mount does not own (alloc_lane_enospc_refusals; reach them by adopting a lane whose holder is proven dead, or grow the volume set — docs/operations.md §Multi-writer capacity planning)
[2026-09-06T14:00:48Z ERROR squeezefs::block_allocator] bounded allocation refusing StorageFull after 1015 ms parked with 0 offset(s) still in grace locally (lane harvest horizon 8351 ms): the pressure deadline never fenced within the wall backstop (1000 ms). The refusal is honest and terminal for this write; investigate the membership plane (finding 29)
[2026-09-06T14:00:48Z WARN  squeezefs::fuse_client] write-through failed for ino 2 block 1767 (Io(Custom { kind: StorageFull, error: "I/O error: data volume 'nvme4n1' full: 8182 of 8192 blocks allocated — lane 5 of 16 is exhausted while 0 free block(s) belong to lanes this mount does not own (alloc_lane_enospc_refusals; reach them by adopting a lane whose holder is proven dead, or grow the volume set — docs/operations.md §Multi-writer capacity planning)" })); falling back to staging
[2026-09-06T14:00:48Z ERROR squeezefs::block_allocator] bounded allocation refusing StorageFull after 1013 ms parked with 0 offset(s) still in grace locally (lane harvest horizon 8359 ms): the pressure deadline never fenced within the wall backstop (1000 ms). The refusal is honest and terminal for this write; investigate the membership plane (finding 29)
[2026-09-06T14:00:48Z ERROR squeezefs::block_allocator] bounded allocation refusing StorageFull after 1014 ms parked with 0 offset(s) still in grace locally (lane harvest horizon 8171 ms): the pressure deadline never fenced within the wall backstop (1000 ms). The refusal is honest and terminal for this write; investigate the membership plane (finding 29)
[2026-09-06T14:00:48Z WARN  squeezefs::routing] rewrite epoch close for ino 2 failed transiently (Io(Custom { kind: StorageFull, error: "I/O error: data volume 'nvme4n1' full: 8182 of 8192 blocks allocated — lane 5 of 16 is exhausted while 0 free block(s) belong to lanes this mount does not own (alloc_lane_enospc_refusals; reach them by adopting a lane whose holder is proven dead, or grow the volume set — docs/operations.md §Multi-writer capacity planning)" })); the epoch stays registered (never-lossy) — the next close trigger retries
[2026-09-06T14:00:48Z ERROR squeezefs::block_allocator] bounded allocation refusing StorageFull after 1012 ms parked with 0 offset(s) still in grace locally (lane harvest horizon 8201 ms): the pressure deadline never fenced within the wall backstop (1000 ms). The refusal is honest and terminal for this write; investigate the membership plane (finding 29)
[2026-09-06T14:00:48Z WARN  squeezefs::fuse_client] write-through failed for ino 2 block 1990 (Io(Custom { kind: StorageFull, error: "I/O error: data volume 'nvme4n1' full: 8182 of 8192 blocks allocated — lane 5 of 16 is exhausted while 0 free block(s) belong to lanes this mount does not own (alloc_lane_enospc_refusals; reach them by adopting a lane whose holder is proven dead, or grow the volume set — docs/operations.md §Multi-writer capacity planning)" })); falling back to staging
[2026-09-06T14:00:48Z ERROR squeezefs::block_allocator] bounded allocation refusing StorageFull after 1010 ms parked with 0 offset(s) still in grace locally (lane harvest horizon 8202 ms): the pressure deadline never fenced within the wall backstop (1000 ms). The refusal is honest and terminal for this write; investigate the membership plane (finding 29)
[2026-09-06T14:00:48Z WARN  squeezefs::fuse_client] write-through failed for ino 2 block 2022 (Io(Custom { kind: StorageFull, error: "I/O error: data volume 'nvme4n1' full: 8182 of 8192 blocks allocated — lane 5 of 16 is exhausted while 0 free block(s) belong to lanes this mount does not own (alloc_lane_enospc_refusals; reach them by adopting a lane whose holder is proven dead, or grow the volume set — docs/operations.md §Multi-writer capacity planning)" })); falling back to staging
[2026-09-06T14:00:48Z ERROR squeezefs::block_allocator] bounded allocation refusing StorageFull after 1010 ms parked with 0 offset(s) still in grace locally (lane harvest horizon 8203 ms): the pressure deadline never fenced within the wall backstop (1000 ms). The refusal is honest and terminal for this write; investigate the membership plane (finding 29)
[2026-09-06T14:00:48Z ERROR squeezefs::block_allocator] bounded allocation refusing StorageFull after 1013 ms parked with 0 offset(s) still in grace locally (lane harvest horizon 8208 ms): the pressure deadline never fenced within the wall backstop (1000 ms). The refusal is honest and terminal for this write; investigate the membership plane (finding 29)
[2026-09-06T14:00:48Z ERROR squeezefs::block_allocator] bounded allocation refusing StorageFull after 1010 ms parked with 0 offset(s) still in grace locally (lane harvest horizon 8221 ms): the pressure deadline never fenced within the wall backstop (1000 ms). The refusal is honest and terminal for this write; investigate the membership plane (finding 29)
[2026-09-06T14:00:48Z ERROR squeezefs::block_allocator] bounded allocation refusing StorageFull after 1015 ms parked with 0 offset(s) still in grace locally (lane harvest horizon 8231 ms): the pressure deadline never fenced within the wall backstop (1000 ms). The refusal is honest and terminal for this write; investigate the membership plane (finding 29)
[2026-09-06T14:00:48Z WARN  squeezefs::fuse_client] write-through failed for ino 2 block 2055 (Io(Custom { kind: StorageFull, error: "I/O error: data volume 'nvme4n1' full: 8182 of 8192 blocks allocated — lane 5 of 16 is exhausted while 0 free block(s) belong to lanes this mount does not own (alloc_lane_enospc_refusals; reach them by adopting a lane whose holder is proven dead, or grow the volume set — docs/operations.md §Multi-writer capacity planning)" })); falling back to staging
[2026-09-06T14:00:48Z ERROR squeezefs::block_allocator] bounded allocation refusing StorageFull after 1011 ms parked with 0 offset(s) still in grace locally (lane harvest horizon 8232 ms): the pressure deadline never fenced within the wall backstop (1000 ms). The refusal is honest and terminal for this write; investigate the membership plane (finding 29)
[2026-09-06T14:00:48Z ERROR squeezefs::block_allocator] bounded allocation refusing StorageFull after 1013 ms parked with 0 offset(s) still in grace locally (lane harvest horizon 8248 ms): the pressure deadline never fenced within the wall backstop (1000 ms). The refusal is honest and terminal for this write; investigate the membership plane (finding 29)
[2026-09-06T14:00:48Z ERROR squeezefs::block_allocator] bounded allocation refusing StorageFull after 1012 ms parked with 0 offset(s) still in grace locally (lane harvest horizon 8255 ms): the pressure deadline never fenced within the wall backstop (1000 ms). The refusal is honest and terminal for this write; investigate the membership plane (finding 29)
[2026-09-06T14:00:49Z ERROR squeezefs::block_allocator] I/O error: data volume 'nvme4n1' full: 8182 of 8192 blocks allocated — lane 5 of 16 is exhausted while 0 free block(s) belong to lanes this mount does not own (alloc_lane_enospc_refusals; reach them by adopting a lane whose holder is proven dead, or grow the volume set — docs/operations.md §Multi-writer capacity planning)
[2026-09-06T14:00:49Z ERROR squeezefs::block_allocator] bounded allocation refusing StorageFull after 1014 ms parked with 0 offset(s) still in grace locally (lane harvest horizon 8185 ms): the pressure deadline never fenced within the wall backstop (1000 ms). The refusal is honest and terminal for this write; investigate the membership plane (finding 29)
[2026-09-06T14:00:49Z WARN  squeezefs::fuse_client] write-through failed for ino 2 block 1956 (Io(Custom { kind: StorageFull, error: "I/O error: data volume 'nvme4n1' full: 8182 of 8192 blocks allocated — lane 5 of 16 is exhausted while 0 free block(s) belong to lanes this mount does not own (alloc_lane_enospc_refusals; reach them by adopting a lane whose holder is proven dead, or grow the volume set — docs/operations.md §Multi-writer capacity planning)" })); falling back to staging
[2026-09-06T14:00:49Z ERROR squeezefs::block_allocator] bounded allocation refusing StorageFull after 1013 ms parked with 0 offset(s) still in grace locally (lane harvest horizon 8210 ms): the pressure deadline never fenced within the wall backstop (1000 ms). The refusal is honest and terminal for this write; investigate the membership plane (finding 29)
[2026-09-06T14:00:49Z ERROR squeezefs::block_allocator] bounded allocation refusing StorageFull after 1011 ms parked with 0 offset(s) still in grace locally (lane harvest horizon 8220 ms): the pressure deadline never fenced within the wall backstop (1000 ms). The refusal is honest and terminal for this write; investigate the membership plane (finding 29)
[2026-09-06T14:00:49Z ERROR squeezefs::block_allocator] bounded allocation refusing StorageFull after 1014 ms parked with 0 offset(s) still in grace locally (lane harvest horizon 8227 ms): the pressure deadline never fenced within the wall backstop (1000 ms). The refusal is honest and terminal for this write; investigate the membership plane (finding 29)
[2026-09-06T14:00:49Z ERROR squeezefs::block_allocator] bounded allocation refusing StorageFull after 1013 ms parked with 0 offset(s) still in grace locally (lane harvest horizon 8237 ms): the pressure deadline never fenced within the wall backstop (1000 ms). The refusal is honest and terminal for this write; investigate the membership plane (finding 29)
[2026-09-06T14:00:49Z ERROR squeezefs::block_allocator] bounded allocation refusing StorageFull after 1017 ms parked with 0 offset(s) still in grace locally (lane harvest horizon 8240 ms): the pressure deadline never fenced within the wall backstop (1000 ms). The refusal is honest and terminal for this write; investigate the membership plane (finding 29)
[2026-09-06T14:00:49Z ERROR squeezefs::block_allocator] bounded allocation refusing StorageFull after 1010 ms parked with 0 offset(s) still in grace locally (lane harvest horizon 8259 ms): the pressure deadline never fenced within the wall backstop (1000 ms). The refusal is honest and terminal for this write; investigate the membership plane (finding 29)
[2026-09-06T14:00:49Z WARN  squeezefs::fuse_client] write-through failed for ino 2 block 2183 (Io(Custom { kind: StorageFull, error: "I/O error: data volume 'nvme4n1' full: 8182 of 8192 blocks allocated — lane 5 of 16 is exhausted while 0 free block(s) belong to lanes this mount does not own (alloc_lane_enospc_refusals; reach them by adopting a lane whose holder is proven dead, or grow the volume set — docs/operations.md §Multi-writer capacity planning)" })); falling back to staging
[2026-09-06T14:00:49Z ERROR squeezefs::block_allocator] bounded allocation refusing StorageFull after 1012 ms parked with 0 offset(s) still in grace locally (lane harvest horizon 8271 ms): the pressure deadline never fenced within the wall backstop (1000 ms). The refusal is honest and terminal for this write; investigate the membership plane (finding 29)
[2026-09-06T14:00:49Z ERROR squeezefs::block_allocator] bounded allocation refusing StorageFull after 1013 ms parked with 0 offset(s) still in grace locally (lane harvest horizon 8290 ms): the pressure deadline never fenced within the wall backstop (1000 ms). The refusal is honest and terminal for this write; investigate the membership plane (finding 29)
[2026-09-06T14:00:49Z ERROR squeezefs::block_allocator] bounded allocation refusing StorageFull after 1012 ms parked with 0 offset(s) still in grace locally (lane harvest horizon 8296 ms): the pressure deadline never fenced within the wall backstop (1000 ms). The refusal is honest and terminal for this write; investigate the membership plane (finding 29)
[2026-09-06T14:00:49Z ERROR squeezefs::block_allocator] bounded allocation refusing StorageFull after 1016 ms parked with 0 offset(s) still in grace locally (lane harvest horizon 8303 ms): the pressure deadline never fenced within the wall backstop (1000 ms). The refusal is honest and terminal for this write; investigate the membership plane (finding 29)
[2026-09-06T14:00:49Z ERROR squeezefs::block_allocator] bounded allocation refusing StorageFull after 1012 ms parked with 0 offset(s) still in grace locally (lane harvest horizon 8316 ms): the pressure deadline never fenced within the wall backstop (1000 ms). The refusal is honest and terminal for this write; investigate the membership plane (finding 29)
[2026-09-06T14:00:49Z ERROR squeezefs::block_allocator] bounded allocation refusing StorageFull after 1015 ms parked with 0 offset(s) still in grace locally (lane harvest horizon 8330 ms): the pressure deadline never fenced within the wall backstop (1000 ms). The refusal is honest and terminal for this write; investigate the membership plane (finding 29)
[2026-09-06T14:00:49Z ERROR squeezefs::block_allocator] bounded allocation refusing StorageFull after 1014 ms parked with 0 offset(s) still in grace locally (lane harvest horizon 8336 ms): the pressure deadline never fenced within the wall backstop (1000 ms). The refusal is honest and terminal for this write; investigate the membership plane (finding 29)
[2026-09-06T14:00:49Z ERROR squeezefs::block_allocator] bounded allocation refusing StorageFull after 1015 ms parked with 0 offset(s) still in grace locally (lane harvest horizon 8337 ms): the pressure deadline never fenced within the wall backstop (1000 ms). The refusal is honest and terminal for this write; investigate the membership plane (finding 29)
[2026-09-06T14:00:49Z ERROR squeezefs::block_allocator] bounded allocation refusing StorageFull after 1015 ms parked with 0 offset(s) still in grace locally (lane harvest horizon 8052 ms): the pressure deadline never fenced within the wall backstop (1000 ms). The refusal is honest and terminal for this write; investigate the membership plane (finding 29)
[2026-09-06T14:00:49Z ERROR squeezefs::block_allocator] bounded allocation refusing StorageFull after 1020 ms parked with 0 offset(s) still in grace locally (lane harvest horizon 8052 ms): the pressure deadline never fenced within the wall backstop (1000 ms). The refusal is honest and terminal for this write; investigate the membership plane (finding 29)
[2026-09-06T14:00:49Z ERROR squeezefs::block_allocator] bounded allocation refusing StorageFull after 1017 ms parked with 0 offset(s) still in grace locally (lane harvest horizon 8055 ms): the pressure deadline never fenced within the wall backstop (1000 ms). The refusal is honest and terminal for this write; investigate the membership plane (finding 29)
[2026-09-06T14:00:49Z ERROR squeezefs::block_allocator] bounded allocation refusing StorageFull after 1012 ms parked with 0 offset(s) still in grace locally (lane harvest horizon 8080 ms): the pressure deadline never fenced within the wall backstop (1000 ms). The refusal is honest and terminal for this write; investigate the membership plane (finding 29)
[2026-09-06T14:00:49Z ERROR squeezefs::block_allocator] bounded allocation refusing StorageFull after 1012 ms parked with 0 offset(s) still in grace locally (lane harvest horizon 8101 ms): the pressure deadline never fenced within the wall backstop (1000 ms). The refusal is honest and terminal for this write; investigate the membership plane (finding 29)
[2026-09-06T14:00:50Z ERROR squeezefs::block_allocator] I/O error: data volume 'nvme4n1' full: 8182 of 8192 blocks allocated — lane 5 of 16 is exhausted while 0 free block(s) belong to lanes this mount does not own (alloc_lane_enospc_refusals; reach them by adopting a lane whose holder is proven dead, or grow the volume set — docs/operations.md §Multi-writer capacity planning)
[2026-09-06T14:00:50Z ERROR squeezefs::block_allocator] bounded allocation refusing StorageFull after 1014 ms parked with 0 offset(s) still in grace locally (lane harvest horizon 8240 ms): the pressure deadline never fenced within the wall backstop (1000 ms). The refusal is honest and terminal for this write; investigate the membership plane (finding 29)
[2026-09-06T14:00:50Z WARN  squeezefs::routing] rewrite epoch close for ino 2 failed transiently (Io(Custom { kind: StorageFull, error: "I/O error: data volume 'nvme4n1' full: 8182 of 8192 blocks allocated — lane 5 of 16 is exhausted while 0 free block(s) belong to lanes this mount does not own (alloc_lane_enospc_refusals; reach them by adopting a lane whose holder is proven dead, or grow the volume set — docs/operations.md §Multi-writer capacity planning)" })); the epoch stays registered (never-lossy) — the next close trigger retries
[2026-09-06T14:00:50Z ERROR squeezefs::block_allocator] bounded allocation refusing StorageFull after 1010 ms parked with 0 offset(s) still in grace locally (lane harvest horizon 8252 ms): the pressure deadline never fenced within the wall backstop (1000 ms). The refusal is honest and terminal for this write; investigate the membership plane (finding 29)
[2026-09-06T14:00:50Z WARN  squeezefs::fuse_client] write-through failed for ino 2 block 1925 (Io(Custom { kind: StorageFull, error: "I/O error: data volume 'nvme4n1' full: 8182 of 8192 blocks allocated — lane 5 of 16 is exhausted while 0 free block(s) belong to lanes this mount does not own (alloc_lane_enospc_refusals; reach them by adopting a lane whose holder is proven dead, or grow the volume set — docs/operations.md §Multi-writer capacity planning)" })); falling back to staging
[2026-09-06T14:00:50Z ERROR squeezefs::block_allocator] bounded allocation refusing StorageFull after 1010 ms parked with 0 offset(s) still in grace locally (lane harvest horizon 8290 ms): the pressure deadline never fenced within the wall backstop (1000 ms). The refusal is honest and terminal for this write; investigate the membership plane (finding 29)
[2026-09-06T14:00:50Z ERROR squeezefs::block_allocator] bounded allocation refusing StorageFull after 1012 ms parked with 0 offset(s) still in grace locally (lane harvest horizon 8317 ms): the pressure deadline never fenced within the wall backstop (1000 ms). The refusal is honest and terminal for this write; investigate the membership plane (finding 29)
[2026-09-06T14:00:50Z ERROR squeezefs::block_allocator] bounded allocation refusing StorageFull after 1016 ms parked with 0 offset(s) still in grace locally (lane harvest horizon 8341 ms): the pressure deadline never fenced within the wall backstop (1000 ms). The refusal is honest and terminal for this write; investigate the membership plane (finding 29)
[2026-09-06T14:00:50Z ERROR squeezefs::block_allocator] bounded allocation refusing StorageFull after 1012 ms parked with 0 offset(s) still in grace locally (lane harvest horizon 8076 ms): the pressure deadline never fenced within the wall backstop (1000 ms). The refusal is honest and terminal for this write; investigate the membership plane (finding 29)
[2026-09-06T14:00:50Z ERROR squeezefs::meta_ship::publish] S9: the authority refused 1 shipped free(s) (vol_tag 0xad7b1d37b0829b08, request 7172): already free/graced/quarantined — the double-release lineage, surfaced on the authority's own tripwire
[2026-09-06T14:00:50Z ERROR squeezefs::block_allocator] bounded allocation refusing StorageFull after 1010 ms parked with 0 offset(s) still in grace locally (lane harvest horizon 8103 ms): the pressure deadline never fenced within the wall backstop (1000 ms). The refusal is honest and terminal for this write; investigate the membership plane (finding 29)
[2026-09-06T14:00:50Z ERROR squeezefs::meta_ship::publish] S9: the authority refused 1 shipped free(s) (vol_tag 0xad7b1d37b0829b08, request 7179): already free/graced/quarantined — the double-release lineage, surfaced on the authority's own tripwire
[2026-09-06T14:00:50Z ERROR squeezefs::block_allocator] bounded allocation refusing StorageFull after 1010 ms parked with 0 offset(s) still in grace locally (lane harvest horizon 8112 ms): the pressure deadline never fenced within the wall backstop (1000 ms). The refusal is honest and terminal for this write; investigate the membership plane (finding 29)
[2026-09-06T14:00:52Z ERROR squeezefs::fuse_client] FUSE Fsync: FlushExtents barrier for ino 2 failed: Refused { errno: 5, msg: "I/O error: block 383 of inode_2 did not settle after 4 serialized stripe-held settle attempts (binding/incarnation mutator outside the stripe/merge disciplines — see invariant_tripwires)" }
[2026-09-06T14:00:52Z ERROR squeezefs::fuse_client] Squeezefs operational error: Refused { errno: 5, msg: "I/O error: block 383 of inode_2 did not settle after 4 serialized stripe-held settle attempts (binding/incarnation mutator outside the stripe/merge disciplines — see invariant_tripwires)" }
[2026-09-06T14:00:52Z ERROR squeezefs::meta_ship::publish] S9: the authority refused 1 shipped free(s) (vol_tag 0xad7b1d37b0829b08, request 7265): already free/graced/quarantined — the double-release lineage, surfaced on the authority's own tripwire
[2026-09-06T14:00:54Z ERROR squeezefs::fuse_client] FUSE Fsync: FlushExtents barrier for ino 2 failed: Refused { errno: 5, msg: "I/O error: block 383 of inode_2 did not settle after 4 serialized stripe-held settle attempts (binding/incarnation mutator outside the stripe/merge disciplines — see invariant_tripwires)" }
[2026-09-06T14:00:54Z ERROR squeezefs::fuse_client] Squeezefs operational error: Refused { errno: 5, msg: "I/O error: block 383 of inode_2 did not settle after 4 serialized stripe-held settle attempts (binding/incarnation mutator outside the stripe/merge disciplines — see invariant_tripwires)" }
[2026-09-06T14:00:55Z ERROR squeezefs::fuse_client] FUSE Fsync: FlushExtents barrier for ino 2 failed: Refused { errno: 5, msg: "I/O error: block 383 of inode_2 did not settle after 4 serialized stripe-held settle attempts (binding/incarnation mutator outside the stripe/merge disciplines — see invariant_tripwires)" }
[2026-09-06T14:00:55Z ERROR squeezefs::fuse_client] Squeezefs operational error: Refused { errno: 5, msg: "I/O error: block 383 of inode_2 did not settle after 4 serialized stripe-held settle attempts (binding/incarnation mutator outside the stripe/merge disciplines — see invariant_tripwires)" }
[2026-09-06T14:00:55Z ERROR squeezefs::meta_ship::publish] S9: the authority refused 1 shipped free(s) (vol_tag 0xad7b1d37b0829b08, request 7284): already free/graced/quarantined — the double-release lineage, surfaced on the authority's own tripwire
[2026-09-06T14:00:56Z ERROR squeezefs::fuse_client] FUSE Fsync: FlushExtents barrier for ino 2 failed: Refused { errno: 5, msg: "I/O error: block 383 of inode_2 did not settle after 4 serialized stripe-held settle attempts (binding/incarnation mutator outside the stripe/merge disciplines — see invariant_tripwires)" }
[2026-09-06T14:00:56Z ERROR squeezefs::fuse_client] Squeezefs operational error: Refused { errno: 5, msg: "I/O error: block 383 of inode_2 did not settle after 4 serialized stripe-held settle attempts (binding/incarnation mutator outside the stripe/merge disciplines — see invariant_tripwires)" }
[2026-09-06T14:01:25Z ERROR squeezefs::block_allocator] I/O error: data volume 'nvme3n1' full: 8182 of 8192 blocks allocated — lane 5 of 16 is exhausted while 0 free block(s) belong to lanes this mount does not own (alloc_lane_enospc_refusals; reach them by adopting a lane whose holder is proven dead, or grow the volume set — docs/operations.md §Multi-writer capacity planning)
[2026-09-06T14:01:26Z ERROR squeezefs::block_allocator] I/O error: data volume 'nvme3n1' full: 8182 of 8192 blocks allocated — lane 5 of 16 is exhausted while 0 free block(s) belong to lanes this mount does not own (alloc_lane_enospc_refusals; reach them by adopting a lane whose holder is proven dead, or grow the volume set — docs/operations.md §Multi-writer capacity planning)
[2026-09-06T14:01:26Z ERROR squeezefs::block_allocator] bounded allocation refusing StorageFull after 1010 ms parked with 0 offset(s) still in grace locally (lane harvest horizon 10416 ms): the pressure deadline never fenced within the wall backstop (1000 ms). The refusal is honest and terminal for this write; investigate the membership plane (finding 29)
[2026-09-06T14:01:27Z ERROR squeezefs::block_allocator] I/O error: data volume 'nvme3n1' full: 8182 of 8192 blocks allocated — lane 5 of 16 is exhausted while 0 free block(s) belong to lanes this mount does not own (alloc_lane_enospc_refusals; reach them by adopting a lane whose holder is proven dead, or grow the volume set — docs/operations.md §Multi-writer capacity planning)
[2026-09-06T14:01:27Z ERROR squeezefs::block_allocator] bounded allocation refusing StorageFull after 1009 ms parked with 0 offset(s) still in grace locally (lane harvest horizon 11440 ms): the pressure deadline never fenced within the wall backstop (1000 ms). The refusal is honest and terminal for this write; investigate the membership plane (finding 29)
[2026-09-06T14:01:27Z WARN  squeezefs::fuse_client] fsync durable upload failed for ino 2 block 1158 (Io(Custom { kind: StorageFull, error: "I/O error: data volume 'nvme3n1' full: 8182 of 8192 blocks allocated — lane 5 of 16 is exhausted while 0 free block(s) belong to lanes this mount does not own (alloc_lane_enospc_refusals; reach them by adopting a lane whose holder is proven dead, or grow the volume set — docs/operations.md §Multi-writer capacity planning)" })); preserving the acked bytes in staging and failing the fsync
[2026-09-06T14:01:28Z ERROR squeezefs::block_allocator] I/O error: data volume 'nvme3n1' full: 8182 of 8192 blocks allocated — lane 5 of 16 is exhausted while 0 free block(s) belong to lanes this mount does not own (alloc_lane_enospc_refusals; reach them by adopting a lane whose holder is proven dead, or grow the volume set — docs/operations.md §Multi-writer capacity planning)
[2026-09-06T14:01:28Z ERROR squeezefs::block_allocator] bounded allocation refusing StorageFull after 1008 ms parked with 0 offset(s) still in grace locally (lane harvest horizon 12463 ms): the pressure deadline never fenced within the wall backstop (1000 ms). The refusal is honest and terminal for this write; investigate the membership plane (finding 29)
[2026-09-06T14:01:28Z ERROR squeezefs::fuse_client] FUSE Fsync failed for ino 2: Io(Custom { kind: StorageFull, error: "I/O error: data volume 'nvme3n1' full: 8182 of 8192 blocks allocated — lane 5 of 16 is exhausted while 0 free block(s) belong to lanes this mount does not own (alloc_lane_enospc_refusals; reach them by adopting a lane whose holder is proven dead, or grow the volume set — docs/operations.md §Multi-writer capacity planning)" })
[2026-09-06T14:01:28Z ERROR squeezefs::fuse_client] Squeezefs operational error: Io(Custom { kind: StorageFull, error: "I/O error: data volume 'nvme3n1' full: 8182 of 8192 blocks allocated — lane 5 of 16 is exhausted while 0 free block(s) belong to lanes this mount does not own (alloc_lane_enospc_refusals; reach them by adopting a lane whose holder is proven dead, or grow the volume set — docs/operations.md §Multi-writer capacity planning)" })
[2026-09-06T14:01:29Z ERROR squeezefs::block_allocator] I/O error: data volume 'nvme3n1' full: 8182 of 8192 blocks allocated — lane 5 of 16 is exhausted while 0 free block(s) belong to lanes this mount does not own (alloc_lane_enospc_refusals; reach them by adopting a lane whose holder is proven dead, or grow the volume set — docs/operations.md §Multi-writer capacity planning)
[2026-09-06T14:01:29Z ERROR squeezefs::block_allocator] bounded allocation refusing StorageFull after 1009 ms parked with 0 offset(s) still in grace locally (lane harvest horizon 13492 ms): the pressure deadline never fenced within the wall backstop (1000 ms). The refusal is honest and terminal for this write; investigate the membership plane (finding 29)
[2026-09-06T14:01:30Z ERROR squeezefs::block_allocator] I/O error: data volume 'nvme3n1' full: 8182 of 8192 blocks allocated — lane 5 of 16 is exhausted while 0 free block(s) belong to lanes this mount does not own (alloc_lane_enospc_refusals; reach them by adopting a lane whose holder is proven dead, or grow the volume set — docs/operations.md §Multi-writer capacity planning)
[2026-09-06T14:01:30Z ERROR squeezefs::block_allocator] bounded allocation refusing StorageFull after 1008 ms parked with 0 offset(s) still in grace locally (lane harvest horizon 14521 ms): the pressure deadline never fenced within the wall backstop (1000 ms). The refusal is honest and terminal for this write; investigate the membership plane (finding 29)
[2026-09-06T14:01:30Z WARN  squeezefs::fuse_client] fsync durable upload failed for ino 2 block 1158 (Io(Custom { kind: StorageFull, error: "I/O error: data volume 'nvme3n1' full: 8182 of 8192 blocks allocated — lane 5 of 16 is exhausted while 0 free block(s) belong to lanes this mount does not own (alloc_lane_enospc_refusals; reach them by adopting a lane whose holder is proven dead, or grow the volume set — docs/operations.md §Multi-writer capacity planning)" })); preserving the acked bytes in staging and failing the fsync
[2026-09-06T14:01:30Z ERROR squeezefs::fuse_client] FUSE Fsync failed for ino 2: Io(Custom { kind: StorageFull, error: "I/O error: data volume 'nvme3n1' full: 8182 of 8192 blocks allocated — lane 5 of 16 is exhausted while 0 free block(s) belong to lanes this mount does not own (alloc_lane_enospc_refusals; reach them by adopting a lane whose holder is proven dead, or grow the volume set — docs/operations.md §Multi-writer capacity planning)" })
[2026-09-06T14:01:30Z ERROR squeezefs::fuse_client] Squeezefs operational error: Io(Custom { kind: StorageFull, error: "I/O error: data volume 'nvme3n1' full: 8182 of 8192 blocks allocated — lane 5 of 16 is exhausted while 0 free block(s) belong to lanes this mount does not own (alloc_lane_enospc_refusals; reach them by adopting a lane whose holder is proven dead, or grow the volume set — docs/operations.md §Multi-writer capacity planning)" })
[2026-09-06T14:01:31Z ERROR squeezefs::block_allocator] I/O error: data volume 'nvme3n1' full: 8182 of 8192 blocks allocated — lane 5 of 16 is exhausted while 0 free block(s) belong to lanes this mount does not own (alloc_lane_enospc_refusals; reach them by adopting a lane whose holder is proven dead, or grow the volume set — docs/operations.md §Multi-writer capacity planning)
[2026-09-06T14:01:31Z ERROR squeezefs::block_allocator] bounded allocation refusing StorageFull after 1011 ms parked with 0 offset(s) still in grace locally (lane harvest horizon 15316 ms): the pressure deadline never fenced within the wall backstop (1000 ms). The refusal is honest and terminal for this write; investigate the membership plane (finding 29)
[2026-09-06T14:01:32Z ERROR squeezefs::block_allocator] CLAIM ANOMALY: offset 490733568 claimed from the free list while a refcount entry lingers (count=Some(1))
[2026-09-06T14:01:32Z ERROR squeezefs::block_allocator] CLAIM ANOMALY: offset 2034237440 claimed from the free list while a refcount entry lingers (count=Some(1))
[2026-09-06T14:01:32Z ERROR squeezefs::block_allocator] CLAIM ANOMALY: offset 3510632448 claimed from the free list while a refcount entry lingers (count=Some(1))
[2026-09-06T14:01:32Z ERROR squeezefs::block_allocator] CLAIM ANOMALY: offset 1161822208 claimed from the free list while a refcount entry lingers (count=Some(1))
[2026-09-06T14:01:33Z ERROR squeezefs::block_allocator] CLAIM ANOMALY: offset 2973761536 claimed from the free list while a refcount entry lingers (count=Some(1))
[2026-09-06T14:01:33Z ERROR squeezefs::block_allocator] CLAIM ANOMALY: offset 3107979264 claimed from the free list while a refcount entry lingers (count=Some(1))
[2026-09-06T14:01:33Z ERROR squeezefs::block_allocator] CLAIM ANOMALY: offset 6396313600 claimed from the free list while a refcount entry lingers (count=Some(1))
[2026-09-06T14:01:33Z ERROR squeezefs::fuse_client] FUSE Fsync: FlushExtents barrier for ino 2 failed: Refused { errno: 5, msg: "I/O error: block 383 of inode_2 did not settle after 4 serialized stripe-held settle attempts (binding/incarnation mutator outside the stripe/merge disciplines — see invariant_tripwires)" }
[2026-09-06T14:01:33Z ERROR squeezefs::fuse_client] Squeezefs operational error: Refused { errno: 5, msg: "I/O error: block 383 of inode_2 did not settle after 4 serialized stripe-held settle attempts (binding/incarnation mutator outside the stripe/merge disciplines — see invariant_tripwires)" }
[2026-09-06T14:01:34Z ERROR squeezefs::fuse_client] FUSE Fsync: FlushExtents barrier for ino 2 failed: Refused { errno: 5, msg: "I/O error: block 383 of inode_2 did not settle after 4 serialized stripe-held settle attempts (binding/incarnation mutator outside the stripe/merge disciplines — see invariant_tripwires)" }
[2026-09-06T14:01:34Z ERROR squeezefs::fuse_client] Squeezefs operational error: Refused { errno: 5, msg: "I/O error: block 383 of inode_2 did not settle after 4 serialized stripe-held settle attempts (binding/incarnation mutator outside the stripe/merge disciplines — see invariant_tripwires)" }
[2026-09-06T14:02:06Z ERROR squeezefs::fuse_client] FUSE Fsync: FlushExtents barrier for ino 2 failed: Refused { errno: 5, msg: "I/O error: block 383 of inode_2 did not settle after 4 serialized stripe-held settle attempts (binding/incarnation mutator outside the stripe/merge disciplines — see invariant_tripwires)" }
[2026-09-06T14:02:06Z ERROR squeezefs::fuse_client] Squeezefs operational error: Refused { errno: 5, msg: "I/O error: block 383 of inode_2 did not settle after 4 serialized stripe-held settle attempts (binding/incarnation mutator outside the stripe/merge disciplines — see invariant_tripwires)" }
[2026-09-06T14:02:06Z ERROR squeezefs::meta_ship::publish] S9: the authority refused 1 shipped free(s) (vol_tag 0xad7b1d37b0829b08, request 7579): already free/graced/quarantined — the double-release lineage, surfaced on the authority's own tripwire
[2026-09-06T14:02:09Z ERROR squeezefs::fuse_client] FUSE Fsync: FlushExtents barrier for ino 2 failed: Refused { errno: 5, msg: "I/O error: block 383 of inode_2 did not settle after 4 serialized stripe-held settle attempts (binding/incarnation mutator outside the stripe/merge disciplines — see invariant_tripwires)" }
[2026-09-06T14:02:09Z ERROR squeezefs::fuse_client] Squeezefs operational error: Refused { errno: 5, msg: "I/O error: block 383 of inode_2 did not settle after 4 serialized stripe-held settle attempts (binding/incarnation mutator outside the stripe/merge disciplines — see invariant_tripwires)" }
[2026-09-06T14:02:09Z ERROR squeezefs::meta_ship::publish] S9: the authority refused 1 shipped free(s) (vol_tag 0xad7b1d37b0829b08, request 7597): already free/graced/quarantined — the double-release lineage, surfaced on the authority's own tripwire
[2026-09-06T14:02:12Z ERROR squeezefs::fuse_client] FUSE Fsync: FlushExtents barrier for ino 2 failed: Refused { errno: 5, msg: "I/O error: block 383 of inode_2 did not settle after 4 serialized stripe-held settle attempts (binding/incarnation mutator outside the stripe/merge disciplines — see invariant_tripwires)" }
[2026-09-06T14:02:12Z ERROR squeezefs::fuse_client] Squeezefs operational error: Refused { errno: 5, msg: "I/O error: block 383 of inode_2 did not settle after 4 serialized stripe-held settle attempts (binding/incarnation mutator outside the stripe/merge disciplines — see invariant_tripwires)" }
[2026-09-06T14:02:15Z ERROR squeezefs::fuse_client] FUSE Fsync: FlushExtents barrier for ino 2 failed: Refused { errno: 5, msg: "I/O error: block 383 of inode_2 did not settle after 4 serialized stripe-held settle attempts (binding/incarnation mutator outside the stripe/merge disciplines — see invariant_tripwires)" }
[2026-09-06T14:02:15Z ERROR squeezefs::fuse_client] Squeezefs operational error: Refused { errno: 5, msg: "I/O error: block 383 of inode_2 did not settle after 4 serialized stripe-held settle attempts (binding/incarnation mutator outside the stripe/merge disciplines — see invariant_tripwires)" }
