SqueezeFS version 1.1.0 (a4fe9617e37e / a4fe9617e37e54320619268ade61299b45a03903) built 2026-08-28T04:03:50Z
======================================================================
  Mount Configuration Summary
----------------------------------------------------------------------
  Volume Name:         squeezefs
  Capacity:            13.64 TiB
  Block Size:          4.00 MiB
  Compression:         none
  Encryption:          none
----------------------------------------------------------------------
Metadata Volumes:
  - [enabled] /dev/nvme3n1 (health: 1000)
Data Volumes:
  - [enabled] /dev/nvme4n1 (health: 1000)
  - [enabled] /dev/nvme5n1 (health: 1000)
  - [enabled] /dev/nvme6n1 (health: 1000)
  - [enabled] /dev/nvme7n1 (health: 1000)
----------------------------------------------------------------------
Cache/Staging:
  Memory Cache Size:   1GB
  Disk Cache Size:     10GB
  Staging Paths:       /scratch/cache
----------------------------------------------------------------------
Mount Options:
  Mountpoint:          "/scratch/mnt-cw5"
  Writeback Cache:     enabled
  Allow Other:         enabled
======================================================================
Mounting as a CO-WRITER (DLM stage S9): this mount holds NO metadata authority — every metadata mutation ships to the authority that holds the D0 claim — and writes data only under custody that authority grants. Admission runs a five-rung ladder and refuses loudly naming the rung; see docs/operations.md §Multi-writer co-writer mounts.
[2026-08-28T04:17:37Z INFO  squeezefs::nvme_dev] data volume /dev/nvme4n1: write_cache=write-through (durability barrier: io_uring Fsync/DATASYNC per device, coalesced)
[2026-08-28T04:17:37Z INFO  squeezefs] writer-scoped staging ENGAGED: client scope w_e56e47de7cb413eb.m5bc655d3 (staging generation "v3:099a3db5d60c4e60999b13ee7c1e7053@node:e56e47de7cb413eb.m5bc655d3") — staging keys carry the scope and this client's staging roots are bound to it
[2026-08-28T04:17:44Z INFO  squeezefs::cache::gds] GPU Direct Storage: No discrete GPU environment found. GDS bypassed.
[2026-08-28T04:17:44Z INFO  squeezefs::cache::nvme] staging init: discarded 16 read-cache segment file(s) (5368709120 B) from a previous session — read cache starts cold (block-key offsets are not incarnation-stable across mounts)
[2026-08-28T04:17:44Z INFO  squeezefs] Registering data volume 'nvme4n1' at path /dev/nvme4n1 (state active)
[2026-08-28T04:17:44Z INFO  squeezefs] Registering data volume 'nvme5n1' at path /dev/nvme5n1 (state active)
[2026-08-28T04:17:44Z INFO  squeezefs::nvme_dev] data volume /dev/nvme5n1: write_cache=write-through (durability barrier: io_uring Fsync/DATASYNC per device, coalesced)
[2026-08-28T04:17:44Z INFO  squeezefs] Registering data volume 'nvme6n1' at path /dev/nvme6n1 (state active)
[2026-08-28T04:17:44Z INFO  squeezefs::nvme_dev] data volume /dev/nvme6n1: write_cache=write-through (durability barrier: io_uring Fsync/DATASYNC per device, coalesced)
[2026-08-28T04:17:44Z INFO  squeezefs] Registering data volume 'nvme7n1' at path /dev/nvme7n1 (state active)
[2026-08-28T04:17:44Z INFO  squeezefs::nvme_dev] data volume /dev/nvme7n1: write_cache=write-through (durability barrier: io_uring Fsync/DATASYNC per device, coalesced)
[2026-08-28T04:17:44Z WARN  squeezefs::data_custody] data-plane WERO ADOPTED (co-located co-writer, 4 namespace(s), authority key 0xd1908c57ed4a2ccc): this mount shares its authority's PR arbitration domain, so the standing hold is its fenceability evidence and NOTHING was registered — the stated honest residual (docs/operations.md §Multi-writer co-writer mounts): on this shape the metadata read-only half is enforced by this mount's own code, not by the device, and its death is proven by the same-host dead-pid ladder, never by a PR preempt
[2026-08-28T04:17:44Z INFO  squeezefs::membership] membership member 'node_e56e47de7cb413eb.m5bc655d3' (writer) holds lease epoch 5 in term 2: owner deadline 45000 ms, MY deadline 42956 ms (T_owner − 2·skew_max − D_purge, anchored on my send instant), renewing every 10000 ms
[2026-08-28T04:17:44Z INFO  squeezefs::membership] membership MEMBER armed: writer 'node_e56e47de7cb413eb.m5bc655d3' holds a lease from owner 'f5d05b68-ae5b-4d4d-b624-38c86a2ab05f' at 172.31.27.145:34325 — visible in `squeezefs clients` with ZERO metadata writes, and the same channel §6.8 item 3's freed-offset acknowledgements ride (DLM S6)
[2026-08-28T04:17:44Z WARN  squeezefs::cowriter] CO-WRITER ADMITTED (DLM S9) over 1 volume(s): node 'node_e56e47de7cb413eb.m5bc655d3', authority claim 'd4995db8-a3ef-466a-9658-6e95f2031141' in era 2, membership owner 'f5d05b68-ae5b-4d4d-b624-38c86a2ab05f' at 172.31.27.145:34325 (member epoch 5), custody at 172.31.27.145:45999, device registrant key 0xd1908c57ed4a2ccc on 4 namespace(s). This mount holds NO metadata authority — every metadata mutation ships — and writes data only under custody the authority grants
[2026-08-28T04:17:44Z INFO  squeezefs::meta_backend::kv::backend] meta volume /dev/nvme3n1: co-writer mount — a LOCAL exclusive holder (the authority's write mount, or a guarded offline verb) holds this volume on this host; the co-writer takes no lock and refuses nothing
[2026-08-28T04:17:44Z WARN  squeezefs::meta_backend::kv::backend] meta volume /dev/nvme3n1: mounted CO-WRITER (DLM S9) under authority claim 'd4995db8-a3ef-466a-9658-6e95f2031141' (era 2). No writer_claim, no metadata-namespace reservation, no checkpoint task — this mount appends to none of this volume's single-appender structures and ships every metadata mutation. Guarantee class: co-writer
[2026-08-28T04:17:44Z INFO  squeezefs] meta volume /dev/nvme3n1: format=3 ledger_seq=45 replay_entries=0 replay_dropped_torn=0 replay_ms=31 free_extents=14304967 next_ino=2 meta_volume_atomicity=cow-checksummed meta_volume_atomicity_physical=unknown writer_guard_mode=co-writer
[2026-08-28T04:17:44Z INFO  squeezefs::fuse_client] Dynamic reclaim concurrency limit configured: 4
[2026-08-28T04:17:44Z INFO  squeezefs] co-writer mount: block-ownership recovery skipped entirely (this mount allocates nothing outside a granted lane and frees nothing locally; the walk's free-completing arm must never run on a snapshot view)
[2026-08-28T04:17:44Z INFO  squeezefs] co-writer mount: job fabric, job wire and the frag-gauge worker are NOT armed (maintenance coordination is the slot-0 volume owner's; this mount cannot write their durable records)
[2026-08-28T04:17:44Z INFO  squeezefs::multi_writer] multi-writer: this mount is a CO-WRITER (SQUEEZEFS_MW_ROLE=co-writer), so the AUTHORITY arm is not run — the co-writer arm installs the client halves of the same three planes (ownership + publish + custody) after its admission ladder passes
[2026-08-28T04:17:44Z WARN  squeezefs::meta_ship::owners] metadata function shipping ARMED (DLM S8): 0 of 1 volumes owned locally, 1 shipped to 1 peer(s) ["d4995db8-a3ef-466a-9658-6e95f2031141"]; 0 slots home locally. Metadata verbs on a foreign volume now travel to its owner; the DATA plane still refuses foreign-home custody loud (S9 ships that half)
[2026-08-28T04:17:44Z INFO  squeezefs::membership] membership member 'node_e56e47de7cb413eb.m5bc655d3' (writer) holds lease epoch 5 in term 2: owner deadline 45000 ms, MY deadline 42956 ms (T_owner − 2·skew_max − D_purge, anchored on my send instant), renewing every 10000 ms
[2026-08-28T04:17:44Z INFO  squeezefs::dlm] fencing: durable writer term 2 adopted (was 0); every token this process mints now dominates every earlier era's (spec §6.7 decision 4)
[2026-08-28T04:17:44Z INFO  squeezefs::block_allocator] data-plane allocation partition engaged on volume 'nvme4n1': lane 4 of 16, reservation grain 96 blocks, 838189 block(s) of this device belong to other lanes (alloc_lane_stranded_bytes)
[2026-08-28T04:17:44Z WARN  squeezefs::alloc_lane_grant] data-plane allocation lane ENGAGED on volume 'nvme4n1': lane 4 of 16, resuming at block 4 (floor OPENED by the authority (this mount never walks)). Fresh allocation is this mount's residue class; frees stay lane-blind
[2026-08-28T04:17:44Z INFO  squeezefs::block_allocator] data-plane allocation partition engaged on volume 'nvme7n1': lane 4 of 16, reservation grain 96 blocks, 838189 block(s) of this device belong to other lanes (alloc_lane_stranded_bytes)
[2026-08-28T04:17:44Z WARN  squeezefs::alloc_lane_grant] data-plane allocation lane ENGAGED on volume 'nvme7n1': lane 4 of 16, resuming at block 4 (floor OPENED by the authority (this mount never walks)). Fresh allocation is this mount's residue class; frees stay lane-blind
[2026-08-28T04:17:44Z WARN  squeezefs::alloc_lane_grant] data-plane allocation lane ENGAGED on volume 'nvme4n1': lane 4 of 16, resuming at block 4 (floor OPENED by the authority (this mount never walks)). Fresh allocation is this mount's residue class; frees stay lane-blind
[2026-08-28T04:17:44Z INFO  squeezefs::block_allocator] data-plane allocation partition engaged on volume 'nvme6n1': lane 4 of 16, reservation grain 96 blocks, 838189 block(s) of this device belong to other lanes (alloc_lane_stranded_bytes)
[2026-08-28T04:17:44Z WARN  squeezefs::alloc_lane_grant] data-plane allocation lane ENGAGED on volume 'nvme6n1': lane 4 of 16, resuming at block 4 (floor OPENED by the authority (this mount never walks)). Fresh allocation is this mount's residue class; frees stay lane-blind
[2026-08-28T04:17:44Z INFO  squeezefs::block_allocator] data-plane allocation partition engaged on volume 'nvme5n1': lane 4 of 16, reservation grain 96 blocks, 838189 block(s) of this device belong to other lanes (alloc_lane_stranded_bytes)
[2026-08-28T04:17:44Z WARN  squeezefs::alloc_lane_grant] data-plane allocation lane ENGAGED on volume 'nvme5n1': lane 4 of 16, resuming at block 4 (floor OPENED by the authority (this mount never walks)). Fresh allocation is this mount's residue class; frees stay lane-blind
[2026-08-28T04:17:44Z WARN  squeezefs::cowriter] CO-WRITER ARMED (DLM S9): metadata verbs ship to 'd4995db8-a3ef-466a-9658-6e95f2031141' at 172.31.27.145:45999, write custody is acquired there, fresh blocks are placed in allocation lane 4 of 16 (durable reservations committed by the authority ahead of every hand-out), and this mount's own free/reclaim accounting stays closed. Data DMA is authorized locally under the custody epoch — only custody travels, never data
[2026-08-28T04:17:44Z INFO  squeezefs] fleet jobs: member worker armed (KD-MW-16 — fleet read shards; SQUEEZEFS_FLEET_JOBS=0 opts out)
Mounting Squeezefs at "/scratch/mnt-cw5"...
[2026-08-28T04:17:44Z INFO  squeezefs::fuse_client] Transport payload-buffer cap: 2466 MiB (memory budget 19729 MiB)
[2026-08-28T04:17:44Z WARN  squeezefs::ipc_host] SQUEEZEFS_IPC_ALLOW_DEV is set — the KD-7 build-commit skew gate is RELAXED for this mount (degenerate `unknown`/`-dirty` identities will be admitted, counted in ipc_binds_dev_override). Dev boxes only: a mismatched daemon/shim pair is undefined behavior.
[2026-08-28T04:17:44Z INFO  squeezefs::ipc_host] ipc host: path ctl socket at /run/squeezefs/sqz-il0-5383-da0ce5fc.sock
[2026-08-28T04:17:44Z INFO  squeezefs::fuse_client] IPC session host armed (socket sqz-il0-5383-da0ce5fc, session shm cap 2466 MiB)
[2026-08-28T04:17:44Z INFO  squeezefs::fuse_client] SqueezeFS version 1.1.0 (a4fe9617e37e / a4fe9617e37e54320619268ade61299b45a03903) built 2026-08-28T04:03:50Z initializing mount
[2026-08-28T04:17:44Z INFO  squeezefs::fuse_client] FUSE Daemon: Mounting squeezefs at "/scratch/mnt-cw5"...
[2026-08-28T04:17:44Z INFO  squeezefs::fuse_client] FUSE Daemon: Metadata connection active.
[2026-08-28T04:17:44Z INFO  squeezefs::fuse_client] device-overlay armed: transport streaming holds enabled (SQUEEZEFS_DEVICE_OVERLAY)
[92mOK[0m Squeezefs is ready at "/scratch/mnt-cw5"
[2026-08-28T04:17:44Z INFO  squeezefs::fuse_client] FUSE Daemon: Initialized Squeezefs Filesystem mount (version 1.1.0 (a4fe9617e37e / a4fe9617e37e54320619268ade61299b45a03903) built 2026-08-28T04:03:50Z).
squeezefs: mount ready (version 1.1.0 (a4fe9617e37e / a4fe9617e37e54320619268ade61299b45a03903) built 2026-08-28T04:03:50Z, exe hint: rebuild target/release and reinstall)
[2026-08-28T04:17:44Z INFO  squeezefs::fuse_client] FUSE kernel protocol 7.45 (init flags 0x7ff73fffffb): FOPEN_NOFLUSH advertised + honored on non-writeback opens (kernel ≥ 7.35) (D2.a; under writeback cache the elision switch is the clean-FLUSH ENOSYS latch — uapi: NOFLUSH applies 'unless FUSE_WRITEBACK_CACHE'); UNKNOWN init capability bits 0x40000000000 advertised — investigate whether an atomic-open-class capability is among them (D2.d adoption follow-up)
squeezefs: FUSE kernel 7.45 — FOPEN_NOFLUSH advertised (wb-cache elision = clean-FLUSH ENOSYS latch); UNKNOWN init capability bits 0x40000000000 advertised — investigate whether an atomic-open-class capability is among them (D2.d adoption follow-up)
[2026-08-28T04:17:44Z INFO  squeezefs::fuse_client] FUSE_HANDLE_KILLPRIV_V2 negotiated (kernel killpriv probe deleted; daemon owns suid/sgid/caps clearing) for this mount
[2026-08-28T04:17:44Z INFO  squeezefs::fuse_client] IPC session host: mount st_dev resolved (63)
[2026-08-28T04:17:44Z INFO  squeezefs::fuse_client] co-writer mount: writeback flusher, extent-record recovery, fold worker and reclaim pool are NOT armed (nothing here can be dirty, staged or freed by this mount)
[2026-08-28T04:17:44Z WARN  squeezefs::ro_coherence] reader data plane armed (DLM S5): block allocation, terminal frees, device reclaim, the W1 in-place patch and in-place overwrites are all refused on this mount; the reclaim queue is latched halted
[2026-08-28T04:17:44Z INFO  squeezefs::meta_backend::kv::node_cache] node cache armed for coherent reads at checkpoint epoch 45 (tail 14145): cached nodes are dropped on every epoch step, and this mount may not write
[2026-08-28T04:17:44Z INFO  squeezefs::ro_coherence] reader coherence armed on 1/1 volume(s): staleness bound 2s (poll 1s + the writer's ≤1 s checkpoint ceiling), R-6 purge sink installed
[2026-08-28T04:17:44Z INFO  squeezefs::ro_coherence] reader revalidation armed: 1 volume(s), every 1s (the derived cadence — one ledger read per volume per pass; staleness bound 2s)
[2026-08-28T04:17:44Z WARN  fuse3::raw::connection::kmbuf] SQUEEZEFS_FUSE_ZC=1 declined: the kmbuf/zc io_uring surface is Absent on this kernel — continuing on the userspace-ent path (fuse3_zc_replies stays 0; the sqz kernel series carries the surface)
[2026-08-28T04:17:44Z INFO  fuse3::raw::connection::fuse_over_uring] fuse-over-uring queue-ring setup probe: SINGLE_ISSUER+DEFER_TASKRUN available
FUSE-over-io_uring registered: queues=32 depth=32 payload_sz=1048576 max_write=1048576 max_pages=256 buffers=user-ents kmbuf_ops=absent fd=259 sqpoll=off drain_groups=4(width<=8)
[2026-08-28T04:17:44Z INFO  fuse3::raw::connection::fuse_over_uring] FUSE-over-io_uring registered: queues=32 depth=32 payload_sz=1048576 max_write=1048576 max_pages=256 buffers=user-ents kmbuf_ops=absent fd=259 sqpoll=off drain_groups=4(width<=8)
FUSE-over-io_uring session path armed (ready=true, queues=32)
FUSE-over-io_uring transport armed for this session
[2026-08-28T04:17:44Z INFO  fuse3::raw::session] FUSE-over-io_uring transport armed for this session
FUSE-over-io_uring: classical sideband servicer armed (primary session; FORGET/INTERRUPT/resend + switchover stragglers)
[2026-08-28T04:17:44Z INFO  squeezefs::fleet_worker] fleet worker: member 'node_e56e47de7cb413eb.m5bc655d3' enrolled at coordinator 172.31.27.145:36691 (KD-MW-16 fleet read shards)
[2026-08-28T04:18:10Z WARN  squeezefs::block_allocator] co-writer: abandoning never-published block offset(s) leak-safe (volume 'nvme4n1', first offset 285212672): the publish that would have named them failed or refused, and a co-writer may not mutate ownership accounting — the next derivation (mount recovery / fsck C6) returns them to the free supply (cowriter_unpublished_abandons; further offsets at debug level)
[2026-08-28T04:18:21Z ERROR fuse3::raw::connection::fuse_over_uring] transport payload lease held 1255 ms (≥ 1 s) — overlong handler invocation or a §5.4 severance escape; watch transport_lease_overlong / transport_parked_commits
[2026-08-28T04:18:21Z ERROR fuse3::raw::connection::fuse_over_uring] transport payload lease held 1288 ms (≥ 1 s) — overlong handler invocation or a §5.4 severance escape; watch transport_lease_overlong / transport_parked_commits
[2026-08-28T04:18:21Z ERROR fuse3::raw::connection::fuse_over_uring] transport payload lease held 1288 ms (≥ 1 s) — overlong handler invocation or a §5.4 severance escape; watch transport_lease_overlong / transport_parked_commits
[2026-08-28T04:18:21Z ERROR fuse3::raw::connection::fuse_over_uring] transport payload lease held 1326 ms (≥ 1 s) — overlong handler invocation or a §5.4 severance escape; watch transport_lease_overlong / transport_parked_commits
[2026-08-28T04:18:21Z ERROR fuse3::raw::connection::fuse_over_uring] transport payload lease held 1321 ms (≥ 1 s) — overlong handler invocation or a §5.4 severance escape; watch transport_lease_overlong / transport_parked_commits
[2026-08-28T04:18:21Z ERROR fuse3::raw::connection::fuse_over_uring] transport payload lease held 1321 ms (≥ 1 s) — overlong handler invocation or a §5.4 severance escape; watch transport_lease_overlong / transport_parked_commits
[2026-08-28T04:18:21Z ERROR fuse3::raw::connection::fuse_over_uring] transport payload lease held 1321 ms (≥ 1 s) — overlong handler invocation or a §5.4 severance escape; watch transport_lease_overlong / transport_parked_commits
[2026-08-28T04:18:21Z ERROR fuse3::raw::connection::fuse_over_uring] transport payload lease held 1321 ms (≥ 1 s) — overlong handler invocation or a §5.4 severance escape; watch transport_lease_overlong / transport_parked_commits
[2026-08-28T04:18:21Z ERROR fuse3::raw::connection::fuse_over_uring] transport payload lease held 1319 ms (≥ 1 s) — overlong handler invocation or a §5.4 severance escape; watch transport_lease_overlong / transport_parked_commits
[2026-08-28T04:18:21Z ERROR fuse3::raw::connection::fuse_over_uring] transport payload lease held 1321 ms (≥ 1 s) — overlong handler invocation or a §5.4 severance escape; watch transport_lease_overlong / transport_parked_commits
[2026-08-28T04:18:21Z ERROR fuse3::raw::connection::fuse_over_uring] transport payload lease held 1322 ms (≥ 1 s) — overlong handler invocation or a §5.4 severance escape; watch transport_lease_overlong / transport_parked_commits
[2026-08-28T04:18:21Z ERROR fuse3::raw::connection::fuse_over_uring] transport payload lease held 1332 ms (≥ 1 s) — overlong handler invocation or a §5.4 severance escape; watch transport_lease_overlong / transport_parked_commits
[2026-08-28T04:18:21Z ERROR fuse3::raw::connection::fuse_over_uring] transport payload lease held 1323 ms (≥ 1 s) — overlong handler invocation or a §5.4 severance escape; watch transport_lease_overlong / transport_parked_commits
[2026-08-28T04:18:21Z ERROR fuse3::raw::connection::fuse_over_uring] transport payload lease held 1312 ms (≥ 1 s) — overlong handler invocation or a §5.4 severance escape; watch transport_lease_overlong / transport_parked_commits
[2026-08-28T04:18:21Z ERROR fuse3::raw::connection::fuse_over_uring] transport payload lease held 1305 ms (≥ 1 s) — overlong handler invocation or a §5.4 severance escape; watch transport_lease_overlong / transport_parked_commits
[2026-08-28T04:18:21Z ERROR fuse3::raw::connection::fuse_over_uring] transport payload lease held 1296 ms (≥ 1 s) — overlong handler invocation or a §5.4 severance escape; watch transport_lease_overlong / transport_parked_commits
[2026-08-28T04:18:21Z ERROR fuse3::raw::connection::fuse_over_uring] transport payload lease held 1296 ms (≥ 1 s) — overlong handler invocation or a §5.4 severance escape; watch transport_lease_overlong / transport_parked_commits
[2026-08-28T04:18:21Z ERROR fuse3::raw::connection::fuse_over_uring] transport payload lease held 1296 ms (≥ 1 s) — overlong handler invocation or a §5.4 severance escape; watch transport_lease_overlong / transport_parked_commits
[2026-08-28T04:18:21Z ERROR fuse3::raw::connection::fuse_over_uring] transport payload lease held 1289 ms (≥ 1 s) — overlong handler invocation or a §5.4 severance escape; watch transport_lease_overlong / transport_parked_commits
[2026-08-28T04:18:21Z ERROR fuse3::raw::connection::fuse_over_uring] transport payload lease held 1325 ms (≥ 1 s) — overlong handler invocation or a §5.4 severance escape; watch transport_lease_overlong / transport_parked_commits
[2026-08-28T04:18:21Z ERROR fuse3::raw::connection::fuse_over_uring] transport payload lease held 1325 ms (≥ 1 s) — overlong handler invocation or a §5.4 severance escape; watch transport_lease_overlong / transport_parked_commits
[2026-08-28T04:18:21Z ERROR fuse3::raw::connection::fuse_over_uring] transport payload lease held 1325 ms (≥ 1 s) — overlong handler invocation or a §5.4 severance escape; watch transport_lease_overlong / transport_parked_commits
[2026-08-28T04:18:21Z ERROR fuse3::raw::connection::fuse_over_uring] transport payload lease held 1326 ms (≥ 1 s) — overlong handler invocation or a §5.4 severance escape; watch transport_lease_overlong / transport_parked_commits
[2026-08-28T04:18:21Z ERROR fuse3::raw::connection::fuse_over_uring] transport payload lease held 1375 ms (≥ 1 s) — overlong handler invocation or a §5.4 severance escape; watch transport_lease_overlong / transport_parked_commits
[2026-08-28T04:18:21Z ERROR fuse3::raw::connection::fuse_over_uring] transport payload lease held 1375 ms (≥ 1 s) — overlong handler invocation or a §5.4 severance escape; watch transport_lease_overlong / transport_parked_commits
[2026-08-28T04:18:21Z ERROR fuse3::raw::connection::fuse_over_uring] transport payload lease held 1375 ms (≥ 1 s) — overlong handler invocation or a §5.4 severance escape; watch transport_lease_overlong / transport_parked_commits
[2026-08-28T04:18:21Z ERROR fuse3::raw::connection::fuse_over_uring] transport payload lease held 1378 ms (≥ 1 s) — overlong handler invocation or a §5.4 severance escape; watch transport_lease_overlong / transport_parked_commits
[2026-08-28T04:18:21Z ERROR fuse3::raw::connection::fuse_over_uring] transport payload lease held 1402 ms (≥ 1 s) — overlong handler invocation or a §5.4 severance escape; watch transport_lease_overlong / transport_parked_commits
[2026-08-28T04:18:21Z ERROR fuse3::raw::connection::fuse_over_uring] transport payload lease held 1402 ms (≥ 1 s) — overlong handler invocation or a §5.4 severance escape; watch transport_lease_overlong / transport_parked_commits
[2026-08-28T04:18:21Z ERROR fuse3::raw::connection::fuse_over_uring] transport payload lease held 1398 ms (≥ 1 s) — overlong handler invocation or a §5.4 severance escape; watch transport_lease_overlong / transport_parked_commits
[2026-08-28T04:18:21Z ERROR fuse3::raw::connection::fuse_over_uring] transport payload lease held 1401 ms (≥ 1 s) — overlong handler invocation or a §5.4 severance escape; watch transport_lease_overlong / transport_parked_commits
[2026-08-28T04:18:21Z ERROR fuse3::raw::connection::fuse_over_uring] transport payload lease held 1416 ms (≥ 1 s) — overlong handler invocation or a §5.4 severance escape; watch transport_lease_overlong / transport_parked_commits
[2026-08-28T04:18:21Z ERROR fuse3::raw::connection::fuse_over_uring] transport payload lease held 1416 ms (≥ 1 s) — overlong handler invocation or a §5.4 severance escape; watch transport_lease_overlong / transport_parked_commits
[2026-08-28T04:18:21Z ERROR fuse3::raw::connection::fuse_over_uring] transport payload lease held 1415 ms (≥ 1 s) — overlong handler invocation or a §5.4 severance escape; watch transport_lease_overlong / transport_parked_commits
[2026-08-28T04:18:21Z ERROR fuse3::raw::connection::fuse_over_uring] transport payload lease held 1416 ms (≥ 1 s) — overlong handler invocation or a §5.4 severance escape; watch transport_lease_overlong / transport_parked_commits
[2026-08-28T04:18:22Z ERROR fuse3::raw::connection::fuse_over_uring] transport payload lease held 1440 ms (≥ 1 s) — overlong handler invocation or a §5.4 severance escape; watch transport_lease_overlong / transport_parked_commits
[2026-08-28T04:18:22Z ERROR fuse3::raw::connection::fuse_over_uring] transport payload lease held 1439 ms (≥ 1 s) — overlong handler invocation or a §5.4 severance escape; watch transport_lease_overlong / transport_parked_commits
[2026-08-28T04:18:22Z ERROR fuse3::raw::connection::fuse_over_uring] transport payload lease held 1439 ms (≥ 1 s) — overlong handler invocation or a §5.4 severance escape; watch transport_lease_overlong / transport_parked_commits
[2026-08-28T04:18:22Z ERROR fuse3::raw::connection::fuse_over_uring] transport payload lease held 1440 ms (≥ 1 s) — overlong handler invocation or a §5.4 severance escape; watch transport_lease_overlong / transport_parked_commits
[2026-08-28T04:18:22Z ERROR fuse3::raw::connection::fuse_over_uring] transport payload lease held 1411 ms (≥ 1 s) — overlong handler invocation or a §5.4 severance escape; watch transport_lease_overlong / transport_parked_commits
[2026-08-28T04:18:22Z ERROR fuse3::raw::connection::fuse_over_uring] transport payload lease held 1411 ms (≥ 1 s) — overlong handler invocation or a §5.4 severance escape; watch transport_lease_overlong / transport_parked_commits
[2026-08-28T04:18:22Z ERROR fuse3::raw::connection::fuse_over_uring] transport payload lease held 1411 ms (≥ 1 s) — overlong handler invocation or a §5.4 severance escape; watch transport_lease_overlong / transport_parked_commits
[2026-08-28T04:18:22Z ERROR fuse3::raw::connection::fuse_over_uring] transport payload lease held 1412 ms (≥ 1 s) — overlong handler invocation or a §5.4 severance escape; watch transport_lease_overlong / transport_parked_commits
[2026-08-28T04:18:22Z ERROR fuse3::raw::connection::fuse_over_uring] transport payload lease held 1359 ms (≥ 1 s) — overlong handler invocation or a §5.4 severance escape; watch transport_lease_overlong / transport_parked_commits
[2026-08-28T04:18:22Z ERROR fuse3::raw::connection::fuse_over_uring] transport payload lease held 1358 ms (≥ 1 s) — overlong handler invocation or a §5.4 severance escape; watch transport_lease_overlong / transport_parked_commits
[2026-08-28T04:18:22Z ERROR fuse3::raw::connection::fuse_over_uring] transport payload lease held 1384 ms (≥ 1 s) — overlong handler invocation or a §5.4 severance escape; watch transport_lease_overlong / transport_parked_commits
[2026-08-28T04:18:22Z ERROR fuse3::raw::connection::fuse_over_uring] transport payload lease held 1385 ms (≥ 1 s) — overlong handler invocation or a §5.4 severance escape; watch transport_lease_overlong / transport_parked_commits
[2026-08-28T04:18:22Z ERROR fuse3::raw::connection::fuse_over_uring] transport payload lease held 1371 ms (≥ 1 s) — overlong handler invocation or a §5.4 severance escape; watch transport_lease_overlong / transport_parked_commits
[2026-08-28T04:18:22Z ERROR fuse3::raw::connection::fuse_over_uring] transport payload lease held 1371 ms (≥ 1 s) — overlong handler invocation or a §5.4 severance escape; watch transport_lease_overlong / transport_parked_commits
[2026-08-28T04:18:22Z ERROR fuse3::raw::connection::fuse_over_uring] transport payload lease held 1371 ms (≥ 1 s) — overlong handler invocation or a §5.4 severance escape; watch transport_lease_overlong / transport_parked_commits
[2026-08-28T04:18:22Z ERROR fuse3::raw::connection::fuse_over_uring] transport payload lease held 1372 ms (≥ 1 s) — overlong handler invocation or a §5.4 severance escape; watch transport_lease_overlong / transport_parked_commits
[2026-08-28T04:18:22Z ERROR fuse3::raw::connection::fuse_over_uring] transport payload lease held 1379 ms (≥ 1 s) — overlong handler invocation or a §5.4 severance escape; watch transport_lease_overlong / transport_parked_commits
[2026-08-28T04:18:22Z ERROR fuse3::raw::connection::fuse_over_uring] transport payload lease held 1377 ms (≥ 1 s) — overlong handler invocation or a §5.4 severance escape; watch transport_lease_overlong / transport_parked_commits
[2026-08-28T04:18:22Z ERROR fuse3::raw::connection::fuse_over_uring] transport payload lease held 1377 ms (≥ 1 s) — overlong handler invocation or a §5.4 severance escape; watch transport_lease_overlong / transport_parked_commits
[2026-08-28T04:18:22Z ERROR fuse3::raw::connection::fuse_over_uring] transport payload lease held 1378 ms (≥ 1 s) — overlong handler invocation or a §5.4 severance escape; watch transport_lease_overlong / transport_parked_commits
[2026-08-28T04:18:28Z ERROR fuse3::raw::connection::fuse_over_uring] transport payload lease held 1059 ms (≥ 1 s) — overlong handler invocation or a §5.4 severance escape; watch transport_lease_overlong / transport_parked_commits
[2026-08-28T04:18:28Z ERROR fuse3::raw::connection::fuse_over_uring] transport payload lease held 1002 ms (≥ 1 s) — overlong handler invocation or a §5.4 severance escape; watch transport_lease_overlong / transport_parked_commits
[2026-08-28T04:18:31Z ERROR fuse3::raw::connection::fuse_over_uring] transport payload lease held 1000 ms (≥ 1 s) — overlong handler invocation or a §5.4 severance escape; watch transport_lease_overlong / transport_parked_commits
[2026-08-28T04:18:32Z ERROR fuse3::raw::connection::fuse_over_uring] transport payload lease held 1006 ms (≥ 1 s) — overlong handler invocation or a §5.4 severance escape; watch transport_lease_overlong / transport_parked_commits
[2026-08-28T04:18:32Z ERROR fuse3::raw::connection::fuse_over_uring] transport payload lease held 1279 ms (≥ 1 s) — overlong handler invocation or a §5.4 severance escape; watch transport_lease_overlong / transport_parked_commits
[2026-08-28T04:18:32Z ERROR fuse3::raw::connection::fuse_over_uring] transport payload lease held 1278 ms (≥ 1 s) — overlong handler invocation or a §5.4 severance escape; watch transport_lease_overlong / transport_parked_commits
[2026-08-28T04:18:32Z ERROR fuse3::raw::connection::fuse_over_uring] transport payload lease held 1281 ms (≥ 1 s) — overlong handler invocation or a §5.4 severance escape; watch transport_lease_overlong / transport_parked_commits
[2026-08-28T04:18:32Z ERROR fuse3::raw::connection::fuse_over_uring] transport payload lease held 1275 ms (≥ 1 s) — overlong handler invocation or a §5.4 severance escape; watch transport_lease_overlong / transport_parked_commits
[2026-08-28T04:18:32Z ERROR fuse3::raw::connection::fuse_over_uring] transport payload lease held 1274 ms (≥ 1 s) — overlong handler invocation or a §5.4 severance escape; watch transport_lease_overlong / transport_parked_commits
[2026-08-28T04:18:32Z ERROR fuse3::raw::connection::fuse_over_uring] transport payload lease held 1274 ms (≥ 1 s) — overlong handler invocation or a §5.4 severance escape; watch transport_lease_overlong / transport_parked_commits
[2026-08-28T04:18:32Z ERROR fuse3::raw::connection::fuse_over_uring] transport payload lease held 1150 ms (≥ 1 s) — overlong handler invocation or a §5.4 severance escape; watch transport_lease_overlong / transport_parked_commits
[2026-08-28T04:18:33Z ERROR fuse3::raw::connection::fuse_over_uring] transport payload lease held 1204 ms (≥ 1 s) — overlong handler invocation or a §5.4 severance escape; watch transport_lease_overlong / transport_parked_commits
[2026-08-28T04:18:33Z ERROR fuse3::raw::connection::fuse_over_uring] transport payload lease held 1196 ms (≥ 1 s) — overlong handler invocation or a §5.4 severance escape; watch transport_lease_overlong / transport_parked_commits
[2026-08-28T04:18:33Z ERROR fuse3::raw::connection::fuse_over_uring] transport payload lease held 1187 ms (≥ 1 s) — overlong handler invocation or a §5.4 severance escape; watch transport_lease_overlong / transport_parked_commits
[2026-08-28T04:18:44Z ERROR fuse3::raw::connection::fuse_over_uring] transport payload lease held 1157 ms (≥ 1 s) — overlong handler invocation or a §5.4 severance escape; watch transport_lease_overlong / transport_parked_commits
[2026-08-28T04:18:44Z ERROR fuse3::raw::connection::fuse_over_uring] transport payload lease held 1157 ms (≥ 1 s) — overlong handler invocation or a §5.4 severance escape; watch transport_lease_overlong / transport_parked_commits
[2026-08-28T04:18:44Z ERROR fuse3::raw::connection::fuse_over_uring] transport payload lease held 1105 ms (≥ 1 s) — overlong handler invocation or a §5.4 severance escape; watch transport_lease_overlong / transport_parked_commits
[2026-08-28T04:18:44Z ERROR fuse3::raw::connection::fuse_over_uring] transport payload lease held 1090 ms (≥ 1 s) — overlong handler invocation or a §5.4 severance escape; watch transport_lease_overlong / transport_parked_commits
[2026-08-28T04:18:44Z ERROR fuse3::raw::connection::fuse_over_uring] transport payload lease held 1115 ms (≥ 1 s) — overlong handler invocation or a §5.4 severance escape; watch transport_lease_overlong / transport_parked_commits
[2026-08-28T04:18:44Z ERROR fuse3::raw::connection::fuse_over_uring] transport payload lease held 1090 ms (≥ 1 s) — overlong handler invocation or a §5.4 severance escape; watch transport_lease_overlong / transport_parked_commits
[2026-08-28T04:18:44Z ERROR fuse3::raw::connection::fuse_over_uring] transport payload lease held 1037 ms (≥ 1 s) — overlong handler invocation or a §5.4 severance escape; watch transport_lease_overlong / transport_parked_commits
[2026-08-28T04:18:44Z ERROR fuse3::raw::connection::fuse_over_uring] transport payload lease held 1036 ms (≥ 1 s) — overlong handler invocation or a §5.4 severance escape; watch transport_lease_overlong / transport_parked_commits
[2026-08-28T04:18:44Z ERROR fuse3::raw::connection::fuse_over_uring] transport payload lease held 1013 ms (≥ 1 s) — overlong handler invocation or a §5.4 severance escape; watch transport_lease_overlong / transport_parked_commits
[2026-08-28T04:18:44Z ERROR fuse3::raw::connection::fuse_over_uring] transport payload lease held 1013 ms (≥ 1 s) — overlong handler invocation or a §5.4 severance escape; watch transport_lease_overlong / transport_parked_commits
[2026-08-28T04:19:01Z ERROR fuse3::raw::connection::fuse_over_uring] transport payload lease held 1218 ms (≥ 1 s) — overlong handler invocation or a §5.4 severance escape; watch transport_lease_overlong / transport_parked_commits
[2026-08-28T04:19:01Z ERROR fuse3::raw::connection::fuse_over_uring] transport payload lease held 1217 ms (≥ 1 s) — overlong handler invocation or a §5.4 severance escape; watch transport_lease_overlong / transport_parked_commits
[2026-08-28T04:19:01Z ERROR fuse3::raw::connection::fuse_over_uring] transport payload lease held 1217 ms (≥ 1 s) — overlong handler invocation or a §5.4 severance escape; watch transport_lease_overlong / transport_parked_commits
[2026-08-28T04:19:01Z ERROR fuse3::raw::connection::fuse_over_uring] transport payload lease held 1217 ms (≥ 1 s) — overlong handler invocation or a §5.4 severance escape; watch transport_lease_overlong / transport_parked_commits
[2026-08-28T04:19:06Z ERROR fuse3::raw::connection::fuse_over_uring] transport payload lease held 1417 ms (≥ 1 s) — overlong handler invocation or a §5.4 severance escape; watch transport_lease_overlong / transport_parked_commits
[2026-08-28T04:19:06Z ERROR fuse3::raw::connection::fuse_over_uring] transport payload lease held 1417 ms (≥ 1 s) — overlong handler invocation or a §5.4 severance escape; watch transport_lease_overlong / transport_parked_commits
[2026-08-28T04:19:06Z ERROR fuse3::raw::connection::fuse_over_uring] transport payload lease held 1363 ms (≥ 1 s) — overlong handler invocation or a §5.4 severance escape; watch transport_lease_overlong / transport_parked_commits
[2026-08-28T04:19:06Z ERROR fuse3::raw::connection::fuse_over_uring] transport payload lease held 1417 ms (≥ 1 s) — overlong handler invocation or a §5.4 severance escape; watch transport_lease_overlong / transport_parked_commits
[2026-08-28T04:19:06Z ERROR fuse3::raw::connection::fuse_over_uring] transport payload lease held 1355 ms (≥ 1 s) — overlong handler invocation or a §5.4 severance escape; watch transport_lease_overlong / transport_parked_commits
[2026-08-28T04:19:06Z ERROR fuse3::raw::connection::fuse_over_uring] transport payload lease held 1355 ms (≥ 1 s) — overlong handler invocation or a §5.4 severance escape; watch transport_lease_overlong / transport_parked_commits
[2026-08-28T04:19:06Z ERROR fuse3::raw::connection::fuse_over_uring] transport payload lease held 1355 ms (≥ 1 s) — overlong handler invocation or a §5.4 severance escape; watch transport_lease_overlong / transport_parked_commits
[2026-08-28T04:19:06Z ERROR fuse3::raw::connection::fuse_over_uring] transport payload lease held 1324 ms (≥ 1 s) — overlong handler invocation or a §5.4 severance escape; watch transport_lease_overlong / transport_parked_commits
[2026-08-28T04:19:06Z ERROR fuse3::raw::connection::fuse_over_uring] transport payload lease held 1320 ms (≥ 1 s) — overlong handler invocation or a §5.4 severance escape; watch transport_lease_overlong / transport_parked_commits
[2026-08-28T04:19:06Z ERROR fuse3::raw::connection::fuse_over_uring] transport payload lease held 1320 ms (≥ 1 s) — overlong handler invocation or a §5.4 severance escape; watch transport_lease_overlong / transport_parked_commits
[2026-08-28T04:19:06Z ERROR fuse3::raw::connection::fuse_over_uring] transport payload lease held 1320 ms (≥ 1 s) — overlong handler invocation or a §5.4 severance escape; watch transport_lease_overlong / transport_parked_commits
[2026-08-28T04:19:06Z ERROR fuse3::raw::connection::fuse_over_uring] transport payload lease held 1311 ms (≥ 1 s) — overlong handler invocation or a §5.4 severance escape; watch transport_lease_overlong / transport_parked_commits
[2026-08-28T04:19:06Z ERROR fuse3::raw::connection::fuse_over_uring] transport payload lease held 1301 ms (≥ 1 s) — overlong handler invocation or a §5.4 severance escape; watch transport_lease_overlong / transport_parked_commits
[2026-08-28T04:19:06Z ERROR fuse3::raw::connection::fuse_over_uring] transport payload lease held 1300 ms (≥ 1 s) — overlong handler invocation or a §5.4 severance escape; watch transport_lease_overlong / transport_parked_commits
[2026-08-28T04:19:06Z ERROR fuse3::raw::connection::fuse_over_uring] transport payload lease held 1301 ms (≥ 1 s) — overlong handler invocation or a §5.4 severance escape; watch transport_lease_overlong / transport_parked_commits
[2026-08-28T04:19:06Z ERROR fuse3::raw::connection::fuse_over_uring] transport payload lease held 1247 ms (≥ 1 s) — overlong handler invocation or a §5.4 severance escape; watch transport_lease_overlong / transport_parked_commits
[2026-08-28T04:19:06Z ERROR fuse3::raw::connection::fuse_over_uring] transport payload lease held 1247 ms (≥ 1 s) — overlong handler invocation or a §5.4 severance escape; watch transport_lease_overlong / transport_parked_commits
[2026-08-28T04:19:06Z ERROR fuse3::raw::connection::fuse_over_uring] transport payload lease held 1217 ms (≥ 1 s) — overlong handler invocation or a §5.4 severance escape; watch transport_lease_overlong / transport_parked_commits
[2026-08-28T04:19:06Z ERROR fuse3::raw::connection::fuse_over_uring] transport payload lease held 1217 ms (≥ 1 s) — overlong handler invocation or a §5.4 severance escape; watch transport_lease_overlong / transport_parked_commits
[2026-08-28T04:19:06Z ERROR fuse3::raw::connection::fuse_over_uring] transport payload lease held 1139 ms (≥ 1 s) — overlong handler invocation or a §5.4 severance escape; watch transport_lease_overlong / transport_parked_commits
[2026-08-28T04:19:06Z ERROR fuse3::raw::connection::fuse_over_uring] transport payload lease held 1128 ms (≥ 1 s) — overlong handler invocation or a §5.4 severance escape; watch transport_lease_overlong / transport_parked_commits
[2026-08-28T04:19:06Z ERROR fuse3::raw::connection::fuse_over_uring] transport payload lease held 1108 ms (≥ 1 s) — overlong handler invocation or a §5.4 severance escape; watch transport_lease_overlong / transport_parked_commits
[2026-08-28T04:19:06Z ERROR fuse3::raw::connection::fuse_over_uring] transport payload lease held 1108 ms (≥ 1 s) — overlong handler invocation or a §5.4 severance escape; watch transport_lease_overlong / transport_parked_commits
[2026-08-28T04:19:06Z ERROR fuse3::raw::connection::fuse_over_uring] transport payload lease held 1038 ms (≥ 1 s) — overlong handler invocation or a §5.4 severance escape; watch transport_lease_overlong / transport_parked_commits
[2026-08-28T04:19:06Z ERROR fuse3::raw::connection::fuse_over_uring] transport payload lease held 1034 ms (≥ 1 s) — overlong handler invocation or a §5.4 severance escape; watch transport_lease_overlong / transport_parked_commits
[2026-08-28T04:19:06Z ERROR fuse3::raw::connection::fuse_over_uring] transport payload lease held 1033 ms (≥ 1 s) — overlong handler invocation or a §5.4 severance escape; watch transport_lease_overlong / transport_parked_commits
[2026-08-28T04:19:06Z ERROR fuse3::raw::connection::fuse_over_uring] transport payload lease held 1032 ms (≥ 1 s) — overlong handler invocation or a §5.4 severance escape; watch transport_lease_overlong / transport_parked_commits
[2026-08-28T04:19:42Z ERROR fuse3::raw::connection::fuse_over_uring] transport payload lease held 1331 ms (≥ 1 s) — overlong handler invocation or a §5.4 severance escape; watch transport_lease_overlong / transport_parked_commits
[2026-08-28T04:19:42Z ERROR fuse3::raw::connection::fuse_over_uring] transport payload lease held 1332 ms (≥ 1 s) — overlong handler invocation or a §5.4 severance escape; watch transport_lease_overlong / transport_parked_commits
[2026-08-28T04:19:47Z ERROR fuse3::raw::connection::fuse_over_uring] transport payload lease held 1212 ms (≥ 1 s) — overlong handler invocation or a §5.4 severance escape; watch transport_lease_overlong / transport_parked_commits
[2026-08-28T04:19:47Z ERROR fuse3::raw::connection::fuse_over_uring] transport payload lease held 1212 ms (≥ 1 s) — overlong handler invocation or a §5.4 severance escape; watch transport_lease_overlong / transport_parked_commits
[2026-08-28T04:19:47Z ERROR fuse3::raw::connection::fuse_over_uring] transport payload lease held 1209 ms (≥ 1 s) — overlong handler invocation or a §5.4 severance escape; watch transport_lease_overlong / transport_parked_commits
[2026-08-28T04:19:47Z ERROR fuse3::raw::connection::fuse_over_uring] transport payload lease held 1200 ms (≥ 1 s) — overlong handler invocation or a §5.4 severance escape; watch transport_lease_overlong / transport_parked_commits
[2026-08-28T04:19:47Z ERROR fuse3::raw::connection::fuse_over_uring] transport payload lease held 1055 ms (≥ 1 s) — overlong handler invocation or a §5.4 severance escape; watch transport_lease_overlong / transport_parked_commits
[2026-08-28T04:19:47Z ERROR fuse3::raw::connection::fuse_over_uring] transport payload lease held 1182 ms (≥ 1 s) — overlong handler invocation or a §5.4 severance escape; watch transport_lease_overlong / transport_parked_commits
[2026-08-28T04:19:47Z ERROR fuse3::raw::connection::fuse_over_uring] transport payload lease held 1058 ms (≥ 1 s) — overlong handler invocation or a §5.4 severance escape; watch transport_lease_overlong / transport_parked_commits
[2026-08-28T04:19:47Z ERROR fuse3::raw::connection::fuse_over_uring] transport payload lease held 1068 ms (≥ 1 s) — overlong handler invocation or a §5.4 severance escape; watch transport_lease_overlong / transport_parked_commits
[2026-08-28T04:19:47Z ERROR fuse3::raw::connection::fuse_over_uring] transport payload lease held 1068 ms (≥ 1 s) — overlong handler invocation or a §5.4 severance escape; watch transport_lease_overlong / transport_parked_commits
[2026-08-28T04:19:47Z ERROR fuse3::raw::connection::fuse_over_uring] transport payload lease held 1079 ms (≥ 1 s) — overlong handler invocation or a §5.4 severance escape; watch transport_lease_overlong / transport_parked_commits
[2026-08-28T04:19:47Z ERROR fuse3::raw::connection::fuse_over_uring] transport payload lease held 1079 ms (≥ 1 s) — overlong handler invocation or a §5.4 severance escape; watch transport_lease_overlong / transport_parked_commits
[2026-08-28T04:19:47Z ERROR fuse3::raw::connection::fuse_over_uring] transport payload lease held 1079 ms (≥ 1 s) — overlong handler invocation or a §5.4 severance escape; watch transport_lease_overlong / transport_parked_commits
[2026-08-28T04:19:47Z ERROR fuse3::raw::connection::fuse_over_uring] transport payload lease held 1089 ms (≥ 1 s) — overlong handler invocation or a §5.4 severance escape; watch transport_lease_overlong / transport_parked_commits
[2026-08-28T04:19:47Z ERROR fuse3::raw::connection::fuse_over_uring] transport payload lease held 1090 ms (≥ 1 s) — overlong handler invocation or a §5.4 severance escape; watch transport_lease_overlong / transport_parked_commits
[2026-08-28T04:19:47Z ERROR fuse3::raw::connection::fuse_over_uring] transport payload lease held 1087 ms (≥ 1 s) — overlong handler invocation or a §5.4 severance escape; watch transport_lease_overlong / transport_parked_commits
[2026-08-28T04:19:47Z ERROR fuse3::raw::connection::fuse_over_uring] transport payload lease held 1087 ms (≥ 1 s) — overlong handler invocation or a §5.4 severance escape; watch transport_lease_overlong / transport_parked_commits
[2026-08-28T04:19:47Z ERROR fuse3::raw::connection::fuse_over_uring] transport payload lease held 1093 ms (≥ 1 s) — overlong handler invocation or a §5.4 severance escape; watch transport_lease_overlong / transport_parked_commits
[2026-08-28T04:19:47Z ERROR fuse3::raw::connection::fuse_over_uring] transport payload lease held 1093 ms (≥ 1 s) — overlong handler invocation or a §5.4 severance escape; watch transport_lease_overlong / transport_parked_commits
[2026-08-28T04:19:47Z ERROR fuse3::raw::connection::fuse_over_uring] transport payload lease held 1093 ms (≥ 1 s) — overlong handler invocation or a §5.4 severance escape; watch transport_lease_overlong / transport_parked_commits
[2026-08-28T04:19:47Z ERROR fuse3::raw::connection::fuse_over_uring] transport payload lease held 1108 ms (≥ 1 s) — overlong handler invocation or a §5.4 severance escape; watch transport_lease_overlong / transport_parked_commits
[2026-08-28T04:19:47Z ERROR fuse3::raw::connection::fuse_over_uring] transport payload lease held 1108 ms (≥ 1 s) — overlong handler invocation or a §5.4 severance escape; watch transport_lease_overlong / transport_parked_commits
[2026-08-28T04:19:48Z ERROR fuse3::raw::connection::fuse_over_uring] transport payload lease held 1672 ms (≥ 1 s) — overlong handler invocation or a §5.4 severance escape; watch transport_lease_overlong / transport_parked_commits
[2026-08-28T04:19:48Z ERROR fuse3::raw::connection::fuse_over_uring] transport payload lease held 1599 ms (≥ 1 s) — overlong handler invocation or a §5.4 severance escape; watch transport_lease_overlong / transport_parked_commits
[2026-08-28T04:19:48Z ERROR fuse3::raw::connection::fuse_over_uring] transport payload lease held 1599 ms (≥ 1 s) — overlong handler invocation or a §5.4 severance escape; watch transport_lease_overlong / transport_parked_commits
[2026-08-28T04:19:48Z ERROR fuse3::raw::connection::fuse_over_uring] transport payload lease held 1635 ms (≥ 1 s) — overlong handler invocation or a §5.4 severance escape; watch transport_lease_overlong / transport_parked_commits
[2026-08-28T04:19:48Z ERROR fuse3::raw::connection::fuse_over_uring] transport payload lease held 1635 ms (≥ 1 s) — overlong handler invocation or a §5.4 severance escape; watch transport_lease_overlong / transport_parked_commits
[2026-08-28T04:19:48Z ERROR fuse3::raw::connection::fuse_over_uring] transport payload lease held 1632 ms (≥ 1 s) — overlong handler invocation or a §5.4 severance escape; watch transport_lease_overlong / transport_parked_commits
[2026-08-28T04:19:48Z ERROR fuse3::raw::connection::fuse_over_uring] transport payload lease held 1633 ms (≥ 1 s) — overlong handler invocation or a §5.4 severance escape; watch transport_lease_overlong / transport_parked_commits
[2026-08-28T04:19:48Z ERROR fuse3::raw::connection::fuse_over_uring] transport payload lease held 1682 ms (≥ 1 s) — overlong handler invocation or a §5.4 severance escape; watch transport_lease_overlong / transport_parked_commits
[2026-08-28T04:19:48Z ERROR fuse3::raw::connection::fuse_over_uring] transport payload lease held 1681 ms (≥ 1 s) — overlong handler invocation or a §5.4 severance escape; watch transport_lease_overlong / transport_parked_commits
[2026-08-28T04:19:48Z ERROR fuse3::raw::connection::fuse_over_uring] transport payload lease held 1681 ms (≥ 1 s) — overlong handler invocation or a §5.4 severance escape; watch transport_lease_overlong / transport_parked_commits
[2026-08-28T04:19:48Z ERROR fuse3::raw::connection::fuse_over_uring] transport payload lease held 1655 ms (≥ 1 s) — overlong handler invocation or a §5.4 severance escape; watch transport_lease_overlong / transport_parked_commits
[2026-08-28T04:19:48Z ERROR fuse3::raw::connection::fuse_over_uring] transport payload lease held 1656 ms (≥ 1 s) — overlong handler invocation or a §5.4 severance escape; watch transport_lease_overlong / transport_parked_commits
[2026-08-28T04:19:48Z ERROR fuse3::raw::connection::fuse_over_uring] transport payload lease held 1656 ms (≥ 1 s) — overlong handler invocation or a §5.4 severance escape; watch transport_lease_overlong / transport_parked_commits
[2026-08-28T04:19:48Z ERROR fuse3::raw::connection::fuse_over_uring] transport payload lease held 1656 ms (≥ 1 s) — overlong handler invocation or a §5.4 severance escape; watch transport_lease_overlong / transport_parked_commits
[2026-08-28T04:19:48Z ERROR fuse3::raw::connection::fuse_over_uring] transport payload lease held 1970 ms (≥ 1 s) — overlong handler invocation or a §5.4 severance escape; watch transport_lease_overlong / transport_parked_commits
[2026-08-28T04:19:48Z ERROR fuse3::raw::connection::fuse_over_uring] transport payload lease held 1970 ms (≥ 1 s) — overlong handler invocation or a §5.4 severance escape; watch transport_lease_overlong / transport_parked_commits
[2026-08-28T04:19:48Z ERROR fuse3::raw::connection::fuse_over_uring] transport payload lease held 1970 ms (≥ 1 s) — overlong handler invocation or a §5.4 severance escape; watch transport_lease_overlong / transport_parked_commits
[2026-08-28T04:19:48Z ERROR fuse3::raw::connection::fuse_over_uring] transport payload lease held 1969 ms (≥ 1 s) — overlong handler invocation or a §5.4 severance escape; watch transport_lease_overlong / transport_parked_commits
[2026-08-28T04:19:48Z ERROR fuse3::raw::connection::fuse_over_uring] transport payload lease held 1662 ms (≥ 1 s) — overlong handler invocation or a §5.4 severance escape; watch transport_lease_overlong / transport_parked_commits
[2026-08-28T04:19:48Z ERROR fuse3::raw::connection::fuse_over_uring] transport payload lease held 1533 ms (≥ 1 s) — overlong handler invocation or a §5.4 severance escape; watch transport_lease_overlong / transport_parked_commits
[2026-08-28T04:19:48Z ERROR fuse3::raw::connection::fuse_over_uring] transport payload lease held 1533 ms (≥ 1 s) — overlong handler invocation or a §5.4 severance escape; watch transport_lease_overlong / transport_parked_commits
[2026-08-28T04:19:48Z ERROR fuse3::raw::connection::fuse_over_uring] transport payload lease held 1532 ms (≥ 1 s) — overlong handler invocation or a §5.4 severance escape; watch transport_lease_overlong / transport_parked_commits
[2026-08-28T04:19:53Z ERROR fuse3::raw::connection::fuse_over_uring] transport payload lease held 1896 ms (≥ 1 s) — overlong handler invocation or a §5.4 severance escape; watch transport_lease_overlong / transport_parked_commits
[2026-08-28T04:19:53Z ERROR fuse3::raw::connection::fuse_over_uring] transport payload lease held 1896 ms (≥ 1 s) — overlong handler invocation or a §5.4 severance escape; watch transport_lease_overlong / transport_parked_commits
[2026-08-28T04:19:53Z ERROR fuse3::raw::connection::fuse_over_uring] transport payload lease held 1896 ms (≥ 1 s) — overlong handler invocation or a §5.4 severance escape; watch transport_lease_overlong / transport_parked_commits
[2026-08-28T04:19:53Z ERROR fuse3::raw::connection::fuse_over_uring] transport payload lease held 1772 ms (≥ 1 s) — overlong handler invocation or a §5.4 severance escape; watch transport_lease_overlong / transport_parked_commits
[2026-08-28T04:19:53Z ERROR fuse3::raw::connection::fuse_over_uring] transport payload lease held 1004 ms (≥ 1 s) — overlong handler invocation or a §5.4 severance escape; watch transport_lease_overlong / transport_parked_commits
[2026-08-28T04:19:53Z ERROR fuse3::raw::connection::fuse_over_uring] transport payload lease held 1003 ms (≥ 1 s) — overlong handler invocation or a §5.4 severance escape; watch transport_lease_overlong / transport_parked_commits
[2026-08-28T04:19:53Z ERROR fuse3::raw::connection::fuse_over_uring] transport payload lease held 1003 ms (≥ 1 s) — overlong handler invocation or a §5.4 severance escape; watch transport_lease_overlong / transport_parked_commits
[2026-08-28T04:19:53Z ERROR fuse3::raw::connection::fuse_over_uring] transport payload lease held 1011 ms (≥ 1 s) — overlong handler invocation or a §5.4 severance escape; watch transport_lease_overlong / transport_parked_commits
[2026-08-28T04:19:53Z ERROR fuse3::raw::connection::fuse_over_uring] transport payload lease held 1050 ms (≥ 1 s) — overlong handler invocation or a §5.4 severance escape; watch transport_lease_overlong / transport_parked_commits
[2026-08-28T04:19:53Z ERROR fuse3::raw::connection::fuse_over_uring] transport payload lease held 1050 ms (≥ 1 s) — overlong handler invocation or a §5.4 severance escape; watch transport_lease_overlong / transport_parked_commits
[2026-08-28T04:19:53Z ERROR fuse3::raw::connection::fuse_over_uring] transport payload lease held 1050 ms (≥ 1 s) — overlong handler invocation or a §5.4 severance escape; watch transport_lease_overlong / transport_parked_commits
[2026-08-28T04:19:53Z ERROR fuse3::raw::connection::fuse_over_uring] transport payload lease held 1015 ms (≥ 1 s) — overlong handler invocation or a §5.4 severance escape; watch transport_lease_overlong / transport_parked_commits
[2026-08-28T04:19:54Z ERROR fuse3::raw::connection::fuse_over_uring] transport payload lease held 1798 ms (≥ 1 s) — overlong handler invocation or a §5.4 severance escape; watch transport_lease_overlong / transport_parked_commits
[2026-08-28T04:19:54Z ERROR fuse3::raw::connection::fuse_over_uring] transport payload lease held 1598 ms (≥ 1 s) — overlong handler invocation or a §5.4 severance escape; watch transport_lease_overlong / transport_parked_commits
[2026-08-28T04:19:54Z ERROR fuse3::raw::connection::fuse_over_uring] transport payload lease held 2380 ms (≥ 1 s) — overlong handler invocation or a §5.4 severance escape; watch transport_lease_overlong / transport_parked_commits
[2026-08-28T04:19:54Z ERROR fuse3::raw::connection::fuse_over_uring] transport payload lease held 2381 ms (≥ 1 s) — overlong handler invocation or a §5.4 severance escape; watch transport_lease_overlong / transport_parked_commits
[2026-08-28T04:19:54Z ERROR fuse3::raw::connection::fuse_over_uring] transport payload lease held 2381 ms (≥ 1 s) — overlong handler invocation or a §5.4 severance escape; watch transport_lease_overlong / transport_parked_commits
[2026-08-28T04:19:54Z ERROR fuse3::raw::connection::fuse_over_uring] transport payload lease held 2381 ms (≥ 1 s) — overlong handler invocation or a §5.4 severance escape; watch transport_lease_overlong / transport_parked_commits
[2026-08-28T04:19:56Z ERROR fuse3::raw::connection::fuse_over_uring] transport payload lease held 1315 ms (≥ 1 s) — overlong handler invocation or a §5.4 severance escape; watch transport_lease_overlong / transport_parked_commits
[2026-08-28T04:19:56Z ERROR fuse3::raw::connection::fuse_over_uring] transport payload lease held 1384 ms (≥ 1 s) — overlong handler invocation or a §5.4 severance escape; watch transport_lease_overlong / transport_parked_commits
[2026-08-28T04:19:56Z ERROR fuse3::raw::connection::fuse_over_uring] transport payload lease held 1373 ms (≥ 1 s) — overlong handler invocation or a §5.4 severance escape; watch transport_lease_overlong / transport_parked_commits
[2026-08-28T04:19:56Z ERROR fuse3::raw::connection::fuse_over_uring] transport payload lease held 1335 ms (≥ 1 s) — overlong handler invocation or a §5.4 severance escape; watch transport_lease_overlong / transport_parked_commits
[2026-08-28T04:19:56Z ERROR fuse3::raw::connection::fuse_over_uring] transport payload lease held 1336 ms (≥ 1 s) — overlong handler invocation or a §5.4 severance escape; watch transport_lease_overlong / transport_parked_commits
[2026-08-28T04:19:56Z ERROR fuse3::raw::connection::fuse_over_uring] transport payload lease held 1440 ms (≥ 1 s) — overlong handler invocation or a §5.4 severance escape; watch transport_lease_overlong / transport_parked_commits
[2026-08-28T04:19:56Z ERROR fuse3::raw::connection::fuse_over_uring] transport payload lease held 1408 ms (≥ 1 s) — overlong handler invocation or a §5.4 severance escape; watch transport_lease_overlong / transport_parked_commits
[2026-08-28T04:19:56Z ERROR fuse3::raw::connection::fuse_over_uring] transport payload lease held 1425 ms (≥ 1 s) — overlong handler invocation or a §5.4 severance escape; watch transport_lease_overlong / transport_parked_commits
[2026-08-28T04:19:56Z ERROR fuse3::raw::connection::fuse_over_uring] transport payload lease held 1408 ms (≥ 1 s) — overlong handler invocation or a §5.4 severance escape; watch transport_lease_overlong / transport_parked_commits
[2026-08-28T04:19:56Z ERROR fuse3::raw::connection::fuse_over_uring] transport payload lease held 1504 ms (≥ 1 s) — overlong handler invocation or a §5.4 severance escape; watch transport_lease_overlong / transport_parked_commits
[2026-08-28T04:19:56Z ERROR fuse3::raw::connection::fuse_over_uring] transport payload lease held 1504 ms (≥ 1 s) — overlong handler invocation or a §5.4 severance escape; watch transport_lease_overlong / transport_parked_commits
[2026-08-28T04:19:56Z ERROR fuse3::raw::connection::fuse_over_uring] transport payload lease held 1470 ms (≥ 1 s) — overlong handler invocation or a §5.4 severance escape; watch transport_lease_overlong / transport_parked_commits
[2026-08-28T04:19:56Z ERROR fuse3::raw::connection::fuse_over_uring] transport payload lease held 1469 ms (≥ 1 s) — overlong handler invocation or a §5.4 severance escape; watch transport_lease_overlong / transport_parked_commits
[2026-08-28T04:19:57Z ERROR fuse3::raw::connection::fuse_over_uring] transport payload lease held 1559 ms (≥ 1 s) — overlong handler invocation or a §5.4 severance escape; watch transport_lease_overlong / transport_parked_commits
[2026-08-28T04:19:57Z ERROR fuse3::raw::connection::fuse_over_uring] transport payload lease held 1558 ms (≥ 1 s) — overlong handler invocation or a §5.4 severance escape; watch transport_lease_overlong / transport_parked_commits
[2026-08-28T04:19:57Z ERROR fuse3::raw::connection::fuse_over_uring] transport payload lease held 1548 ms (≥ 1 s) — overlong handler invocation or a §5.4 severance escape; watch transport_lease_overlong / transport_parked_commits
[2026-08-28T04:19:57Z ERROR fuse3::raw::connection::fuse_over_uring] transport payload lease held 1547 ms (≥ 1 s) — overlong handler invocation or a §5.4 severance escape; watch transport_lease_overlong / transport_parked_commits
[2026-08-28T04:19:57Z ERROR fuse3::raw::connection::fuse_over_uring] transport payload lease held 1629 ms (≥ 1 s) — overlong handler invocation or a §5.4 severance escape; watch transport_lease_overlong / transport_parked_commits
[2026-08-28T04:19:57Z ERROR fuse3::raw::connection::fuse_over_uring] transport payload lease held 1623 ms (≥ 1 s) — overlong handler invocation or a §5.4 severance escape; watch transport_lease_overlong / transport_parked_commits
[2026-08-28T04:19:57Z ERROR fuse3::raw::connection::fuse_over_uring] transport payload lease held 1624 ms (≥ 1 s) — overlong handler invocation or a §5.4 severance escape; watch transport_lease_overlong / transport_parked_commits
[2026-08-28T04:19:57Z ERROR fuse3::raw::connection::fuse_over_uring] transport payload lease held 1623 ms (≥ 1 s) — overlong handler invocation or a §5.4 severance escape; watch transport_lease_overlong / transport_parked_commits
[2026-08-28T04:19:57Z ERROR fuse3::raw::connection::fuse_over_uring] transport payload lease held 1736 ms (≥ 1 s) — overlong handler invocation or a §5.4 severance escape; watch transport_lease_overlong / transport_parked_commits
[2026-08-28T04:19:57Z ERROR fuse3::raw::connection::fuse_over_uring] transport payload lease held 1734 ms (≥ 1 s) — overlong handler invocation or a §5.4 severance escape; watch transport_lease_overlong / transport_parked_commits
[2026-08-28T04:19:57Z ERROR fuse3::raw::connection::fuse_over_uring] transport payload lease held 1717 ms (≥ 1 s) — overlong handler invocation or a §5.4 severance escape; watch transport_lease_overlong / transport_parked_commits
[2026-08-28T04:19:57Z ERROR fuse3::raw::connection::fuse_over_uring] transport payload lease held 1718 ms (≥ 1 s) — overlong handler invocation or a §5.4 severance escape; watch transport_lease_overlong / transport_parked_commits
[2026-08-28T04:19:57Z ERROR fuse3::raw::connection::fuse_over_uring] transport payload lease held 1794 ms (≥ 1 s) — overlong handler invocation or a §5.4 severance escape; watch transport_lease_overlong / transport_parked_commits
[2026-08-28T04:19:57Z ERROR fuse3::raw::connection::fuse_over_uring] transport payload lease held 1794 ms (≥ 1 s) — overlong handler invocation or a §5.4 severance escape; watch transport_lease_overlong / transport_parked_commits
[2026-08-28T04:19:57Z ERROR fuse3::raw::connection::fuse_over_uring] transport payload lease held 1794 ms (≥ 1 s) — overlong handler invocation or a §5.4 severance escape; watch transport_lease_overlong / transport_parked_commits
[2026-08-28T04:19:57Z ERROR fuse3::raw::connection::fuse_over_uring] transport payload lease held 1794 ms (≥ 1 s) — overlong handler invocation or a §5.4 severance escape; watch transport_lease_overlong / transport_parked_commits
[2026-08-28T04:19:57Z ERROR fuse3::raw::connection::fuse_over_uring] transport payload lease held 1847 ms (≥ 1 s) — overlong handler invocation or a §5.4 severance escape; watch transport_lease_overlong / transport_parked_commits
[2026-08-28T04:19:57Z ERROR fuse3::raw::connection::fuse_over_uring] transport payload lease held 1846 ms (≥ 1 s) — overlong handler invocation or a §5.4 severance escape; watch transport_lease_overlong / transport_parked_commits
[2026-08-28T04:19:57Z ERROR fuse3::raw::connection::fuse_over_uring] transport payload lease held 1843 ms (≥ 1 s) — overlong handler invocation or a §5.4 severance escape; watch transport_lease_overlong / transport_parked_commits
[2026-08-28T04:19:57Z ERROR fuse3::raw::connection::fuse_over_uring] transport payload lease held 1843 ms (≥ 1 s) — overlong handler invocation or a §5.4 severance escape; watch transport_lease_overlong / transport_parked_commits
[2026-08-28T04:19:57Z ERROR fuse3::raw::connection::fuse_over_uring] transport payload lease held 1873 ms (≥ 1 s) — overlong handler invocation or a §5.4 severance escape; watch transport_lease_overlong / transport_parked_commits
[2026-08-28T04:19:57Z ERROR fuse3::raw::connection::fuse_over_uring] transport payload lease held 1873 ms (≥ 1 s) — overlong handler invocation or a §5.4 severance escape; watch transport_lease_overlong / transport_parked_commits
[2026-08-28T04:19:57Z ERROR fuse3::raw::connection::fuse_over_uring] transport payload lease held 1873 ms (≥ 1 s) — overlong handler invocation or a §5.4 severance escape; watch transport_lease_overlong / transport_parked_commits
[2026-08-28T04:19:57Z ERROR fuse3::raw::connection::fuse_over_uring] transport payload lease held 1873 ms (≥ 1 s) — overlong handler invocation or a §5.4 severance escape; watch transport_lease_overlong / transport_parked_commits
[2026-08-28T04:19:57Z ERROR fuse3::raw::connection::fuse_over_uring] transport payload lease held 1840 ms (≥ 1 s) — overlong handler invocation or a §5.4 severance escape; watch transport_lease_overlong / transport_parked_commits
[2026-08-28T04:19:57Z ERROR fuse3::raw::connection::fuse_over_uring] transport payload lease held 1828 ms (≥ 1 s) — overlong handler invocation or a §5.4 severance escape; watch transport_lease_overlong / transport_parked_commits
[2026-08-28T04:19:57Z ERROR fuse3::raw::connection::fuse_over_uring] transport payload lease held 1828 ms (≥ 1 s) — overlong handler invocation or a §5.4 severance escape; watch transport_lease_overlong / transport_parked_commits
[2026-08-28T04:19:57Z ERROR fuse3::raw::connection::fuse_over_uring] transport payload lease held 1828 ms (≥ 1 s) — overlong handler invocation or a §5.4 severance escape; watch transport_lease_overlong / transport_parked_commits
[2026-08-28T04:19:57Z ERROR fuse3::raw::connection::fuse_over_uring] transport payload lease held 1818 ms (≥ 1 s) — overlong handler invocation or a §5.4 severance escape; watch transport_lease_overlong / transport_parked_commits
[2026-08-28T04:19:57Z ERROR fuse3::raw::connection::fuse_over_uring] transport payload lease held 1814 ms (≥ 1 s) — overlong handler invocation or a §5.4 severance escape; watch transport_lease_overlong / transport_parked_commits
[2026-08-28T04:19:57Z ERROR fuse3::raw::connection::fuse_over_uring] transport payload lease held 1812 ms (≥ 1 s) — overlong handler invocation or a §5.4 severance escape; watch transport_lease_overlong / transport_parked_commits
[2026-08-28T04:19:57Z ERROR fuse3::raw::connection::fuse_over_uring] transport payload lease held 1809 ms (≥ 1 s) — overlong handler invocation or a §5.4 severance escape; watch transport_lease_overlong / transport_parked_commits
[2026-08-28T04:19:57Z ERROR fuse3::raw::connection::fuse_over_uring] transport payload lease held 1881 ms (≥ 1 s) — overlong handler invocation or a §5.4 severance escape; watch transport_lease_overlong / transport_parked_commits
[2026-08-28T04:19:57Z ERROR fuse3::raw::connection::fuse_over_uring] transport payload lease held 1927 ms (≥ 1 s) — overlong handler invocation or a §5.4 severance escape; watch transport_lease_overlong / transport_parked_commits
[2026-08-28T04:19:57Z ERROR fuse3::raw::connection::fuse_over_uring] transport payload lease held 1927 ms (≥ 1 s) — overlong handler invocation or a §5.4 severance escape; watch transport_lease_overlong / transport_parked_commits
[2026-08-28T04:19:57Z ERROR fuse3::raw::connection::fuse_over_uring] transport payload lease held 1927 ms (≥ 1 s) — overlong handler invocation or a §5.4 severance escape; watch transport_lease_overlong / transport_parked_commits
[2026-08-28T04:19:57Z ERROR fuse3::raw::connection::fuse_over_uring] transport payload lease held 1946 ms (≥ 1 s) — overlong handler invocation or a §5.4 severance escape; watch transport_lease_overlong / transport_parked_commits
[2026-08-28T04:19:57Z ERROR fuse3::raw::connection::fuse_over_uring] transport payload lease held 1946 ms (≥ 1 s) — overlong handler invocation or a §5.4 severance escape; watch transport_lease_overlong / transport_parked_commits
[2026-08-28T04:19:57Z ERROR fuse3::raw::connection::fuse_over_uring] transport payload lease held 1947 ms (≥ 1 s) — overlong handler invocation or a §5.4 severance escape; watch transport_lease_overlong / transport_parked_commits
[2026-08-28T04:19:57Z ERROR fuse3::raw::connection::fuse_over_uring] transport payload lease held 1946 ms (≥ 1 s) — overlong handler invocation or a §5.4 severance escape; watch transport_lease_overlong / transport_parked_commits
[2026-08-28T04:19:57Z ERROR fuse3::raw::connection::fuse_over_uring] transport payload lease held 1889 ms (≥ 1 s) — overlong handler invocation or a §5.4 severance escape; watch transport_lease_overlong / transport_parked_commits
[2026-08-28T04:19:57Z ERROR fuse3::raw::connection::fuse_over_uring] transport payload lease held 1886 ms (≥ 1 s) — overlong handler invocation or a §5.4 severance escape; watch transport_lease_overlong / transport_parked_commits
[2026-08-28T04:19:58Z ERROR fuse3::raw::connection::fuse_over_uring] transport payload lease held 1408 ms (≥ 1 s) — overlong handler invocation or a §5.4 severance escape; watch transport_lease_overlong / transport_parked_commits
[2026-08-28T04:19:58Z ERROR fuse3::raw::connection::fuse_over_uring] transport payload lease held 1408 ms (≥ 1 s) — overlong handler invocation or a §5.4 severance escape; watch transport_lease_overlong / transport_parked_commits
[2026-08-28T04:19:58Z ERROR fuse3::raw::connection::fuse_over_uring] transport payload lease held 1408 ms (≥ 1 s) — overlong handler invocation or a §5.4 severance escape; watch transport_lease_overlong / transport_parked_commits
[2026-08-28T04:19:58Z ERROR fuse3::raw::connection::fuse_over_uring] transport payload lease held 1408 ms (≥ 1 s) — overlong handler invocation or a §5.4 severance escape; watch transport_lease_overlong / transport_parked_commits
[2026-08-28T04:19:58Z ERROR fuse3::raw::connection::fuse_over_uring] transport payload lease held 1319 ms (≥ 1 s) — overlong handler invocation or a §5.4 severance escape; watch transport_lease_overlong / transport_parked_commits
[2026-08-28T04:19:58Z ERROR fuse3::raw::connection::fuse_over_uring] transport payload lease held 1319 ms (≥ 1 s) — overlong handler invocation or a §5.4 severance escape; watch transport_lease_overlong / transport_parked_commits
[2026-08-28T04:19:58Z ERROR fuse3::raw::connection::fuse_over_uring] transport payload lease held 1312 ms (≥ 1 s) — overlong handler invocation or a §5.4 severance escape; watch transport_lease_overlong / transport_parked_commits
[2026-08-28T04:19:58Z ERROR fuse3::raw::connection::fuse_over_uring] transport payload lease held 1319 ms (≥ 1 s) — overlong handler invocation or a §5.4 severance escape; watch transport_lease_overlong / transport_parked_commits
[2026-08-28T04:19:58Z ERROR fuse3::raw::connection::fuse_over_uring] transport payload lease held 2091 ms (≥ 1 s) — overlong handler invocation or a §5.4 severance escape; watch transport_lease_overlong / transport_parked_commits
[2026-08-28T04:19:58Z ERROR fuse3::raw::connection::fuse_over_uring] transport payload lease held 1220 ms (≥ 1 s) — overlong handler invocation or a §5.4 severance escape; watch transport_lease_overlong / transport_parked_commits
[2026-08-28T04:19:58Z ERROR fuse3::raw::connection::fuse_over_uring] transport payload lease held 1243 ms (≥ 1 s) — overlong handler invocation or a §5.4 severance escape; watch transport_lease_overlong / transport_parked_commits
[2026-08-28T04:19:58Z ERROR fuse3::raw::connection::fuse_over_uring] transport payload lease held 1275 ms (≥ 1 s) — overlong handler invocation or a §5.4 severance escape; watch transport_lease_overlong / transport_parked_commits
[2026-08-28T04:19:58Z ERROR fuse3::raw::connection::fuse_over_uring] transport payload lease held 1301 ms (≥ 1 s) — overlong handler invocation or a §5.4 severance escape; watch transport_lease_overlong / transport_parked_commits
[2026-08-28T04:19:58Z ERROR fuse3::raw::connection::fuse_over_uring] transport payload lease held 1243 ms (≥ 1 s) — overlong handler invocation or a §5.4 severance escape; watch transport_lease_overlong / transport_parked_commits
[2026-08-28T04:19:58Z ERROR fuse3::raw::connection::fuse_over_uring] transport payload lease held 1242 ms (≥ 1 s) — overlong handler invocation or a §5.4 severance escape; watch transport_lease_overlong / transport_parked_commits
[2026-08-28T04:19:58Z ERROR fuse3::raw::connection::fuse_over_uring] transport payload lease held 1242 ms (≥ 1 s) — overlong handler invocation or a §5.4 severance escape; watch transport_lease_overlong / transport_parked_commits
[2026-08-28T04:19:58Z ERROR fuse3::raw::connection::fuse_over_uring] transport payload lease held 1242 ms (≥ 1 s) — overlong handler invocation or a §5.4 severance escape; watch transport_lease_overlong / transport_parked_commits
[2026-08-28T04:19:58Z ERROR fuse3::raw::connection::fuse_over_uring] transport payload lease held 1181 ms (≥ 1 s) — overlong handler invocation or a §5.4 severance escape; watch transport_lease_overlong / transport_parked_commits
[2026-08-28T04:19:58Z ERROR fuse3::raw::connection::fuse_over_uring] transport payload lease held 1177 ms (≥ 1 s) — overlong handler invocation or a §5.4 severance escape; watch transport_lease_overlong / transport_parked_commits
[2026-08-28T04:19:58Z ERROR fuse3::raw::connection::fuse_over_uring] transport payload lease held 1174 ms (≥ 1 s) — overlong handler invocation or a §5.4 severance escape; watch transport_lease_overlong / transport_parked_commits
[2026-08-28T04:19:58Z ERROR fuse3::raw::connection::fuse_over_uring] transport payload lease held 1167 ms (≥ 1 s) — overlong handler invocation or a §5.4 severance escape; watch transport_lease_overlong / transport_parked_commits
[2026-08-28T04:19:58Z ERROR fuse3::raw::connection::fuse_over_uring] transport payload lease held 1106 ms (≥ 1 s) — overlong handler invocation or a §5.4 severance escape; watch transport_lease_overlong / transport_parked_commits
[2026-08-28T04:19:58Z ERROR fuse3::raw::connection::fuse_over_uring] transport payload lease held 1104 ms (≥ 1 s) — overlong handler invocation or a §5.4 severance escape; watch transport_lease_overlong / transport_parked_commits
[2026-08-28T04:19:58Z ERROR fuse3::raw::connection::fuse_over_uring] transport payload lease held 1118 ms (≥ 1 s) — overlong handler invocation or a §5.4 severance escape; watch transport_lease_overlong / transport_parked_commits
[2026-08-28T04:19:58Z ERROR fuse3::raw::connection::fuse_over_uring] transport payload lease held 1118 ms (≥ 1 s) — overlong handler invocation or a §5.4 severance escape; watch transport_lease_overlong / transport_parked_commits
[2026-08-28T04:19:58Z ERROR fuse3::raw::connection::fuse_over_uring] transport payload lease held 1110 ms (≥ 1 s) — overlong handler invocation or a §5.4 severance escape; watch transport_lease_overlong / transport_parked_commits
[2026-08-28T04:19:58Z ERROR fuse3::raw::connection::fuse_over_uring] transport payload lease held 1100 ms (≥ 1 s) — overlong handler invocation or a §5.4 severance escape; watch transport_lease_overlong / transport_parked_commits
[2026-08-28T04:19:58Z ERROR fuse3::raw::connection::fuse_over_uring] transport payload lease held 1100 ms (≥ 1 s) — overlong handler invocation or a §5.4 severance escape; watch transport_lease_overlong / transport_parked_commits
[2026-08-28T04:19:58Z ERROR fuse3::raw::connection::fuse_over_uring] transport payload lease held 1100 ms (≥ 1 s) — overlong handler invocation or a §5.4 severance escape; watch transport_lease_overlong / transport_parked_commits
[2026-08-28T04:19:58Z ERROR fuse3::raw::connection::fuse_over_uring] transport payload lease held 1088 ms (≥ 1 s) — overlong handler invocation or a §5.4 severance escape; watch transport_lease_overlong / transport_parked_commits
[2026-08-28T04:19:58Z ERROR fuse3::raw::connection::fuse_over_uring] transport payload lease held 1083 ms (≥ 1 s) — overlong handler invocation or a §5.4 severance escape; watch transport_lease_overlong / transport_parked_commits
[2026-08-28T04:19:58Z ERROR fuse3::raw::connection::fuse_over_uring] transport payload lease held 1088 ms (≥ 1 s) — overlong handler invocation or a §5.4 severance escape; watch transport_lease_overlong / transport_parked_commits
[2026-08-28T04:19:58Z ERROR fuse3::raw::connection::fuse_over_uring] transport payload lease held 1079 ms (≥ 1 s) — overlong handler invocation or a §5.4 severance escape; watch transport_lease_overlong / transport_parked_commits
[2026-08-28T04:19:59Z ERROR fuse3::raw::connection::fuse_over_uring] transport payload lease held 1051 ms (≥ 1 s) — overlong handler invocation or a §5.4 severance escape; watch transport_lease_overlong / transport_parked_commits
[2026-08-28T04:19:59Z ERROR fuse3::raw::connection::fuse_over_uring] transport payload lease held 1052 ms (≥ 1 s) — overlong handler invocation or a §5.4 severance escape; watch transport_lease_overlong / transport_parked_commits
[2026-08-28T04:19:59Z ERROR fuse3::raw::connection::fuse_over_uring] transport payload lease held 1050 ms (≥ 1 s) — overlong handler invocation or a §5.4 severance escape; watch transport_lease_overlong / transport_parked_commits
[2026-08-28T04:19:59Z ERROR fuse3::raw::connection::fuse_over_uring] transport payload lease held 1050 ms (≥ 1 s) — overlong handler invocation or a §5.4 severance escape; watch transport_lease_overlong / transport_parked_commits
[2026-08-28T04:20:01Z ERROR fuse3::raw::connection::fuse_over_uring] transport payload lease held 1053 ms (≥ 1 s) — overlong handler invocation or a §5.4 severance escape; watch transport_lease_overlong / transport_parked_commits
[2026-08-28T04:20:01Z ERROR fuse3::raw::connection::fuse_over_uring] transport payload lease held 1048 ms (≥ 1 s) — overlong handler invocation or a §5.4 severance escape; watch transport_lease_overlong / transport_parked_commits
[2026-08-28T04:20:01Z ERROR fuse3::raw::connection::fuse_over_uring] transport payload lease held 1053 ms (≥ 1 s) — overlong handler invocation or a §5.4 severance escape; watch transport_lease_overlong / transport_parked_commits
[2026-08-28T04:20:01Z ERROR fuse3::raw::connection::fuse_over_uring] transport payload lease held 1048 ms (≥ 1 s) — overlong handler invocation or a §5.4 severance escape; watch transport_lease_overlong / transport_parked_commits
[2026-08-28T04:20:01Z ERROR fuse3::raw::connection::fuse_over_uring] transport payload lease held 1134 ms (≥ 1 s) — overlong handler invocation or a §5.4 severance escape; watch transport_lease_overlong / transport_parked_commits
[2026-08-28T04:20:01Z ERROR fuse3::raw::connection::fuse_over_uring] transport payload lease held 1133 ms (≥ 1 s) — overlong handler invocation or a §5.4 severance escape; watch transport_lease_overlong / transport_parked_commits
[2026-08-28T04:20:01Z ERROR fuse3::raw::connection::fuse_over_uring] transport payload lease held 1133 ms (≥ 1 s) — overlong handler invocation or a §5.4 severance escape; watch transport_lease_overlong / transport_parked_commits
[2026-08-28T04:20:01Z ERROR fuse3::raw::connection::fuse_over_uring] transport payload lease held 1133 ms (≥ 1 s) — overlong handler invocation or a §5.4 severance escape; watch transport_lease_overlong / transport_parked_commits
[2026-08-28T04:20:01Z ERROR fuse3::raw::connection::fuse_over_uring] transport payload lease held 1218 ms (≥ 1 s) — overlong handler invocation or a §5.4 severance escape; watch transport_lease_overlong / transport_parked_commits
[2026-08-28T04:20:01Z ERROR fuse3::raw::connection::fuse_over_uring] transport payload lease held 1211 ms (≥ 1 s) — overlong handler invocation or a §5.4 severance escape; watch transport_lease_overlong / transport_parked_commits
[2026-08-28T04:20:01Z ERROR fuse3::raw::connection::fuse_over_uring] transport payload lease held 1218 ms (≥ 1 s) — overlong handler invocation or a §5.4 severance escape; watch transport_lease_overlong / transport_parked_commits
[2026-08-28T04:20:01Z ERROR fuse3::raw::connection::fuse_over_uring] transport payload lease held 1215 ms (≥ 1 s) — overlong handler invocation or a §5.4 severance escape; watch transport_lease_overlong / transport_parked_commits
[2026-08-28T04:20:02Z ERROR fuse3::raw::connection::fuse_over_uring] transport payload lease held 1356 ms (≥ 1 s) — overlong handler invocation or a §5.4 severance escape; watch transport_lease_overlong / transport_parked_commits
[2026-08-28T04:20:02Z ERROR fuse3::raw::connection::fuse_over_uring] transport payload lease held 1310 ms (≥ 1 s) — overlong handler invocation or a §5.4 severance escape; watch transport_lease_overlong / transport_parked_commits
[2026-08-28T04:20:02Z ERROR fuse3::raw::connection::fuse_over_uring] transport payload lease held 1289 ms (≥ 1 s) — overlong handler invocation or a §5.4 severance escape; watch transport_lease_overlong / transport_parked_commits
[2026-08-28T04:20:02Z ERROR fuse3::raw::connection::fuse_over_uring] transport payload lease held 1289 ms (≥ 1 s) — overlong handler invocation or a §5.4 severance escape; watch transport_lease_overlong / transport_parked_commits
[2026-08-28T04:20:02Z ERROR fuse3::raw::connection::fuse_over_uring] transport payload lease held 1289 ms (≥ 1 s) — overlong handler invocation or a §5.4 severance escape; watch transport_lease_overlong / transport_parked_commits
[2026-08-28T04:20:02Z ERROR fuse3::raw::connection::fuse_over_uring] transport payload lease held 1288 ms (≥ 1 s) — overlong handler invocation or a §5.4 severance escape; watch transport_lease_overlong / transport_parked_commits
[2026-08-28T04:20:02Z ERROR fuse3::raw::connection::fuse_over_uring] transport payload lease held 1390 ms (≥ 1 s) — overlong handler invocation or a §5.4 severance escape; watch transport_lease_overlong / transport_parked_commits
[2026-08-28T04:20:02Z ERROR fuse3::raw::connection::fuse_over_uring] transport payload lease held 1390 ms (≥ 1 s) — overlong handler invocation or a §5.4 severance escape; watch transport_lease_overlong / transport_parked_commits
[2026-08-28T04:20:02Z ERROR fuse3::raw::connection::fuse_over_uring] transport payload lease held 1390 ms (≥ 1 s) — overlong handler invocation or a §5.4 severance escape; watch transport_lease_overlong / transport_parked_commits
[2026-08-28T04:20:02Z ERROR fuse3::raw::connection::fuse_over_uring] transport payload lease held 1390 ms (≥ 1 s) — overlong handler invocation or a §5.4 severance escape; watch transport_lease_overlong / transport_parked_commits
[2026-08-28T04:20:02Z ERROR fuse3::raw::connection::fuse_over_uring] transport payload lease held 1042 ms (≥ 1 s) — overlong handler invocation or a §5.4 severance escape; watch transport_lease_overlong / transport_parked_commits
[2026-08-28T04:20:02Z ERROR fuse3::raw::connection::fuse_over_uring] transport payload lease held 1033 ms (≥ 1 s) — overlong handler invocation or a §5.4 severance escape; watch transport_lease_overlong / transport_parked_commits
[2026-08-28T04:20:02Z ERROR fuse3::raw::connection::fuse_over_uring] transport payload lease held 1392 ms (≥ 1 s) — overlong handler invocation or a §5.4 severance escape; watch transport_lease_overlong / transport_parked_commits
[2026-08-28T04:20:02Z ERROR fuse3::raw::connection::fuse_over_uring] transport payload lease held 1297 ms (≥ 1 s) — overlong handler invocation or a §5.4 severance escape; watch transport_lease_overlong / transport_parked_commits
[2026-08-28T04:20:02Z ERROR fuse3::raw::connection::fuse_over_uring] transport payload lease held 1296 ms (≥ 1 s) — overlong handler invocation or a §5.4 severance escape; watch transport_lease_overlong / transport_parked_commits
[2026-08-28T04:20:02Z ERROR fuse3::raw::connection::fuse_over_uring] transport payload lease held 1296 ms (≥ 1 s) — overlong handler invocation or a §5.4 severance escape; watch transport_lease_overlong / transport_parked_commits
[2026-08-28T04:20:02Z ERROR fuse3::raw::connection::fuse_over_uring] transport payload lease held 1296 ms (≥ 1 s) — overlong handler invocation or a §5.4 severance escape; watch transport_lease_overlong / transport_parked_commits
[2026-08-28T04:20:03Z ERROR fuse3::raw::connection::fuse_over_uring] transport payload lease held 1194 ms (≥ 1 s) — overlong handler invocation or a §5.4 severance escape; watch transport_lease_overlong / transport_parked_commits
[2026-08-28T04:20:03Z ERROR fuse3::raw::connection::fuse_over_uring] transport payload lease held 1194 ms (≥ 1 s) — overlong handler invocation or a §5.4 severance escape; watch transport_lease_overlong / transport_parked_commits
[2026-08-28T04:20:03Z ERROR fuse3::raw::connection::fuse_over_uring] transport payload lease held 1000 ms (≥ 1 s) — overlong handler invocation or a §5.4 severance escape; watch transport_lease_overlong / transport_parked_commits
[2026-08-28T04:20:03Z ERROR fuse3::raw::connection::fuse_over_uring] transport payload lease held 1017 ms (≥ 1 s) — overlong handler invocation or a §5.4 severance escape; watch transport_lease_overlong / transport_parked_commits
[2026-08-28T04:20:03Z ERROR fuse3::raw::connection::fuse_over_uring] transport payload lease held 1017 ms (≥ 1 s) — overlong handler invocation or a §5.4 severance escape; watch transport_lease_overlong / transport_parked_commits
[2026-08-28T04:20:03Z ERROR fuse3::raw::connection::fuse_over_uring] transport payload lease held 1018 ms (≥ 1 s) — overlong handler invocation or a §5.4 severance escape; watch transport_lease_overlong / transport_parked_commits
[2026-08-28T04:20:03Z ERROR fuse3::raw::connection::fuse_over_uring] transport payload lease held 1018 ms (≥ 1 s) — overlong handler invocation or a §5.4 severance escape; watch transport_lease_overlong / transport_parked_commits
[2026-08-28T04:20:03Z ERROR fuse3::raw::connection::fuse_over_uring] transport payload lease held 1110 ms (≥ 1 s) — overlong handler invocation or a §5.4 severance escape; watch transport_lease_overlong / transport_parked_commits
[2026-08-28T04:20:03Z ERROR fuse3::raw::connection::fuse_over_uring] transport payload lease held 1063 ms (≥ 1 s) — overlong handler invocation or a §5.4 severance escape; watch transport_lease_overlong / transport_parked_commits
[2026-08-28T04:20:03Z ERROR fuse3::raw::connection::fuse_over_uring] transport payload lease held 1063 ms (≥ 1 s) — overlong handler invocation or a §5.4 severance escape; watch transport_lease_overlong / transport_parked_commits
[2026-08-28T04:20:03Z ERROR fuse3::raw::connection::fuse_over_uring] transport payload lease held 1063 ms (≥ 1 s) — overlong handler invocation or a §5.4 severance escape; watch transport_lease_overlong / transport_parked_commits
[2026-08-28T04:20:03Z ERROR fuse3::raw::connection::fuse_over_uring] transport payload lease held 1484 ms (≥ 1 s) — overlong handler invocation or a §5.4 severance escape; watch transport_lease_overlong / transport_parked_commits
[2026-08-28T04:20:03Z ERROR fuse3::raw::connection::fuse_over_uring] transport payload lease held 1484 ms (≥ 1 s) — overlong handler invocation or a §5.4 severance escape; watch transport_lease_overlong / transport_parked_commits
[2026-08-28T04:20:03Z ERROR fuse3::raw::connection::fuse_over_uring] transport payload lease held 1484 ms (≥ 1 s) — overlong handler invocation or a §5.4 severance escape; watch transport_lease_overlong / transport_parked_commits
[2026-08-28T04:20:03Z ERROR fuse3::raw::connection::fuse_over_uring] transport payload lease held 1484 ms (≥ 1 s) — overlong handler invocation or a §5.4 severance escape; watch transport_lease_overlong / transport_parked_commits
[2026-08-28T04:20:03Z ERROR fuse3::raw::connection::fuse_over_uring] transport payload lease held 1531 ms (≥ 1 s) — overlong handler invocation or a §5.4 severance escape; watch transport_lease_overlong / transport_parked_commits
[2026-08-28T04:20:03Z ERROR fuse3::raw::connection::fuse_over_uring] transport payload lease held 1530 ms (≥ 1 s) — overlong handler invocation or a §5.4 severance escape; watch transport_lease_overlong / transport_parked_commits
[2026-08-28T04:20:03Z ERROR fuse3::raw::connection::fuse_over_uring] transport payload lease held 1531 ms (≥ 1 s) — overlong handler invocation or a §5.4 severance escape; watch transport_lease_overlong / transport_parked_commits
[2026-08-28T04:20:03Z ERROR fuse3::raw::connection::fuse_over_uring] transport payload lease held 1531 ms (≥ 1 s) — overlong handler invocation or a §5.4 severance escape; watch transport_lease_overlong / transport_parked_commits
[2026-08-28T04:20:03Z ERROR fuse3::raw::connection::fuse_over_uring] transport payload lease held 1697 ms (≥ 1 s) — overlong handler invocation or a §5.4 severance escape; watch transport_lease_overlong / transport_parked_commits
[2026-08-28T04:20:03Z ERROR fuse3::raw::connection::fuse_over_uring] transport payload lease held 1697 ms (≥ 1 s) — overlong handler invocation or a §5.4 severance escape; watch transport_lease_overlong / transport_parked_commits
[2026-08-28T04:20:03Z ERROR fuse3::raw::connection::fuse_over_uring] transport payload lease held 1698 ms (≥ 1 s) — overlong handler invocation or a §5.4 severance escape; watch transport_lease_overlong / transport_parked_commits
[2026-08-28T04:20:04Z ERROR fuse3::raw::connection::fuse_over_uring] transport payload lease held 1900 ms (≥ 1 s) — overlong handler invocation or a §5.4 severance escape; watch transport_lease_overlong / transport_parked_commits
[2026-08-28T04:20:04Z ERROR fuse3::raw::connection::fuse_over_uring] transport payload lease held 1832 ms (≥ 1 s) — overlong handler invocation or a §5.4 severance escape; watch transport_lease_overlong / transport_parked_commits
[2026-08-28T04:20:04Z ERROR fuse3::raw::connection::fuse_over_uring] transport payload lease held 1831 ms (≥ 1 s) — overlong handler invocation or a §5.4 severance escape; watch transport_lease_overlong / transport_parked_commits
[2026-08-28T04:20:04Z ERROR fuse3::raw::connection::fuse_over_uring] transport payload lease held 1831 ms (≥ 1 s) — overlong handler invocation or a §5.4 severance escape; watch transport_lease_overlong / transport_parked_commits
[2026-08-28T04:20:08Z ERROR fuse3::raw::connection::fuse_over_uring] transport payload lease held 1091 ms (≥ 1 s) — overlong handler invocation or a §5.4 severance escape; watch transport_lease_overlong / transport_parked_commits
[2026-08-28T04:20:08Z ERROR fuse3::raw::connection::fuse_over_uring] transport payload lease held 1091 ms (≥ 1 s) — overlong handler invocation or a §5.4 severance escape; watch transport_lease_overlong / transport_parked_commits
[2026-08-28T04:20:08Z ERROR fuse3::raw::connection::fuse_over_uring] transport payload lease held 1034 ms (≥ 1 s) — overlong handler invocation or a §5.4 severance escape; watch transport_lease_overlong / transport_parked_commits
[2026-08-28T04:20:08Z ERROR fuse3::raw::connection::fuse_over_uring] transport payload lease held 1077 ms (≥ 1 s) — overlong handler invocation or a §5.4 severance escape; watch transport_lease_overlong / transport_parked_commits
[2026-08-28T04:20:08Z ERROR fuse3::raw::connection::fuse_over_uring] transport payload lease held 1564 ms (≥ 1 s) — overlong handler invocation or a §5.4 severance escape; watch transport_lease_overlong / transport_parked_commits
[2026-08-28T04:20:08Z ERROR fuse3::raw::connection::fuse_over_uring] transport payload lease held 1558 ms (≥ 1 s) — overlong handler invocation or a §5.4 severance escape; watch transport_lease_overlong / transport_parked_commits
[2026-08-28T04:20:08Z ERROR fuse3::raw::connection::fuse_over_uring] transport payload lease held 1558 ms (≥ 1 s) — overlong handler invocation or a §5.4 severance escape; watch transport_lease_overlong / transport_parked_commits
[2026-08-28T04:20:08Z ERROR fuse3::raw::connection::fuse_over_uring] transport payload lease held 1558 ms (≥ 1 s) — overlong handler invocation or a §5.4 severance escape; watch transport_lease_overlong / transport_parked_commits
[2026-08-28T04:20:09Z WARN  squeezefs::block_allocator] co-writer: abandoning never-published block offset(s) leak-safe (volume 'nvme4n1', first offset 104907931648): the publish that would have named them failed or refused, and a co-writer may not mutate ownership accounting — the next derivation (mount recovery / fsck C6) returns them to the free supply (cowriter_unpublished_abandons; further offsets at debug level)
[2026-08-28T04:20:09Z ERROR fuse3::raw::connection::fuse_over_uring] transport payload lease held 1026 ms (≥ 1 s) — overlong handler invocation or a §5.4 severance escape; watch transport_lease_overlong / transport_parked_commits
[2026-08-28T04:20:09Z ERROR fuse3::raw::connection::fuse_over_uring] transport payload lease held 1000 ms (≥ 1 s) — overlong handler invocation or a §5.4 severance escape; watch transport_lease_overlong / transport_parked_commits
[2026-08-28T04:20:09Z ERROR fuse3::raw::connection::fuse_over_uring] transport payload lease held 1017 ms (≥ 1 s) — overlong handler invocation or a §5.4 severance escape; watch transport_lease_overlong / transport_parked_commits
[2026-08-28T04:20:09Z ERROR fuse3::raw::connection::fuse_over_uring] transport payload lease held 1015 ms (≥ 1 s) — overlong handler invocation or a §5.4 severance escape; watch transport_lease_overlong / transport_parked_commits
[2026-08-28T04:20:09Z ERROR fuse3::raw::connection::fuse_over_uring] transport payload lease held 1012 ms (≥ 1 s) — overlong handler invocation or a §5.4 severance escape; watch transport_lease_overlong / transport_parked_commits
[2026-08-28T04:20:09Z ERROR fuse3::raw::connection::fuse_over_uring] transport payload lease held 1013 ms (≥ 1 s) — overlong handler invocation or a §5.4 severance escape; watch transport_lease_overlong / transport_parked_commits
[2026-08-28T04:20:09Z ERROR fuse3::raw::connection::fuse_over_uring] transport payload lease held 1022 ms (≥ 1 s) — overlong handler invocation or a §5.4 severance escape; watch transport_lease_overlong / transport_parked_commits
[2026-08-28T04:20:09Z ERROR fuse3::raw::connection::fuse_over_uring] transport payload lease held 1022 ms (≥ 1 s) — overlong handler invocation or a §5.4 severance escape; watch transport_lease_overlong / transport_parked_commits
[2026-08-28T04:20:09Z ERROR fuse3::raw::connection::fuse_over_uring] transport payload lease held 1135 ms (≥ 1 s) — overlong handler invocation or a §5.4 severance escape; watch transport_lease_overlong / transport_parked_commits
[2026-08-28T04:20:09Z ERROR fuse3::raw::connection::fuse_over_uring] transport payload lease held 1298 ms (≥ 1 s) — overlong handler invocation or a §5.4 severance escape; watch transport_lease_overlong / transport_parked_commits
[2026-08-28T04:20:09Z ERROR fuse3::raw::connection::fuse_over_uring] transport payload lease held 1297 ms (≥ 1 s) — overlong handler invocation or a §5.4 severance escape; watch transport_lease_overlong / transport_parked_commits
[2026-08-28T04:20:09Z ERROR fuse3::raw::connection::fuse_over_uring] transport payload lease held 1297 ms (≥ 1 s) — overlong handler invocation or a §5.4 severance escape; watch transport_lease_overlong / transport_parked_commits
[2026-08-28T04:20:09Z ERROR fuse3::raw::connection::fuse_over_uring] transport payload lease held 1297 ms (≥ 1 s) — overlong handler invocation or a §5.4 severance escape; watch transport_lease_overlong / transport_parked_commits
[2026-08-28T04:20:09Z ERROR fuse3::raw::connection::fuse_over_uring] transport payload lease held 1238 ms (≥ 1 s) — overlong handler invocation or a §5.4 severance escape; watch transport_lease_overlong / transport_parked_commits
[2026-08-28T04:20:09Z ERROR fuse3::raw::connection::fuse_over_uring] transport payload lease held 1238 ms (≥ 1 s) — overlong handler invocation or a §5.4 severance escape; watch transport_lease_overlong / transport_parked_commits
[2026-08-28T04:20:09Z ERROR fuse3::raw::connection::fuse_over_uring] transport payload lease held 1238 ms (≥ 1 s) — overlong handler invocation or a §5.4 severance escape; watch transport_lease_overlong / transport_parked_commits
[2026-08-28T04:20:09Z ERROR fuse3::raw::connection::fuse_over_uring] transport payload lease held 1238 ms (≥ 1 s) — overlong handler invocation or a §5.4 severance escape; watch transport_lease_overlong / transport_parked_commits
[2026-08-28T04:20:09Z ERROR fuse3::raw::connection::fuse_over_uring] transport payload lease held 1394 ms (≥ 1 s) — overlong handler invocation or a §5.4 severance escape; watch transport_lease_overlong / transport_parked_commits
[2026-08-28T04:20:09Z ERROR fuse3::raw::connection::fuse_over_uring] transport payload lease held 1394 ms (≥ 1 s) — overlong handler invocation or a §5.4 severance escape; watch transport_lease_overlong / transport_parked_commits
[2026-08-28T04:20:09Z ERROR fuse3::raw::connection::fuse_over_uring] transport payload lease held 1394 ms (≥ 1 s) — overlong handler invocation or a §5.4 severance escape; watch transport_lease_overlong / transport_parked_commits
[2026-08-28T04:20:09Z ERROR fuse3::raw::connection::fuse_over_uring] transport payload lease held 1394 ms (≥ 1 s) — overlong handler invocation or a §5.4 severance escape; watch transport_lease_overlong / transport_parked_commits
[2026-08-28T04:20:09Z ERROR fuse3::raw::connection::fuse_over_uring] transport payload lease held 1428 ms (≥ 1 s) — overlong handler invocation or a §5.4 severance escape; watch transport_lease_overlong / transport_parked_commits
[2026-08-28T04:20:09Z ERROR fuse3::raw::connection::fuse_over_uring] transport payload lease held 1428 ms (≥ 1 s) — overlong handler invocation or a §5.4 severance escape; watch transport_lease_overlong / transport_parked_commits
[2026-08-28T04:20:09Z ERROR fuse3::raw::connection::fuse_over_uring] transport payload lease held 1428 ms (≥ 1 s) — overlong handler invocation or a §5.4 severance escape; watch transport_lease_overlong / transport_parked_commits
[2026-08-28T04:20:09Z ERROR fuse3::raw::connection::fuse_over_uring] transport payload lease held 1428 ms (≥ 1 s) — overlong handler invocation or a §5.4 severance escape; watch transport_lease_overlong / transport_parked_commits
[2026-08-28T04:20:13Z ERROR fuse3::raw::connection::fuse_over_uring] transport payload lease held 1062 ms (≥ 1 s) — overlong handler invocation or a §5.4 severance escape; watch transport_lease_overlong / transport_parked_commits
[2026-08-28T04:20:13Z ERROR fuse3::raw::connection::fuse_over_uring] transport payload lease held 1061 ms (≥ 1 s) — overlong handler invocation or a §5.4 severance escape; watch transport_lease_overlong / transport_parked_commits
[2026-08-28T04:20:13Z ERROR fuse3::raw::connection::fuse_over_uring] transport payload lease held 1049 ms (≥ 1 s) — overlong handler invocation or a §5.4 severance escape; watch transport_lease_overlong / transport_parked_commits
[2026-08-28T04:20:13Z ERROR fuse3::raw::connection::fuse_over_uring] transport payload lease held 1045 ms (≥ 1 s) — overlong handler invocation or a §5.4 severance escape; watch transport_lease_overlong / transport_parked_commits
[2026-08-28T04:20:13Z ERROR fuse3::raw::connection::fuse_over_uring] transport payload lease held 1266 ms (≥ 1 s) — overlong handler invocation or a §5.4 severance escape; watch transport_lease_overlong / transport_parked_commits
[2026-08-28T04:20:13Z ERROR fuse3::raw::connection::fuse_over_uring] transport payload lease held 1266 ms (≥ 1 s) — overlong handler invocation or a §5.4 severance escape; watch transport_lease_overlong / transport_parked_commits
[2026-08-28T04:20:13Z ERROR fuse3::raw::connection::fuse_over_uring] transport payload lease held 1266 ms (≥ 1 s) — overlong handler invocation or a §5.4 severance escape; watch transport_lease_overlong / transport_parked_commits
[2026-08-28T04:20:13Z ERROR fuse3::raw::connection::fuse_over_uring] transport payload lease held 1260 ms (≥ 1 s) — overlong handler invocation or a §5.4 severance escape; watch transport_lease_overlong / transport_parked_commits
[2026-08-28T04:20:14Z ERROR fuse3::raw::connection::fuse_over_uring] transport payload lease held 1010 ms (≥ 1 s) — overlong handler invocation or a §5.4 severance escape; watch transport_lease_overlong / transport_parked_commits
[2026-08-28T04:20:14Z ERROR fuse3::raw::connection::fuse_over_uring] transport payload lease held 1034 ms (≥ 1 s) — overlong handler invocation or a §5.4 severance escape; watch transport_lease_overlong / transport_parked_commits
[2026-08-28T04:20:14Z ERROR fuse3::raw::connection::fuse_over_uring] transport payload lease held 1060 ms (≥ 1 s) — overlong handler invocation or a §5.4 severance escape; watch transport_lease_overlong / transport_parked_commits
[2026-08-28T04:20:14Z ERROR fuse3::raw::connection::fuse_over_uring] transport payload lease held 1096 ms (≥ 1 s) — overlong handler invocation or a §5.4 severance escape; watch transport_lease_overlong / transport_parked_commits
[2026-08-28T04:20:14Z ERROR fuse3::raw::connection::fuse_over_uring] transport payload lease held 1239 ms (≥ 1 s) — overlong handler invocation or a §5.4 severance escape; watch transport_lease_overlong / transport_parked_commits
[2026-08-28T04:20:14Z ERROR fuse3::raw::connection::fuse_over_uring] transport payload lease held 1239 ms (≥ 1 s) — overlong handler invocation or a §5.4 severance escape; watch transport_lease_overlong / transport_parked_commits
[2026-08-28T04:20:14Z ERROR fuse3::raw::connection::fuse_over_uring] transport payload lease held 1240 ms (≥ 1 s) — overlong handler invocation or a §5.4 severance escape; watch transport_lease_overlong / transport_parked_commits
[2026-08-28T04:20:14Z ERROR fuse3::raw::connection::fuse_over_uring] transport payload lease held 1322 ms (≥ 1 s) — overlong handler invocation or a §5.4 severance escape; watch transport_lease_overlong / transport_parked_commits
[2026-08-28T04:20:14Z ERROR fuse3::raw::connection::fuse_over_uring] transport payload lease held 1322 ms (≥ 1 s) — overlong handler invocation or a §5.4 severance escape; watch transport_lease_overlong / transport_parked_commits
[2026-08-28T04:20:14Z ERROR fuse3::raw::connection::fuse_over_uring] transport payload lease held 1358 ms (≥ 1 s) — overlong handler invocation or a §5.4 severance escape; watch transport_lease_overlong / transport_parked_commits
[2026-08-28T04:20:14Z ERROR fuse3::raw::connection::fuse_over_uring] transport payload lease held 1355 ms (≥ 1 s) — overlong handler invocation or a §5.4 severance escape; watch transport_lease_overlong / transport_parked_commits
[2026-08-28T04:20:14Z ERROR fuse3::raw::connection::fuse_over_uring] transport payload lease held 1356 ms (≥ 1 s) — overlong handler invocation or a §5.4 severance escape; watch transport_lease_overlong / transport_parked_commits
[2026-08-28T04:20:14Z ERROR fuse3::raw::connection::fuse_over_uring] transport payload lease held 1356 ms (≥ 1 s) — overlong handler invocation or a §5.4 severance escape; watch transport_lease_overlong / transport_parked_commits
[2026-08-28T04:20:14Z ERROR fuse3::raw::connection::fuse_over_uring] transport payload lease held 1408 ms (≥ 1 s) — overlong handler invocation or a §5.4 severance escape; watch transport_lease_overlong / transport_parked_commits
[2026-08-28T04:20:14Z ERROR fuse3::raw::connection::fuse_over_uring] transport payload lease held 1408 ms (≥ 1 s) — overlong handler invocation or a §5.4 severance escape; watch transport_lease_overlong / transport_parked_commits
[2026-08-28T04:20:14Z ERROR fuse3::raw::connection::fuse_over_uring] transport payload lease held 1408 ms (≥ 1 s) — overlong handler invocation or a §5.4 severance escape; watch transport_lease_overlong / transport_parked_commits
[2026-08-28T04:20:14Z ERROR fuse3::raw::connection::fuse_over_uring] transport payload lease held 1406 ms (≥ 1 s) — overlong handler invocation or a §5.4 severance escape; watch transport_lease_overlong / transport_parked_commits
[2026-08-28T04:20:14Z ERROR fuse3::raw::connection::fuse_over_uring] transport payload lease held 1772 ms (≥ 1 s) — overlong handler invocation or a §5.4 severance escape; watch transport_lease_overlong / transport_parked_commits
[2026-08-28T04:20:14Z ERROR fuse3::raw::connection::fuse_over_uring] transport payload lease held 1772 ms (≥ 1 s) — overlong handler invocation or a §5.4 severance escape; watch transport_lease_overlong / transport_parked_commits
[2026-08-28T04:20:14Z ERROR fuse3::raw::connection::fuse_over_uring] transport payload lease held 1772 ms (≥ 1 s) — overlong handler invocation or a §5.4 severance escape; watch transport_lease_overlong / transport_parked_commits
[2026-08-28T04:20:14Z ERROR fuse3::raw::connection::fuse_over_uring] transport payload lease held 1640 ms (≥ 1 s) — overlong handler invocation or a §5.4 severance escape; watch transport_lease_overlong / transport_parked_commits
[2026-08-28T04:20:14Z ERROR fuse3::raw::connection::fuse_over_uring] transport payload lease held 1628 ms (≥ 1 s) — overlong handler invocation or a §5.4 severance escape; watch transport_lease_overlong / transport_parked_commits
[2026-08-28T04:20:14Z ERROR fuse3::raw::connection::fuse_over_uring] transport payload lease held 1638 ms (≥ 1 s) — overlong handler invocation or a §5.4 severance escape; watch transport_lease_overlong / transport_parked_commits
[2026-08-28T04:20:14Z ERROR fuse3::raw::connection::fuse_over_uring] transport payload lease held 1628 ms (≥ 1 s) — overlong handler invocation or a §5.4 severance escape; watch transport_lease_overlong / transport_parked_commits
[2026-08-28T04:20:14Z ERROR fuse3::raw::connection::fuse_over_uring] transport payload lease held 1561 ms (≥ 1 s) — overlong handler invocation or a §5.4 severance escape; watch transport_lease_overlong / transport_parked_commits
[2026-08-28T04:20:14Z ERROR fuse3::raw::connection::fuse_over_uring] transport payload lease held 1553 ms (≥ 1 s) — overlong handler invocation or a §5.4 severance escape; watch transport_lease_overlong / transport_parked_commits
[2026-08-28T04:20:14Z ERROR fuse3::raw::connection::fuse_over_uring] transport payload lease held 1553 ms (≥ 1 s) — overlong handler invocation or a §5.4 severance escape; watch transport_lease_overlong / transport_parked_commits
[2026-08-28T04:20:14Z ERROR fuse3::raw::connection::fuse_over_uring] transport payload lease held 1553 ms (≥ 1 s) — overlong handler invocation or a §5.4 severance escape; watch transport_lease_overlong / transport_parked_commits
[2026-08-28T04:20:14Z ERROR fuse3::raw::connection::fuse_over_uring] transport payload lease held 1552 ms (≥ 1 s) — overlong handler invocation or a §5.4 severance escape; watch transport_lease_overlong / transport_parked_commits
[2026-08-28T04:20:14Z ERROR fuse3::raw::connection::fuse_over_uring] transport payload lease held 1582 ms (≥ 1 s) — overlong handler invocation or a §5.4 severance escape; watch transport_lease_overlong / transport_parked_commits
[2026-08-28T04:20:14Z ERROR fuse3::raw::connection::fuse_over_uring] transport payload lease held 1582 ms (≥ 1 s) — overlong handler invocation or a §5.4 severance escape; watch transport_lease_overlong / transport_parked_commits
[2026-08-28T04:20:14Z ERROR fuse3::raw::connection::fuse_over_uring] transport payload lease held 1581 ms (≥ 1 s) — overlong handler invocation or a §5.4 severance escape; watch transport_lease_overlong / transport_parked_commits
[2026-08-28T04:20:14Z ERROR fuse3::raw::connection::fuse_over_uring] transport payload lease held 1552 ms (≥ 1 s) — overlong handler invocation or a §5.4 severance escape; watch transport_lease_overlong / transport_parked_commits
[2026-08-28T04:20:14Z ERROR fuse3::raw::connection::fuse_over_uring] transport payload lease held 1562 ms (≥ 1 s) — overlong handler invocation or a §5.4 severance escape; watch transport_lease_overlong / transport_parked_commits
[2026-08-28T04:20:14Z ERROR fuse3::raw::connection::fuse_over_uring] transport payload lease held 1561 ms (≥ 1 s) — overlong handler invocation or a §5.4 severance escape; watch transport_lease_overlong / transport_parked_commits
[2026-08-28T04:20:14Z ERROR fuse3::raw::connection::fuse_over_uring] transport payload lease held 1554 ms (≥ 1 s) — overlong handler invocation or a §5.4 severance escape; watch transport_lease_overlong / transport_parked_commits
[2026-08-28T04:20:14Z ERROR fuse3::raw::connection::fuse_over_uring] transport payload lease held 1553 ms (≥ 1 s) — overlong handler invocation or a §5.4 severance escape; watch transport_lease_overlong / transport_parked_commits
[2026-08-28T04:20:14Z ERROR fuse3::raw::connection::fuse_over_uring] transport payload lease held 1545 ms (≥ 1 s) — overlong handler invocation or a §5.4 severance escape; watch transport_lease_overlong / transport_parked_commits
[2026-08-28T04:20:14Z ERROR fuse3::raw::connection::fuse_over_uring] transport payload lease held 1545 ms (≥ 1 s) — overlong handler invocation or a §5.4 severance escape; watch transport_lease_overlong / transport_parked_commits
[2026-08-28T04:20:14Z ERROR fuse3::raw::connection::fuse_over_uring] transport payload lease held 1573 ms (≥ 1 s) — overlong handler invocation or a §5.4 severance escape; watch transport_lease_overlong / transport_parked_commits
[2026-08-28T04:20:14Z ERROR fuse3::raw::connection::fuse_over_uring] transport payload lease held 1573 ms (≥ 1 s) — overlong handler invocation or a §5.4 severance escape; watch transport_lease_overlong / transport_parked_commits
[2026-08-28T04:20:14Z ERROR fuse3::raw::connection::fuse_over_uring] transport payload lease held 1570 ms (≥ 1 s) — overlong handler invocation or a §5.4 severance escape; watch transport_lease_overlong / transport_parked_commits
[2026-08-28T04:20:14Z ERROR fuse3::raw::connection::fuse_over_uring] transport payload lease held 1549 ms (≥ 1 s) — overlong handler invocation or a §5.4 severance escape; watch transport_lease_overlong / transport_parked_commits
[2026-08-28T04:20:14Z ERROR fuse3::raw::connection::fuse_over_uring] transport payload lease held 1549 ms (≥ 1 s) — overlong handler invocation or a §5.4 severance escape; watch transport_lease_overlong / transport_parked_commits
[2026-08-28T04:20:14Z ERROR fuse3::raw::connection::fuse_over_uring] transport payload lease held 1549 ms (≥ 1 s) — overlong handler invocation or a §5.4 severance escape; watch transport_lease_overlong / transport_parked_commits
[2026-08-28T04:20:15Z ERROR fuse3::raw::connection::fuse_over_uring] transport payload lease held 1569 ms (≥ 1 s) — overlong handler invocation or a §5.4 severance escape; watch transport_lease_overlong / transport_parked_commits
[2026-08-28T04:20:15Z ERROR fuse3::raw::connection::fuse_over_uring] transport payload lease held 1570 ms (≥ 1 s) — overlong handler invocation or a §5.4 severance escape; watch transport_lease_overlong / transport_parked_commits
[2026-08-28T04:20:15Z ERROR fuse3::raw::connection::fuse_over_uring] transport payload lease held 1570 ms (≥ 1 s) — overlong handler invocation or a §5.4 severance escape; watch transport_lease_overlong / transport_parked_commits
[2026-08-28T04:20:15Z ERROR fuse3::raw::connection::fuse_over_uring] transport payload lease held 1570 ms (≥ 1 s) — overlong handler invocation or a §5.4 severance escape; watch transport_lease_overlong / transport_parked_commits
[2026-08-28T04:20:15Z ERROR fuse3::raw::connection::fuse_over_uring] transport payload lease held 1572 ms (≥ 1 s) — overlong handler invocation or a §5.4 severance escape; watch transport_lease_overlong / transport_parked_commits
[2026-08-28T04:20:15Z ERROR fuse3::raw::connection::fuse_over_uring] transport payload lease held 1546 ms (≥ 1 s) — overlong handler invocation or a §5.4 severance escape; watch transport_lease_overlong / transport_parked_commits
[2026-08-28T04:20:15Z ERROR fuse3::raw::connection::fuse_over_uring] transport payload lease held 1546 ms (≥ 1 s) — overlong handler invocation or a §5.4 severance escape; watch transport_lease_overlong / transport_parked_commits
[2026-08-28T04:20:15Z ERROR fuse3::raw::connection::fuse_over_uring] transport payload lease held 1545 ms (≥ 1 s) — overlong handler invocation or a §5.4 severance escape; watch transport_lease_overlong / transport_parked_commits
[2026-08-28T04:20:15Z ERROR fuse3::raw::connection::fuse_over_uring] transport payload lease held 1545 ms (≥ 1 s) — overlong handler invocation or a §5.4 severance escape; watch transport_lease_overlong / transport_parked_commits
[2026-08-28T04:20:15Z ERROR fuse3::raw::connection::fuse_over_uring] transport payload lease held 1524 ms (≥ 1 s) — overlong handler invocation or a §5.4 severance escape; watch transport_lease_overlong / transport_parked_commits
[2026-08-28T04:20:15Z ERROR fuse3::raw::connection::fuse_over_uring] transport payload lease held 1544 ms (≥ 1 s) — overlong handler invocation or a §5.4 severance escape; watch transport_lease_overlong / transport_parked_commits
[2026-08-28T04:20:15Z ERROR fuse3::raw::connection::fuse_over_uring] transport payload lease held 1544 ms (≥ 1 s) — overlong handler invocation or a §5.4 severance escape; watch transport_lease_overlong / transport_parked_commits
[2026-08-28T04:20:15Z ERROR fuse3::raw::connection::fuse_over_uring] transport payload lease held 1544 ms (≥ 1 s) — overlong handler invocation or a §5.4 severance escape; watch transport_lease_overlong / transport_parked_commits
[2026-08-28T04:20:15Z ERROR fuse3::raw::connection::fuse_over_uring] transport payload lease held 1738 ms (≥ 1 s) — overlong handler invocation or a §5.4 severance escape; watch transport_lease_overlong / transport_parked_commits
[2026-08-28T04:20:15Z ERROR fuse3::raw::connection::fuse_over_uring] transport payload lease held 1738 ms (≥ 1 s) — overlong handler invocation or a §5.4 severance escape; watch transport_lease_overlong / transport_parked_commits
[2026-08-28T04:20:15Z ERROR fuse3::raw::connection::fuse_over_uring] transport payload lease held 1791 ms (≥ 1 s) — overlong handler invocation or a §5.4 severance escape; watch transport_lease_overlong / transport_parked_commits
[2026-08-28T04:20:15Z ERROR fuse3::raw::connection::fuse_over_uring] transport payload lease held 1791 ms (≥ 1 s) — overlong handler invocation or a §5.4 severance escape; watch transport_lease_overlong / transport_parked_commits
[2026-08-28T04:20:15Z ERROR fuse3::raw::connection::fuse_over_uring] transport payload lease held 1790 ms (≥ 1 s) — overlong handler invocation or a §5.4 severance escape; watch transport_lease_overlong / transport_parked_commits
[2026-08-28T04:20:15Z ERROR fuse3::raw::connection::fuse_over_uring] transport payload lease held 1790 ms (≥ 1 s) — overlong handler invocation or a §5.4 severance escape; watch transport_lease_overlong / transport_parked_commits
[2026-08-28T04:20:15Z ERROR fuse3::raw::connection::fuse_over_uring] transport payload lease held 1774 ms (≥ 1 s) — overlong handler invocation or a §5.4 severance escape; watch transport_lease_overlong / transport_parked_commits
[2026-08-28T04:20:15Z ERROR fuse3::raw::connection::fuse_over_uring] transport payload lease held 1774 ms (≥ 1 s) — overlong handler invocation or a §5.4 severance escape; watch transport_lease_overlong / transport_parked_commits
[2026-08-28T04:20:15Z ERROR fuse3::raw::connection::fuse_over_uring] transport payload lease held 1774 ms (≥ 1 s) — overlong handler invocation or a §5.4 severance escape; watch transport_lease_overlong / transport_parked_commits
[2026-08-28T04:20:15Z ERROR fuse3::raw::connection::fuse_over_uring] transport payload lease held 1727 ms (≥ 1 s) — overlong handler invocation or a §5.4 severance escape; watch transport_lease_overlong / transport_parked_commits
[2026-08-28T04:20:15Z ERROR fuse3::raw::connection::fuse_over_uring] transport payload lease held 1734 ms (≥ 1 s) — overlong handler invocation or a §5.4 severance escape; watch transport_lease_overlong / transport_parked_commits
[2026-08-28T04:20:15Z ERROR fuse3::raw::connection::fuse_over_uring] transport payload lease held 1773 ms (≥ 1 s) — overlong handler invocation or a §5.4 severance escape; watch transport_lease_overlong / transport_parked_commits
[2026-08-28T04:20:15Z ERROR fuse3::raw::connection::fuse_over_uring] transport payload lease held 1774 ms (≥ 1 s) — overlong handler invocation or a §5.4 severance escape; watch transport_lease_overlong / transport_parked_commits
[2026-08-28T04:20:15Z ERROR fuse3::raw::connection::fuse_over_uring] transport payload lease held 1773 ms (≥ 1 s) — overlong handler invocation or a §5.4 severance escape; watch transport_lease_overlong / transport_parked_commits
[2026-08-28T04:20:15Z ERROR fuse3::raw::connection::fuse_over_uring] transport payload lease held 1773 ms (≥ 1 s) — overlong handler invocation or a §5.4 severance escape; watch transport_lease_overlong / transport_parked_commits
[2026-08-28T04:20:15Z ERROR fuse3::raw::connection::fuse_over_uring] transport payload lease held 1748 ms (≥ 1 s) — overlong handler invocation or a §5.4 severance escape; watch transport_lease_overlong / transport_parked_commits
[2026-08-28T04:20:15Z ERROR fuse3::raw::connection::fuse_over_uring] transport payload lease held 1752 ms (≥ 1 s) — overlong handler invocation or a §5.4 severance escape; watch transport_lease_overlong / transport_parked_commits
[2026-08-28T04:20:17Z ERROR fuse3::raw::connection::fuse_over_uring] transport payload lease held 1389 ms (≥ 1 s) — overlong handler invocation or a §5.4 severance escape; watch transport_lease_overlong / transport_parked_commits
[2026-08-28T04:20:17Z ERROR fuse3::raw::connection::fuse_over_uring] transport payload lease held 1390 ms (≥ 1 s) — overlong handler invocation or a §5.4 severance escape; watch transport_lease_overlong / transport_parked_commits
[2026-08-28T04:20:17Z ERROR fuse3::raw::connection::fuse_over_uring] transport payload lease held 1389 ms (≥ 1 s) — overlong handler invocation or a §5.4 severance escape; watch transport_lease_overlong / transport_parked_commits
[2026-08-28T04:20:17Z ERROR fuse3::raw::connection::fuse_over_uring] transport payload lease held 1419 ms (≥ 1 s) — overlong handler invocation or a §5.4 severance escape; watch transport_lease_overlong / transport_parked_commits
[2026-08-28T04:20:17Z ERROR fuse3::raw::connection::fuse_over_uring] transport payload lease held 1419 ms (≥ 1 s) — overlong handler invocation or a §5.4 severance escape; watch transport_lease_overlong / transport_parked_commits
[2026-08-28T04:20:17Z ERROR fuse3::raw::connection::fuse_over_uring] transport payload lease held 1419 ms (≥ 1 s) — overlong handler invocation or a §5.4 severance escape; watch transport_lease_overlong / transport_parked_commits
[2026-08-28T04:20:17Z ERROR fuse3::raw::connection::fuse_over_uring] transport payload lease held 1416 ms (≥ 1 s) — overlong handler invocation or a §5.4 severance escape; watch transport_lease_overlong / transport_parked_commits
[2026-08-28T04:20:19Z ERROR fuse3::raw::connection::fuse_over_uring] transport payload lease held 1026 ms (≥ 1 s) — overlong handler invocation or a §5.4 severance escape; watch transport_lease_overlong / transport_parked_commits
[2026-08-28T04:20:19Z ERROR fuse3::raw::connection::fuse_over_uring] transport payload lease held 1026 ms (≥ 1 s) — overlong handler invocation or a §5.4 severance escape; watch transport_lease_overlong / transport_parked_commits
[2026-08-28T04:20:19Z ERROR fuse3::raw::connection::fuse_over_uring] transport payload lease held 1026 ms (≥ 1 s) — overlong handler invocation or a §5.4 severance escape; watch transport_lease_overlong / transport_parked_commits
[2026-08-28T04:20:19Z ERROR fuse3::raw::connection::fuse_over_uring] transport payload lease held 1007 ms (≥ 1 s) — overlong handler invocation or a §5.4 severance escape; watch transport_lease_overlong / transport_parked_commits
[2026-08-28T04:20:19Z ERROR fuse3::raw::connection::fuse_over_uring] transport payload lease held 1378 ms (≥ 1 s) — overlong handler invocation or a §5.4 severance escape; watch transport_lease_overlong / transport_parked_commits
[2026-08-28T04:20:19Z ERROR fuse3::raw::connection::fuse_over_uring] transport payload lease held 1377 ms (≥ 1 s) — overlong handler invocation or a §5.4 severance escape; watch transport_lease_overlong / transport_parked_commits
[2026-08-28T04:20:19Z ERROR fuse3::raw::connection::fuse_over_uring] transport payload lease held 1377 ms (≥ 1 s) — overlong handler invocation or a §5.4 severance escape; watch transport_lease_overlong / transport_parked_commits
[2026-08-28T04:20:19Z ERROR fuse3::raw::connection::fuse_over_uring] transport payload lease held 1362 ms (≥ 1 s) — overlong handler invocation or a §5.4 severance escape; watch transport_lease_overlong / transport_parked_commits
[2026-08-28T04:20:19Z ERROR fuse3::raw::connection::fuse_over_uring] transport payload lease held 1398 ms (≥ 1 s) — overlong handler invocation or a §5.4 severance escape; watch transport_lease_overlong / transport_parked_commits
[2026-08-28T04:20:19Z ERROR fuse3::raw::connection::fuse_over_uring] transport payload lease held 1398 ms (≥ 1 s) — overlong handler invocation or a §5.4 severance escape; watch transport_lease_overlong / transport_parked_commits
[2026-08-28T04:20:19Z ERROR fuse3::raw::connection::fuse_over_uring] transport payload lease held 1398 ms (≥ 1 s) — overlong handler invocation or a §5.4 severance escape; watch transport_lease_overlong / transport_parked_commits
[2026-08-28T04:20:19Z ERROR fuse3::raw::connection::fuse_over_uring] transport payload lease held 1385 ms (≥ 1 s) — overlong handler invocation or a §5.4 severance escape; watch transport_lease_overlong / transport_parked_commits
[2026-08-28T04:20:19Z ERROR fuse3::raw::connection::fuse_over_uring] transport payload lease held 1425 ms (≥ 1 s) — overlong handler invocation or a §5.4 severance escape; watch transport_lease_overlong / transport_parked_commits
[2026-08-28T04:20:19Z ERROR fuse3::raw::connection::fuse_over_uring] transport payload lease held 1425 ms (≥ 1 s) — overlong handler invocation or a §5.4 severance escape; watch transport_lease_overlong / transport_parked_commits
[2026-08-28T04:20:19Z ERROR fuse3::raw::connection::fuse_over_uring] transport payload lease held 1413 ms (≥ 1 s) — overlong handler invocation or a §5.4 severance escape; watch transport_lease_overlong / transport_parked_commits
[2026-08-28T04:20:19Z ERROR fuse3::raw::connection::fuse_over_uring] transport payload lease held 1412 ms (≥ 1 s) — overlong handler invocation or a §5.4 severance escape; watch transport_lease_overlong / transport_parked_commits
[2026-08-28T04:20:19Z ERROR fuse3::raw::connection::fuse_over_uring] transport payload lease held 1395 ms (≥ 1 s) — overlong handler invocation or a §5.4 severance escape; watch transport_lease_overlong / transport_parked_commits
[2026-08-28T04:20:19Z ERROR fuse3::raw::connection::fuse_over_uring] transport payload lease held 1396 ms (≥ 1 s) — overlong handler invocation or a §5.4 severance escape; watch transport_lease_overlong / transport_parked_commits
[2026-08-28T04:20:19Z ERROR fuse3::raw::connection::fuse_over_uring] transport payload lease held 1396 ms (≥ 1 s) — overlong handler invocation or a §5.4 severance escape; watch transport_lease_overlong / transport_parked_commits
[2026-08-28T04:20:19Z ERROR fuse3::raw::connection::fuse_over_uring] transport payload lease held 1393 ms (≥ 1 s) — overlong handler invocation or a §5.4 severance escape; watch transport_lease_overlong / transport_parked_commits
[2026-08-28T04:20:19Z ERROR fuse3::raw::connection::fuse_over_uring] transport payload lease held 1393 ms (≥ 1 s) — overlong handler invocation or a §5.4 severance escape; watch transport_lease_overlong / transport_parked_commits
[2026-08-28T04:20:19Z ERROR fuse3::raw::connection::fuse_over_uring] transport payload lease held 1393 ms (≥ 1 s) — overlong handler invocation or a §5.4 severance escape; watch transport_lease_overlong / transport_parked_commits
[2026-08-28T04:20:19Z ERROR fuse3::raw::connection::fuse_over_uring] transport payload lease held 1383 ms (≥ 1 s) — overlong handler invocation or a §5.4 severance escape; watch transport_lease_overlong / transport_parked_commits
[2026-08-28T04:20:19Z ERROR fuse3::raw::connection::fuse_over_uring] transport payload lease held 1528 ms (≥ 1 s) — overlong handler invocation or a §5.4 severance escape; watch transport_lease_overlong / transport_parked_commits
[2026-08-28T04:20:19Z ERROR fuse3::raw::connection::fuse_over_uring] transport payload lease held 1528 ms (≥ 1 s) — overlong handler invocation or a §5.4 severance escape; watch transport_lease_overlong / transport_parked_commits
[2026-08-28T04:20:19Z ERROR fuse3::raw::connection::fuse_over_uring] transport payload lease held 1528 ms (≥ 1 s) — overlong handler invocation or a §5.4 severance escape; watch transport_lease_overlong / transport_parked_commits
[2026-08-28T04:20:19Z ERROR fuse3::raw::connection::fuse_over_uring] transport payload lease held 1547 ms (≥ 1 s) — overlong handler invocation or a §5.4 severance escape; watch transport_lease_overlong / transport_parked_commits
[2026-08-28T04:20:19Z ERROR fuse3::raw::connection::fuse_over_uring] transport payload lease held 1547 ms (≥ 1 s) — overlong handler invocation or a §5.4 severance escape; watch transport_lease_overlong / transport_parked_commits
[2026-08-28T04:20:19Z ERROR fuse3::raw::connection::fuse_over_uring] transport payload lease held 1546 ms (≥ 1 s) — overlong handler invocation or a §5.4 severance escape; watch transport_lease_overlong / transport_parked_commits
[2026-08-28T04:20:19Z ERROR fuse3::raw::connection::fuse_over_uring] transport payload lease held 1546 ms (≥ 1 s) — overlong handler invocation or a §5.4 severance escape; watch transport_lease_overlong / transport_parked_commits
[2026-08-28T04:20:19Z ERROR fuse3::raw::connection::fuse_over_uring] transport payload lease held 1610 ms (≥ 1 s) — overlong handler invocation or a §5.4 severance escape; watch transport_lease_overlong / transport_parked_commits
[2026-08-28T04:20:19Z ERROR fuse3::raw::connection::fuse_over_uring] transport payload lease held 1610 ms (≥ 1 s) — overlong handler invocation or a §5.4 severance escape; watch transport_lease_overlong / transport_parked_commits
[2026-08-28T04:20:19Z ERROR fuse3::raw::connection::fuse_over_uring] transport payload lease held 1610 ms (≥ 1 s) — overlong handler invocation or a §5.4 severance escape; watch transport_lease_overlong / transport_parked_commits
[2026-08-28T04:20:19Z ERROR fuse3::raw::connection::fuse_over_uring] transport payload lease held 1607 ms (≥ 1 s) — overlong handler invocation or a §5.4 severance escape; watch transport_lease_overlong / transport_parked_commits
[2026-08-28T04:20:19Z ERROR fuse3::raw::connection::fuse_over_uring] transport payload lease held 1633 ms (≥ 1 s) — overlong handler invocation or a §5.4 severance escape; watch transport_lease_overlong / transport_parked_commits
[2026-08-28T04:20:19Z ERROR fuse3::raw::connection::fuse_over_uring] transport payload lease held 1633 ms (≥ 1 s) — overlong handler invocation or a §5.4 severance escape; watch transport_lease_overlong / transport_parked_commits
[2026-08-28T04:20:19Z ERROR fuse3::raw::connection::fuse_over_uring] transport payload lease held 1633 ms (≥ 1 s) — overlong handler invocation or a §5.4 severance escape; watch transport_lease_overlong / transport_parked_commits
[2026-08-28T04:20:19Z ERROR fuse3::raw::connection::fuse_over_uring] transport payload lease held 1633 ms (≥ 1 s) — overlong handler invocation or a §5.4 severance escape; watch transport_lease_overlong / transport_parked_commits
[2026-08-28T04:20:19Z ERROR fuse3::raw::connection::fuse_over_uring] transport payload lease held 1626 ms (≥ 1 s) — overlong handler invocation or a §5.4 severance escape; watch transport_lease_overlong / transport_parked_commits
[2026-08-28T04:20:19Z ERROR fuse3::raw::connection::fuse_over_uring] transport payload lease held 1626 ms (≥ 1 s) — overlong handler invocation or a §5.4 severance escape; watch transport_lease_overlong / transport_parked_commits
[2026-08-28T04:20:19Z ERROR fuse3::raw::connection::fuse_over_uring] transport payload lease held 1625 ms (≥ 1 s) — overlong handler invocation or a §5.4 severance escape; watch transport_lease_overlong / transport_parked_commits
[2026-08-28T04:20:19Z ERROR fuse3::raw::connection::fuse_over_uring] transport payload lease held 1625 ms (≥ 1 s) — overlong handler invocation or a §5.4 severance escape; watch transport_lease_overlong / transport_parked_commits
[2026-08-28T04:20:19Z ERROR fuse3::raw::connection::fuse_over_uring] transport payload lease held 1745 ms (≥ 1 s) — overlong handler invocation or a §5.4 severance escape; watch transport_lease_overlong / transport_parked_commits
[2026-08-28T04:20:19Z ERROR fuse3::raw::connection::fuse_over_uring] transport payload lease held 1745 ms (≥ 1 s) — overlong handler invocation or a §5.4 severance escape; watch transport_lease_overlong / transport_parked_commits
[2026-08-28T04:20:19Z ERROR fuse3::raw::connection::fuse_over_uring] transport payload lease held 1745 ms (≥ 1 s) — overlong handler invocation or a §5.4 severance escape; watch transport_lease_overlong / transport_parked_commits
[2026-08-28T04:20:19Z ERROR fuse3::raw::connection::fuse_over_uring] transport payload lease held 1745 ms (≥ 1 s) — overlong handler invocation or a §5.4 severance escape; watch transport_lease_overlong / transport_parked_commits
[2026-08-28T04:20:19Z ERROR fuse3::raw::connection::fuse_over_uring] transport payload lease held 1658 ms (≥ 1 s) — overlong handler invocation or a §5.4 severance escape; watch transport_lease_overlong / transport_parked_commits
[2026-08-28T04:20:19Z ERROR fuse3::raw::connection::fuse_over_uring] transport payload lease held 1658 ms (≥ 1 s) — overlong handler invocation or a §5.4 severance escape; watch transport_lease_overlong / transport_parked_commits
[2026-08-28T04:20:19Z ERROR fuse3::raw::connection::fuse_over_uring] transport payload lease held 1658 ms (≥ 1 s) — overlong handler invocation or a §5.4 severance escape; watch transport_lease_overlong / transport_parked_commits
[2026-08-28T04:20:20Z WARN  squeezefs::block_allocator] co-writer: abandoning never-published block offset(s) leak-safe (volume 'nvme5n1', first offset 117390180352): the publish that would have named them failed or refused, and a co-writer may not mutate ownership accounting — the next derivation (mount recovery / fsck C6) returns them to the free supply (cowriter_unpublished_abandons; further offsets at debug level)
[2026-08-28T04:20:20Z ERROR fuse3::raw::connection::fuse_over_uring] transport payload lease held 2305 ms (≥ 1 s) — overlong handler invocation or a §5.4 severance escape; watch transport_lease_overlong / transport_parked_commits
[2026-08-28T04:20:20Z ERROR fuse3::raw::connection::fuse_over_uring] transport payload lease held 2305 ms (≥ 1 s) — overlong handler invocation or a §5.4 severance escape; watch transport_lease_overlong / transport_parked_commits
[2026-08-28T04:20:20Z ERROR fuse3::raw::connection::fuse_over_uring] transport payload lease held 2270 ms (≥ 1 s) — overlong handler invocation or a §5.4 severance escape; watch transport_lease_overlong / transport_parked_commits
[2026-08-28T04:20:20Z ERROR fuse3::raw::connection::fuse_over_uring] transport payload lease held 2270 ms (≥ 1 s) — overlong handler invocation or a §5.4 severance escape; watch transport_lease_overlong / transport_parked_commits
[2026-08-28T04:20:20Z ERROR fuse3::raw::connection::fuse_over_uring] transport payload lease held 2271 ms (≥ 1 s) — overlong handler invocation or a §5.4 severance escape; watch transport_lease_overlong / transport_parked_commits
[2026-08-28T04:20:20Z ERROR fuse3::raw::connection::fuse_over_uring] transport payload lease held 2270 ms (≥ 1 s) — overlong handler invocation or a §5.4 severance escape; watch transport_lease_overlong / transport_parked_commits
[2026-08-28T04:20:24Z ERROR fuse3::raw::connection::fuse_over_uring] transport payload lease held 2235 ms (≥ 1 s) — overlong handler invocation or a §5.4 severance escape; watch transport_lease_overlong / transport_parked_commits
[2026-08-28T04:20:24Z ERROR fuse3::raw::connection::fuse_over_uring] transport payload lease held 2235 ms (≥ 1 s) — overlong handler invocation or a §5.4 severance escape; watch transport_lease_overlong / transport_parked_commits
[2026-08-28T04:20:24Z ERROR fuse3::raw::connection::fuse_over_uring] transport payload lease held 2232 ms (≥ 1 s) — overlong handler invocation or a §5.4 severance escape; watch transport_lease_overlong / transport_parked_commits
[2026-08-28T04:20:24Z ERROR fuse3::raw::connection::fuse_over_uring] transport payload lease held 2232 ms (≥ 1 s) — overlong handler invocation or a §5.4 severance escape; watch transport_lease_overlong / transport_parked_commits
[2026-08-28T04:20:25Z ERROR fuse3::raw::connection::fuse_over_uring] transport payload lease held 1222 ms (≥ 1 s) — overlong handler invocation or a §5.4 severance escape; watch transport_lease_overlong / transport_parked_commits
[2026-08-28T04:20:25Z ERROR fuse3::raw::connection::fuse_over_uring] transport payload lease held 1222 ms (≥ 1 s) — overlong handler invocation or a §5.4 severance escape; watch transport_lease_overlong / transport_parked_commits
[2026-08-28T04:20:25Z ERROR fuse3::raw::connection::fuse_over_uring] transport payload lease held 1222 ms (≥ 1 s) — overlong handler invocation or a §5.4 severance escape; watch transport_lease_overlong / transport_parked_commits
[2026-08-28T04:20:25Z ERROR fuse3::raw::connection::fuse_over_uring] transport payload lease held 1410 ms (≥ 1 s) — overlong handler invocation or a §5.4 severance escape; watch transport_lease_overlong / transport_parked_commits
[2026-08-28T04:20:25Z ERROR fuse3::raw::connection::fuse_over_uring] transport payload lease held 1410 ms (≥ 1 s) — overlong handler invocation or a §5.4 severance escape; watch transport_lease_overlong / transport_parked_commits
[2026-08-28T04:20:25Z ERROR fuse3::raw::connection::fuse_over_uring] transport payload lease held 1411 ms (≥ 1 s) — overlong handler invocation or a §5.4 severance escape; watch transport_lease_overlong / transport_parked_commits
[2026-08-28T04:20:25Z ERROR fuse3::raw::connection::fuse_over_uring] transport payload lease held 1411 ms (≥ 1 s) — overlong handler invocation or a §5.4 severance escape; watch transport_lease_overlong / transport_parked_commits
[2026-08-28T04:20:25Z ERROR fuse3::raw::connection::fuse_over_uring] transport payload lease held 1251 ms (≥ 1 s) — overlong handler invocation or a §5.4 severance escape; watch transport_lease_overlong / transport_parked_commits
[2026-08-28T04:20:25Z ERROR fuse3::raw::connection::fuse_over_uring] transport payload lease held 1210 ms (≥ 1 s) — overlong handler invocation or a §5.4 severance escape; watch transport_lease_overlong / transport_parked_commits
[2026-08-28T04:20:25Z ERROR fuse3::raw::connection::fuse_over_uring] transport payload lease held 1181 ms (≥ 1 s) — overlong handler invocation or a §5.4 severance escape; watch transport_lease_overlong / transport_parked_commits
[2026-08-28T04:20:25Z ERROR fuse3::raw::connection::fuse_over_uring] transport payload lease held 1155 ms (≥ 1 s) — overlong handler invocation or a §5.4 severance escape; watch transport_lease_overlong / transport_parked_commits
[2026-08-28T04:20:25Z ERROR fuse3::raw::connection::fuse_over_uring] transport payload lease held 1135 ms (≥ 1 s) — overlong handler invocation or a §5.4 severance escape; watch transport_lease_overlong / transport_parked_commits
[2026-08-28T04:20:25Z ERROR fuse3::raw::connection::fuse_over_uring] transport payload lease held 1252 ms (≥ 1 s) — overlong handler invocation or a §5.4 severance escape; watch transport_lease_overlong / transport_parked_commits
[2026-08-28T04:20:25Z ERROR fuse3::raw::connection::fuse_over_uring] transport payload lease held 1423 ms (≥ 1 s) — overlong handler invocation or a §5.4 severance escape; watch transport_lease_overlong / transport_parked_commits
[2026-08-28T04:20:25Z ERROR fuse3::raw::connection::fuse_over_uring] transport payload lease held 1423 ms (≥ 1 s) — overlong handler invocation or a §5.4 severance escape; watch transport_lease_overlong / transport_parked_commits
[2026-08-28T04:20:25Z ERROR fuse3::raw::connection::fuse_over_uring] transport payload lease held 1260 ms (≥ 1 s) — overlong handler invocation or a §5.4 severance escape; watch transport_lease_overlong / transport_parked_commits
[2026-08-28T04:20:25Z ERROR fuse3::raw::connection::fuse_over_uring] transport payload lease held 1260 ms (≥ 1 s) — overlong handler invocation or a §5.4 severance escape; watch transport_lease_overlong / transport_parked_commits
[2026-08-28T04:20:25Z ERROR fuse3::raw::connection::fuse_over_uring] transport payload lease held 1260 ms (≥ 1 s) — overlong handler invocation or a §5.4 severance escape; watch transport_lease_overlong / transport_parked_commits
[2026-08-28T04:20:25Z ERROR fuse3::raw::connection::fuse_over_uring] transport payload lease held 1260 ms (≥ 1 s) — overlong handler invocation or a §5.4 severance escape; watch transport_lease_overlong / transport_parked_commits
[2026-08-28T04:20:25Z ERROR fuse3::raw::connection::fuse_over_uring] transport payload lease held 1494 ms (≥ 1 s) — overlong handler invocation or a §5.4 severance escape; watch transport_lease_overlong / transport_parked_commits
[2026-08-28T04:20:25Z ERROR fuse3::raw::connection::fuse_over_uring] transport payload lease held 1494 ms (≥ 1 s) — overlong handler invocation or a §5.4 severance escape; watch transport_lease_overlong / transport_parked_commits
[2026-08-28T04:20:25Z ERROR fuse3::raw::connection::fuse_over_uring] transport payload lease held 1494 ms (≥ 1 s) — overlong handler invocation or a §5.4 severance escape; watch transport_lease_overlong / transport_parked_commits
[2026-08-28T04:20:25Z ERROR fuse3::raw::connection::fuse_over_uring] transport payload lease held 1494 ms (≥ 1 s) — overlong handler invocation or a §5.4 severance escape; watch transport_lease_overlong / transport_parked_commits
[2026-08-28T04:20:25Z ERROR fuse3::raw::connection::fuse_over_uring] transport payload lease held 1503 ms (≥ 1 s) — overlong handler invocation or a §5.4 severance escape; watch transport_lease_overlong / transport_parked_commits
[2026-08-28T04:20:25Z ERROR fuse3::raw::connection::fuse_over_uring] transport payload lease held 1503 ms (≥ 1 s) — overlong handler invocation or a §5.4 severance escape; watch transport_lease_overlong / transport_parked_commits
[2026-08-28T04:20:25Z ERROR fuse3::raw::connection::fuse_over_uring] transport payload lease held 1504 ms (≥ 1 s) — overlong handler invocation or a §5.4 severance escape; watch transport_lease_overlong / transport_parked_commits
[2026-08-28T04:20:25Z ERROR fuse3::raw::connection::fuse_over_uring] transport payload lease held 1324 ms (≥ 1 s) — overlong handler invocation or a §5.4 severance escape; watch transport_lease_overlong / transport_parked_commits
[2026-08-28T04:20:25Z ERROR fuse3::raw::connection::fuse_over_uring] transport payload lease held 1323 ms (≥ 1 s) — overlong handler invocation or a §5.4 severance escape; watch transport_lease_overlong / transport_parked_commits
[2026-08-28T04:20:25Z ERROR fuse3::raw::connection::fuse_over_uring] transport payload lease held 1324 ms (≥ 1 s) — overlong handler invocation or a §5.4 severance escape; watch transport_lease_overlong / transport_parked_commits
[2026-08-28T04:20:25Z ERROR fuse3::raw::connection::fuse_over_uring] transport payload lease held 1308 ms (≥ 1 s) — overlong handler invocation or a §5.4 severance escape; watch transport_lease_overlong / transport_parked_commits
[2026-08-28T04:20:27Z ERROR fuse3::raw::connection::fuse_over_uring] transport payload lease held 1026 ms (≥ 1 s) — overlong handler invocation or a §5.4 severance escape; watch transport_lease_overlong / transport_parked_commits
[2026-08-28T04:20:27Z ERROR fuse3::raw::connection::fuse_over_uring] transport payload lease held 1026 ms (≥ 1 s) — overlong handler invocation or a §5.4 severance escape; watch transport_lease_overlong / transport_parked_commits
[2026-08-28T04:20:28Z ERROR fuse3::raw::connection::fuse_over_uring] transport payload lease held 2044 ms (≥ 1 s) — overlong handler invocation or a §5.4 severance escape; watch transport_lease_overlong / transport_parked_commits
[2026-08-28T04:20:28Z ERROR fuse3::raw::connection::fuse_over_uring] transport payload lease held 2044 ms (≥ 1 s) — overlong handler invocation or a §5.4 severance escape; watch transport_lease_overlong / transport_parked_commits
[2026-08-28T04:20:28Z ERROR fuse3::raw::connection::fuse_over_uring] transport payload lease held 2059 ms (≥ 1 s) — overlong handler invocation or a §5.4 severance escape; watch transport_lease_overlong / transport_parked_commits
[2026-08-28T04:20:28Z ERROR fuse3::raw::connection::fuse_over_uring] transport payload lease held 2053 ms (≥ 1 s) — overlong handler invocation or a §5.4 severance escape; watch transport_lease_overlong / transport_parked_commits
[2026-08-28T04:20:28Z ERROR fuse3::raw::connection::fuse_over_uring] transport payload lease held 2058 ms (≥ 1 s) — overlong handler invocation or a §5.4 severance escape; watch transport_lease_overlong / transport_parked_commits
[2026-08-28T04:20:28Z ERROR fuse3::raw::connection::fuse_over_uring] transport payload lease held 2049 ms (≥ 1 s) — overlong handler invocation or a §5.4 severance escape; watch transport_lease_overlong / transport_parked_commits
[2026-08-28T04:20:28Z ERROR fuse3::raw::connection::fuse_over_uring] transport payload lease held 2040 ms (≥ 1 s) — overlong handler invocation or a §5.4 severance escape; watch transport_lease_overlong / transport_parked_commits
[2026-08-28T04:20:28Z ERROR fuse3::raw::connection::fuse_over_uring] transport payload lease held 2035 ms (≥ 1 s) — overlong handler invocation or a §5.4 severance escape; watch transport_lease_overlong / transport_parked_commits
[2026-08-28T04:20:28Z ERROR fuse3::raw::connection::fuse_over_uring] transport payload lease held 2037 ms (≥ 1 s) — overlong handler invocation or a §5.4 severance escape; watch transport_lease_overlong / transport_parked_commits
[2026-08-28T04:20:28Z ERROR fuse3::raw::connection::fuse_over_uring] transport payload lease held 2031 ms (≥ 1 s) — overlong handler invocation or a §5.4 severance escape; watch transport_lease_overlong / transport_parked_commits
[2026-08-28T04:20:28Z ERROR fuse3::raw::connection::fuse_over_uring] transport payload lease held 1288 ms (≥ 1 s) — overlong handler invocation or a §5.4 severance escape; watch transport_lease_overlong / transport_parked_commits
[2026-08-28T04:20:28Z ERROR fuse3::raw::connection::fuse_over_uring] transport payload lease held 1288 ms (≥ 1 s) — overlong handler invocation or a §5.4 severance escape; watch transport_lease_overlong / transport_parked_commits
[2026-08-28T04:20:29Z ERROR fuse3::raw::connection::fuse_over_uring] transport payload lease held 1446 ms (≥ 1 s) — overlong handler invocation or a §5.4 severance escape; watch transport_lease_overlong / transport_parked_commits
[2026-08-28T04:20:29Z ERROR fuse3::raw::connection::fuse_over_uring] transport payload lease held 1427 ms (≥ 1 s) — overlong handler invocation or a §5.4 severance escape; watch transport_lease_overlong / transport_parked_commits
[2026-08-28T04:20:29Z ERROR fuse3::raw::connection::fuse_over_uring] transport payload lease held 1446 ms (≥ 1 s) — overlong handler invocation or a §5.4 severance escape; watch transport_lease_overlong / transport_parked_commits
[2026-08-28T04:20:29Z ERROR fuse3::raw::connection::fuse_over_uring] transport payload lease held 1416 ms (≥ 1 s) — overlong handler invocation or a §5.4 severance escape; watch transport_lease_overlong / transport_parked_commits
[2026-08-28T04:20:29Z ERROR fuse3::raw::connection::fuse_over_uring] transport payload lease held 1251 ms (≥ 1 s) — overlong handler invocation or a §5.4 severance escape; watch transport_lease_overlong / transport_parked_commits
[2026-08-28T04:20:29Z ERROR fuse3::raw::connection::fuse_over_uring] transport payload lease held 1245 ms (≥ 1 s) — overlong handler invocation or a §5.4 severance escape; watch transport_lease_overlong / transport_parked_commits
[2026-08-28T04:20:29Z ERROR fuse3::raw::connection::fuse_over_uring] transport payload lease held 1245 ms (≥ 1 s) — overlong handler invocation or a §5.4 severance escape; watch transport_lease_overlong / transport_parked_commits
[2026-08-28T04:20:29Z ERROR fuse3::raw::connection::fuse_over_uring] transport payload lease held 1244 ms (≥ 1 s) — overlong handler invocation or a §5.4 severance escape; watch transport_lease_overlong / transport_parked_commits
[2026-08-28T04:20:29Z ERROR fuse3::raw::connection::fuse_over_uring] transport payload lease held 1421 ms (≥ 1 s) — overlong handler invocation or a §5.4 severance escape; watch transport_lease_overlong / transport_parked_commits
[2026-08-28T04:20:29Z ERROR fuse3::raw::connection::fuse_over_uring] transport payload lease held 1421 ms (≥ 1 s) — overlong handler invocation or a §5.4 severance escape; watch transport_lease_overlong / transport_parked_commits
[2026-08-28T04:20:29Z ERROR fuse3::raw::connection::fuse_over_uring] transport payload lease held 1436 ms (≥ 1 s) — overlong handler invocation or a §5.4 severance escape; watch transport_lease_overlong / transport_parked_commits
[2026-08-28T04:20:29Z ERROR fuse3::raw::connection::fuse_over_uring] transport payload lease held 1436 ms (≥ 1 s) — overlong handler invocation or a §5.4 severance escape; watch transport_lease_overlong / transport_parked_commits
[2026-08-28T04:20:29Z ERROR fuse3::raw::connection::fuse_over_uring] transport payload lease held 1480 ms (≥ 1 s) — overlong handler invocation or a §5.4 severance escape; watch transport_lease_overlong / transport_parked_commits
[2026-08-28T04:20:29Z ERROR fuse3::raw::connection::fuse_over_uring] transport payload lease held 1480 ms (≥ 1 s) — overlong handler invocation or a §5.4 severance escape; watch transport_lease_overlong / transport_parked_commits
[2026-08-28T04:20:29Z ERROR fuse3::raw::connection::fuse_over_uring] transport payload lease held 1480 ms (≥ 1 s) — overlong handler invocation or a §5.4 severance escape; watch transport_lease_overlong / transport_parked_commits
[2026-08-28T04:20:29Z ERROR fuse3::raw::connection::fuse_over_uring] transport payload lease held 1480 ms (≥ 1 s) — overlong handler invocation or a §5.4 severance escape; watch transport_lease_overlong / transport_parked_commits
[2026-08-28T04:20:29Z ERROR fuse3::raw::connection::fuse_over_uring] transport payload lease held 1048 ms (≥ 1 s) — overlong handler invocation or a §5.4 severance escape; watch transport_lease_overlong / transport_parked_commits
[2026-08-28T04:20:29Z ERROR fuse3::raw::connection::fuse_over_uring] transport payload lease held 1048 ms (≥ 1 s) — overlong handler invocation or a §5.4 severance escape; watch transport_lease_overlong / transport_parked_commits
[2026-08-28T04:20:29Z ERROR fuse3::raw::connection::fuse_over_uring] transport payload lease held 1048 ms (≥ 1 s) — overlong handler invocation or a §5.4 severance escape; watch transport_lease_overlong / transport_parked_commits
[2026-08-28T04:20:29Z ERROR fuse3::raw::connection::fuse_over_uring] transport payload lease held 1470 ms (≥ 1 s) — overlong handler invocation or a §5.4 severance escape; watch transport_lease_overlong / transport_parked_commits
[2026-08-28T04:20:29Z ERROR fuse3::raw::connection::fuse_over_uring] transport payload lease held 1464 ms (≥ 1 s) — overlong handler invocation or a §5.4 severance escape; watch transport_lease_overlong / transport_parked_commits
[2026-08-28T04:20:29Z ERROR fuse3::raw::connection::fuse_over_uring] transport payload lease held 1470 ms (≥ 1 s) — overlong handler invocation or a §5.4 severance escape; watch transport_lease_overlong / transport_parked_commits
[2026-08-28T04:20:29Z ERROR fuse3::raw::connection::fuse_over_uring] transport payload lease held 1464 ms (≥ 1 s) — overlong handler invocation or a §5.4 severance escape; watch transport_lease_overlong / transport_parked_commits
[2026-08-28T04:20:29Z ERROR fuse3::raw::connection::fuse_over_uring] transport payload lease held 1644 ms (≥ 1 s) — overlong handler invocation or a §5.4 severance escape; watch transport_lease_overlong / transport_parked_commits
[2026-08-28T04:20:29Z ERROR fuse3::raw::connection::fuse_over_uring] transport payload lease held 1643 ms (≥ 1 s) — overlong handler invocation or a §5.4 severance escape; watch transport_lease_overlong / transport_parked_commits
[2026-08-28T04:20:29Z ERROR fuse3::raw::connection::fuse_over_uring] transport payload lease held 1643 ms (≥ 1 s) — overlong handler invocation or a §5.4 severance escape; watch transport_lease_overlong / transport_parked_commits
[2026-08-28T04:20:29Z ERROR fuse3::raw::connection::fuse_over_uring] transport payload lease held 1644 ms (≥ 1 s) — overlong handler invocation or a §5.4 severance escape; watch transport_lease_overlong / transport_parked_commits
[2026-08-28T04:20:29Z ERROR fuse3::raw::connection::fuse_over_uring] transport payload lease held 1281 ms (≥ 1 s) — overlong handler invocation or a §5.4 severance escape; watch transport_lease_overlong / transport_parked_commits
[2026-08-28T04:20:29Z ERROR fuse3::raw::connection::fuse_over_uring] transport payload lease held 1295 ms (≥ 1 s) — overlong handler invocation or a §5.4 severance escape; watch transport_lease_overlong / transport_parked_commits
[2026-08-28T04:20:30Z ERROR fuse3::raw::connection::fuse_over_uring] transport payload lease held 1773 ms (≥ 1 s) — overlong handler invocation or a §5.4 severance escape; watch transport_lease_overlong / transport_parked_commits
[2026-08-28T04:20:30Z ERROR fuse3::raw::connection::fuse_over_uring] transport payload lease held 1756 ms (≥ 1 s) — overlong handler invocation or a §5.4 severance escape; watch transport_lease_overlong / transport_parked_commits
[2026-08-28T04:20:30Z ERROR fuse3::raw::connection::fuse_over_uring] transport payload lease held 1756 ms (≥ 1 s) — overlong handler invocation or a §5.4 severance escape; watch transport_lease_overlong / transport_parked_commits
[2026-08-28T04:20:30Z ERROR fuse3::raw::connection::fuse_over_uring] transport payload lease held 1755 ms (≥ 1 s) — overlong handler invocation or a §5.4 severance escape; watch transport_lease_overlong / transport_parked_commits
[2026-08-28T04:20:30Z ERROR fuse3::raw::connection::fuse_over_uring] transport payload lease held 1081 ms (≥ 1 s) — overlong handler invocation or a §5.4 severance escape; watch transport_lease_overlong / transport_parked_commits
[2026-08-28T04:20:30Z ERROR fuse3::raw::connection::fuse_over_uring] transport payload lease held 1081 ms (≥ 1 s) — overlong handler invocation or a §5.4 severance escape; watch transport_lease_overlong / transport_parked_commits
[2026-08-28T04:20:30Z ERROR fuse3::raw::connection::fuse_over_uring] transport payload lease held 1076 ms (≥ 1 s) — overlong handler invocation or a §5.4 severance escape; watch transport_lease_overlong / transport_parked_commits
[2026-08-28T04:20:30Z ERROR fuse3::raw::connection::fuse_over_uring] transport payload lease held 1075 ms (≥ 1 s) — overlong handler invocation or a §5.4 severance escape; watch transport_lease_overlong / transport_parked_commits
[2026-08-28T04:20:30Z ERROR fuse3::raw::connection::fuse_over_uring] transport payload lease held 1028 ms (≥ 1 s) — overlong handler invocation or a §5.4 severance escape; watch transport_lease_overlong / transport_parked_commits
[2026-08-28T04:20:30Z ERROR fuse3::raw::connection::fuse_over_uring] transport payload lease held 1023 ms (≥ 1 s) — overlong handler invocation or a §5.4 severance escape; watch transport_lease_overlong / transport_parked_commits
[2026-08-28T04:20:30Z ERROR fuse3::raw::connection::fuse_over_uring] transport payload lease held 1028 ms (≥ 1 s) — overlong handler invocation or a §5.4 severance escape; watch transport_lease_overlong / transport_parked_commits
[2026-08-28T04:20:30Z ERROR fuse3::raw::connection::fuse_over_uring] transport payload lease held 1014 ms (≥ 1 s) — overlong handler invocation or a §5.4 severance escape; watch transport_lease_overlong / transport_parked_commits
[2026-08-28T04:20:31Z WARN  squeezefs::block_allocator] co-writer: abandoning never-published block offset(s) leak-safe (volume 'nvme7n1', first offset 130342191104): the publish that would have named them failed or refused, and a co-writer may not mutate ownership accounting — the next derivation (mount recovery / fsck C6) returns them to the free supply (cowriter_unpublished_abandons; further offsets at debug level)
[2026-08-28T04:20:34Z ERROR fuse3::raw::connection::fuse_over_uring] transport payload lease held 1537 ms (≥ 1 s) — overlong handler invocation or a §5.4 severance escape; watch transport_lease_overlong / transport_parked_commits
[2026-08-28T04:20:34Z ERROR fuse3::raw::connection::fuse_over_uring] transport payload lease held 1527 ms (≥ 1 s) — overlong handler invocation or a §5.4 severance escape; watch transport_lease_overlong / transport_parked_commits
[2026-08-28T04:20:34Z ERROR fuse3::raw::connection::fuse_over_uring] transport payload lease held 1527 ms (≥ 1 s) — overlong handler invocation or a §5.4 severance escape; watch transport_lease_overlong / transport_parked_commits
[2026-08-28T04:20:34Z ERROR fuse3::raw::connection::fuse_over_uring] transport payload lease held 1527 ms (≥ 1 s) — overlong handler invocation or a §5.4 severance escape; watch transport_lease_overlong / transport_parked_commits
[2026-08-28T04:20:34Z ERROR fuse3::raw::connection::fuse_over_uring] transport payload lease held 1526 ms (≥ 1 s) — overlong handler invocation or a §5.4 severance escape; watch transport_lease_overlong / transport_parked_commits
[2026-08-28T04:20:34Z ERROR fuse3::raw::connection::fuse_over_uring] transport payload lease held 1526 ms (≥ 1 s) — overlong handler invocation or a §5.4 severance escape; watch transport_lease_overlong / transport_parked_commits
[2026-08-28T04:20:34Z ERROR fuse3::raw::connection::fuse_over_uring] transport payload lease held 1526 ms (≥ 1 s) — overlong handler invocation or a §5.4 severance escape; watch transport_lease_overlong / transport_parked_commits
[2026-08-28T04:20:34Z ERROR fuse3::raw::connection::fuse_over_uring] transport payload lease held 1526 ms (≥ 1 s) — overlong handler invocation or a §5.4 severance escape; watch transport_lease_overlong / transport_parked_commits
[2026-08-28T04:20:34Z ERROR fuse3::raw::connection::fuse_over_uring] transport payload lease held 1497 ms (≥ 1 s) — overlong handler invocation or a §5.4 severance escape; watch transport_lease_overlong / transport_parked_commits
[2026-08-28T04:20:34Z ERROR fuse3::raw::connection::fuse_over_uring] transport payload lease held 1483 ms (≥ 1 s) — overlong handler invocation or a §5.4 severance escape; watch transport_lease_overlong / transport_parked_commits
[2026-08-28T04:20:34Z ERROR fuse3::raw::connection::fuse_over_uring] transport payload lease held 1473 ms (≥ 1 s) — overlong handler invocation or a §5.4 severance escape; watch transport_lease_overlong / transport_parked_commits
[2026-08-28T04:20:34Z ERROR fuse3::raw::connection::fuse_over_uring] transport payload lease held 1510 ms (≥ 1 s) — overlong handler invocation or a §5.4 severance escape; watch transport_lease_overlong / transport_parked_commits
[2026-08-28T04:20:34Z ERROR fuse3::raw::connection::fuse_over_uring] transport payload lease held 1407 ms (≥ 1 s) — overlong handler invocation or a §5.4 severance escape; watch transport_lease_overlong / transport_parked_commits
[2026-08-28T04:20:34Z ERROR fuse3::raw::connection::fuse_over_uring] transport payload lease held 1407 ms (≥ 1 s) — overlong handler invocation or a §5.4 severance escape; watch transport_lease_overlong / transport_parked_commits
[2026-08-28T04:20:34Z ERROR fuse3::raw::connection::fuse_over_uring] transport payload lease held 1406 ms (≥ 1 s) — overlong handler invocation or a §5.4 severance escape; watch transport_lease_overlong / transport_parked_commits
[2026-08-28T04:20:34Z ERROR fuse3::raw::connection::fuse_over_uring] transport payload lease held 1406 ms (≥ 1 s) — overlong handler invocation or a §5.4 severance escape; watch transport_lease_overlong / transport_parked_commits
[2026-08-28T04:20:34Z ERROR fuse3::raw::connection::fuse_over_uring] transport payload lease held 1433 ms (≥ 1 s) — overlong handler invocation or a §5.4 severance escape; watch transport_lease_overlong / transport_parked_commits
[2026-08-28T04:20:34Z ERROR fuse3::raw::connection::fuse_over_uring] transport payload lease held 1424 ms (≥ 1 s) — overlong handler invocation or a §5.4 severance escape; watch transport_lease_overlong / transport_parked_commits
[2026-08-28T04:20:34Z ERROR fuse3::raw::connection::fuse_over_uring] transport payload lease held 1424 ms (≥ 1 s) — overlong handler invocation or a §5.4 severance escape; watch transport_lease_overlong / transport_parked_commits
[2026-08-28T04:20:34Z ERROR fuse3::raw::connection::fuse_over_uring] transport payload lease held 1424 ms (≥ 1 s) — overlong handler invocation or a §5.4 severance escape; watch transport_lease_overlong / transport_parked_commits
[2026-08-28T04:20:34Z ERROR fuse3::raw::connection::fuse_over_uring] transport payload lease held 1480 ms (≥ 1 s) — overlong handler invocation or a §5.4 severance escape; watch transport_lease_overlong / transport_parked_commits
[2026-08-28T04:20:34Z ERROR fuse3::raw::connection::fuse_over_uring] transport payload lease held 1480 ms (≥ 1 s) — overlong handler invocation or a §5.4 severance escape; watch transport_lease_overlong / transport_parked_commits
[2026-08-28T04:20:34Z ERROR fuse3::raw::connection::fuse_over_uring] transport payload lease held 1480 ms (≥ 1 s) — overlong handler invocation or a §5.4 severance escape; watch transport_lease_overlong / transport_parked_commits
[2026-08-28T04:20:34Z ERROR fuse3::raw::connection::fuse_over_uring] transport payload lease held 1478 ms (≥ 1 s) — overlong handler invocation or a §5.4 severance escape; watch transport_lease_overlong / transport_parked_commits
[2026-08-28T04:20:35Z ERROR fuse3::raw::connection::fuse_over_uring] transport payload lease held 1352 ms (≥ 1 s) — overlong handler invocation or a §5.4 severance escape; watch transport_lease_overlong / transport_parked_commits
[2026-08-28T04:20:35Z ERROR fuse3::raw::connection::fuse_over_uring] transport payload lease held 1343 ms (≥ 1 s) — overlong handler invocation or a §5.4 severance escape; watch transport_lease_overlong / transport_parked_commits
[2026-08-28T04:20:35Z ERROR fuse3::raw::connection::fuse_over_uring] transport payload lease held 1343 ms (≥ 1 s) — overlong handler invocation or a §5.4 severance escape; watch transport_lease_overlong / transport_parked_commits
[2026-08-28T04:20:35Z ERROR fuse3::raw::connection::fuse_over_uring] transport payload lease held 1342 ms (≥ 1 s) — overlong handler invocation or a §5.4 severance escape; watch transport_lease_overlong / transport_parked_commits
[2026-08-28T04:20:35Z ERROR fuse3::raw::connection::fuse_over_uring] transport payload lease held 2145 ms (≥ 1 s) — overlong handler invocation or a §5.4 severance escape; watch transport_lease_overlong / transport_parked_commits
[2026-08-28T04:20:35Z ERROR fuse3::raw::connection::fuse_over_uring] transport payload lease held 2142 ms (≥ 1 s) — overlong handler invocation or a §5.4 severance escape; watch transport_lease_overlong / transport_parked_commits
[2026-08-28T04:20:35Z ERROR fuse3::raw::connection::fuse_over_uring] transport payload lease held 2139 ms (≥ 1 s) — overlong handler invocation or a §5.4 severance escape; watch transport_lease_overlong / transport_parked_commits
[2026-08-28T04:20:35Z ERROR fuse3::raw::connection::fuse_over_uring] transport payload lease held 2137 ms (≥ 1 s) — overlong handler invocation or a §5.4 severance escape; watch transport_lease_overlong / transport_parked_commits
[2026-08-28T04:20:35Z ERROR fuse3::raw::connection::fuse_over_uring] transport payload lease held 1477 ms (≥ 1 s) — overlong handler invocation or a §5.4 severance escape; watch transport_lease_overlong / transport_parked_commits
[2026-08-28T04:20:35Z ERROR fuse3::raw::connection::fuse_over_uring] transport payload lease held 1470 ms (≥ 1 s) — overlong handler invocation or a §5.4 severance escape; watch transport_lease_overlong / transport_parked_commits
[2026-08-28T04:20:35Z ERROR fuse3::raw::connection::fuse_over_uring] transport payload lease held 1462 ms (≥ 1 s) — overlong handler invocation or a §5.4 severance escape; watch transport_lease_overlong / transport_parked_commits
[2026-08-28T04:20:35Z ERROR fuse3::raw::connection::fuse_over_uring] transport payload lease held 1452 ms (≥ 1 s) — overlong handler invocation or a §5.4 severance escape; watch transport_lease_overlong / transport_parked_commits
[2026-08-28T04:20:35Z ERROR fuse3::raw::connection::fuse_over_uring] transport payload lease held 1216 ms (≥ 1 s) — overlong handler invocation or a §5.4 severance escape; watch transport_lease_overlong / transport_parked_commits
[2026-08-28T04:20:35Z ERROR fuse3::raw::connection::fuse_over_uring] transport payload lease held 1216 ms (≥ 1 s) — overlong handler invocation or a §5.4 severance escape; watch transport_lease_overlong / transport_parked_commits
[2026-08-28T04:20:35Z ERROR fuse3::raw::connection::fuse_over_uring] transport payload lease held 1216 ms (≥ 1 s) — overlong handler invocation or a §5.4 severance escape; watch transport_lease_overlong / transport_parked_commits
[2026-08-28T04:20:35Z ERROR fuse3::raw::connection::fuse_over_uring] transport payload lease held 1216 ms (≥ 1 s) — overlong handler invocation or a §5.4 severance escape; watch transport_lease_overlong / transport_parked_commits
[2026-08-28T04:20:35Z ERROR fuse3::raw::connection::fuse_over_uring] transport payload lease held 1297 ms (≥ 1 s) — overlong handler invocation or a §5.4 severance escape; watch transport_lease_overlong / transport_parked_commits
[2026-08-28T04:20:35Z ERROR fuse3::raw::connection::fuse_over_uring] transport payload lease held 1294 ms (≥ 1 s) — overlong handler invocation or a §5.4 severance escape; watch transport_lease_overlong / transport_parked_commits
[2026-08-28T04:20:35Z ERROR fuse3::raw::connection::fuse_over_uring] transport payload lease held 1292 ms (≥ 1 s) — overlong handler invocation or a §5.4 severance escape; watch transport_lease_overlong / transport_parked_commits
[2026-08-28T04:20:35Z ERROR fuse3::raw::connection::fuse_over_uring] transport payload lease held 1290 ms (≥ 1 s) — overlong handler invocation or a §5.4 severance escape; watch transport_lease_overlong / transport_parked_commits
[2026-08-28T04:20:35Z ERROR fuse3::raw::connection::fuse_over_uring] transport payload lease held 1257 ms (≥ 1 s) — overlong handler invocation or a §5.4 severance escape; watch transport_lease_overlong / transport_parked_commits
[2026-08-28T04:20:40Z ERROR fuse3::raw::connection::fuse_over_uring] transport payload lease held 1360 ms (≥ 1 s) — overlong handler invocation or a §5.4 severance escape; watch transport_lease_overlong / transport_parked_commits
[2026-08-28T04:20:40Z ERROR fuse3::raw::connection::fuse_over_uring] transport payload lease held 1333 ms (≥ 1 s) — overlong handler invocation or a §5.4 severance escape; watch transport_lease_overlong / transport_parked_commits
[2026-08-28T04:20:40Z ERROR fuse3::raw::connection::fuse_over_uring] transport payload lease held 1333 ms (≥ 1 s) — overlong handler invocation or a §5.4 severance escape; watch transport_lease_overlong / transport_parked_commits
[2026-08-28T04:20:40Z ERROR fuse3::raw::connection::fuse_over_uring] transport payload lease held 1333 ms (≥ 1 s) — overlong handler invocation or a §5.4 severance escape; watch transport_lease_overlong / transport_parked_commits
[2026-08-28T04:20:40Z ERROR fuse3::raw::connection::fuse_over_uring] transport payload lease held 1160 ms (≥ 1 s) — overlong handler invocation or a §5.4 severance escape; watch transport_lease_overlong / transport_parked_commits
[2026-08-28T04:20:40Z ERROR fuse3::raw::connection::fuse_over_uring] transport payload lease held 1164 ms (≥ 1 s) — overlong handler invocation or a §5.4 severance escape; watch transport_lease_overlong / transport_parked_commits
[2026-08-28T04:20:40Z ERROR fuse3::raw::connection::fuse_over_uring] transport payload lease held 1140 ms (≥ 1 s) — overlong handler invocation or a §5.4 severance escape; watch transport_lease_overlong / transport_parked_commits
[2026-08-28T04:20:40Z ERROR fuse3::raw::connection::fuse_over_uring] transport payload lease held 1139 ms (≥ 1 s) — overlong handler invocation or a §5.4 severance escape; watch transport_lease_overlong / transport_parked_commits
[2026-08-28T04:20:40Z ERROR fuse3::raw::connection::fuse_over_uring] transport payload lease held 1164 ms (≥ 1 s) — overlong handler invocation or a §5.4 severance escape; watch transport_lease_overlong / transport_parked_commits
[2026-08-28T04:20:40Z ERROR fuse3::raw::connection::fuse_over_uring] transport payload lease held 1164 ms (≥ 1 s) — overlong handler invocation or a §5.4 severance escape; watch transport_lease_overlong / transport_parked_commits
[2026-08-28T04:20:40Z ERROR fuse3::raw::connection::fuse_over_uring] transport payload lease held 1142 ms (≥ 1 s) — overlong handler invocation or a §5.4 severance escape; watch transport_lease_overlong / transport_parked_commits
[2026-08-28T04:20:40Z ERROR fuse3::raw::connection::fuse_over_uring] transport payload lease held 1139 ms (≥ 1 s) — overlong handler invocation or a §5.4 severance escape; watch transport_lease_overlong / transport_parked_commits
[2026-08-28T04:20:40Z ERROR fuse3::raw::connection::fuse_over_uring] transport payload lease held 1142 ms (≥ 1 s) — overlong handler invocation or a §5.4 severance escape; watch transport_lease_overlong / transport_parked_commits
[2026-08-28T04:20:40Z ERROR fuse3::raw::connection::fuse_over_uring] transport payload lease held 1134 ms (≥ 1 s) — overlong handler invocation or a §5.4 severance escape; watch transport_lease_overlong / transport_parked_commits
[2026-08-28T04:20:40Z ERROR fuse3::raw::connection::fuse_over_uring] transport payload lease held 1025 ms (≥ 1 s) — overlong handler invocation or a §5.4 severance escape; watch transport_lease_overlong / transport_parked_commits
[2026-08-28T04:20:40Z ERROR fuse3::raw::connection::fuse_over_uring] transport payload lease held 1024 ms (≥ 1 s) — overlong handler invocation or a §5.4 severance escape; watch transport_lease_overlong / transport_parked_commits
[2026-08-28T04:20:45Z ERROR fuse3::raw::connection::fuse_over_uring] transport payload lease held 1068 ms (≥ 1 s) — overlong handler invocation or a §5.4 severance escape; watch transport_lease_overlong / transport_parked_commits
[2026-08-28T04:20:45Z ERROR fuse3::raw::connection::fuse_over_uring] transport payload lease held 1069 ms (≥ 1 s) — overlong handler invocation or a §5.4 severance escape; watch transport_lease_overlong / transport_parked_commits
[2026-08-28T04:20:45Z ERROR fuse3::raw::connection::fuse_over_uring] transport payload lease held 1069 ms (≥ 1 s) — overlong handler invocation or a §5.4 severance escape; watch transport_lease_overlong / transport_parked_commits
[2026-08-28T04:20:45Z ERROR fuse3::raw::connection::fuse_over_uring] transport payload lease held 1063 ms (≥ 1 s) — overlong handler invocation or a §5.4 severance escape; watch transport_lease_overlong / transport_parked_commits
[2026-08-28T04:20:45Z ERROR fuse3::raw::connection::fuse_over_uring] transport payload lease held 1100 ms (≥ 1 s) — overlong handler invocation or a §5.4 severance escape; watch transport_lease_overlong / transport_parked_commits
[2026-08-28T04:20:45Z ERROR fuse3::raw::connection::fuse_over_uring] transport payload lease held 1100 ms (≥ 1 s) — overlong handler invocation or a §5.4 severance escape; watch transport_lease_overlong / transport_parked_commits
[2026-08-28T04:20:45Z ERROR fuse3::raw::connection::fuse_over_uring] transport payload lease held 1100 ms (≥ 1 s) — overlong handler invocation or a §5.4 severance escape; watch transport_lease_overlong / transport_parked_commits
[2026-08-28T04:20:45Z ERROR fuse3::raw::connection::fuse_over_uring] transport payload lease held 1106 ms (≥ 1 s) — overlong handler invocation or a §5.4 severance escape; watch transport_lease_overlong / transport_parked_commits
[2026-08-28T04:20:45Z ERROR fuse3::raw::connection::fuse_over_uring] transport payload lease held 1107 ms (≥ 1 s) — overlong handler invocation or a §5.4 severance escape; watch transport_lease_overlong / transport_parked_commits
[2026-08-28T04:20:45Z ERROR fuse3::raw::connection::fuse_over_uring] transport payload lease held 1130 ms (≥ 1 s) — overlong handler invocation or a §5.4 severance escape; watch transport_lease_overlong / transport_parked_commits
[2026-08-28T04:20:45Z ERROR fuse3::raw::connection::fuse_over_uring] transport payload lease held 1104 ms (≥ 1 s) — overlong handler invocation or a §5.4 severance escape; watch transport_lease_overlong / transport_parked_commits
[2026-08-28T04:20:45Z ERROR fuse3::raw::connection::fuse_over_uring] transport payload lease held 1099 ms (≥ 1 s) — overlong handler invocation or a §5.4 severance escape; watch transport_lease_overlong / transport_parked_commits
[2026-08-28T04:20:45Z ERROR fuse3::raw::connection::fuse_over_uring] transport payload lease held 1096 ms (≥ 1 s) — overlong handler invocation or a §5.4 severance escape; watch transport_lease_overlong / transport_parked_commits
[2026-08-28T04:20:45Z ERROR fuse3::raw::connection::fuse_over_uring] transport payload lease held 1532 ms (≥ 1 s) — overlong handler invocation or a §5.4 severance escape; watch transport_lease_overlong / transport_parked_commits
[2026-08-28T04:20:45Z ERROR fuse3::raw::connection::fuse_over_uring] transport payload lease held 1533 ms (≥ 1 s) — overlong handler invocation or a §5.4 severance escape; watch transport_lease_overlong / transport_parked_commits
[2026-08-28T04:20:45Z ERROR fuse3::raw::connection::fuse_over_uring] transport payload lease held 1533 ms (≥ 1 s) — overlong handler invocation or a §5.4 severance escape; watch transport_lease_overlong / transport_parked_commits
[2026-08-28T04:20:45Z WARN  squeezefs::block_allocator] co-writer: abandoning never-published block offset(s) leak-safe (volume 'nvme4n1', first offset 146783862784): the publish that would have named them failed or refused, and a co-writer may not mutate ownership accounting — the next derivation (mount recovery / fsck C6) returns them to the free supply (cowriter_unpublished_abandons; further offsets at debug level)
[2026-08-28T04:20:50Z WARN  squeezefs::block_allocator] co-writer: abandoning never-published block offset(s) leak-safe (volume 'nvme5n1', first offset 149803761664): the publish that would have named them failed or refused, and a co-writer may not mutate ownership accounting — the next derivation (mount recovery / fsck C6) returns them to the free supply (cowriter_unpublished_abandons; further offsets at debug level)
[2026-08-28T04:20:51Z ERROR fuse3::raw::connection::fuse_over_uring] transport payload lease held 1363 ms (≥ 1 s) — overlong handler invocation or a §5.4 severance escape; watch transport_lease_overlong / transport_parked_commits
[2026-08-28T04:20:51Z ERROR fuse3::raw::connection::fuse_over_uring] transport payload lease held 1363 ms (≥ 1 s) — overlong handler invocation or a §5.4 severance escape; watch transport_lease_overlong / transport_parked_commits
[2026-08-28T04:20:51Z ERROR fuse3::raw::connection::fuse_over_uring] transport payload lease held 1360 ms (≥ 1 s) — overlong handler invocation or a §5.4 severance escape; watch transport_lease_overlong / transport_parked_commits
[2026-08-28T04:20:51Z ERROR fuse3::raw::connection::fuse_over_uring] transport payload lease held 1359 ms (≥ 1 s) — overlong handler invocation or a §5.4 severance escape; watch transport_lease_overlong / transport_parked_commits
[2026-08-28T04:20:51Z ERROR fuse3::raw::connection::fuse_over_uring] transport payload lease held 2180 ms (≥ 1 s) — overlong handler invocation or a §5.4 severance escape; watch transport_lease_overlong / transport_parked_commits
[2026-08-28T04:20:51Z ERROR fuse3::raw::connection::fuse_over_uring] transport payload lease held 2180 ms (≥ 1 s) — overlong handler invocation or a §5.4 severance escape; watch transport_lease_overlong / transport_parked_commits
[2026-08-28T04:20:51Z ERROR fuse3::raw::connection::fuse_over_uring] transport payload lease held 2181 ms (≥ 1 s) — overlong handler invocation or a §5.4 severance escape; watch transport_lease_overlong / transport_parked_commits
[2026-08-28T04:20:51Z ERROR fuse3::raw::connection::fuse_over_uring] transport payload lease held 2181 ms (≥ 1 s) — overlong handler invocation or a §5.4 severance escape; watch transport_lease_overlong / transport_parked_commits
[2026-08-28T04:20:56Z ERROR fuse3::raw::connection::fuse_over_uring] transport payload lease held 1147 ms (≥ 1 s) — overlong handler invocation or a §5.4 severance escape; watch transport_lease_overlong / transport_parked_commits
[2026-08-28T04:20:56Z ERROR fuse3::raw::connection::fuse_over_uring] transport payload lease held 1147 ms (≥ 1 s) — overlong handler invocation or a §5.4 severance escape; watch transport_lease_overlong / transport_parked_commits
[2026-08-28T04:20:56Z ERROR fuse3::raw::connection::fuse_over_uring] transport payload lease held 1147 ms (≥ 1 s) — overlong handler invocation or a §5.4 severance escape; watch transport_lease_overlong / transport_parked_commits
[2026-08-28T04:20:56Z ERROR fuse3::raw::connection::fuse_over_uring] transport payload lease held 1161 ms (≥ 1 s) — overlong handler invocation or a §5.4 severance escape; watch transport_lease_overlong / transport_parked_commits
[2026-08-28T04:20:56Z ERROR fuse3::raw::connection::fuse_over_uring] transport payload lease held 1136 ms (≥ 1 s) — overlong handler invocation or a §5.4 severance escape; watch transport_lease_overlong / transport_parked_commits
[2026-08-28T04:20:56Z ERROR fuse3::raw::connection::fuse_over_uring] transport payload lease held 1127 ms (≥ 1 s) — overlong handler invocation or a §5.4 severance escape; watch transport_lease_overlong / transport_parked_commits
[2026-08-28T04:20:56Z ERROR fuse3::raw::connection::fuse_over_uring] transport payload lease held 1094 ms (≥ 1 s) — overlong handler invocation or a §5.4 severance escape; watch transport_lease_overlong / transport_parked_commits
[2026-08-28T04:20:56Z ERROR fuse3::raw::connection::fuse_over_uring] transport payload lease held 1077 ms (≥ 1 s) — overlong handler invocation or a §5.4 severance escape; watch transport_lease_overlong / transport_parked_commits
[2026-08-28T04:20:56Z ERROR fuse3::raw::connection::fuse_over_uring] transport payload lease held 1077 ms (≥ 1 s) — overlong handler invocation or a §5.4 severance escape; watch transport_lease_overlong / transport_parked_commits
[2026-08-28T04:20:56Z ERROR fuse3::raw::connection::fuse_over_uring] transport payload lease held 1046 ms (≥ 1 s) — overlong handler invocation or a §5.4 severance escape; watch transport_lease_overlong / transport_parked_commits
[2026-08-28T04:20:56Z ERROR fuse3::raw::connection::fuse_over_uring] transport payload lease held 1041 ms (≥ 1 s) — overlong handler invocation or a §5.4 severance escape; watch transport_lease_overlong / transport_parked_commits
[2026-08-28T04:20:56Z ERROR fuse3::raw::connection::fuse_over_uring] transport payload lease held 1045 ms (≥ 1 s) — overlong handler invocation or a §5.4 severance escape; watch transport_lease_overlong / transport_parked_commits
[2026-08-28T04:20:56Z ERROR fuse3::raw::connection::fuse_over_uring] transport payload lease held 1048 ms (≥ 1 s) — overlong handler invocation or a §5.4 severance escape; watch transport_lease_overlong / transport_parked_commits
[2026-08-28T04:20:56Z ERROR fuse3::raw::connection::fuse_over_uring] transport payload lease held 1047 ms (≥ 1 s) — overlong handler invocation or a §5.4 severance escape; watch transport_lease_overlong / transport_parked_commits
[2026-08-28T04:20:56Z ERROR fuse3::raw::connection::fuse_over_uring] transport payload lease held 1047 ms (≥ 1 s) — overlong handler invocation or a §5.4 severance escape; watch transport_lease_overlong / transport_parked_commits
[2026-08-28T04:20:56Z ERROR fuse3::raw::connection::fuse_over_uring] transport payload lease held 1047 ms (≥ 1 s) — overlong handler invocation or a §5.4 severance escape; watch transport_lease_overlong / transport_parked_commits
[2026-08-28T04:20:56Z ERROR fuse3::raw::connection::fuse_over_uring] transport payload lease held 1031 ms (≥ 1 s) — overlong handler invocation or a §5.4 severance escape; watch transport_lease_overlong / transport_parked_commits
[2026-08-28T04:20:56Z ERROR fuse3::raw::connection::fuse_over_uring] transport payload lease held 1032 ms (≥ 1 s) — overlong handler invocation or a §5.4 severance escape; watch transport_lease_overlong / transport_parked_commits
[2026-08-28T04:20:56Z ERROR fuse3::raw::connection::fuse_over_uring] transport payload lease held 1032 ms (≥ 1 s) — overlong handler invocation or a §5.4 severance escape; watch transport_lease_overlong / transport_parked_commits
[2026-08-28T04:20:56Z ERROR fuse3::raw::connection::fuse_over_uring] transport payload lease held 1025 ms (≥ 1 s) — overlong handler invocation or a §5.4 severance escape; watch transport_lease_overlong / transport_parked_commits
[2026-08-28T04:20:56Z ERROR fuse3::raw::connection::fuse_over_uring] transport payload lease held 1025 ms (≥ 1 s) — overlong handler invocation or a §5.4 severance escape; watch transport_lease_overlong / transport_parked_commits
[2026-08-28T04:20:56Z ERROR fuse3::raw::connection::fuse_over_uring] transport payload lease held 1025 ms (≥ 1 s) — overlong handler invocation or a §5.4 severance escape; watch transport_lease_overlong / transport_parked_commits
[2026-08-28T04:20:56Z ERROR fuse3::raw::connection::fuse_over_uring] transport payload lease held 1025 ms (≥ 1 s) — overlong handler invocation or a §5.4 severance escape; watch transport_lease_overlong / transport_parked_commits
[2026-08-28T04:20:56Z ERROR fuse3::raw::connection::fuse_over_uring] transport payload lease held 1538 ms (≥ 1 s) — overlong handler invocation or a §5.4 severance escape; watch transport_lease_overlong / transport_parked_commits
[2026-08-28T04:20:56Z ERROR fuse3::raw::connection::fuse_over_uring] transport payload lease held 1537 ms (≥ 1 s) — overlong handler invocation or a §5.4 severance escape; watch transport_lease_overlong / transport_parked_commits
[2026-08-28T04:20:56Z ERROR fuse3::raw::connection::fuse_over_uring] transport payload lease held 1538 ms (≥ 1 s) — overlong handler invocation or a §5.4 severance escape; watch transport_lease_overlong / transport_parked_commits
[2026-08-28T04:20:56Z ERROR fuse3::raw::connection::fuse_over_uring] transport payload lease held 1538 ms (≥ 1 s) — overlong handler invocation or a §5.4 severance escape; watch transport_lease_overlong / transport_parked_commits
[2026-08-28T04:20:56Z ERROR fuse3::raw::connection::fuse_over_uring] transport payload lease held 1303 ms (≥ 1 s) — overlong handler invocation or a §5.4 severance escape; watch transport_lease_overlong / transport_parked_commits
[2026-08-28T04:20:56Z ERROR fuse3::raw::connection::fuse_over_uring] transport payload lease held 1303 ms (≥ 1 s) — overlong handler invocation or a §5.4 severance escape; watch transport_lease_overlong / transport_parked_commits
[2026-08-28T04:20:56Z ERROR fuse3::raw::connection::fuse_over_uring] transport payload lease held 1303 ms (≥ 1 s) — overlong handler invocation or a §5.4 severance escape; watch transport_lease_overlong / transport_parked_commits
[2026-08-28T04:20:56Z ERROR fuse3::raw::connection::fuse_over_uring] transport payload lease held 1303 ms (≥ 1 s) — overlong handler invocation or a §5.4 severance escape; watch transport_lease_overlong / transport_parked_commits
[2026-08-28T04:20:57Z ERROR fuse3::raw::connection::fuse_over_uring] transport payload lease held 1195 ms (≥ 1 s) — overlong handler invocation or a §5.4 severance escape; watch transport_lease_overlong / transport_parked_commits
[2026-08-28T04:20:57Z ERROR fuse3::raw::connection::fuse_over_uring] transport payload lease held 1195 ms (≥ 1 s) — overlong handler invocation or a §5.4 severance escape; watch transport_lease_overlong / transport_parked_commits
[2026-08-28T04:20:57Z ERROR fuse3::raw::connection::fuse_over_uring] transport payload lease held 1190 ms (≥ 1 s) — overlong handler invocation or a §5.4 severance escape; watch transport_lease_overlong / transport_parked_commits
[2026-08-28T04:20:57Z ERROR fuse3::raw::connection::fuse_over_uring] transport payload lease held 1162 ms (≥ 1 s) — overlong handler invocation or a §5.4 severance escape; watch transport_lease_overlong / transport_parked_commits
[2026-08-28T04:20:57Z ERROR fuse3::raw::connection::fuse_over_uring] transport payload lease held 1652 ms (≥ 1 s) — overlong handler invocation or a §5.4 severance escape; watch transport_lease_overlong / transport_parked_commits
[2026-08-28T04:20:57Z ERROR fuse3::raw::connection::fuse_over_uring] transport payload lease held 1652 ms (≥ 1 s) — overlong handler invocation or a §5.4 severance escape; watch transport_lease_overlong / transport_parked_commits
[2026-08-28T04:20:57Z ERROR fuse3::raw::connection::fuse_over_uring] transport payload lease held 1653 ms (≥ 1 s) — overlong handler invocation or a §5.4 severance escape; watch transport_lease_overlong / transport_parked_commits
[2026-08-28T04:20:57Z WARN  squeezefs::block_allocator] co-writer: abandoning never-published block offset(s) leak-safe (volume 'nvme6n1', first offset 159131893760): the publish that would have named them failed or refused, and a co-writer may not mutate ownership accounting — the next derivation (mount recovery / fsck C6) returns them to the free supply (cowriter_unpublished_abandons; further offsets at debug level)
[2026-08-28T04:20:57Z ERROR fuse3::raw::connection::fuse_over_uring] transport payload lease held 1430 ms (≥ 1 s) — overlong handler invocation or a §5.4 severance escape; watch transport_lease_overlong / transport_parked_commits
[2026-08-28T04:20:57Z ERROR fuse3::raw::connection::fuse_over_uring] transport payload lease held 1430 ms (≥ 1 s) — overlong handler invocation or a §5.4 severance escape; watch transport_lease_overlong / transport_parked_commits
[2026-08-28T04:20:57Z ERROR fuse3::raw::connection::fuse_over_uring] transport payload lease held 1431 ms (≥ 1 s) — overlong handler invocation or a §5.4 severance escape; watch transport_lease_overlong / transport_parked_commits
[2026-08-28T04:20:57Z ERROR fuse3::raw::connection::fuse_over_uring] transport payload lease held 1431 ms (≥ 1 s) — overlong handler invocation or a §5.4 severance escape; watch transport_lease_overlong / transport_parked_commits
[2026-08-28T04:21:07Z WARN  squeezefs::block_allocator] co-writer: abandoning never-published block offset(s) leak-safe (volume 'nvme4n1', first offset 172486557696): the publish that would have named them failed or refused, and a co-writer may not mutate ownership accounting — the next derivation (mount recovery / fsck C6) returns them to the free supply (cowriter_unpublished_abandons; further offsets at debug level)
[2026-08-28T04:21:11Z ERROR fuse3::raw::connection::fuse_over_uring] transport payload lease held 1050 ms (≥ 1 s) — overlong handler invocation or a §5.4 severance escape; watch transport_lease_overlong / transport_parked_commits
[2026-08-28T04:21:11Z ERROR fuse3::raw::connection::fuse_over_uring] transport payload lease held 1049 ms (≥ 1 s) — overlong handler invocation or a §5.4 severance escape; watch transport_lease_overlong / transport_parked_commits
[2026-08-28T04:21:11Z ERROR fuse3::raw::connection::fuse_over_uring] transport payload lease held 1037 ms (≥ 1 s) — overlong handler invocation or a §5.4 severance escape; watch transport_lease_overlong / transport_parked_commits
[2026-08-28T04:21:11Z ERROR fuse3::raw::connection::fuse_over_uring] transport payload lease held 1046 ms (≥ 1 s) — overlong handler invocation or a §5.4 severance escape; watch transport_lease_overlong / transport_parked_commits
[2026-08-28T04:21:11Z ERROR fuse3::raw::connection::fuse_over_uring] transport payload lease held 1072 ms (≥ 1 s) — overlong handler invocation or a §5.4 severance escape; watch transport_lease_overlong / transport_parked_commits
[2026-08-28T04:21:11Z ERROR fuse3::raw::connection::fuse_over_uring] transport payload lease held 1072 ms (≥ 1 s) — overlong handler invocation or a §5.4 severance escape; watch transport_lease_overlong / transport_parked_commits
[2026-08-28T04:21:11Z ERROR fuse3::raw::connection::fuse_over_uring] transport payload lease held 1072 ms (≥ 1 s) — overlong handler invocation or a §5.4 severance escape; watch transport_lease_overlong / transport_parked_commits
[2026-08-28T04:21:11Z ERROR fuse3::raw::connection::fuse_over_uring] transport payload lease held 1072 ms (≥ 1 s) — overlong handler invocation or a §5.4 severance escape; watch transport_lease_overlong / transport_parked_commits
[2026-08-28T04:21:11Z ERROR fuse3::raw::connection::fuse_over_uring] transport payload lease held 1382 ms (≥ 1 s) — overlong handler invocation or a §5.4 severance escape; watch transport_lease_overlong / transport_parked_commits
[2026-08-28T04:21:11Z ERROR fuse3::raw::connection::fuse_over_uring] transport payload lease held 1382 ms (≥ 1 s) — overlong handler invocation or a §5.4 severance escape; watch transport_lease_overlong / transport_parked_commits
[2026-08-28T04:21:11Z ERROR fuse3::raw::connection::fuse_over_uring] transport payload lease held 1412 ms (≥ 1 s) — overlong handler invocation or a §5.4 severance escape; watch transport_lease_overlong / transport_parked_commits
[2026-08-28T04:21:12Z ERROR fuse3::raw::connection::fuse_over_uring] transport payload lease held 1878 ms (≥ 1 s) — overlong handler invocation or a §5.4 severance escape; watch transport_lease_overlong / transport_parked_commits
[2026-08-28T04:21:12Z ERROR fuse3::raw::connection::fuse_over_uring] transport payload lease held 1878 ms (≥ 1 s) — overlong handler invocation or a §5.4 severance escape; watch transport_lease_overlong / transport_parked_commits
[2026-08-28T04:21:12Z ERROR fuse3::raw::connection::fuse_over_uring] transport payload lease held 1878 ms (≥ 1 s) — overlong handler invocation or a §5.4 severance escape; watch transport_lease_overlong / transport_parked_commits
[2026-08-28T04:21:12Z ERROR fuse3::raw::connection::fuse_over_uring] transport payload lease held 1877 ms (≥ 1 s) — overlong handler invocation or a §5.4 severance escape; watch transport_lease_overlong / transport_parked_commits
[2026-08-28T04:21:12Z ERROR fuse3::raw::connection::fuse_over_uring] transport payload lease held 1973 ms (≥ 1 s) — overlong handler invocation or a §5.4 severance escape; watch transport_lease_overlong / transport_parked_commits
[2026-08-28T04:21:12Z ERROR fuse3::raw::connection::fuse_over_uring] transport payload lease held 1973 ms (≥ 1 s) — overlong handler invocation or a §5.4 severance escape; watch transport_lease_overlong / transport_parked_commits
[2026-08-28T04:21:12Z ERROR fuse3::raw::connection::fuse_over_uring] transport payload lease held 1973 ms (≥ 1 s) — overlong handler invocation or a §5.4 severance escape; watch transport_lease_overlong / transport_parked_commits
[2026-08-28T04:21:13Z ERROR fuse3::raw::connection::fuse_over_uring] transport payload lease held 1280 ms (≥ 1 s) — overlong handler invocation or a §5.4 severance escape; watch transport_lease_overlong / transport_parked_commits
[2026-08-28T04:21:13Z ERROR fuse3::raw::connection::fuse_over_uring] transport payload lease held 1293 ms (≥ 1 s) — overlong handler invocation or a §5.4 severance escape; watch transport_lease_overlong / transport_parked_commits
[2026-08-28T04:21:13Z ERROR fuse3::raw::connection::fuse_over_uring] transport payload lease held 1466 ms (≥ 1 s) — overlong handler invocation or a §5.4 severance escape; watch transport_lease_overlong / transport_parked_commits
[2026-08-28T04:21:13Z ERROR fuse3::raw::connection::fuse_over_uring] transport payload lease held 1456 ms (≥ 1 s) — overlong handler invocation or a §5.4 severance escape; watch transport_lease_overlong / transport_parked_commits
[2026-08-28T04:21:13Z ERROR fuse3::raw::connection::fuse_over_uring] transport payload lease held 1450 ms (≥ 1 s) — overlong handler invocation or a §5.4 severance escape; watch transport_lease_overlong / transport_parked_commits
[2026-08-28T04:21:13Z ERROR fuse3::raw::connection::fuse_over_uring] transport payload lease held 1441 ms (≥ 1 s) — overlong handler invocation or a §5.4 severance escape; watch transport_lease_overlong / transport_parked_commits
[2026-08-28T04:21:13Z ERROR fuse3::raw::connection::fuse_over_uring] transport payload lease held 1609 ms (≥ 1 s) — overlong handler invocation or a §5.4 severance escape; watch transport_lease_overlong / transport_parked_commits
[2026-08-28T04:21:13Z ERROR fuse3::raw::connection::fuse_over_uring] transport payload lease held 1609 ms (≥ 1 s) — overlong handler invocation or a §5.4 severance escape; watch transport_lease_overlong / transport_parked_commits
[2026-08-28T04:21:13Z ERROR fuse3::raw::connection::fuse_over_uring] transport payload lease held 1607 ms (≥ 1 s) — overlong handler invocation or a §5.4 severance escape; watch transport_lease_overlong / transport_parked_commits
[2026-08-28T04:21:13Z ERROR fuse3::raw::connection::fuse_over_uring] transport payload lease held 1607 ms (≥ 1 s) — overlong handler invocation or a §5.4 severance escape; watch transport_lease_overlong / transport_parked_commits
[2026-08-28T04:21:13Z ERROR fuse3::raw::connection::fuse_over_uring] transport payload lease held 2233 ms (≥ 1 s) — overlong handler invocation or a §5.4 severance escape; watch transport_lease_overlong / transport_parked_commits
[2026-08-28T04:21:13Z ERROR fuse3::raw::connection::fuse_over_uring] transport payload lease held 2230 ms (≥ 1 s) — overlong handler invocation or a §5.4 severance escape; watch transport_lease_overlong / transport_parked_commits
[2026-08-28T04:21:13Z ERROR fuse3::raw::connection::fuse_over_uring] transport payload lease held 2220 ms (≥ 1 s) — overlong handler invocation or a §5.4 severance escape; watch transport_lease_overlong / transport_parked_commits
[2026-08-28T04:21:13Z ERROR fuse3::raw::connection::fuse_over_uring] transport payload lease held 2219 ms (≥ 1 s) — overlong handler invocation or a §5.4 severance escape; watch transport_lease_overlong / transport_parked_commits
[2026-08-28T04:21:13Z ERROR fuse3::raw::connection::fuse_over_uring] transport payload lease held 2100 ms (≥ 1 s) — overlong handler invocation or a §5.4 severance escape; watch transport_lease_overlong / transport_parked_commits
[2026-08-28T04:21:13Z ERROR fuse3::raw::connection::fuse_over_uring] transport payload lease held 2100 ms (≥ 1 s) — overlong handler invocation or a §5.4 severance escape; watch transport_lease_overlong / transport_parked_commits
[2026-08-28T04:21:13Z ERROR fuse3::raw::connection::fuse_over_uring] transport payload lease held 2101 ms (≥ 1 s) — overlong handler invocation or a §5.4 severance escape; watch transport_lease_overlong / transport_parked_commits
[2026-08-28T04:21:13Z ERROR fuse3::raw::connection::fuse_over_uring] transport payload lease held 2101 ms (≥ 1 s) — overlong handler invocation or a §5.4 severance escape; watch transport_lease_overlong / transport_parked_commits
[2026-08-28T04:21:13Z ERROR fuse3::raw::connection::fuse_over_uring] transport payload lease held 2153 ms (≥ 1 s) — overlong handler invocation or a §5.4 severance escape; watch transport_lease_overlong / transport_parked_commits
[2026-08-28T04:21:13Z ERROR fuse3::raw::connection::fuse_over_uring] transport payload lease held 2154 ms (≥ 1 s) — overlong handler invocation or a §5.4 severance escape; watch transport_lease_overlong / transport_parked_commits
[2026-08-28T04:21:17Z ERROR fuse3::raw::connection::fuse_over_uring] transport payload lease held 1438 ms (≥ 1 s) — overlong handler invocation or a §5.4 severance escape; watch transport_lease_overlong / transport_parked_commits
[2026-08-28T04:21:17Z ERROR fuse3::raw::connection::fuse_over_uring] transport payload lease held 1418 ms (≥ 1 s) — overlong handler invocation or a §5.4 severance escape; watch transport_lease_overlong / transport_parked_commits
[2026-08-28T04:21:17Z ERROR fuse3::raw::connection::fuse_over_uring] transport payload lease held 1524 ms (≥ 1 s) — overlong handler invocation or a §5.4 severance escape; watch transport_lease_overlong / transport_parked_commits
[2026-08-28T04:21:17Z ERROR fuse3::raw::connection::fuse_over_uring] transport payload lease held 1524 ms (≥ 1 s) — overlong handler invocation or a §5.4 severance escape; watch transport_lease_overlong / transport_parked_commits
[2026-08-28T04:21:18Z ERROR fuse3::raw::connection::fuse_over_uring] transport payload lease held 1568 ms (≥ 1 s) — overlong handler invocation or a §5.4 severance escape; watch transport_lease_overlong / transport_parked_commits
[2026-08-28T04:21:18Z ERROR fuse3::raw::connection::fuse_over_uring] transport payload lease held 1564 ms (≥ 1 s) — overlong handler invocation or a §5.4 severance escape; watch transport_lease_overlong / transport_parked_commits
[2026-08-28T04:21:18Z ERROR fuse3::raw::connection::fuse_over_uring] transport payload lease held 1569 ms (≥ 1 s) — overlong handler invocation or a §5.4 severance escape; watch transport_lease_overlong / transport_parked_commits
[2026-08-28T04:21:18Z ERROR fuse3::raw::connection::fuse_over_uring] transport payload lease held 1568 ms (≥ 1 s) — overlong handler invocation or a §5.4 severance escape; watch transport_lease_overlong / transport_parked_commits
[2026-08-28T04:21:18Z ERROR fuse3::raw::connection::fuse_over_uring] transport payload lease held 1665 ms (≥ 1 s) — overlong handler invocation or a §5.4 severance escape; watch transport_lease_overlong / transport_parked_commits
[2026-08-28T04:21:18Z ERROR fuse3::raw::connection::fuse_over_uring] transport payload lease held 1665 ms (≥ 1 s) — overlong handler invocation or a §5.4 severance escape; watch transport_lease_overlong / transport_parked_commits
[2026-08-28T04:21:18Z ERROR fuse3::raw::connection::fuse_over_uring] transport payload lease held 1665 ms (≥ 1 s) — overlong handler invocation or a §5.4 severance escape; watch transport_lease_overlong / transport_parked_commits
[2026-08-28T04:21:18Z ERROR fuse3::raw::connection::fuse_over_uring] transport payload lease held 1664 ms (≥ 1 s) — overlong handler invocation or a §5.4 severance escape; watch transport_lease_overlong / transport_parked_commits
[2026-08-28T04:21:18Z ERROR fuse3::raw::connection::fuse_over_uring] transport payload lease held 1810 ms (≥ 1 s) — overlong handler invocation or a §5.4 severance escape; watch transport_lease_overlong / transport_parked_commits
[2026-08-28T04:21:18Z ERROR fuse3::raw::connection::fuse_over_uring] transport payload lease held 1810 ms (≥ 1 s) — overlong handler invocation or a §5.4 severance escape; watch transport_lease_overlong / transport_parked_commits
[2026-08-28T04:21:18Z ERROR fuse3::raw::connection::fuse_over_uring] transport payload lease held 1798 ms (≥ 1 s) — overlong handler invocation or a §5.4 severance escape; watch transport_lease_overlong / transport_parked_commits
[2026-08-28T04:21:18Z ERROR fuse3::raw::connection::fuse_over_uring] transport payload lease held 1810 ms (≥ 1 s) — overlong handler invocation or a §5.4 severance escape; watch transport_lease_overlong / transport_parked_commits
[2026-08-28T04:21:18Z ERROR fuse3::raw::connection::fuse_over_uring] transport payload lease held 1742 ms (≥ 1 s) — overlong handler invocation or a §5.4 severance escape; watch transport_lease_overlong / transport_parked_commits
[2026-08-28T04:21:18Z ERROR fuse3::raw::connection::fuse_over_uring] transport payload lease held 1739 ms (≥ 1 s) — overlong handler invocation or a §5.4 severance escape; watch transport_lease_overlong / transport_parked_commits
[2026-08-28T04:21:18Z ERROR fuse3::raw::connection::fuse_over_uring] transport payload lease held 1737 ms (≥ 1 s) — overlong handler invocation or a §5.4 severance escape; watch transport_lease_overlong / transport_parked_commits
[2026-08-28T04:21:18Z ERROR fuse3::raw::connection::fuse_over_uring] transport payload lease held 1754 ms (≥ 1 s) — overlong handler invocation or a §5.4 severance escape; watch transport_lease_overlong / transport_parked_commits
[2026-08-28T04:21:18Z ERROR fuse3::raw::connection::fuse_over_uring] transport payload lease held 1711 ms (≥ 1 s) — overlong handler invocation or a §5.4 severance escape; watch transport_lease_overlong / transport_parked_commits
[2026-08-28T04:21:18Z ERROR fuse3::raw::connection::fuse_over_uring] transport payload lease held 1926 ms (≥ 1 s) — overlong handler invocation or a §5.4 severance escape; watch transport_lease_overlong / transport_parked_commits
[2026-08-28T04:21:18Z ERROR fuse3::raw::connection::fuse_over_uring] transport payload lease held 1926 ms (≥ 1 s) — overlong handler invocation or a §5.4 severance escape; watch transport_lease_overlong / transport_parked_commits
[2026-08-28T04:21:18Z ERROR fuse3::raw::connection::fuse_over_uring] transport payload lease held 1926 ms (≥ 1 s) — overlong handler invocation or a §5.4 severance escape; watch transport_lease_overlong / transport_parked_commits
[2026-08-28T04:21:18Z ERROR fuse3::raw::connection::fuse_over_uring] transport payload lease held 1924 ms (≥ 1 s) — overlong handler invocation or a §5.4 severance escape; watch transport_lease_overlong / transport_parked_commits
[2026-08-28T04:21:18Z ERROR fuse3::raw::connection::fuse_over_uring] transport payload lease held 1919 ms (≥ 1 s) — overlong handler invocation or a §5.4 severance escape; watch transport_lease_overlong / transport_parked_commits
[2026-08-28T04:21:18Z ERROR fuse3::raw::connection::fuse_over_uring] transport payload lease held 1886 ms (≥ 1 s) — overlong handler invocation or a §5.4 severance escape; watch transport_lease_overlong / transport_parked_commits
[2026-08-28T04:21:18Z ERROR fuse3::raw::connection::fuse_over_uring] transport payload lease held 1845 ms (≥ 1 s) — overlong handler invocation or a §5.4 severance escape; watch transport_lease_overlong / transport_parked_commits
[2026-08-28T04:21:19Z ERROR fuse3::raw::connection::fuse_over_uring] transport payload lease held 1664 ms (≥ 1 s) — overlong handler invocation or a §5.4 severance escape; watch transport_lease_overlong / transport_parked_commits
[2026-08-28T04:21:19Z ERROR fuse3::raw::connection::fuse_over_uring] transport payload lease held 1536 ms (≥ 1 s) — overlong handler invocation or a §5.4 severance escape; watch transport_lease_overlong / transport_parked_commits
[2026-08-28T04:21:19Z ERROR fuse3::raw::connection::fuse_over_uring] transport payload lease held 1536 ms (≥ 1 s) — overlong handler invocation or a §5.4 severance escape; watch transport_lease_overlong / transport_parked_commits
[2026-08-28T04:21:19Z ERROR fuse3::raw::connection::fuse_over_uring] transport payload lease held 1536 ms (≥ 1 s) — overlong handler invocation or a §5.4 severance escape; watch transport_lease_overlong / transport_parked_commits
[2026-08-28T04:21:19Z ERROR fuse3::raw::connection::fuse_over_uring] transport payload lease held 1025 ms (≥ 1 s) — overlong handler invocation or a §5.4 severance escape; watch transport_lease_overlong / transport_parked_commits
[2026-08-28T04:21:19Z ERROR fuse3::raw::connection::fuse_over_uring] transport payload lease held 1048 ms (≥ 1 s) — overlong handler invocation or a §5.4 severance escape; watch transport_lease_overlong / transport_parked_commits
[2026-08-28T04:21:19Z ERROR fuse3::raw::connection::fuse_over_uring] transport payload lease held 1048 ms (≥ 1 s) — overlong handler invocation or a §5.4 severance escape; watch transport_lease_overlong / transport_parked_commits
[2026-08-28T04:21:19Z ERROR fuse3::raw::connection::fuse_over_uring] transport payload lease held 1048 ms (≥ 1 s) — overlong handler invocation or a §5.4 severance escape; watch transport_lease_overlong / transport_parked_commits
[2026-08-28T04:21:19Z ERROR fuse3::raw::connection::fuse_over_uring] transport payload lease held 1134 ms (≥ 1 s) — overlong handler invocation or a §5.4 severance escape; watch transport_lease_overlong / transport_parked_commits
[2026-08-28T04:21:19Z ERROR fuse3::raw::connection::fuse_over_uring] transport payload lease held 1097 ms (≥ 1 s) — overlong handler invocation or a §5.4 severance escape; watch transport_lease_overlong / transport_parked_commits
[2026-08-28T04:21:19Z ERROR fuse3::raw::connection::fuse_over_uring] transport payload lease held 1097 ms (≥ 1 s) — overlong handler invocation or a §5.4 severance escape; watch transport_lease_overlong / transport_parked_commits
[2026-08-28T04:21:19Z ERROR fuse3::raw::connection::fuse_over_uring] transport payload lease held 1097 ms (≥ 1 s) — overlong handler invocation or a §5.4 severance escape; watch transport_lease_overlong / transport_parked_commits
[2026-08-28T04:21:19Z ERROR fuse3::raw::connection::fuse_over_uring] transport payload lease held 1079 ms (≥ 1 s) — overlong handler invocation or a §5.4 severance escape; watch transport_lease_overlong / transport_parked_commits
[2026-08-28T04:21:23Z WARN  squeezefs::block_allocator] co-writer: abandoning never-published block offset(s) leak-safe (volume 'nvme4n1', first offset 190270406656): the publish that would have named them failed or refused, and a co-writer may not mutate ownership accounting — the next derivation (mount recovery / fsck C6) returns them to the free supply (cowriter_unpublished_abandons; further offsets at debug level)
[2026-08-28T04:21:24Z ERROR fuse3::raw::connection::fuse_over_uring] transport payload lease held 2308 ms (≥ 1 s) — overlong handler invocation or a §5.4 severance escape; watch transport_lease_overlong / transport_parked_commits
[2026-08-28T04:21:24Z ERROR fuse3::raw::connection::fuse_over_uring] transport payload lease held 2308 ms (≥ 1 s) — overlong handler invocation or a §5.4 severance escape; watch transport_lease_overlong / transport_parked_commits
[2026-08-28T04:21:24Z ERROR fuse3::raw::connection::fuse_over_uring] transport payload lease held 2308 ms (≥ 1 s) — overlong handler invocation or a §5.4 severance escape; watch transport_lease_overlong / transport_parked_commits
[2026-08-28T04:21:24Z ERROR fuse3::raw::connection::fuse_over_uring] transport payload lease held 2308 ms (≥ 1 s) — overlong handler invocation or a §5.4 severance escape; watch transport_lease_overlong / transport_parked_commits
[2026-08-28T04:21:27Z ERROR fuse3::raw::connection::fuse_over_uring] transport payload lease held 1202 ms (≥ 1 s) — overlong handler invocation or a §5.4 severance escape; watch transport_lease_overlong / transport_parked_commits
[2026-08-28T04:21:27Z ERROR fuse3::raw::connection::fuse_over_uring] transport payload lease held 1202 ms (≥ 1 s) — overlong handler invocation or a §5.4 severance escape; watch transport_lease_overlong / transport_parked_commits
[2026-08-28T04:21:27Z ERROR fuse3::raw::connection::fuse_over_uring] transport payload lease held 1202 ms (≥ 1 s) — overlong handler invocation or a §5.4 severance escape; watch transport_lease_overlong / transport_parked_commits
[2026-08-28T04:21:27Z ERROR fuse3::raw::connection::fuse_over_uring] transport payload lease held 1260 ms (≥ 1 s) — overlong handler invocation or a §5.4 severance escape; watch transport_lease_overlong / transport_parked_commits
[2026-08-28T04:21:27Z ERROR fuse3::raw::connection::fuse_over_uring] transport payload lease held 1259 ms (≥ 1 s) — overlong handler invocation or a §5.4 severance escape; watch transport_lease_overlong / transport_parked_commits
[2026-08-28T04:21:27Z ERROR fuse3::raw::connection::fuse_over_uring] transport payload lease held 1259 ms (≥ 1 s) — overlong handler invocation or a §5.4 severance escape; watch transport_lease_overlong / transport_parked_commits
[2026-08-28T04:21:27Z ERROR fuse3::raw::connection::fuse_over_uring] transport payload lease held 1259 ms (≥ 1 s) — overlong handler invocation or a §5.4 severance escape; watch transport_lease_overlong / transport_parked_commits
[2026-08-28T04:21:27Z ERROR fuse3::raw::connection::fuse_over_uring] transport payload lease held 1302 ms (≥ 1 s) — overlong handler invocation or a §5.4 severance escape; watch transport_lease_overlong / transport_parked_commits
[2026-08-28T04:21:27Z ERROR fuse3::raw::connection::fuse_over_uring] transport payload lease held 1302 ms (≥ 1 s) — overlong handler invocation or a §5.4 severance escape; watch transport_lease_overlong / transport_parked_commits
[2026-08-28T04:21:27Z ERROR fuse3::raw::connection::fuse_over_uring] transport payload lease held 1302 ms (≥ 1 s) — overlong handler invocation or a §5.4 severance escape; watch transport_lease_overlong / transport_parked_commits
[2026-08-28T04:21:27Z ERROR fuse3::raw::connection::fuse_over_uring] transport payload lease held 1303 ms (≥ 1 s) — overlong handler invocation or a §5.4 severance escape; watch transport_lease_overlong / transport_parked_commits
[2026-08-28T04:21:27Z ERROR fuse3::raw::connection::fuse_over_uring] transport payload lease held 1345 ms (≥ 1 s) — overlong handler invocation or a §5.4 severance escape; watch transport_lease_overlong / transport_parked_commits
[2026-08-28T04:21:27Z ERROR fuse3::raw::connection::fuse_over_uring] transport payload lease held 1330 ms (≥ 1 s) — overlong handler invocation or a §5.4 severance escape; watch transport_lease_overlong / transport_parked_commits
[2026-08-28T04:21:27Z ERROR fuse3::raw::connection::fuse_over_uring] transport payload lease held 1330 ms (≥ 1 s) — overlong handler invocation or a §5.4 severance escape; watch transport_lease_overlong / transport_parked_commits
[2026-08-28T04:21:27Z ERROR fuse3::raw::connection::fuse_over_uring] transport payload lease held 1330 ms (≥ 1 s) — overlong handler invocation or a §5.4 severance escape; watch transport_lease_overlong / transport_parked_commits
[2026-08-28T04:21:27Z ERROR fuse3::raw::connection::fuse_over_uring] transport payload lease held 1252 ms (≥ 1 s) — overlong handler invocation or a §5.4 severance escape; watch transport_lease_overlong / transport_parked_commits
[2026-08-28T04:21:27Z ERROR fuse3::raw::connection::fuse_over_uring] transport payload lease held 1252 ms (≥ 1 s) — overlong handler invocation or a §5.4 severance escape; watch transport_lease_overlong / transport_parked_commits
[2026-08-28T04:21:27Z ERROR fuse3::raw::connection::fuse_over_uring] transport payload lease held 1252 ms (≥ 1 s) — overlong handler invocation or a §5.4 severance escape; watch transport_lease_overlong / transport_parked_commits
[2026-08-28T04:21:27Z ERROR fuse3::raw::connection::fuse_over_uring] transport payload lease held 1252 ms (≥ 1 s) — overlong handler invocation or a §5.4 severance escape; watch transport_lease_overlong / transport_parked_commits
[2026-08-28T04:21:27Z ERROR fuse3::raw::connection::fuse_over_uring] transport payload lease held 1244 ms (≥ 1 s) — overlong handler invocation or a §5.4 severance escape; watch transport_lease_overlong / transport_parked_commits
[2026-08-28T04:21:27Z ERROR fuse3::raw::connection::fuse_over_uring] transport payload lease held 1245 ms (≥ 1 s) — overlong handler invocation or a §5.4 severance escape; watch transport_lease_overlong / transport_parked_commits
[2026-08-28T04:21:27Z ERROR fuse3::raw::connection::fuse_over_uring] transport payload lease held 1245 ms (≥ 1 s) — overlong handler invocation or a §5.4 severance escape; watch transport_lease_overlong / transport_parked_commits
[2026-08-28T04:21:27Z ERROR fuse3::raw::connection::fuse_over_uring] transport payload lease held 1244 ms (≥ 1 s) — overlong handler invocation or a §5.4 severance escape; watch transport_lease_overlong / transport_parked_commits
[2026-08-28T04:21:27Z ERROR fuse3::raw::connection::fuse_over_uring] transport payload lease held 1122 ms (≥ 1 s) — overlong handler invocation or a §5.4 severance escape; watch transport_lease_overlong / transport_parked_commits
[2026-08-28T04:21:27Z ERROR fuse3::raw::connection::fuse_over_uring] transport payload lease held 1071 ms (≥ 1 s) — overlong handler invocation or a §5.4 severance escape; watch transport_lease_overlong / transport_parked_commits
[2026-08-28T04:21:27Z ERROR fuse3::raw::connection::fuse_over_uring] transport payload lease held 1087 ms (≥ 1 s) — overlong handler invocation or a §5.4 severance escape; watch transport_lease_overlong / transport_parked_commits
[2026-08-28T04:21:27Z ERROR fuse3::raw::connection::fuse_over_uring] transport payload lease held 1087 ms (≥ 1 s) — overlong handler invocation or a §5.4 severance escape; watch transport_lease_overlong / transport_parked_commits
[2026-08-28T04:21:27Z ERROR fuse3::raw::connection::fuse_over_uring] transport payload lease held 1087 ms (≥ 1 s) — overlong handler invocation or a §5.4 severance escape; watch transport_lease_overlong / transport_parked_commits
[2026-08-28T04:21:28Z ERROR fuse3::raw::connection::fuse_over_uring] transport payload lease held 1953 ms (≥ 1 s) — overlong handler invocation or a §5.4 severance escape; watch transport_lease_overlong / transport_parked_commits
[2026-08-28T04:21:28Z ERROR fuse3::raw::connection::fuse_over_uring] transport payload lease held 1953 ms (≥ 1 s) — overlong handler invocation or a §5.4 severance escape; watch transport_lease_overlong / transport_parked_commits
[2026-08-28T04:21:28Z ERROR fuse3::raw::connection::fuse_over_uring] transport payload lease held 1953 ms (≥ 1 s) — overlong handler invocation or a §5.4 severance escape; watch transport_lease_overlong / transport_parked_commits
[2026-08-28T04:21:28Z ERROR fuse3::raw::connection::fuse_over_uring] transport payload lease held 1929 ms (≥ 1 s) — overlong handler invocation or a §5.4 severance escape; watch transport_lease_overlong / transport_parked_commits
[2026-08-28T04:21:28Z ERROR fuse3::raw::connection::fuse_over_uring] transport payload lease held 1936 ms (≥ 1 s) — overlong handler invocation or a §5.4 severance escape; watch transport_lease_overlong / transport_parked_commits
[2026-08-28T04:21:28Z ERROR fuse3::raw::connection::fuse_over_uring] transport payload lease held 1928 ms (≥ 1 s) — overlong handler invocation or a §5.4 severance escape; watch transport_lease_overlong / transport_parked_commits
[2026-08-28T04:21:28Z ERROR fuse3::raw::connection::fuse_over_uring] transport payload lease held 1928 ms (≥ 1 s) — overlong handler invocation or a §5.4 severance escape; watch transport_lease_overlong / transport_parked_commits
[2026-08-28T04:21:28Z ERROR fuse3::raw::connection::fuse_over_uring] transport payload lease held 1876 ms (≥ 1 s) — overlong handler invocation or a §5.4 severance escape; watch transport_lease_overlong / transport_parked_commits
[2026-08-28T04:21:28Z ERROR fuse3::raw::connection::fuse_over_uring] transport payload lease held 1876 ms (≥ 1 s) — overlong handler invocation or a §5.4 severance escape; watch transport_lease_overlong / transport_parked_commits
[2026-08-28T04:21:28Z ERROR fuse3::raw::connection::fuse_over_uring] transport payload lease held 1876 ms (≥ 1 s) — overlong handler invocation or a §5.4 severance escape; watch transport_lease_overlong / transport_parked_commits
[2026-08-28T04:21:28Z ERROR fuse3::raw::connection::fuse_over_uring] transport payload lease held 1876 ms (≥ 1 s) — overlong handler invocation or a §5.4 severance escape; watch transport_lease_overlong / transport_parked_commits
[2026-08-28T04:21:28Z ERROR fuse3::raw::connection::fuse_over_uring] transport payload lease held 1840 ms (≥ 1 s) — overlong handler invocation or a §5.4 severance escape; watch transport_lease_overlong / transport_parked_commits
[2026-08-28T04:21:28Z ERROR fuse3::raw::connection::fuse_over_uring] transport payload lease held 1812 ms (≥ 1 s) — overlong handler invocation or a §5.4 severance escape; watch transport_lease_overlong / transport_parked_commits
[2026-08-28T04:21:28Z ERROR fuse3::raw::connection::fuse_over_uring] transport payload lease held 1811 ms (≥ 1 s) — overlong handler invocation or a §5.4 severance escape; watch transport_lease_overlong / transport_parked_commits
[2026-08-28T04:21:28Z ERROR fuse3::raw::connection::fuse_over_uring] transport payload lease held 1811 ms (≥ 1 s) — overlong handler invocation or a §5.4 severance escape; watch transport_lease_overlong / transport_parked_commits
[2026-08-28T04:21:28Z ERROR fuse3::raw::connection::fuse_over_uring] transport payload lease held 1812 ms (≥ 1 s) — overlong handler invocation or a §5.4 severance escape; watch transport_lease_overlong / transport_parked_commits
[2026-08-28T04:21:28Z ERROR fuse3::raw::connection::fuse_over_uring] transport payload lease held 1802 ms (≥ 1 s) — overlong handler invocation or a §5.4 severance escape; watch transport_lease_overlong / transport_parked_commits
[2026-08-28T04:21:28Z ERROR fuse3::raw::connection::fuse_over_uring] transport payload lease held 1789 ms (≥ 1 s) — overlong handler invocation or a §5.4 severance escape; watch transport_lease_overlong / transport_parked_commits
[2026-08-28T04:21:28Z ERROR fuse3::raw::connection::fuse_over_uring] transport payload lease held 1789 ms (≥ 1 s) — overlong handler invocation or a §5.4 severance escape; watch transport_lease_overlong / transport_parked_commits
[2026-08-28T04:21:28Z ERROR fuse3::raw::connection::fuse_over_uring] transport payload lease held 1767 ms (≥ 1 s) — overlong handler invocation or a §5.4 severance escape; watch transport_lease_overlong / transport_parked_commits
[2026-08-28T04:21:28Z ERROR fuse3::raw::connection::fuse_over_uring] transport payload lease held 1765 ms (≥ 1 s) — overlong handler invocation or a §5.4 severance escape; watch transport_lease_overlong / transport_parked_commits
[2026-08-28T04:21:28Z ERROR fuse3::raw::connection::fuse_over_uring] transport payload lease held 1765 ms (≥ 1 s) — overlong handler invocation or a §5.4 severance escape; watch transport_lease_overlong / transport_parked_commits
[2026-08-28T04:21:28Z ERROR fuse3::raw::connection::fuse_over_uring] transport payload lease held 1766 ms (≥ 1 s) — overlong handler invocation or a §5.4 severance escape; watch transport_lease_overlong / transport_parked_commits
[2026-08-28T04:21:28Z ERROR fuse3::raw::connection::fuse_over_uring] transport payload lease held 1763 ms (≥ 1 s) — overlong handler invocation or a §5.4 severance escape; watch transport_lease_overlong / transport_parked_commits
[2026-08-28T04:21:28Z ERROR fuse3::raw::connection::fuse_over_uring] transport payload lease held 1724 ms (≥ 1 s) — overlong handler invocation or a §5.4 severance escape; watch transport_lease_overlong / transport_parked_commits
[2026-08-28T04:21:28Z ERROR fuse3::raw::connection::fuse_over_uring] transport payload lease held 1830 ms (≥ 1 s) — overlong handler invocation or a §5.4 severance escape; watch transport_lease_overlong / transport_parked_commits
[2026-08-28T04:21:28Z ERROR fuse3::raw::connection::fuse_over_uring] transport payload lease held 1683 ms (≥ 1 s) — overlong handler invocation or a §5.4 severance escape; watch transport_lease_overlong / transport_parked_commits
[2026-08-28T04:21:28Z ERROR fuse3::raw::connection::fuse_over_uring] transport payload lease held 2046 ms (≥ 1 s) — overlong handler invocation or a §5.4 severance escape; watch transport_lease_overlong / transport_parked_commits
[2026-08-28T04:21:28Z ERROR fuse3::raw::connection::fuse_over_uring] transport payload lease held 1683 ms (≥ 1 s) — overlong handler invocation or a §5.4 severance escape; watch transport_lease_overlong / transport_parked_commits
[2026-08-28T04:21:29Z ERROR fuse3::raw::connection::fuse_over_uring] transport payload lease held 1683 ms (≥ 1 s) — overlong handler invocation or a §5.4 severance escape; watch transport_lease_overlong / transport_parked_commits
[2026-08-28T04:21:29Z WARN  squeezefs::block_allocator] co-writer: abandoning never-published block offset(s) leak-safe (volume 'nvme6n1', first offset 196041768960): the publish that would have named them failed or refused, and a co-writer may not mutate ownership accounting — the next derivation (mount recovery / fsck C6) returns them to the free supply (cowriter_unpublished_abandons; further offsets at debug level)
[2026-08-28T04:21:32Z ERROR fuse3::raw::connection::fuse_over_uring] transport payload lease held 1041 ms (≥ 1 s) — overlong handler invocation or a §5.4 severance escape; watch transport_lease_overlong / transport_parked_commits
[2026-08-28T04:21:32Z ERROR fuse3::raw::connection::fuse_over_uring] transport payload lease held 1023 ms (≥ 1 s) — overlong handler invocation or a §5.4 severance escape; watch transport_lease_overlong / transport_parked_commits
[2026-08-28T04:21:32Z ERROR fuse3::raw::connection::fuse_over_uring] transport payload lease held 1000 ms (≥ 1 s) — overlong handler invocation or a §5.4 severance escape; watch transport_lease_overlong / transport_parked_commits
[2026-08-28T04:21:32Z ERROR fuse3::raw::connection::fuse_over_uring] transport payload lease held 1000 ms (≥ 1 s) — overlong handler invocation or a §5.4 severance escape; watch transport_lease_overlong / transport_parked_commits
[2026-08-28T04:21:34Z ERROR fuse3::raw::connection::fuse_over_uring] transport payload lease held 1379 ms (≥ 1 s) — overlong handler invocation or a §5.4 severance escape; watch transport_lease_overlong / transport_parked_commits
[2026-08-28T04:21:34Z ERROR fuse3::raw::connection::fuse_over_uring] transport payload lease held 1379 ms (≥ 1 s) — overlong handler invocation or a §5.4 severance escape; watch transport_lease_overlong / transport_parked_commits
[2026-08-28T04:21:34Z ERROR fuse3::raw::connection::fuse_over_uring] transport payload lease held 1380 ms (≥ 1 s) — overlong handler invocation or a §5.4 severance escape; watch transport_lease_overlong / transport_parked_commits
[2026-08-28T04:21:34Z ERROR fuse3::raw::connection::fuse_over_uring] transport payload lease held 1197 ms (≥ 1 s) — overlong handler invocation or a §5.4 severance escape; watch transport_lease_overlong / transport_parked_commits
[2026-08-28T04:21:34Z ERROR fuse3::raw::connection::fuse_over_uring] transport payload lease held 1197 ms (≥ 1 s) — overlong handler invocation or a §5.4 severance escape; watch transport_lease_overlong / transport_parked_commits
[2026-08-28T04:21:34Z ERROR fuse3::raw::connection::fuse_over_uring] transport payload lease held 1169 ms (≥ 1 s) — overlong handler invocation or a §5.4 severance escape; watch transport_lease_overlong / transport_parked_commits
[2026-08-28T04:21:34Z ERROR fuse3::raw::connection::fuse_over_uring] transport payload lease held 1169 ms (≥ 1 s) — overlong handler invocation or a §5.4 severance escape; watch transport_lease_overlong / transport_parked_commits
[2026-08-28T04:21:35Z ERROR fuse3::raw::connection::fuse_over_uring] transport payload lease held 1224 ms (≥ 1 s) — overlong handler invocation or a §5.4 severance escape; watch transport_lease_overlong / transport_parked_commits
[2026-08-28T04:21:35Z ERROR fuse3::raw::connection::fuse_over_uring] transport payload lease held 1757 ms (≥ 1 s) — overlong handler invocation or a §5.4 severance escape; watch transport_lease_overlong / transport_parked_commits
[2026-08-28T04:21:35Z ERROR fuse3::raw::connection::fuse_over_uring] transport payload lease held 1757 ms (≥ 1 s) — overlong handler invocation or a §5.4 severance escape; watch transport_lease_overlong / transport_parked_commits
[2026-08-28T04:21:35Z ERROR fuse3::raw::connection::fuse_over_uring] transport payload lease held 1757 ms (≥ 1 s) — overlong handler invocation or a §5.4 severance escape; watch transport_lease_overlong / transport_parked_commits
[2026-08-28T04:21:35Z ERROR fuse3::raw::connection::fuse_over_uring] transport payload lease held 1253 ms (≥ 1 s) — overlong handler invocation or a §5.4 severance escape; watch transport_lease_overlong / transport_parked_commits
[2026-08-28T04:21:35Z ERROR fuse3::raw::connection::fuse_over_uring] transport payload lease held 1106 ms (≥ 1 s) — overlong handler invocation or a §5.4 severance escape; watch transport_lease_overlong / transport_parked_commits
[2026-08-28T04:21:35Z ERROR fuse3::raw::connection::fuse_over_uring] transport payload lease held 1253 ms (≥ 1 s) — overlong handler invocation or a §5.4 severance escape; watch transport_lease_overlong / transport_parked_commits
[2026-08-28T04:21:35Z ERROR fuse3::raw::connection::fuse_over_uring] transport payload lease held 1746 ms (≥ 1 s) — overlong handler invocation or a §5.4 severance escape; watch transport_lease_overlong / transport_parked_commits
[2026-08-28T04:21:38Z ERROR fuse3::raw::connection::fuse_over_uring] transport payload lease held 1017 ms (≥ 1 s) — overlong handler invocation or a §5.4 severance escape; watch transport_lease_overlong / transport_parked_commits
[2026-08-28T04:21:38Z ERROR fuse3::raw::connection::fuse_over_uring] transport payload lease held 1016 ms (≥ 1 s) — overlong handler invocation or a §5.4 severance escape; watch transport_lease_overlong / transport_parked_commits
[2026-08-28T04:21:38Z ERROR fuse3::raw::connection::fuse_over_uring] transport payload lease held 1017 ms (≥ 1 s) — overlong handler invocation or a §5.4 severance escape; watch transport_lease_overlong / transport_parked_commits
[2026-08-28T04:21:38Z ERROR fuse3::raw::connection::fuse_over_uring] transport payload lease held 1009 ms (≥ 1 s) — overlong handler invocation or a §5.4 severance escape; watch transport_lease_overlong / transport_parked_commits
[2026-08-28T04:21:39Z ERROR fuse3::raw::connection::fuse_over_uring] transport payload lease held 1652 ms (≥ 1 s) — overlong handler invocation or a §5.4 severance escape; watch transport_lease_overlong / transport_parked_commits
[2026-08-28T04:21:39Z ERROR fuse3::raw::connection::fuse_over_uring] transport payload lease held 1629 ms (≥ 1 s) — overlong handler invocation or a §5.4 severance escape; watch transport_lease_overlong / transport_parked_commits
[2026-08-28T04:21:39Z ERROR fuse3::raw::connection::fuse_over_uring] transport payload lease held 1629 ms (≥ 1 s) — overlong handler invocation or a §5.4 severance escape; watch transport_lease_overlong / transport_parked_commits
[2026-08-28T04:21:39Z ERROR fuse3::raw::connection::fuse_over_uring] transport payload lease held 1629 ms (≥ 1 s) — overlong handler invocation or a §5.4 severance escape; watch transport_lease_overlong / transport_parked_commits
[2026-08-28T04:21:39Z ERROR fuse3::raw::connection::fuse_over_uring] transport payload lease held 1597 ms (≥ 1 s) — overlong handler invocation or a §5.4 severance escape; watch transport_lease_overlong / transport_parked_commits
[2026-08-28T04:21:39Z ERROR fuse3::raw::connection::fuse_over_uring] transport payload lease held 1596 ms (≥ 1 s) — overlong handler invocation or a §5.4 severance escape; watch transport_lease_overlong / transport_parked_commits
[2026-08-28T04:21:39Z ERROR fuse3::raw::connection::fuse_over_uring] transport payload lease held 1586 ms (≥ 1 s) — overlong handler invocation or a §5.4 severance escape; watch transport_lease_overlong / transport_parked_commits
[2026-08-28T04:21:39Z ERROR fuse3::raw::connection::fuse_over_uring] transport payload lease held 1586 ms (≥ 1 s) — overlong handler invocation or a §5.4 severance escape; watch transport_lease_overlong / transport_parked_commits
[2026-08-28T04:21:39Z ERROR fuse3::raw::connection::fuse_over_uring] transport payload lease held 1627 ms (≥ 1 s) — overlong handler invocation or a §5.4 severance escape; watch transport_lease_overlong / transport_parked_commits
[2026-08-28T04:21:39Z ERROR fuse3::raw::connection::fuse_over_uring] transport payload lease held 1627 ms (≥ 1 s) — overlong handler invocation or a §5.4 severance escape; watch transport_lease_overlong / transport_parked_commits
[2026-08-28T04:21:39Z ERROR fuse3::raw::connection::fuse_over_uring] transport payload lease held 1626 ms (≥ 1 s) — overlong handler invocation or a §5.4 severance escape; watch transport_lease_overlong / transport_parked_commits
[2026-08-28T04:21:39Z ERROR fuse3::raw::connection::fuse_over_uring] transport payload lease held 1623 ms (≥ 1 s) — overlong handler invocation or a §5.4 severance escape; watch transport_lease_overlong / transport_parked_commits
[2026-08-28T04:21:39Z ERROR fuse3::raw::connection::fuse_over_uring] transport payload lease held 1660 ms (≥ 1 s) — overlong handler invocation or a §5.4 severance escape; watch transport_lease_overlong / transport_parked_commits
[2026-08-28T04:21:39Z ERROR fuse3::raw::connection::fuse_over_uring] transport payload lease held 1648 ms (≥ 1 s) — overlong handler invocation or a §5.4 severance escape; watch transport_lease_overlong / transport_parked_commits
[2026-08-28T04:21:39Z ERROR fuse3::raw::connection::fuse_over_uring] transport payload lease held 1648 ms (≥ 1 s) — overlong handler invocation or a §5.4 severance escape; watch transport_lease_overlong / transport_parked_commits
[2026-08-28T04:21:39Z ERROR fuse3::raw::connection::fuse_over_uring] transport payload lease held 1648 ms (≥ 1 s) — overlong handler invocation or a §5.4 severance escape; watch transport_lease_overlong / transport_parked_commits
[2026-08-28T04:21:39Z ERROR fuse3::raw::connection::fuse_over_uring] transport payload lease held 1684 ms (≥ 1 s) — overlong handler invocation or a §5.4 severance escape; watch transport_lease_overlong / transport_parked_commits
[2026-08-28T04:21:39Z ERROR fuse3::raw::connection::fuse_over_uring] transport payload lease held 1684 ms (≥ 1 s) — overlong handler invocation or a §5.4 severance escape; watch transport_lease_overlong / transport_parked_commits
[2026-08-28T04:21:39Z ERROR fuse3::raw::connection::fuse_over_uring] transport payload lease held 1684 ms (≥ 1 s) — overlong handler invocation or a §5.4 severance escape; watch transport_lease_overlong / transport_parked_commits
[2026-08-28T04:21:39Z ERROR fuse3::raw::connection::fuse_over_uring] transport payload lease held 1684 ms (≥ 1 s) — overlong handler invocation or a §5.4 severance escape; watch transport_lease_overlong / transport_parked_commits
[2026-08-28T04:21:39Z ERROR fuse3::raw::connection::fuse_over_uring] transport payload lease held 1660 ms (≥ 1 s) — overlong handler invocation or a §5.4 severance escape; watch transport_lease_overlong / transport_parked_commits
[2026-08-28T04:21:39Z ERROR fuse3::raw::connection::fuse_over_uring] transport payload lease held 1640 ms (≥ 1 s) — overlong handler invocation or a §5.4 severance escape; watch transport_lease_overlong / transport_parked_commits
[2026-08-28T04:21:39Z ERROR fuse3::raw::connection::fuse_over_uring] transport payload lease held 1617 ms (≥ 1 s) — overlong handler invocation or a §5.4 severance escape; watch transport_lease_overlong / transport_parked_commits
[2026-08-28T04:21:39Z ERROR fuse3::raw::connection::fuse_over_uring] transport payload lease held 1597 ms (≥ 1 s) — overlong handler invocation or a §5.4 severance escape; watch transport_lease_overlong / transport_parked_commits
[2026-08-28T04:21:39Z ERROR fuse3::raw::connection::fuse_over_uring] transport payload lease held 1192 ms (≥ 1 s) — overlong handler invocation or a §5.4 severance escape; watch transport_lease_overlong / transport_parked_commits
[2026-08-28T04:21:39Z ERROR fuse3::raw::connection::fuse_over_uring] transport payload lease held 1229 ms (≥ 1 s) — overlong handler invocation or a §5.4 severance escape; watch transport_lease_overlong / transport_parked_commits
[2026-08-28T04:21:39Z ERROR fuse3::raw::connection::fuse_over_uring] transport payload lease held 1229 ms (≥ 1 s) — overlong handler invocation or a §5.4 severance escape; watch transport_lease_overlong / transport_parked_commits
[2026-08-28T04:21:39Z ERROR fuse3::raw::connection::fuse_over_uring] transport payload lease held 1228 ms (≥ 1 s) — overlong handler invocation or a §5.4 severance escape; watch transport_lease_overlong / transport_parked_commits
[2026-08-28T04:21:39Z ERROR fuse3::raw::connection::fuse_over_uring] transport payload lease held 1219 ms (≥ 1 s) — overlong handler invocation or a §5.4 severance escape; watch transport_lease_overlong / transport_parked_commits
[2026-08-28T04:21:39Z ERROR fuse3::raw::connection::fuse_over_uring] transport payload lease held 1219 ms (≥ 1 s) — overlong handler invocation or a §5.4 severance escape; watch transport_lease_overlong / transport_parked_commits
[2026-08-28T04:21:39Z ERROR fuse3::raw::connection::fuse_over_uring] transport payload lease held 1219 ms (≥ 1 s) — overlong handler invocation or a §5.4 severance escape; watch transport_lease_overlong / transport_parked_commits
[2026-08-28T04:21:39Z ERROR fuse3::raw::connection::fuse_over_uring] transport payload lease held 1219 ms (≥ 1 s) — overlong handler invocation or a §5.4 severance escape; watch transport_lease_overlong / transport_parked_commits
[2026-08-28T04:21:39Z ERROR fuse3::raw::connection::fuse_over_uring] transport payload lease held 1222 ms (≥ 1 s) — overlong handler invocation or a §5.4 severance escape; watch transport_lease_overlong / transport_parked_commits
[2026-08-28T04:21:39Z ERROR fuse3::raw::connection::fuse_over_uring] transport payload lease held 1248 ms (≥ 1 s) — overlong handler invocation or a §5.4 severance escape; watch transport_lease_overlong / transport_parked_commits
[2026-08-28T04:21:39Z ERROR fuse3::raw::connection::fuse_over_uring] transport payload lease held 1248 ms (≥ 1 s) — overlong handler invocation or a §5.4 severance escape; watch transport_lease_overlong / transport_parked_commits
[2026-08-28T04:21:39Z ERROR fuse3::raw::connection::fuse_over_uring] transport payload lease held 1248 ms (≥ 1 s) — overlong handler invocation or a §5.4 severance escape; watch transport_lease_overlong / transport_parked_commits
[2026-08-28T04:21:40Z ERROR fuse3::raw::connection::fuse_over_uring] transport payload lease held 1237 ms (≥ 1 s) — overlong handler invocation or a §5.4 severance escape; watch transport_lease_overlong / transport_parked_commits
[2026-08-28T04:21:40Z ERROR fuse3::raw::connection::fuse_over_uring] transport payload lease held 1237 ms (≥ 1 s) — overlong handler invocation or a §5.4 severance escape; watch transport_lease_overlong / transport_parked_commits
[2026-08-28T04:21:40Z ERROR fuse3::raw::connection::fuse_over_uring] transport payload lease held 1237 ms (≥ 1 s) — overlong handler invocation or a §5.4 severance escape; watch transport_lease_overlong / transport_parked_commits
[2026-08-28T04:21:40Z ERROR fuse3::raw::connection::fuse_over_uring] transport payload lease held 1236 ms (≥ 1 s) — overlong handler invocation or a §5.4 severance escape; watch transport_lease_overlong / transport_parked_commits
[2026-08-28T04:21:40Z ERROR fuse3::raw::connection::fuse_over_uring] transport payload lease held 1253 ms (≥ 1 s) — overlong handler invocation or a §5.4 severance escape; watch transport_lease_overlong / transport_parked_commits
[2026-08-28T04:21:40Z ERROR fuse3::raw::connection::fuse_over_uring] transport payload lease held 1253 ms (≥ 1 s) — overlong handler invocation or a §5.4 severance escape; watch transport_lease_overlong / transport_parked_commits
[2026-08-28T04:21:40Z ERROR fuse3::raw::connection::fuse_over_uring] transport payload lease held 1251 ms (≥ 1 s) — overlong handler invocation or a §5.4 severance escape; watch transport_lease_overlong / transport_parked_commits
[2026-08-28T04:21:40Z ERROR fuse3::raw::connection::fuse_over_uring] transport payload lease held 1248 ms (≥ 1 s) — overlong handler invocation or a §5.4 severance escape; watch transport_lease_overlong / transport_parked_commits
[2026-08-28T04:21:40Z ERROR fuse3::raw::connection::fuse_over_uring] transport payload lease held 1251 ms (≥ 1 s) — overlong handler invocation or a §5.4 severance escape; watch transport_lease_overlong / transport_parked_commits
[2026-08-28T04:21:40Z ERROR fuse3::raw::connection::fuse_over_uring] transport payload lease held 1247 ms (≥ 1 s) — overlong handler invocation or a §5.4 severance escape; watch transport_lease_overlong / transport_parked_commits
[2026-08-28T04:21:40Z ERROR fuse3::raw::connection::fuse_over_uring] transport payload lease held 1242 ms (≥ 1 s) — overlong handler invocation or a §5.4 severance escape; watch transport_lease_overlong / transport_parked_commits
[2026-08-28T04:21:40Z ERROR fuse3::raw::connection::fuse_over_uring] transport payload lease held 1242 ms (≥ 1 s) — overlong handler invocation or a §5.4 severance escape; watch transport_lease_overlong / transport_parked_commits
[2026-08-28T04:21:40Z ERROR fuse3::raw::connection::fuse_over_uring] transport payload lease held 1217 ms (≥ 1 s) — overlong handler invocation or a §5.4 severance escape; watch transport_lease_overlong / transport_parked_commits
[2026-08-28T04:21:40Z ERROR fuse3::raw::connection::fuse_over_uring] transport payload lease held 1211 ms (≥ 1 s) — overlong handler invocation or a §5.4 severance escape; watch transport_lease_overlong / transport_parked_commits
[2026-08-28T04:21:40Z ERROR fuse3::raw::connection::fuse_over_uring] transport payload lease held 1211 ms (≥ 1 s) — overlong handler invocation or a §5.4 severance escape; watch transport_lease_overlong / transport_parked_commits
[2026-08-28T04:21:40Z ERROR fuse3::raw::connection::fuse_over_uring] transport payload lease held 1211 ms (≥ 1 s) — overlong handler invocation or a §5.4 severance escape; watch transport_lease_overlong / transport_parked_commits
[2026-08-28T04:21:40Z ERROR fuse3::raw::connection::fuse_over_uring] transport payload lease held 1165 ms (≥ 1 s) — overlong handler invocation or a §5.4 severance escape; watch transport_lease_overlong / transport_parked_commits
[2026-08-28T04:21:40Z ERROR fuse3::raw::connection::fuse_over_uring] transport payload lease held 1218 ms (≥ 1 s) — overlong handler invocation or a §5.4 severance escape; watch transport_lease_overlong / transport_parked_commits
[2026-08-28T04:21:40Z ERROR fuse3::raw::connection::fuse_over_uring] transport payload lease held 1218 ms (≥ 1 s) — overlong handler invocation or a §5.4 severance escape; watch transport_lease_overlong / transport_parked_commits
[2026-08-28T04:21:40Z ERROR fuse3::raw::connection::fuse_over_uring] transport payload lease held 1216 ms (≥ 1 s) — overlong handler invocation or a §5.4 severance escape; watch transport_lease_overlong / transport_parked_commits
[2026-08-28T04:21:40Z ERROR fuse3::raw::connection::fuse_over_uring] transport payload lease held 1216 ms (≥ 1 s) — overlong handler invocation or a §5.4 severance escape; watch transport_lease_overlong / transport_parked_commits
[2026-08-28T04:21:40Z ERROR fuse3::raw::connection::fuse_over_uring] transport payload lease held 1248 ms (≥ 1 s) — overlong handler invocation or a §5.4 severance escape; watch transport_lease_overlong / transport_parked_commits
[2026-08-28T04:21:40Z ERROR fuse3::raw::connection::fuse_over_uring] transport payload lease held 1248 ms (≥ 1 s) — overlong handler invocation or a §5.4 severance escape; watch transport_lease_overlong / transport_parked_commits
[2026-08-28T04:21:40Z ERROR fuse3::raw::connection::fuse_over_uring] transport payload lease held 1260 ms (≥ 1 s) — overlong handler invocation or a §5.4 severance escape; watch transport_lease_overlong / transport_parked_commits
[2026-08-28T04:21:40Z ERROR fuse3::raw::connection::fuse_over_uring] transport payload lease held 1298 ms (≥ 1 s) — overlong handler invocation or a §5.4 severance escape; watch transport_lease_overlong / transport_parked_commits
[2026-08-28T04:21:40Z ERROR fuse3::raw::connection::fuse_over_uring] transport payload lease held 1290 ms (≥ 1 s) — overlong handler invocation or a §5.4 severance escape; watch transport_lease_overlong / transport_parked_commits
[2026-08-28T04:21:40Z ERROR fuse3::raw::connection::fuse_over_uring] transport payload lease held 1278 ms (≥ 1 s) — overlong handler invocation or a §5.4 severance escape; watch transport_lease_overlong / transport_parked_commits
[2026-08-28T04:21:40Z ERROR fuse3::raw::connection::fuse_over_uring] transport payload lease held 1279 ms (≥ 1 s) — overlong handler invocation or a §5.4 severance escape; watch transport_lease_overlong / transport_parked_commits
[2026-08-28T04:21:40Z ERROR fuse3::raw::connection::fuse_over_uring] transport payload lease held 1290 ms (≥ 1 s) — overlong handler invocation or a §5.4 severance escape; watch transport_lease_overlong / transport_parked_commits
[2026-08-28T04:21:40Z ERROR fuse3::raw::connection::fuse_over_uring] transport payload lease held 1294 ms (≥ 1 s) — overlong handler invocation or a §5.4 severance escape; watch transport_lease_overlong / transport_parked_commits
[2026-08-28T04:21:40Z ERROR fuse3::raw::connection::fuse_over_uring] transport payload lease held 1130 ms (≥ 1 s) — overlong handler invocation or a §5.4 severance escape; watch transport_lease_overlong / transport_parked_commits
[2026-08-28T04:21:40Z ERROR fuse3::raw::connection::fuse_over_uring] transport payload lease held 1099 ms (≥ 1 s) — overlong handler invocation or a §5.4 severance escape; watch transport_lease_overlong / transport_parked_commits
[2026-08-28T04:21:40Z ERROR fuse3::raw::connection::fuse_over_uring] transport payload lease held 1450 ms (≥ 1 s) — overlong handler invocation or a §5.4 severance escape; watch transport_lease_overlong / transport_parked_commits
[2026-08-28T04:21:40Z ERROR fuse3::raw::connection::fuse_over_uring] transport payload lease held 1450 ms (≥ 1 s) — overlong handler invocation or a §5.4 severance escape; watch transport_lease_overlong / transport_parked_commits
[2026-08-28T04:21:40Z ERROR fuse3::raw::connection::fuse_over_uring] transport payload lease held 1450 ms (≥ 1 s) — overlong handler invocation or a §5.4 severance escape; watch transport_lease_overlong / transport_parked_commits
[2026-08-28T04:21:40Z ERROR fuse3::raw::connection::fuse_over_uring] transport payload lease held 1393 ms (≥ 1 s) — overlong handler invocation or a §5.4 severance escape; watch transport_lease_overlong / transport_parked_commits
[2026-08-28T04:21:40Z ERROR fuse3::raw::connection::fuse_over_uring] transport payload lease held 1393 ms (≥ 1 s) — overlong handler invocation or a §5.4 severance escape; watch transport_lease_overlong / transport_parked_commits
[2026-08-28T04:21:40Z ERROR fuse3::raw::connection::fuse_over_uring] transport payload lease held 1393 ms (≥ 1 s) — overlong handler invocation or a §5.4 severance escape; watch transport_lease_overlong / transport_parked_commits
[2026-08-28T04:21:40Z ERROR fuse3::raw::connection::fuse_over_uring] transport payload lease held 1377 ms (≥ 1 s) — overlong handler invocation or a §5.4 severance escape; watch transport_lease_overlong / transport_parked_commits
[2026-08-28T04:21:40Z ERROR fuse3::raw::connection::fuse_over_uring] transport payload lease held 1106 ms (≥ 1 s) — overlong handler invocation or a §5.4 severance escape; watch transport_lease_overlong / transport_parked_commits
[2026-08-28T04:21:40Z ERROR fuse3::raw::connection::fuse_over_uring] transport payload lease held 1104 ms (≥ 1 s) — overlong handler invocation or a §5.4 severance escape; watch transport_lease_overlong / transport_parked_commits
[2026-08-28T04:21:40Z ERROR fuse3::raw::connection::fuse_over_uring] transport payload lease held 1104 ms (≥ 1 s) — overlong handler invocation or a §5.4 severance escape; watch transport_lease_overlong / transport_parked_commits
[2026-08-28T04:21:40Z ERROR fuse3::raw::connection::fuse_over_uring] transport payload lease held 1104 ms (≥ 1 s) — overlong handler invocation or a §5.4 severance escape; watch transport_lease_overlong / transport_parked_commits
[2026-08-28T04:21:40Z ERROR fuse3::raw::connection::fuse_over_uring] transport payload lease held 1398 ms (≥ 1 s) — overlong handler invocation or a §5.4 severance escape; watch transport_lease_overlong / transport_parked_commits
[2026-08-28T04:21:40Z ERROR fuse3::raw::connection::fuse_over_uring] transport payload lease held 1397 ms (≥ 1 s) — overlong handler invocation or a §5.4 severance escape; watch transport_lease_overlong / transport_parked_commits
[2026-08-28T04:21:40Z ERROR fuse3::raw::connection::fuse_over_uring] transport payload lease held 1398 ms (≥ 1 s) — overlong handler invocation or a §5.4 severance escape; watch transport_lease_overlong / transport_parked_commits
[2026-08-28T04:21:40Z ERROR fuse3::raw::connection::fuse_over_uring] transport payload lease held 1398 ms (≥ 1 s) — overlong handler invocation or a §5.4 severance escape; watch transport_lease_overlong / transport_parked_commits
[2026-08-28T04:21:40Z ERROR fuse3::raw::connection::fuse_over_uring] transport payload lease held 1097 ms (≥ 1 s) — overlong handler invocation or a §5.4 severance escape; watch transport_lease_overlong / transport_parked_commits
[2026-08-28T04:21:40Z ERROR fuse3::raw::connection::fuse_over_uring] transport payload lease held 1096 ms (≥ 1 s) — overlong handler invocation or a §5.4 severance escape; watch transport_lease_overlong / transport_parked_commits
[2026-08-28T04:21:40Z ERROR fuse3::raw::connection::fuse_over_uring] transport payload lease held 1096 ms (≥ 1 s) — overlong handler invocation or a §5.4 severance escape; watch transport_lease_overlong / transport_parked_commits
[2026-08-28T04:21:40Z ERROR fuse3::raw::connection::fuse_over_uring] transport payload lease held 1096 ms (≥ 1 s) — overlong handler invocation or a §5.4 severance escape; watch transport_lease_overlong / transport_parked_commits
[2026-08-28T04:21:40Z ERROR fuse3::raw::connection::fuse_over_uring] transport payload lease held 1240 ms (≥ 1 s) — overlong handler invocation or a §5.4 severance escape; watch transport_lease_overlong / transport_parked_commits
[2026-08-28T04:21:40Z ERROR fuse3::raw::connection::fuse_over_uring] transport payload lease held 1223 ms (≥ 1 s) — overlong handler invocation or a §5.4 severance escape; watch transport_lease_overlong / transport_parked_commits
[2026-08-28T04:21:40Z ERROR fuse3::raw::connection::fuse_over_uring] transport payload lease held 1223 ms (≥ 1 s) — overlong handler invocation or a §5.4 severance escape; watch transport_lease_overlong / transport_parked_commits
[2026-08-28T04:21:40Z ERROR fuse3::raw::connection::fuse_over_uring] transport payload lease held 1193 ms (≥ 1 s) — overlong handler invocation or a §5.4 severance escape; watch transport_lease_overlong / transport_parked_commits
[2026-08-28T04:21:40Z ERROR fuse3::raw::connection::fuse_over_uring] transport payload lease held 1223 ms (≥ 1 s) — overlong handler invocation or a §5.4 severance escape; watch transport_lease_overlong / transport_parked_commits
[2026-08-28T04:21:40Z ERROR fuse3::raw::connection::fuse_over_uring] transport payload lease held 1222 ms (≥ 1 s) — overlong handler invocation or a §5.4 severance escape; watch transport_lease_overlong / transport_parked_commits
[2026-08-28T04:21:40Z ERROR fuse3::raw::connection::fuse_over_uring] transport payload lease held 1163 ms (≥ 1 s) — overlong handler invocation or a §5.4 severance escape; watch transport_lease_overlong / transport_parked_commits
[2026-08-28T04:21:40Z ERROR fuse3::raw::connection::fuse_over_uring] transport payload lease held 1163 ms (≥ 1 s) — overlong handler invocation or a §5.4 severance escape; watch transport_lease_overlong / transport_parked_commits
[2026-08-28T04:21:44Z ERROR fuse3::raw::connection::fuse_over_uring] transport payload lease held 1108 ms (≥ 1 s) — overlong handler invocation or a §5.4 severance escape; watch transport_lease_overlong / transport_parked_commits
[2026-08-28T04:21:44Z ERROR fuse3::raw::connection::fuse_over_uring] transport payload lease held 1107 ms (≥ 1 s) — overlong handler invocation or a §5.4 severance escape; watch transport_lease_overlong / transport_parked_commits
[2026-08-28T04:21:44Z ERROR fuse3::raw::connection::fuse_over_uring] transport payload lease held 1107 ms (≥ 1 s) — overlong handler invocation or a §5.4 severance escape; watch transport_lease_overlong / transport_parked_commits
[2026-08-28T04:21:44Z ERROR fuse3::raw::connection::fuse_over_uring] transport payload lease held 1101 ms (≥ 1 s) — overlong handler invocation or a §5.4 severance escape; watch transport_lease_overlong / transport_parked_commits
[2026-08-28T04:21:45Z WARN  squeezefs::block_allocator] co-writer: abandoning never-published block offset(s) leak-safe (volume 'nvme6n1', first offset 213691400192): the publish that would have named them failed or refused, and a co-writer may not mutate ownership accounting — the next derivation (mount recovery / fsck C6) returns them to the free supply (cowriter_unpublished_abandons; further offsets at debug level)
[2026-08-28T04:21:45Z ERROR fuse3::raw::connection::fuse_over_uring] transport payload lease held 1378 ms (≥ 1 s) — overlong handler invocation or a §5.4 severance escape; watch transport_lease_overlong / transport_parked_commits
[2026-08-28T04:21:45Z ERROR fuse3::raw::connection::fuse_over_uring] transport payload lease held 1379 ms (≥ 1 s) — overlong handler invocation or a §5.4 severance escape; watch transport_lease_overlong / transport_parked_commits
[2026-08-28T04:21:45Z ERROR fuse3::raw::connection::fuse_over_uring] transport payload lease held 1379 ms (≥ 1 s) — overlong handler invocation or a §5.4 severance escape; watch transport_lease_overlong / transport_parked_commits
[2026-08-28T04:21:45Z ERROR fuse3::raw::connection::fuse_over_uring] transport payload lease held 1379 ms (≥ 1 s) — overlong handler invocation or a §5.4 severance escape; watch transport_lease_overlong / transport_parked_commits
[2026-08-28T04:21:45Z ERROR fuse3::raw::connection::fuse_over_uring] transport payload lease held 1334 ms (≥ 1 s) — overlong handler invocation or a §5.4 severance escape; watch transport_lease_overlong / transport_parked_commits
[2026-08-28T04:21:45Z ERROR fuse3::raw::connection::fuse_over_uring] transport payload lease held 1332 ms (≥ 1 s) — overlong handler invocation or a §5.4 severance escape; watch transport_lease_overlong / transport_parked_commits
[2026-08-28T04:21:45Z ERROR fuse3::raw::connection::fuse_over_uring] transport payload lease held 1355 ms (≥ 1 s) — overlong handler invocation or a §5.4 severance escape; watch transport_lease_overlong / transport_parked_commits
[2026-08-28T04:21:45Z ERROR fuse3::raw::connection::fuse_over_uring] transport payload lease held 1355 ms (≥ 1 s) — overlong handler invocation or a §5.4 severance escape; watch transport_lease_overlong / transport_parked_commits
[2026-08-28T04:21:45Z ERROR fuse3::raw::connection::fuse_over_uring] transport payload lease held 1355 ms (≥ 1 s) — overlong handler invocation or a §5.4 severance escape; watch transport_lease_overlong / transport_parked_commits
[2026-08-28T04:21:45Z ERROR fuse3::raw::connection::fuse_over_uring] transport payload lease held 1355 ms (≥ 1 s) — overlong handler invocation or a §5.4 severance escape; watch transport_lease_overlong / transport_parked_commits
[2026-08-28T04:21:45Z ERROR fuse3::raw::connection::fuse_over_uring] transport payload lease held 1601 ms (≥ 1 s) — overlong handler invocation or a §5.4 severance escape; watch transport_lease_overlong / transport_parked_commits
[2026-08-28T04:21:45Z ERROR fuse3::raw::connection::fuse_over_uring] transport payload lease held 1600 ms (≥ 1 s) — overlong handler invocation or a §5.4 severance escape; watch transport_lease_overlong / transport_parked_commits
[2026-08-28T04:21:45Z ERROR fuse3::raw::connection::fuse_over_uring] transport payload lease held 1601 ms (≥ 1 s) — overlong handler invocation or a §5.4 severance escape; watch transport_lease_overlong / transport_parked_commits
[2026-08-28T04:21:45Z ERROR fuse3::raw::connection::fuse_over_uring] transport payload lease held 1601 ms (≥ 1 s) — overlong handler invocation or a §5.4 severance escape; watch transport_lease_overlong / transport_parked_commits
[2026-08-28T04:21:45Z ERROR fuse3::raw::connection::fuse_over_uring] transport payload lease held 1658 ms (≥ 1 s) — overlong handler invocation or a §5.4 severance escape; watch transport_lease_overlong / transport_parked_commits
[2026-08-28T04:21:45Z ERROR fuse3::raw::connection::fuse_over_uring] transport payload lease held 1659 ms (≥ 1 s) — overlong handler invocation or a §5.4 severance escape; watch transport_lease_overlong / transport_parked_commits
[2026-08-28T04:21:45Z ERROR fuse3::raw::connection::fuse_over_uring] transport payload lease held 1659 ms (≥ 1 s) — overlong handler invocation or a §5.4 severance escape; watch transport_lease_overlong / transport_parked_commits
[2026-08-28T04:21:45Z ERROR fuse3::raw::connection::fuse_over_uring] transport payload lease held 1659 ms (≥ 1 s) — overlong handler invocation or a §5.4 severance escape; watch transport_lease_overlong / transport_parked_commits
[2026-08-28T04:21:49Z ERROR fuse3::raw::connection::fuse_over_uring] transport payload lease held 1633 ms (≥ 1 s) — overlong handler invocation or a §5.4 severance escape; watch transport_lease_overlong / transport_parked_commits
[2026-08-28T04:21:49Z ERROR fuse3::raw::connection::fuse_over_uring] transport payload lease held 1119 ms (≥ 1 s) — overlong handler invocation or a §5.4 severance escape; watch transport_lease_overlong / transport_parked_commits
[2026-08-28T04:21:49Z ERROR fuse3::raw::connection::fuse_over_uring] transport payload lease held 1119 ms (≥ 1 s) — overlong handler invocation or a §5.4 severance escape; watch transport_lease_overlong / transport_parked_commits
[2026-08-28T04:21:49Z ERROR fuse3::raw::connection::fuse_over_uring] transport payload lease held 1119 ms (≥ 1 s) — overlong handler invocation or a §5.4 severance escape; watch transport_lease_overlong / transport_parked_commits
[2026-08-28T04:21:49Z ERROR fuse3::raw::connection::fuse_over_uring] transport payload lease held 1138 ms (≥ 1 s) — overlong handler invocation or a §5.4 severance escape; watch transport_lease_overlong / transport_parked_commits
[2026-08-28T04:21:49Z ERROR fuse3::raw::connection::fuse_over_uring] transport payload lease held 1138 ms (≥ 1 s) — overlong handler invocation or a §5.4 severance escape; watch transport_lease_overlong / transport_parked_commits
[2026-08-28T04:21:49Z ERROR fuse3::raw::connection::fuse_over_uring] transport payload lease held 1138 ms (≥ 1 s) — overlong handler invocation or a §5.4 severance escape; watch transport_lease_overlong / transport_parked_commits
[2026-08-28T04:21:49Z ERROR fuse3::raw::connection::fuse_over_uring] transport payload lease held 1138 ms (≥ 1 s) — overlong handler invocation or a §5.4 severance escape; watch transport_lease_overlong / transport_parked_commits
[2026-08-28T04:21:49Z ERROR fuse3::raw::connection::fuse_over_uring] transport payload lease held 1150 ms (≥ 1 s) — overlong handler invocation or a §5.4 severance escape; watch transport_lease_overlong / transport_parked_commits
[2026-08-28T04:21:49Z ERROR fuse3::raw::connection::fuse_over_uring] transport payload lease held 1150 ms (≥ 1 s) — overlong handler invocation or a §5.4 severance escape; watch transport_lease_overlong / transport_parked_commits
[2026-08-28T04:21:49Z ERROR fuse3::raw::connection::fuse_over_uring] transport payload lease held 1150 ms (≥ 1 s) — overlong handler invocation or a §5.4 severance escape; watch transport_lease_overlong / transport_parked_commits
[2026-08-28T04:21:49Z ERROR fuse3::raw::connection::fuse_over_uring] transport payload lease held 1159 ms (≥ 1 s) — overlong handler invocation or a §5.4 severance escape; watch transport_lease_overlong / transport_parked_commits
[2026-08-28T04:21:49Z ERROR fuse3::raw::connection::fuse_over_uring] transport payload lease held 1159 ms (≥ 1 s) — overlong handler invocation or a §5.4 severance escape; watch transport_lease_overlong / transport_parked_commits
[2026-08-28T04:21:49Z ERROR fuse3::raw::connection::fuse_over_uring] transport payload lease held 1948 ms (≥ 1 s) — overlong handler invocation or a §5.4 severance escape; watch transport_lease_overlong / transport_parked_commits
[2026-08-28T04:21:49Z ERROR fuse3::raw::connection::fuse_over_uring] transport payload lease held 1948 ms (≥ 1 s) — overlong handler invocation or a §5.4 severance escape; watch transport_lease_overlong / transport_parked_commits
[2026-08-28T04:21:49Z ERROR fuse3::raw::connection::fuse_over_uring] transport payload lease held 1946 ms (≥ 1 s) — overlong handler invocation or a §5.4 severance escape; watch transport_lease_overlong / transport_parked_commits
[2026-08-28T04:21:49Z ERROR fuse3::raw::connection::fuse_over_uring] transport payload lease held 1943 ms (≥ 1 s) — overlong handler invocation or a §5.4 severance escape; watch transport_lease_overlong / transport_parked_commits
[2026-08-28T04:21:50Z ERROR fuse3::raw::connection::fuse_over_uring] transport payload lease held 1974 ms (≥ 1 s) — overlong handler invocation or a §5.4 severance escape; watch transport_lease_overlong / transport_parked_commits
[2026-08-28T04:21:50Z ERROR fuse3::raw::connection::fuse_over_uring] transport payload lease held 1974 ms (≥ 1 s) — overlong handler invocation or a §5.4 severance escape; watch transport_lease_overlong / transport_parked_commits
[2026-08-28T04:21:50Z ERROR fuse3::raw::connection::fuse_over_uring] transport payload lease held 1974 ms (≥ 1 s) — overlong handler invocation or a §5.4 severance escape; watch transport_lease_overlong / transport_parked_commits
[2026-08-28T04:21:50Z ERROR fuse3::raw::connection::fuse_over_uring] transport payload lease held 1978 ms (≥ 1 s) — overlong handler invocation or a §5.4 severance escape; watch transport_lease_overlong / transport_parked_commits
[2026-08-28T04:21:50Z ERROR fuse3::raw::connection::fuse_over_uring] transport payload lease held 1973 ms (≥ 1 s) — overlong handler invocation or a §5.4 severance escape; watch transport_lease_overlong / transport_parked_commits
[2026-08-28T04:21:50Z ERROR fuse3::raw::connection::fuse_over_uring] transport payload lease held 1963 ms (≥ 1 s) — overlong handler invocation or a §5.4 severance escape; watch transport_lease_overlong / transport_parked_commits
[2026-08-28T04:21:50Z ERROR fuse3::raw::connection::fuse_over_uring] transport payload lease held 1958 ms (≥ 1 s) — overlong handler invocation or a §5.4 severance escape; watch transport_lease_overlong / transport_parked_commits
[2026-08-28T04:21:50Z ERROR fuse3::raw::connection::fuse_over_uring] transport payload lease held 1948 ms (≥ 1 s) — overlong handler invocation or a §5.4 severance escape; watch transport_lease_overlong / transport_parked_commits
[2026-08-28T04:21:50Z ERROR fuse3::raw::connection::fuse_over_uring] transport payload lease held 1927 ms (≥ 1 s) — overlong handler invocation or a §5.4 severance escape; watch transport_lease_overlong / transport_parked_commits
[2026-08-28T04:21:50Z ERROR fuse3::raw::connection::fuse_over_uring] transport payload lease held 1940 ms (≥ 1 s) — overlong handler invocation or a §5.4 severance escape; watch transport_lease_overlong / transport_parked_commits
[2026-08-28T04:21:50Z ERROR fuse3::raw::connection::fuse_over_uring] transport payload lease held 1940 ms (≥ 1 s) — overlong handler invocation or a §5.4 severance escape; watch transport_lease_overlong / transport_parked_commits
[2026-08-28T04:21:50Z ERROR fuse3::raw::connection::fuse_over_uring] transport payload lease held 1935 ms (≥ 1 s) — overlong handler invocation or a §5.4 severance escape; watch transport_lease_overlong / transport_parked_commits
[2026-08-28T04:21:50Z ERROR fuse3::raw::connection::fuse_over_uring] transport payload lease held 1935 ms (≥ 1 s) — overlong handler invocation or a §5.4 severance escape; watch transport_lease_overlong / transport_parked_commits
[2026-08-28T04:21:50Z ERROR fuse3::raw::connection::fuse_over_uring] transport payload lease held 1935 ms (≥ 1 s) — overlong handler invocation or a §5.4 severance escape; watch transport_lease_overlong / transport_parked_commits
[2026-08-28T04:21:50Z ERROR fuse3::raw::connection::fuse_over_uring] transport payload lease held 1935 ms (≥ 1 s) — overlong handler invocation or a §5.4 severance escape; watch transport_lease_overlong / transport_parked_commits
[2026-08-28T04:21:50Z ERROR fuse3::raw::connection::fuse_over_uring] transport payload lease held 1909 ms (≥ 1 s) — overlong handler invocation or a §5.4 severance escape; watch transport_lease_overlong / transport_parked_commits
[2026-08-28T04:21:50Z ERROR fuse3::raw::connection::fuse_over_uring] transport payload lease held 1909 ms (≥ 1 s) — overlong handler invocation or a §5.4 severance escape; watch transport_lease_overlong / transport_parked_commits
[2026-08-28T04:21:50Z ERROR fuse3::raw::connection::fuse_over_uring] transport payload lease held 1909 ms (≥ 1 s) — overlong handler invocation or a §5.4 severance escape; watch transport_lease_overlong / transport_parked_commits
[2026-08-28T04:21:50Z ERROR fuse3::raw::connection::fuse_over_uring] transport payload lease held 1908 ms (≥ 1 s) — overlong handler invocation or a §5.4 severance escape; watch transport_lease_overlong / transport_parked_commits
[2026-08-28T04:21:50Z ERROR fuse3::raw::connection::fuse_over_uring] transport payload lease held 1853 ms (≥ 1 s) — overlong handler invocation or a §5.4 severance escape; watch transport_lease_overlong / transport_parked_commits
[2026-08-28T04:21:50Z ERROR fuse3::raw::connection::fuse_over_uring] transport payload lease held 1853 ms (≥ 1 s) — overlong handler invocation or a §5.4 severance escape; watch transport_lease_overlong / transport_parked_commits
[2026-08-28T04:21:50Z ERROR fuse3::raw::connection::fuse_over_uring] transport payload lease held 1853 ms (≥ 1 s) — overlong handler invocation or a §5.4 severance escape; watch transport_lease_overlong / transport_parked_commits
[2026-08-28T04:21:50Z ERROR fuse3::raw::connection::fuse_over_uring] transport payload lease held 1853 ms (≥ 1 s) — overlong handler invocation or a §5.4 severance escape; watch transport_lease_overlong / transport_parked_commits
[2026-08-28T04:21:50Z ERROR fuse3::raw::connection::fuse_over_uring] transport payload lease held 1713 ms (≥ 1 s) — overlong handler invocation or a §5.4 severance escape; watch transport_lease_overlong / transport_parked_commits
[2026-08-28T04:21:50Z ERROR fuse3::raw::connection::fuse_over_uring] transport payload lease held 1720 ms (≥ 1 s) — overlong handler invocation or a §5.4 severance escape; watch transport_lease_overlong / transport_parked_commits
[2026-08-28T04:21:50Z ERROR fuse3::raw::connection::fuse_over_uring] transport payload lease held 1720 ms (≥ 1 s) — overlong handler invocation or a §5.4 severance escape; watch transport_lease_overlong / transport_parked_commits
[2026-08-28T04:21:50Z ERROR fuse3::raw::connection::fuse_over_uring] transport payload lease held 1720 ms (≥ 1 s) — overlong handler invocation or a §5.4 severance escape; watch transport_lease_overlong / transport_parked_commits
[2026-08-28T04:21:50Z ERROR fuse3::raw::connection::fuse_over_uring] transport payload lease held 1563 ms (≥ 1 s) — overlong handler invocation or a §5.4 severance escape; watch transport_lease_overlong / transport_parked_commits
[2026-08-28T04:21:50Z ERROR fuse3::raw::connection::fuse_over_uring] transport payload lease held 1563 ms (≥ 1 s) — overlong handler invocation or a §5.4 severance escape; watch transport_lease_overlong / transport_parked_commits
[2026-08-28T04:21:50Z ERROR fuse3::raw::connection::fuse_over_uring] transport payload lease held 1563 ms (≥ 1 s) — overlong handler invocation or a §5.4 severance escape; watch transport_lease_overlong / transport_parked_commits
[2026-08-28T04:21:50Z ERROR fuse3::raw::connection::fuse_over_uring] transport payload lease held 1516 ms (≥ 1 s) — overlong handler invocation or a §5.4 severance escape; watch transport_lease_overlong / transport_parked_commits
[2026-08-28T04:21:50Z ERROR fuse3::raw::connection::fuse_over_uring] transport payload lease held 1516 ms (≥ 1 s) — overlong handler invocation or a §5.4 severance escape; watch transport_lease_overlong / transport_parked_commits
[2026-08-28T04:21:50Z ERROR fuse3::raw::connection::fuse_over_uring] transport payload lease held 1521 ms (≥ 1 s) — overlong handler invocation or a §5.4 severance escape; watch transport_lease_overlong / transport_parked_commits
[2026-08-28T04:21:50Z ERROR fuse3::raw::connection::fuse_over_uring] transport payload lease held 1521 ms (≥ 1 s) — overlong handler invocation or a §5.4 severance escape; watch transport_lease_overlong / transport_parked_commits
[2026-08-28T04:21:50Z ERROR fuse3::raw::connection::fuse_over_uring] transport payload lease held 1518 ms (≥ 1 s) — overlong handler invocation or a §5.4 severance escape; watch transport_lease_overlong / transport_parked_commits
[2026-08-28T04:21:50Z ERROR fuse3::raw::connection::fuse_over_uring] transport payload lease held 1576 ms (≥ 1 s) — overlong handler invocation or a §5.4 severance escape; watch transport_lease_overlong / transport_parked_commits
[2026-08-28T04:21:50Z ERROR fuse3::raw::connection::fuse_over_uring] transport payload lease held 1523 ms (≥ 1 s) — overlong handler invocation or a §5.4 severance escape; watch transport_lease_overlong / transport_parked_commits
[2026-08-28T04:21:50Z ERROR fuse3::raw::connection::fuse_over_uring] transport payload lease held 1523 ms (≥ 1 s) — overlong handler invocation or a §5.4 severance escape; watch transport_lease_overlong / transport_parked_commits
[2026-08-28T04:21:50Z ERROR fuse3::raw::connection::fuse_over_uring] transport payload lease held 1393 ms (≥ 1 s) — overlong handler invocation or a §5.4 severance escape; watch transport_lease_overlong / transport_parked_commits
[2026-08-28T04:21:50Z ERROR fuse3::raw::connection::fuse_over_uring] transport payload lease held 1347 ms (≥ 1 s) — overlong handler invocation or a §5.4 severance escape; watch transport_lease_overlong / transport_parked_commits
[2026-08-28T04:21:50Z ERROR fuse3::raw::connection::fuse_over_uring] transport payload lease held 1347 ms (≥ 1 s) — overlong handler invocation or a §5.4 severance escape; watch transport_lease_overlong / transport_parked_commits
[2026-08-28T04:21:50Z ERROR fuse3::raw::connection::fuse_over_uring] transport payload lease held 1348 ms (≥ 1 s) — overlong handler invocation or a §5.4 severance escape; watch transport_lease_overlong / transport_parked_commits
[2026-08-28T04:21:50Z ERROR fuse3::raw::connection::fuse_over_uring] transport payload lease held 1222 ms (≥ 1 s) — overlong handler invocation or a §5.4 severance escape; watch transport_lease_overlong / transport_parked_commits
[2026-08-28T04:21:50Z ERROR fuse3::raw::connection::fuse_over_uring] transport payload lease held 1181 ms (≥ 1 s) — overlong handler invocation or a §5.4 severance escape; watch transport_lease_overlong / transport_parked_commits
[2026-08-28T04:21:50Z ERROR fuse3::raw::connection::fuse_over_uring] transport payload lease held 1202 ms (≥ 1 s) — overlong handler invocation or a §5.4 severance escape; watch transport_lease_overlong / transport_parked_commits
[2026-08-28T04:21:50Z ERROR fuse3::raw::connection::fuse_over_uring] transport payload lease held 1162 ms (≥ 1 s) — overlong handler invocation or a §5.4 severance escape; watch transport_lease_overlong / transport_parked_commits
[2026-08-28T04:21:50Z ERROR fuse3::raw::connection::fuse_over_uring] transport payload lease held 1044 ms (≥ 1 s) — overlong handler invocation or a §5.4 severance escape; watch transport_lease_overlong / transport_parked_commits
[2026-08-28T04:21:50Z ERROR fuse3::raw::connection::fuse_over_uring] transport payload lease held 1037 ms (≥ 1 s) — overlong handler invocation or a §5.4 severance escape; watch transport_lease_overlong / transport_parked_commits
[2026-08-28T04:21:50Z ERROR fuse3::raw::connection::fuse_over_uring] transport payload lease held 1037 ms (≥ 1 s) — overlong handler invocation or a §5.4 severance escape; watch transport_lease_overlong / transport_parked_commits
[2026-08-28T04:21:50Z ERROR fuse3::raw::connection::fuse_over_uring] transport payload lease held 1037 ms (≥ 1 s) — overlong handler invocation or a §5.4 severance escape; watch transport_lease_overlong / transport_parked_commits
[2026-08-28T04:21:50Z ERROR fuse3::raw::connection::fuse_over_uring] transport payload lease held 1663 ms (≥ 1 s) — overlong handler invocation or a §5.4 severance escape; watch transport_lease_overlong / transport_parked_commits
[2026-08-28T04:21:50Z ERROR fuse3::raw::connection::fuse_over_uring] transport payload lease held 1663 ms (≥ 1 s) — overlong handler invocation or a §5.4 severance escape; watch transport_lease_overlong / transport_parked_commits
[2026-08-28T04:21:50Z ERROR fuse3::raw::connection::fuse_over_uring] transport payload lease held 1663 ms (≥ 1 s) — overlong handler invocation or a §5.4 severance escape; watch transport_lease_overlong / transport_parked_commits
[2026-08-28T04:21:50Z ERROR fuse3::raw::connection::fuse_over_uring] transport payload lease held 1164 ms (≥ 1 s) — overlong handler invocation or a §5.4 severance escape; watch transport_lease_overlong / transport_parked_commits
[2026-08-28T04:21:50Z ERROR fuse3::raw::connection::fuse_over_uring] transport payload lease held 1165 ms (≥ 1 s) — overlong handler invocation or a §5.4 severance escape; watch transport_lease_overlong / transport_parked_commits
[2026-08-28T04:21:50Z ERROR fuse3::raw::connection::fuse_over_uring] transport payload lease held 1166 ms (≥ 1 s) — overlong handler invocation or a §5.4 severance escape; watch transport_lease_overlong / transport_parked_commits
[2026-08-28T04:21:50Z ERROR fuse3::raw::connection::fuse_over_uring] transport payload lease held 1166 ms (≥ 1 s) — overlong handler invocation or a §5.4 severance escape; watch transport_lease_overlong / transport_parked_commits
[2026-08-28T04:21:50Z ERROR fuse3::raw::connection::fuse_over_uring] transport payload lease held 1846 ms (≥ 1 s) — overlong handler invocation or a §5.4 severance escape; watch transport_lease_overlong / transport_parked_commits
[2026-08-28T04:21:50Z ERROR fuse3::raw::connection::fuse_over_uring] transport payload lease held 1846 ms (≥ 1 s) — overlong handler invocation or a §5.4 severance escape; watch transport_lease_overlong / transport_parked_commits
[2026-08-28T04:21:50Z ERROR fuse3::raw::connection::fuse_over_uring] transport payload lease held 1846 ms (≥ 1 s) — overlong handler invocation or a §5.4 severance escape; watch transport_lease_overlong / transport_parked_commits
[2026-08-28T04:21:50Z ERROR fuse3::raw::connection::fuse_over_uring] transport payload lease held 1910 ms (≥ 1 s) — overlong handler invocation or a §5.4 severance escape; watch transport_lease_overlong / transport_parked_commits
[2026-08-28T04:21:50Z ERROR fuse3::raw::connection::fuse_over_uring] transport payload lease held 1910 ms (≥ 1 s) — overlong handler invocation or a §5.4 severance escape; watch transport_lease_overlong / transport_parked_commits
[2026-08-28T04:21:50Z ERROR fuse3::raw::connection::fuse_over_uring] transport payload lease held 1910 ms (≥ 1 s) — overlong handler invocation or a §5.4 severance escape; watch transport_lease_overlong / transport_parked_commits
[2026-08-28T04:21:50Z ERROR fuse3::raw::connection::fuse_over_uring] transport payload lease held 1387 ms (≥ 1 s) — overlong handler invocation or a §5.4 severance escape; watch transport_lease_overlong / transport_parked_commits
[2026-08-28T04:21:50Z ERROR fuse3::raw::connection::fuse_over_uring] transport payload lease held 1388 ms (≥ 1 s) — overlong handler invocation or a §5.4 severance escape; watch transport_lease_overlong / transport_parked_commits
[2026-08-28T04:21:50Z ERROR fuse3::raw::connection::fuse_over_uring] transport payload lease held 1958 ms (≥ 1 s) — overlong handler invocation or a §5.4 severance escape; watch transport_lease_overlong / transport_parked_commits
[2026-08-28T04:21:50Z ERROR fuse3::raw::connection::fuse_over_uring] transport payload lease held 1958 ms (≥ 1 s) — overlong handler invocation or a §5.4 severance escape; watch transport_lease_overlong / transport_parked_commits
[2026-08-28T04:21:50Z ERROR fuse3::raw::connection::fuse_over_uring] transport payload lease held 1937 ms (≥ 1 s) — overlong handler invocation or a §5.4 severance escape; watch transport_lease_overlong / transport_parked_commits
[2026-08-28T04:21:50Z ERROR fuse3::raw::connection::fuse_over_uring] transport payload lease held 1901 ms (≥ 1 s) — overlong handler invocation or a §5.4 severance escape; watch transport_lease_overlong / transport_parked_commits
[2026-08-28T04:21:54Z ERROR fuse3::raw::connection::fuse_over_uring] transport payload lease held 1001 ms (≥ 1 s) — overlong handler invocation or a §5.4 severance escape; watch transport_lease_overlong / transport_parked_commits
[2026-08-28T04:21:56Z ERROR fuse3::raw::connection::fuse_over_uring] transport payload lease held 1307 ms (≥ 1 s) — overlong handler invocation or a §5.4 severance escape; watch transport_lease_overlong / transport_parked_commits
[2026-08-28T04:21:56Z ERROR fuse3::raw::connection::fuse_over_uring] transport payload lease held 1305 ms (≥ 1 s) — overlong handler invocation or a §5.4 severance escape; watch transport_lease_overlong / transport_parked_commits
[2026-08-28T04:21:56Z ERROR fuse3::raw::connection::fuse_over_uring] transport payload lease held 1305 ms (≥ 1 s) — overlong handler invocation or a §5.4 severance escape; watch transport_lease_overlong / transport_parked_commits
[2026-08-28T04:21:56Z ERROR fuse3::raw::connection::fuse_over_uring] transport payload lease held 1305 ms (≥ 1 s) — overlong handler invocation or a §5.4 severance escape; watch transport_lease_overlong / transport_parked_commits
[2026-08-28T04:21:56Z ERROR fuse3::raw::connection::fuse_over_uring] transport payload lease held 1354 ms (≥ 1 s) — overlong handler invocation or a §5.4 severance escape; watch transport_lease_overlong / transport_parked_commits
[2026-08-28T04:21:56Z ERROR fuse3::raw::connection::fuse_over_uring] transport payload lease held 1394 ms (≥ 1 s) — overlong handler invocation or a §5.4 severance escape; watch transport_lease_overlong / transport_parked_commits
[2026-08-28T04:21:56Z ERROR fuse3::raw::connection::fuse_over_uring] transport payload lease held 1394 ms (≥ 1 s) — overlong handler invocation or a §5.4 severance escape; watch transport_lease_overlong / transport_parked_commits
[2026-08-28T04:21:56Z ERROR fuse3::raw::connection::fuse_over_uring] transport payload lease held 1394 ms (≥ 1 s) — overlong handler invocation or a §5.4 severance escape; watch transport_lease_overlong / transport_parked_commits
[2026-08-28T04:21:56Z ERROR fuse3::raw::connection::fuse_over_uring] transport payload lease held 1382 ms (≥ 1 s) — overlong handler invocation or a §5.4 severance escape; watch transport_lease_overlong / transport_parked_commits
[2026-08-28T04:21:56Z ERROR fuse3::raw::connection::fuse_over_uring] transport payload lease held 1386 ms (≥ 1 s) — overlong handler invocation or a §5.4 severance escape; watch transport_lease_overlong / transport_parked_commits
[2026-08-28T04:21:56Z ERROR fuse3::raw::connection::fuse_over_uring] transport payload lease held 1392 ms (≥ 1 s) — overlong handler invocation or a §5.4 severance escape; watch transport_lease_overlong / transport_parked_commits
[2026-08-28T04:21:56Z ERROR fuse3::raw::connection::fuse_over_uring] transport payload lease held 1412 ms (≥ 1 s) — overlong handler invocation or a §5.4 severance escape; watch transport_lease_overlong / transport_parked_commits
[2026-08-28T04:21:56Z ERROR fuse3::raw::connection::fuse_over_uring] transport payload lease held 1412 ms (≥ 1 s) — overlong handler invocation or a §5.4 severance escape; watch transport_lease_overlong / transport_parked_commits
[2026-08-28T04:21:56Z ERROR fuse3::raw::connection::fuse_over_uring] transport payload lease held 1450 ms (≥ 1 s) — overlong handler invocation or a §5.4 severance escape; watch transport_lease_overlong / transport_parked_commits
[2026-08-28T04:21:56Z ERROR fuse3::raw::connection::fuse_over_uring] transport payload lease held 1452 ms (≥ 1 s) — overlong handler invocation or a §5.4 severance escape; watch transport_lease_overlong / transport_parked_commits
[2026-08-28T04:21:56Z ERROR fuse3::raw::connection::fuse_over_uring] transport payload lease held 1468 ms (≥ 1 s) — overlong handler invocation or a §5.4 severance escape; watch transport_lease_overlong / transport_parked_commits
[2026-08-28T04:21:56Z ERROR fuse3::raw::connection::fuse_over_uring] transport payload lease held 1470 ms (≥ 1 s) — overlong handler invocation or a §5.4 severance escape; watch transport_lease_overlong / transport_parked_commits
[2026-08-28T04:21:56Z ERROR fuse3::raw::connection::fuse_over_uring] transport payload lease held 1470 ms (≥ 1 s) — overlong handler invocation or a §5.4 severance escape; watch transport_lease_overlong / transport_parked_commits
[2026-08-28T04:21:56Z ERROR fuse3::raw::connection::fuse_over_uring] transport payload lease held 1468 ms (≥ 1 s) — overlong handler invocation or a §5.4 severance escape; watch transport_lease_overlong / transport_parked_commits
[2026-08-28T04:21:56Z ERROR fuse3::raw::connection::fuse_over_uring] transport payload lease held 1468 ms (≥ 1 s) — overlong handler invocation or a §5.4 severance escape; watch transport_lease_overlong / transport_parked_commits
[2026-08-28T04:21:56Z ERROR fuse3::raw::connection::fuse_over_uring] transport payload lease held 1472 ms (≥ 1 s) — overlong handler invocation or a §5.4 severance escape; watch transport_lease_overlong / transport_parked_commits
[2026-08-28T04:21:56Z ERROR fuse3::raw::connection::fuse_over_uring] transport payload lease held 1472 ms (≥ 1 s) — overlong handler invocation or a §5.4 severance escape; watch transport_lease_overlong / transport_parked_commits
[2026-08-28T04:21:56Z ERROR fuse3::raw::connection::fuse_over_uring] transport payload lease held 1472 ms (≥ 1 s) — overlong handler invocation or a §5.4 severance escape; watch transport_lease_overlong / transport_parked_commits
[2026-08-28T04:21:56Z ERROR fuse3::raw::connection::fuse_over_uring] transport payload lease held 1472 ms (≥ 1 s) — overlong handler invocation or a §5.4 severance escape; watch transport_lease_overlong / transport_parked_commits
[2026-08-28T04:21:56Z ERROR fuse3::raw::connection::fuse_over_uring] transport payload lease held 1396 ms (≥ 1 s) — overlong handler invocation or a §5.4 severance escape; watch transport_lease_overlong / transport_parked_commits
[2026-08-28T04:21:56Z ERROR fuse3::raw::connection::fuse_over_uring] transport payload lease held 1588 ms (≥ 1 s) — overlong handler invocation or a §5.4 severance escape; watch transport_lease_overlong / transport_parked_commits
[2026-08-28T04:21:56Z ERROR fuse3::raw::connection::fuse_over_uring] transport payload lease held 1587 ms (≥ 1 s) — overlong handler invocation or a §5.4 severance escape; watch transport_lease_overlong / transport_parked_commits
[2026-08-28T04:21:56Z ERROR fuse3::raw::connection::fuse_over_uring] transport payload lease held 1583 ms (≥ 1 s) — overlong handler invocation or a §5.4 severance escape; watch transport_lease_overlong / transport_parked_commits
[2026-08-28T04:21:56Z ERROR fuse3::raw::connection::fuse_over_uring] transport payload lease held 1581 ms (≥ 1 s) — overlong handler invocation or a §5.4 severance escape; watch transport_lease_overlong / transport_parked_commits
[2026-08-28T04:21:56Z ERROR fuse3::raw::connection::fuse_over_uring] transport payload lease held 1401 ms (≥ 1 s) — overlong handler invocation or a §5.4 severance escape; watch transport_lease_overlong / transport_parked_commits
[2026-08-28T04:21:56Z ERROR fuse3::raw::connection::fuse_over_uring] transport payload lease held 1424 ms (≥ 1 s) — overlong handler invocation or a §5.4 severance escape; watch transport_lease_overlong / transport_parked_commits
[2026-08-28T04:21:56Z ERROR fuse3::raw::connection::fuse_over_uring] transport payload lease held 1480 ms (≥ 1 s) — overlong handler invocation or a §5.4 severance escape; watch transport_lease_overlong / transport_parked_commits
[2026-08-28T04:21:56Z ERROR fuse3::raw::connection::fuse_over_uring] transport payload lease held 1479 ms (≥ 1 s) — overlong handler invocation or a §5.4 severance escape; watch transport_lease_overlong / transport_parked_commits
[2026-08-28T04:21:56Z ERROR fuse3::raw::connection::fuse_over_uring] transport payload lease held 1479 ms (≥ 1 s) — overlong handler invocation or a §5.4 severance escape; watch transport_lease_overlong / transport_parked_commits
[2026-08-28T04:21:56Z ERROR fuse3::raw::connection::fuse_over_uring] transport payload lease held 1468 ms (≥ 1 s) — overlong handler invocation or a §5.4 severance escape; watch transport_lease_overlong / transport_parked_commits
[2026-08-28T04:21:56Z ERROR fuse3::raw::connection::fuse_over_uring] transport payload lease held 1624 ms (≥ 1 s) — overlong handler invocation or a §5.4 severance escape; watch transport_lease_overlong / transport_parked_commits
[2026-08-28T04:21:56Z ERROR fuse3::raw::connection::fuse_over_uring] transport payload lease held 1409 ms (≥ 1 s) — overlong handler invocation or a §5.4 severance escape; watch transport_lease_overlong / transport_parked_commits
[2026-08-28T04:21:56Z ERROR fuse3::raw::connection::fuse_over_uring] transport payload lease held 1624 ms (≥ 1 s) — overlong handler invocation or a §5.4 severance escape; watch transport_lease_overlong / transport_parked_commits
[2026-08-28T04:21:56Z ERROR fuse3::raw::connection::fuse_over_uring] transport payload lease held 1611 ms (≥ 1 s) — overlong handler invocation or a §5.4 severance escape; watch transport_lease_overlong / transport_parked_commits
[2026-08-28T04:21:56Z ERROR fuse3::raw::connection::fuse_over_uring] transport payload lease held 1610 ms (≥ 1 s) — overlong handler invocation or a §5.4 severance escape; watch transport_lease_overlong / transport_parked_commits
[2026-08-28T04:21:56Z ERROR fuse3::raw::connection::fuse_over_uring] transport payload lease held 1400 ms (≥ 1 s) — overlong handler invocation or a §5.4 severance escape; watch transport_lease_overlong / transport_parked_commits
[2026-08-28T04:21:56Z ERROR fuse3::raw::connection::fuse_over_uring] transport payload lease held 1399 ms (≥ 1 s) — overlong handler invocation or a §5.4 severance escape; watch transport_lease_overlong / transport_parked_commits
[2026-08-28T04:21:56Z ERROR fuse3::raw::connection::fuse_over_uring] transport payload lease held 1392 ms (≥ 1 s) — overlong handler invocation or a §5.4 severance escape; watch transport_lease_overlong / transport_parked_commits
[2026-08-28T04:21:56Z ERROR fuse3::raw::connection::fuse_over_uring] transport payload lease held 1392 ms (≥ 1 s) — overlong handler invocation or a §5.4 severance escape; watch transport_lease_overlong / transport_parked_commits
[2026-08-28T04:21:56Z ERROR fuse3::raw::connection::fuse_over_uring] transport payload lease held 1342 ms (≥ 1 s) — overlong handler invocation or a §5.4 severance escape; watch transport_lease_overlong / transport_parked_commits
[2026-08-28T04:21:56Z ERROR fuse3::raw::connection::fuse_over_uring] transport payload lease held 1336 ms (≥ 1 s) — overlong handler invocation or a §5.4 severance escape; watch transport_lease_overlong / transport_parked_commits
[2026-08-28T04:21:56Z ERROR fuse3::raw::connection::fuse_over_uring] transport payload lease held 1578 ms (≥ 1 s) — overlong handler invocation or a §5.4 severance escape; watch transport_lease_overlong / transport_parked_commits
[2026-08-28T04:21:56Z ERROR fuse3::raw::connection::fuse_over_uring] transport payload lease held 1578 ms (≥ 1 s) — overlong handler invocation or a §5.4 severance escape; watch transport_lease_overlong / transport_parked_commits
[2026-08-28T04:21:56Z ERROR fuse3::raw::connection::fuse_over_uring] transport payload lease held 1578 ms (≥ 1 s) — overlong handler invocation or a §5.4 severance escape; watch transport_lease_overlong / transport_parked_commits
[2026-08-28T04:21:56Z ERROR fuse3::raw::connection::fuse_over_uring] transport payload lease held 1702 ms (≥ 1 s) — overlong handler invocation or a §5.4 severance escape; watch transport_lease_overlong / transport_parked_commits
[2026-08-28T04:21:56Z ERROR fuse3::raw::connection::fuse_over_uring] transport payload lease held 1322 ms (≥ 1 s) — overlong handler invocation or a §5.4 severance escape; watch transport_lease_overlong / transport_parked_commits
[2026-08-28T04:21:56Z ERROR fuse3::raw::connection::fuse_over_uring] transport payload lease held 1703 ms (≥ 1 s) — overlong handler invocation or a §5.4 severance escape; watch transport_lease_overlong / transport_parked_commits
[2026-08-28T04:21:56Z ERROR fuse3::raw::connection::fuse_over_uring] transport payload lease held 1322 ms (≥ 1 s) — overlong handler invocation or a §5.4 severance escape; watch transport_lease_overlong / transport_parked_commits
[2026-08-28T04:21:56Z ERROR fuse3::raw::connection::fuse_over_uring] transport payload lease held 1703 ms (≥ 1 s) — overlong handler invocation or a §5.4 severance escape; watch transport_lease_overlong / transport_parked_commits
[2026-08-28T04:21:56Z ERROR fuse3::raw::connection::fuse_over_uring] transport payload lease held 1639 ms (≥ 1 s) — overlong handler invocation or a §5.4 severance escape; watch transport_lease_overlong / transport_parked_commits
[2026-08-28T04:21:56Z ERROR fuse3::raw::connection::fuse_over_uring] transport payload lease held 1638 ms (≥ 1 s) — overlong handler invocation or a §5.4 severance escape; watch transport_lease_overlong / transport_parked_commits
[2026-08-28T04:21:56Z ERROR fuse3::raw::connection::fuse_over_uring] transport payload lease held 1638 ms (≥ 1 s) — overlong handler invocation or a §5.4 severance escape; watch transport_lease_overlong / transport_parked_commits
[2026-08-28T04:21:56Z ERROR fuse3::raw::connection::fuse_over_uring] transport payload lease held 1641 ms (≥ 1 s) — overlong handler invocation or a §5.4 severance escape; watch transport_lease_overlong / transport_parked_commits
[2026-08-28T04:21:56Z ERROR fuse3::raw::connection::fuse_over_uring] transport payload lease held 1641 ms (≥ 1 s) — overlong handler invocation or a §5.4 severance escape; watch transport_lease_overlong / transport_parked_commits
[2026-08-28T04:21:56Z ERROR fuse3::raw::connection::fuse_over_uring] transport payload lease held 1640 ms (≥ 1 s) — overlong handler invocation or a §5.4 severance escape; watch transport_lease_overlong / transport_parked_commits
[2026-08-28T04:21:56Z ERROR fuse3::raw::connection::fuse_over_uring] transport payload lease held 1768 ms (≥ 1 s) — overlong handler invocation or a §5.4 severance escape; watch transport_lease_overlong / transport_parked_commits
[2026-08-28T04:21:56Z ERROR fuse3::raw::connection::fuse_over_uring] transport payload lease held 1767 ms (≥ 1 s) — overlong handler invocation or a §5.4 severance escape; watch transport_lease_overlong / transport_parked_commits
[2026-08-28T04:21:56Z ERROR fuse3::raw::connection::fuse_over_uring] transport payload lease held 1767 ms (≥ 1 s) — overlong handler invocation or a §5.4 severance escape; watch transport_lease_overlong / transport_parked_commits
[2026-08-28T04:21:56Z ERROR fuse3::raw::connection::fuse_over_uring] transport payload lease held 1767 ms (≥ 1 s) — overlong handler invocation or a §5.4 severance escape; watch transport_lease_overlong / transport_parked_commits
[2026-08-28T04:21:56Z ERROR fuse3::raw::connection::fuse_over_uring] transport payload lease held 1667 ms (≥ 1 s) — overlong handler invocation or a §5.4 severance escape; watch transport_lease_overlong / transport_parked_commits
[2026-08-28T04:21:56Z ERROR fuse3::raw::connection::fuse_over_uring] transport payload lease held 1667 ms (≥ 1 s) — overlong handler invocation or a §5.4 severance escape; watch transport_lease_overlong / transport_parked_commits
[2026-08-28T04:21:56Z ERROR fuse3::raw::connection::fuse_over_uring] transport payload lease held 1668 ms (≥ 1 s) — overlong handler invocation or a §5.4 severance escape; watch transport_lease_overlong / transport_parked_commits
[2026-08-28T04:21:56Z ERROR fuse3::raw::connection::fuse_over_uring] transport payload lease held 1668 ms (≥ 1 s) — overlong handler invocation or a §5.4 severance escape; watch transport_lease_overlong / transport_parked_commits
[2026-08-28T04:21:56Z ERROR fuse3::raw::connection::fuse_over_uring] transport payload lease held 1668 ms (≥ 1 s) — overlong handler invocation or a §5.4 severance escape; watch transport_lease_overlong / transport_parked_commits
[2026-08-28T04:21:56Z ERROR fuse3::raw::connection::fuse_over_uring] transport payload lease held 1668 ms (≥ 1 s) — overlong handler invocation or a §5.4 severance escape; watch transport_lease_overlong / transport_parked_commits
[2026-08-28T04:21:56Z ERROR fuse3::raw::connection::fuse_over_uring] transport payload lease held 1668 ms (≥ 1 s) — overlong handler invocation or a §5.4 severance escape; watch transport_lease_overlong / transport_parked_commits
[2026-08-28T04:21:56Z ERROR fuse3::raw::connection::fuse_over_uring] transport payload lease held 1670 ms (≥ 1 s) — overlong handler invocation or a §5.4 severance escape; watch transport_lease_overlong / transport_parked_commits
[2026-08-28T04:21:56Z ERROR fuse3::raw::connection::fuse_over_uring] transport payload lease held 1670 ms (≥ 1 s) — overlong handler invocation or a §5.4 severance escape; watch transport_lease_overlong / transport_parked_commits
[2026-08-28T04:21:56Z ERROR fuse3::raw::connection::fuse_over_uring] transport payload lease held 1670 ms (≥ 1 s) — overlong handler invocation or a §5.4 severance escape; watch transport_lease_overlong / transport_parked_commits
[2026-08-28T04:21:56Z ERROR fuse3::raw::connection::fuse_over_uring] transport payload lease held 1670 ms (≥ 1 s) — overlong handler invocation or a §5.4 severance escape; watch transport_lease_overlong / transport_parked_commits
[2026-08-28T04:21:56Z ERROR fuse3::raw::connection::fuse_over_uring] transport payload lease held 1678 ms (≥ 1 s) — overlong handler invocation or a §5.4 severance escape; watch transport_lease_overlong / transport_parked_commits
[2026-08-28T04:21:56Z ERROR fuse3::raw::connection::fuse_over_uring] transport payload lease held 1676 ms (≥ 1 s) — overlong handler invocation or a §5.4 severance escape; watch transport_lease_overlong / transport_parked_commits
[2026-08-28T04:21:56Z ERROR fuse3::raw::connection::fuse_over_uring] transport payload lease held 1676 ms (≥ 1 s) — overlong handler invocation or a §5.4 severance escape; watch transport_lease_overlong / transport_parked_commits
[2026-08-28T04:21:57Z ERROR fuse3::raw::connection::fuse_over_uring] transport payload lease held 1305 ms (≥ 1 s) — overlong handler invocation or a §5.4 severance escape; watch transport_lease_overlong / transport_parked_commits
[2026-08-28T04:21:57Z ERROR fuse3::raw::connection::fuse_over_uring] transport payload lease held 1305 ms (≥ 1 s) — overlong handler invocation or a §5.4 severance escape; watch transport_lease_overlong / transport_parked_commits
[2026-08-28T04:21:57Z ERROR fuse3::raw::connection::fuse_over_uring] transport payload lease held 1305 ms (≥ 1 s) — overlong handler invocation or a §5.4 severance escape; watch transport_lease_overlong / transport_parked_commits
[2026-08-28T04:21:57Z ERROR fuse3::raw::connection::fuse_over_uring] transport payload lease held 1304 ms (≥ 1 s) — overlong handler invocation or a §5.4 severance escape; watch transport_lease_overlong / transport_parked_commits
[2026-08-28T04:21:57Z ERROR fuse3::raw::connection::fuse_over_uring] transport payload lease held 2551 ms (≥ 1 s) — overlong handler invocation or a §5.4 severance escape; watch transport_lease_overlong / transport_parked_commits
[2026-08-28T04:21:57Z ERROR fuse3::raw::connection::fuse_over_uring] transport payload lease held 2551 ms (≥ 1 s) — overlong handler invocation or a §5.4 severance escape; watch transport_lease_overlong / transport_parked_commits
[2026-08-28T04:21:57Z ERROR fuse3::raw::connection::fuse_over_uring] transport payload lease held 2551 ms (≥ 1 s) — overlong handler invocation or a §5.4 severance escape; watch transport_lease_overlong / transport_parked_commits
[2026-08-28T04:21:57Z ERROR fuse3::raw::connection::fuse_over_uring] transport payload lease held 2520 ms (≥ 1 s) — overlong handler invocation or a §5.4 severance escape; watch transport_lease_overlong / transport_parked_commits
[2026-08-28T04:21:57Z ERROR fuse3::raw::connection::fuse_over_uring] transport payload lease held 1828 ms (≥ 1 s) — overlong handler invocation or a §5.4 severance escape; watch transport_lease_overlong / transport_parked_commits
[2026-08-28T04:21:57Z ERROR fuse3::raw::connection::fuse_over_uring] transport payload lease held 1824 ms (≥ 1 s) — overlong handler invocation or a §5.4 severance escape; watch transport_lease_overlong / transport_parked_commits
[2026-08-28T04:21:57Z ERROR fuse3::raw::connection::fuse_over_uring] transport payload lease held 1814 ms (≥ 1 s) — overlong handler invocation or a §5.4 severance escape; watch transport_lease_overlong / transport_parked_commits
[2026-08-28T04:21:57Z ERROR fuse3::raw::connection::fuse_over_uring] transport payload lease held 1795 ms (≥ 1 s) — overlong handler invocation or a §5.4 severance escape; watch transport_lease_overlong / transport_parked_commits
[2026-08-28T04:21:58Z ERROR fuse3::raw::connection::fuse_over_uring] transport payload lease held 1031 ms (≥ 1 s) — overlong handler invocation or a §5.4 severance escape; watch transport_lease_overlong / transport_parked_commits
[2026-08-28T04:21:58Z ERROR fuse3::raw::connection::fuse_over_uring] transport payload lease held 1028 ms (≥ 1 s) — overlong handler invocation or a §5.4 severance escape; watch transport_lease_overlong / transport_parked_commits
[2026-08-28T04:21:58Z ERROR fuse3::raw::connection::fuse_over_uring] transport payload lease held 1031 ms (≥ 1 s) — overlong handler invocation or a §5.4 severance escape; watch transport_lease_overlong / transport_parked_commits
[2026-08-28T04:21:58Z ERROR fuse3::raw::connection::fuse_over_uring] transport payload lease held 1047 ms (≥ 1 s) — overlong handler invocation or a §5.4 severance escape; watch transport_lease_overlong / transport_parked_commits
[2026-08-28T04:21:58Z ERROR fuse3::raw::connection::fuse_over_uring] transport payload lease held 1272 ms (≥ 1 s) — overlong handler invocation or a §5.4 severance escape; watch transport_lease_overlong / transport_parked_commits
[2026-08-28T04:21:58Z ERROR fuse3::raw::connection::fuse_over_uring] transport payload lease held 1264 ms (≥ 1 s) — overlong handler invocation or a §5.4 severance escape; watch transport_lease_overlong / transport_parked_commits
[2026-08-28T04:21:58Z ERROR fuse3::raw::connection::fuse_over_uring] transport payload lease held 1263 ms (≥ 1 s) — overlong handler invocation or a §5.4 severance escape; watch transport_lease_overlong / transport_parked_commits
[2026-08-28T04:21:58Z ERROR fuse3::raw::connection::fuse_over_uring] transport payload lease held 1254 ms (≥ 1 s) — overlong handler invocation or a §5.4 severance escape; watch transport_lease_overlong / transport_parked_commits
[2026-08-28T04:21:58Z ERROR fuse3::raw::connection::fuse_over_uring] transport payload lease held 1327 ms (≥ 1 s) — overlong handler invocation or a §5.4 severance escape; watch transport_lease_overlong / transport_parked_commits
[2026-08-28T04:21:58Z ERROR fuse3::raw::connection::fuse_over_uring] transport payload lease held 1327 ms (≥ 1 s) — overlong handler invocation or a §5.4 severance escape; watch transport_lease_overlong / transport_parked_commits
[2026-08-28T04:21:58Z ERROR fuse3::raw::connection::fuse_over_uring] transport payload lease held 1327 ms (≥ 1 s) — overlong handler invocation or a §5.4 severance escape; watch transport_lease_overlong / transport_parked_commits
[2026-08-28T04:21:58Z ERROR fuse3::raw::connection::fuse_over_uring] transport payload lease held 1327 ms (≥ 1 s) — overlong handler invocation or a §5.4 severance escape; watch transport_lease_overlong / transport_parked_commits
[2026-08-28T04:21:59Z ERROR fuse3::raw::connection::fuse_over_uring] transport payload lease held 1792 ms (≥ 1 s) — overlong handler invocation or a §5.4 severance escape; watch transport_lease_overlong / transport_parked_commits
[2026-08-28T04:21:59Z ERROR fuse3::raw::connection::fuse_over_uring] transport payload lease held 1785 ms (≥ 1 s) — overlong handler invocation or a §5.4 severance escape; watch transport_lease_overlong / transport_parked_commits
[2026-08-28T04:21:59Z ERROR fuse3::raw::connection::fuse_over_uring] transport payload lease held 1768 ms (≥ 1 s) — overlong handler invocation or a §5.4 severance escape; watch transport_lease_overlong / transport_parked_commits
[2026-08-28T04:21:59Z ERROR fuse3::raw::connection::fuse_over_uring] transport payload lease held 1775 ms (≥ 1 s) — overlong handler invocation or a §5.4 severance escape; watch transport_lease_overlong / transport_parked_commits
[2026-08-28T04:21:59Z ERROR fuse3::raw::connection::fuse_over_uring] transport payload lease held 1707 ms (≥ 1 s) — overlong handler invocation or a §5.4 severance escape; watch transport_lease_overlong / transport_parked_commits
[2026-08-28T04:21:59Z ERROR fuse3::raw::connection::fuse_over_uring] transport payload lease held 1707 ms (≥ 1 s) — overlong handler invocation or a §5.4 severance escape; watch transport_lease_overlong / transport_parked_commits
[2026-08-28T04:21:59Z ERROR fuse3::raw::connection::fuse_over_uring] transport payload lease held 1707 ms (≥ 1 s) — overlong handler invocation or a §5.4 severance escape; watch transport_lease_overlong / transport_parked_commits
[2026-08-28T04:21:59Z ERROR fuse3::raw::connection::fuse_over_uring] transport payload lease held 1704 ms (≥ 1 s) — overlong handler invocation or a §5.4 severance escape; watch transport_lease_overlong / transport_parked_commits
[2026-08-28T04:21:59Z ERROR fuse3::raw::connection::fuse_over_uring] transport payload lease held 1711 ms (≥ 1 s) — overlong handler invocation or a §5.4 severance escape; watch transport_lease_overlong / transport_parked_commits
[2026-08-28T04:21:59Z ERROR fuse3::raw::connection::fuse_over_uring] transport payload lease held 1680 ms (≥ 1 s) — overlong handler invocation or a §5.4 severance escape; watch transport_lease_overlong / transport_parked_commits
[2026-08-28T04:21:59Z ERROR fuse3::raw::connection::fuse_over_uring] transport payload lease held 1699 ms (≥ 1 s) — overlong handler invocation or a §5.4 severance escape; watch transport_lease_overlong / transport_parked_commits
[2026-08-28T04:21:59Z ERROR fuse3::raw::connection::fuse_over_uring] transport payload lease held 1699 ms (≥ 1 s) — overlong handler invocation or a §5.4 severance escape; watch transport_lease_overlong / transport_parked_commits
[2026-08-28T04:21:59Z ERROR fuse3::raw::connection::fuse_over_uring] transport payload lease held 1630 ms (≥ 1 s) — overlong handler invocation or a §5.4 severance escape; watch transport_lease_overlong / transport_parked_commits
[2026-08-28T04:21:59Z ERROR fuse3::raw::connection::fuse_over_uring] transport payload lease held 1651 ms (≥ 1 s) — overlong handler invocation or a §5.4 severance escape; watch transport_lease_overlong / transport_parked_commits
[2026-08-28T04:21:59Z ERROR fuse3::raw::connection::fuse_over_uring] transport payload lease held 1651 ms (≥ 1 s) — overlong handler invocation or a §5.4 severance escape; watch transport_lease_overlong / transport_parked_commits
[2026-08-28T04:21:59Z ERROR fuse3::raw::connection::fuse_over_uring] transport payload lease held 1651 ms (≥ 1 s) — overlong handler invocation or a §5.4 severance escape; watch transport_lease_overlong / transport_parked_commits
[2026-08-28T04:21:59Z ERROR fuse3::raw::connection::fuse_over_uring] transport payload lease held 1623 ms (≥ 1 s) — overlong handler invocation or a §5.4 severance escape; watch transport_lease_overlong / transport_parked_commits
[2026-08-28T04:21:59Z ERROR fuse3::raw::connection::fuse_over_uring] transport payload lease held 1616 ms (≥ 1 s) — overlong handler invocation or a §5.4 severance escape; watch transport_lease_overlong / transport_parked_commits
[2026-08-28T04:21:59Z ERROR fuse3::raw::connection::fuse_over_uring] transport payload lease held 1615 ms (≥ 1 s) — overlong handler invocation or a §5.4 severance escape; watch transport_lease_overlong / transport_parked_commits
[2026-08-28T04:21:59Z ERROR fuse3::raw::connection::fuse_over_uring] transport payload lease held 1615 ms (≥ 1 s) — overlong handler invocation or a §5.4 severance escape; watch transport_lease_overlong / transport_parked_commits
[2026-08-28T04:21:59Z ERROR fuse3::raw::connection::fuse_over_uring] transport payload lease held 1581 ms (≥ 1 s) — overlong handler invocation or a §5.4 severance escape; watch transport_lease_overlong / transport_parked_commits
[2026-08-28T04:21:59Z ERROR fuse3::raw::connection::fuse_over_uring] transport payload lease held 1574 ms (≥ 1 s) — overlong handler invocation or a §5.4 severance escape; watch transport_lease_overlong / transport_parked_commits
[2026-08-28T04:21:59Z ERROR fuse3::raw::connection::fuse_over_uring] transport payload lease held 1575 ms (≥ 1 s) — overlong handler invocation or a §5.4 severance escape; watch transport_lease_overlong / transport_parked_commits
[2026-08-28T04:21:59Z ERROR fuse3::raw::connection::fuse_over_uring] transport payload lease held 1574 ms (≥ 1 s) — overlong handler invocation or a §5.4 severance escape; watch transport_lease_overlong / transport_parked_commits
[2026-08-28T04:21:59Z ERROR fuse3::raw::connection::fuse_over_uring] transport payload lease held 1544 ms (≥ 1 s) — overlong handler invocation or a §5.4 severance escape; watch transport_lease_overlong / transport_parked_commits
[2026-08-28T04:22:00Z ERROR fuse3::raw::connection::fuse_over_uring] transport payload lease held 1012 ms (≥ 1 s) — overlong handler invocation or a §5.4 severance escape; watch transport_lease_overlong / transport_parked_commits
[2026-08-28T04:22:00Z ERROR fuse3::raw::connection::fuse_over_uring] transport payload lease held 1010 ms (≥ 1 s) — overlong handler invocation or a §5.4 severance escape; watch transport_lease_overlong / transport_parked_commits
[2026-08-28T04:22:01Z ERROR fuse3::raw::connection::fuse_over_uring] transport payload lease held 1200 ms (≥ 1 s) — overlong handler invocation or a §5.4 severance escape; watch transport_lease_overlong / transport_parked_commits
[2026-08-28T04:22:01Z ERROR fuse3::raw::connection::fuse_over_uring] transport payload lease held 1237 ms (≥ 1 s) — overlong handler invocation or a §5.4 severance escape; watch transport_lease_overlong / transport_parked_commits
[2026-08-28T04:22:01Z ERROR fuse3::raw::connection::fuse_over_uring] transport payload lease held 1371 ms (≥ 1 s) — overlong handler invocation or a §5.4 severance escape; watch transport_lease_overlong / transport_parked_commits
[2026-08-28T04:22:01Z ERROR fuse3::raw::connection::fuse_over_uring] transport payload lease held 1371 ms (≥ 1 s) — overlong handler invocation or a §5.4 severance escape; watch transport_lease_overlong / transport_parked_commits
[2026-08-28T04:22:01Z ERROR fuse3::raw::connection::fuse_over_uring] transport payload lease held 1370 ms (≥ 1 s) — overlong handler invocation or a §5.4 severance escape; watch transport_lease_overlong / transport_parked_commits
[2026-08-28T04:22:01Z ERROR fuse3::raw::connection::fuse_over_uring] transport payload lease held 1370 ms (≥ 1 s) — overlong handler invocation or a §5.4 severance escape; watch transport_lease_overlong / transport_parked_commits
[2026-08-28T04:22:01Z ERROR fuse3::raw::connection::fuse_over_uring] transport payload lease held 2206 ms (≥ 1 s) — overlong handler invocation or a §5.4 severance escape; watch transport_lease_overlong / transport_parked_commits
[2026-08-28T04:22:01Z ERROR fuse3::raw::connection::fuse_over_uring] transport payload lease held 2205 ms (≥ 1 s) — overlong handler invocation or a §5.4 severance escape; watch transport_lease_overlong / transport_parked_commits
[2026-08-28T04:22:01Z ERROR fuse3::raw::connection::fuse_over_uring] transport payload lease held 2205 ms (≥ 1 s) — overlong handler invocation or a §5.4 severance escape; watch transport_lease_overlong / transport_parked_commits
[2026-08-28T04:22:01Z ERROR fuse3::raw::connection::fuse_over_uring] transport payload lease held 2205 ms (≥ 1 s) — overlong handler invocation or a §5.4 severance escape; watch transport_lease_overlong / transport_parked_commits
[2026-08-28T04:22:02Z ERROR fuse3::raw::connection::fuse_over_uring] transport payload lease held 1305 ms (≥ 1 s) — overlong handler invocation or a §5.4 severance escape; watch transport_lease_overlong / transport_parked_commits
[2026-08-28T04:22:02Z ERROR fuse3::raw::connection::fuse_over_uring] transport payload lease held 1212 ms (≥ 1 s) — overlong handler invocation or a §5.4 severance escape; watch transport_lease_overlong / transport_parked_commits
[2026-08-28T04:22:02Z ERROR fuse3::raw::connection::fuse_over_uring] transport payload lease held 1200 ms (≥ 1 s) — overlong handler invocation or a §5.4 severance escape; watch transport_lease_overlong / transport_parked_commits
[2026-08-28T04:22:02Z ERROR fuse3::raw::connection::fuse_over_uring] transport payload lease held 1062 ms (≥ 1 s) — overlong handler invocation or a §5.4 severance escape; watch transport_lease_overlong / transport_parked_commits
[2026-08-28T04:22:02Z ERROR fuse3::raw::connection::fuse_over_uring] transport payload lease held 1061 ms (≥ 1 s) — overlong handler invocation or a §5.4 severance escape; watch transport_lease_overlong / transport_parked_commits
[2026-08-28T04:22:02Z ERROR fuse3::raw::connection::fuse_over_uring] transport payload lease held 1061 ms (≥ 1 s) — overlong handler invocation or a §5.4 severance escape; watch transport_lease_overlong / transport_parked_commits
[2026-08-28T04:22:02Z ERROR fuse3::raw::connection::fuse_over_uring] transport payload lease held 1222 ms (≥ 1 s) — overlong handler invocation or a §5.4 severance escape; watch transport_lease_overlong / transport_parked_commits
[2026-08-28T04:22:02Z ERROR fuse3::raw::connection::fuse_over_uring] transport payload lease held 1222 ms (≥ 1 s) — overlong handler invocation or a §5.4 severance escape; watch transport_lease_overlong / transport_parked_commits
[2026-08-28T04:22:02Z ERROR fuse3::raw::connection::fuse_over_uring] transport payload lease held 1222 ms (≥ 1 s) — overlong handler invocation or a §5.4 severance escape; watch transport_lease_overlong / transport_parked_commits
[2026-08-28T04:22:02Z ERROR fuse3::raw::connection::fuse_over_uring] transport payload lease held 1223 ms (≥ 1 s) — overlong handler invocation or a §5.4 severance escape; watch transport_lease_overlong / transport_parked_commits
[2026-08-28T04:22:02Z ERROR fuse3::raw::connection::fuse_over_uring] transport payload lease held 1190 ms (≥ 1 s) — overlong handler invocation or a §5.4 severance escape; watch transport_lease_overlong / transport_parked_commits
[2026-08-28T04:22:02Z ERROR fuse3::raw::connection::fuse_over_uring] transport payload lease held 1189 ms (≥ 1 s) — overlong handler invocation or a §5.4 severance escape; watch transport_lease_overlong / transport_parked_commits
[2026-08-28T04:22:02Z ERROR fuse3::raw::connection::fuse_over_uring] transport payload lease held 1189 ms (≥ 1 s) — overlong handler invocation or a §5.4 severance escape; watch transport_lease_overlong / transport_parked_commits
[2026-08-28T04:22:02Z ERROR fuse3::raw::connection::fuse_over_uring] transport payload lease held 1412 ms (≥ 1 s) — overlong handler invocation or a §5.4 severance escape; watch transport_lease_overlong / transport_parked_commits
[2026-08-28T04:22:02Z ERROR fuse3::raw::connection::fuse_over_uring] transport payload lease held 1408 ms (≥ 1 s) — overlong handler invocation or a §5.4 severance escape; watch transport_lease_overlong / transport_parked_commits
[2026-08-28T04:22:02Z ERROR fuse3::raw::connection::fuse_over_uring] transport payload lease held 1393 ms (≥ 1 s) — overlong handler invocation or a §5.4 severance escape; watch transport_lease_overlong / transport_parked_commits
[2026-08-28T04:22:02Z ERROR fuse3::raw::connection::fuse_over_uring] transport payload lease held 1377 ms (≥ 1 s) — overlong handler invocation or a §5.4 severance escape; watch transport_lease_overlong / transport_parked_commits
[2026-08-28T04:22:05Z ERROR fuse3::raw::connection::fuse_over_uring] transport payload lease held 1428 ms (≥ 1 s) — overlong handler invocation or a §5.4 severance escape; watch transport_lease_overlong / transport_parked_commits
[2026-08-28T04:22:05Z ERROR fuse3::raw::connection::fuse_over_uring] transport payload lease held 1428 ms (≥ 1 s) — overlong handler invocation or a §5.4 severance escape; watch transport_lease_overlong / transport_parked_commits
[2026-08-28T04:22:05Z ERROR fuse3::raw::connection::fuse_over_uring] transport payload lease held 1428 ms (≥ 1 s) — overlong handler invocation or a §5.4 severance escape; watch transport_lease_overlong / transport_parked_commits
[2026-08-28T04:22:05Z ERROR fuse3::raw::connection::fuse_over_uring] transport payload lease held 1416 ms (≥ 1 s) — overlong handler invocation or a §5.4 severance escape; watch transport_lease_overlong / transport_parked_commits
[2026-08-28T04:22:06Z ERROR fuse3::raw::connection::fuse_over_uring] transport payload lease held 1268 ms (≥ 1 s) — overlong handler invocation or a §5.4 severance escape; watch transport_lease_overlong / transport_parked_commits
[2026-08-28T04:22:06Z ERROR fuse3::raw::connection::fuse_over_uring] transport payload lease held 1268 ms (≥ 1 s) — overlong handler invocation or a §5.4 severance escape; watch transport_lease_overlong / transport_parked_commits
[2026-08-28T04:22:06Z ERROR fuse3::raw::connection::fuse_over_uring] transport payload lease held 1171 ms (≥ 1 s) — overlong handler invocation or a §5.4 severance escape; watch transport_lease_overlong / transport_parked_commits
[2026-08-28T04:22:06Z ERROR fuse3::raw::connection::fuse_over_uring] transport payload lease held 1170 ms (≥ 1 s) — overlong handler invocation or a §5.4 severance escape; watch transport_lease_overlong / transport_parked_commits
[2026-08-28T04:22:06Z ERROR fuse3::raw::connection::fuse_over_uring] transport payload lease held 1152 ms (≥ 1 s) — overlong handler invocation or a §5.4 severance escape; watch transport_lease_overlong / transport_parked_commits
[2026-08-28T04:22:06Z ERROR fuse3::raw::connection::fuse_over_uring] transport payload lease held 1152 ms (≥ 1 s) — overlong handler invocation or a §5.4 severance escape; watch transport_lease_overlong / transport_parked_commits
[2026-08-28T04:22:06Z ERROR fuse3::raw::connection::fuse_over_uring] transport payload lease held 1023 ms (≥ 1 s) — overlong handler invocation or a §5.4 severance escape; watch transport_lease_overlong / transport_parked_commits
[2026-08-28T04:22:07Z WARN  squeezefs::block_allocator] co-writer: abandoning never-published block offset(s) leak-safe (volume 'nvme7n1', first offset 236978176000): the publish that would have named them failed or refused, and a co-writer may not mutate ownership accounting — the next derivation (mount recovery / fsck C6) returns them to the free supply (cowriter_unpublished_abandons; further offsets at debug level)
[2026-08-28T04:22:07Z ERROR fuse3::raw::connection::fuse_over_uring] transport payload lease held 1507 ms (≥ 1 s) — overlong handler invocation or a §5.4 severance escape; watch transport_lease_overlong / transport_parked_commits
[2026-08-28T04:22:07Z ERROR fuse3::raw::connection::fuse_over_uring] transport payload lease held 1509 ms (≥ 1 s) — overlong handler invocation or a §5.4 severance escape; watch transport_lease_overlong / transport_parked_commits
[2026-08-28T04:22:09Z ERROR fuse3::raw::connection::fuse_over_uring] transport payload lease held 1224 ms (≥ 1 s) — overlong handler invocation or a §5.4 severance escape; watch transport_lease_overlong / transport_parked_commits
[2026-08-28T04:22:09Z ERROR fuse3::raw::connection::fuse_over_uring] transport payload lease held 1218 ms (≥ 1 s) — overlong handler invocation or a §5.4 severance escape; watch transport_lease_overlong / transport_parked_commits
[2026-08-28T04:22:09Z ERROR fuse3::raw::connection::fuse_over_uring] transport payload lease held 1248 ms (≥ 1 s) — overlong handler invocation or a §5.4 severance escape; watch transport_lease_overlong / transport_parked_commits
[2026-08-28T04:22:09Z ERROR fuse3::raw::connection::fuse_over_uring] transport payload lease held 1249 ms (≥ 1 s) — overlong handler invocation or a §5.4 severance escape; watch transport_lease_overlong / transport_parked_commits
[2026-08-28T04:22:09Z ERROR fuse3::raw::connection::fuse_over_uring] transport payload lease held 1225 ms (≥ 1 s) — overlong handler invocation or a §5.4 severance escape; watch transport_lease_overlong / transport_parked_commits
[2026-08-28T04:22:09Z ERROR fuse3::raw::connection::fuse_over_uring] transport payload lease held 1225 ms (≥ 1 s) — overlong handler invocation or a §5.4 severance escape; watch transport_lease_overlong / transport_parked_commits
[2026-08-28T04:22:09Z ERROR fuse3::raw::connection::fuse_over_uring] transport payload lease held 1225 ms (≥ 1 s) — overlong handler invocation or a §5.4 severance escape; watch transport_lease_overlong / transport_parked_commits
[2026-08-28T04:22:09Z ERROR fuse3::raw::connection::fuse_over_uring] transport payload lease held 1180 ms (≥ 1 s) — overlong handler invocation or a §5.4 severance escape; watch transport_lease_overlong / transport_parked_commits
[2026-08-28T04:22:09Z ERROR fuse3::raw::connection::fuse_over_uring] transport payload lease held 1165 ms (≥ 1 s) — overlong handler invocation or a §5.4 severance escape; watch transport_lease_overlong / transport_parked_commits
[2026-08-28T04:22:09Z ERROR fuse3::raw::connection::fuse_over_uring] transport payload lease held 1160 ms (≥ 1 s) — overlong handler invocation or a §5.4 severance escape; watch transport_lease_overlong / transport_parked_commits
[2026-08-28T04:22:09Z ERROR fuse3::raw::connection::fuse_over_uring] transport payload lease held 1155 ms (≥ 1 s) — overlong handler invocation or a §5.4 severance escape; watch transport_lease_overlong / transport_parked_commits
[2026-08-28T04:22:09Z ERROR fuse3::raw::connection::fuse_over_uring] transport payload lease held 1031 ms (≥ 1 s) — overlong handler invocation or a §5.4 severance escape; watch transport_lease_overlong / transport_parked_commits
[2026-08-28T04:22:09Z ERROR fuse3::raw::connection::fuse_over_uring] transport payload lease held 1012 ms (≥ 1 s) — overlong handler invocation or a §5.4 severance escape; watch transport_lease_overlong / transport_parked_commits
[2026-08-28T04:22:09Z ERROR fuse3::raw::connection::fuse_over_uring] transport payload lease held 1012 ms (≥ 1 s) — overlong handler invocation or a §5.4 severance escape; watch transport_lease_overlong / transport_parked_commits
[2026-08-28T04:22:09Z ERROR fuse3::raw::connection::fuse_over_uring] transport payload lease held 1021 ms (≥ 1 s) — overlong handler invocation or a §5.4 severance escape; watch transport_lease_overlong / transport_parked_commits
[2026-08-28T04:22:10Z ERROR fuse3::raw::connection::fuse_over_uring] transport payload lease held 1232 ms (≥ 1 s) — overlong handler invocation or a §5.4 severance escape; watch transport_lease_overlong / transport_parked_commits
[2026-08-28T04:22:10Z ERROR fuse3::raw::connection::fuse_over_uring] transport payload lease held 1254 ms (≥ 1 s) — overlong handler invocation or a §5.4 severance escape; watch transport_lease_overlong / transport_parked_commits
[2026-08-28T04:22:10Z ERROR fuse3::raw::connection::fuse_over_uring] transport payload lease held 1254 ms (≥ 1 s) — overlong handler invocation or a §5.4 severance escape; watch transport_lease_overlong / transport_parked_commits
[2026-08-28T04:22:10Z ERROR fuse3::raw::connection::fuse_over_uring] transport payload lease held 1246 ms (≥ 1 s) — overlong handler invocation or a §5.4 severance escape; watch transport_lease_overlong / transport_parked_commits
[2026-08-28T04:22:10Z ERROR fuse3::raw::connection::fuse_over_uring] transport payload lease held 1244 ms (≥ 1 s) — overlong handler invocation or a §5.4 severance escape; watch transport_lease_overlong / transport_parked_commits
[2026-08-28T04:22:10Z ERROR fuse3::raw::connection::fuse_over_uring] transport payload lease held 1244 ms (≥ 1 s) — overlong handler invocation or a §5.4 severance escape; watch transport_lease_overlong / transport_parked_commits
[2026-08-28T04:22:10Z ERROR fuse3::raw::connection::fuse_over_uring] transport payload lease held 1244 ms (≥ 1 s) — overlong handler invocation or a §5.4 severance escape; watch transport_lease_overlong / transport_parked_commits
[2026-08-28T04:22:10Z ERROR fuse3::raw::connection::fuse_over_uring] transport payload lease held 1271 ms (≥ 1 s) — overlong handler invocation or a §5.4 severance escape; watch transport_lease_overlong / transport_parked_commits
[2026-08-28T04:22:10Z ERROR fuse3::raw::connection::fuse_over_uring] transport payload lease held 1271 ms (≥ 1 s) — overlong handler invocation or a §5.4 severance escape; watch transport_lease_overlong / transport_parked_commits
[2026-08-28T04:22:10Z ERROR fuse3::raw::connection::fuse_over_uring] transport payload lease held 1258 ms (≥ 1 s) — overlong handler invocation or a §5.4 severance escape; watch transport_lease_overlong / transport_parked_commits
[2026-08-28T04:22:10Z ERROR fuse3::raw::connection::fuse_over_uring] transport payload lease held 1255 ms (≥ 1 s) — overlong handler invocation or a §5.4 severance escape; watch transport_lease_overlong / transport_parked_commits
[2026-08-28T04:22:10Z ERROR fuse3::raw::connection::fuse_over_uring] transport payload lease held 1296 ms (≥ 1 s) — overlong handler invocation or a §5.4 severance escape; watch transport_lease_overlong / transport_parked_commits
[2026-08-28T04:22:10Z ERROR fuse3::raw::connection::fuse_over_uring] transport payload lease held 1291 ms (≥ 1 s) — overlong handler invocation or a §5.4 severance escape; watch transport_lease_overlong / transport_parked_commits
[2026-08-28T04:22:11Z ERROR fuse3::raw::connection::fuse_over_uring] transport payload lease held 1250 ms (≥ 1 s) — overlong handler invocation or a §5.4 severance escape; watch transport_lease_overlong / transport_parked_commits
[2026-08-28T04:22:11Z ERROR fuse3::raw::connection::fuse_over_uring] transport payload lease held 1239 ms (≥ 1 s) — overlong handler invocation or a §5.4 severance escape; watch transport_lease_overlong / transport_parked_commits
[2026-08-28T04:22:11Z ERROR fuse3::raw::connection::fuse_over_uring] transport payload lease held 1193 ms (≥ 1 s) — overlong handler invocation or a §5.4 severance escape; watch transport_lease_overlong / transport_parked_commits
[2026-08-28T04:22:11Z ERROR fuse3::raw::connection::fuse_over_uring] transport payload lease held 1193 ms (≥ 1 s) — overlong handler invocation or a §5.4 severance escape; watch transport_lease_overlong / transport_parked_commits
[2026-08-28T04:22:11Z ERROR fuse3::raw::connection::fuse_over_uring] transport payload lease held 1099 ms (≥ 1 s) — overlong handler invocation or a §5.4 severance escape; watch transport_lease_overlong / transport_parked_commits
[2026-08-28T04:22:11Z ERROR fuse3::raw::connection::fuse_over_uring] transport payload lease held 1083 ms (≥ 1 s) — overlong handler invocation or a §5.4 severance escape; watch transport_lease_overlong / transport_parked_commits
[2026-08-28T04:22:11Z ERROR fuse3::raw::connection::fuse_over_uring] transport payload lease held 1243 ms (≥ 1 s) — overlong handler invocation or a §5.4 severance escape; watch transport_lease_overlong / transport_parked_commits
[2026-08-28T04:22:11Z ERROR fuse3::raw::connection::fuse_over_uring] transport payload lease held 1243 ms (≥ 1 s) — overlong handler invocation or a §5.4 severance escape; watch transport_lease_overlong / transport_parked_commits
[2026-08-28T04:22:11Z ERROR fuse3::raw::connection::fuse_over_uring] transport payload lease held 1243 ms (≥ 1 s) — overlong handler invocation or a §5.4 severance escape; watch transport_lease_overlong / transport_parked_commits
[2026-08-28T04:22:11Z ERROR fuse3::raw::connection::fuse_over_uring] transport payload lease held 1244 ms (≥ 1 s) — overlong handler invocation or a §5.4 severance escape; watch transport_lease_overlong / transport_parked_commits
[2026-08-28T04:22:11Z ERROR fuse3::raw::connection::fuse_over_uring] transport payload lease held 1186 ms (≥ 1 s) — overlong handler invocation or a §5.4 severance escape; watch transport_lease_overlong / transport_parked_commits
[2026-08-28T04:22:11Z ERROR fuse3::raw::connection::fuse_over_uring] transport payload lease held 1177 ms (≥ 1 s) — overlong handler invocation or a §5.4 severance escape; watch transport_lease_overlong / transport_parked_commits
[2026-08-28T04:22:11Z ERROR fuse3::raw::connection::fuse_over_uring] transport payload lease held 1180 ms (≥ 1 s) — overlong handler invocation or a §5.4 severance escape; watch transport_lease_overlong / transport_parked_commits
[2026-08-28T04:22:11Z ERROR fuse3::raw::connection::fuse_over_uring] transport payload lease held 1173 ms (≥ 1 s) — overlong handler invocation or a §5.4 severance escape; watch transport_lease_overlong / transport_parked_commits
[2026-08-28T04:22:11Z ERROR fuse3::raw::connection::fuse_over_uring] transport payload lease held 1218 ms (≥ 1 s) — overlong handler invocation or a §5.4 severance escape; watch transport_lease_overlong / transport_parked_commits
[2026-08-28T04:22:11Z ERROR fuse3::raw::connection::fuse_over_uring] transport payload lease held 1211 ms (≥ 1 s) — overlong handler invocation or a §5.4 severance escape; watch transport_lease_overlong / transport_parked_commits
[2026-08-28T04:22:11Z ERROR fuse3::raw::connection::fuse_over_uring] transport payload lease held 1215 ms (≥ 1 s) — overlong handler invocation or a §5.4 severance escape; watch transport_lease_overlong / transport_parked_commits
[2026-08-28T04:22:11Z ERROR fuse3::raw::connection::fuse_over_uring] transport payload lease held 1210 ms (≥ 1 s) — overlong handler invocation or a §5.4 severance escape; watch transport_lease_overlong / transport_parked_commits
[2026-08-28T04:22:11Z ERROR fuse3::raw::connection::fuse_over_uring] transport payload lease held 1148 ms (≥ 1 s) — overlong handler invocation or a §5.4 severance escape; watch transport_lease_overlong / transport_parked_commits
[2026-08-28T04:22:11Z ERROR fuse3::raw::connection::fuse_over_uring] transport payload lease held 1143 ms (≥ 1 s) — overlong handler invocation or a §5.4 severance escape; watch transport_lease_overlong / transport_parked_commits
[2026-08-28T04:22:11Z ERROR fuse3::raw::connection::fuse_over_uring] transport payload lease held 1139 ms (≥ 1 s) — overlong handler invocation or a §5.4 severance escape; watch transport_lease_overlong / transport_parked_commits
[2026-08-28T04:22:11Z ERROR fuse3::raw::connection::fuse_over_uring] transport payload lease held 1138 ms (≥ 1 s) — overlong handler invocation or a §5.4 severance escape; watch transport_lease_overlong / transport_parked_commits
[2026-08-28T04:22:11Z ERROR fuse3::raw::connection::fuse_over_uring] transport payload lease held 1121 ms (≥ 1 s) — overlong handler invocation or a §5.4 severance escape; watch transport_lease_overlong / transport_parked_commits
[2026-08-28T04:22:11Z ERROR fuse3::raw::connection::fuse_over_uring] transport payload lease held 1086 ms (≥ 1 s) — overlong handler invocation or a §5.4 severance escape; watch transport_lease_overlong / transport_parked_commits
[2026-08-28T04:22:11Z ERROR fuse3::raw::connection::fuse_over_uring] transport payload lease held 1208 ms (≥ 1 s) — overlong handler invocation or a §5.4 severance escape; watch transport_lease_overlong / transport_parked_commits
[2026-08-28T04:22:11Z ERROR fuse3::raw::connection::fuse_over_uring] transport payload lease held 1231 ms (≥ 1 s) — overlong handler invocation or a §5.4 severance escape; watch transport_lease_overlong / transport_parked_commits
[2026-08-28T04:22:12Z ERROR fuse3::raw::connection::fuse_over_uring] transport payload lease held 1237 ms (≥ 1 s) — overlong handler invocation or a §5.4 severance escape; watch transport_lease_overlong / transport_parked_commits
[2026-08-28T04:22:12Z ERROR fuse3::raw::connection::fuse_over_uring] transport payload lease held 1237 ms (≥ 1 s) — overlong handler invocation or a §5.4 severance escape; watch transport_lease_overlong / transport_parked_commits
[2026-08-28T04:22:12Z ERROR fuse3::raw::connection::fuse_over_uring] transport payload lease held 1190 ms (≥ 1 s) — overlong handler invocation or a §5.4 severance escape; watch transport_lease_overlong / transport_parked_commits
[2026-08-28T04:22:12Z ERROR fuse3::raw::connection::fuse_over_uring] transport payload lease held 1018 ms (≥ 1 s) — overlong handler invocation or a §5.4 severance escape; watch transport_lease_overlong / transport_parked_commits
[2026-08-28T04:22:12Z ERROR fuse3::raw::connection::fuse_over_uring] transport payload lease held 1017 ms (≥ 1 s) — overlong handler invocation or a §5.4 severance escape; watch transport_lease_overlong / transport_parked_commits
[2026-08-28T04:22:12Z ERROR fuse3::raw::connection::fuse_over_uring] transport payload lease held 1017 ms (≥ 1 s) — overlong handler invocation or a §5.4 severance escape; watch transport_lease_overlong / transport_parked_commits
[2026-08-28T04:22:12Z ERROR fuse3::raw::connection::fuse_over_uring] transport payload lease held 1016 ms (≥ 1 s) — overlong handler invocation or a §5.4 severance escape; watch transport_lease_overlong / transport_parked_commits
[2026-08-28T04:22:12Z ERROR fuse3::raw::connection::fuse_over_uring] transport payload lease held 1035 ms (≥ 1 s) — overlong handler invocation or a §5.4 severance escape; watch transport_lease_overlong / transport_parked_commits
[2026-08-28T04:22:12Z ERROR fuse3::raw::connection::fuse_over_uring] transport payload lease held 1035 ms (≥ 1 s) — overlong handler invocation or a §5.4 severance escape; watch transport_lease_overlong / transport_parked_commits
[2026-08-28T04:22:12Z ERROR fuse3::raw::connection::fuse_over_uring] transport payload lease held 1035 ms (≥ 1 s) — overlong handler invocation or a §5.4 severance escape; watch transport_lease_overlong / transport_parked_commits
[2026-08-28T04:22:12Z ERROR fuse3::raw::connection::fuse_over_uring] transport payload lease held 1035 ms (≥ 1 s) — overlong handler invocation or a §5.4 severance escape; watch transport_lease_overlong / transport_parked_commits
[2026-08-28T04:22:12Z ERROR fuse3::raw::connection::fuse_over_uring] transport payload lease held 1028 ms (≥ 1 s) — overlong handler invocation or a §5.4 severance escape; watch transport_lease_overlong / transport_parked_commits
[2026-08-28T04:22:12Z ERROR fuse3::raw::connection::fuse_over_uring] transport payload lease held 1028 ms (≥ 1 s) — overlong handler invocation or a §5.4 severance escape; watch transport_lease_overlong / transport_parked_commits
[2026-08-28T04:22:12Z ERROR fuse3::raw::connection::fuse_over_uring] transport payload lease held 1028 ms (≥ 1 s) — overlong handler invocation or a §5.4 severance escape; watch transport_lease_overlong / transport_parked_commits
[2026-08-28T04:22:12Z ERROR fuse3::raw::connection::fuse_over_uring] transport payload lease held 1028 ms (≥ 1 s) — overlong handler invocation or a §5.4 severance escape; watch transport_lease_overlong / transport_parked_commits
[2026-08-28T04:22:13Z ERROR fuse3::raw::connection::fuse_over_uring] transport payload lease held 1162 ms (≥ 1 s) — overlong handler invocation or a §5.4 severance escape; watch transport_lease_overlong / transport_parked_commits
[2026-08-28T04:22:13Z ERROR fuse3::raw::connection::fuse_over_uring] transport payload lease held 1162 ms (≥ 1 s) — overlong handler invocation or a §5.4 severance escape; watch transport_lease_overlong / transport_parked_commits
[2026-08-28T04:22:13Z ERROR fuse3::raw::connection::fuse_over_uring] transport payload lease held 1161 ms (≥ 1 s) — overlong handler invocation or a §5.4 severance escape; watch transport_lease_overlong / transport_parked_commits
[2026-08-28T04:22:13Z ERROR fuse3::raw::connection::fuse_over_uring] transport payload lease held 1155 ms (≥ 1 s) — overlong handler invocation or a §5.4 severance escape; watch transport_lease_overlong / transport_parked_commits
[2026-08-28T04:22:13Z ERROR fuse3::raw::connection::fuse_over_uring] transport payload lease held 1131 ms (≥ 1 s) — overlong handler invocation or a §5.4 severance escape; watch transport_lease_overlong / transport_parked_commits
[2026-08-28T04:22:13Z ERROR fuse3::raw::connection::fuse_over_uring] transport payload lease held 1132 ms (≥ 1 s) — overlong handler invocation or a §5.4 severance escape; watch transport_lease_overlong / transport_parked_commits
[2026-08-28T04:22:13Z ERROR fuse3::raw::connection::fuse_over_uring] transport payload lease held 1132 ms (≥ 1 s) — overlong handler invocation or a §5.4 severance escape; watch transport_lease_overlong / transport_parked_commits
[2026-08-28T04:22:13Z ERROR fuse3::raw::connection::fuse_over_uring] transport payload lease held 1205 ms (≥ 1 s) — overlong handler invocation or a §5.4 severance escape; watch transport_lease_overlong / transport_parked_commits
[2026-08-28T04:22:13Z ERROR fuse3::raw::connection::fuse_over_uring] transport payload lease held 1206 ms (≥ 1 s) — overlong handler invocation or a §5.4 severance escape; watch transport_lease_overlong / transport_parked_commits
[2026-08-28T04:22:13Z ERROR fuse3::raw::connection::fuse_over_uring] transport payload lease held 1204 ms (≥ 1 s) — overlong handler invocation or a §5.4 severance escape; watch transport_lease_overlong / transport_parked_commits
[2026-08-28T04:22:13Z ERROR fuse3::raw::connection::fuse_over_uring] transport payload lease held 1205 ms (≥ 1 s) — overlong handler invocation or a §5.4 severance escape; watch transport_lease_overlong / transport_parked_commits
[2026-08-28T04:22:13Z ERROR fuse3::raw::connection::fuse_over_uring] transport payload lease held 1216 ms (≥ 1 s) — overlong handler invocation or a §5.4 severance escape; watch transport_lease_overlong / transport_parked_commits
[2026-08-28T04:22:13Z ERROR fuse3::raw::connection::fuse_over_uring] transport payload lease held 1215 ms (≥ 1 s) — overlong handler invocation or a §5.4 severance escape; watch transport_lease_overlong / transport_parked_commits
[2026-08-28T04:22:13Z ERROR fuse3::raw::connection::fuse_over_uring] transport payload lease held 1215 ms (≥ 1 s) — overlong handler invocation or a §5.4 severance escape; watch transport_lease_overlong / transport_parked_commits
[2026-08-28T04:22:13Z ERROR fuse3::raw::connection::fuse_over_uring] transport payload lease held 1215 ms (≥ 1 s) — overlong handler invocation or a §5.4 severance escape; watch transport_lease_overlong / transport_parked_commits
[2026-08-28T04:22:13Z ERROR fuse3::raw::connection::fuse_over_uring] transport payload lease held 1187 ms (≥ 1 s) — overlong handler invocation or a §5.4 severance escape; watch transport_lease_overlong / transport_parked_commits
[2026-08-28T04:22:13Z ERROR fuse3::raw::connection::fuse_over_uring] transport payload lease held 1186 ms (≥ 1 s) — overlong handler invocation or a §5.4 severance escape; watch transport_lease_overlong / transport_parked_commits
[2026-08-28T04:22:13Z ERROR fuse3::raw::connection::fuse_over_uring] transport payload lease held 1192 ms (≥ 1 s) — overlong handler invocation or a §5.4 severance escape; watch transport_lease_overlong / transport_parked_commits
[2026-08-28T04:22:13Z ERROR fuse3::raw::connection::fuse_over_uring] transport payload lease held 1192 ms (≥ 1 s) — overlong handler invocation or a §5.4 severance escape; watch transport_lease_overlong / transport_parked_commits
[2026-08-28T04:22:13Z ERROR fuse3::raw::connection::fuse_over_uring] transport payload lease held 1094 ms (≥ 1 s) — overlong handler invocation or a §5.4 severance escape; watch transport_lease_overlong / transport_parked_commits
[2026-08-28T04:22:13Z ERROR fuse3::raw::connection::fuse_over_uring] transport payload lease held 1094 ms (≥ 1 s) — overlong handler invocation or a §5.4 severance escape; watch transport_lease_overlong / transport_parked_commits
[2026-08-28T04:22:13Z ERROR fuse3::raw::connection::fuse_over_uring] transport payload lease held 1094 ms (≥ 1 s) — overlong handler invocation or a §5.4 severance escape; watch transport_lease_overlong / transport_parked_commits
[2026-08-28T04:22:13Z ERROR fuse3::raw::connection::fuse_over_uring] transport payload lease held 1090 ms (≥ 1 s) — overlong handler invocation or a §5.4 severance escape; watch transport_lease_overlong / transport_parked_commits
[2026-08-28T04:22:13Z ERROR fuse3::raw::connection::fuse_over_uring] transport payload lease held 1200 ms (≥ 1 s) — overlong handler invocation or a §5.4 severance escape; watch transport_lease_overlong / transport_parked_commits
[2026-08-28T04:22:13Z ERROR fuse3::raw::connection::fuse_over_uring] transport payload lease held 1200 ms (≥ 1 s) — overlong handler invocation or a §5.4 severance escape; watch transport_lease_overlong / transport_parked_commits
[2026-08-28T04:22:13Z ERROR fuse3::raw::connection::fuse_over_uring] transport payload lease held 1200 ms (≥ 1 s) — overlong handler invocation or a §5.4 severance escape; watch transport_lease_overlong / transport_parked_commits
[2026-08-28T04:22:13Z ERROR fuse3::raw::connection::fuse_over_uring] transport payload lease held 1201 ms (≥ 1 s) — overlong handler invocation or a §5.4 severance escape; watch transport_lease_overlong / transport_parked_commits
[2026-08-28T04:22:37Z ERROR fuse3::raw::connection::fuse_over_uring] transport payload lease held 7182 ms (≥ 1 s) — overlong handler invocation or a §5.4 severance escape; watch transport_lease_overlong / transport_parked_commits
[2026-08-28T04:22:37Z ERROR fuse3::raw::connection::fuse_over_uring] transport payload lease held 7008 ms (≥ 1 s) — overlong handler invocation or a §5.4 severance escape; watch transport_lease_overlong / transport_parked_commits
[2026-08-28T04:22:37Z ERROR fuse3::raw::connection::fuse_over_uring] transport payload lease held 7009 ms (≥ 1 s) — overlong handler invocation or a §5.4 severance escape; watch transport_lease_overlong / transport_parked_commits
[2026-08-28T04:22:37Z ERROR fuse3::raw::connection::fuse_over_uring] transport payload lease held 6980 ms (≥ 1 s) — overlong handler invocation or a §5.4 severance escape; watch transport_lease_overlong / transport_parked_commits
[2026-08-28T04:22:37Z ERROR fuse3::raw::connection::fuse_over_uring] transport payload lease held 7011 ms (≥ 1 s) — overlong handler invocation or a §5.4 severance escape; watch transport_lease_overlong / transport_parked_commits
[2026-08-28T04:22:37Z ERROR fuse3::raw::connection::fuse_over_uring] transport payload lease held 7066 ms (≥ 1 s) — overlong handler invocation or a §5.4 severance escape; watch transport_lease_overlong / transport_parked_commits
[2026-08-28T04:22:37Z ERROR fuse3::raw::connection::fuse_over_uring] transport payload lease held 7013 ms (≥ 1 s) — overlong handler invocation or a §5.4 severance escape; watch transport_lease_overlong / transport_parked_commits
[2026-08-28T04:22:37Z ERROR fuse3::raw::connection::fuse_over_uring] transport payload lease held 7050 ms (≥ 1 s) — overlong handler invocation or a §5.4 severance escape; watch transport_lease_overlong / transport_parked_commits
[2026-08-28T04:22:37Z ERROR fuse3::raw::connection::fuse_over_uring] transport payload lease held 7194 ms (≥ 1 s) — overlong handler invocation or a §5.4 severance escape; watch transport_lease_overlong / transport_parked_commits
[2026-08-28T04:22:37Z ERROR fuse3::raw::connection::fuse_over_uring] transport payload lease held 7194 ms (≥ 1 s) — overlong handler invocation or a §5.4 severance escape; watch transport_lease_overlong / transport_parked_commits
[2026-08-28T04:22:37Z ERROR fuse3::raw::connection::fuse_over_uring] transport payload lease held 6987 ms (≥ 1 s) — overlong handler invocation or a §5.4 severance escape; watch transport_lease_overlong / transport_parked_commits
[2026-08-28T04:22:37Z ERROR fuse3::raw::connection::fuse_over_uring] transport payload lease held 6957 ms (≥ 1 s) — overlong handler invocation or a §5.4 severance escape; watch transport_lease_overlong / transport_parked_commits
[2026-08-28T04:22:37Z ERROR fuse3::raw::connection::fuse_over_uring] transport payload lease held 6877 ms (≥ 1 s) — overlong handler invocation or a §5.4 severance escape; watch transport_lease_overlong / transport_parked_commits
[2026-08-28T04:22:37Z ERROR fuse3::raw::connection::fuse_over_uring] transport payload lease held 6994 ms (≥ 1 s) — overlong handler invocation or a §5.4 severance escape; watch transport_lease_overlong / transport_parked_commits
[2026-08-28T04:22:37Z ERROR fuse3::raw::connection::fuse_over_uring] transport payload lease held 6971 ms (≥ 1 s) — overlong handler invocation or a §5.4 severance escape; watch transport_lease_overlong / transport_parked_commits
[2026-08-28T04:22:37Z ERROR fuse3::raw::connection::fuse_over_uring] transport payload lease held 6994 ms (≥ 1 s) — overlong handler invocation or a §5.4 severance escape; watch transport_lease_overlong / transport_parked_commits
[2026-08-28T04:22:37Z ERROR fuse3::raw::connection::fuse_over_uring] transport payload lease held 6967 ms (≥ 1 s) — overlong handler invocation or a §5.4 severance escape; watch transport_lease_overlong / transport_parked_commits
[2026-08-28T04:22:37Z ERROR fuse3::raw::connection::fuse_over_uring] transport payload lease held 6967 ms (≥ 1 s) — overlong handler invocation or a §5.4 severance escape; watch transport_lease_overlong / transport_parked_commits
[2026-08-28T04:22:37Z ERROR fuse3::raw::connection::fuse_over_uring] transport payload lease held 6967 ms (≥ 1 s) — overlong handler invocation or a §5.4 severance escape; watch transport_lease_overlong / transport_parked_commits
[2026-08-28T04:22:37Z ERROR fuse3::raw::connection::fuse_over_uring] transport payload lease held 6967 ms (≥ 1 s) — overlong handler invocation or a §5.4 severance escape; watch transport_lease_overlong / transport_parked_commits
[2026-08-28T04:22:37Z ERROR fuse3::raw::connection::fuse_over_uring] transport payload lease held 6965 ms (≥ 1 s) — overlong handler invocation or a §5.4 severance escape; watch transport_lease_overlong / transport_parked_commits
[2026-08-28T04:22:37Z ERROR fuse3::raw::connection::fuse_over_uring] transport payload lease held 6970 ms (≥ 1 s) — overlong handler invocation or a §5.4 severance escape; watch transport_lease_overlong / transport_parked_commits
[2026-08-28T04:22:37Z ERROR fuse3::raw::connection::fuse_over_uring] transport payload lease held 6887 ms (≥ 1 s) — overlong handler invocation or a §5.4 severance escape; watch transport_lease_overlong / transport_parked_commits
[2026-08-28T04:22:37Z ERROR fuse3::raw::connection::fuse_over_uring] transport payload lease held 6887 ms (≥ 1 s) — overlong handler invocation or a §5.4 severance escape; watch transport_lease_overlong / transport_parked_commits
[2026-08-28T04:22:37Z ERROR fuse3::raw::connection::fuse_over_uring] transport payload lease held 7066 ms (≥ 1 s) — overlong handler invocation or a §5.4 severance escape; watch transport_lease_overlong / transport_parked_commits
[2026-08-28T04:22:37Z ERROR fuse3::raw::connection::fuse_over_uring] transport payload lease held 6973 ms (≥ 1 s) — overlong handler invocation or a §5.4 severance escape; watch transport_lease_overlong / transport_parked_commits
[2026-08-28T04:22:37Z ERROR fuse3::raw::connection::fuse_over_uring] transport payload lease held 6888 ms (≥ 1 s) — overlong handler invocation or a §5.4 severance escape; watch transport_lease_overlong / transport_parked_commits
[2026-08-28T04:22:37Z ERROR fuse3::raw::connection::fuse_over_uring] transport payload lease held 7069 ms (≥ 1 s) — overlong handler invocation or a §5.4 severance escape; watch transport_lease_overlong / transport_parked_commits
[2026-08-28T04:22:37Z ERROR fuse3::raw::connection::fuse_over_uring] transport payload lease held 6979 ms (≥ 1 s) — overlong handler invocation or a §5.4 severance escape; watch transport_lease_overlong / transport_parked_commits
[2026-08-28T04:22:37Z ERROR fuse3::raw::connection::fuse_over_uring] transport payload lease held 6979 ms (≥ 1 s) — overlong handler invocation or a §5.4 severance escape; watch transport_lease_overlong / transport_parked_commits
[2026-08-28T04:22:37Z ERROR fuse3::raw::connection::fuse_over_uring] transport payload lease held 6979 ms (≥ 1 s) — overlong handler invocation or a §5.4 severance escape; watch transport_lease_overlong / transport_parked_commits
[2026-08-28T04:22:37Z ERROR fuse3::raw::connection::fuse_over_uring] transport payload lease held 6979 ms (≥ 1 s) — overlong handler invocation or a §5.4 severance escape; watch transport_lease_overlong / transport_parked_commits
[2026-08-28T04:22:37Z ERROR fuse3::raw::connection::fuse_over_uring] transport payload lease held 6988 ms (≥ 1 s) — overlong handler invocation or a §5.4 severance escape; watch transport_lease_overlong / transport_parked_commits
[2026-08-28T04:22:37Z ERROR fuse3::raw::connection::fuse_over_uring] transport payload lease held 6988 ms (≥ 1 s) — overlong handler invocation or a §5.4 severance escape; watch transport_lease_overlong / transport_parked_commits
[2026-08-28T04:22:37Z ERROR fuse3::raw::connection::fuse_over_uring] transport payload lease held 6988 ms (≥ 1 s) — overlong handler invocation or a §5.4 severance escape; watch transport_lease_overlong / transport_parked_commits
[2026-08-28T04:22:37Z ERROR fuse3::raw::connection::fuse_over_uring] transport payload lease held 6988 ms (≥ 1 s) — overlong handler invocation or a §5.4 severance escape; watch transport_lease_overlong / transport_parked_commits
[2026-08-28T04:22:37Z ERROR fuse3::raw::connection::fuse_over_uring] transport payload lease held 6990 ms (≥ 1 s) — overlong handler invocation or a §5.4 severance escape; watch transport_lease_overlong / transport_parked_commits
[2026-08-28T04:22:37Z ERROR fuse3::raw::connection::fuse_over_uring] transport payload lease held 6990 ms (≥ 1 s) — overlong handler invocation or a §5.4 severance escape; watch transport_lease_overlong / transport_parked_commits
[2026-08-28T04:22:37Z ERROR fuse3::raw::connection::fuse_over_uring] transport payload lease held 6989 ms (≥ 1 s) — overlong handler invocation or a §5.4 severance escape; watch transport_lease_overlong / transport_parked_commits
[2026-08-28T04:22:37Z ERROR fuse3::raw::connection::fuse_over_uring] transport payload lease held 6986 ms (≥ 1 s) — overlong handler invocation or a §5.4 severance escape; watch transport_lease_overlong / transport_parked_commits
[2026-08-28T04:22:37Z ERROR fuse3::raw::connection::fuse_over_uring] transport payload lease held 6986 ms (≥ 1 s) — overlong handler invocation or a §5.4 severance escape; watch transport_lease_overlong / transport_parked_commits
[2026-08-28T04:22:37Z ERROR fuse3::raw::connection::fuse_over_uring] transport payload lease held 6989 ms (≥ 1 s) — overlong handler invocation or a §5.4 severance escape; watch transport_lease_overlong / transport_parked_commits
[2026-08-28T04:22:37Z ERROR fuse3::raw::connection::fuse_over_uring] transport payload lease held 6986 ms (≥ 1 s) — overlong handler invocation or a §5.4 severance escape; watch transport_lease_overlong / transport_parked_commits
[2026-08-28T04:22:37Z ERROR fuse3::raw::connection::fuse_over_uring] transport payload lease held 6986 ms (≥ 1 s) — overlong handler invocation or a §5.4 severance escape; watch transport_lease_overlong / transport_parked_commits
[2026-08-28T04:22:37Z ERROR fuse3::raw::connection::fuse_over_uring] transport payload lease held 6988 ms (≥ 1 s) — overlong handler invocation or a §5.4 severance escape; watch transport_lease_overlong / transport_parked_commits
[2026-08-28T04:22:37Z ERROR fuse3::raw::connection::fuse_over_uring] transport payload lease held 6988 ms (≥ 1 s) — overlong handler invocation or a §5.4 severance escape; watch transport_lease_overlong / transport_parked_commits
[2026-08-28T04:22:37Z ERROR fuse3::raw::connection::fuse_over_uring] transport payload lease held 6988 ms (≥ 1 s) — overlong handler invocation or a §5.4 severance escape; watch transport_lease_overlong / transport_parked_commits
[2026-08-28T04:22:37Z ERROR fuse3::raw::connection::fuse_over_uring] transport payload lease held 6988 ms (≥ 1 s) — overlong handler invocation or a §5.4 severance escape; watch transport_lease_overlong / transport_parked_commits
[2026-08-28T04:22:37Z ERROR fuse3::raw::connection::fuse_over_uring] transport payload lease held 6999 ms (≥ 1 s) — overlong handler invocation or a §5.4 severance escape; watch transport_lease_overlong / transport_parked_commits
[2026-08-28T04:22:37Z ERROR fuse3::raw::connection::fuse_over_uring] transport payload lease held 6997 ms (≥ 1 s) — overlong handler invocation or a §5.4 severance escape; watch transport_lease_overlong / transport_parked_commits
[2026-08-28T04:22:37Z ERROR fuse3::raw::connection::fuse_over_uring] transport payload lease held 6935 ms (≥ 1 s) — overlong handler invocation or a §5.4 severance escape; watch transport_lease_overlong / transport_parked_commits
[2026-08-28T04:22:37Z ERROR fuse3::raw::connection::fuse_over_uring] transport payload lease held 6935 ms (≥ 1 s) — overlong handler invocation or a §5.4 severance escape; watch transport_lease_overlong / transport_parked_commits
[2026-08-28T04:22:37Z ERROR fuse3::raw::connection::fuse_over_uring] transport payload lease held 6935 ms (≥ 1 s) — overlong handler invocation or a §5.4 severance escape; watch transport_lease_overlong / transport_parked_commits
[2026-08-28T04:22:37Z ERROR fuse3::raw::connection::fuse_over_uring] transport payload lease held 6934 ms (≥ 1 s) — overlong handler invocation or a §5.4 severance escape; watch transport_lease_overlong / transport_parked_commits
[2026-08-28T04:22:37Z ERROR fuse3::raw::connection::fuse_over_uring] transport payload lease held 7004 ms (≥ 1 s) — overlong handler invocation or a §5.4 severance escape; watch transport_lease_overlong / transport_parked_commits
[2026-08-28T04:22:37Z ERROR fuse3::raw::connection::fuse_over_uring] transport payload lease held 6959 ms (≥ 1 s) — overlong handler invocation or a §5.4 severance escape; watch transport_lease_overlong / transport_parked_commits
[2026-08-28T04:22:37Z ERROR fuse3::raw::connection::fuse_over_uring] transport payload lease held 6971 ms (≥ 1 s) — overlong handler invocation or a §5.4 severance escape; watch transport_lease_overlong / transport_parked_commits
[2026-08-28T04:22:37Z ERROR fuse3::raw::connection::fuse_over_uring] transport payload lease held 6971 ms (≥ 1 s) — overlong handler invocation or a §5.4 severance escape; watch transport_lease_overlong / transport_parked_commits
[2026-08-28T04:22:37Z ERROR fuse3::raw::connection::fuse_over_uring] transport payload lease held 6971 ms (≥ 1 s) — overlong handler invocation or a §5.4 severance escape; watch transport_lease_overlong / transport_parked_commits
[2026-08-28T04:22:37Z ERROR fuse3::raw::connection::fuse_over_uring] transport payload lease held 7263 ms (≥ 1 s) — overlong handler invocation or a §5.4 severance escape; watch transport_lease_overlong / transport_parked_commits
[2026-08-28T04:22:46Z ERROR fuse3::raw::connection::fuse_over_uring] transport payload lease held 1153 ms (≥ 1 s) — overlong handler invocation or a §5.4 severance escape; watch transport_lease_overlong / transport_parked_commits
[2026-08-28T04:22:46Z ERROR fuse3::raw::connection::fuse_over_uring] transport payload lease held 1149 ms (≥ 1 s) — overlong handler invocation or a §5.4 severance escape; watch transport_lease_overlong / transport_parked_commits
[2026-08-28T04:22:46Z ERROR fuse3::raw::connection::fuse_over_uring] transport payload lease held 1149 ms (≥ 1 s) — overlong handler invocation or a §5.4 severance escape; watch transport_lease_overlong / transport_parked_commits
[2026-08-28T04:22:46Z ERROR fuse3::raw::connection::fuse_over_uring] transport payload lease held 1225 ms (≥ 1 s) — overlong handler invocation or a §5.4 severance escape; watch transport_lease_overlong / transport_parked_commits
[2026-08-28T04:22:46Z ERROR fuse3::raw::connection::fuse_over_uring] transport payload lease held 1225 ms (≥ 1 s) — overlong handler invocation or a §5.4 severance escape; watch transport_lease_overlong / transport_parked_commits
[2026-08-28T04:22:46Z ERROR fuse3::raw::connection::fuse_over_uring] transport payload lease held 1225 ms (≥ 1 s) — overlong handler invocation or a §5.4 severance escape; watch transport_lease_overlong / transport_parked_commits
[2026-08-28T04:22:46Z ERROR fuse3::raw::connection::fuse_over_uring] transport payload lease held 1225 ms (≥ 1 s) — overlong handler invocation or a §5.4 severance escape; watch transport_lease_overlong / transport_parked_commits
[2026-08-28T04:22:46Z ERROR fuse3::raw::connection::fuse_over_uring] transport payload lease held 1250 ms (≥ 1 s) — overlong handler invocation or a §5.4 severance escape; watch transport_lease_overlong / transport_parked_commits
[2026-08-28T04:22:46Z ERROR fuse3::raw::connection::fuse_over_uring] transport payload lease held 1240 ms (≥ 1 s) — overlong handler invocation or a §5.4 severance escape; watch transport_lease_overlong / transport_parked_commits
[2026-08-28T04:22:46Z ERROR fuse3::raw::connection::fuse_over_uring] transport payload lease held 1240 ms (≥ 1 s) — overlong handler invocation or a §5.4 severance escape; watch transport_lease_overlong / transport_parked_commits
[2026-08-28T04:22:46Z ERROR fuse3::raw::connection::fuse_over_uring] transport payload lease held 1239 ms (≥ 1 s) — overlong handler invocation or a §5.4 severance escape; watch transport_lease_overlong / transport_parked_commits
[2026-08-28T04:22:56Z ERROR fuse3::raw::connection::fuse_over_uring] transport payload lease held 1020 ms (≥ 1 s) — overlong handler invocation or a §5.4 severance escape; watch transport_lease_overlong / transport_parked_commits
[2026-08-28T04:22:56Z ERROR fuse3::raw::connection::fuse_over_uring] transport payload lease held 1010 ms (≥ 1 s) — overlong handler invocation or a §5.4 severance escape; watch transport_lease_overlong / transport_parked_commits
[2026-08-28T04:22:56Z ERROR fuse3::raw::connection::fuse_over_uring] transport payload lease held 1030 ms (≥ 1 s) — overlong handler invocation or a §5.4 severance escape; watch transport_lease_overlong / transport_parked_commits
[2026-08-28T04:22:56Z ERROR fuse3::raw::connection::fuse_over_uring] transport payload lease held 1030 ms (≥ 1 s) — overlong handler invocation or a §5.4 severance escape; watch transport_lease_overlong / transport_parked_commits
[2026-08-28T04:22:56Z ERROR fuse3::raw::connection::fuse_over_uring] transport payload lease held 1027 ms (≥ 1 s) — overlong handler invocation or a §5.4 severance escape; watch transport_lease_overlong / transport_parked_commits
[2026-08-28T04:22:56Z ERROR fuse3::raw::connection::fuse_over_uring] transport payload lease held 1027 ms (≥ 1 s) — overlong handler invocation or a §5.4 severance escape; watch transport_lease_overlong / transport_parked_commits
[2026-08-28T04:23:01Z ERROR fuse3::raw::connection::fuse_over_uring] transport payload lease held 1071 ms (≥ 1 s) — overlong handler invocation or a §5.4 severance escape; watch transport_lease_overlong / transport_parked_commits
[2026-08-28T04:23:01Z ERROR fuse3::raw::connection::fuse_over_uring] transport payload lease held 1061 ms (≥ 1 s) — overlong handler invocation or a §5.4 severance escape; watch transport_lease_overlong / transport_parked_commits
[2026-08-28T04:23:01Z ERROR fuse3::raw::connection::fuse_over_uring] transport payload lease held 1068 ms (≥ 1 s) — overlong handler invocation or a §5.4 severance escape; watch transport_lease_overlong / transport_parked_commits
[2026-08-28T04:23:01Z ERROR fuse3::raw::connection::fuse_over_uring] transport payload lease held 1061 ms (≥ 1 s) — overlong handler invocation or a §5.4 severance escape; watch transport_lease_overlong / transport_parked_commits
[2026-08-28T04:23:01Z ERROR fuse3::raw::connection::fuse_over_uring] transport payload lease held 1016 ms (≥ 1 s) — overlong handler invocation or a §5.4 severance escape; watch transport_lease_overlong / transport_parked_commits
[2026-08-28T04:23:01Z ERROR fuse3::raw::connection::fuse_over_uring] transport payload lease held 1008 ms (≥ 1 s) — overlong handler invocation or a §5.4 severance escape; watch transport_lease_overlong / transport_parked_commits
[2026-08-28T04:23:01Z ERROR fuse3::raw::connection::fuse_over_uring] transport payload lease held 1011 ms (≥ 1 s) — overlong handler invocation or a §5.4 severance escape; watch transport_lease_overlong / transport_parked_commits
[2026-08-28T04:23:01Z ERROR fuse3::raw::connection::fuse_over_uring] transport payload lease held 1001 ms (≥ 1 s) — overlong handler invocation or a §5.4 severance escape; watch transport_lease_overlong / transport_parked_commits
[2026-08-28T04:23:02Z ERROR fuse3::raw::connection::fuse_over_uring] transport payload lease held 1075 ms (≥ 1 s) — overlong handler invocation or a §5.4 severance escape; watch transport_lease_overlong / transport_parked_commits
[2026-08-28T04:23:02Z ERROR fuse3::raw::connection::fuse_over_uring] transport payload lease held 1074 ms (≥ 1 s) — overlong handler invocation or a §5.4 severance escape; watch transport_lease_overlong / transport_parked_commits
[2026-08-28T04:23:02Z ERROR fuse3::raw::connection::fuse_over_uring] transport payload lease held 1072 ms (≥ 1 s) — overlong handler invocation or a §5.4 severance escape; watch transport_lease_overlong / transport_parked_commits
[2026-08-28T04:23:02Z ERROR fuse3::raw::connection::fuse_over_uring] transport payload lease held 1039 ms (≥ 1 s) — overlong handler invocation or a §5.4 severance escape; watch transport_lease_overlong / transport_parked_commits
[2026-08-28T04:23:06Z ERROR fuse3::raw::connection::fuse_over_uring] transport payload lease held 1044 ms (≥ 1 s) — overlong handler invocation or a §5.4 severance escape; watch transport_lease_overlong / transport_parked_commits
[2026-08-28T04:23:06Z ERROR fuse3::raw::connection::fuse_over_uring] transport payload lease held 1044 ms (≥ 1 s) — overlong handler invocation or a §5.4 severance escape; watch transport_lease_overlong / transport_parked_commits
[2026-08-28T04:23:06Z ERROR fuse3::raw::connection::fuse_over_uring] transport payload lease held 1044 ms (≥ 1 s) — overlong handler invocation or a §5.4 severance escape; watch transport_lease_overlong / transport_parked_commits
[2026-08-28T04:23:06Z ERROR fuse3::raw::connection::fuse_over_uring] transport payload lease held 1008 ms (≥ 1 s) — overlong handler invocation or a §5.4 severance escape; watch transport_lease_overlong / transport_parked_commits
[2026-08-28T04:23:06Z ERROR fuse3::raw::connection::fuse_over_uring] transport payload lease held 1030 ms (≥ 1 s) — overlong handler invocation or a §5.4 severance escape; watch transport_lease_overlong / transport_parked_commits
[2026-08-28T04:23:06Z ERROR fuse3::raw::connection::fuse_over_uring] transport payload lease held 1061 ms (≥ 1 s) — overlong handler invocation or a §5.4 severance escape; watch transport_lease_overlong / transport_parked_commits
[2026-08-28T04:23:06Z ERROR fuse3::raw::connection::fuse_over_uring] transport payload lease held 1089 ms (≥ 1 s) — overlong handler invocation or a §5.4 severance escape; watch transport_lease_overlong / transport_parked_commits
[2026-08-28T04:23:06Z ERROR fuse3::raw::connection::fuse_over_uring] transport payload lease held 1130 ms (≥ 1 s) — overlong handler invocation or a §5.4 severance escape; watch transport_lease_overlong / transport_parked_commits
[2026-08-28T04:23:06Z ERROR fuse3::raw::connection::fuse_over_uring] transport payload lease held 1128 ms (≥ 1 s) — overlong handler invocation or a §5.4 severance escape; watch transport_lease_overlong / transport_parked_commits
[2026-08-28T04:23:06Z ERROR fuse3::raw::connection::fuse_over_uring] transport payload lease held 1124 ms (≥ 1 s) — overlong handler invocation or a §5.4 severance escape; watch transport_lease_overlong / transport_parked_commits
[2026-08-28T04:23:06Z ERROR fuse3::raw::connection::fuse_over_uring] transport payload lease held 1121 ms (≥ 1 s) — overlong handler invocation or a §5.4 severance escape; watch transport_lease_overlong / transport_parked_commits
[2026-08-28T04:23:06Z ERROR fuse3::raw::connection::fuse_over_uring] transport payload lease held 1177 ms (≥ 1 s) — overlong handler invocation or a §5.4 severance escape; watch transport_lease_overlong / transport_parked_commits
[2026-08-28T04:23:06Z ERROR fuse3::raw::connection::fuse_over_uring] transport payload lease held 1171 ms (≥ 1 s) — overlong handler invocation or a §5.4 severance escape; watch transport_lease_overlong / transport_parked_commits
[2026-08-28T04:23:06Z ERROR fuse3::raw::connection::fuse_over_uring] transport payload lease held 1160 ms (≥ 1 s) — overlong handler invocation or a §5.4 severance escape; watch transport_lease_overlong / transport_parked_commits
[2026-08-28T04:23:06Z ERROR fuse3::raw::connection::fuse_over_uring] transport payload lease held 1150 ms (≥ 1 s) — overlong handler invocation or a §5.4 severance escape; watch transport_lease_overlong / transport_parked_commits
[2026-08-28T04:23:06Z ERROR fuse3::raw::connection::fuse_over_uring] transport payload lease held 1047 ms (≥ 1 s) — overlong handler invocation or a §5.4 severance escape; watch transport_lease_overlong / transport_parked_commits
[2026-08-28T04:23:07Z ERROR fuse3::raw::connection::fuse_over_uring] transport payload lease held 1125 ms (≥ 1 s) — overlong handler invocation or a §5.4 severance escape; watch transport_lease_overlong / transport_parked_commits
[2026-08-28T04:23:07Z ERROR fuse3::raw::connection::fuse_over_uring] transport payload lease held 1124 ms (≥ 1 s) — overlong handler invocation or a §5.4 severance escape; watch transport_lease_overlong / transport_parked_commits
[2026-08-28T04:23:07Z ERROR fuse3::raw::connection::fuse_over_uring] transport payload lease held 1126 ms (≥ 1 s) — overlong handler invocation or a §5.4 severance escape; watch transport_lease_overlong / transport_parked_commits
[2026-08-28T04:23:07Z ERROR fuse3::raw::connection::fuse_over_uring] transport payload lease held 1004 ms (≥ 1 s) — overlong handler invocation or a §5.4 severance escape; watch transport_lease_overlong / transport_parked_commits
[2026-08-28T04:23:07Z ERROR fuse3::raw::connection::fuse_over_uring] transport payload lease held 1019 ms (≥ 1 s) — overlong handler invocation or a §5.4 severance escape; watch transport_lease_overlong / transport_parked_commits
[2026-08-28T04:23:07Z ERROR fuse3::raw::connection::fuse_over_uring] transport payload lease held 1011 ms (≥ 1 s) — overlong handler invocation or a §5.4 severance escape; watch transport_lease_overlong / transport_parked_commits
[2026-08-28T04:23:07Z ERROR fuse3::raw::connection::fuse_over_uring] transport payload lease held 1010 ms (≥ 1 s) — overlong handler invocation or a §5.4 severance escape; watch transport_lease_overlong / transport_parked_commits
[2026-08-28T04:23:07Z ERROR fuse3::raw::connection::fuse_over_uring] transport payload lease held 1001 ms (≥ 1 s) — overlong handler invocation or a §5.4 severance escape; watch transport_lease_overlong / transport_parked_commits
[2026-08-28T04:23:07Z ERROR fuse3::raw::connection::fuse_over_uring] transport payload lease held 1144 ms (≥ 1 s) — overlong handler invocation or a §5.4 severance escape; watch transport_lease_overlong / transport_parked_commits
[2026-08-28T04:23:10Z ERROR fuse3::raw::connection::fuse_over_uring] transport payload lease held 1012 ms (≥ 1 s) — overlong handler invocation or a §5.4 severance escape; watch transport_lease_overlong / transport_parked_commits
[2026-08-28T04:23:10Z ERROR fuse3::raw::connection::fuse_over_uring] transport payload lease held 1012 ms (≥ 1 s) — overlong handler invocation or a §5.4 severance escape; watch transport_lease_overlong / transport_parked_commits
[2026-08-28T04:23:10Z ERROR fuse3::raw::connection::fuse_over_uring] transport payload lease held 1012 ms (≥ 1 s) — overlong handler invocation or a §5.4 severance escape; watch transport_lease_overlong / transport_parked_commits
[2026-08-28T04:23:10Z ERROR fuse3::raw::connection::fuse_over_uring] transport payload lease held 1169 ms (≥ 1 s) — overlong handler invocation or a §5.4 severance escape; watch transport_lease_overlong / transport_parked_commits
[2026-08-28T04:23:10Z ERROR fuse3::raw::connection::fuse_over_uring] transport payload lease held 1157 ms (≥ 1 s) — overlong handler invocation or a §5.4 severance escape; watch transport_lease_overlong / transport_parked_commits
[2026-08-28T04:23:10Z ERROR fuse3::raw::connection::fuse_over_uring] transport payload lease held 1157 ms (≥ 1 s) — overlong handler invocation or a §5.4 severance escape; watch transport_lease_overlong / transport_parked_commits
[2026-08-28T04:23:10Z ERROR fuse3::raw::connection::fuse_over_uring] transport payload lease held 1157 ms (≥ 1 s) — overlong handler invocation or a §5.4 severance escape; watch transport_lease_overlong / transport_parked_commits
[2026-08-28T04:23:10Z ERROR fuse3::raw::connection::fuse_over_uring] transport payload lease held 1077 ms (≥ 1 s) — overlong handler invocation or a §5.4 severance escape; watch transport_lease_overlong / transport_parked_commits
[2026-08-28T04:23:10Z ERROR fuse3::raw::connection::fuse_over_uring] transport payload lease held 1075 ms (≥ 1 s) — overlong handler invocation or a §5.4 severance escape; watch transport_lease_overlong / transport_parked_commits
[2026-08-28T04:23:10Z ERROR fuse3::raw::connection::fuse_over_uring] transport payload lease held 1072 ms (≥ 1 s) — overlong handler invocation or a §5.4 severance escape; watch transport_lease_overlong / transport_parked_commits
[2026-08-28T04:23:10Z ERROR fuse3::raw::connection::fuse_over_uring] transport payload lease held 1072 ms (≥ 1 s) — overlong handler invocation or a §5.4 severance escape; watch transport_lease_overlong / transport_parked_commits
[2026-08-28T04:23:10Z ERROR fuse3::raw::connection::fuse_over_uring] transport payload lease held 1056 ms (≥ 1 s) — overlong handler invocation or a §5.4 severance escape; watch transport_lease_overlong / transport_parked_commits
[2026-08-28T04:23:10Z ERROR fuse3::raw::connection::fuse_over_uring] transport payload lease held 1056 ms (≥ 1 s) — overlong handler invocation or a §5.4 severance escape; watch transport_lease_overlong / transport_parked_commits
[2026-08-28T04:23:10Z ERROR fuse3::raw::connection::fuse_over_uring] transport payload lease held 1057 ms (≥ 1 s) — overlong handler invocation or a §5.4 severance escape; watch transport_lease_overlong / transport_parked_commits
[2026-08-28T04:23:10Z ERROR fuse3::raw::connection::fuse_over_uring] transport payload lease held 1005 ms (≥ 1 s) — overlong handler invocation or a §5.4 severance escape; watch transport_lease_overlong / transport_parked_commits
[2026-08-28T04:23:11Z ERROR fuse3::raw::connection::fuse_over_uring] transport payload lease held 1098 ms (≥ 1 s) — overlong handler invocation or a §5.4 severance escape; watch transport_lease_overlong / transport_parked_commits
[2026-08-28T04:23:11Z ERROR fuse3::raw::connection::fuse_over_uring] transport payload lease held 1091 ms (≥ 1 s) — overlong handler invocation or a §5.4 severance escape; watch transport_lease_overlong / transport_parked_commits
[2026-08-28T04:23:11Z ERROR fuse3::raw::connection::fuse_over_uring] transport payload lease held 1089 ms (≥ 1 s) — overlong handler invocation or a §5.4 severance escape; watch transport_lease_overlong / transport_parked_commits
[2026-08-28T04:23:11Z ERROR fuse3::raw::connection::fuse_over_uring] transport payload lease held 1087 ms (≥ 1 s) — overlong handler invocation or a §5.4 severance escape; watch transport_lease_overlong / transport_parked_commits
[2026-08-28T04:23:11Z ERROR fuse3::raw::connection::fuse_over_uring] transport payload lease held 1081 ms (≥ 1 s) — overlong handler invocation or a §5.4 severance escape; watch transport_lease_overlong / transport_parked_commits
[2026-08-28T04:23:11Z ERROR fuse3::raw::connection::fuse_over_uring] transport payload lease held 1278 ms (≥ 1 s) — overlong handler invocation or a §5.4 severance escape; watch transport_lease_overlong / transport_parked_commits
[2026-08-28T04:23:11Z ERROR fuse3::raw::connection::fuse_over_uring] transport payload lease held 1278 ms (≥ 1 s) — overlong handler invocation or a §5.4 severance escape; watch transport_lease_overlong / transport_parked_commits
[2026-08-28T04:23:11Z ERROR fuse3::raw::connection::fuse_over_uring] transport payload lease held 1272 ms (≥ 1 s) — overlong handler invocation or a §5.4 severance escape; watch transport_lease_overlong / transport_parked_commits
[2026-08-28T04:23:11Z ERROR fuse3::raw::connection::fuse_over_uring] transport payload lease held 1027 ms (≥ 1 s) — overlong handler invocation or a §5.4 severance escape; watch transport_lease_overlong / transport_parked_commits
[2026-08-28T04:23:11Z ERROR fuse3::raw::connection::fuse_over_uring] transport payload lease held 1022 ms (≥ 1 s) — overlong handler invocation or a §5.4 severance escape; watch transport_lease_overlong / transport_parked_commits
[2026-08-28T04:23:11Z ERROR fuse3::raw::connection::fuse_over_uring] transport payload lease held 1014 ms (≥ 1 s) — overlong handler invocation or a §5.4 severance escape; watch transport_lease_overlong / transport_parked_commits
[2026-08-28T04:23:11Z ERROR fuse3::raw::connection::fuse_over_uring] transport payload lease held 1017 ms (≥ 1 s) — overlong handler invocation or a §5.4 severance escape; watch transport_lease_overlong / transport_parked_commits
[2026-08-28T04:23:12Z ERROR fuse3::raw::connection::fuse_over_uring] transport payload lease held 1154 ms (≥ 1 s) — overlong handler invocation or a §5.4 severance escape; watch transport_lease_overlong / transport_parked_commits
[2026-08-28T04:23:17Z ERROR fuse3::raw::connection::fuse_over_uring] transport payload lease held 4806 ms (≥ 1 s) — overlong handler invocation or a §5.4 severance escape; watch transport_lease_overlong / transport_parked_commits
[2026-08-28T04:23:17Z ERROR fuse3::raw::connection::fuse_over_uring] transport payload lease held 4802 ms (≥ 1 s) — overlong handler invocation or a §5.4 severance escape; watch transport_lease_overlong / transport_parked_commits
[2026-08-28T04:23:17Z ERROR fuse3::raw::connection::fuse_over_uring] transport payload lease held 4804 ms (≥ 1 s) — overlong handler invocation or a §5.4 severance escape; watch transport_lease_overlong / transport_parked_commits
[2026-08-28T04:23:17Z ERROR fuse3::raw::connection::fuse_over_uring] transport payload lease held 4808 ms (≥ 1 s) — overlong handler invocation or a §5.4 severance escape; watch transport_lease_overlong / transport_parked_commits
[2026-08-28T04:23:17Z ERROR fuse3::raw::connection::fuse_over_uring] transport payload lease held 4804 ms (≥ 1 s) — overlong handler invocation or a §5.4 severance escape; watch transport_lease_overlong / transport_parked_commits
[2026-08-28T04:23:17Z ERROR fuse3::raw::connection::fuse_over_uring] transport payload lease held 4810 ms (≥ 1 s) — overlong handler invocation or a §5.4 severance escape; watch transport_lease_overlong / transport_parked_commits
[2026-08-28T04:23:17Z ERROR fuse3::raw::connection::fuse_over_uring] transport payload lease held 4810 ms (≥ 1 s) — overlong handler invocation or a §5.4 severance escape; watch transport_lease_overlong / transport_parked_commits
[2026-08-28T04:23:17Z ERROR fuse3::raw::connection::fuse_over_uring] transport payload lease held 4810 ms (≥ 1 s) — overlong handler invocation or a §5.4 severance escape; watch transport_lease_overlong / transport_parked_commits
[2026-08-28T04:23:17Z ERROR fuse3::raw::connection::fuse_over_uring] transport payload lease held 4805 ms (≥ 1 s) — overlong handler invocation or a §5.4 severance escape; watch transport_lease_overlong / transport_parked_commits
[2026-08-28T04:23:17Z ERROR fuse3::raw::connection::fuse_over_uring] transport payload lease held 4801 ms (≥ 1 s) — overlong handler invocation or a §5.4 severance escape; watch transport_lease_overlong / transport_parked_commits
[2026-08-28T04:23:17Z ERROR fuse3::raw::connection::fuse_over_uring] transport payload lease held 4801 ms (≥ 1 s) — overlong handler invocation or a §5.4 severance escape; watch transport_lease_overlong / transport_parked_commits
[2026-08-28T04:23:17Z ERROR fuse3::raw::connection::fuse_over_uring] transport payload lease held 4809 ms (≥ 1 s) — overlong handler invocation or a §5.4 severance escape; watch transport_lease_overlong / transport_parked_commits
[2026-08-28T04:23:17Z ERROR fuse3::raw::connection::fuse_over_uring] transport payload lease held 4809 ms (≥ 1 s) — overlong handler invocation or a §5.4 severance escape; watch transport_lease_overlong / transport_parked_commits
[2026-08-28T04:23:17Z ERROR fuse3::raw::connection::fuse_over_uring] transport payload lease held 4797 ms (≥ 1 s) — overlong handler invocation or a §5.4 severance escape; watch transport_lease_overlong / transport_parked_commits
[2026-08-28T04:23:17Z ERROR fuse3::raw::connection::fuse_over_uring] transport payload lease held 4795 ms (≥ 1 s) — overlong handler invocation or a §5.4 severance escape; watch transport_lease_overlong / transport_parked_commits
[2026-08-28T04:23:17Z ERROR fuse3::raw::connection::fuse_over_uring] transport payload lease held 4793 ms (≥ 1 s) — overlong handler invocation or a §5.4 severance escape; watch transport_lease_overlong / transport_parked_commits
[2026-08-28T04:23:17Z ERROR fuse3::raw::connection::fuse_over_uring] transport payload lease held 4798 ms (≥ 1 s) — overlong handler invocation or a §5.4 severance escape; watch transport_lease_overlong / transport_parked_commits
[2026-08-28T04:23:17Z ERROR fuse3::raw::connection::fuse_over_uring] transport payload lease held 4785 ms (≥ 1 s) — overlong handler invocation or a §5.4 severance escape; watch transport_lease_overlong / transport_parked_commits
[2026-08-28T04:23:17Z ERROR fuse3::raw::connection::fuse_over_uring] transport payload lease held 4809 ms (≥ 1 s) — overlong handler invocation or a §5.4 severance escape; watch transport_lease_overlong / transport_parked_commits
[2026-08-28T04:23:17Z ERROR fuse3::raw::connection::fuse_over_uring] transport payload lease held 4788 ms (≥ 1 s) — overlong handler invocation or a §5.4 severance escape; watch transport_lease_overlong / transport_parked_commits
[2026-08-28T04:23:17Z ERROR fuse3::raw::connection::fuse_over_uring] transport payload lease held 4788 ms (≥ 1 s) — overlong handler invocation or a §5.4 severance escape; watch transport_lease_overlong / transport_parked_commits
[2026-08-28T04:23:17Z ERROR fuse3::raw::connection::fuse_over_uring] transport payload lease held 4788 ms (≥ 1 s) — overlong handler invocation or a §5.4 severance escape; watch transport_lease_overlong / transport_parked_commits
[2026-08-28T04:23:17Z ERROR fuse3::raw::connection::fuse_over_uring] transport payload lease held 4820 ms (≥ 1 s) — overlong handler invocation or a §5.4 severance escape; watch transport_lease_overlong / transport_parked_commits
[2026-08-28T04:23:17Z ERROR fuse3::raw::connection::fuse_over_uring] transport payload lease held 4806 ms (≥ 1 s) — overlong handler invocation or a §5.4 severance escape; watch transport_lease_overlong / transport_parked_commits
[2026-08-28T04:23:17Z ERROR fuse3::raw::connection::fuse_over_uring] transport payload lease held 4801 ms (≥ 1 s) — overlong handler invocation or a §5.4 severance escape; watch transport_lease_overlong / transport_parked_commits
[2026-08-28T04:23:17Z ERROR fuse3::raw::connection::fuse_over_uring] transport payload lease held 4819 ms (≥ 1 s) — overlong handler invocation or a §5.4 severance escape; watch transport_lease_overlong / transport_parked_commits
[2026-08-28T04:23:17Z ERROR fuse3::raw::connection::fuse_over_uring] transport payload lease held 4815 ms (≥ 1 s) — overlong handler invocation or a §5.4 severance escape; watch transport_lease_overlong / transport_parked_commits
[2026-08-28T04:23:17Z ERROR fuse3::raw::connection::fuse_over_uring] transport payload lease held 4820 ms (≥ 1 s) — overlong handler invocation or a §5.4 severance escape; watch transport_lease_overlong / transport_parked_commits
[2026-08-28T04:23:17Z ERROR fuse3::raw::connection::fuse_over_uring] transport payload lease held 4806 ms (≥ 1 s) — overlong handler invocation or a §5.4 severance escape; watch transport_lease_overlong / transport_parked_commits
[2026-08-28T04:23:17Z ERROR fuse3::raw::connection::fuse_over_uring] transport payload lease held 4803 ms (≥ 1 s) — overlong handler invocation or a §5.4 severance escape; watch transport_lease_overlong / transport_parked_commits
[2026-08-28T04:23:17Z ERROR fuse3::raw::connection::fuse_over_uring] transport payload lease held 4803 ms (≥ 1 s) — overlong handler invocation or a §5.4 severance escape; watch transport_lease_overlong / transport_parked_commits
[2026-08-28T04:23:17Z ERROR fuse3::raw::connection::fuse_over_uring] transport payload lease held 4784 ms (≥ 1 s) — overlong handler invocation or a §5.4 severance escape; watch transport_lease_overlong / transport_parked_commits
[2026-08-28T04:23:17Z ERROR fuse3::raw::connection::fuse_over_uring] transport payload lease held 4784 ms (≥ 1 s) — overlong handler invocation or a §5.4 severance escape; watch transport_lease_overlong / transport_parked_commits
[2026-08-28T04:23:17Z ERROR fuse3::raw::connection::fuse_over_uring] transport payload lease held 4809 ms (≥ 1 s) — overlong handler invocation or a §5.4 severance escape; watch transport_lease_overlong / transport_parked_commits
[2026-08-28T04:23:17Z ERROR fuse3::raw::connection::fuse_over_uring] transport payload lease held 4798 ms (≥ 1 s) — overlong handler invocation or a §5.4 severance escape; watch transport_lease_overlong / transport_parked_commits
[2026-08-28T04:23:17Z ERROR fuse3::raw::connection::fuse_over_uring] transport payload lease held 4785 ms (≥ 1 s) — overlong handler invocation or a §5.4 severance escape; watch transport_lease_overlong / transport_parked_commits
[2026-08-28T04:23:17Z ERROR fuse3::raw::connection::fuse_over_uring] transport payload lease held 4785 ms (≥ 1 s) — overlong handler invocation or a §5.4 severance escape; watch transport_lease_overlong / transport_parked_commits
[2026-08-28T04:23:17Z ERROR fuse3::raw::connection::fuse_over_uring] transport payload lease held 4803 ms (≥ 1 s) — overlong handler invocation or a §5.4 severance escape; watch transport_lease_overlong / transport_parked_commits
[2026-08-28T04:23:17Z ERROR fuse3::raw::connection::fuse_over_uring] transport payload lease held 4795 ms (≥ 1 s) — overlong handler invocation or a §5.4 severance escape; watch transport_lease_overlong / transport_parked_commits
[2026-08-28T04:23:17Z ERROR fuse3::raw::connection::fuse_over_uring] transport payload lease held 4800 ms (≥ 1 s) — overlong handler invocation or a §5.4 severance escape; watch transport_lease_overlong / transport_parked_commits
[2026-08-28T04:23:17Z ERROR fuse3::raw::connection::fuse_over_uring] transport payload lease held 4803 ms (≥ 1 s) — overlong handler invocation or a §5.4 severance escape; watch transport_lease_overlong / transport_parked_commits
[2026-08-28T04:23:17Z ERROR fuse3::raw::connection::fuse_over_uring] transport payload lease held 4807 ms (≥ 1 s) — overlong handler invocation or a §5.4 severance escape; watch transport_lease_overlong / transport_parked_commits
[2026-08-28T04:23:17Z ERROR fuse3::raw::connection::fuse_over_uring] transport payload lease held 4807 ms (≥ 1 s) — overlong handler invocation or a §5.4 severance escape; watch transport_lease_overlong / transport_parked_commits
[2026-08-28T04:23:17Z ERROR fuse3::raw::connection::fuse_over_uring] transport payload lease held 4805 ms (≥ 1 s) — overlong handler invocation or a §5.4 severance escape; watch transport_lease_overlong / transport_parked_commits
[2026-08-28T04:23:17Z ERROR fuse3::raw::connection::fuse_over_uring] transport payload lease held 4807 ms (≥ 1 s) — overlong handler invocation or a §5.4 severance escape; watch transport_lease_overlong / transport_parked_commits
[2026-08-28T04:23:17Z ERROR fuse3::raw::connection::fuse_over_uring] transport payload lease held 4826 ms (≥ 1 s) — overlong handler invocation or a §5.4 severance escape; watch transport_lease_overlong / transport_parked_commits
[2026-08-28T04:23:17Z ERROR fuse3::raw::connection::fuse_over_uring] transport payload lease held 4824 ms (≥ 1 s) — overlong handler invocation or a §5.4 severance escape; watch transport_lease_overlong / transport_parked_commits
[2026-08-28T04:23:17Z ERROR fuse3::raw::connection::fuse_over_uring] transport payload lease held 4826 ms (≥ 1 s) — overlong handler invocation or a §5.4 severance escape; watch transport_lease_overlong / transport_parked_commits
[2026-08-28T04:23:17Z ERROR fuse3::raw::connection::fuse_over_uring] transport payload lease held 4820 ms (≥ 1 s) — overlong handler invocation or a §5.4 severance escape; watch transport_lease_overlong / transport_parked_commits
[2026-08-28T04:23:17Z ERROR fuse3::raw::connection::fuse_over_uring] transport payload lease held 4797 ms (≥ 1 s) — overlong handler invocation or a §5.4 severance escape; watch transport_lease_overlong / transport_parked_commits
[2026-08-28T04:23:17Z ERROR fuse3::raw::connection::fuse_over_uring] transport payload lease held 4811 ms (≥ 1 s) — overlong handler invocation or a §5.4 severance escape; watch transport_lease_overlong / transport_parked_commits
[2026-08-28T04:23:17Z ERROR fuse3::raw::connection::fuse_over_uring] transport payload lease held 4797 ms (≥ 1 s) — overlong handler invocation or a §5.4 severance escape; watch transport_lease_overlong / transport_parked_commits
[2026-08-28T04:23:17Z ERROR fuse3::raw::connection::fuse_over_uring] transport payload lease held 4797 ms (≥ 1 s) — overlong handler invocation or a §5.4 severance escape; watch transport_lease_overlong / transport_parked_commits
[2026-08-28T04:23:17Z ERROR fuse3::raw::connection::fuse_over_uring] transport payload lease held 4798 ms (≥ 1 s) — overlong handler invocation or a §5.4 severance escape; watch transport_lease_overlong / transport_parked_commits
[2026-08-28T04:23:17Z ERROR fuse3::raw::connection::fuse_over_uring] transport payload lease held 4802 ms (≥ 1 s) — overlong handler invocation or a §5.4 severance escape; watch transport_lease_overlong / transport_parked_commits
[2026-08-28T04:23:17Z ERROR fuse3::raw::connection::fuse_over_uring] transport payload lease held 4802 ms (≥ 1 s) — overlong handler invocation or a §5.4 severance escape; watch transport_lease_overlong / transport_parked_commits
[2026-08-28T04:23:17Z ERROR fuse3::raw::connection::fuse_over_uring] transport payload lease held 4800 ms (≥ 1 s) — overlong handler invocation or a §5.4 severance escape; watch transport_lease_overlong / transport_parked_commits
[2026-08-28T04:23:17Z ERROR fuse3::raw::connection::fuse_over_uring] transport payload lease held 4817 ms (≥ 1 s) — overlong handler invocation or a §5.4 severance escape; watch transport_lease_overlong / transport_parked_commits
[2026-08-28T04:23:17Z ERROR fuse3::raw::connection::fuse_over_uring] transport payload lease held 4817 ms (≥ 1 s) — overlong handler invocation or a §5.4 severance escape; watch transport_lease_overlong / transport_parked_commits
[2026-08-28T04:23:17Z ERROR fuse3::raw::connection::fuse_over_uring] transport payload lease held 4818 ms (≥ 1 s) — overlong handler invocation or a §5.4 severance escape; watch transport_lease_overlong / transport_parked_commits
[2026-08-28T04:23:17Z ERROR fuse3::raw::connection::fuse_over_uring] transport payload lease held 4808 ms (≥ 1 s) — overlong handler invocation or a §5.4 severance escape; watch transport_lease_overlong / transport_parked_commits
[2026-08-28T04:23:17Z ERROR fuse3::raw::connection::fuse_over_uring] transport payload lease held 4810 ms (≥ 1 s) — overlong handler invocation or a §5.4 severance escape; watch transport_lease_overlong / transport_parked_commits
[2026-08-28T04:23:17Z ERROR fuse3::raw::connection::fuse_over_uring] transport payload lease held 4810 ms (≥ 1 s) — overlong handler invocation or a §5.4 severance escape; watch transport_lease_overlong / transport_parked_commits
[2026-08-28T04:23:17Z ERROR fuse3::raw::connection::fuse_over_uring] transport payload lease held 4816 ms (≥ 1 s) — overlong handler invocation or a §5.4 severance escape; watch transport_lease_overlong / transport_parked_commits
[2026-08-28T04:23:35Z ERROR fuse3::raw::connection::fuse_over_uring] transport payload lease held 1133 ms (≥ 1 s) — overlong handler invocation or a §5.4 severance escape; watch transport_lease_overlong / transport_parked_commits
[2026-08-28T04:23:35Z ERROR fuse3::raw::connection::fuse_over_uring] transport payload lease held 1133 ms (≥ 1 s) — overlong handler invocation or a §5.4 severance escape; watch transport_lease_overlong / transport_parked_commits
[2026-08-28T04:23:35Z ERROR fuse3::raw::connection::fuse_over_uring] transport payload lease held 1067 ms (≥ 1 s) — overlong handler invocation or a §5.4 severance escape; watch transport_lease_overlong / transport_parked_commits
[2026-08-28T04:23:35Z ERROR fuse3::raw::connection::fuse_over_uring] transport payload lease held 1067 ms (≥ 1 s) — overlong handler invocation or a §5.4 severance escape; watch transport_lease_overlong / transport_parked_commits
[2026-08-28T04:23:35Z ERROR fuse3::raw::connection::fuse_over_uring] transport payload lease held 1059 ms (≥ 1 s) — overlong handler invocation or a §5.4 severance escape; watch transport_lease_overlong / transport_parked_commits
[2026-08-28T04:23:35Z ERROR fuse3::raw::connection::fuse_over_uring] transport payload lease held 1048 ms (≥ 1 s) — overlong handler invocation or a §5.4 severance escape; watch transport_lease_overlong / transport_parked_commits
[2026-08-28T04:23:35Z ERROR fuse3::raw::connection::fuse_over_uring] transport payload lease held 1039 ms (≥ 1 s) — overlong handler invocation or a §5.4 severance escape; watch transport_lease_overlong / transport_parked_commits
[2026-08-28T04:23:35Z ERROR fuse3::raw::connection::fuse_over_uring] transport payload lease held 1025 ms (≥ 1 s) — overlong handler invocation or a §5.4 severance escape; watch transport_lease_overlong / transport_parked_commits
