SqueezeFS version 1.1.0 (da47bd954809 / da47bd95480927b20f03e3a58ff9483b0e404bb8) built 2026-08-30T04:03:08Z
======================================================================
  Mount Configuration Summary
----------------------------------------------------------------------
  Volume Name:         squeezefs
  Capacity:            13.64 TiB
  Block Size:          4.00 MiB
  Compression:         none
  Encryption:          none
----------------------------------------------------------------------
Metadata Volumes:
  - [enabled] /dev/nvme3n1 (health: 1000)
Data Volumes:
  - [enabled] /dev/nvme4n1 (health: 1000)
  - [enabled] /dev/nvme5n1 (health: 1000)
  - [enabled] /dev/nvme6n1 (health: 1000)
  - [enabled] /dev/nvme7n1 (health: 1000)
----------------------------------------------------------------------
Cache/Staging:
  Memory Cache Size:   1GB
  Disk Cache Size:     10GB
  Staging Paths:       /scratch/cache
----------------------------------------------------------------------
Mount Options:
  Mountpoint:          "/scratch/mnt-cw2"
  Writeback Cache:     enabled
  Allow Other:         enabled
======================================================================
Mounting as a CO-WRITER (DLM stage S9): this mount holds NO metadata authority — every metadata mutation ships to the authority that holds the D0 claim — and writes data only under custody that authority grants. Admission runs a five-rung ladder and refuses loudly naming the rung; see docs/operations.md §Multi-writer co-writer mounts.
[2026-08-30T11:05:24Z INFO  squeezefs::nvme_dev] data volume /dev/nvme4n1: write_cache=write-through (durability barrier: io_uring Fsync/DATASYNC per device, coalesced)
[2026-08-30T11:05:24Z INFO  squeezefs] writer-scoped staging ENGAGED: client scope w_e56e47de7cb413eb.mad13c96f (staging generation "v3:b354e2999904492ba387b69a809c3397@node:e56e47de7cb413eb.mad13c96f") — staging keys carry the scope and this client's staging roots are bound to it
[2026-08-30T11:05:37Z INFO  squeezefs::cache::gds] GPU Direct Storage: No discrete GPU environment found. GDS bypassed.
[2026-08-30T11:05:37Z INFO  squeezefs::cache::nvme] staging init: discarded 16 read-cache segment file(s) (5368709120 B) from a previous session — read cache starts cold (block-key offsets are not incarnation-stable across mounts)
[2026-08-30T11:05:37Z INFO  squeezefs] Registering data volume 'nvme4n1' at path /dev/nvme4n1 (state active)
[2026-08-30T11:05:37Z INFO  squeezefs] Registering data volume 'nvme5n1' at path /dev/nvme5n1 (state active)
[2026-08-30T11:05:37Z INFO  squeezefs::nvme_dev] data volume /dev/nvme5n1: write_cache=write-through (durability barrier: io_uring Fsync/DATASYNC per device, coalesced)
[2026-08-30T11:05:37Z INFO  squeezefs] Registering data volume 'nvme6n1' at path /dev/nvme6n1 (state active)
[2026-08-30T11:05:37Z INFO  squeezefs::nvme_dev] data volume /dev/nvme6n1: write_cache=write-through (durability barrier: io_uring Fsync/DATASYNC per device, coalesced)
[2026-08-30T11:05:37Z INFO  squeezefs] Registering data volume 'nvme7n1' at path /dev/nvme7n1 (state active)
[2026-08-30T11:05:37Z INFO  squeezefs::nvme_dev] data volume /dev/nvme7n1: write_cache=write-through (durability barrier: io_uring Fsync/DATASYNC per device, coalesced)
[2026-08-30T11:05:37Z WARN  squeezefs::data_custody] data-plane WERO ADOPTED (co-located co-writer, 4 namespace(s), authority key 0xb46eac03cde92cac): this mount shares its authority's PR arbitration domain, so the standing hold is its fenceability evidence and NOTHING was registered — the stated honest residual (docs/operations.md §Multi-writer co-writer mounts): on this shape the metadata read-only half is enforced by this mount's own code, not by the device, and its death is proven by the same-host dead-pid ladder, never by a PR preempt
[2026-08-30T11:05:37Z INFO  squeezefs::membership] membership member 'node_e56e47de7cb413eb.mad13c96f' (writer) holds lease epoch 2 in term 2: owner deadline 45000 ms, MY deadline 42956 ms (T_owner − 2·skew_max − D_purge, anchored on my send instant), renewing every 10000 ms
[2026-08-30T11:05:37Z INFO  squeezefs::membership] membership MEMBER armed: writer 'node_e56e47de7cb413eb.mad13c96f' holds a lease from owner 'a1c0c940-a69e-4a7a-97ba-7b7f311cfa4b' at 172.31.24.158:45143 — visible in `squeezefs clients` with ZERO metadata writes, and the same channel §6.8 item 3's freed-offset acknowledgements ride (DLM S6)
[2026-08-30T11:05:37Z WARN  squeezefs::cowriter] CO-WRITER ADMITTED (DLM S9) over 1 volume(s): node 'node_e56e47de7cb413eb.mad13c96f', authority claim '92512ddb-c23c-4d54-b06b-62167a252673' in era 2, membership owner 'a1c0c940-a69e-4a7a-97ba-7b7f311cfa4b' at 172.31.24.158:45143 (member epoch 2), custody at 172.31.24.158:45999, device registrant key 0xb46eac03cde92cac on 4 namespace(s). This mount holds NO metadata authority — every metadata mutation ships — and writes data only under custody the authority grants
[2026-08-30T11:05:37Z INFO  squeezefs::meta_backend::kv::backend] meta volume /dev/nvme3n1: co-writer mount — a LOCAL exclusive holder (the authority's write mount, or a guarded offline verb) holds this volume on this host; the co-writer takes no lock and refuses nothing
[2026-08-30T11:05:37Z WARN  squeezefs::meta_backend::kv::backend] meta volume /dev/nvme3n1: mounted CO-WRITER (DLM S9) under authority claim '92512ddb-c23c-4d54-b06b-62167a252673' (era 2). No writer_claim, no metadata-namespace reservation, no checkpoint task — this mount appends to none of this volume's single-appender structures and ships every metadata mutation. Guarantee class: co-writer
[2026-08-30T11:05:37Z INFO  squeezefs] meta volume /dev/nvme3n1: format=3 ledger_seq=28 replay_entries=0 replay_dropped_torn=0 replay_ms=31 free_extents=14304967 next_ino=2 meta_volume_atomicity=cow-checksummed meta_volume_atomicity_physical=unknown writer_guard_mode=co-writer
[2026-08-30T11:05:37Z INFO  squeezefs::fuse_client] Dynamic reclaim concurrency limit configured: 4
[2026-08-30T11:05:37Z INFO  squeezefs] co-writer mount: block-ownership recovery skipped entirely (this mount allocates nothing outside a granted lane and frees nothing locally; the walk's free-completing arm must never run on a snapshot view)
[2026-08-30T11:05:37Z INFO  squeezefs] co-writer mount: job fabric, job wire and the frag-gauge worker are NOT armed (maintenance coordination is the slot-0 volume owner's; this mount cannot write their durable records)
[2026-08-30T11:05:37Z INFO  squeezefs::multi_writer] multi-writer: this mount is a CO-WRITER (SQUEEZEFS_MW_ROLE=co-writer), so the AUTHORITY arm is not run — the co-writer arm installs the client halves of the same three planes (ownership + publish + custody) after its admission ladder passes
[2026-08-30T11:05:37Z WARN  squeezefs::meta_ship::owners] metadata function shipping ARMED (DLM S8): 0 of 1 volumes owned locally, 1 shipped to 1 peer(s) ["92512ddb-c23c-4d54-b06b-62167a252673"]; 0 slots home locally. Metadata verbs on a foreign volume now travel to its owner; the DATA plane still refuses foreign-home custody loud (S9 ships that half)
[2026-08-30T11:05:37Z INFO  squeezefs::membership] membership member 'node_e56e47de7cb413eb.mad13c96f' (writer) holds lease epoch 2 in term 2: owner deadline 45000 ms, MY deadline 42956 ms (T_owner − 2·skew_max − D_purge, anchored on my send instant), renewing every 10000 ms
[2026-08-30T11:05:37Z INFO  squeezefs::dlm] fencing: durable writer term 2 adopted (was 0); every token this process mints now dominates every earlier era's (spec §6.7 decision 4)
[2026-08-30T11:05:37Z INFO  squeezefs::block_allocator] data-plane allocation partition engaged on volume 'nvme4n1': lane 5 of 16, reservation grain 96 blocks, 838190 block(s) of this device belong to other lanes (alloc_lane_stranded_bytes)
[2026-08-30T11:05:37Z WARN  squeezefs::alloc_lane_grant] data-plane allocation lane ENGAGED on volume 'nvme4n1': lane 5 of 16, resuming at block 5 (floor OPENED by the authority (this mount never walks)). Fresh allocation is this mount's residue class; frees stay lane-blind
[2026-08-30T11:05:37Z INFO  squeezefs::block_allocator] data-plane allocation partition engaged on volume 'nvme6n1': lane 5 of 16, reservation grain 96 blocks, 838190 block(s) of this device belong to other lanes (alloc_lane_stranded_bytes)
[2026-08-30T11:05:37Z WARN  squeezefs::alloc_lane_grant] data-plane allocation lane ENGAGED on volume 'nvme6n1': lane 5 of 16, resuming at block 5 (floor OPENED by the authority (this mount never walks)). Fresh allocation is this mount's residue class; frees stay lane-blind
[2026-08-30T11:05:37Z INFO  squeezefs::block_allocator] data-plane allocation partition engaged on volume 'nvme5n1': lane 5 of 16, reservation grain 96 blocks, 838190 block(s) of this device belong to other lanes (alloc_lane_stranded_bytes)
[2026-08-30T11:05:37Z WARN  squeezefs::alloc_lane_grant] data-plane allocation lane ENGAGED on volume 'nvme5n1': lane 5 of 16, resuming at block 5 (floor OPENED by the authority (this mount never walks)). Fresh allocation is this mount's residue class; frees stay lane-blind
[2026-08-30T11:05:37Z INFO  squeezefs::block_allocator] data-plane allocation partition engaged on volume 'nvme7n1': lane 5 of 16, reservation grain 96 blocks, 838190 block(s) of this device belong to other lanes (alloc_lane_stranded_bytes)
[2026-08-30T11:05:37Z WARN  squeezefs::alloc_lane_grant] data-plane allocation lane ENGAGED on volume 'nvme7n1': lane 5 of 16, resuming at block 5 (floor OPENED by the authority (this mount never walks)). Fresh allocation is this mount's residue class; frees stay lane-blind
[2026-08-30T11:05:37Z WARN  squeezefs::alloc_lane_grant] data-plane allocation lane ENGAGED on volume 'nvme4n1': lane 5 of 16, resuming at block 5 (floor OPENED by the authority (this mount never walks)). Fresh allocation is this mount's residue class; frees stay lane-blind
[2026-08-30T11:05:37Z WARN  squeezefs::cowriter] CO-WRITER ARMED (DLM S9): metadata verbs ship to '92512ddb-c23c-4d54-b06b-62167a252673' at 172.31.24.158:45999, write custody is acquired there, fresh blocks are placed in allocation lane 5 of 16 (durable reservations committed by the authority ahead of every hand-out), and this mount's own free/reclaim accounting stays closed. Data DMA is authorized locally under the custody epoch — only custody travels, never data
[2026-08-30T11:05:37Z INFO  squeezefs] fleet jobs: member worker armed (KD-MW-16 — fleet read shards; SQUEEZEFS_FLEET_JOBS=0 opts out)
Mounting Squeezefs at "/scratch/mnt-cw2"...
[2026-08-30T11:05:37Z INFO  squeezefs::fuse_client] Transport payload-buffer cap: 2466 MiB (memory budget 19729 MiB)
[2026-08-30T11:05:37Z WARN  squeezefs::ipc_host] SQUEEZEFS_IPC_ALLOW_DEV is set — the KD-7 build-commit skew gate is RELAXED for this mount (degenerate `unknown`/`-dirty` identities will be admitted, counted in ipc_binds_dev_override). Dev boxes only: a mismatched daemon/shim pair is undefined behavior.
[2026-08-30T11:05:37Z INFO  squeezefs::ipc_host] ipc host: path ctl socket at /run/squeezefs/sqz-il0-4019-5520822b.sock
[2026-08-30T11:05:37Z INFO  squeezefs::fuse_client] IPC session host armed (socket sqz-il0-4019-5520822b, session shm cap 2466 MiB)
[2026-08-30T11:05:37Z INFO  squeezefs::fuse_client] SqueezeFS version 1.1.0 (da47bd954809 / da47bd95480927b20f03e3a58ff9483b0e404bb8) built 2026-08-30T04:03:08Z initializing mount
[2026-08-30T11:05:37Z INFO  squeezefs::fuse_client] FUSE Daemon: Mounting squeezefs at "/scratch/mnt-cw2"...
[2026-08-30T11:05:37Z INFO  squeezefs::fuse_client] FUSE Daemon: Metadata connection active.
[2026-08-30T11:05:37Z INFO  squeezefs::fuse_client] device-overlay armed: transport streaming holds enabled (SQUEEZEFS_DEVICE_OVERLAY)
[92mOK[0m Squeezefs is ready at "/scratch/mnt-cw2"
[2026-08-30T11:05:37Z INFO  squeezefs::fuse_client] FUSE Daemon: Initialized Squeezefs Filesystem mount (version 1.1.0 (da47bd954809 / da47bd95480927b20f03e3a58ff9483b0e404bb8) built 2026-08-30T04:03:08Z).
squeezefs: mount ready (version 1.1.0 (da47bd954809 / da47bd95480927b20f03e3a58ff9483b0e404bb8) built 2026-08-30T04:03:08Z, exe hint: rebuild target/release and reinstall)
[2026-08-30T11:05:37Z INFO  squeezefs::fuse_client] FUSE kernel protocol 7.45 (init flags 0x7ff73fffffb): FOPEN_NOFLUSH advertised + honored on non-writeback opens (kernel ≥ 7.35) (D2.a; under writeback cache the elision switch is the clean-FLUSH ENOSYS latch — uapi: NOFLUSH applies 'unless FUSE_WRITEBACK_CACHE'); UNKNOWN init capability bits 0x40000000000 advertised — investigate whether an atomic-open-class capability is among them (D2.d adoption follow-up)
squeezefs: FUSE kernel 7.45 — FOPEN_NOFLUSH advertised (wb-cache elision = clean-FLUSH ENOSYS latch); UNKNOWN init capability bits 0x40000000000 advertised — investigate whether an atomic-open-class capability is among them (D2.d adoption follow-up)
[2026-08-30T11:05:37Z INFO  squeezefs::fuse_client] FUSE_HANDLE_KILLPRIV_V2 negotiated (kernel killpriv probe deleted; daemon owns suid/sgid/caps clearing) for this mount
[2026-08-30T11:05:37Z INFO  squeezefs::fuse_client] IPC session host: mount st_dev resolved (60)
[2026-08-30T11:05:37Z INFO  squeezefs::fuse_client] co-writer mount: writeback flusher, extent-record recovery, fold worker and reclaim pool are NOT armed (nothing here can be dirty, staged or freed by this mount)
[2026-08-30T11:05:37Z WARN  squeezefs::ro_coherence] reader data plane armed (DLM S5): block allocation, terminal frees, device reclaim, the W1 in-place patch and in-place overwrites are all refused on this mount; the reclaim queue is latched halted
[2026-08-30T11:05:37Z INFO  squeezefs::meta_backend::kv::node_cache] node cache armed for coherent reads at checkpoint epoch 28 (tail 11972): cached nodes are dropped on every epoch step, and this mount may not write
[2026-08-30T11:05:37Z INFO  squeezefs::ro_coherence] reader coherence armed on 1/1 volume(s): staleness bound 2s (poll 1s + the writer's ≤1 s checkpoint ceiling), R-6 purge sink installed
[2026-08-30T11:05:37Z INFO  squeezefs::ro_coherence] reader revalidation armed: 1 volume(s), every 1s (the derived cadence — one ledger read per volume per pass; staleness bound 2s)
[2026-08-30T11:05:37Z WARN  fuse3::raw::connection::kmbuf] SQUEEZEFS_FUSE_ZC=1 declined: the kmbuf/zc io_uring surface is Absent on this kernel — continuing on the userspace-ent path (fuse3_zc_replies stays 0; the sqz kernel series carries the surface)
[2026-08-30T11:05:37Z INFO  fuse3::raw::connection::fuse_over_uring] fuse-over-uring queue-ring setup probe: SINGLE_ISSUER+DEFER_TASKRUN available
FUSE-over-io_uring registered: queues=32 depth=32 payload_sz=1048576 max_write=1048576 max_pages=256 buffers=user-ents kmbuf_ops=absent fd=320 sqpoll=off drain_groups=4(width<=8)
[2026-08-30T11:05:37Z INFO  fuse3::raw::connection::fuse_over_uring] FUSE-over-io_uring registered: queues=32 depth=32 payload_sz=1048576 max_write=1048576 max_pages=256 buffers=user-ents kmbuf_ops=absent fd=320 sqpoll=off drain_groups=4(width<=8)
FUSE-over-io_uring session path armed (ready=true, queues=32)
FUSE-over-io_uring transport armed for this session
[2026-08-30T11:05:37Z INFO  fuse3::raw::session] FUSE-over-io_uring transport armed for this session
FUSE-over-io_uring: classical sideband servicer armed (primary session; FORGET/INTERRUPT/resend + switchover stragglers)
[2026-08-30T11:05:37Z INFO  squeezefs::fleet_worker] fleet worker: member 'node_e56e47de7cb413eb.mad13c96f' enrolled at coordinator 172.31.24.158:37251 (KD-MW-16 fleet read shards)
[2026-08-30T11:06:41Z ERROR fuse3::raw::connection::fuse_over_uring] transport payload lease held 1020 ms (≥ 1 s) — overlong handler invocation or a §5.4 severance escape; watch transport_lease_overlong / transport_parked_commits
[2026-08-30T11:06:41Z ERROR fuse3::raw::connection::fuse_over_uring] transport payload lease held 1020 ms (≥ 1 s) — overlong handler invocation or a §5.4 severance escape; watch transport_lease_overlong / transport_parked_commits
[2026-08-30T11:06:41Z ERROR fuse3::raw::connection::fuse_over_uring] transport payload lease held 1021 ms (≥ 1 s) — overlong handler invocation or a §5.4 severance escape; watch transport_lease_overlong / transport_parked_commits
[2026-08-30T11:06:41Z ERROR fuse3::raw::connection::fuse_over_uring] transport payload lease held 1020 ms (≥ 1 s) — overlong handler invocation or a §5.4 severance escape; watch transport_lease_overlong / transport_parked_commits
[2026-08-30T11:06:41Z ERROR fuse3::raw::connection::fuse_over_uring] transport payload lease held 1047 ms (≥ 1 s) — overlong handler invocation or a §5.4 severance escape; watch transport_lease_overlong / transport_parked_commits
[2026-08-30T11:06:41Z ERROR fuse3::raw::connection::fuse_over_uring] transport payload lease held 1048 ms (≥ 1 s) — overlong handler invocation or a §5.4 severance escape; watch transport_lease_overlong / transport_parked_commits
[2026-08-30T11:06:41Z ERROR fuse3::raw::connection::fuse_over_uring] transport payload lease held 1047 ms (≥ 1 s) — overlong handler invocation or a §5.4 severance escape; watch transport_lease_overlong / transport_parked_commits
[2026-08-30T11:06:41Z ERROR fuse3::raw::connection::fuse_over_uring] transport payload lease held 1048 ms (≥ 1 s) — overlong handler invocation or a §5.4 severance escape; watch transport_lease_overlong / transport_parked_commits
[2026-08-30T11:06:41Z ERROR fuse3::raw::connection::fuse_over_uring] transport payload lease held 1007 ms (≥ 1 s) — overlong handler invocation or a §5.4 severance escape; watch transport_lease_overlong / transport_parked_commits
[2026-08-30T11:06:41Z ERROR fuse3::raw::connection::fuse_over_uring] transport payload lease held 1006 ms (≥ 1 s) — overlong handler invocation or a §5.4 severance escape; watch transport_lease_overlong / transport_parked_commits
[2026-08-30T11:06:41Z ERROR fuse3::raw::connection::fuse_over_uring] transport payload lease held 1019 ms (≥ 1 s) — overlong handler invocation or a §5.4 severance escape; watch transport_lease_overlong / transport_parked_commits
[2026-08-30T11:06:41Z ERROR fuse3::raw::connection::fuse_over_uring] transport payload lease held 1020 ms (≥ 1 s) — overlong handler invocation or a §5.4 severance escape; watch transport_lease_overlong / transport_parked_commits
[2026-08-30T11:06:41Z ERROR fuse3::raw::connection::fuse_over_uring] transport payload lease held 1008 ms (≥ 1 s) — overlong handler invocation or a §5.4 severance escape; watch transport_lease_overlong / transport_parked_commits
[2026-08-30T11:06:41Z ERROR fuse3::raw::connection::fuse_over_uring] transport payload lease held 1008 ms (≥ 1 s) — overlong handler invocation or a §5.4 severance escape; watch transport_lease_overlong / transport_parked_commits
[2026-08-30T11:06:41Z ERROR fuse3::raw::connection::fuse_over_uring] transport payload lease held 1009 ms (≥ 1 s) — overlong handler invocation or a §5.4 severance escape; watch transport_lease_overlong / transport_parked_commits
[2026-08-30T11:07:07Z ERROR fuse3::raw::connection::fuse_over_uring] transport payload lease held 1002 ms (≥ 1 s) — overlong handler invocation or a §5.4 severance escape; watch transport_lease_overlong / transport_parked_commits
[2026-08-30T11:07:07Z ERROR fuse3::raw::connection::fuse_over_uring] transport payload lease held 1001 ms (≥ 1 s) — overlong handler invocation or a §5.4 severance escape; watch transport_lease_overlong / transport_parked_commits
[2026-08-30T11:07:07Z ERROR fuse3::raw::connection::fuse_over_uring] transport payload lease held 1001 ms (≥ 1 s) — overlong handler invocation or a §5.4 severance escape; watch transport_lease_overlong / transport_parked_commits
[2026-08-30T11:07:07Z ERROR fuse3::raw::connection::fuse_over_uring] transport payload lease held 1001 ms (≥ 1 s) — overlong handler invocation or a §5.4 severance escape; watch transport_lease_overlong / transport_parked_commits
[2026-08-30T11:07:18Z ERROR fuse3::raw::connection::fuse_over_uring] transport payload lease held 1052 ms (≥ 1 s) — overlong handler invocation or a §5.4 severance escape; watch transport_lease_overlong / transport_parked_commits
[2026-08-30T11:07:18Z ERROR fuse3::raw::connection::fuse_over_uring] transport payload lease held 1052 ms (≥ 1 s) — overlong handler invocation or a §5.4 severance escape; watch transport_lease_overlong / transport_parked_commits
[2026-08-30T11:07:18Z ERROR fuse3::raw::connection::fuse_over_uring] transport payload lease held 1052 ms (≥ 1 s) — overlong handler invocation or a §5.4 severance escape; watch transport_lease_overlong / transport_parked_commits
[2026-08-30T11:07:18Z ERROR fuse3::raw::connection::fuse_over_uring] transport payload lease held 1032 ms (≥ 1 s) — overlong handler invocation or a §5.4 severance escape; watch transport_lease_overlong / transport_parked_commits
[2026-08-30T11:07:26Z ERROR fuse3::raw::connection::fuse_over_uring] transport payload lease held 1016 ms (≥ 1 s) — overlong handler invocation or a §5.4 severance escape; watch transport_lease_overlong / transport_parked_commits
[2026-08-30T11:07:26Z ERROR fuse3::raw::connection::fuse_over_uring] transport payload lease held 1016 ms (≥ 1 s) — overlong handler invocation or a §5.4 severance escape; watch transport_lease_overlong / transport_parked_commits
[2026-08-30T11:07:26Z ERROR fuse3::raw::connection::fuse_over_uring] transport payload lease held 1074 ms (≥ 1 s) — overlong handler invocation or a §5.4 severance escape; watch transport_lease_overlong / transport_parked_commits
[2026-08-30T11:07:26Z ERROR fuse3::raw::connection::fuse_over_uring] transport payload lease held 1074 ms (≥ 1 s) — overlong handler invocation or a §5.4 severance escape; watch transport_lease_overlong / transport_parked_commits
[2026-08-30T11:07:26Z ERROR fuse3::raw::connection::fuse_over_uring] transport payload lease held 1074 ms (≥ 1 s) — overlong handler invocation or a §5.4 severance escape; watch transport_lease_overlong / transport_parked_commits
[2026-08-30T11:07:26Z ERROR fuse3::raw::connection::fuse_over_uring] transport payload lease held 1074 ms (≥ 1 s) — overlong handler invocation or a §5.4 severance escape; watch transport_lease_overlong / transport_parked_commits
[2026-08-30T11:07:26Z ERROR fuse3::raw::connection::fuse_over_uring] transport payload lease held 1150 ms (≥ 1 s) — overlong handler invocation or a §5.4 severance escape; watch transport_lease_overlong / transport_parked_commits
[2026-08-30T11:07:26Z ERROR fuse3::raw::connection::fuse_over_uring] transport payload lease held 1150 ms (≥ 1 s) — overlong handler invocation or a §5.4 severance escape; watch transport_lease_overlong / transport_parked_commits
[2026-08-30T11:07:26Z ERROR fuse3::raw::connection::fuse_over_uring] transport payload lease held 1150 ms (≥ 1 s) — overlong handler invocation or a §5.4 severance escape; watch transport_lease_overlong / transport_parked_commits
[2026-08-30T11:07:26Z ERROR fuse3::raw::connection::fuse_over_uring] transport payload lease held 1150 ms (≥ 1 s) — overlong handler invocation or a §5.4 severance escape; watch transport_lease_overlong / transport_parked_commits
[2026-08-30T11:07:26Z ERROR fuse3::raw::connection::fuse_over_uring] transport payload lease held 1158 ms (≥ 1 s) — overlong handler invocation or a §5.4 severance escape; watch transport_lease_overlong / transport_parked_commits
[2026-08-30T11:07:26Z ERROR fuse3::raw::connection::fuse_over_uring] transport payload lease held 1156 ms (≥ 1 s) — overlong handler invocation or a §5.4 severance escape; watch transport_lease_overlong / transport_parked_commits
[2026-08-30T11:07:26Z ERROR fuse3::raw::connection::fuse_over_uring] transport payload lease held 1176 ms (≥ 1 s) — overlong handler invocation or a §5.4 severance escape; watch transport_lease_overlong / transport_parked_commits
[2026-08-30T11:07:26Z ERROR fuse3::raw::connection::fuse_over_uring] transport payload lease held 1176 ms (≥ 1 s) — overlong handler invocation or a §5.4 severance escape; watch transport_lease_overlong / transport_parked_commits
[2026-08-30T11:07:27Z ERROR fuse3::raw::connection::fuse_over_uring] transport payload lease held 1149 ms (≥ 1 s) — overlong handler invocation or a §5.4 severance escape; watch transport_lease_overlong / transport_parked_commits
[2026-08-30T11:07:27Z ERROR fuse3::raw::connection::fuse_over_uring] transport payload lease held 1076 ms (≥ 1 s) — overlong handler invocation or a §5.4 severance escape; watch transport_lease_overlong / transport_parked_commits
[2026-08-30T11:07:27Z ERROR fuse3::raw::connection::fuse_over_uring] transport payload lease held 1076 ms (≥ 1 s) — overlong handler invocation or a §5.4 severance escape; watch transport_lease_overlong / transport_parked_commits
[2026-08-30T11:07:27Z ERROR fuse3::raw::connection::fuse_over_uring] transport payload lease held 1075 ms (≥ 1 s) — overlong handler invocation or a §5.4 severance escape; watch transport_lease_overlong / transport_parked_commits
[2026-08-30T11:07:35Z ERROR fuse3::raw::connection::fuse_over_uring] transport payload lease held 1129 ms (≥ 1 s) — overlong handler invocation or a §5.4 severance escape; watch transport_lease_overlong / transport_parked_commits
[2026-08-30T11:07:35Z ERROR fuse3::raw::connection::fuse_over_uring] transport payload lease held 1129 ms (≥ 1 s) — overlong handler invocation or a §5.4 severance escape; watch transport_lease_overlong / transport_parked_commits
[2026-08-30T11:07:35Z ERROR fuse3::raw::connection::fuse_over_uring] transport payload lease held 1129 ms (≥ 1 s) — overlong handler invocation or a §5.4 severance escape; watch transport_lease_overlong / transport_parked_commits
[2026-08-30T11:07:35Z ERROR fuse3::raw::connection::fuse_over_uring] transport payload lease held 1128 ms (≥ 1 s) — overlong handler invocation or a §5.4 severance escape; watch transport_lease_overlong / transport_parked_commits
[2026-08-30T11:07:35Z ERROR fuse3::raw::connection::fuse_over_uring] transport payload lease held 1025 ms (≥ 1 s) — overlong handler invocation or a §5.4 severance escape; watch transport_lease_overlong / transport_parked_commits
[2026-08-30T11:07:35Z ERROR fuse3::raw::connection::fuse_over_uring] transport payload lease held 1006 ms (≥ 1 s) — overlong handler invocation or a §5.4 severance escape; watch transport_lease_overlong / transport_parked_commits
[2026-08-30T11:07:35Z ERROR fuse3::raw::connection::fuse_over_uring] transport payload lease held 1006 ms (≥ 1 s) — overlong handler invocation or a §5.4 severance escape; watch transport_lease_overlong / transport_parked_commits
[2026-08-30T11:07:35Z ERROR fuse3::raw::connection::fuse_over_uring] transport payload lease held 1121 ms (≥ 1 s) — overlong handler invocation or a §5.4 severance escape; watch transport_lease_overlong / transport_parked_commits
[2026-08-30T11:07:35Z ERROR fuse3::raw::connection::fuse_over_uring] transport payload lease held 1121 ms (≥ 1 s) — overlong handler invocation or a §5.4 severance escape; watch transport_lease_overlong / transport_parked_commits
[2026-08-30T11:07:35Z ERROR fuse3::raw::connection::fuse_over_uring] transport payload lease held 1118 ms (≥ 1 s) — overlong handler invocation or a §5.4 severance escape; watch transport_lease_overlong / transport_parked_commits
[2026-08-30T11:07:35Z ERROR fuse3::raw::connection::fuse_over_uring] transport payload lease held 1118 ms (≥ 1 s) — overlong handler invocation or a §5.4 severance escape; watch transport_lease_overlong / transport_parked_commits
[2026-08-30T11:07:35Z ERROR fuse3::raw::connection::fuse_over_uring] transport payload lease held 1028 ms (≥ 1 s) — overlong handler invocation or a §5.4 severance escape; watch transport_lease_overlong / transport_parked_commits
[2026-08-30T11:07:51Z ERROR fuse3::raw::connection::fuse_over_uring] transport payload lease held 1123 ms (≥ 1 s) — overlong handler invocation or a §5.4 severance escape; watch transport_lease_overlong / transport_parked_commits
[2026-08-30T11:07:51Z ERROR fuse3::raw::connection::fuse_over_uring] transport payload lease held 1123 ms (≥ 1 s) — overlong handler invocation or a §5.4 severance escape; watch transport_lease_overlong / transport_parked_commits
[2026-08-30T11:07:51Z ERROR fuse3::raw::connection::fuse_over_uring] transport payload lease held 1123 ms (≥ 1 s) — overlong handler invocation or a §5.4 severance escape; watch transport_lease_overlong / transport_parked_commits
[2026-08-30T11:07:51Z ERROR fuse3::raw::connection::fuse_over_uring] transport payload lease held 1052 ms (≥ 1 s) — overlong handler invocation or a §5.4 severance escape; watch transport_lease_overlong / transport_parked_commits
[2026-08-30T11:07:51Z ERROR fuse3::raw::connection::fuse_over_uring] transport payload lease held 1043 ms (≥ 1 s) — overlong handler invocation or a §5.4 severance escape; watch transport_lease_overlong / transport_parked_commits
[2026-08-30T11:07:58Z ERROR fuse3::raw::connection::fuse_over_uring] transport payload lease held 1093 ms (≥ 1 s) — overlong handler invocation or a §5.4 severance escape; watch transport_lease_overlong / transport_parked_commits
[2026-08-30T11:07:58Z ERROR fuse3::raw::connection::fuse_over_uring] transport payload lease held 1092 ms (≥ 1 s) — overlong handler invocation or a §5.4 severance escape; watch transport_lease_overlong / transport_parked_commits
[2026-08-30T11:07:58Z ERROR fuse3::raw::connection::fuse_over_uring] transport payload lease held 1092 ms (≥ 1 s) — overlong handler invocation or a §5.4 severance escape; watch transport_lease_overlong / transport_parked_commits
[2026-08-30T11:07:58Z ERROR fuse3::raw::connection::fuse_over_uring] transport payload lease held 1092 ms (≥ 1 s) — overlong handler invocation or a §5.4 severance escape; watch transport_lease_overlong / transport_parked_commits
[2026-08-30T11:07:58Z ERROR fuse3::raw::connection::fuse_over_uring] transport payload lease held 1140 ms (≥ 1 s) — overlong handler invocation or a §5.4 severance escape; watch transport_lease_overlong / transport_parked_commits
[2026-08-30T11:07:58Z ERROR fuse3::raw::connection::fuse_over_uring] transport payload lease held 1140 ms (≥ 1 s) — overlong handler invocation or a §5.4 severance escape; watch transport_lease_overlong / transport_parked_commits
[2026-08-30T11:07:58Z ERROR fuse3::raw::connection::fuse_over_uring] transport payload lease held 1122 ms (≥ 1 s) — overlong handler invocation or a §5.4 severance escape; watch transport_lease_overlong / transport_parked_commits
[2026-08-30T11:07:58Z ERROR fuse3::raw::connection::fuse_over_uring] transport payload lease held 1113 ms (≥ 1 s) — overlong handler invocation or a §5.4 severance escape; watch transport_lease_overlong / transport_parked_commits
[2026-08-30T11:07:58Z ERROR fuse3::raw::connection::fuse_over_uring] transport payload lease held 1434 ms (≥ 1 s) — overlong handler invocation or a §5.4 severance escape; watch transport_lease_overlong / transport_parked_commits
[2026-08-30T11:07:58Z ERROR fuse3::raw::connection::fuse_over_uring] transport payload lease held 1434 ms (≥ 1 s) — overlong handler invocation or a §5.4 severance escape; watch transport_lease_overlong / transport_parked_commits
[2026-08-30T11:07:58Z ERROR fuse3::raw::connection::fuse_over_uring] transport payload lease held 1434 ms (≥ 1 s) — overlong handler invocation or a §5.4 severance escape; watch transport_lease_overlong / transport_parked_commits
[2026-08-30T11:07:58Z ERROR fuse3::raw::connection::fuse_over_uring] transport payload lease held 3237 ms (≥ 1 s) — overlong handler invocation or a §5.4 severance escape; watch transport_lease_overlong / transport_parked_commits
[2026-08-30T11:07:58Z ERROR fuse3::raw::connection::fuse_over_uring] transport payload lease held 3237 ms (≥ 1 s) — overlong handler invocation or a §5.4 severance escape; watch transport_lease_overlong / transport_parked_commits
[2026-08-30T11:07:58Z ERROR fuse3::raw::connection::fuse_over_uring] transport payload lease held 3237 ms (≥ 1 s) — overlong handler invocation or a §5.4 severance escape; watch transport_lease_overlong / transport_parked_commits
[2026-08-30T11:07:58Z ERROR fuse3::raw::connection::fuse_over_uring] transport payload lease held 1604 ms (≥ 1 s) — overlong handler invocation or a §5.4 severance escape; watch transport_lease_overlong / transport_parked_commits
[2026-08-30T11:07:58Z ERROR fuse3::raw::connection::fuse_over_uring] transport payload lease held 1603 ms (≥ 1 s) — overlong handler invocation or a §5.4 severance escape; watch transport_lease_overlong / transport_parked_commits
[2026-08-30T11:07:58Z ERROR fuse3::raw::connection::fuse_over_uring] transport payload lease held 1603 ms (≥ 1 s) — overlong handler invocation or a §5.4 severance escape; watch transport_lease_overlong / transport_parked_commits
[2026-08-30T11:07:58Z ERROR fuse3::raw::connection::fuse_over_uring] transport payload lease held 1014 ms (≥ 1 s) — overlong handler invocation or a §5.4 severance escape; watch transport_lease_overlong / transport_parked_commits
[2026-08-30T11:07:58Z ERROR fuse3::raw::connection::fuse_over_uring] transport payload lease held 1014 ms (≥ 1 s) — overlong handler invocation or a §5.4 severance escape; watch transport_lease_overlong / transport_parked_commits
[2026-08-30T11:07:58Z ERROR fuse3::raw::connection::fuse_over_uring] transport payload lease held 1014 ms (≥ 1 s) — overlong handler invocation or a §5.4 severance escape; watch transport_lease_overlong / transport_parked_commits
[2026-08-30T11:07:58Z ERROR fuse3::raw::connection::fuse_over_uring] transport payload lease held 1553 ms (≥ 1 s) — overlong handler invocation or a §5.4 severance escape; watch transport_lease_overlong / transport_parked_commits
[2026-08-30T11:07:58Z ERROR fuse3::raw::connection::fuse_over_uring] transport payload lease held 1553 ms (≥ 1 s) — overlong handler invocation or a §5.4 severance escape; watch transport_lease_overlong / transport_parked_commits
[2026-08-30T11:07:58Z ERROR fuse3::raw::connection::fuse_over_uring] transport payload lease held 1554 ms (≥ 1 s) — overlong handler invocation or a §5.4 severance escape; watch transport_lease_overlong / transport_parked_commits
[2026-08-30T11:07:58Z ERROR fuse3::raw::connection::fuse_over_uring] transport payload lease held 1552 ms (≥ 1 s) — overlong handler invocation or a §5.4 severance escape; watch transport_lease_overlong / transport_parked_commits
[2026-08-30T11:07:58Z ERROR fuse3::raw::connection::fuse_over_uring] transport payload lease held 1580 ms (≥ 1 s) — overlong handler invocation or a §5.4 severance escape; watch transport_lease_overlong / transport_parked_commits
[2026-08-30T11:07:58Z ERROR fuse3::raw::connection::fuse_over_uring] transport payload lease held 1093 ms (≥ 1 s) — overlong handler invocation or a §5.4 severance escape; watch transport_lease_overlong / transport_parked_commits
[2026-08-30T11:07:58Z ERROR fuse3::raw::connection::fuse_over_uring] transport payload lease held 1094 ms (≥ 1 s) — overlong handler invocation or a §5.4 severance escape; watch transport_lease_overlong / transport_parked_commits
[2026-08-30T11:07:58Z ERROR fuse3::raw::connection::fuse_over_uring] transport payload lease held 1094 ms (≥ 1 s) — overlong handler invocation or a §5.4 severance escape; watch transport_lease_overlong / transport_parked_commits
[2026-08-30T11:07:59Z ERROR fuse3::raw::connection::fuse_over_uring] transport payload lease held 1861 ms (≥ 1 s) — overlong handler invocation or a §5.4 severance escape; watch transport_lease_overlong / transport_parked_commits
[2026-08-30T11:07:59Z ERROR fuse3::raw::connection::fuse_over_uring] transport payload lease held 1861 ms (≥ 1 s) — overlong handler invocation or a §5.4 severance escape; watch transport_lease_overlong / transport_parked_commits
[2026-08-30T11:07:59Z ERROR fuse3::raw::connection::fuse_over_uring] transport payload lease held 1863 ms (≥ 1 s) — overlong handler invocation or a §5.4 severance escape; watch transport_lease_overlong / transport_parked_commits
[2026-08-30T11:07:59Z ERROR fuse3::raw::connection::fuse_over_uring] transport payload lease held 1863 ms (≥ 1 s) — overlong handler invocation or a §5.4 severance escape; watch transport_lease_overlong / transport_parked_commits
[2026-08-30T11:08:03Z ERROR fuse3::raw::connection::fuse_over_uring] transport payload lease held 1144 ms (≥ 1 s) — overlong handler invocation or a §5.4 severance escape; watch transport_lease_overlong / transport_parked_commits
[2026-08-30T11:08:03Z ERROR fuse3::raw::connection::fuse_over_uring] transport payload lease held 1139 ms (≥ 1 s) — overlong handler invocation or a §5.4 severance escape; watch transport_lease_overlong / transport_parked_commits
[2026-08-30T11:08:03Z ERROR fuse3::raw::connection::fuse_over_uring] transport payload lease held 1125 ms (≥ 1 s) — overlong handler invocation or a §5.4 severance escape; watch transport_lease_overlong / transport_parked_commits
[2026-08-30T11:08:03Z ERROR fuse3::raw::connection::fuse_over_uring] transport payload lease held 1125 ms (≥ 1 s) — overlong handler invocation or a §5.4 severance escape; watch transport_lease_overlong / transport_parked_commits
[2026-08-30T11:08:03Z ERROR fuse3::raw::connection::fuse_over_uring] transport payload lease held 1086 ms (≥ 1 s) — overlong handler invocation or a §5.4 severance escape; watch transport_lease_overlong / transport_parked_commits
[2026-08-30T11:08:03Z ERROR fuse3::raw::connection::fuse_over_uring] transport payload lease held 1061 ms (≥ 1 s) — overlong handler invocation or a §5.4 severance escape; watch transport_lease_overlong / transport_parked_commits
[2026-08-30T11:08:03Z ERROR fuse3::raw::connection::fuse_over_uring] transport payload lease held 1070 ms (≥ 1 s) — overlong handler invocation or a §5.4 severance escape; watch transport_lease_overlong / transport_parked_commits
[2026-08-30T11:08:03Z ERROR fuse3::raw::connection::fuse_over_uring] transport payload lease held 1080 ms (≥ 1 s) — overlong handler invocation or a §5.4 severance escape; watch transport_lease_overlong / transport_parked_commits
[2026-08-30T11:08:04Z ERROR fuse3::raw::connection::fuse_over_uring] transport payload lease held 1197 ms (≥ 1 s) — overlong handler invocation or a §5.4 severance escape; watch transport_lease_overlong / transport_parked_commits
[2026-08-30T11:08:04Z ERROR fuse3::raw::connection::fuse_over_uring] transport payload lease held 1189 ms (≥ 1 s) — overlong handler invocation or a §5.4 severance escape; watch transport_lease_overlong / transport_parked_commits
[2026-08-30T11:08:04Z ERROR fuse3::raw::connection::fuse_over_uring] transport payload lease held 1184 ms (≥ 1 s) — overlong handler invocation or a §5.4 severance escape; watch transport_lease_overlong / transport_parked_commits
[2026-08-30T11:08:04Z ERROR fuse3::raw::connection::fuse_over_uring] transport payload lease held 1190 ms (≥ 1 s) — overlong handler invocation or a §5.4 severance escape; watch transport_lease_overlong / transport_parked_commits
[2026-08-30T11:08:04Z ERROR fuse3::raw::connection::fuse_over_uring] transport payload lease held 1121 ms (≥ 1 s) — overlong handler invocation or a §5.4 severance escape; watch transport_lease_overlong / transport_parked_commits
[2026-08-30T11:08:04Z ERROR fuse3::raw::connection::fuse_over_uring] transport payload lease held 1120 ms (≥ 1 s) — overlong handler invocation or a §5.4 severance escape; watch transport_lease_overlong / transport_parked_commits
[2026-08-30T11:08:04Z ERROR fuse3::raw::connection::fuse_over_uring] transport payload lease held 1120 ms (≥ 1 s) — overlong handler invocation or a §5.4 severance escape; watch transport_lease_overlong / transport_parked_commits
[2026-08-30T11:08:04Z ERROR fuse3::raw::connection::fuse_over_uring] transport payload lease held 1119 ms (≥ 1 s) — overlong handler invocation or a §5.4 severance escape; watch transport_lease_overlong / transport_parked_commits
[2026-08-30T11:08:04Z ERROR fuse3::raw::connection::fuse_over_uring] transport payload lease held 1007 ms (≥ 1 s) — overlong handler invocation or a §5.4 severance escape; watch transport_lease_overlong / transport_parked_commits
[2026-08-30T11:08:04Z ERROR fuse3::raw::connection::fuse_over_uring] transport payload lease held 1008 ms (≥ 1 s) — overlong handler invocation or a §5.4 severance escape; watch transport_lease_overlong / transport_parked_commits
[2026-08-30T11:08:04Z ERROR fuse3::raw::connection::fuse_over_uring] transport payload lease held 1008 ms (≥ 1 s) — overlong handler invocation or a §5.4 severance escape; watch transport_lease_overlong / transport_parked_commits
[2026-08-30T11:08:12Z ERROR fuse3::raw::connection::fuse_over_uring] transport payload lease held 1022 ms (≥ 1 s) — overlong handler invocation or a §5.4 severance escape; watch transport_lease_overlong / transport_parked_commits
[2026-08-30T11:08:12Z ERROR fuse3::raw::connection::fuse_over_uring] transport payload lease held 1022 ms (≥ 1 s) — overlong handler invocation or a §5.4 severance escape; watch transport_lease_overlong / transport_parked_commits
[2026-08-30T11:08:12Z ERROR fuse3::raw::connection::fuse_over_uring] transport payload lease held 1022 ms (≥ 1 s) — overlong handler invocation or a §5.4 severance escape; watch transport_lease_overlong / transport_parked_commits
[2026-08-30T11:08:12Z ERROR fuse3::raw::connection::fuse_over_uring] transport payload lease held 1022 ms (≥ 1 s) — overlong handler invocation or a §5.4 severance escape; watch transport_lease_overlong / transport_parked_commits
[2026-08-30T11:08:13Z ERROR fuse3::raw::connection::fuse_over_uring] transport payload lease held 1011 ms (≥ 1 s) — overlong handler invocation or a §5.4 severance escape; watch transport_lease_overlong / transport_parked_commits
[2026-08-30T11:08:13Z ERROR fuse3::raw::connection::fuse_over_uring] transport payload lease held 1010 ms (≥ 1 s) — overlong handler invocation or a §5.4 severance escape; watch transport_lease_overlong / transport_parked_commits
[2026-08-30T11:08:13Z ERROR fuse3::raw::connection::fuse_over_uring] transport payload lease held 1010 ms (≥ 1 s) — overlong handler invocation or a §5.4 severance escape; watch transport_lease_overlong / transport_parked_commits
[2026-08-30T11:08:13Z ERROR fuse3::raw::connection::fuse_over_uring] transport payload lease held 1011 ms (≥ 1 s) — overlong handler invocation or a §5.4 severance escape; watch transport_lease_overlong / transport_parked_commits
[2026-08-30T11:08:13Z ERROR fuse3::raw::connection::fuse_over_uring] transport payload lease held 1071 ms (≥ 1 s) — overlong handler invocation or a §5.4 severance escape; watch transport_lease_overlong / transport_parked_commits
[2026-08-30T11:08:13Z ERROR fuse3::raw::connection::fuse_over_uring] transport payload lease held 1071 ms (≥ 1 s) — overlong handler invocation or a §5.4 severance escape; watch transport_lease_overlong / transport_parked_commits
[2026-08-30T11:08:13Z ERROR fuse3::raw::connection::fuse_over_uring] transport payload lease held 1071 ms (≥ 1 s) — overlong handler invocation or a §5.4 severance escape; watch transport_lease_overlong / transport_parked_commits
[2026-08-30T11:08:13Z ERROR fuse3::raw::connection::fuse_over_uring] transport payload lease held 1071 ms (≥ 1 s) — overlong handler invocation or a §5.4 severance escape; watch transport_lease_overlong / transport_parked_commits
[2026-08-30T11:08:13Z ERROR fuse3::raw::connection::fuse_over_uring] transport payload lease held 1033 ms (≥ 1 s) — overlong handler invocation or a §5.4 severance escape; watch transport_lease_overlong / transport_parked_commits
[2026-08-30T11:08:13Z ERROR fuse3::raw::connection::fuse_over_uring] transport payload lease held 1033 ms (≥ 1 s) — overlong handler invocation or a §5.4 severance escape; watch transport_lease_overlong / transport_parked_commits
[2026-08-30T11:08:13Z ERROR fuse3::raw::connection::fuse_over_uring] transport payload lease held 1033 ms (≥ 1 s) — overlong handler invocation or a §5.4 severance escape; watch transport_lease_overlong / transport_parked_commits
[2026-08-30T11:08:13Z ERROR fuse3::raw::connection::fuse_over_uring] transport payload lease held 1033 ms (≥ 1 s) — overlong handler invocation or a §5.4 severance escape; watch transport_lease_overlong / transport_parked_commits
[2026-08-30T11:08:13Z ERROR fuse3::raw::connection::fuse_over_uring] transport payload lease held 1228 ms (≥ 1 s) — overlong handler invocation or a §5.4 severance escape; watch transport_lease_overlong / transport_parked_commits
[2026-08-30T11:08:13Z ERROR fuse3::raw::connection::fuse_over_uring] transport payload lease held 1061 ms (≥ 1 s) — overlong handler invocation or a §5.4 severance escape; watch transport_lease_overlong / transport_parked_commits
[2026-08-30T11:08:13Z ERROR fuse3::raw::connection::fuse_over_uring] transport payload lease held 1062 ms (≥ 1 s) — overlong handler invocation or a §5.4 severance escape; watch transport_lease_overlong / transport_parked_commits
[2026-08-30T11:08:13Z ERROR fuse3::raw::connection::fuse_over_uring] transport payload lease held 1260 ms (≥ 1 s) — overlong handler invocation or a §5.4 severance escape; watch transport_lease_overlong / transport_parked_commits
[2026-08-30T11:08:13Z ERROR fuse3::raw::connection::fuse_over_uring] transport payload lease held 1260 ms (≥ 1 s) — overlong handler invocation or a §5.4 severance escape; watch transport_lease_overlong / transport_parked_commits
[2026-08-30T11:08:13Z ERROR fuse3::raw::connection::fuse_over_uring] transport payload lease held 1260 ms (≥ 1 s) — overlong handler invocation or a §5.4 severance escape; watch transport_lease_overlong / transport_parked_commits
[2026-08-30T11:08:13Z ERROR fuse3::raw::connection::fuse_over_uring] transport payload lease held 1049 ms (≥ 1 s) — overlong handler invocation or a §5.4 severance escape; watch transport_lease_overlong / transport_parked_commits
[2026-08-30T11:08:13Z ERROR fuse3::raw::connection::fuse_over_uring] transport payload lease held 1225 ms (≥ 1 s) — overlong handler invocation or a §5.4 severance escape; watch transport_lease_overlong / transport_parked_commits
[2026-08-30T11:08:13Z ERROR fuse3::raw::connection::fuse_over_uring] transport payload lease held 1195 ms (≥ 1 s) — overlong handler invocation or a §5.4 severance escape; watch transport_lease_overlong / transport_parked_commits
[2026-08-30T11:08:13Z ERROR fuse3::raw::connection::fuse_over_uring] transport payload lease held 1117 ms (≥ 1 s) — overlong handler invocation or a §5.4 severance escape; watch transport_lease_overlong / transport_parked_commits
[2026-08-30T11:08:13Z ERROR fuse3::raw::connection::fuse_over_uring] transport payload lease held 1116 ms (≥ 1 s) — overlong handler invocation or a §5.4 severance escape; watch transport_lease_overlong / transport_parked_commits
[2026-08-30T11:08:13Z ERROR fuse3::raw::connection::fuse_over_uring] transport payload lease held 1337 ms (≥ 1 s) — overlong handler invocation or a §5.4 severance escape; watch transport_lease_overlong / transport_parked_commits
[2026-08-30T11:08:13Z ERROR fuse3::raw::connection::fuse_over_uring] transport payload lease held 1339 ms (≥ 1 s) — overlong handler invocation or a §5.4 severance escape; watch transport_lease_overlong / transport_parked_commits
[2026-08-30T11:08:13Z ERROR fuse3::raw::connection::fuse_over_uring] transport payload lease held 1339 ms (≥ 1 s) — overlong handler invocation or a §5.4 severance escape; watch transport_lease_overlong / transport_parked_commits
[2026-08-30T11:08:13Z ERROR fuse3::raw::connection::fuse_over_uring] transport payload lease held 1339 ms (≥ 1 s) — overlong handler invocation or a §5.4 severance escape; watch transport_lease_overlong / transport_parked_commits
[2026-08-30T11:08:23Z ERROR fuse3::raw::connection::fuse_over_uring] transport payload lease held 1424 ms (≥ 1 s) — overlong handler invocation or a §5.4 severance escape; watch transport_lease_overlong / transport_parked_commits
[2026-08-30T11:08:23Z ERROR fuse3::raw::connection::fuse_over_uring] transport payload lease held 1420 ms (≥ 1 s) — overlong handler invocation or a §5.4 severance escape; watch transport_lease_overlong / transport_parked_commits
[2026-08-30T11:08:23Z ERROR fuse3::raw::connection::fuse_over_uring] transport payload lease held 1425 ms (≥ 1 s) — overlong handler invocation or a §5.4 severance escape; watch transport_lease_overlong / transport_parked_commits
[2026-08-30T11:08:23Z ERROR fuse3::raw::connection::fuse_over_uring] transport payload lease held 1419 ms (≥ 1 s) — overlong handler invocation or a §5.4 severance escape; watch transport_lease_overlong / transport_parked_commits
[2026-08-30T11:08:23Z ERROR fuse3::raw::connection::fuse_over_uring] transport payload lease held 1471 ms (≥ 1 s) — overlong handler invocation or a §5.4 severance escape; watch transport_lease_overlong / transport_parked_commits
[2026-08-30T11:08:23Z ERROR fuse3::raw::connection::fuse_over_uring] transport payload lease held 1471 ms (≥ 1 s) — overlong handler invocation or a §5.4 severance escape; watch transport_lease_overlong / transport_parked_commits
[2026-08-30T11:08:23Z ERROR fuse3::raw::connection::fuse_over_uring] transport payload lease held 1511 ms (≥ 1 s) — overlong handler invocation or a §5.4 severance escape; watch transport_lease_overlong / transport_parked_commits
[2026-08-30T11:08:23Z ERROR fuse3::raw::connection::fuse_over_uring] transport payload lease held 1511 ms (≥ 1 s) — overlong handler invocation or a §5.4 severance escape; watch transport_lease_overlong / transport_parked_commits
[2026-08-30T11:08:23Z ERROR fuse3::raw::connection::fuse_over_uring] transport payload lease held 1542 ms (≥ 1 s) — overlong handler invocation or a §5.4 severance escape; watch transport_lease_overlong / transport_parked_commits
[2026-08-30T11:08:23Z ERROR fuse3::raw::connection::fuse_over_uring] transport payload lease held 1541 ms (≥ 1 s) — overlong handler invocation or a §5.4 severance escape; watch transport_lease_overlong / transport_parked_commits
[2026-08-30T11:08:23Z ERROR fuse3::raw::connection::fuse_over_uring] transport payload lease held 1589 ms (≥ 1 s) — overlong handler invocation or a §5.4 severance escape; watch transport_lease_overlong / transport_parked_commits
[2026-08-30T11:08:23Z ERROR fuse3::raw::connection::fuse_over_uring] transport payload lease held 1589 ms (≥ 1 s) — overlong handler invocation or a §5.4 severance escape; watch transport_lease_overlong / transport_parked_commits
[2026-08-30T11:08:23Z ERROR fuse3::raw::connection::fuse_over_uring] transport payload lease held 1574 ms (≥ 1 s) — overlong handler invocation or a §5.4 severance escape; watch transport_lease_overlong / transport_parked_commits
[2026-08-30T11:08:23Z ERROR fuse3::raw::connection::fuse_over_uring] transport payload lease held 1574 ms (≥ 1 s) — overlong handler invocation or a §5.4 severance escape; watch transport_lease_overlong / transport_parked_commits
[2026-08-30T11:08:23Z ERROR fuse3::raw::connection::fuse_over_uring] transport payload lease held 1574 ms (≥ 1 s) — overlong handler invocation or a §5.4 severance escape; watch transport_lease_overlong / transport_parked_commits
[2026-08-30T11:08:23Z ERROR fuse3::raw::connection::fuse_over_uring] transport payload lease held 1574 ms (≥ 1 s) — overlong handler invocation or a §5.4 severance escape; watch transport_lease_overlong / transport_parked_commits
[2026-08-30T11:08:23Z ERROR fuse3::raw::connection::fuse_over_uring] transport payload lease held 1521 ms (≥ 1 s) — overlong handler invocation or a §5.4 severance escape; watch transport_lease_overlong / transport_parked_commits
[2026-08-30T11:08:23Z ERROR fuse3::raw::connection::fuse_over_uring] transport payload lease held 1520 ms (≥ 1 s) — overlong handler invocation or a §5.4 severance escape; watch transport_lease_overlong / transport_parked_commits
[2026-08-30T11:08:23Z ERROR fuse3::raw::connection::fuse_over_uring] transport payload lease held 1560 ms (≥ 1 s) — overlong handler invocation or a §5.4 severance escape; watch transport_lease_overlong / transport_parked_commits
[2026-08-30T11:08:23Z ERROR fuse3::raw::connection::fuse_over_uring] transport payload lease held 1560 ms (≥ 1 s) — overlong handler invocation or a §5.4 severance escape; watch transport_lease_overlong / transport_parked_commits
[2026-08-30T11:08:24Z ERROR fuse3::raw::connection::fuse_over_uring] transport payload lease held 1838 ms (≥ 1 s) — overlong handler invocation or a §5.4 severance escape; watch transport_lease_overlong / transport_parked_commits
[2026-08-30T11:08:24Z ERROR fuse3::raw::connection::fuse_over_uring] transport payload lease held 1917 ms (≥ 1 s) — overlong handler invocation or a §5.4 severance escape; watch transport_lease_overlong / transport_parked_commits
[2026-08-30T11:08:24Z ERROR fuse3::raw::connection::fuse_over_uring] transport payload lease held 1917 ms (≥ 1 s) — overlong handler invocation or a §5.4 severance escape; watch transport_lease_overlong / transport_parked_commits
[2026-08-30T11:08:24Z ERROR fuse3::raw::connection::fuse_over_uring] transport payload lease held 1917 ms (≥ 1 s) — overlong handler invocation or a §5.4 severance escape; watch transport_lease_overlong / transport_parked_commits
[2026-08-30T11:08:24Z ERROR fuse3::raw::connection::fuse_over_uring] transport payload lease held 1943 ms (≥ 1 s) — overlong handler invocation or a §5.4 severance escape; watch transport_lease_overlong / transport_parked_commits
[2026-08-30T11:08:24Z ERROR fuse3::raw::connection::fuse_over_uring] transport payload lease held 1927 ms (≥ 1 s) — overlong handler invocation or a §5.4 severance escape; watch transport_lease_overlong / transport_parked_commits
[2026-08-30T11:08:24Z ERROR fuse3::raw::connection::fuse_over_uring] transport payload lease held 1934 ms (≥ 1 s) — overlong handler invocation or a §5.4 severance escape; watch transport_lease_overlong / transport_parked_commits
[2026-08-30T11:08:24Z ERROR fuse3::raw::connection::fuse_over_uring] transport payload lease held 1921 ms (≥ 1 s) — overlong handler invocation or a §5.4 severance escape; watch transport_lease_overlong / transport_parked_commits
[2026-08-30T11:08:24Z ERROR fuse3::raw::connection::fuse_over_uring] transport payload lease held 1867 ms (≥ 1 s) — overlong handler invocation or a §5.4 severance escape; watch transport_lease_overlong / transport_parked_commits
[2026-08-30T11:08:24Z ERROR fuse3::raw::connection::fuse_over_uring] transport payload lease held 1886 ms (≥ 1 s) — overlong handler invocation or a §5.4 severance escape; watch transport_lease_overlong / transport_parked_commits
[2026-08-30T11:08:24Z ERROR fuse3::raw::connection::fuse_over_uring] transport payload lease held 1760 ms (≥ 1 s) — overlong handler invocation or a §5.4 severance escape; watch transport_lease_overlong / transport_parked_commits
[2026-08-30T11:08:24Z ERROR fuse3::raw::connection::fuse_over_uring] transport payload lease held 1760 ms (≥ 1 s) — overlong handler invocation or a §5.4 severance escape; watch transport_lease_overlong / transport_parked_commits
[2026-08-30T11:08:24Z ERROR fuse3::raw::connection::fuse_over_uring] transport payload lease held 1759 ms (≥ 1 s) — overlong handler invocation or a §5.4 severance escape; watch transport_lease_overlong / transport_parked_commits
[2026-08-30T11:08:24Z ERROR fuse3::raw::connection::fuse_over_uring] transport payload lease held 1758 ms (≥ 1 s) — overlong handler invocation or a §5.4 severance escape; watch transport_lease_overlong / transport_parked_commits
[2026-08-30T11:08:24Z ERROR fuse3::raw::connection::fuse_over_uring] transport payload lease held 1765 ms (≥ 1 s) — overlong handler invocation or a §5.4 severance escape; watch transport_lease_overlong / transport_parked_commits
[2026-08-30T11:08:24Z ERROR fuse3::raw::connection::fuse_over_uring] transport payload lease held 1765 ms (≥ 1 s) — overlong handler invocation or a §5.4 severance escape; watch transport_lease_overlong / transport_parked_commits
[2026-08-30T11:08:24Z ERROR fuse3::raw::connection::fuse_over_uring] transport payload lease held 1797 ms (≥ 1 s) — overlong handler invocation or a §5.4 severance escape; watch transport_lease_overlong / transport_parked_commits
[2026-08-30T11:08:24Z ERROR fuse3::raw::connection::fuse_over_uring] transport payload lease held 1797 ms (≥ 1 s) — overlong handler invocation or a §5.4 severance escape; watch transport_lease_overlong / transport_parked_commits
[2026-08-30T11:08:24Z ERROR fuse3::raw::connection::fuse_over_uring] transport payload lease held 1766 ms (≥ 1 s) — overlong handler invocation or a §5.4 severance escape; watch transport_lease_overlong / transport_parked_commits
[2026-08-30T11:08:24Z ERROR fuse3::raw::connection::fuse_over_uring] transport payload lease held 1765 ms (≥ 1 s) — overlong handler invocation or a §5.4 severance escape; watch transport_lease_overlong / transport_parked_commits
[2026-08-30T11:08:24Z ERROR fuse3::raw::connection::fuse_over_uring] transport payload lease held 2138 ms (≥ 1 s) — overlong handler invocation or a §5.4 severance escape; watch transport_lease_overlong / transport_parked_commits
[2026-08-30T11:08:24Z ERROR fuse3::raw::connection::fuse_over_uring] transport payload lease held 1092 ms (≥ 1 s) — overlong handler invocation or a §5.4 severance escape; watch transport_lease_overlong / transport_parked_commits
[2026-08-30T11:08:24Z ERROR fuse3::raw::connection::fuse_over_uring] transport payload lease held 1065 ms (≥ 1 s) — overlong handler invocation or a §5.4 severance escape; watch transport_lease_overlong / transport_parked_commits
[2026-08-30T11:08:24Z ERROR fuse3::raw::connection::fuse_over_uring] transport payload lease held 2114 ms (≥ 1 s) — overlong handler invocation or a §5.4 severance escape; watch transport_lease_overlong / transport_parked_commits
[2026-08-30T11:08:24Z ERROR fuse3::raw::connection::fuse_over_uring] transport payload lease held 2054 ms (≥ 1 s) — overlong handler invocation or a §5.4 severance escape; watch transport_lease_overlong / transport_parked_commits
[2026-08-30T11:08:24Z ERROR fuse3::raw::connection::fuse_over_uring] transport payload lease held 2054 ms (≥ 1 s) — overlong handler invocation or a §5.4 severance escape; watch transport_lease_overlong / transport_parked_commits
[2026-08-30T11:08:24Z ERROR fuse3::raw::connection::fuse_over_uring] transport payload lease held 2005 ms (≥ 1 s) — overlong handler invocation or a §5.4 severance escape; watch transport_lease_overlong / transport_parked_commits
[2026-08-30T11:08:24Z ERROR fuse3::raw::connection::fuse_over_uring] transport payload lease held 1786 ms (≥ 1 s) — overlong handler invocation or a §5.4 severance escape; watch transport_lease_overlong / transport_parked_commits
[2026-08-30T11:08:24Z ERROR fuse3::raw::connection::fuse_over_uring] transport payload lease held 1786 ms (≥ 1 s) — overlong handler invocation or a §5.4 severance escape; watch transport_lease_overlong / transport_parked_commits
[2026-08-30T11:08:24Z ERROR fuse3::raw::connection::fuse_over_uring] transport payload lease held 1797 ms (≥ 1 s) — overlong handler invocation or a §5.4 severance escape; watch transport_lease_overlong / transport_parked_commits
[2026-08-30T11:08:24Z ERROR fuse3::raw::connection::fuse_over_uring] transport payload lease held 1820 ms (≥ 1 s) — overlong handler invocation or a §5.4 severance escape; watch transport_lease_overlong / transport_parked_commits
[2026-08-30T11:08:24Z ERROR fuse3::raw::connection::fuse_over_uring] transport payload lease held 1820 ms (≥ 1 s) — overlong handler invocation or a §5.4 severance escape; watch transport_lease_overlong / transport_parked_commits
[2026-08-30T11:08:24Z ERROR fuse3::raw::connection::fuse_over_uring] transport payload lease held 1827 ms (≥ 1 s) — overlong handler invocation or a §5.4 severance escape; watch transport_lease_overlong / transport_parked_commits
[2026-08-30T11:08:24Z ERROR fuse3::raw::connection::fuse_over_uring] transport payload lease held 1830 ms (≥ 1 s) — overlong handler invocation or a §5.4 severance escape; watch transport_lease_overlong / transport_parked_commits
[2026-08-30T11:08:24Z ERROR fuse3::raw::connection::fuse_over_uring] transport payload lease held 1917 ms (≥ 1 s) — overlong handler invocation or a §5.4 severance escape; watch transport_lease_overlong / transport_parked_commits
[2026-08-30T11:08:24Z ERROR fuse3::raw::connection::fuse_over_uring] transport payload lease held 1917 ms (≥ 1 s) — overlong handler invocation or a §5.4 severance escape; watch transport_lease_overlong / transport_parked_commits
[2026-08-30T11:08:24Z ERROR fuse3::raw::connection::fuse_over_uring] transport payload lease held 1917 ms (≥ 1 s) — overlong handler invocation or a §5.4 severance escape; watch transport_lease_overlong / transport_parked_commits
[2026-08-30T11:08:24Z ERROR fuse3::raw::connection::fuse_over_uring] transport payload lease held 1869 ms (≥ 1 s) — overlong handler invocation or a §5.4 severance escape; watch transport_lease_overlong / transport_parked_commits
[2026-08-30T11:08:24Z ERROR fuse3::raw::connection::fuse_over_uring] transport payload lease held 1869 ms (≥ 1 s) — overlong handler invocation or a §5.4 severance escape; watch transport_lease_overlong / transport_parked_commits
[2026-08-30T11:08:24Z ERROR fuse3::raw::connection::fuse_over_uring] transport payload lease held 1868 ms (≥ 1 s) — overlong handler invocation or a §5.4 severance escape; watch transport_lease_overlong / transport_parked_commits
[2026-08-30T11:08:24Z ERROR fuse3::raw::connection::fuse_over_uring] transport payload lease held 1868 ms (≥ 1 s) — overlong handler invocation or a §5.4 severance escape; watch transport_lease_overlong / transport_parked_commits
[2026-08-30T11:08:24Z ERROR fuse3::raw::connection::fuse_over_uring] transport payload lease held 1836 ms (≥ 1 s) — overlong handler invocation or a §5.4 severance escape; watch transport_lease_overlong / transport_parked_commits
[2026-08-30T11:08:24Z ERROR fuse3::raw::connection::fuse_over_uring] transport payload lease held 1836 ms (≥ 1 s) — overlong handler invocation or a §5.4 severance escape; watch transport_lease_overlong / transport_parked_commits
[2026-08-30T11:08:24Z ERROR fuse3::raw::connection::fuse_over_uring] transport payload lease held 1830 ms (≥ 1 s) — overlong handler invocation or a §5.4 severance escape; watch transport_lease_overlong / transport_parked_commits
[2026-08-30T11:08:24Z ERROR fuse3::raw::connection::fuse_over_uring] transport payload lease held 1830 ms (≥ 1 s) — overlong handler invocation or a §5.4 severance escape; watch transport_lease_overlong / transport_parked_commits
[2026-08-30T11:08:25Z ERROR fuse3::raw::connection::fuse_over_uring] transport payload lease held 1779 ms (≥ 1 s) — overlong handler invocation or a §5.4 severance escape; watch transport_lease_overlong / transport_parked_commits
[2026-08-30T11:08:25Z ERROR fuse3::raw::connection::fuse_over_uring] transport payload lease held 1740 ms (≥ 1 s) — overlong handler invocation or a §5.4 severance escape; watch transport_lease_overlong / transport_parked_commits
[2026-08-30T11:08:25Z ERROR fuse3::raw::connection::fuse_over_uring] transport payload lease held 1772 ms (≥ 1 s) — overlong handler invocation or a §5.4 severance escape; watch transport_lease_overlong / transport_parked_commits
[2026-08-30T11:08:25Z ERROR fuse3::raw::connection::fuse_over_uring] transport payload lease held 1740 ms (≥ 1 s) — overlong handler invocation or a §5.4 severance escape; watch transport_lease_overlong / transport_parked_commits
[2026-08-30T11:08:25Z ERROR fuse3::raw::connection::fuse_over_uring] transport payload lease held 1766 ms (≥ 1 s) — overlong handler invocation or a §5.4 severance escape; watch transport_lease_overlong / transport_parked_commits
[2026-08-30T11:08:25Z ERROR fuse3::raw::connection::fuse_over_uring] transport payload lease held 1766 ms (≥ 1 s) — overlong handler invocation or a §5.4 severance escape; watch transport_lease_overlong / transport_parked_commits
[2026-08-30T11:08:25Z ERROR fuse3::raw::connection::fuse_over_uring] transport payload lease held 1766 ms (≥ 1 s) — overlong handler invocation or a §5.4 severance escape; watch transport_lease_overlong / transport_parked_commits
[2026-08-30T11:08:25Z ERROR fuse3::raw::connection::fuse_over_uring] transport payload lease held 1766 ms (≥ 1 s) — overlong handler invocation or a §5.4 severance escape; watch transport_lease_overlong / transport_parked_commits
[2026-08-30T11:08:25Z ERROR fuse3::raw::connection::fuse_over_uring] transport payload lease held 1788 ms (≥ 1 s) — overlong handler invocation or a §5.4 severance escape; watch transport_lease_overlong / transport_parked_commits
[2026-08-30T11:08:25Z ERROR fuse3::raw::connection::fuse_over_uring] transport payload lease held 1779 ms (≥ 1 s) — overlong handler invocation or a §5.4 severance escape; watch transport_lease_overlong / transport_parked_commits
[2026-08-30T11:08:25Z ERROR fuse3::raw::connection::fuse_over_uring] transport payload lease held 1759 ms (≥ 1 s) — overlong handler invocation or a §5.4 severance escape; watch transport_lease_overlong / transport_parked_commits
[2026-08-30T11:08:25Z ERROR fuse3::raw::connection::fuse_over_uring] transport payload lease held 1776 ms (≥ 1 s) — overlong handler invocation or a §5.4 severance escape; watch transport_lease_overlong / transport_parked_commits
[2026-08-30T11:08:25Z ERROR fuse3::raw::connection::fuse_over_uring] transport payload lease held 1625 ms (≥ 1 s) — overlong handler invocation or a §5.4 severance escape; watch transport_lease_overlong / transport_parked_commits
[2026-08-30T11:08:25Z ERROR fuse3::raw::connection::fuse_over_uring] transport payload lease held 1632 ms (≥ 1 s) — overlong handler invocation or a §5.4 severance escape; watch transport_lease_overlong / transport_parked_commits
[2026-08-30T11:08:25Z ERROR fuse3::raw::connection::fuse_over_uring] transport payload lease held 1605 ms (≥ 1 s) — overlong handler invocation or a §5.4 severance escape; watch transport_lease_overlong / transport_parked_commits
[2026-08-30T11:08:25Z ERROR fuse3::raw::connection::fuse_over_uring] transport payload lease held 1614 ms (≥ 1 s) — overlong handler invocation or a §5.4 severance escape; watch transport_lease_overlong / transport_parked_commits
[2026-08-30T11:08:25Z ERROR fuse3::raw::connection::fuse_over_uring] transport payload lease held 1478 ms (≥ 1 s) — overlong handler invocation or a §5.4 severance escape; watch transport_lease_overlong / transport_parked_commits
[2026-08-30T11:08:25Z ERROR fuse3::raw::connection::fuse_over_uring] transport payload lease held 1478 ms (≥ 1 s) — overlong handler invocation or a §5.4 severance escape; watch transport_lease_overlong / transport_parked_commits
[2026-08-30T11:08:25Z ERROR fuse3::raw::connection::fuse_over_uring] transport payload lease held 1477 ms (≥ 1 s) — overlong handler invocation or a §5.4 severance escape; watch transport_lease_overlong / transport_parked_commits
[2026-08-30T11:08:25Z ERROR fuse3::raw::connection::fuse_over_uring] transport payload lease held 1469 ms (≥ 1 s) — overlong handler invocation or a §5.4 severance escape; watch transport_lease_overlong / transport_parked_commits
[2026-08-30T11:08:30Z ERROR fuse3::raw::connection::fuse_over_uring] transport payload lease held 1130 ms (≥ 1 s) — overlong handler invocation or a §5.4 severance escape; watch transport_lease_overlong / transport_parked_commits
[2026-08-30T11:08:30Z ERROR fuse3::raw::connection::fuse_over_uring] transport payload lease held 1104 ms (≥ 1 s) — overlong handler invocation or a §5.4 severance escape; watch transport_lease_overlong / transport_parked_commits
[2026-08-30T11:08:30Z ERROR fuse3::raw::connection::fuse_over_uring] transport payload lease held 1143 ms (≥ 1 s) — overlong handler invocation or a §5.4 severance escape; watch transport_lease_overlong / transport_parked_commits
[2026-08-30T11:08:30Z ERROR fuse3::raw::connection::fuse_over_uring] transport payload lease held 1143 ms (≥ 1 s) — overlong handler invocation or a §5.4 severance escape; watch transport_lease_overlong / transport_parked_commits
[2026-08-30T11:08:30Z ERROR fuse3::raw::connection::fuse_over_uring] transport payload lease held 1143 ms (≥ 1 s) — overlong handler invocation or a §5.4 severance escape; watch transport_lease_overlong / transport_parked_commits
[2026-08-30T11:08:30Z ERROR fuse3::raw::connection::fuse_over_uring] transport payload lease held 1162 ms (≥ 1 s) — overlong handler invocation or a §5.4 severance escape; watch transport_lease_overlong / transport_parked_commits
[2026-08-30T11:08:30Z ERROR fuse3::raw::connection::fuse_over_uring] transport payload lease held 1155 ms (≥ 1 s) — overlong handler invocation or a §5.4 severance escape; watch transport_lease_overlong / transport_parked_commits
[2026-08-30T11:08:30Z ERROR fuse3::raw::connection::fuse_over_uring] transport payload lease held 1139 ms (≥ 1 s) — overlong handler invocation or a §5.4 severance escape; watch transport_lease_overlong / transport_parked_commits
[2026-08-30T11:08:30Z ERROR fuse3::raw::connection::fuse_over_uring] transport payload lease held 1149 ms (≥ 1 s) — overlong handler invocation or a §5.4 severance escape; watch transport_lease_overlong / transport_parked_commits
[2026-08-30T11:08:30Z ERROR fuse3::raw::connection::fuse_over_uring] transport payload lease held 1109 ms (≥ 1 s) — overlong handler invocation or a §5.4 severance escape; watch transport_lease_overlong / transport_parked_commits
[2026-08-30T11:08:30Z ERROR fuse3::raw::connection::fuse_over_uring] transport payload lease held 1095 ms (≥ 1 s) — overlong handler invocation or a §5.4 severance escape; watch transport_lease_overlong / transport_parked_commits
[2026-08-30T11:08:30Z ERROR fuse3::raw::connection::fuse_over_uring] transport payload lease held 1090 ms (≥ 1 s) — overlong handler invocation or a §5.4 severance escape; watch transport_lease_overlong / transport_parked_commits
[2026-08-30T11:08:30Z ERROR fuse3::raw::connection::fuse_over_uring] transport payload lease held 1100 ms (≥ 1 s) — overlong handler invocation or a §5.4 severance escape; watch transport_lease_overlong / transport_parked_commits
[2026-08-30T11:08:30Z ERROR fuse3::raw::connection::fuse_over_uring] transport payload lease held 1070 ms (≥ 1 s) — overlong handler invocation or a §5.4 severance escape; watch transport_lease_overlong / transport_parked_commits
[2026-08-30T11:08:30Z ERROR fuse3::raw::connection::fuse_over_uring] transport payload lease held 1070 ms (≥ 1 s) — overlong handler invocation or a §5.4 severance escape; watch transport_lease_overlong / transport_parked_commits
[2026-08-30T11:08:30Z ERROR fuse3::raw::connection::fuse_over_uring] transport payload lease held 1065 ms (≥ 1 s) — overlong handler invocation or a §5.4 severance escape; watch transport_lease_overlong / transport_parked_commits
[2026-08-30T11:08:30Z ERROR fuse3::raw::connection::fuse_over_uring] transport payload lease held 1052 ms (≥ 1 s) — overlong handler invocation or a §5.4 severance escape; watch transport_lease_overlong / transport_parked_commits
[2026-08-30T11:08:30Z ERROR fuse3::raw::connection::fuse_over_uring] transport payload lease held 1044 ms (≥ 1 s) — overlong handler invocation or a §5.4 severance escape; watch transport_lease_overlong / transport_parked_commits
[2026-08-30T11:08:30Z ERROR fuse3::raw::connection::fuse_over_uring] transport payload lease held 1060 ms (≥ 1 s) — overlong handler invocation or a §5.4 severance escape; watch transport_lease_overlong / transport_parked_commits
[2026-08-30T11:08:30Z ERROR fuse3::raw::connection::fuse_over_uring] transport payload lease held 1060 ms (≥ 1 s) — overlong handler invocation or a §5.4 severance escape; watch transport_lease_overlong / transport_parked_commits
[2026-08-30T11:08:30Z ERROR fuse3::raw::connection::fuse_over_uring] transport payload lease held 1060 ms (≥ 1 s) — overlong handler invocation or a §5.4 severance escape; watch transport_lease_overlong / transport_parked_commits
[2026-08-30T11:08:30Z ERROR fuse3::raw::connection::fuse_over_uring] transport payload lease held 1060 ms (≥ 1 s) — overlong handler invocation or a §5.4 severance escape; watch transport_lease_overlong / transport_parked_commits
[2026-08-30T11:08:30Z ERROR fuse3::raw::connection::fuse_over_uring] transport payload lease held 1093 ms (≥ 1 s) — overlong handler invocation or a §5.4 severance escape; watch transport_lease_overlong / transport_parked_commits
[2026-08-30T11:08:30Z ERROR fuse3::raw::connection::fuse_over_uring] transport payload lease held 1093 ms (≥ 1 s) — overlong handler invocation or a §5.4 severance escape; watch transport_lease_overlong / transport_parked_commits
[2026-08-30T11:08:30Z ERROR fuse3::raw::connection::fuse_over_uring] transport payload lease held 1093 ms (≥ 1 s) — overlong handler invocation or a §5.4 severance escape; watch transport_lease_overlong / transport_parked_commits
[2026-08-30T11:08:30Z ERROR fuse3::raw::connection::fuse_over_uring] transport payload lease held 1092 ms (≥ 1 s) — overlong handler invocation or a §5.4 severance escape; watch transport_lease_overlong / transport_parked_commits
[2026-08-30T11:08:30Z ERROR fuse3::raw::connection::fuse_over_uring] transport payload lease held 1085 ms (≥ 1 s) — overlong handler invocation or a §5.4 severance escape; watch transport_lease_overlong / transport_parked_commits
[2026-08-30T11:08:30Z ERROR fuse3::raw::connection::fuse_over_uring] transport payload lease held 1085 ms (≥ 1 s) — overlong handler invocation or a §5.4 severance escape; watch transport_lease_overlong / transport_parked_commits
[2026-08-30T11:08:30Z ERROR fuse3::raw::connection::fuse_over_uring] transport payload lease held 1085 ms (≥ 1 s) — overlong handler invocation or a §5.4 severance escape; watch transport_lease_overlong / transport_parked_commits
[2026-08-30T11:08:30Z ERROR fuse3::raw::connection::fuse_over_uring] transport payload lease held 1085 ms (≥ 1 s) — overlong handler invocation or a §5.4 severance escape; watch transport_lease_overlong / transport_parked_commits
[2026-08-30T11:08:30Z ERROR fuse3::raw::connection::fuse_over_uring] transport payload lease held 1086 ms (≥ 1 s) — overlong handler invocation or a §5.4 severance escape; watch transport_lease_overlong / transport_parked_commits
[2026-08-30T11:08:30Z ERROR fuse3::raw::connection::fuse_over_uring] transport payload lease held 1086 ms (≥ 1 s) — overlong handler invocation or a §5.4 severance escape; watch transport_lease_overlong / transport_parked_commits
[2026-08-30T11:08:30Z ERROR fuse3::raw::connection::fuse_over_uring] transport payload lease held 1086 ms (≥ 1 s) — overlong handler invocation or a §5.4 severance escape; watch transport_lease_overlong / transport_parked_commits
[2026-08-30T11:08:30Z ERROR fuse3::raw::connection::fuse_over_uring] transport payload lease held 1086 ms (≥ 1 s) — overlong handler invocation or a §5.4 severance escape; watch transport_lease_overlong / transport_parked_commits
[2026-08-30T11:08:30Z ERROR fuse3::raw::connection::fuse_over_uring] transport payload lease held 1010 ms (≥ 1 s) — overlong handler invocation or a §5.4 severance escape; watch transport_lease_overlong / transport_parked_commits
[2026-08-30T11:08:30Z ERROR fuse3::raw::connection::fuse_over_uring] transport payload lease held 1020 ms (≥ 1 s) — overlong handler invocation or a §5.4 severance escape; watch transport_lease_overlong / transport_parked_commits
[2026-08-30T11:08:30Z ERROR fuse3::raw::connection::fuse_over_uring] transport payload lease held 1018 ms (≥ 1 s) — overlong handler invocation or a §5.4 severance escape; watch transport_lease_overlong / transport_parked_commits
[2026-08-30T11:08:30Z ERROR fuse3::raw::connection::fuse_over_uring] transport payload lease held 1018 ms (≥ 1 s) — overlong handler invocation or a §5.4 severance escape; watch transport_lease_overlong / transport_parked_commits
[2026-08-30T11:08:30Z ERROR fuse3::raw::connection::fuse_over_uring] transport payload lease held 1018 ms (≥ 1 s) — overlong handler invocation or a §5.4 severance escape; watch transport_lease_overlong / transport_parked_commits
[2026-08-30T11:08:30Z ERROR fuse3::raw::connection::fuse_over_uring] transport payload lease held 1130 ms (≥ 1 s) — overlong handler invocation or a §5.4 severance escape; watch transport_lease_overlong / transport_parked_commits
[2026-08-30T11:08:30Z ERROR fuse3::raw::connection::fuse_over_uring] transport payload lease held 1130 ms (≥ 1 s) — overlong handler invocation or a §5.4 severance escape; watch transport_lease_overlong / transport_parked_commits
[2026-08-30T11:08:30Z ERROR fuse3::raw::connection::fuse_over_uring] transport payload lease held 1124 ms (≥ 1 s) — overlong handler invocation or a §5.4 severance escape; watch transport_lease_overlong / transport_parked_commits
[2026-08-30T11:08:30Z ERROR fuse3::raw::connection::fuse_over_uring] transport payload lease held 1120 ms (≥ 1 s) — overlong handler invocation or a §5.4 severance escape; watch transport_lease_overlong / transport_parked_commits
[2026-08-30T11:08:30Z ERROR fuse3::raw::connection::fuse_over_uring] transport payload lease held 1189 ms (≥ 1 s) — overlong handler invocation or a §5.4 severance escape; watch transport_lease_overlong / transport_parked_commits
[2026-08-30T11:08:30Z ERROR fuse3::raw::connection::fuse_over_uring] transport payload lease held 1189 ms (≥ 1 s) — overlong handler invocation or a §5.4 severance escape; watch transport_lease_overlong / transport_parked_commits
[2026-08-30T11:08:30Z ERROR fuse3::raw::connection::fuse_over_uring] transport payload lease held 1189 ms (≥ 1 s) — overlong handler invocation or a §5.4 severance escape; watch transport_lease_overlong / transport_parked_commits
[2026-08-30T11:08:30Z ERROR fuse3::raw::connection::fuse_over_uring] transport payload lease held 1267 ms (≥ 1 s) — overlong handler invocation or a §5.4 severance escape; watch transport_lease_overlong / transport_parked_commits
[2026-08-30T11:08:30Z ERROR fuse3::raw::connection::fuse_over_uring] transport payload lease held 1127 ms (≥ 1 s) — overlong handler invocation or a §5.4 severance escape; watch transport_lease_overlong / transport_parked_commits
[2026-08-30T11:08:30Z ERROR fuse3::raw::connection::fuse_over_uring] transport payload lease held 1113 ms (≥ 1 s) — overlong handler invocation or a §5.4 severance escape; watch transport_lease_overlong / transport_parked_commits
[2026-08-30T11:08:30Z ERROR fuse3::raw::connection::fuse_over_uring] transport payload lease held 1112 ms (≥ 1 s) — overlong handler invocation or a §5.4 severance escape; watch transport_lease_overlong / transport_parked_commits
[2026-08-30T11:08:30Z ERROR fuse3::raw::connection::fuse_over_uring] transport payload lease held 1129 ms (≥ 1 s) — overlong handler invocation or a §5.4 severance escape; watch transport_lease_overlong / transport_parked_commits
[2026-08-30T11:08:30Z ERROR fuse3::raw::connection::fuse_over_uring] transport payload lease held 1128 ms (≥ 1 s) — overlong handler invocation or a §5.4 severance escape; watch transport_lease_overlong / transport_parked_commits
[2026-08-30T11:08:30Z ERROR fuse3::raw::connection::fuse_over_uring] transport payload lease held 1128 ms (≥ 1 s) — overlong handler invocation or a §5.4 severance escape; watch transport_lease_overlong / transport_parked_commits
[2026-08-30T11:08:30Z ERROR fuse3::raw::connection::fuse_over_uring] transport payload lease held 1128 ms (≥ 1 s) — overlong handler invocation or a §5.4 severance escape; watch transport_lease_overlong / transport_parked_commits
[2026-08-30T11:08:34Z ERROR fuse3::raw::connection::fuse_over_uring] transport payload lease held 1081 ms (≥ 1 s) — overlong handler invocation or a §5.4 severance escape; watch transport_lease_overlong / transport_parked_commits
[2026-08-30T11:08:34Z ERROR fuse3::raw::connection::fuse_over_uring] transport payload lease held 1081 ms (≥ 1 s) — overlong handler invocation or a §5.4 severance escape; watch transport_lease_overlong / transport_parked_commits
[2026-08-30T11:08:34Z ERROR fuse3::raw::connection::fuse_over_uring] transport payload lease held 1074 ms (≥ 1 s) — overlong handler invocation or a §5.4 severance escape; watch transport_lease_overlong / transport_parked_commits
[2026-08-30T11:08:34Z ERROR fuse3::raw::connection::fuse_over_uring] transport payload lease held 1058 ms (≥ 1 s) — overlong handler invocation or a §5.4 severance escape; watch transport_lease_overlong / transport_parked_commits
[2026-08-30T11:08:34Z ERROR fuse3::raw::connection::fuse_over_uring] transport payload lease held 1163 ms (≥ 1 s) — overlong handler invocation or a §5.4 severance escape; watch transport_lease_overlong / transport_parked_commits
[2026-08-30T11:08:34Z ERROR fuse3::raw::connection::fuse_over_uring] transport payload lease held 1163 ms (≥ 1 s) — overlong handler invocation or a §5.4 severance escape; watch transport_lease_overlong / transport_parked_commits
[2026-08-30T11:08:34Z ERROR fuse3::raw::connection::fuse_over_uring] transport payload lease held 1150 ms (≥ 1 s) — overlong handler invocation or a §5.4 severance escape; watch transport_lease_overlong / transport_parked_commits
[2026-08-30T11:08:34Z ERROR fuse3::raw::connection::fuse_over_uring] transport payload lease held 1107 ms (≥ 1 s) — overlong handler invocation or a §5.4 severance escape; watch transport_lease_overlong / transport_parked_commits
[2026-08-30T11:08:34Z ERROR fuse3::raw::connection::fuse_over_uring] transport payload lease held 1123 ms (≥ 1 s) — overlong handler invocation or a §5.4 severance escape; watch transport_lease_overlong / transport_parked_commits
[2026-08-30T11:08:34Z ERROR fuse3::raw::connection::fuse_over_uring] transport payload lease held 1123 ms (≥ 1 s) — overlong handler invocation or a §5.4 severance escape; watch transport_lease_overlong / transport_parked_commits
[2026-08-30T11:08:34Z ERROR fuse3::raw::connection::fuse_over_uring] transport payload lease held 1235 ms (≥ 1 s) — overlong handler invocation or a §5.4 severance escape; watch transport_lease_overlong / transport_parked_commits
[2026-08-30T11:08:34Z ERROR fuse3::raw::connection::fuse_over_uring] transport payload lease held 1232 ms (≥ 1 s) — overlong handler invocation or a §5.4 severance escape; watch transport_lease_overlong / transport_parked_commits
[2026-08-30T11:08:34Z ERROR fuse3::raw::connection::fuse_over_uring] transport payload lease held 1229 ms (≥ 1 s) — overlong handler invocation or a §5.4 severance escape; watch transport_lease_overlong / transport_parked_commits
[2026-08-30T11:08:34Z ERROR fuse3::raw::connection::fuse_over_uring] transport payload lease held 1230 ms (≥ 1 s) — overlong handler invocation or a §5.4 severance escape; watch transport_lease_overlong / transport_parked_commits
[2026-08-30T11:08:34Z ERROR fuse3::raw::connection::fuse_over_uring] transport payload lease held 1237 ms (≥ 1 s) — overlong handler invocation or a §5.4 severance escape; watch transport_lease_overlong / transport_parked_commits
[2026-08-30T11:08:34Z ERROR fuse3::raw::connection::fuse_over_uring] transport payload lease held 1236 ms (≥ 1 s) — overlong handler invocation or a §5.4 severance escape; watch transport_lease_overlong / transport_parked_commits
[2026-08-30T11:08:34Z ERROR fuse3::raw::connection::fuse_over_uring] transport payload lease held 1235 ms (≥ 1 s) — overlong handler invocation or a §5.4 severance escape; watch transport_lease_overlong / transport_parked_commits
[2026-08-30T11:08:34Z ERROR fuse3::raw::connection::fuse_over_uring] transport payload lease held 1236 ms (≥ 1 s) — overlong handler invocation or a §5.4 severance escape; watch transport_lease_overlong / transport_parked_commits
[2026-08-30T11:08:34Z ERROR fuse3::raw::connection::fuse_over_uring] transport payload lease held 1182 ms (≥ 1 s) — overlong handler invocation or a §5.4 severance escape; watch transport_lease_overlong / transport_parked_commits
[2026-08-30T11:08:34Z ERROR fuse3::raw::connection::fuse_over_uring] transport payload lease held 1178 ms (≥ 1 s) — overlong handler invocation or a §5.4 severance escape; watch transport_lease_overlong / transport_parked_commits
[2026-08-30T11:08:34Z ERROR fuse3::raw::connection::fuse_over_uring] transport payload lease held 1178 ms (≥ 1 s) — overlong handler invocation or a §5.4 severance escape; watch transport_lease_overlong / transport_parked_commits
[2026-08-30T11:08:34Z ERROR fuse3::raw::connection::fuse_over_uring] transport payload lease held 1173 ms (≥ 1 s) — overlong handler invocation or a §5.4 severance escape; watch transport_lease_overlong / transport_parked_commits
[2026-08-30T11:08:34Z ERROR fuse3::raw::connection::fuse_over_uring] transport payload lease held 1187 ms (≥ 1 s) — overlong handler invocation or a §5.4 severance escape; watch transport_lease_overlong / transport_parked_commits
[2026-08-30T11:08:34Z ERROR fuse3::raw::connection::fuse_over_uring] transport payload lease held 1188 ms (≥ 1 s) — overlong handler invocation or a §5.4 severance escape; watch transport_lease_overlong / transport_parked_commits
[2026-08-30T11:08:34Z ERROR fuse3::raw::connection::fuse_over_uring] transport payload lease held 1184 ms (≥ 1 s) — overlong handler invocation or a §5.4 severance escape; watch transport_lease_overlong / transport_parked_commits
[2026-08-30T11:08:34Z ERROR fuse3::raw::connection::fuse_over_uring] transport payload lease held 1184 ms (≥ 1 s) — overlong handler invocation or a §5.4 severance escape; watch transport_lease_overlong / transport_parked_commits
[2026-08-30T11:08:35Z ERROR fuse3::raw::connection::fuse_over_uring] transport payload lease held 1228 ms (≥ 1 s) — overlong handler invocation or a §5.4 severance escape; watch transport_lease_overlong / transport_parked_commits
[2026-08-30T11:08:35Z ERROR fuse3::raw::connection::fuse_over_uring] transport payload lease held 1228 ms (≥ 1 s) — overlong handler invocation or a §5.4 severance escape; watch transport_lease_overlong / transport_parked_commits
[2026-08-30T11:08:35Z ERROR fuse3::raw::connection::fuse_over_uring] transport payload lease held 1228 ms (≥ 1 s) — overlong handler invocation or a §5.4 severance escape; watch transport_lease_overlong / transport_parked_commits
[2026-08-30T11:08:35Z ERROR fuse3::raw::connection::fuse_over_uring] transport payload lease held 1229 ms (≥ 1 s) — overlong handler invocation or a §5.4 severance escape; watch transport_lease_overlong / transport_parked_commits
[2026-08-30T11:08:35Z ERROR fuse3::raw::connection::fuse_over_uring] transport payload lease held 1243 ms (≥ 1 s) — overlong handler invocation or a §5.4 severance escape; watch transport_lease_overlong / transport_parked_commits
[2026-08-30T11:08:35Z ERROR fuse3::raw::connection::fuse_over_uring] transport payload lease held 1243 ms (≥ 1 s) — overlong handler invocation or a §5.4 severance escape; watch transport_lease_overlong / transport_parked_commits
[2026-08-30T11:08:35Z ERROR fuse3::raw::connection::fuse_over_uring] transport payload lease held 1243 ms (≥ 1 s) — overlong handler invocation or a §5.4 severance escape; watch transport_lease_overlong / transport_parked_commits
[2026-08-30T11:08:35Z ERROR fuse3::raw::connection::fuse_over_uring] transport payload lease held 1191 ms (≥ 1 s) — overlong handler invocation or a §5.4 severance escape; watch transport_lease_overlong / transport_parked_commits
[2026-08-30T11:08:35Z ERROR fuse3::raw::connection::fuse_over_uring] transport payload lease held 1191 ms (≥ 1 s) — overlong handler invocation or a §5.4 severance escape; watch transport_lease_overlong / transport_parked_commits
[2026-08-30T11:08:35Z ERROR fuse3::raw::connection::fuse_over_uring] transport payload lease held 1191 ms (≥ 1 s) — overlong handler invocation or a §5.4 severance escape; watch transport_lease_overlong / transport_parked_commits
[2026-08-30T11:08:35Z ERROR fuse3::raw::connection::fuse_over_uring] transport payload lease held 1191 ms (≥ 1 s) — overlong handler invocation or a §5.4 severance escape; watch transport_lease_overlong / transport_parked_commits
[2026-08-30T11:08:35Z ERROR fuse3::raw::connection::fuse_over_uring] transport payload lease held 1126 ms (≥ 1 s) — overlong handler invocation or a §5.4 severance escape; watch transport_lease_overlong / transport_parked_commits
[2026-08-30T11:08:35Z ERROR fuse3::raw::connection::fuse_over_uring] transport payload lease held 1125 ms (≥ 1 s) — overlong handler invocation or a §5.4 severance escape; watch transport_lease_overlong / transport_parked_commits
[2026-08-30T11:08:35Z ERROR fuse3::raw::connection::fuse_over_uring] transport payload lease held 1125 ms (≥ 1 s) — overlong handler invocation or a §5.4 severance escape; watch transport_lease_overlong / transport_parked_commits
[2026-08-30T11:08:35Z WARN  squeezefs::block_allocator] co-writer: abandoning never-published block offset(s) leak-safe (volume 'nvme7n1', first offset 128534446080): the publish that would have named them failed or refused, and a co-writer may not mutate ownership accounting — the next derivation (mount recovery / fsck C6) returns them to the free supply (cowriter_unpublished_abandons; further offsets at debug level)
[2026-08-30T11:08:36Z ERROR fuse3::raw::connection::fuse_over_uring] transport payload lease held 1956 ms (≥ 1 s) — overlong handler invocation or a §5.4 severance escape; watch transport_lease_overlong / transport_parked_commits
[2026-08-30T11:08:36Z ERROR fuse3::raw::connection::fuse_over_uring] transport payload lease held 1957 ms (≥ 1 s) — overlong handler invocation or a §5.4 severance escape; watch transport_lease_overlong / transport_parked_commits
[2026-08-30T11:08:36Z ERROR fuse3::raw::connection::fuse_over_uring] transport payload lease held 1957 ms (≥ 1 s) — overlong handler invocation or a §5.4 severance escape; watch transport_lease_overlong / transport_parked_commits
[2026-08-30T11:08:36Z ERROR fuse3::raw::connection::fuse_over_uring] transport payload lease held 1957 ms (≥ 1 s) — overlong handler invocation or a §5.4 severance escape; watch transport_lease_overlong / transport_parked_commits
[2026-08-30T11:08:38Z ERROR fuse3::raw::connection::fuse_over_uring] transport payload lease held 1004 ms (≥ 1 s) — overlong handler invocation or a §5.4 severance escape; watch transport_lease_overlong / transport_parked_commits
[2026-08-30T11:08:38Z ERROR fuse3::raw::connection::fuse_over_uring] transport payload lease held 1005 ms (≥ 1 s) — overlong handler invocation or a §5.4 severance escape; watch transport_lease_overlong / transport_parked_commits
[2026-08-30T11:08:38Z ERROR fuse3::raw::connection::fuse_over_uring] transport payload lease held 1005 ms (≥ 1 s) — overlong handler invocation or a §5.4 severance escape; watch transport_lease_overlong / transport_parked_commits
[2026-08-30T11:08:38Z ERROR fuse3::raw::connection::fuse_over_uring] transport payload lease held 1005 ms (≥ 1 s) — overlong handler invocation or a §5.4 severance escape; watch transport_lease_overlong / transport_parked_commits
[2026-08-30T11:08:39Z ERROR fuse3::raw::connection::fuse_over_uring] transport payload lease held 1525 ms (≥ 1 s) — overlong handler invocation or a §5.4 severance escape; watch transport_lease_overlong / transport_parked_commits
[2026-08-30T11:08:39Z ERROR fuse3::raw::connection::fuse_over_uring] transport payload lease held 1180 ms (≥ 1 s) — overlong handler invocation or a §5.4 severance escape; watch transport_lease_overlong / transport_parked_commits
[2026-08-30T11:08:39Z ERROR fuse3::raw::connection::fuse_over_uring] transport payload lease held 1149 ms (≥ 1 s) — overlong handler invocation or a §5.4 severance escape; watch transport_lease_overlong / transport_parked_commits
[2026-08-30T11:08:39Z ERROR fuse3::raw::connection::fuse_over_uring] transport payload lease held 1086 ms (≥ 1 s) — overlong handler invocation or a §5.4 severance escape; watch transport_lease_overlong / transport_parked_commits
[2026-08-30T11:08:39Z ERROR fuse3::raw::connection::fuse_over_uring] transport payload lease held 1086 ms (≥ 1 s) — overlong handler invocation or a §5.4 severance escape; watch transport_lease_overlong / transport_parked_commits
[2026-08-30T11:08:39Z ERROR fuse3::raw::connection::fuse_over_uring] transport payload lease held 1016 ms (≥ 1 s) — overlong handler invocation or a §5.4 severance escape; watch transport_lease_overlong / transport_parked_commits
[2026-08-30T11:08:39Z ERROR fuse3::raw::connection::fuse_over_uring] transport payload lease held 1006 ms (≥ 1 s) — overlong handler invocation or a §5.4 severance escape; watch transport_lease_overlong / transport_parked_commits
[2026-08-30T11:08:39Z ERROR fuse3::raw::connection::fuse_over_uring] transport payload lease held 1469 ms (≥ 1 s) — overlong handler invocation or a §5.4 severance escape; watch transport_lease_overlong / transport_parked_commits
[2026-08-30T11:08:39Z ERROR fuse3::raw::connection::fuse_over_uring] transport payload lease held 1469 ms (≥ 1 s) — overlong handler invocation or a §5.4 severance escape; watch transport_lease_overlong / transport_parked_commits
[2026-08-30T11:08:45Z ERROR fuse3::raw::connection::fuse_over_uring] transport payload lease held 1092 ms (≥ 1 s) — overlong handler invocation or a §5.4 severance escape; watch transport_lease_overlong / transport_parked_commits
[2026-08-30T11:08:45Z ERROR fuse3::raw::connection::fuse_over_uring] transport payload lease held 1089 ms (≥ 1 s) — overlong handler invocation or a §5.4 severance escape; watch transport_lease_overlong / transport_parked_commits
[2026-08-30T11:08:45Z ERROR fuse3::raw::connection::fuse_over_uring] transport payload lease held 1085 ms (≥ 1 s) — overlong handler invocation or a §5.4 severance escape; watch transport_lease_overlong / transport_parked_commits
[2026-08-30T11:08:45Z ERROR fuse3::raw::connection::fuse_over_uring] transport payload lease held 1078 ms (≥ 1 s) — overlong handler invocation or a §5.4 severance escape; watch transport_lease_overlong / transport_parked_commits
[2026-08-30T11:08:45Z ERROR fuse3::raw::connection::fuse_over_uring] transport payload lease held 1071 ms (≥ 1 s) — overlong handler invocation or a §5.4 severance escape; watch transport_lease_overlong / transport_parked_commits
[2026-08-30T11:08:45Z ERROR fuse3::raw::connection::fuse_over_uring] transport payload lease held 1078 ms (≥ 1 s) — overlong handler invocation or a §5.4 severance escape; watch transport_lease_overlong / transport_parked_commits
[2026-08-30T11:08:45Z ERROR fuse3::raw::connection::fuse_over_uring] transport payload lease held 1066 ms (≥ 1 s) — overlong handler invocation or a §5.4 severance escape; watch transport_lease_overlong / transport_parked_commits
[2026-08-30T11:08:45Z ERROR fuse3::raw::connection::fuse_over_uring] transport payload lease held 1064 ms (≥ 1 s) — overlong handler invocation or a §5.4 severance escape; watch transport_lease_overlong / transport_parked_commits
[2026-08-30T11:08:45Z ERROR fuse3::raw::connection::fuse_over_uring] transport payload lease held 1027 ms (≥ 1 s) — overlong handler invocation or a §5.4 severance escape; watch transport_lease_overlong / transport_parked_commits
[2026-08-30T11:08:45Z ERROR fuse3::raw::connection::fuse_over_uring] transport payload lease held 1098 ms (≥ 1 s) — overlong handler invocation or a §5.4 severance escape; watch transport_lease_overlong / transport_parked_commits
[2026-08-30T11:08:45Z ERROR fuse3::raw::connection::fuse_over_uring] transport payload lease held 1098 ms (≥ 1 s) — overlong handler invocation or a §5.4 severance escape; watch transport_lease_overlong / transport_parked_commits
[2026-08-30T11:08:45Z ERROR fuse3::raw::connection::fuse_over_uring] transport payload lease held 1097 ms (≥ 1 s) — overlong handler invocation or a §5.4 severance escape; watch transport_lease_overlong / transport_parked_commits
[2026-08-30T11:08:45Z ERROR fuse3::raw::connection::fuse_over_uring] transport payload lease held 1007 ms (≥ 1 s) — overlong handler invocation or a §5.4 severance escape; watch transport_lease_overlong / transport_parked_commits
[2026-08-30T11:08:45Z ERROR fuse3::raw::connection::fuse_over_uring] transport payload lease held 1008 ms (≥ 1 s) — overlong handler invocation or a §5.4 severance escape; watch transport_lease_overlong / transport_parked_commits
[2026-08-30T11:08:45Z ERROR fuse3::raw::connection::fuse_over_uring] transport payload lease held 1008 ms (≥ 1 s) — overlong handler invocation or a §5.4 severance escape; watch transport_lease_overlong / transport_parked_commits
[2026-08-30T11:08:45Z ERROR fuse3::raw::connection::fuse_over_uring] transport payload lease held 1043 ms (≥ 1 s) — overlong handler invocation or a §5.4 severance escape; watch transport_lease_overlong / transport_parked_commits
[2026-08-30T11:08:45Z ERROR fuse3::raw::connection::fuse_over_uring] transport payload lease held 1043 ms (≥ 1 s) — overlong handler invocation or a §5.4 severance escape; watch transport_lease_overlong / transport_parked_commits
[2026-08-30T11:08:45Z ERROR fuse3::raw::connection::fuse_over_uring] transport payload lease held 1403 ms (≥ 1 s) — overlong handler invocation or a §5.4 severance escape; watch transport_lease_overlong / transport_parked_commits
[2026-08-30T11:08:45Z ERROR fuse3::raw::connection::fuse_over_uring] transport payload lease held 1403 ms (≥ 1 s) — overlong handler invocation or a §5.4 severance escape; watch transport_lease_overlong / transport_parked_commits
[2026-08-30T11:08:45Z ERROR fuse3::raw::connection::fuse_over_uring] transport payload lease held 1403 ms (≥ 1 s) — overlong handler invocation or a §5.4 severance escape; watch transport_lease_overlong / transport_parked_commits
[2026-08-30T11:08:45Z ERROR fuse3::raw::connection::fuse_over_uring] transport payload lease held 1403 ms (≥ 1 s) — overlong handler invocation or a §5.4 severance escape; watch transport_lease_overlong / transport_parked_commits
[2026-08-30T11:08:45Z ERROR fuse3::raw::connection::fuse_over_uring] transport payload lease held 1314 ms (≥ 1 s) — overlong handler invocation or a §5.4 severance escape; watch transport_lease_overlong / transport_parked_commits
[2026-08-30T11:08:45Z ERROR fuse3::raw::connection::fuse_over_uring] transport payload lease held 1335 ms (≥ 1 s) — overlong handler invocation or a §5.4 severance escape; watch transport_lease_overlong / transport_parked_commits
[2026-08-30T11:08:45Z ERROR fuse3::raw::connection::fuse_over_uring] transport payload lease held 1338 ms (≥ 1 s) — overlong handler invocation or a §5.4 severance escape; watch transport_lease_overlong / transport_parked_commits
[2026-08-30T11:08:46Z ERROR fuse3::raw::connection::fuse_over_uring] transport payload lease held 1474 ms (≥ 1 s) — overlong handler invocation or a §5.4 severance escape; watch transport_lease_overlong / transport_parked_commits
[2026-08-30T11:08:46Z ERROR fuse3::raw::connection::fuse_over_uring] transport payload lease held 1474 ms (≥ 1 s) — overlong handler invocation or a §5.4 severance escape; watch transport_lease_overlong / transport_parked_commits
[2026-08-30T11:08:46Z ERROR fuse3::raw::connection::fuse_over_uring] transport payload lease held 1476 ms (≥ 1 s) — overlong handler invocation or a §5.4 severance escape; watch transport_lease_overlong / transport_parked_commits
[2026-08-30T11:08:46Z ERROR fuse3::raw::connection::fuse_over_uring] transport payload lease held 1483 ms (≥ 1 s) — overlong handler invocation or a §5.4 severance escape; watch transport_lease_overlong / transport_parked_commits
[2026-08-30T11:08:46Z ERROR fuse3::raw::connection::fuse_over_uring] transport payload lease held 1250 ms (≥ 1 s) — overlong handler invocation or a §5.4 severance escape; watch transport_lease_overlong / transport_parked_commits
[2026-08-30T11:08:46Z ERROR fuse3::raw::connection::fuse_over_uring] transport payload lease held 1237 ms (≥ 1 s) — overlong handler invocation or a §5.4 severance escape; watch transport_lease_overlong / transport_parked_commits
[2026-08-30T11:08:46Z ERROR fuse3::raw::connection::fuse_over_uring] transport payload lease held 1133 ms (≥ 1 s) — overlong handler invocation or a §5.4 severance escape; watch transport_lease_overlong / transport_parked_commits
[2026-08-30T11:08:46Z ERROR fuse3::raw::connection::fuse_over_uring] transport payload lease held 1694 ms (≥ 1 s) — overlong handler invocation or a §5.4 severance escape; watch transport_lease_overlong / transport_parked_commits
[2026-08-30T11:08:46Z ERROR fuse3::raw::connection::fuse_over_uring] transport payload lease held 1694 ms (≥ 1 s) — overlong handler invocation or a §5.4 severance escape; watch transport_lease_overlong / transport_parked_commits
[2026-08-30T11:08:46Z ERROR fuse3::raw::connection::fuse_over_uring] transport payload lease held 1694 ms (≥ 1 s) — overlong handler invocation or a §5.4 severance escape; watch transport_lease_overlong / transport_parked_commits
[2026-08-30T11:08:46Z ERROR fuse3::raw::connection::fuse_over_uring] transport payload lease held 1697 ms (≥ 1 s) — overlong handler invocation or a §5.4 severance escape; watch transport_lease_overlong / transport_parked_commits
[2026-08-30T11:08:46Z ERROR fuse3::raw::connection::fuse_over_uring] transport payload lease held 1697 ms (≥ 1 s) — overlong handler invocation or a §5.4 severance escape; watch transport_lease_overlong / transport_parked_commits
[2026-08-30T11:08:46Z ERROR fuse3::raw::connection::fuse_over_uring] transport payload lease held 1332 ms (≥ 1 s) — overlong handler invocation or a §5.4 severance escape; watch transport_lease_overlong / transport_parked_commits
[2026-08-30T11:08:46Z ERROR fuse3::raw::connection::fuse_over_uring] transport payload lease held 1332 ms (≥ 1 s) — overlong handler invocation or a §5.4 severance escape; watch transport_lease_overlong / transport_parked_commits
[2026-08-30T11:08:46Z ERROR fuse3::raw::connection::fuse_over_uring] transport payload lease held 1281 ms (≥ 1 s) — overlong handler invocation or a §5.4 severance escape; watch transport_lease_overlong / transport_parked_commits
[2026-08-30T11:08:46Z ERROR fuse3::raw::connection::fuse_over_uring] transport payload lease held 1419 ms (≥ 1 s) — overlong handler invocation or a §5.4 severance escape; watch transport_lease_overlong / transport_parked_commits
[2026-08-30T11:08:46Z ERROR fuse3::raw::connection::fuse_over_uring] transport payload lease held 1419 ms (≥ 1 s) — overlong handler invocation or a §5.4 severance escape; watch transport_lease_overlong / transport_parked_commits
[2026-08-30T11:08:46Z ERROR fuse3::raw::connection::fuse_over_uring] transport payload lease held 1419 ms (≥ 1 s) — overlong handler invocation or a §5.4 severance escape; watch transport_lease_overlong / transport_parked_commits
[2026-08-30T11:08:46Z ERROR fuse3::raw::connection::fuse_over_uring] transport payload lease held 1284 ms (≥ 1 s) — overlong handler invocation or a §5.4 severance escape; watch transport_lease_overlong / transport_parked_commits
[2026-08-30T11:08:46Z ERROR fuse3::raw::connection::fuse_over_uring] transport payload lease held 1272 ms (≥ 1 s) — overlong handler invocation or a §5.4 severance escape; watch transport_lease_overlong / transport_parked_commits
[2026-08-30T11:08:46Z ERROR fuse3::raw::connection::fuse_over_uring] transport payload lease held 1271 ms (≥ 1 s) — overlong handler invocation or a §5.4 severance escape; watch transport_lease_overlong / transport_parked_commits
[2026-08-30T11:08:46Z ERROR fuse3::raw::connection::fuse_over_uring] transport payload lease held 1226 ms (≥ 1 s) — overlong handler invocation or a §5.4 severance escape; watch transport_lease_overlong / transport_parked_commits
[2026-08-30T11:08:46Z ERROR fuse3::raw::connection::fuse_over_uring] transport payload lease held 1214 ms (≥ 1 s) — overlong handler invocation or a §5.4 severance escape; watch transport_lease_overlong / transport_parked_commits
[2026-08-30T11:08:46Z ERROR fuse3::raw::connection::fuse_over_uring] transport payload lease held 1963 ms (≥ 1 s) — overlong handler invocation or a §5.4 severance escape; watch transport_lease_overlong / transport_parked_commits
[2026-08-30T11:08:46Z WARN  squeezefs::block_allocator] co-writer: abandoning never-published block offset(s) leak-safe (volume 'nvme5n1', first offset 141083803648): the publish that would have named them failed or refused, and a co-writer may not mutate ownership accounting — the next derivation (mount recovery / fsck C6) returns them to the free supply (cowriter_unpublished_abandons; further offsets at debug level)
[2026-08-30T11:08:46Z ERROR fuse3::raw::connection::fuse_over_uring] transport payload lease held 1880 ms (≥ 1 s) — overlong handler invocation or a §5.4 severance escape; watch transport_lease_overlong / transport_parked_commits
[2026-08-30T11:08:46Z ERROR fuse3::raw::connection::fuse_over_uring] transport payload lease held 1881 ms (≥ 1 s) — overlong handler invocation or a §5.4 severance escape; watch transport_lease_overlong / transport_parked_commits
[2026-08-30T11:08:46Z ERROR fuse3::raw::connection::fuse_over_uring] transport payload lease held 1881 ms (≥ 1 s) — overlong handler invocation or a §5.4 severance escape; watch transport_lease_overlong / transport_parked_commits
[2026-08-30T11:08:46Z ERROR fuse3::raw::connection::fuse_over_uring] transport payload lease held 1881 ms (≥ 1 s) — overlong handler invocation or a §5.4 severance escape; watch transport_lease_overlong / transport_parked_commits
[2026-08-30T11:08:46Z ERROR fuse3::raw::connection::fuse_over_uring] transport payload lease held 1509 ms (≥ 1 s) — overlong handler invocation or a §5.4 severance escape; watch transport_lease_overlong / transport_parked_commits
[2026-08-30T11:08:46Z ERROR fuse3::raw::connection::fuse_over_uring] transport payload lease held 1509 ms (≥ 1 s) — overlong handler invocation or a §5.4 severance escape; watch transport_lease_overlong / transport_parked_commits
[2026-08-30T11:08:46Z ERROR fuse3::raw::connection::fuse_over_uring] transport payload lease held 1509 ms (≥ 1 s) — overlong handler invocation or a §5.4 severance escape; watch transport_lease_overlong / transport_parked_commits
[2026-08-30T11:08:46Z ERROR fuse3::raw::connection::fuse_over_uring] transport payload lease held 1509 ms (≥ 1 s) — overlong handler invocation or a §5.4 severance escape; watch transport_lease_overlong / transport_parked_commits
[2026-08-30T11:08:46Z ERROR fuse3::raw::connection::fuse_over_uring] transport payload lease held 1546 ms (≥ 1 s) — overlong handler invocation or a §5.4 severance escape; watch transport_lease_overlong / transport_parked_commits
[2026-08-30T11:08:46Z ERROR fuse3::raw::connection::fuse_over_uring] transport payload lease held 1546 ms (≥ 1 s) — overlong handler invocation or a §5.4 severance escape; watch transport_lease_overlong / transport_parked_commits
[2026-08-30T11:08:46Z ERROR fuse3::raw::connection::fuse_over_uring] transport payload lease held 1546 ms (≥ 1 s) — overlong handler invocation or a §5.4 severance escape; watch transport_lease_overlong / transport_parked_commits
[2026-08-30T11:08:46Z ERROR fuse3::raw::connection::fuse_over_uring] transport payload lease held 1547 ms (≥ 1 s) — overlong handler invocation or a §5.4 severance escape; watch transport_lease_overlong / transport_parked_commits
[2026-08-30T11:08:46Z ERROR fuse3::raw::connection::fuse_over_uring] transport payload lease held 2054 ms (≥ 1 s) — overlong handler invocation or a §5.4 severance escape; watch transport_lease_overlong / transport_parked_commits
[2026-08-30T11:08:46Z ERROR fuse3::raw::connection::fuse_over_uring] transport payload lease held 2056 ms (≥ 1 s) — overlong handler invocation or a §5.4 severance escape; watch transport_lease_overlong / transport_parked_commits
[2026-08-30T11:08:46Z ERROR fuse3::raw::connection::fuse_over_uring] transport payload lease held 2055 ms (≥ 1 s) — overlong handler invocation or a §5.4 severance escape; watch transport_lease_overlong / transport_parked_commits
[2026-08-30T11:08:46Z ERROR fuse3::raw::connection::fuse_over_uring] transport payload lease held 2054 ms (≥ 1 s) — overlong handler invocation or a §5.4 severance escape; watch transport_lease_overlong / transport_parked_commits
[2026-08-30T11:08:49Z ERROR fuse3::raw::connection::fuse_over_uring] transport payload lease held 1141 ms (≥ 1 s) — overlong handler invocation or a §5.4 severance escape; watch transport_lease_overlong / transport_parked_commits
[2026-08-30T11:08:49Z ERROR fuse3::raw::connection::fuse_over_uring] transport payload lease held 1140 ms (≥ 1 s) — overlong handler invocation or a §5.4 severance escape; watch transport_lease_overlong / transport_parked_commits
[2026-08-30T11:08:49Z ERROR fuse3::raw::connection::fuse_over_uring] transport payload lease held 1074 ms (≥ 1 s) — overlong handler invocation or a §5.4 severance escape; watch transport_lease_overlong / transport_parked_commits
[2026-08-30T11:08:50Z ERROR fuse3::raw::connection::fuse_over_uring] transport payload lease held 1029 ms (≥ 1 s) — overlong handler invocation or a §5.4 severance escape; watch transport_lease_overlong / transport_parked_commits
[2026-08-30T11:08:50Z ERROR fuse3::raw::connection::fuse_over_uring] transport payload lease held 1029 ms (≥ 1 s) — overlong handler invocation or a §5.4 severance escape; watch transport_lease_overlong / transport_parked_commits
[2026-08-30T11:08:50Z ERROR fuse3::raw::connection::fuse_over_uring] transport payload lease held 1016 ms (≥ 1 s) — overlong handler invocation or a §5.4 severance escape; watch transport_lease_overlong / transport_parked_commits
[2026-08-30T11:08:50Z ERROR fuse3::raw::connection::fuse_over_uring] transport payload lease held 1015 ms (≥ 1 s) — overlong handler invocation or a §5.4 severance escape; watch transport_lease_overlong / transport_parked_commits
[2026-08-30T11:08:50Z ERROR fuse3::raw::connection::fuse_over_uring] transport payload lease held 1014 ms (≥ 1 s) — overlong handler invocation or a §5.4 severance escape; watch transport_lease_overlong / transport_parked_commits
[2026-08-30T11:08:50Z ERROR fuse3::raw::connection::fuse_over_uring] transport payload lease held 1069 ms (≥ 1 s) — overlong handler invocation or a §5.4 severance escape; watch transport_lease_overlong / transport_parked_commits
[2026-08-30T11:08:50Z ERROR fuse3::raw::connection::fuse_over_uring] transport payload lease held 1069 ms (≥ 1 s) — overlong handler invocation or a §5.4 severance escape; watch transport_lease_overlong / transport_parked_commits
[2026-08-30T11:08:50Z ERROR fuse3::raw::connection::fuse_over_uring] transport payload lease held 1175 ms (≥ 1 s) — overlong handler invocation or a §5.4 severance escape; watch transport_lease_overlong / transport_parked_commits
[2026-08-30T11:08:50Z ERROR fuse3::raw::connection::fuse_over_uring] transport payload lease held 1175 ms (≥ 1 s) — overlong handler invocation or a §5.4 severance escape; watch transport_lease_overlong / transport_parked_commits
[2026-08-30T11:08:50Z ERROR fuse3::raw::connection::fuse_over_uring] transport payload lease held 1175 ms (≥ 1 s) — overlong handler invocation or a §5.4 severance escape; watch transport_lease_overlong / transport_parked_commits
[2026-08-30T11:08:50Z ERROR fuse3::raw::connection::fuse_over_uring] transport payload lease held 1141 ms (≥ 1 s) — overlong handler invocation or a §5.4 severance escape; watch transport_lease_overlong / transport_parked_commits
[2026-08-30T11:08:50Z ERROR fuse3::raw::connection::fuse_over_uring] transport payload lease held 1080 ms (≥ 1 s) — overlong handler invocation or a §5.4 severance escape; watch transport_lease_overlong / transport_parked_commits
[2026-08-30T11:08:51Z ERROR fuse3::raw::connection::fuse_over_uring] transport payload lease held 1135 ms (≥ 1 s) — overlong handler invocation or a §5.4 severance escape; watch transport_lease_overlong / transport_parked_commits
[2026-08-30T11:08:51Z ERROR fuse3::raw::connection::fuse_over_uring] transport payload lease held 1135 ms (≥ 1 s) — overlong handler invocation or a §5.4 severance escape; watch transport_lease_overlong / transport_parked_commits
[2026-08-30T11:08:51Z ERROR fuse3::raw::connection::fuse_over_uring] transport payload lease held 1135 ms (≥ 1 s) — overlong handler invocation or a §5.4 severance escape; watch transport_lease_overlong / transport_parked_commits
[2026-08-30T11:08:51Z ERROR fuse3::raw::connection::fuse_over_uring] transport payload lease held 1201 ms (≥ 1 s) — overlong handler invocation or a §5.4 severance escape; watch transport_lease_overlong / transport_parked_commits
[2026-08-30T11:08:51Z ERROR fuse3::raw::connection::fuse_over_uring] transport payload lease held 1201 ms (≥ 1 s) — overlong handler invocation or a §5.4 severance escape; watch transport_lease_overlong / transport_parked_commits
[2026-08-30T11:08:51Z ERROR fuse3::raw::connection::fuse_over_uring] transport payload lease held 1179 ms (≥ 1 s) — overlong handler invocation or a §5.4 severance escape; watch transport_lease_overlong / transport_parked_commits
[2026-08-30T11:08:51Z ERROR fuse3::raw::connection::fuse_over_uring] transport payload lease held 1152 ms (≥ 1 s) — overlong handler invocation or a §5.4 severance escape; watch transport_lease_overlong / transport_parked_commits
[2026-08-30T11:08:51Z ERROR fuse3::raw::connection::fuse_over_uring] transport payload lease held 1152 ms (≥ 1 s) — overlong handler invocation or a §5.4 severance escape; watch transport_lease_overlong / transport_parked_commits
[2026-08-30T11:08:51Z ERROR fuse3::raw::connection::fuse_over_uring] transport payload lease held 1157 ms (≥ 1 s) — overlong handler invocation or a §5.4 severance escape; watch transport_lease_overlong / transport_parked_commits
[2026-08-30T11:08:51Z ERROR fuse3::raw::connection::fuse_over_uring] transport payload lease held 1157 ms (≥ 1 s) — overlong handler invocation or a §5.4 severance escape; watch transport_lease_overlong / transport_parked_commits
[2026-08-30T11:08:51Z ERROR fuse3::raw::connection::fuse_over_uring] transport payload lease held 1158 ms (≥ 1 s) — overlong handler invocation or a §5.4 severance escape; watch transport_lease_overlong / transport_parked_commits
[2026-08-30T11:08:51Z ERROR fuse3::raw::connection::fuse_over_uring] transport payload lease held 1168 ms (≥ 1 s) — overlong handler invocation or a §5.4 severance escape; watch transport_lease_overlong / transport_parked_commits
[2026-08-30T11:08:51Z ERROR fuse3::raw::connection::fuse_over_uring] transport payload lease held 1168 ms (≥ 1 s) — overlong handler invocation or a §5.4 severance escape; watch transport_lease_overlong / transport_parked_commits
[2026-08-30T11:08:51Z ERROR fuse3::raw::connection::fuse_over_uring] transport payload lease held 1271 ms (≥ 1 s) — overlong handler invocation or a §5.4 severance escape; watch transport_lease_overlong / transport_parked_commits
[2026-08-30T11:08:51Z ERROR fuse3::raw::connection::fuse_over_uring] transport payload lease held 1271 ms (≥ 1 s) — overlong handler invocation or a §5.4 severance escape; watch transport_lease_overlong / transport_parked_commits
[2026-08-30T11:08:51Z ERROR fuse3::raw::connection::fuse_over_uring] transport payload lease held 1271 ms (≥ 1 s) — overlong handler invocation or a §5.4 severance escape; watch transport_lease_overlong / transport_parked_commits
[2026-08-30T11:08:51Z ERROR fuse3::raw::connection::fuse_over_uring] transport payload lease held 1189 ms (≥ 1 s) — overlong handler invocation or a §5.4 severance escape; watch transport_lease_overlong / transport_parked_commits
[2026-08-30T11:08:51Z ERROR fuse3::raw::connection::fuse_over_uring] transport payload lease held 1189 ms (≥ 1 s) — overlong handler invocation or a §5.4 severance escape; watch transport_lease_overlong / transport_parked_commits
[2026-08-30T11:08:51Z ERROR fuse3::raw::connection::fuse_over_uring] transport payload lease held 1189 ms (≥ 1 s) — overlong handler invocation or a §5.4 severance escape; watch transport_lease_overlong / transport_parked_commits
[2026-08-30T11:08:51Z ERROR fuse3::raw::connection::fuse_over_uring] transport payload lease held 1186 ms (≥ 1 s) — overlong handler invocation or a §5.4 severance escape; watch transport_lease_overlong / transport_parked_commits
[2026-08-30T11:08:51Z ERROR fuse3::raw::connection::fuse_over_uring] transport payload lease held 1194 ms (≥ 1 s) — overlong handler invocation or a §5.4 severance escape; watch transport_lease_overlong / transport_parked_commits
[2026-08-30T11:08:51Z ERROR fuse3::raw::connection::fuse_over_uring] transport payload lease held 1200 ms (≥ 1 s) — overlong handler invocation or a §5.4 severance escape; watch transport_lease_overlong / transport_parked_commits
[2026-08-30T11:08:51Z ERROR fuse3::raw::connection::fuse_over_uring] transport payload lease held 1208 ms (≥ 1 s) — overlong handler invocation or a §5.4 severance escape; watch transport_lease_overlong / transport_parked_commits
[2026-08-30T11:08:51Z ERROR fuse3::raw::connection::fuse_over_uring] transport payload lease held 1327 ms (≥ 1 s) — overlong handler invocation or a §5.4 severance escape; watch transport_lease_overlong / transport_parked_commits
[2026-08-30T11:08:51Z ERROR fuse3::raw::connection::fuse_over_uring] transport payload lease held 1327 ms (≥ 1 s) — overlong handler invocation or a §5.4 severance escape; watch transport_lease_overlong / transport_parked_commits
[2026-08-30T11:08:51Z ERROR fuse3::raw::connection::fuse_over_uring] transport payload lease held 1327 ms (≥ 1 s) — overlong handler invocation or a §5.4 severance escape; watch transport_lease_overlong / transport_parked_commits
[2026-08-30T11:08:51Z ERROR fuse3::raw::connection::fuse_over_uring] transport payload lease held 1327 ms (≥ 1 s) — overlong handler invocation or a §5.4 severance escape; watch transport_lease_overlong / transport_parked_commits
[2026-08-30T11:08:51Z ERROR fuse3::raw::connection::fuse_over_uring] transport payload lease held 1212 ms (≥ 1 s) — overlong handler invocation or a §5.4 severance escape; watch transport_lease_overlong / transport_parked_commits
[2026-08-30T11:08:51Z ERROR fuse3::raw::connection::fuse_over_uring] transport payload lease held 1360 ms (≥ 1 s) — overlong handler invocation or a §5.4 severance escape; watch transport_lease_overlong / transport_parked_commits
[2026-08-30T11:08:51Z ERROR fuse3::raw::connection::fuse_over_uring] transport payload lease held 1369 ms (≥ 1 s) — overlong handler invocation or a §5.4 severance escape; watch transport_lease_overlong / transport_parked_commits
[2026-08-30T11:08:51Z ERROR fuse3::raw::connection::fuse_over_uring] transport payload lease held 1369 ms (≥ 1 s) — overlong handler invocation or a §5.4 severance escape; watch transport_lease_overlong / transport_parked_commits
[2026-08-30T11:08:51Z ERROR fuse3::raw::connection::fuse_over_uring] transport payload lease held 1369 ms (≥ 1 s) — overlong handler invocation or a §5.4 severance escape; watch transport_lease_overlong / transport_parked_commits
[2026-08-30T11:08:51Z ERROR fuse3::raw::connection::fuse_over_uring] transport payload lease held 1480 ms (≥ 1 s) — overlong handler invocation or a §5.4 severance escape; watch transport_lease_overlong / transport_parked_commits
[2026-08-30T11:08:51Z ERROR fuse3::raw::connection::fuse_over_uring] transport payload lease held 1480 ms (≥ 1 s) — overlong handler invocation or a §5.4 severance escape; watch transport_lease_overlong / transport_parked_commits
[2026-08-30T11:08:51Z ERROR fuse3::raw::connection::fuse_over_uring] transport payload lease held 1478 ms (≥ 1 s) — overlong handler invocation or a §5.4 severance escape; watch transport_lease_overlong / transport_parked_commits
[2026-08-30T11:08:51Z ERROR fuse3::raw::connection::fuse_over_uring] transport payload lease held 1601 ms (≥ 1 s) — overlong handler invocation or a §5.4 severance escape; watch transport_lease_overlong / transport_parked_commits
[2026-08-30T11:08:51Z ERROR fuse3::raw::connection::fuse_over_uring] transport payload lease held 1597 ms (≥ 1 s) — overlong handler invocation or a §5.4 severance escape; watch transport_lease_overlong / transport_parked_commits
[2026-08-30T11:08:51Z ERROR fuse3::raw::connection::fuse_over_uring] transport payload lease held 1597 ms (≥ 1 s) — overlong handler invocation or a §5.4 severance escape; watch transport_lease_overlong / transport_parked_commits
[2026-08-30T11:08:51Z ERROR fuse3::raw::connection::fuse_over_uring] transport payload lease held 1597 ms (≥ 1 s) — overlong handler invocation or a §5.4 severance escape; watch transport_lease_overlong / transport_parked_commits
[2026-08-30T11:08:51Z ERROR fuse3::raw::connection::fuse_over_uring] transport payload lease held 1595 ms (≥ 1 s) — overlong handler invocation or a §5.4 severance escape; watch transport_lease_overlong / transport_parked_commits
[2026-08-30T11:08:51Z ERROR fuse3::raw::connection::fuse_over_uring] transport payload lease held 1614 ms (≥ 1 s) — overlong handler invocation or a §5.4 severance escape; watch transport_lease_overlong / transport_parked_commits
[2026-08-30T11:08:51Z ERROR fuse3::raw::connection::fuse_over_uring] transport payload lease held 1612 ms (≥ 1 s) — overlong handler invocation or a §5.4 severance escape; watch transport_lease_overlong / transport_parked_commits
[2026-08-30T11:08:51Z ERROR fuse3::raw::connection::fuse_over_uring] transport payload lease held 1612 ms (≥ 1 s) — overlong handler invocation or a §5.4 severance escape; watch transport_lease_overlong / transport_parked_commits
[2026-08-30T11:08:51Z ERROR fuse3::raw::connection::fuse_over_uring] transport payload lease held 1584 ms (≥ 1 s) — overlong handler invocation or a §5.4 severance escape; watch transport_lease_overlong / transport_parked_commits
[2026-08-30T11:08:51Z ERROR fuse3::raw::connection::fuse_over_uring] transport payload lease held 1584 ms (≥ 1 s) — overlong handler invocation or a §5.4 severance escape; watch transport_lease_overlong / transport_parked_commits
[2026-08-30T11:08:51Z ERROR fuse3::raw::connection::fuse_over_uring] transport payload lease held 1584 ms (≥ 1 s) — overlong handler invocation or a §5.4 severance escape; watch transport_lease_overlong / transport_parked_commits
[2026-08-30T11:08:51Z ERROR fuse3::raw::connection::fuse_over_uring] transport payload lease held 1618 ms (≥ 1 s) — overlong handler invocation or a §5.4 severance escape; watch transport_lease_overlong / transport_parked_commits
[2026-08-30T11:08:54Z ERROR fuse3::raw::connection::fuse_over_uring] transport payload lease held 1366 ms (≥ 1 s) — overlong handler invocation or a §5.4 severance escape; watch transport_lease_overlong / transport_parked_commits
[2026-08-30T11:08:54Z ERROR fuse3::raw::connection::fuse_over_uring] transport payload lease held 1343 ms (≥ 1 s) — overlong handler invocation or a §5.4 severance escape; watch transport_lease_overlong / transport_parked_commits
[2026-08-30T11:08:54Z ERROR fuse3::raw::connection::fuse_over_uring] transport payload lease held 1343 ms (≥ 1 s) — overlong handler invocation or a §5.4 severance escape; watch transport_lease_overlong / transport_parked_commits
[2026-08-30T11:08:54Z ERROR fuse3::raw::connection::fuse_over_uring] transport payload lease held 1343 ms (≥ 1 s) — overlong handler invocation or a §5.4 severance escape; watch transport_lease_overlong / transport_parked_commits
[2026-08-30T11:08:54Z ERROR fuse3::raw::connection::fuse_over_uring] transport payload lease held 1386 ms (≥ 1 s) — overlong handler invocation or a §5.4 severance escape; watch transport_lease_overlong / transport_parked_commits
[2026-08-30T11:08:54Z ERROR fuse3::raw::connection::fuse_over_uring] transport payload lease held 1369 ms (≥ 1 s) — overlong handler invocation or a §5.4 severance escape; watch transport_lease_overlong / transport_parked_commits
[2026-08-30T11:08:54Z ERROR fuse3::raw::connection::fuse_over_uring] transport payload lease held 1333 ms (≥ 1 s) — overlong handler invocation or a §5.4 severance escape; watch transport_lease_overlong / transport_parked_commits
[2026-08-30T11:08:54Z ERROR fuse3::raw::connection::fuse_over_uring] transport payload lease held 1279 ms (≥ 1 s) — overlong handler invocation or a §5.4 severance escape; watch transport_lease_overlong / transport_parked_commits
[2026-08-30T11:08:54Z ERROR fuse3::raw::connection::fuse_over_uring] transport payload lease held 1269 ms (≥ 1 s) — overlong handler invocation or a §5.4 severance escape; watch transport_lease_overlong / transport_parked_commits
[2026-08-30T11:08:54Z ERROR fuse3::raw::connection::fuse_over_uring] transport payload lease held 1238 ms (≥ 1 s) — overlong handler invocation or a §5.4 severance escape; watch transport_lease_overlong / transport_parked_commits
[2026-08-30T11:08:54Z ERROR fuse3::raw::connection::fuse_over_uring] transport payload lease held 1209 ms (≥ 1 s) — overlong handler invocation or a §5.4 severance escape; watch transport_lease_overlong / transport_parked_commits
[2026-08-30T11:08:54Z ERROR fuse3::raw::connection::fuse_over_uring] transport payload lease held 1209 ms (≥ 1 s) — overlong handler invocation or a §5.4 severance escape; watch transport_lease_overlong / transport_parked_commits
[2026-08-30T11:08:54Z ERROR fuse3::raw::connection::fuse_over_uring] transport payload lease held 1116 ms (≥ 1 s) — overlong handler invocation or a §5.4 severance escape; watch transport_lease_overlong / transport_parked_commits
[2026-08-30T11:08:54Z ERROR fuse3::raw::connection::fuse_over_uring] transport payload lease held 1113 ms (≥ 1 s) — overlong handler invocation or a §5.4 severance escape; watch transport_lease_overlong / transport_parked_commits
[2026-08-30T11:08:54Z ERROR fuse3::raw::connection::fuse_over_uring] transport payload lease held 1110 ms (≥ 1 s) — overlong handler invocation or a §5.4 severance escape; watch transport_lease_overlong / transport_parked_commits
[2026-08-30T11:08:54Z ERROR fuse3::raw::connection::fuse_over_uring] transport payload lease held 1107 ms (≥ 1 s) — overlong handler invocation or a §5.4 severance escape; watch transport_lease_overlong / transport_parked_commits
[2026-08-30T11:08:55Z ERROR fuse3::raw::connection::fuse_over_uring] transport payload lease held 1563 ms (≥ 1 s) — overlong handler invocation or a §5.4 severance escape; watch transport_lease_overlong / transport_parked_commits
[2026-08-30T11:08:55Z ERROR fuse3::raw::connection::fuse_over_uring] transport payload lease held 1563 ms (≥ 1 s) — overlong handler invocation or a §5.4 severance escape; watch transport_lease_overlong / transport_parked_commits
[2026-08-30T11:08:55Z ERROR fuse3::raw::connection::fuse_over_uring] transport payload lease held 1603 ms (≥ 1 s) — overlong handler invocation or a §5.4 severance escape; watch transport_lease_overlong / transport_parked_commits
[2026-08-30T11:08:55Z ERROR fuse3::raw::connection::fuse_over_uring] transport payload lease held 1552 ms (≥ 1 s) — overlong handler invocation or a §5.4 severance escape; watch transport_lease_overlong / transport_parked_commits
[2026-08-30T11:08:55Z ERROR fuse3::raw::connection::fuse_over_uring] transport payload lease held 1552 ms (≥ 1 s) — overlong handler invocation or a §5.4 severance escape; watch transport_lease_overlong / transport_parked_commits
[2026-08-30T11:08:55Z ERROR fuse3::raw::connection::fuse_over_uring] transport payload lease held 1552 ms (≥ 1 s) — overlong handler invocation or a §5.4 severance escape; watch transport_lease_overlong / transport_parked_commits
[2026-08-30T11:08:55Z ERROR fuse3::raw::connection::fuse_over_uring] transport payload lease held 1562 ms (≥ 1 s) — overlong handler invocation or a §5.4 severance escape; watch transport_lease_overlong / transport_parked_commits
[2026-08-30T11:08:55Z ERROR fuse3::raw::connection::fuse_over_uring] transport payload lease held 1562 ms (≥ 1 s) — overlong handler invocation or a §5.4 severance escape; watch transport_lease_overlong / transport_parked_commits
[2026-08-30T11:08:55Z ERROR fuse3::raw::connection::fuse_over_uring] transport payload lease held 1562 ms (≥ 1 s) — overlong handler invocation or a §5.4 severance escape; watch transport_lease_overlong / transport_parked_commits
[2026-08-30T11:08:55Z ERROR fuse3::raw::connection::fuse_over_uring] transport payload lease held 1562 ms (≥ 1 s) — overlong handler invocation or a §5.4 severance escape; watch transport_lease_overlong / transport_parked_commits
[2026-08-30T11:08:55Z ERROR fuse3::raw::connection::fuse_over_uring] transport payload lease held 1516 ms (≥ 1 s) — overlong handler invocation or a §5.4 severance escape; watch transport_lease_overlong / transport_parked_commits
[2026-08-30T11:08:55Z ERROR fuse3::raw::connection::fuse_over_uring] transport payload lease held 1471 ms (≥ 1 s) — overlong handler invocation or a §5.4 severance escape; watch transport_lease_overlong / transport_parked_commits
[2026-08-30T11:08:55Z ERROR fuse3::raw::connection::fuse_over_uring] transport payload lease held 1470 ms (≥ 1 s) — overlong handler invocation or a §5.4 severance escape; watch transport_lease_overlong / transport_parked_commits
[2026-08-30T11:08:55Z ERROR fuse3::raw::connection::fuse_over_uring] transport payload lease held 1471 ms (≥ 1 s) — overlong handler invocation or a §5.4 severance escape; watch transport_lease_overlong / transport_parked_commits
[2026-08-30T11:08:55Z ERROR fuse3::raw::connection::fuse_over_uring] transport payload lease held 1104 ms (≥ 1 s) — overlong handler invocation or a §5.4 severance escape; watch transport_lease_overlong / transport_parked_commits
[2026-08-30T11:08:55Z ERROR fuse3::raw::connection::fuse_over_uring] transport payload lease held 1144 ms (≥ 1 s) — overlong handler invocation or a §5.4 severance escape; watch transport_lease_overlong / transport_parked_commits
[2026-08-30T11:08:55Z ERROR fuse3::raw::connection::fuse_over_uring] transport payload lease held 1144 ms (≥ 1 s) — overlong handler invocation or a §5.4 severance escape; watch transport_lease_overlong / transport_parked_commits
[2026-08-30T11:08:55Z ERROR fuse3::raw::connection::fuse_over_uring] transport payload lease held 1144 ms (≥ 1 s) — overlong handler invocation or a §5.4 severance escape; watch transport_lease_overlong / transport_parked_commits
[2026-08-30T11:08:55Z ERROR fuse3::raw::connection::fuse_over_uring] transport payload lease held 1119 ms (≥ 1 s) — overlong handler invocation or a §5.4 severance escape; watch transport_lease_overlong / transport_parked_commits
[2026-08-30T11:08:55Z ERROR fuse3::raw::connection::fuse_over_uring] transport payload lease held 1189 ms (≥ 1 s) — overlong handler invocation or a §5.4 severance escape; watch transport_lease_overlong / transport_parked_commits
[2026-08-30T11:08:55Z ERROR fuse3::raw::connection::fuse_over_uring] transport payload lease held 1189 ms (≥ 1 s) — overlong handler invocation or a §5.4 severance escape; watch transport_lease_overlong / transport_parked_commits
[2026-08-30T11:08:55Z ERROR fuse3::raw::connection::fuse_over_uring] transport payload lease held 1188 ms (≥ 1 s) — overlong handler invocation or a §5.4 severance escape; watch transport_lease_overlong / transport_parked_commits
[2026-08-30T11:08:55Z ERROR fuse3::raw::connection::fuse_over_uring] transport payload lease held 1187 ms (≥ 1 s) — overlong handler invocation or a §5.4 severance escape; watch transport_lease_overlong / transport_parked_commits
[2026-08-30T11:08:55Z ERROR fuse3::raw::connection::fuse_over_uring] transport payload lease held 1247 ms (≥ 1 s) — overlong handler invocation or a §5.4 severance escape; watch transport_lease_overlong / transport_parked_commits
[2026-08-30T11:08:55Z ERROR fuse3::raw::connection::fuse_over_uring] transport payload lease held 1246 ms (≥ 1 s) — overlong handler invocation or a §5.4 severance escape; watch transport_lease_overlong / transport_parked_commits
[2026-08-30T11:08:55Z ERROR fuse3::raw::connection::fuse_over_uring] transport payload lease held 1246 ms (≥ 1 s) — overlong handler invocation or a §5.4 severance escape; watch transport_lease_overlong / transport_parked_commits
[2026-08-30T11:08:56Z ERROR fuse3::raw::connection::fuse_over_uring] transport payload lease held 2182 ms (≥ 1 s) — overlong handler invocation or a §5.4 severance escape; watch transport_lease_overlong / transport_parked_commits
[2026-08-30T11:08:56Z ERROR fuse3::raw::connection::fuse_over_uring] transport payload lease held 2179 ms (≥ 1 s) — overlong handler invocation or a §5.4 severance escape; watch transport_lease_overlong / transport_parked_commits
[2026-08-30T11:08:56Z ERROR fuse3::raw::connection::fuse_over_uring] transport payload lease held 2202 ms (≥ 1 s) — overlong handler invocation or a §5.4 severance escape; watch transport_lease_overlong / transport_parked_commits
[2026-08-30T11:08:56Z ERROR fuse3::raw::connection::fuse_over_uring] transport payload lease held 2202 ms (≥ 1 s) — overlong handler invocation or a §5.4 severance escape; watch transport_lease_overlong / transport_parked_commits
[2026-08-30T11:08:56Z ERROR fuse3::raw::connection::fuse_over_uring] transport payload lease held 2169 ms (≥ 1 s) — overlong handler invocation or a §5.4 severance escape; watch transport_lease_overlong / transport_parked_commits
[2026-08-30T11:08:56Z ERROR fuse3::raw::connection::fuse_over_uring] transport payload lease held 2172 ms (≥ 1 s) — overlong handler invocation or a §5.4 severance escape; watch transport_lease_overlong / transport_parked_commits
[2026-08-30T11:08:56Z ERROR fuse3::raw::connection::fuse_over_uring] transport payload lease held 1597 ms (≥ 1 s) — overlong handler invocation or a §5.4 severance escape; watch transport_lease_overlong / transport_parked_commits
[2026-08-30T11:08:56Z ERROR fuse3::raw::connection::fuse_over_uring] transport payload lease held 1597 ms (≥ 1 s) — overlong handler invocation or a §5.4 severance escape; watch transport_lease_overlong / transport_parked_commits
[2026-08-30T11:08:56Z ERROR fuse3::raw::connection::fuse_over_uring] transport payload lease held 1436 ms (≥ 1 s) — overlong handler invocation or a §5.4 severance escape; watch transport_lease_overlong / transport_parked_commits
[2026-08-30T11:08:56Z ERROR fuse3::raw::connection::fuse_over_uring] transport payload lease held 1427 ms (≥ 1 s) — overlong handler invocation or a §5.4 severance escape; watch transport_lease_overlong / transport_parked_commits
[2026-08-30T11:08:56Z ERROR fuse3::raw::connection::fuse_over_uring] transport payload lease held 1426 ms (≥ 1 s) — overlong handler invocation or a §5.4 severance escape; watch transport_lease_overlong / transport_parked_commits
[2026-08-30T11:08:56Z ERROR fuse3::raw::connection::fuse_over_uring] transport payload lease held 1417 ms (≥ 1 s) — overlong handler invocation or a §5.4 severance escape; watch transport_lease_overlong / transport_parked_commits
[2026-08-30T11:08:57Z ERROR fuse3::raw::connection::fuse_over_uring] transport payload lease held 1413 ms (≥ 1 s) — overlong handler invocation or a §5.4 severance escape; watch transport_lease_overlong / transport_parked_commits
[2026-08-30T11:08:57Z ERROR fuse3::raw::connection::fuse_over_uring] transport payload lease held 1413 ms (≥ 1 s) — overlong handler invocation or a §5.4 severance escape; watch transport_lease_overlong / transport_parked_commits
[2026-08-30T11:08:57Z ERROR fuse3::raw::connection::fuse_over_uring] transport payload lease held 1447 ms (≥ 1 s) — overlong handler invocation or a §5.4 severance escape; watch transport_lease_overlong / transport_parked_commits
[2026-08-30T11:08:57Z ERROR fuse3::raw::connection::fuse_over_uring] transport payload lease held 1447 ms (≥ 1 s) — overlong handler invocation or a §5.4 severance escape; watch transport_lease_overlong / transport_parked_commits
[2026-08-30T11:08:57Z ERROR fuse3::raw::connection::fuse_over_uring] transport payload lease held 1392 ms (≥ 1 s) — overlong handler invocation or a §5.4 severance escape; watch transport_lease_overlong / transport_parked_commits
[2026-08-30T11:08:57Z ERROR fuse3::raw::connection::fuse_over_uring] transport payload lease held 1448 ms (≥ 1 s) — overlong handler invocation or a §5.4 severance escape; watch transport_lease_overlong / transport_parked_commits
[2026-08-30T11:08:57Z ERROR fuse3::raw::connection::fuse_over_uring] transport payload lease held 1448 ms (≥ 1 s) — overlong handler invocation or a §5.4 severance escape; watch transport_lease_overlong / transport_parked_commits
[2026-08-30T11:08:57Z ERROR fuse3::raw::connection::fuse_over_uring] transport payload lease held 1448 ms (≥ 1 s) — overlong handler invocation or a §5.4 severance escape; watch transport_lease_overlong / transport_parked_commits
[2026-08-30T11:08:57Z ERROR fuse3::raw::connection::fuse_over_uring] transport payload lease held 1422 ms (≥ 1 s) — overlong handler invocation or a §5.4 severance escape; watch transport_lease_overlong / transport_parked_commits
[2026-08-30T11:08:57Z ERROR fuse3::raw::connection::fuse_over_uring] transport payload lease held 1427 ms (≥ 1 s) — overlong handler invocation or a §5.4 severance escape; watch transport_lease_overlong / transport_parked_commits
[2026-08-30T11:08:57Z ERROR fuse3::raw::connection::fuse_over_uring] transport payload lease held 1417 ms (≥ 1 s) — overlong handler invocation or a §5.4 severance escape; watch transport_lease_overlong / transport_parked_commits
[2026-08-30T11:08:57Z ERROR fuse3::raw::connection::fuse_over_uring] transport payload lease held 1407 ms (≥ 1 s) — overlong handler invocation or a §5.4 severance escape; watch transport_lease_overlong / transport_parked_commits
[2026-08-30T11:08:57Z WARN  squeezefs::block_allocator] co-writer: abandoning never-published block offset(s) leak-safe (volume 'nvme5n1', first offset 152425201664): the publish that would have named them failed or refused, and a co-writer may not mutate ownership accounting — the next derivation (mount recovery / fsck C6) returns them to the free supply (cowriter_unpublished_abandons; further offsets at debug level)
[2026-08-30T11:09:00Z ERROR fuse3::raw::connection::fuse_over_uring] transport payload lease held 1039 ms (≥ 1 s) — overlong handler invocation or a §5.4 severance escape; watch transport_lease_overlong / transport_parked_commits
[2026-08-30T11:09:00Z ERROR fuse3::raw::connection::fuse_over_uring] transport payload lease held 1039 ms (≥ 1 s) — overlong handler invocation or a §5.4 severance escape; watch transport_lease_overlong / transport_parked_commits
[2026-08-30T11:09:00Z ERROR fuse3::raw::connection::fuse_over_uring] transport payload lease held 1039 ms (≥ 1 s) — overlong handler invocation or a §5.4 severance escape; watch transport_lease_overlong / transport_parked_commits
[2026-08-30T11:09:00Z ERROR fuse3::raw::connection::fuse_over_uring] transport payload lease held 1010 ms (≥ 1 s) — overlong handler invocation or a §5.4 severance escape; watch transport_lease_overlong / transport_parked_commits
[2026-08-30T11:09:00Z ERROR fuse3::raw::connection::fuse_over_uring] transport payload lease held 1002 ms (≥ 1 s) — overlong handler invocation or a §5.4 severance escape; watch transport_lease_overlong / transport_parked_commits
[2026-08-30T11:09:00Z ERROR fuse3::raw::connection::fuse_over_uring] transport payload lease held 1002 ms (≥ 1 s) — overlong handler invocation or a §5.4 severance escape; watch transport_lease_overlong / transport_parked_commits
[2026-08-30T11:09:00Z ERROR fuse3::raw::connection::fuse_over_uring] transport payload lease held 1001 ms (≥ 1 s) — overlong handler invocation or a §5.4 severance escape; watch transport_lease_overlong / transport_parked_commits
[2026-08-30T11:09:00Z ERROR fuse3::raw::connection::fuse_over_uring] transport payload lease held 1166 ms (≥ 1 s) — overlong handler invocation or a §5.4 severance escape; watch transport_lease_overlong / transport_parked_commits
[2026-08-30T11:09:00Z ERROR fuse3::raw::connection::fuse_over_uring] transport payload lease held 1166 ms (≥ 1 s) — overlong handler invocation or a §5.4 severance escape; watch transport_lease_overlong / transport_parked_commits
[2026-08-30T11:09:00Z ERROR fuse3::raw::connection::fuse_over_uring] transport payload lease held 1166 ms (≥ 1 s) — overlong handler invocation or a §5.4 severance escape; watch transport_lease_overlong / transport_parked_commits
[2026-08-30T11:09:01Z ERROR fuse3::raw::connection::fuse_over_uring] transport payload lease held 1318 ms (≥ 1 s) — overlong handler invocation or a §5.4 severance escape; watch transport_lease_overlong / transport_parked_commits
[2026-08-30T11:09:01Z ERROR fuse3::raw::connection::fuse_over_uring] transport payload lease held 1318 ms (≥ 1 s) — overlong handler invocation or a §5.4 severance escape; watch transport_lease_overlong / transport_parked_commits
[2026-08-30T11:09:01Z ERROR fuse3::raw::connection::fuse_over_uring] transport payload lease held 1318 ms (≥ 1 s) — overlong handler invocation or a §5.4 severance escape; watch transport_lease_overlong / transport_parked_commits
[2026-08-30T11:09:01Z ERROR fuse3::raw::connection::fuse_over_uring] transport payload lease held 1410 ms (≥ 1 s) — overlong handler invocation or a §5.4 severance escape; watch transport_lease_overlong / transport_parked_commits
[2026-08-30T11:09:01Z ERROR fuse3::raw::connection::fuse_over_uring] transport payload lease held 1253 ms (≥ 1 s) — overlong handler invocation or a §5.4 severance escape; watch transport_lease_overlong / transport_parked_commits
[2026-08-30T11:09:01Z ERROR fuse3::raw::connection::fuse_over_uring] transport payload lease held 1253 ms (≥ 1 s) — overlong handler invocation or a §5.4 severance escape; watch transport_lease_overlong / transport_parked_commits
[2026-08-30T11:09:01Z ERROR fuse3::raw::connection::fuse_over_uring] transport payload lease held 1236 ms (≥ 1 s) — overlong handler invocation or a §5.4 severance escape; watch transport_lease_overlong / transport_parked_commits
[2026-08-30T11:09:01Z ERROR fuse3::raw::connection::fuse_over_uring] transport payload lease held 1236 ms (≥ 1 s) — overlong handler invocation or a §5.4 severance escape; watch transport_lease_overlong / transport_parked_commits
[2026-08-30T11:09:01Z ERROR fuse3::raw::connection::fuse_over_uring] transport payload lease held 1152 ms (≥ 1 s) — overlong handler invocation or a §5.4 severance escape; watch transport_lease_overlong / transport_parked_commits
[2026-08-30T11:09:01Z ERROR fuse3::raw::connection::fuse_over_uring] transport payload lease held 1133 ms (≥ 1 s) — overlong handler invocation or a §5.4 severance escape; watch transport_lease_overlong / transport_parked_commits
[2026-08-30T11:09:01Z ERROR fuse3::raw::connection::fuse_over_uring] transport payload lease held 1116 ms (≥ 1 s) — overlong handler invocation or a §5.4 severance escape; watch transport_lease_overlong / transport_parked_commits
[2026-08-30T11:09:01Z ERROR fuse3::raw::connection::fuse_over_uring] transport payload lease held 1101 ms (≥ 1 s) — overlong handler invocation or a §5.4 severance escape; watch transport_lease_overlong / transport_parked_commits
[2026-08-30T11:09:02Z ERROR fuse3::raw::connection::fuse_over_uring] transport payload lease held 2042 ms (≥ 1 s) — overlong handler invocation or a §5.4 severance escape; watch transport_lease_overlong / transport_parked_commits
[2026-08-30T11:09:02Z ERROR fuse3::raw::connection::fuse_over_uring] transport payload lease held 2030 ms (≥ 1 s) — overlong handler invocation or a §5.4 severance escape; watch transport_lease_overlong / transport_parked_commits
[2026-08-30T11:09:02Z ERROR fuse3::raw::connection::fuse_over_uring] transport payload lease held 1991 ms (≥ 1 s) — overlong handler invocation or a §5.4 severance escape; watch transport_lease_overlong / transport_parked_commits
[2026-08-30T11:09:02Z ERROR fuse3::raw::connection::fuse_over_uring] transport payload lease held 1991 ms (≥ 1 s) — overlong handler invocation or a §5.4 severance escape; watch transport_lease_overlong / transport_parked_commits
[2026-08-30T11:09:02Z ERROR fuse3::raw::connection::fuse_over_uring] transport payload lease held 1873 ms (≥ 1 s) — overlong handler invocation or a §5.4 severance escape; watch transport_lease_overlong / transport_parked_commits
[2026-08-30T11:09:02Z ERROR fuse3::raw::connection::fuse_over_uring] transport payload lease held 1853 ms (≥ 1 s) — overlong handler invocation or a §5.4 severance escape; watch transport_lease_overlong / transport_parked_commits
[2026-08-30T11:09:02Z ERROR fuse3::raw::connection::fuse_over_uring] transport payload lease held 1549 ms (≥ 1 s) — overlong handler invocation or a §5.4 severance escape; watch transport_lease_overlong / transport_parked_commits
[2026-08-30T11:09:02Z ERROR fuse3::raw::connection::fuse_over_uring] transport payload lease held 1548 ms (≥ 1 s) — overlong handler invocation or a §5.4 severance escape; watch transport_lease_overlong / transport_parked_commits
[2026-08-30T11:09:02Z ERROR fuse3::raw::connection::fuse_over_uring] transport payload lease held 1173 ms (≥ 1 s) — overlong handler invocation or a §5.4 severance escape; watch transport_lease_overlong / transport_parked_commits
[2026-08-30T11:09:02Z ERROR fuse3::raw::connection::fuse_over_uring] transport payload lease held 1217 ms (≥ 1 s) — overlong handler invocation or a §5.4 severance escape; watch transport_lease_overlong / transport_parked_commits
[2026-08-30T11:09:02Z ERROR fuse3::raw::connection::fuse_over_uring] transport payload lease held 1217 ms (≥ 1 s) — overlong handler invocation or a §5.4 severance escape; watch transport_lease_overlong / transport_parked_commits
[2026-08-30T11:09:02Z ERROR fuse3::raw::connection::fuse_over_uring] transport payload lease held 1208 ms (≥ 1 s) — overlong handler invocation or a §5.4 severance escape; watch transport_lease_overlong / transport_parked_commits
[2026-08-30T11:09:05Z ERROR fuse3::raw::connection::fuse_over_uring] transport payload lease held 1348 ms (≥ 1 s) — overlong handler invocation or a §5.4 severance escape; watch transport_lease_overlong / transport_parked_commits
[2026-08-30T11:09:05Z ERROR fuse3::raw::connection::fuse_over_uring] transport payload lease held 1348 ms (≥ 1 s) — overlong handler invocation or a §5.4 severance escape; watch transport_lease_overlong / transport_parked_commits
[2026-08-30T11:09:05Z ERROR fuse3::raw::connection::fuse_over_uring] transport payload lease held 1348 ms (≥ 1 s) — overlong handler invocation or a §5.4 severance escape; watch transport_lease_overlong / transport_parked_commits
[2026-08-30T11:09:05Z ERROR fuse3::raw::connection::fuse_over_uring] transport payload lease held 1338 ms (≥ 1 s) — overlong handler invocation or a §5.4 severance escape; watch transport_lease_overlong / transport_parked_commits
[2026-08-30T11:09:07Z ERROR fuse3::raw::connection::fuse_over_uring] transport payload lease held 1111 ms (≥ 1 s) — overlong handler invocation or a §5.4 severance escape; watch transport_lease_overlong / transport_parked_commits
[2026-08-30T11:09:07Z ERROR fuse3::raw::connection::fuse_over_uring] transport payload lease held 1112 ms (≥ 1 s) — overlong handler invocation or a §5.4 severance escape; watch transport_lease_overlong / transport_parked_commits
[2026-08-30T11:09:07Z ERROR fuse3::raw::connection::fuse_over_uring] transport payload lease held 1112 ms (≥ 1 s) — overlong handler invocation or a §5.4 severance escape; watch transport_lease_overlong / transport_parked_commits
[2026-08-30T11:09:07Z ERROR fuse3::raw::connection::fuse_over_uring] transport payload lease held 1112 ms (≥ 1 s) — overlong handler invocation or a §5.4 severance escape; watch transport_lease_overlong / transport_parked_commits
[2026-08-30T11:09:07Z ERROR fuse3::raw::connection::fuse_over_uring] transport payload lease held 1124 ms (≥ 1 s) — overlong handler invocation or a §5.4 severance escape; watch transport_lease_overlong / transport_parked_commits
[2026-08-30T11:09:07Z ERROR fuse3::raw::connection::fuse_over_uring] transport payload lease held 1124 ms (≥ 1 s) — overlong handler invocation or a §5.4 severance escape; watch transport_lease_overlong / transport_parked_commits
[2026-08-30T11:09:07Z ERROR fuse3::raw::connection::fuse_over_uring] transport payload lease held 1125 ms (≥ 1 s) — overlong handler invocation or a §5.4 severance escape; watch transport_lease_overlong / transport_parked_commits
[2026-08-30T11:09:07Z ERROR fuse3::raw::connection::fuse_over_uring] transport payload lease held 1123 ms (≥ 1 s) — overlong handler invocation or a §5.4 severance escape; watch transport_lease_overlong / transport_parked_commits
[2026-08-30T11:09:07Z ERROR fuse3::raw::connection::fuse_over_uring] transport payload lease held 1183 ms (≥ 1 s) — overlong handler invocation or a §5.4 severance escape; watch transport_lease_overlong / transport_parked_commits
[2026-08-30T11:09:07Z ERROR fuse3::raw::connection::fuse_over_uring] transport payload lease held 1183 ms (≥ 1 s) — overlong handler invocation or a §5.4 severance escape; watch transport_lease_overlong / transport_parked_commits
[2026-08-30T11:09:07Z ERROR fuse3::raw::connection::fuse_over_uring] transport payload lease held 1235 ms (≥ 1 s) — overlong handler invocation or a §5.4 severance escape; watch transport_lease_overlong / transport_parked_commits
[2026-08-30T11:09:07Z ERROR fuse3::raw::connection::fuse_over_uring] transport payload lease held 1235 ms (≥ 1 s) — overlong handler invocation or a §5.4 severance escape; watch transport_lease_overlong / transport_parked_commits
[2026-08-30T11:09:07Z ERROR fuse3::raw::connection::fuse_over_uring] transport payload lease held 1235 ms (≥ 1 s) — overlong handler invocation or a §5.4 severance escape; watch transport_lease_overlong / transport_parked_commits
[2026-08-30T11:09:07Z ERROR fuse3::raw::connection::fuse_over_uring] transport payload lease held 1235 ms (≥ 1 s) — overlong handler invocation or a §5.4 severance escape; watch transport_lease_overlong / transport_parked_commits
[2026-08-30T11:09:07Z ERROR fuse3::raw::connection::fuse_over_uring] transport payload lease held 1243 ms (≥ 1 s) — overlong handler invocation or a §5.4 severance escape; watch transport_lease_overlong / transport_parked_commits
[2026-08-30T11:09:07Z ERROR fuse3::raw::connection::fuse_over_uring] transport payload lease held 1242 ms (≥ 1 s) — overlong handler invocation or a §5.4 severance escape; watch transport_lease_overlong / transport_parked_commits
[2026-08-30T11:09:07Z ERROR fuse3::raw::connection::fuse_over_uring] transport payload lease held 1242 ms (≥ 1 s) — overlong handler invocation or a §5.4 severance escape; watch transport_lease_overlong / transport_parked_commits
[2026-08-30T11:09:07Z ERROR fuse3::raw::connection::fuse_over_uring] transport payload lease held 1242 ms (≥ 1 s) — overlong handler invocation or a §5.4 severance escape; watch transport_lease_overlong / transport_parked_commits
[2026-08-30T11:09:07Z ERROR fuse3::raw::connection::fuse_over_uring] transport payload lease held 1349 ms (≥ 1 s) — overlong handler invocation or a §5.4 severance escape; watch transport_lease_overlong / transport_parked_commits
[2026-08-30T11:09:07Z ERROR fuse3::raw::connection::fuse_over_uring] transport payload lease held 1339 ms (≥ 1 s) — overlong handler invocation or a §5.4 severance escape; watch transport_lease_overlong / transport_parked_commits
[2026-08-30T11:09:07Z ERROR fuse3::raw::connection::fuse_over_uring] transport payload lease held 1339 ms (≥ 1 s) — overlong handler invocation or a §5.4 severance escape; watch transport_lease_overlong / transport_parked_commits
[2026-08-30T11:09:07Z ERROR fuse3::raw::connection::fuse_over_uring] transport payload lease held 1339 ms (≥ 1 s) — overlong handler invocation or a §5.4 severance escape; watch transport_lease_overlong / transport_parked_commits
[2026-08-30T11:09:07Z ERROR fuse3::raw::connection::fuse_over_uring] transport payload lease held 1363 ms (≥ 1 s) — overlong handler invocation or a §5.4 severance escape; watch transport_lease_overlong / transport_parked_commits
[2026-08-30T11:09:07Z ERROR fuse3::raw::connection::fuse_over_uring] transport payload lease held 1363 ms (≥ 1 s) — overlong handler invocation or a §5.4 severance escape; watch transport_lease_overlong / transport_parked_commits
[2026-08-30T11:09:07Z ERROR fuse3::raw::connection::fuse_over_uring] transport payload lease held 1363 ms (≥ 1 s) — overlong handler invocation or a §5.4 severance escape; watch transport_lease_overlong / transport_parked_commits
[2026-08-30T11:09:07Z ERROR fuse3::raw::connection::fuse_over_uring] transport payload lease held 1363 ms (≥ 1 s) — overlong handler invocation or a §5.4 severance escape; watch transport_lease_overlong / transport_parked_commits
[2026-08-30T11:09:07Z ERROR fuse3::raw::connection::fuse_over_uring] transport payload lease held 1374 ms (≥ 1 s) — overlong handler invocation or a §5.4 severance escape; watch transport_lease_overlong / transport_parked_commits
[2026-08-30T11:09:07Z ERROR fuse3::raw::connection::fuse_over_uring] transport payload lease held 1373 ms (≥ 1 s) — overlong handler invocation or a §5.4 severance escape; watch transport_lease_overlong / transport_parked_commits
[2026-08-30T11:09:07Z ERROR fuse3::raw::connection::fuse_over_uring] transport payload lease held 1370 ms (≥ 1 s) — overlong handler invocation or a §5.4 severance escape; watch transport_lease_overlong / transport_parked_commits
[2026-08-30T11:09:07Z ERROR fuse3::raw::connection::fuse_over_uring] transport payload lease held 1370 ms (≥ 1 s) — overlong handler invocation or a §5.4 severance escape; watch transport_lease_overlong / transport_parked_commits
[2026-08-30T11:09:07Z ERROR fuse3::raw::connection::fuse_over_uring] transport payload lease held 1489 ms (≥ 1 s) — overlong handler invocation or a §5.4 severance escape; watch transport_lease_overlong / transport_parked_commits
[2026-08-30T11:09:07Z ERROR fuse3::raw::connection::fuse_over_uring] transport payload lease held 1489 ms (≥ 1 s) — overlong handler invocation or a §5.4 severance escape; watch transport_lease_overlong / transport_parked_commits
[2026-08-30T11:09:07Z ERROR fuse3::raw::connection::fuse_over_uring] transport payload lease held 1462 ms (≥ 1 s) — overlong handler invocation or a §5.4 severance escape; watch transport_lease_overlong / transport_parked_commits
[2026-08-30T11:09:08Z ERROR fuse3::raw::connection::fuse_over_uring] transport payload lease held 1860 ms (≥ 1 s) — overlong handler invocation or a §5.4 severance escape; watch transport_lease_overlong / transport_parked_commits
[2026-08-30T11:09:08Z ERROR fuse3::raw::connection::fuse_over_uring] transport payload lease held 1860 ms (≥ 1 s) — overlong handler invocation or a §5.4 severance escape; watch transport_lease_overlong / transport_parked_commits
[2026-08-30T11:09:11Z ERROR fuse3::raw::connection::fuse_over_uring] transport payload lease held 1132 ms (≥ 1 s) — overlong handler invocation or a §5.4 severance escape; watch transport_lease_overlong / transport_parked_commits
[2026-08-30T11:09:11Z ERROR fuse3::raw::connection::fuse_over_uring] transport payload lease held 1133 ms (≥ 1 s) — overlong handler invocation or a §5.4 severance escape; watch transport_lease_overlong / transport_parked_commits
[2026-08-30T11:09:11Z ERROR fuse3::raw::connection::fuse_over_uring] transport payload lease held 1133 ms (≥ 1 s) — overlong handler invocation or a §5.4 severance escape; watch transport_lease_overlong / transport_parked_commits
[2026-08-30T11:09:11Z ERROR fuse3::raw::connection::fuse_over_uring] transport payload lease held 1133 ms (≥ 1 s) — overlong handler invocation or a §5.4 severance escape; watch transport_lease_overlong / transport_parked_commits
[2026-08-30T11:09:11Z ERROR fuse3::raw::connection::fuse_over_uring] transport payload lease held 1059 ms (≥ 1 s) — overlong handler invocation or a §5.4 severance escape; watch transport_lease_overlong / transport_parked_commits
[2026-08-30T11:09:11Z ERROR fuse3::raw::connection::fuse_over_uring] transport payload lease held 1058 ms (≥ 1 s) — overlong handler invocation or a §5.4 severance escape; watch transport_lease_overlong / transport_parked_commits
[2026-08-30T11:09:11Z ERROR fuse3::raw::connection::fuse_over_uring] transport payload lease held 1047 ms (≥ 1 s) — overlong handler invocation or a §5.4 severance escape; watch transport_lease_overlong / transport_parked_commits
[2026-08-30T11:09:11Z ERROR fuse3::raw::connection::fuse_over_uring] transport payload lease held 1047 ms (≥ 1 s) — overlong handler invocation or a §5.4 severance escape; watch transport_lease_overlong / transport_parked_commits
[2026-08-30T11:09:12Z WARN  squeezefs::block_allocator] co-writer: abandoning never-published block offset(s) leak-safe (volume 'nvme5n1', first offset 170410377216): the publish that would have named them failed or refused, and a co-writer may not mutate ownership accounting — the next derivation (mount recovery / fsck C6) returns them to the free supply (cowriter_unpublished_abandons; further offsets at debug level)
[2026-08-30T11:09:17Z ERROR fuse3::raw::connection::fuse_over_uring] transport payload lease held 1053 ms (≥ 1 s) — overlong handler invocation or a §5.4 severance escape; watch transport_lease_overlong / transport_parked_commits
[2026-08-30T11:09:17Z ERROR fuse3::raw::connection::fuse_over_uring] transport payload lease held 1052 ms (≥ 1 s) — overlong handler invocation or a §5.4 severance escape; watch transport_lease_overlong / transport_parked_commits
[2026-08-30T11:09:17Z ERROR fuse3::raw::connection::fuse_over_uring] transport payload lease held 1043 ms (≥ 1 s) — overlong handler invocation or a §5.4 severance escape; watch transport_lease_overlong / transport_parked_commits
[2026-08-30T11:09:17Z ERROR fuse3::raw::connection::fuse_over_uring] transport payload lease held 1268 ms (≥ 1 s) — overlong handler invocation or a §5.4 severance escape; watch transport_lease_overlong / transport_parked_commits
[2026-08-30T11:09:17Z ERROR fuse3::raw::connection::fuse_over_uring] transport payload lease held 1267 ms (≥ 1 s) — overlong handler invocation or a §5.4 severance escape; watch transport_lease_overlong / transport_parked_commits
[2026-08-30T11:09:17Z ERROR fuse3::raw::connection::fuse_over_uring] transport payload lease held 1267 ms (≥ 1 s) — overlong handler invocation or a §5.4 severance escape; watch transport_lease_overlong / transport_parked_commits
[2026-08-30T11:09:17Z ERROR fuse3::raw::connection::fuse_over_uring] transport payload lease held 1241 ms (≥ 1 s) — overlong handler invocation or a §5.4 severance escape; watch transport_lease_overlong / transport_parked_commits
[2026-08-30T11:09:17Z ERROR fuse3::raw::connection::fuse_over_uring] transport payload lease held 1267 ms (≥ 1 s) — overlong handler invocation or a §5.4 severance escape; watch transport_lease_overlong / transport_parked_commits
[2026-08-30T11:09:17Z ERROR fuse3::raw::connection::fuse_over_uring] transport payload lease held 1033 ms (≥ 1 s) — overlong handler invocation or a §5.4 severance escape; watch transport_lease_overlong / transport_parked_commits
[2026-08-30T11:09:17Z ERROR fuse3::raw::connection::fuse_over_uring] transport payload lease held 1033 ms (≥ 1 s) — overlong handler invocation or a §5.4 severance escape; watch transport_lease_overlong / transport_parked_commits
[2026-08-30T11:09:17Z ERROR fuse3::raw::connection::fuse_over_uring] transport payload lease held 1034 ms (≥ 1 s) — overlong handler invocation or a §5.4 severance escape; watch transport_lease_overlong / transport_parked_commits
[2026-08-30T11:09:17Z ERROR fuse3::raw::connection::fuse_over_uring] transport payload lease held 1033 ms (≥ 1 s) — overlong handler invocation or a §5.4 severance escape; watch transport_lease_overlong / transport_parked_commits
[2026-08-30T11:09:17Z ERROR fuse3::raw::connection::fuse_over_uring] transport payload lease held 1012 ms (≥ 1 s) — overlong handler invocation or a §5.4 severance escape; watch transport_lease_overlong / transport_parked_commits
[2026-08-30T11:09:17Z ERROR fuse3::raw::connection::fuse_over_uring] transport payload lease held 1005 ms (≥ 1 s) — overlong handler invocation or a §5.4 severance escape; watch transport_lease_overlong / transport_parked_commits
[2026-08-30T11:09:17Z ERROR fuse3::raw::connection::fuse_over_uring] transport payload lease held 1271 ms (≥ 1 s) — overlong handler invocation or a §5.4 severance escape; watch transport_lease_overlong / transport_parked_commits
[2026-08-30T11:09:17Z ERROR fuse3::raw::connection::fuse_over_uring] transport payload lease held 1271 ms (≥ 1 s) — overlong handler invocation or a §5.4 severance escape; watch transport_lease_overlong / transport_parked_commits
[2026-08-30T11:09:18Z ERROR fuse3::raw::connection::fuse_over_uring] transport payload lease held 1567 ms (≥ 1 s) — overlong handler invocation or a §5.4 severance escape; watch transport_lease_overlong / transport_parked_commits
[2026-08-30T11:09:18Z ERROR fuse3::raw::connection::fuse_over_uring] transport payload lease held 1567 ms (≥ 1 s) — overlong handler invocation or a §5.4 severance escape; watch transport_lease_overlong / transport_parked_commits
[2026-08-30T11:09:18Z ERROR fuse3::raw::connection::fuse_over_uring] transport payload lease held 1567 ms (≥ 1 s) — overlong handler invocation or a §5.4 severance escape; watch transport_lease_overlong / transport_parked_commits
[2026-08-30T11:09:18Z ERROR fuse3::raw::connection::fuse_over_uring] transport payload lease held 1567 ms (≥ 1 s) — overlong handler invocation or a §5.4 severance escape; watch transport_lease_overlong / transport_parked_commits
[2026-08-30T11:09:18Z ERROR fuse3::raw::connection::fuse_over_uring] transport payload lease held 1745 ms (≥ 1 s) — overlong handler invocation or a §5.4 severance escape; watch transport_lease_overlong / transport_parked_commits
[2026-08-30T11:09:18Z ERROR fuse3::raw::connection::fuse_over_uring] transport payload lease held 1746 ms (≥ 1 s) — overlong handler invocation or a §5.4 severance escape; watch transport_lease_overlong / transport_parked_commits
[2026-08-30T11:09:18Z ERROR fuse3::raw::connection::fuse_over_uring] transport payload lease held 1739 ms (≥ 1 s) — overlong handler invocation or a §5.4 severance escape; watch transport_lease_overlong / transport_parked_commits
[2026-08-30T11:09:18Z ERROR fuse3::raw::connection::fuse_over_uring] transport payload lease held 1423 ms (≥ 1 s) — overlong handler invocation or a §5.4 severance escape; watch transport_lease_overlong / transport_parked_commits
[2026-08-30T11:09:18Z ERROR fuse3::raw::connection::fuse_over_uring] transport payload lease held 1462 ms (≥ 1 s) — overlong handler invocation or a §5.4 severance escape; watch transport_lease_overlong / transport_parked_commits
[2026-08-30T11:09:19Z ERROR fuse3::raw::connection::fuse_over_uring] transport payload lease held 1609 ms (≥ 1 s) — overlong handler invocation or a §5.4 severance escape; watch transport_lease_overlong / transport_parked_commits
[2026-08-30T11:09:19Z ERROR fuse3::raw::connection::fuse_over_uring] transport payload lease held 1610 ms (≥ 1 s) — overlong handler invocation or a §5.4 severance escape; watch transport_lease_overlong / transport_parked_commits
[2026-08-30T11:09:19Z ERROR fuse3::raw::connection::fuse_over_uring] transport payload lease held 1543 ms (≥ 1 s) — overlong handler invocation or a §5.4 severance escape; watch transport_lease_overlong / transport_parked_commits
[2026-08-30T11:09:19Z ERROR fuse3::raw::connection::fuse_over_uring] transport payload lease held 1543 ms (≥ 1 s) — overlong handler invocation or a §5.4 severance escape; watch transport_lease_overlong / transport_parked_commits
[2026-08-30T11:09:19Z ERROR fuse3::raw::connection::fuse_over_uring] transport payload lease held 1540 ms (≥ 1 s) — overlong handler invocation or a §5.4 severance escape; watch transport_lease_overlong / transport_parked_commits
[2026-08-30T11:09:19Z ERROR fuse3::raw::connection::fuse_over_uring] transport payload lease held 1484 ms (≥ 1 s) — overlong handler invocation or a §5.4 severance escape; watch transport_lease_overlong / transport_parked_commits
[2026-08-30T11:09:19Z ERROR fuse3::raw::connection::fuse_over_uring] transport payload lease held 1470 ms (≥ 1 s) — overlong handler invocation or a §5.4 severance escape; watch transport_lease_overlong / transport_parked_commits
[2026-08-30T11:09:19Z ERROR fuse3::raw::connection::fuse_over_uring] transport payload lease held 1470 ms (≥ 1 s) — overlong handler invocation or a §5.4 severance escape; watch transport_lease_overlong / transport_parked_commits
[2026-08-30T11:09:19Z ERROR fuse3::raw::connection::fuse_over_uring] transport payload lease held 1482 ms (≥ 1 s) — overlong handler invocation or a §5.4 severance escape; watch transport_lease_overlong / transport_parked_commits
[2026-08-30T11:09:19Z ERROR fuse3::raw::connection::fuse_over_uring] transport payload lease held 1465 ms (≥ 1 s) — overlong handler invocation or a §5.4 severance escape; watch transport_lease_overlong / transport_parked_commits
[2026-08-30T11:09:19Z ERROR fuse3::raw::connection::fuse_over_uring] transport payload lease held 1477 ms (≥ 1 s) — overlong handler invocation or a §5.4 severance escape; watch transport_lease_overlong / transport_parked_commits
[2026-08-30T11:09:19Z ERROR fuse3::raw::connection::fuse_over_uring] transport payload lease held 1463 ms (≥ 1 s) — overlong handler invocation or a §5.4 severance escape; watch transport_lease_overlong / transport_parked_commits
[2026-08-30T11:09:19Z ERROR fuse3::raw::connection::fuse_over_uring] transport payload lease held 1492 ms (≥ 1 s) — overlong handler invocation or a §5.4 severance escape; watch transport_lease_overlong / transport_parked_commits
[2026-08-30T11:09:19Z ERROR fuse3::raw::connection::fuse_over_uring] transport payload lease held 1494 ms (≥ 1 s) — overlong handler invocation or a §5.4 severance escape; watch transport_lease_overlong / transport_parked_commits
[2026-08-30T11:09:19Z ERROR fuse3::raw::connection::fuse_over_uring] transport payload lease held 1494 ms (≥ 1 s) — overlong handler invocation or a §5.4 severance escape; watch transport_lease_overlong / transport_parked_commits
[2026-08-30T11:09:19Z ERROR fuse3::raw::connection::fuse_over_uring] transport payload lease held 1422 ms (≥ 1 s) — overlong handler invocation or a §5.4 severance escape; watch transport_lease_overlong / transport_parked_commits
[2026-08-30T11:09:19Z ERROR fuse3::raw::connection::fuse_over_uring] transport payload lease held 1422 ms (≥ 1 s) — overlong handler invocation or a §5.4 severance escape; watch transport_lease_overlong / transport_parked_commits
[2026-08-30T11:09:19Z ERROR fuse3::raw::connection::fuse_over_uring] transport payload lease held 2973 ms (≥ 1 s) — overlong handler invocation or a §5.4 severance escape; watch transport_lease_overlong / transport_parked_commits
[2026-08-30T11:09:19Z ERROR fuse3::raw::connection::fuse_over_uring] transport payload lease held 2973 ms (≥ 1 s) — overlong handler invocation or a §5.4 severance escape; watch transport_lease_overlong / transport_parked_commits
[2026-08-30T11:09:19Z ERROR fuse3::raw::connection::fuse_over_uring] transport payload lease held 2940 ms (≥ 1 s) — overlong handler invocation or a §5.4 severance escape; watch transport_lease_overlong / transport_parked_commits
[2026-08-30T11:09:19Z ERROR fuse3::raw::connection::fuse_over_uring] transport payload lease held 2940 ms (≥ 1 s) — overlong handler invocation or a §5.4 severance escape; watch transport_lease_overlong / transport_parked_commits
[2026-08-30T11:09:19Z ERROR fuse3::raw::connection::fuse_over_uring] transport payload lease held 1364 ms (≥ 1 s) — overlong handler invocation or a §5.4 severance escape; watch transport_lease_overlong / transport_parked_commits
[2026-08-30T11:09:19Z ERROR fuse3::raw::connection::fuse_over_uring] transport payload lease held 1359 ms (≥ 1 s) — overlong handler invocation or a §5.4 severance escape; watch transport_lease_overlong / transport_parked_commits
[2026-08-30T11:09:19Z ERROR fuse3::raw::connection::fuse_over_uring] transport payload lease held 1352 ms (≥ 1 s) — overlong handler invocation or a §5.4 severance escape; watch transport_lease_overlong / transport_parked_commits
[2026-08-30T11:09:19Z ERROR fuse3::raw::connection::fuse_over_uring] transport payload lease held 1345 ms (≥ 1 s) — overlong handler invocation or a §5.4 severance escape; watch transport_lease_overlong / transport_parked_commits
[2026-08-30T11:09:19Z ERROR fuse3::raw::connection::fuse_over_uring] transport payload lease held 1307 ms (≥ 1 s) — overlong handler invocation or a §5.4 severance escape; watch transport_lease_overlong / transport_parked_commits
[2026-08-30T11:09:19Z ERROR fuse3::raw::connection::fuse_over_uring] transport payload lease held 1307 ms (≥ 1 s) — overlong handler invocation or a §5.4 severance escape; watch transport_lease_overlong / transport_parked_commits
[2026-08-30T11:09:19Z ERROR fuse3::raw::connection::fuse_over_uring] transport payload lease held 1302 ms (≥ 1 s) — overlong handler invocation or a §5.4 severance escape; watch transport_lease_overlong / transport_parked_commits
[2026-08-30T11:09:19Z ERROR fuse3::raw::connection::fuse_over_uring] transport payload lease held 1302 ms (≥ 1 s) — overlong handler invocation or a §5.4 severance escape; watch transport_lease_overlong / transport_parked_commits
[2026-08-30T11:09:19Z ERROR fuse3::raw::connection::fuse_over_uring] transport payload lease held 1448 ms (≥ 1 s) — overlong handler invocation or a §5.4 severance escape; watch transport_lease_overlong / transport_parked_commits
[2026-08-30T11:09:19Z ERROR fuse3::raw::connection::fuse_over_uring] transport payload lease held 1448 ms (≥ 1 s) — overlong handler invocation or a §5.4 severance escape; watch transport_lease_overlong / transport_parked_commits
[2026-08-30T11:09:19Z ERROR fuse3::raw::connection::fuse_over_uring] transport payload lease held 1450 ms (≥ 1 s) — overlong handler invocation or a §5.4 severance escape; watch transport_lease_overlong / transport_parked_commits
[2026-08-30T11:09:19Z ERROR fuse3::raw::connection::fuse_over_uring] transport payload lease held 1320 ms (≥ 1 s) — overlong handler invocation or a §5.4 severance escape; watch transport_lease_overlong / transport_parked_commits
[2026-08-30T11:09:19Z ERROR fuse3::raw::connection::fuse_over_uring] transport payload lease held 1320 ms (≥ 1 s) — overlong handler invocation or a §5.4 severance escape; watch transport_lease_overlong / transport_parked_commits
[2026-08-30T11:09:19Z ERROR fuse3::raw::connection::fuse_over_uring] transport payload lease held 1320 ms (≥ 1 s) — overlong handler invocation or a §5.4 severance escape; watch transport_lease_overlong / transport_parked_commits
[2026-08-30T11:09:19Z ERROR fuse3::raw::connection::fuse_over_uring] transport payload lease held 1330 ms (≥ 1 s) — overlong handler invocation or a §5.4 severance escape; watch transport_lease_overlong / transport_parked_commits
[2026-08-30T11:09:22Z ERROR fuse3::raw::connection::fuse_over_uring] transport payload lease held 1068 ms (≥ 1 s) — overlong handler invocation or a §5.4 severance escape; watch transport_lease_overlong / transport_parked_commits
[2026-08-30T11:09:22Z ERROR fuse3::raw::connection::fuse_over_uring] transport payload lease held 1068 ms (≥ 1 s) — overlong handler invocation or a §5.4 severance escape; watch transport_lease_overlong / transport_parked_commits
[2026-08-30T11:09:22Z ERROR fuse3::raw::connection::fuse_over_uring] transport payload lease held 1068 ms (≥ 1 s) — overlong handler invocation or a §5.4 severance escape; watch transport_lease_overlong / transport_parked_commits
[2026-08-30T11:09:22Z ERROR fuse3::raw::connection::fuse_over_uring] transport payload lease held 1068 ms (≥ 1 s) — overlong handler invocation or a §5.4 severance escape; watch transport_lease_overlong / transport_parked_commits
[2026-08-30T11:09:22Z ERROR fuse3::raw::connection::fuse_over_uring] transport payload lease held 1045 ms (≥ 1 s) — overlong handler invocation or a §5.4 severance escape; watch transport_lease_overlong / transport_parked_commits
[2026-08-30T11:09:22Z ERROR fuse3::raw::connection::fuse_over_uring] transport payload lease held 1045 ms (≥ 1 s) — overlong handler invocation or a §5.4 severance escape; watch transport_lease_overlong / transport_parked_commits
[2026-08-30T11:09:22Z ERROR fuse3::raw::connection::fuse_over_uring] transport payload lease held 1045 ms (≥ 1 s) — overlong handler invocation or a §5.4 severance escape; watch transport_lease_overlong / transport_parked_commits
[2026-08-30T11:09:22Z ERROR fuse3::raw::connection::fuse_over_uring] transport payload lease held 1045 ms (≥ 1 s) — overlong handler invocation or a §5.4 severance escape; watch transport_lease_overlong / transport_parked_commits
[2026-08-30T11:09:22Z ERROR fuse3::raw::connection::fuse_over_uring] transport payload lease held 1028 ms (≥ 1 s) — overlong handler invocation or a §5.4 severance escape; watch transport_lease_overlong / transport_parked_commits
[2026-08-30T11:09:22Z ERROR fuse3::raw::connection::fuse_over_uring] transport payload lease held 1041 ms (≥ 1 s) — overlong handler invocation or a §5.4 severance escape; watch transport_lease_overlong / transport_parked_commits
[2026-08-30T11:09:22Z ERROR fuse3::raw::connection::fuse_over_uring] transport payload lease held 2096 ms (≥ 1 s) — overlong handler invocation or a §5.4 severance escape; watch transport_lease_overlong / transport_parked_commits
[2026-08-30T11:09:22Z ERROR fuse3::raw::connection::fuse_over_uring] transport payload lease held 2090 ms (≥ 1 s) — overlong handler invocation or a §5.4 severance escape; watch transport_lease_overlong / transport_parked_commits
[2026-08-30T11:09:22Z ERROR fuse3::raw::connection::fuse_over_uring] transport payload lease held 2082 ms (≥ 1 s) — overlong handler invocation or a §5.4 severance escape; watch transport_lease_overlong / transport_parked_commits
[2026-08-30T11:09:22Z ERROR fuse3::raw::connection::fuse_over_uring] transport payload lease held 2082 ms (≥ 1 s) — overlong handler invocation or a §5.4 severance escape; watch transport_lease_overlong / transport_parked_commits
[2026-08-30T11:09:22Z ERROR fuse3::raw::connection::fuse_over_uring] transport payload lease held 2076 ms (≥ 1 s) — overlong handler invocation or a §5.4 severance escape; watch transport_lease_overlong / transport_parked_commits
[2026-08-30T11:09:22Z ERROR fuse3::raw::connection::fuse_over_uring] transport payload lease held 2075 ms (≥ 1 s) — overlong handler invocation or a §5.4 severance escape; watch transport_lease_overlong / transport_parked_commits
[2026-08-30T11:09:22Z ERROR fuse3::raw::connection::fuse_over_uring] transport payload lease held 2108 ms (≥ 1 s) — overlong handler invocation or a §5.4 severance escape; watch transport_lease_overlong / transport_parked_commits
[2026-08-30T11:09:22Z ERROR fuse3::raw::connection::fuse_over_uring] transport payload lease held 2108 ms (≥ 1 s) — overlong handler invocation or a §5.4 severance escape; watch transport_lease_overlong / transport_parked_commits
[2026-08-30T11:09:22Z ERROR fuse3::raw::connection::fuse_over_uring] transport payload lease held 2109 ms (≥ 1 s) — overlong handler invocation or a §5.4 severance escape; watch transport_lease_overlong / transport_parked_commits
[2026-08-30T11:09:22Z ERROR fuse3::raw::connection::fuse_over_uring] transport payload lease held 2108 ms (≥ 1 s) — overlong handler invocation or a §5.4 severance escape; watch transport_lease_overlong / transport_parked_commits
[2026-08-30T11:09:22Z ERROR fuse3::raw::connection::fuse_over_uring] transport payload lease held 2101 ms (≥ 1 s) — overlong handler invocation or a §5.4 severance escape; watch transport_lease_overlong / transport_parked_commits
[2026-08-30T11:09:22Z ERROR fuse3::raw::connection::fuse_over_uring] transport payload lease held 2102 ms (≥ 1 s) — overlong handler invocation or a §5.4 severance escape; watch transport_lease_overlong / transport_parked_commits
[2026-08-30T11:09:22Z ERROR fuse3::raw::connection::fuse_over_uring] transport payload lease held 2002 ms (≥ 1 s) — overlong handler invocation or a §5.4 severance escape; watch transport_lease_overlong / transport_parked_commits
[2026-08-30T11:09:22Z ERROR fuse3::raw::connection::fuse_over_uring] transport payload lease held 1954 ms (≥ 1 s) — overlong handler invocation or a §5.4 severance escape; watch transport_lease_overlong / transport_parked_commits
[2026-08-30T11:09:22Z ERROR fuse3::raw::connection::fuse_over_uring] transport payload lease held 1971 ms (≥ 1 s) — overlong handler invocation or a §5.4 severance escape; watch transport_lease_overlong / transport_parked_commits
[2026-08-30T11:09:22Z ERROR fuse3::raw::connection::fuse_over_uring] transport payload lease held 1954 ms (≥ 1 s) — overlong handler invocation or a §5.4 severance escape; watch transport_lease_overlong / transport_parked_commits
[2026-08-30T11:09:22Z ERROR fuse3::raw::connection::fuse_over_uring] transport payload lease held 1819 ms (≥ 1 s) — overlong handler invocation or a §5.4 severance escape; watch transport_lease_overlong / transport_parked_commits
[2026-08-30T11:09:22Z ERROR fuse3::raw::connection::fuse_over_uring] transport payload lease held 1814 ms (≥ 1 s) — overlong handler invocation or a §5.4 severance escape; watch transport_lease_overlong / transport_parked_commits
[2026-08-30T11:09:22Z ERROR fuse3::raw::connection::fuse_over_uring] transport payload lease held 1817 ms (≥ 1 s) — overlong handler invocation or a §5.4 severance escape; watch transport_lease_overlong / transport_parked_commits
[2026-08-30T11:09:22Z ERROR fuse3::raw::connection::fuse_over_uring] transport payload lease held 1814 ms (≥ 1 s) — overlong handler invocation or a §5.4 severance escape; watch transport_lease_overlong / transport_parked_commits
[2026-08-30T11:09:22Z ERROR fuse3::raw::connection::fuse_over_uring] transport payload lease held 1468 ms (≥ 1 s) — overlong handler invocation or a §5.4 severance escape; watch transport_lease_overlong / transport_parked_commits
[2026-08-30T11:09:22Z ERROR fuse3::raw::connection::fuse_over_uring] transport payload lease held 1489 ms (≥ 1 s) — overlong handler invocation or a §5.4 severance escape; watch transport_lease_overlong / transport_parked_commits
[2026-08-30T11:09:22Z ERROR fuse3::raw::connection::fuse_over_uring] transport payload lease held 1489 ms (≥ 1 s) — overlong handler invocation or a §5.4 severance escape; watch transport_lease_overlong / transport_parked_commits
[2026-08-30T11:09:22Z ERROR fuse3::raw::connection::fuse_over_uring] transport payload lease held 1503 ms (≥ 1 s) — overlong handler invocation or a §5.4 severance escape; watch transport_lease_overlong / transport_parked_commits
[2026-08-30T11:09:22Z ERROR fuse3::raw::connection::fuse_over_uring] transport payload lease held 1503 ms (≥ 1 s) — overlong handler invocation or a §5.4 severance escape; watch transport_lease_overlong / transport_parked_commits
[2026-08-30T11:09:22Z ERROR fuse3::raw::connection::fuse_over_uring] transport payload lease held 1419 ms (≥ 1 s) — overlong handler invocation or a §5.4 severance escape; watch transport_lease_overlong / transport_parked_commits
[2026-08-30T11:09:22Z ERROR fuse3::raw::connection::fuse_over_uring] transport payload lease held 1419 ms (≥ 1 s) — overlong handler invocation or a §5.4 severance escape; watch transport_lease_overlong / transport_parked_commits
[2026-08-30T11:09:22Z ERROR fuse3::raw::connection::fuse_over_uring] transport payload lease held 1517 ms (≥ 1 s) — overlong handler invocation or a §5.4 severance escape; watch transport_lease_overlong / transport_parked_commits
[2026-08-30T11:09:22Z ERROR fuse3::raw::connection::fuse_over_uring] transport payload lease held 1517 ms (≥ 1 s) — overlong handler invocation or a §5.4 severance escape; watch transport_lease_overlong / transport_parked_commits
[2026-08-30T11:09:22Z ERROR fuse3::raw::connection::fuse_over_uring] transport payload lease held 1534 ms (≥ 1 s) — overlong handler invocation or a §5.4 severance escape; watch transport_lease_overlong / transport_parked_commits
[2026-08-30T11:09:22Z ERROR fuse3::raw::connection::fuse_over_uring] transport payload lease held 1498 ms (≥ 1 s) — overlong handler invocation or a §5.4 severance escape; watch transport_lease_overlong / transport_parked_commits
[2026-08-30T11:09:22Z ERROR fuse3::raw::connection::fuse_over_uring] transport payload lease held 1516 ms (≥ 1 s) — overlong handler invocation or a §5.4 severance escape; watch transport_lease_overlong / transport_parked_commits
[2026-08-30T11:09:22Z ERROR fuse3::raw::connection::fuse_over_uring] transport payload lease held 1516 ms (≥ 1 s) — overlong handler invocation or a §5.4 severance escape; watch transport_lease_overlong / transport_parked_commits
[2026-08-30T11:09:22Z ERROR fuse3::raw::connection::fuse_over_uring] transport payload lease held 1487 ms (≥ 1 s) — overlong handler invocation or a §5.4 severance escape; watch transport_lease_overlong / transport_parked_commits
[2026-08-30T11:09:22Z ERROR fuse3::raw::connection::fuse_over_uring] transport payload lease held 1475 ms (≥ 1 s) — overlong handler invocation or a §5.4 severance escape; watch transport_lease_overlong / transport_parked_commits
[2026-08-30T11:09:22Z ERROR fuse3::raw::connection::fuse_over_uring] transport payload lease held 1489 ms (≥ 1 s) — overlong handler invocation or a §5.4 severance escape; watch transport_lease_overlong / transport_parked_commits
[2026-08-30T11:09:22Z ERROR fuse3::raw::connection::fuse_over_uring] transport payload lease held 1409 ms (≥ 1 s) — overlong handler invocation or a §5.4 severance escape; watch transport_lease_overlong / transport_parked_commits
[2026-08-30T11:09:22Z ERROR fuse3::raw::connection::fuse_over_uring] transport payload lease held 1409 ms (≥ 1 s) — overlong handler invocation or a §5.4 severance escape; watch transport_lease_overlong / transport_parked_commits
[2026-08-30T11:09:22Z ERROR fuse3::raw::connection::fuse_over_uring] transport payload lease held 1409 ms (≥ 1 s) — overlong handler invocation or a §5.4 severance escape; watch transport_lease_overlong / transport_parked_commits
[2026-08-30T11:09:22Z ERROR fuse3::raw::connection::fuse_over_uring] transport payload lease held 1490 ms (≥ 1 s) — overlong handler invocation or a §5.4 severance escape; watch transport_lease_overlong / transport_parked_commits
[2026-08-30T11:09:22Z ERROR fuse3::raw::connection::fuse_over_uring] transport payload lease held 1490 ms (≥ 1 s) — overlong handler invocation or a §5.4 severance escape; watch transport_lease_overlong / transport_parked_commits
[2026-08-30T11:09:22Z ERROR fuse3::raw::connection::fuse_over_uring] transport payload lease held 1316 ms (≥ 1 s) — overlong handler invocation or a §5.4 severance escape; watch transport_lease_overlong / transport_parked_commits
[2026-08-30T11:09:22Z ERROR fuse3::raw::connection::fuse_over_uring] transport payload lease held 1486 ms (≥ 1 s) — overlong handler invocation or a §5.4 severance escape; watch transport_lease_overlong / transport_parked_commits
[2026-08-30T11:09:22Z ERROR fuse3::raw::connection::fuse_over_uring] transport payload lease held 1438 ms (≥ 1 s) — overlong handler invocation or a §5.4 severance escape; watch transport_lease_overlong / transport_parked_commits
[2026-08-30T11:09:22Z ERROR fuse3::raw::connection::fuse_over_uring] transport payload lease held 1428 ms (≥ 1 s) — overlong handler invocation or a §5.4 severance escape; watch transport_lease_overlong / transport_parked_commits
[2026-08-30T11:09:22Z ERROR fuse3::raw::connection::fuse_over_uring] transport payload lease held 1349 ms (≥ 1 s) — overlong handler invocation or a §5.4 severance escape; watch transport_lease_overlong / transport_parked_commits
[2026-08-30T11:09:22Z ERROR fuse3::raw::connection::fuse_over_uring] transport payload lease held 1356 ms (≥ 1 s) — overlong handler invocation or a §5.4 severance escape; watch transport_lease_overlong / transport_parked_commits
[2026-08-30T11:09:22Z ERROR fuse3::raw::connection::fuse_over_uring] transport payload lease held 1356 ms (≥ 1 s) — overlong handler invocation or a §5.4 severance escape; watch transport_lease_overlong / transport_parked_commits
[2026-08-30T11:09:22Z ERROR fuse3::raw::connection::fuse_over_uring] transport payload lease held 1344 ms (≥ 1 s) — overlong handler invocation or a §5.4 severance escape; watch transport_lease_overlong / transport_parked_commits
[2026-08-30T11:09:22Z ERROR fuse3::raw::connection::fuse_over_uring] transport payload lease held 1138 ms (≥ 1 s) — overlong handler invocation or a §5.4 severance escape; watch transport_lease_overlong / transport_parked_commits
[2026-08-30T11:09:24Z ERROR fuse3::raw::connection::fuse_over_uring] transport payload lease held 1343 ms (≥ 1 s) — overlong handler invocation or a §5.4 severance escape; watch transport_lease_overlong / transport_parked_commits
[2026-08-30T11:09:24Z ERROR fuse3::raw::connection::fuse_over_uring] transport payload lease held 1340 ms (≥ 1 s) — overlong handler invocation or a §5.4 severance escape; watch transport_lease_overlong / transport_parked_commits
[2026-08-30T11:09:24Z ERROR fuse3::raw::connection::fuse_over_uring] transport payload lease held 1339 ms (≥ 1 s) — overlong handler invocation or a §5.4 severance escape; watch transport_lease_overlong / transport_parked_commits
[2026-08-30T11:09:24Z ERROR fuse3::raw::connection::fuse_over_uring] transport payload lease held 1331 ms (≥ 1 s) — overlong handler invocation or a §5.4 severance escape; watch transport_lease_overlong / transport_parked_commits
[2026-08-30T11:09:24Z ERROR fuse3::raw::connection::fuse_over_uring] transport payload lease held 1375 ms (≥ 1 s) — overlong handler invocation or a §5.4 severance escape; watch transport_lease_overlong / transport_parked_commits
[2026-08-30T11:09:24Z ERROR fuse3::raw::connection::fuse_over_uring] transport payload lease held 1372 ms (≥ 1 s) — overlong handler invocation or a §5.4 severance escape; watch transport_lease_overlong / transport_parked_commits
[2026-08-30T11:09:24Z ERROR fuse3::raw::connection::fuse_over_uring] transport payload lease held 1369 ms (≥ 1 s) — overlong handler invocation or a §5.4 severance escape; watch transport_lease_overlong / transport_parked_commits
[2026-08-30T11:09:24Z ERROR fuse3::raw::connection::fuse_over_uring] transport payload lease held 1369 ms (≥ 1 s) — overlong handler invocation or a §5.4 severance escape; watch transport_lease_overlong / transport_parked_commits
[2026-08-30T11:09:24Z ERROR fuse3::raw::connection::fuse_over_uring] transport payload lease held 1350 ms (≥ 1 s) — overlong handler invocation or a §5.4 severance escape; watch transport_lease_overlong / transport_parked_commits
[2026-08-30T11:09:24Z ERROR fuse3::raw::connection::fuse_over_uring] transport payload lease held 1210 ms (≥ 1 s) — overlong handler invocation or a §5.4 severance escape; watch transport_lease_overlong / transport_parked_commits
[2026-08-30T11:09:24Z ERROR fuse3::raw::connection::fuse_over_uring] transport payload lease held 1204 ms (≥ 1 s) — overlong handler invocation or a §5.4 severance escape; watch transport_lease_overlong / transport_parked_commits
[2026-08-30T11:09:24Z ERROR fuse3::raw::connection::fuse_over_uring] transport payload lease held 1432 ms (≥ 1 s) — overlong handler invocation or a §5.4 severance escape; watch transport_lease_overlong / transport_parked_commits
[2026-08-30T11:09:24Z ERROR fuse3::raw::connection::fuse_over_uring] transport payload lease held 1380 ms (≥ 1 s) — overlong handler invocation or a §5.4 severance escape; watch transport_lease_overlong / transport_parked_commits
[2026-08-30T11:09:24Z ERROR fuse3::raw::connection::fuse_over_uring] transport payload lease held 1376 ms (≥ 1 s) — overlong handler invocation or a §5.4 severance escape; watch transport_lease_overlong / transport_parked_commits
[2026-08-30T11:09:24Z ERROR fuse3::raw::connection::fuse_over_uring] transport payload lease held 1375 ms (≥ 1 s) — overlong handler invocation or a §5.4 severance escape; watch transport_lease_overlong / transport_parked_commits
[2026-08-30T11:09:24Z ERROR fuse3::raw::connection::fuse_over_uring] transport payload lease held 1220 ms (≥ 1 s) — overlong handler invocation or a §5.4 severance escape; watch transport_lease_overlong / transport_parked_commits
[2026-08-30T11:09:24Z ERROR fuse3::raw::connection::fuse_over_uring] transport payload lease held 1243 ms (≥ 1 s) — overlong handler invocation or a §5.4 severance escape; watch transport_lease_overlong / transport_parked_commits
[2026-08-30T11:09:29Z ERROR fuse3::raw::connection::fuse_over_uring] transport payload lease held 1707 ms (≥ 1 s) — overlong handler invocation or a §5.4 severance escape; watch transport_lease_overlong / transport_parked_commits
[2026-08-30T11:09:29Z ERROR fuse3::raw::connection::fuse_over_uring] transport payload lease held 1222 ms (≥ 1 s) — overlong handler invocation or a §5.4 severance escape; watch transport_lease_overlong / transport_parked_commits
[2026-08-30T11:09:29Z ERROR fuse3::raw::connection::fuse_over_uring] transport payload lease held 1215 ms (≥ 1 s) — overlong handler invocation or a §5.4 severance escape; watch transport_lease_overlong / transport_parked_commits
[2026-08-30T11:09:29Z ERROR fuse3::raw::connection::fuse_over_uring] transport payload lease held 1203 ms (≥ 1 s) — overlong handler invocation or a §5.4 severance escape; watch transport_lease_overlong / transport_parked_commits
[2026-08-30T11:09:29Z ERROR fuse3::raw::connection::fuse_over_uring] transport payload lease held 1203 ms (≥ 1 s) — overlong handler invocation or a §5.4 severance escape; watch transport_lease_overlong / transport_parked_commits
[2026-08-30T11:09:29Z ERROR fuse3::raw::connection::fuse_over_uring] transport payload lease held 1203 ms (≥ 1 s) — overlong handler invocation or a §5.4 severance escape; watch transport_lease_overlong / transport_parked_commits
[2026-08-30T11:09:29Z ERROR fuse3::raw::connection::fuse_over_uring] transport payload lease held 1200 ms (≥ 1 s) — overlong handler invocation or a §5.4 severance escape; watch transport_lease_overlong / transport_parked_commits
[2026-08-30T11:09:29Z ERROR fuse3::raw::connection::fuse_over_uring] transport payload lease held 1210 ms (≥ 1 s) — overlong handler invocation or a §5.4 severance escape; watch transport_lease_overlong / transport_parked_commits
[2026-08-30T11:09:29Z ERROR fuse3::raw::connection::fuse_over_uring] transport payload lease held 1210 ms (≥ 1 s) — overlong handler invocation or a §5.4 severance escape; watch transport_lease_overlong / transport_parked_commits
[2026-08-30T11:09:29Z ERROR fuse3::raw::connection::fuse_over_uring] transport payload lease held 1210 ms (≥ 1 s) — overlong handler invocation or a §5.4 severance escape; watch transport_lease_overlong / transport_parked_commits
[2026-08-30T11:09:29Z ERROR fuse3::raw::connection::fuse_over_uring] transport payload lease held 1146 ms (≥ 1 s) — overlong handler invocation or a §5.4 severance escape; watch transport_lease_overlong / transport_parked_commits
[2026-08-30T11:09:29Z ERROR fuse3::raw::connection::fuse_over_uring] transport payload lease held 1220 ms (≥ 1 s) — overlong handler invocation or a §5.4 severance escape; watch transport_lease_overlong / transport_parked_commits
[2026-08-30T11:09:29Z ERROR fuse3::raw::connection::fuse_over_uring] transport payload lease held 1220 ms (≥ 1 s) — overlong handler invocation or a §5.4 severance escape; watch transport_lease_overlong / transport_parked_commits
[2026-08-30T11:09:29Z ERROR fuse3::raw::connection::fuse_over_uring] transport payload lease held 1305 ms (≥ 1 s) — overlong handler invocation or a §5.4 severance escape; watch transport_lease_overlong / transport_parked_commits
[2026-08-30T11:09:29Z ERROR fuse3::raw::connection::fuse_over_uring] transport payload lease held 1305 ms (≥ 1 s) — overlong handler invocation or a §5.4 severance escape; watch transport_lease_overlong / transport_parked_commits
[2026-08-30T11:09:29Z ERROR fuse3::raw::connection::fuse_over_uring] transport payload lease held 1305 ms (≥ 1 s) — overlong handler invocation or a §5.4 severance escape; watch transport_lease_overlong / transport_parked_commits
[2026-08-30T11:09:29Z ERROR fuse3::raw::connection::fuse_over_uring] transport payload lease held 1305 ms (≥ 1 s) — overlong handler invocation or a §5.4 severance escape; watch transport_lease_overlong / transport_parked_commits
[2026-08-30T11:09:29Z ERROR fuse3::raw::connection::fuse_over_uring] transport payload lease held 1335 ms (≥ 1 s) — overlong handler invocation or a §5.4 severance escape; watch transport_lease_overlong / transport_parked_commits
[2026-08-30T11:09:29Z ERROR fuse3::raw::connection::fuse_over_uring] transport payload lease held 1327 ms (≥ 1 s) — overlong handler invocation or a §5.4 severance escape; watch transport_lease_overlong / transport_parked_commits
[2026-08-30T11:09:29Z ERROR fuse3::raw::connection::fuse_over_uring] transport payload lease held 1324 ms (≥ 1 s) — overlong handler invocation or a §5.4 severance escape; watch transport_lease_overlong / transport_parked_commits
[2026-08-30T11:09:29Z ERROR fuse3::raw::connection::fuse_over_uring] transport payload lease held 1807 ms (≥ 1 s) — overlong handler invocation or a §5.4 severance escape; watch transport_lease_overlong / transport_parked_commits
[2026-08-30T11:09:29Z ERROR fuse3::raw::connection::fuse_over_uring] transport payload lease held 1806 ms (≥ 1 s) — overlong handler invocation or a §5.4 severance escape; watch transport_lease_overlong / transport_parked_commits
[2026-08-30T11:09:29Z ERROR fuse3::raw::connection::fuse_over_uring] transport payload lease held 1806 ms (≥ 1 s) — overlong handler invocation or a §5.4 severance escape; watch transport_lease_overlong / transport_parked_commits
[2026-08-30T11:09:29Z ERROR fuse3::raw::connection::fuse_over_uring] transport payload lease held 1806 ms (≥ 1 s) — overlong handler invocation or a §5.4 severance escape; watch transport_lease_overlong / transport_parked_commits
[2026-08-30T11:09:29Z ERROR fuse3::raw::connection::fuse_over_uring] transport payload lease held 1243 ms (≥ 1 s) — overlong handler invocation or a §5.4 severance escape; watch transport_lease_overlong / transport_parked_commits
[2026-08-30T11:09:29Z ERROR fuse3::raw::connection::fuse_over_uring] transport payload lease held 1286 ms (≥ 1 s) — overlong handler invocation or a §5.4 severance escape; watch transport_lease_overlong / transport_parked_commits
[2026-08-30T11:09:29Z ERROR fuse3::raw::connection::fuse_over_uring] transport payload lease held 1286 ms (≥ 1 s) — overlong handler invocation or a §5.4 severance escape; watch transport_lease_overlong / transport_parked_commits
[2026-08-30T11:09:29Z ERROR fuse3::raw::connection::fuse_over_uring] transport payload lease held 1325 ms (≥ 1 s) — overlong handler invocation or a §5.4 severance escape; watch transport_lease_overlong / transport_parked_commits
[2026-08-30T11:09:29Z ERROR fuse3::raw::connection::fuse_over_uring] transport payload lease held 1332 ms (≥ 1 s) — overlong handler invocation or a §5.4 severance escape; watch transport_lease_overlong / transport_parked_commits
[2026-08-30T11:09:29Z ERROR fuse3::raw::connection::fuse_over_uring] transport payload lease held 1318 ms (≥ 1 s) — overlong handler invocation or a §5.4 severance escape; watch transport_lease_overlong / transport_parked_commits
[2026-08-30T11:09:29Z ERROR fuse3::raw::connection::fuse_over_uring] transport payload lease held 1307 ms (≥ 1 s) — overlong handler invocation or a §5.4 severance escape; watch transport_lease_overlong / transport_parked_commits
[2026-08-30T11:09:29Z ERROR fuse3::raw::connection::fuse_over_uring] transport payload lease held 1609 ms (≥ 1 s) — overlong handler invocation or a §5.4 severance escape; watch transport_lease_overlong / transport_parked_commits
[2026-08-30T11:09:29Z ERROR fuse3::raw::connection::fuse_over_uring] transport payload lease held 1605 ms (≥ 1 s) — overlong handler invocation or a §5.4 severance escape; watch transport_lease_overlong / transport_parked_commits
[2026-08-30T11:09:29Z ERROR fuse3::raw::connection::fuse_over_uring] transport payload lease held 1596 ms (≥ 1 s) — overlong handler invocation or a §5.4 severance escape; watch transport_lease_overlong / transport_parked_commits
[2026-08-30T11:09:29Z ERROR fuse3::raw::connection::fuse_over_uring] transport payload lease held 1596 ms (≥ 1 s) — overlong handler invocation or a §5.4 severance escape; watch transport_lease_overlong / transport_parked_commits
[2026-08-30T11:09:29Z ERROR fuse3::raw::connection::fuse_over_uring] transport payload lease held 1559 ms (≥ 1 s) — overlong handler invocation or a §5.4 severance escape; watch transport_lease_overlong / transport_parked_commits
[2026-08-30T11:09:29Z ERROR fuse3::raw::connection::fuse_over_uring] transport payload lease held 1554 ms (≥ 1 s) — overlong handler invocation or a §5.4 severance escape; watch transport_lease_overlong / transport_parked_commits
[2026-08-30T11:09:29Z ERROR fuse3::raw::connection::fuse_over_uring] transport payload lease held 1695 ms (≥ 1 s) — overlong handler invocation or a §5.4 severance escape; watch transport_lease_overlong / transport_parked_commits
[2026-08-30T11:09:29Z ERROR fuse3::raw::connection::fuse_over_uring] transport payload lease held 1620 ms (≥ 1 s) — overlong handler invocation or a §5.4 severance escape; watch transport_lease_overlong / transport_parked_commits
[2026-08-30T11:09:29Z ERROR fuse3::raw::connection::fuse_over_uring] transport payload lease held 1596 ms (≥ 1 s) — overlong handler invocation or a §5.4 severance escape; watch transport_lease_overlong / transport_parked_commits
[2026-08-30T11:09:29Z ERROR fuse3::raw::connection::fuse_over_uring] transport payload lease held 1596 ms (≥ 1 s) — overlong handler invocation or a §5.4 severance escape; watch transport_lease_overlong / transport_parked_commits
[2026-08-30T11:09:29Z ERROR fuse3::raw::connection::fuse_over_uring] transport payload lease held 1895 ms (≥ 1 s) — overlong handler invocation or a §5.4 severance escape; watch transport_lease_overlong / transport_parked_commits
[2026-08-30T11:09:29Z ERROR fuse3::raw::connection::fuse_over_uring] transport payload lease held 1896 ms (≥ 1 s) — overlong handler invocation or a §5.4 severance escape; watch transport_lease_overlong / transport_parked_commits
[2026-08-30T11:09:29Z ERROR fuse3::raw::connection::fuse_over_uring] transport payload lease held 1896 ms (≥ 1 s) — overlong handler invocation or a §5.4 severance escape; watch transport_lease_overlong / transport_parked_commits
[2026-08-30T11:09:29Z ERROR fuse3::raw::connection::fuse_over_uring] transport payload lease held 1893 ms (≥ 1 s) — overlong handler invocation or a §5.4 severance escape; watch transport_lease_overlong / transport_parked_commits
[2026-08-30T11:09:29Z ERROR fuse3::raw::connection::fuse_over_uring] transport payload lease held 1843 ms (≥ 1 s) — overlong handler invocation or a §5.4 severance escape; watch transport_lease_overlong / transport_parked_commits
[2026-08-30T11:09:29Z ERROR fuse3::raw::connection::fuse_over_uring] transport payload lease held 1844 ms (≥ 1 s) — overlong handler invocation or a §5.4 severance escape; watch transport_lease_overlong / transport_parked_commits
[2026-08-30T11:09:29Z ERROR fuse3::raw::connection::fuse_over_uring] transport payload lease held 1844 ms (≥ 1 s) — overlong handler invocation or a §5.4 severance escape; watch transport_lease_overlong / transport_parked_commits
[2026-08-30T11:09:29Z ERROR fuse3::raw::connection::fuse_over_uring] transport payload lease held 1843 ms (≥ 1 s) — overlong handler invocation or a §5.4 severance escape; watch transport_lease_overlong / transport_parked_commits
[2026-08-30T11:09:29Z ERROR fuse3::raw::connection::fuse_over_uring] transport payload lease held 1828 ms (≥ 1 s) — overlong handler invocation or a §5.4 severance escape; watch transport_lease_overlong / transport_parked_commits
[2026-08-30T11:09:29Z ERROR fuse3::raw::connection::fuse_over_uring] transport payload lease held 1831 ms (≥ 1 s) — overlong handler invocation or a §5.4 severance escape; watch transport_lease_overlong / transport_parked_commits
[2026-08-30T11:09:29Z ERROR fuse3::raw::connection::fuse_over_uring] transport payload lease held 1831 ms (≥ 1 s) — overlong handler invocation or a §5.4 severance escape; watch transport_lease_overlong / transport_parked_commits
[2026-08-30T11:09:32Z ERROR fuse3::raw::connection::fuse_over_uring] transport payload lease held 1178 ms (≥ 1 s) — overlong handler invocation or a §5.4 severance escape; watch transport_lease_overlong / transport_parked_commits
[2026-08-30T11:09:32Z ERROR fuse3::raw::connection::fuse_over_uring] transport payload lease held 1178 ms (≥ 1 s) — overlong handler invocation or a §5.4 severance escape; watch transport_lease_overlong / transport_parked_commits
[2026-08-30T11:09:32Z ERROR fuse3::raw::connection::fuse_over_uring] transport payload lease held 1179 ms (≥ 1 s) — overlong handler invocation or a §5.4 severance escape; watch transport_lease_overlong / transport_parked_commits
[2026-08-30T11:09:32Z ERROR fuse3::raw::connection::fuse_over_uring] transport payload lease held 1053 ms (≥ 1 s) — overlong handler invocation or a §5.4 severance escape; watch transport_lease_overlong / transport_parked_commits
[2026-08-30T11:09:32Z ERROR fuse3::raw::connection::fuse_over_uring] transport payload lease held 1053 ms (≥ 1 s) — overlong handler invocation or a §5.4 severance escape; watch transport_lease_overlong / transport_parked_commits
[2026-08-30T11:09:32Z ERROR fuse3::raw::connection::fuse_over_uring] transport payload lease held 1053 ms (≥ 1 s) — overlong handler invocation or a §5.4 severance escape; watch transport_lease_overlong / transport_parked_commits
[2026-08-30T11:09:32Z ERROR fuse3::raw::connection::fuse_over_uring] transport payload lease held 1053 ms (≥ 1 s) — overlong handler invocation or a §5.4 severance escape; watch transport_lease_overlong / transport_parked_commits
[2026-08-30T11:09:32Z ERROR fuse3::raw::connection::fuse_over_uring] transport payload lease held 1053 ms (≥ 1 s) — overlong handler invocation or a §5.4 severance escape; watch transport_lease_overlong / transport_parked_commits
[2026-08-30T11:09:32Z ERROR fuse3::raw::connection::fuse_over_uring] transport payload lease held 1089 ms (≥ 1 s) — overlong handler invocation or a §5.4 severance escape; watch transport_lease_overlong / transport_parked_commits
[2026-08-30T11:09:32Z ERROR fuse3::raw::connection::fuse_over_uring] transport payload lease held 1091 ms (≥ 1 s) — overlong handler invocation or a §5.4 severance escape; watch transport_lease_overlong / transport_parked_commits
[2026-08-30T11:09:32Z ERROR fuse3::raw::connection::fuse_over_uring] transport payload lease held 1131 ms (≥ 1 s) — overlong handler invocation or a §5.4 severance escape; watch transport_lease_overlong / transport_parked_commits
[2026-08-30T11:09:33Z ERROR fuse3::raw::connection::fuse_over_uring] transport payload lease held 1152 ms (≥ 1 s) — overlong handler invocation or a §5.4 severance escape; watch transport_lease_overlong / transport_parked_commits
[2026-08-30T11:09:33Z ERROR fuse3::raw::connection::fuse_over_uring] transport payload lease held 1124 ms (≥ 1 s) — overlong handler invocation or a §5.4 severance escape; watch transport_lease_overlong / transport_parked_commits
[2026-08-30T11:09:33Z ERROR fuse3::raw::connection::fuse_over_uring] transport payload lease held 1124 ms (≥ 1 s) — overlong handler invocation or a §5.4 severance escape; watch transport_lease_overlong / transport_parked_commits
[2026-08-30T11:09:33Z ERROR fuse3::raw::connection::fuse_over_uring] transport payload lease held 1123 ms (≥ 1 s) — overlong handler invocation or a §5.4 severance escape; watch transport_lease_overlong / transport_parked_commits
[2026-08-30T11:09:33Z ERROR fuse3::raw::connection::fuse_over_uring] transport payload lease held 1046 ms (≥ 1 s) — overlong handler invocation or a §5.4 severance escape; watch transport_lease_overlong / transport_parked_commits
[2026-08-30T11:09:33Z ERROR fuse3::raw::connection::fuse_over_uring] transport payload lease held 1132 ms (≥ 1 s) — overlong handler invocation or a §5.4 severance escape; watch transport_lease_overlong / transport_parked_commits
[2026-08-30T11:09:33Z ERROR fuse3::raw::connection::fuse_over_uring] transport payload lease held 1131 ms (≥ 1 s) — overlong handler invocation or a §5.4 severance escape; watch transport_lease_overlong / transport_parked_commits
[2026-08-30T11:09:33Z ERROR fuse3::raw::connection::fuse_over_uring] transport payload lease held 1131 ms (≥ 1 s) — overlong handler invocation or a §5.4 severance escape; watch transport_lease_overlong / transport_parked_commits
[2026-08-30T11:09:33Z ERROR fuse3::raw::connection::fuse_over_uring] transport payload lease held 1131 ms (≥ 1 s) — overlong handler invocation or a §5.4 severance escape; watch transport_lease_overlong / transport_parked_commits
[2026-08-30T11:09:33Z ERROR fuse3::raw::connection::fuse_over_uring] transport payload lease held 1329 ms (≥ 1 s) — overlong handler invocation or a §5.4 severance escape; watch transport_lease_overlong / transport_parked_commits
[2026-08-30T11:09:33Z ERROR fuse3::raw::connection::fuse_over_uring] transport payload lease held 1246 ms (≥ 1 s) — overlong handler invocation or a §5.4 severance escape; watch transport_lease_overlong / transport_parked_commits
[2026-08-30T11:09:33Z ERROR fuse3::raw::connection::fuse_over_uring] transport payload lease held 1245 ms (≥ 1 s) — overlong handler invocation or a §5.4 severance escape; watch transport_lease_overlong / transport_parked_commits
[2026-08-30T11:09:33Z ERROR fuse3::raw::connection::fuse_over_uring] transport payload lease held 1245 ms (≥ 1 s) — overlong handler invocation or a §5.4 severance escape; watch transport_lease_overlong / transport_parked_commits
[2026-08-30T11:09:33Z ERROR fuse3::raw::connection::fuse_over_uring] transport payload lease held 1155 ms (≥ 1 s) — overlong handler invocation or a §5.4 severance escape; watch transport_lease_overlong / transport_parked_commits
[2026-08-30T11:09:33Z ERROR fuse3::raw::connection::fuse_over_uring] transport payload lease held 1131 ms (≥ 1 s) — overlong handler invocation or a §5.4 severance escape; watch transport_lease_overlong / transport_parked_commits
[2026-08-30T11:09:33Z ERROR fuse3::raw::connection::fuse_over_uring] transport payload lease held 1131 ms (≥ 1 s) — overlong handler invocation or a §5.4 severance escape; watch transport_lease_overlong / transport_parked_commits
[2026-08-30T11:09:33Z ERROR fuse3::raw::connection::fuse_over_uring] transport payload lease held 1130 ms (≥ 1 s) — overlong handler invocation or a §5.4 severance escape; watch transport_lease_overlong / transport_parked_commits
[2026-08-30T11:09:38Z ERROR fuse3::raw::connection::fuse_over_uring] transport payload lease held 1005 ms (≥ 1 s) — overlong handler invocation or a §5.4 severance escape; watch transport_lease_overlong / transport_parked_commits
[2026-08-30T11:09:39Z ERROR fuse3::raw::connection::fuse_over_uring] transport payload lease held 1041 ms (≥ 1 s) — overlong handler invocation or a §5.4 severance escape; watch transport_lease_overlong / transport_parked_commits
[2026-08-30T11:09:39Z ERROR fuse3::raw::connection::fuse_over_uring] transport payload lease held 1041 ms (≥ 1 s) — overlong handler invocation or a §5.4 severance escape; watch transport_lease_overlong / transport_parked_commits
[2026-08-30T11:09:39Z ERROR fuse3::raw::connection::fuse_over_uring] transport payload lease held 1031 ms (≥ 1 s) — overlong handler invocation or a §5.4 severance escape; watch transport_lease_overlong / transport_parked_commits
[2026-08-30T11:09:39Z ERROR fuse3::raw::connection::fuse_over_uring] transport payload lease held 1197 ms (≥ 1 s) — overlong handler invocation or a §5.4 severance escape; watch transport_lease_overlong / transport_parked_commits
[2026-08-30T11:09:39Z ERROR fuse3::raw::connection::fuse_over_uring] transport payload lease held 1195 ms (≥ 1 s) — overlong handler invocation or a §5.4 severance escape; watch transport_lease_overlong / transport_parked_commits
[2026-08-30T11:09:39Z ERROR fuse3::raw::connection::fuse_over_uring] transport payload lease held 1192 ms (≥ 1 s) — overlong handler invocation or a §5.4 severance escape; watch transport_lease_overlong / transport_parked_commits
[2026-08-30T11:09:39Z ERROR fuse3::raw::connection::fuse_over_uring] transport payload lease held 1189 ms (≥ 1 s) — overlong handler invocation or a §5.4 severance escape; watch transport_lease_overlong / transport_parked_commits
[2026-08-30T11:09:39Z ERROR fuse3::raw::connection::fuse_over_uring] transport payload lease held 1309 ms (≥ 1 s) — overlong handler invocation or a §5.4 severance escape; watch transport_lease_overlong / transport_parked_commits
[2026-08-30T11:09:39Z ERROR fuse3::raw::connection::fuse_over_uring] transport payload lease held 1309 ms (≥ 1 s) — overlong handler invocation or a §5.4 severance escape; watch transport_lease_overlong / transport_parked_commits
[2026-08-30T11:09:39Z ERROR fuse3::raw::connection::fuse_over_uring] transport payload lease held 1298 ms (≥ 1 s) — overlong handler invocation or a §5.4 severance escape; watch transport_lease_overlong / transport_parked_commits
[2026-08-30T11:09:39Z ERROR fuse3::raw::connection::fuse_over_uring] transport payload lease held 1299 ms (≥ 1 s) — overlong handler invocation or a §5.4 severance escape; watch transport_lease_overlong / transport_parked_commits
[2026-08-30T11:09:39Z ERROR fuse3::raw::connection::fuse_over_uring] transport payload lease held 1178 ms (≥ 1 s) — overlong handler invocation or a §5.4 severance escape; watch transport_lease_overlong / transport_parked_commits
[2026-08-30T11:09:39Z ERROR fuse3::raw::connection::fuse_over_uring] transport payload lease held 1374 ms (≥ 1 s) — overlong handler invocation or a §5.4 severance escape; watch transport_lease_overlong / transport_parked_commits
[2026-08-30T11:09:39Z ERROR fuse3::raw::connection::fuse_over_uring] transport payload lease held 1362 ms (≥ 1 s) — overlong handler invocation or a §5.4 severance escape; watch transport_lease_overlong / transport_parked_commits
[2026-08-30T11:09:39Z ERROR fuse3::raw::connection::fuse_over_uring] transport payload lease held 1353 ms (≥ 1 s) — overlong handler invocation or a §5.4 severance escape; watch transport_lease_overlong / transport_parked_commits
[2026-08-30T11:09:39Z ERROR fuse3::raw::connection::fuse_over_uring] transport payload lease held 1337 ms (≥ 1 s) — overlong handler invocation or a §5.4 severance escape; watch transport_lease_overlong / transport_parked_commits
[2026-08-30T11:09:39Z ERROR fuse3::raw::connection::fuse_over_uring] transport payload lease held 1270 ms (≥ 1 s) — overlong handler invocation or a §5.4 severance escape; watch transport_lease_overlong / transport_parked_commits
[2026-08-30T11:09:39Z ERROR fuse3::raw::connection::fuse_over_uring] transport payload lease held 1265 ms (≥ 1 s) — overlong handler invocation or a §5.4 severance escape; watch transport_lease_overlong / transport_parked_commits
[2026-08-30T11:09:39Z ERROR fuse3::raw::connection::fuse_over_uring] transport payload lease held 1369 ms (≥ 1 s) — overlong handler invocation or a §5.4 severance escape; watch transport_lease_overlong / transport_parked_commits
[2026-08-30T11:09:39Z ERROR fuse3::raw::connection::fuse_over_uring] transport payload lease held 1348 ms (≥ 1 s) — overlong handler invocation or a §5.4 severance escape; watch transport_lease_overlong / transport_parked_commits
[2026-08-30T11:09:39Z ERROR fuse3::raw::connection::fuse_over_uring] transport payload lease held 1348 ms (≥ 1 s) — overlong handler invocation or a §5.4 severance escape; watch transport_lease_overlong / transport_parked_commits
[2026-08-30T11:09:40Z ERROR fuse3::raw::connection::fuse_over_uring] transport payload lease held 1213 ms (≥ 1 s) — overlong handler invocation or a §5.4 severance escape; watch transport_lease_overlong / transport_parked_commits
[2026-08-30T11:09:40Z ERROR fuse3::raw::connection::fuse_over_uring] transport payload lease held 1212 ms (≥ 1 s) — overlong handler invocation or a §5.4 severance escape; watch transport_lease_overlong / transport_parked_commits
[2026-08-30T11:09:40Z ERROR fuse3::raw::connection::fuse_over_uring] transport payload lease held 1192 ms (≥ 1 s) — overlong handler invocation or a §5.4 severance escape; watch transport_lease_overlong / transport_parked_commits
[2026-08-30T11:09:40Z ERROR fuse3::raw::connection::fuse_over_uring] transport payload lease held 1008 ms (≥ 1 s) — overlong handler invocation or a §5.4 severance escape; watch transport_lease_overlong / transport_parked_commits
[2026-08-30T11:09:40Z ERROR fuse3::raw::connection::fuse_over_uring] transport payload lease held 1008 ms (≥ 1 s) — overlong handler invocation or a §5.4 severance escape; watch transport_lease_overlong / transport_parked_commits
[2026-08-30T11:09:40Z ERROR fuse3::raw::connection::fuse_over_uring] transport payload lease held 1008 ms (≥ 1 s) — overlong handler invocation or a §5.4 severance escape; watch transport_lease_overlong / transport_parked_commits
[2026-08-30T11:09:40Z ERROR fuse3::raw::connection::fuse_over_uring] transport payload lease held 1008 ms (≥ 1 s) — overlong handler invocation or a §5.4 severance escape; watch transport_lease_overlong / transport_parked_commits
[2026-08-30T11:09:40Z ERROR fuse3::raw::connection::fuse_over_uring] transport payload lease held 1019 ms (≥ 1 s) — overlong handler invocation or a §5.4 severance escape; watch transport_lease_overlong / transport_parked_commits
[2026-08-30T11:09:40Z ERROR fuse3::raw::connection::fuse_over_uring] transport payload lease held 1020 ms (≥ 1 s) — overlong handler invocation or a §5.4 severance escape; watch transport_lease_overlong / transport_parked_commits
[2026-08-30T11:09:40Z ERROR fuse3::raw::connection::fuse_over_uring] transport payload lease held 1020 ms (≥ 1 s) — overlong handler invocation or a §5.4 severance escape; watch transport_lease_overlong / transport_parked_commits
[2026-08-30T11:09:40Z ERROR fuse3::raw::connection::fuse_over_uring] transport payload lease held 1587 ms (≥ 1 s) — overlong handler invocation or a §5.4 severance escape; watch transport_lease_overlong / transport_parked_commits
[2026-08-30T11:09:40Z ERROR fuse3::raw::connection::fuse_over_uring] transport payload lease held 1588 ms (≥ 1 s) — overlong handler invocation or a §5.4 severance escape; watch transport_lease_overlong / transport_parked_commits
[2026-08-30T11:09:40Z ERROR fuse3::raw::connection::fuse_over_uring] transport payload lease held 1588 ms (≥ 1 s) — overlong handler invocation or a §5.4 severance escape; watch transport_lease_overlong / transport_parked_commits
[2026-08-30T11:09:40Z ERROR fuse3::raw::connection::fuse_over_uring] transport payload lease held 1588 ms (≥ 1 s) — overlong handler invocation or a §5.4 severance escape; watch transport_lease_overlong / transport_parked_commits
[2026-08-30T11:09:40Z ERROR fuse3::raw::connection::fuse_over_uring] transport payload lease held 1570 ms (≥ 1 s) — overlong handler invocation or a §5.4 severance escape; watch transport_lease_overlong / transport_parked_commits
[2026-08-30T11:09:40Z ERROR fuse3::raw::connection::fuse_over_uring] transport payload lease held 1570 ms (≥ 1 s) — overlong handler invocation or a §5.4 severance escape; watch transport_lease_overlong / transport_parked_commits
[2026-08-30T11:09:40Z ERROR fuse3::raw::connection::fuse_over_uring] transport payload lease held 1362 ms (≥ 1 s) — overlong handler invocation or a §5.4 severance escape; watch transport_lease_overlong / transport_parked_commits
[2026-08-30T11:09:42Z ERROR fuse3::raw::connection::fuse_over_uring] transport payload lease held 1304 ms (≥ 1 s) — overlong handler invocation or a §5.4 severance escape; watch transport_lease_overlong / transport_parked_commits
[2026-08-30T11:09:42Z ERROR fuse3::raw::connection::fuse_over_uring] transport payload lease held 1304 ms (≥ 1 s) — overlong handler invocation or a §5.4 severance escape; watch transport_lease_overlong / transport_parked_commits
[2026-08-30T11:09:42Z ERROR fuse3::raw::connection::fuse_over_uring] transport payload lease held 1304 ms (≥ 1 s) — overlong handler invocation or a §5.4 severance escape; watch transport_lease_overlong / transport_parked_commits
[2026-08-30T11:09:42Z ERROR fuse3::raw::connection::fuse_over_uring] transport payload lease held 1266 ms (≥ 1 s) — overlong handler invocation or a §5.4 severance escape; watch transport_lease_overlong / transport_parked_commits
[2026-08-30T11:09:42Z ERROR fuse3::raw::connection::fuse_over_uring] transport payload lease held 1266 ms (≥ 1 s) — overlong handler invocation or a §5.4 severance escape; watch transport_lease_overlong / transport_parked_commits
[2026-08-30T11:09:42Z ERROR fuse3::raw::connection::fuse_over_uring] transport payload lease held 1266 ms (≥ 1 s) — overlong handler invocation or a §5.4 severance escape; watch transport_lease_overlong / transport_parked_commits
[2026-08-30T11:09:42Z ERROR fuse3::raw::connection::fuse_over_uring] transport payload lease held 1266 ms (≥ 1 s) — overlong handler invocation or a §5.4 severance escape; watch transport_lease_overlong / transport_parked_commits
[2026-08-30T11:09:42Z ERROR fuse3::raw::connection::fuse_over_uring] transport payload lease held 1622 ms (≥ 1 s) — overlong handler invocation or a §5.4 severance escape; watch transport_lease_overlong / transport_parked_commits
[2026-08-30T11:09:42Z ERROR fuse3::raw::connection::fuse_over_uring] transport payload lease held 1621 ms (≥ 1 s) — overlong handler invocation or a §5.4 severance escape; watch transport_lease_overlong / transport_parked_commits
[2026-08-30T11:09:42Z ERROR fuse3::raw::connection::fuse_over_uring] transport payload lease held 1621 ms (≥ 1 s) — overlong handler invocation or a §5.4 severance escape; watch transport_lease_overlong / transport_parked_commits
[2026-08-30T11:09:42Z ERROR fuse3::raw::connection::fuse_over_uring] transport payload lease held 1265 ms (≥ 1 s) — overlong handler invocation or a §5.4 severance escape; watch transport_lease_overlong / transport_parked_commits
[2026-08-30T11:09:42Z ERROR fuse3::raw::connection::fuse_over_uring] transport payload lease held 1263 ms (≥ 1 s) — overlong handler invocation or a §5.4 severance escape; watch transport_lease_overlong / transport_parked_commits
[2026-08-30T11:09:42Z ERROR fuse3::raw::connection::fuse_over_uring] transport payload lease held 1263 ms (≥ 1 s) — overlong handler invocation or a §5.4 severance escape; watch transport_lease_overlong / transport_parked_commits
[2026-08-30T11:09:42Z ERROR fuse3::raw::connection::fuse_over_uring] transport payload lease held 1263 ms (≥ 1 s) — overlong handler invocation or a §5.4 severance escape; watch transport_lease_overlong / transport_parked_commits
[2026-08-30T11:09:42Z ERROR fuse3::raw::connection::fuse_over_uring] transport payload lease held 1016 ms (≥ 1 s) — overlong handler invocation or a §5.4 severance escape; watch transport_lease_overlong / transport_parked_commits
[2026-08-30T11:09:42Z ERROR fuse3::raw::connection::fuse_over_uring] transport payload lease held 1016 ms (≥ 1 s) — overlong handler invocation or a §5.4 severance escape; watch transport_lease_overlong / transport_parked_commits
[2026-08-30T11:09:43Z WARN  squeezefs::block_allocator] co-writer: abandoning never-published block offset(s) leak-safe (volume 'nvme6n1', first offset 206246510592): the publish that would have named them failed or refused, and a co-writer may not mutate ownership accounting — the next derivation (mount recovery / fsck C6) returns them to the free supply (cowriter_unpublished_abandons; further offsets at debug level)
[2026-08-30T11:09:43Z ERROR fuse3::raw::connection::fuse_over_uring] transport payload lease held 1496 ms (≥ 1 s) — overlong handler invocation or a §5.4 severance escape; watch transport_lease_overlong / transport_parked_commits
[2026-08-30T11:09:43Z ERROR fuse3::raw::connection::fuse_over_uring] transport payload lease held 1496 ms (≥ 1 s) — overlong handler invocation or a §5.4 severance escape; watch transport_lease_overlong / transport_parked_commits
[2026-08-30T11:09:43Z ERROR fuse3::raw::connection::fuse_over_uring] transport payload lease held 1496 ms (≥ 1 s) — overlong handler invocation or a §5.4 severance escape; watch transport_lease_overlong / transport_parked_commits
[2026-08-30T11:09:43Z ERROR fuse3::raw::connection::fuse_over_uring] transport payload lease held 1498 ms (≥ 1 s) — overlong handler invocation or a §5.4 severance escape; watch transport_lease_overlong / transport_parked_commits
[2026-08-30T11:09:43Z ERROR fuse3::raw::connection::fuse_over_uring] transport payload lease held 1498 ms (≥ 1 s) — overlong handler invocation or a §5.4 severance escape; watch transport_lease_overlong / transport_parked_commits
[2026-08-30T11:09:43Z ERROR fuse3::raw::connection::fuse_over_uring] transport payload lease held 1499 ms (≥ 1 s) — overlong handler invocation or a §5.4 severance escape; watch transport_lease_overlong / transport_parked_commits
[2026-08-30T11:09:48Z WARN  squeezefs::block_allocator] co-writer: abandoning never-published block offset(s) leak-safe (volume 'nvme4n1', first offset 210675695616): the publish that would have named them failed or refused, and a co-writer may not mutate ownership accounting — the next derivation (mount recovery / fsck C6) returns them to the free supply (cowriter_unpublished_abandons; further offsets at debug level)
[2026-08-30T11:09:53Z ERROR fuse3::raw::connection::fuse_over_uring] transport payload lease held 1079 ms (≥ 1 s) — overlong handler invocation or a §5.4 severance escape; watch transport_lease_overlong / transport_parked_commits
[2026-08-30T11:09:53Z ERROR fuse3::raw::connection::fuse_over_uring] transport payload lease held 1870 ms (≥ 1 s) — overlong handler invocation or a §5.4 severance escape; watch transport_lease_overlong / transport_parked_commits
[2026-08-30T11:09:53Z ERROR fuse3::raw::connection::fuse_over_uring] transport payload lease held 1870 ms (≥ 1 s) — overlong handler invocation or a §5.4 severance escape; watch transport_lease_overlong / transport_parked_commits
[2026-08-30T11:09:53Z ERROR fuse3::raw::connection::fuse_over_uring] transport payload lease held 1870 ms (≥ 1 s) — overlong handler invocation or a §5.4 severance escape; watch transport_lease_overlong / transport_parked_commits
[2026-08-30T11:09:54Z ERROR fuse3::raw::connection::fuse_over_uring] transport payload lease held 2198 ms (≥ 1 s) — overlong handler invocation or a §5.4 severance escape; watch transport_lease_overlong / transport_parked_commits
[2026-08-30T11:09:54Z ERROR fuse3::raw::connection::fuse_over_uring] transport payload lease held 2196 ms (≥ 1 s) — overlong handler invocation or a §5.4 severance escape; watch transport_lease_overlong / transport_parked_commits
[2026-08-30T11:09:54Z ERROR fuse3::raw::connection::fuse_over_uring] transport payload lease held 2195 ms (≥ 1 s) — overlong handler invocation or a §5.4 severance escape; watch transport_lease_overlong / transport_parked_commits
[2026-08-30T11:09:54Z ERROR fuse3::raw::connection::fuse_over_uring] transport payload lease held 2185 ms (≥ 1 s) — overlong handler invocation or a §5.4 severance escape; watch transport_lease_overlong / transport_parked_commits
[2026-08-30T11:09:54Z ERROR fuse3::raw::connection::fuse_over_uring] transport payload lease held 2178 ms (≥ 1 s) — overlong handler invocation or a §5.4 severance escape; watch transport_lease_overlong / transport_parked_commits
[2026-08-30T11:09:54Z ERROR fuse3::raw::connection::fuse_over_uring] transport payload lease held 2176 ms (≥ 1 s) — overlong handler invocation or a §5.4 severance escape; watch transport_lease_overlong / transport_parked_commits
[2026-08-30T11:09:54Z ERROR fuse3::raw::connection::fuse_over_uring] transport payload lease held 2175 ms (≥ 1 s) — overlong handler invocation or a §5.4 severance escape; watch transport_lease_overlong / transport_parked_commits
[2026-08-30T11:09:54Z ERROR fuse3::raw::connection::fuse_over_uring] transport payload lease held 2150 ms (≥ 1 s) — overlong handler invocation or a §5.4 severance escape; watch transport_lease_overlong / transport_parked_commits
[2026-08-30T11:09:54Z ERROR fuse3::raw::connection::fuse_over_uring] transport payload lease held 2142 ms (≥ 1 s) — overlong handler invocation or a §5.4 severance escape; watch transport_lease_overlong / transport_parked_commits
[2026-08-30T11:09:54Z ERROR fuse3::raw::connection::fuse_over_uring] transport payload lease held 2142 ms (≥ 1 s) — overlong handler invocation or a §5.4 severance escape; watch transport_lease_overlong / transport_parked_commits
[2026-08-30T11:09:54Z ERROR fuse3::raw::connection::fuse_over_uring] transport payload lease held 2142 ms (≥ 1 s) — overlong handler invocation or a §5.4 severance escape; watch transport_lease_overlong / transport_parked_commits
[2026-08-30T11:09:54Z ERROR fuse3::raw::connection::fuse_over_uring] transport payload lease held 2124 ms (≥ 1 s) — overlong handler invocation or a §5.4 severance escape; watch transport_lease_overlong / transport_parked_commits
[2026-08-30T11:09:54Z ERROR fuse3::raw::connection::fuse_over_uring] transport payload lease held 2124 ms (≥ 1 s) — overlong handler invocation or a §5.4 severance escape; watch transport_lease_overlong / transport_parked_commits
[2026-08-30T11:09:54Z ERROR fuse3::raw::connection::fuse_over_uring] transport payload lease held 2123 ms (≥ 1 s) — overlong handler invocation or a §5.4 severance escape; watch transport_lease_overlong / transport_parked_commits
[2026-08-30T11:09:54Z ERROR fuse3::raw::connection::fuse_over_uring] transport payload lease held 2123 ms (≥ 1 s) — overlong handler invocation or a §5.4 severance escape; watch transport_lease_overlong / transport_parked_commits
[2026-08-30T11:09:54Z ERROR fuse3::raw::connection::fuse_over_uring] transport payload lease held 2121 ms (≥ 1 s) — overlong handler invocation or a §5.4 severance escape; watch transport_lease_overlong / transport_parked_commits
[2026-08-30T11:09:54Z ERROR fuse3::raw::connection::fuse_over_uring] transport payload lease held 2121 ms (≥ 1 s) — overlong handler invocation or a §5.4 severance escape; watch transport_lease_overlong / transport_parked_commits
[2026-08-30T11:09:54Z ERROR fuse3::raw::connection::fuse_over_uring] transport payload lease held 2106 ms (≥ 1 s) — overlong handler invocation or a §5.4 severance escape; watch transport_lease_overlong / transport_parked_commits
[2026-08-30T11:09:54Z ERROR fuse3::raw::connection::fuse_over_uring] transport payload lease held 2106 ms (≥ 1 s) — overlong handler invocation or a §5.4 severance escape; watch transport_lease_overlong / transport_parked_commits
[2026-08-30T11:09:54Z ERROR fuse3::raw::connection::fuse_over_uring] transport payload lease held 2048 ms (≥ 1 s) — overlong handler invocation or a §5.4 severance escape; watch transport_lease_overlong / transport_parked_commits
[2026-08-30T11:09:54Z ERROR fuse3::raw::connection::fuse_over_uring] transport payload lease held 2048 ms (≥ 1 s) — overlong handler invocation or a §5.4 severance escape; watch transport_lease_overlong / transport_parked_commits
[2026-08-30T11:09:54Z ERROR fuse3::raw::connection::fuse_over_uring] transport payload lease held 2048 ms (≥ 1 s) — overlong handler invocation or a §5.4 severance escape; watch transport_lease_overlong / transport_parked_commits
[2026-08-30T11:09:54Z ERROR fuse3::raw::connection::fuse_over_uring] transport payload lease held 2042 ms (≥ 1 s) — overlong handler invocation or a §5.4 severance escape; watch transport_lease_overlong / transport_parked_commits
[2026-08-30T11:09:54Z ERROR fuse3::raw::connection::fuse_over_uring] transport payload lease held 1932 ms (≥ 1 s) — overlong handler invocation or a §5.4 severance escape; watch transport_lease_overlong / transport_parked_commits
[2026-08-30T11:09:54Z ERROR fuse3::raw::connection::fuse_over_uring] transport payload lease held 1929 ms (≥ 1 s) — overlong handler invocation or a §5.4 severance escape; watch transport_lease_overlong / transport_parked_commits
[2026-08-30T11:09:54Z ERROR fuse3::raw::connection::fuse_over_uring] transport payload lease held 1929 ms (≥ 1 s) — overlong handler invocation or a §5.4 severance escape; watch transport_lease_overlong / transport_parked_commits
[2026-08-30T11:09:54Z ERROR fuse3::raw::connection::fuse_over_uring] transport payload lease held 1929 ms (≥ 1 s) — overlong handler invocation or a §5.4 severance escape; watch transport_lease_overlong / transport_parked_commits
[2026-08-30T11:09:56Z ERROR fuse3::raw::connection::fuse_over_uring] transport payload lease held 1063 ms (≥ 1 s) — overlong handler invocation or a §5.4 severance escape; watch transport_lease_overlong / transport_parked_commits
[2026-08-30T11:09:56Z ERROR fuse3::raw::connection::fuse_over_uring] transport payload lease held 1097 ms (≥ 1 s) — overlong handler invocation or a §5.4 severance escape; watch transport_lease_overlong / transport_parked_commits
[2026-08-30T11:09:56Z ERROR fuse3::raw::connection::fuse_over_uring] transport payload lease held 1147 ms (≥ 1 s) — overlong handler invocation or a §5.4 severance escape; watch transport_lease_overlong / transport_parked_commits
[2026-08-30T11:09:56Z ERROR fuse3::raw::connection::fuse_over_uring] transport payload lease held 1146 ms (≥ 1 s) — overlong handler invocation or a §5.4 severance escape; watch transport_lease_overlong / transport_parked_commits
[2026-08-30T11:09:56Z ERROR fuse3::raw::connection::fuse_over_uring] transport payload lease held 1146 ms (≥ 1 s) — overlong handler invocation or a §5.4 severance escape; watch transport_lease_overlong / transport_parked_commits
[2026-08-30T11:09:56Z ERROR fuse3::raw::connection::fuse_over_uring] transport payload lease held 1146 ms (≥ 1 s) — overlong handler invocation or a §5.4 severance escape; watch transport_lease_overlong / transport_parked_commits
[2026-08-30T11:09:56Z ERROR fuse3::raw::connection::fuse_over_uring] transport payload lease held 1089 ms (≥ 1 s) — overlong handler invocation or a §5.4 severance escape; watch transport_lease_overlong / transport_parked_commits
[2026-08-30T11:09:56Z ERROR fuse3::raw::connection::fuse_over_uring] transport payload lease held 1090 ms (≥ 1 s) — overlong handler invocation or a §5.4 severance escape; watch transport_lease_overlong / transport_parked_commits
[2026-08-30T11:09:56Z ERROR fuse3::raw::connection::fuse_over_uring] transport payload lease held 1090 ms (≥ 1 s) — overlong handler invocation or a §5.4 severance escape; watch transport_lease_overlong / transport_parked_commits
[2026-08-30T11:09:56Z ERROR fuse3::raw::connection::fuse_over_uring] transport payload lease held 1089 ms (≥ 1 s) — overlong handler invocation or a §5.4 severance escape; watch transport_lease_overlong / transport_parked_commits
[2026-08-30T11:09:56Z ERROR fuse3::raw::connection::fuse_over_uring] transport payload lease held 1061 ms (≥ 1 s) — overlong handler invocation or a §5.4 severance escape; watch transport_lease_overlong / transport_parked_commits
[2026-08-30T11:09:56Z ERROR fuse3::raw::connection::fuse_over_uring] transport payload lease held 1079 ms (≥ 1 s) — overlong handler invocation or a §5.4 severance escape; watch transport_lease_overlong / transport_parked_commits
[2026-08-30T11:09:56Z ERROR fuse3::raw::connection::fuse_over_uring] transport payload lease held 1081 ms (≥ 1 s) — overlong handler invocation or a §5.4 severance escape; watch transport_lease_overlong / transport_parked_commits
[2026-08-30T11:09:56Z ERROR fuse3::raw::connection::fuse_over_uring] transport payload lease held 1081 ms (≥ 1 s) — overlong handler invocation or a §5.4 severance escape; watch transport_lease_overlong / transport_parked_commits
[2026-08-30T11:09:56Z ERROR fuse3::raw::connection::fuse_over_uring] transport payload lease held 1081 ms (≥ 1 s) — overlong handler invocation or a §5.4 severance escape; watch transport_lease_overlong / transport_parked_commits
[2026-08-30T11:10:00Z ERROR fuse3::raw::connection::fuse_over_uring] transport payload lease held 1045 ms (≥ 1 s) — overlong handler invocation or a §5.4 severance escape; watch transport_lease_overlong / transport_parked_commits
[2026-08-30T11:10:00Z ERROR fuse3::raw::connection::fuse_over_uring] transport payload lease held 1038 ms (≥ 1 s) — overlong handler invocation or a §5.4 severance escape; watch transport_lease_overlong / transport_parked_commits
[2026-08-30T11:10:00Z ERROR fuse3::raw::connection::fuse_over_uring] transport payload lease held 1037 ms (≥ 1 s) — overlong handler invocation or a §5.4 severance escape; watch transport_lease_overlong / transport_parked_commits
[2026-08-30T11:10:00Z ERROR fuse3::raw::connection::fuse_over_uring] transport payload lease held 1038 ms (≥ 1 s) — overlong handler invocation or a §5.4 severance escape; watch transport_lease_overlong / transport_parked_commits
[2026-08-30T11:10:00Z ERROR fuse3::raw::connection::fuse_over_uring] transport payload lease held 1013 ms (≥ 1 s) — overlong handler invocation or a §5.4 severance escape; watch transport_lease_overlong / transport_parked_commits
[2026-08-30T11:10:00Z ERROR fuse3::raw::connection::fuse_over_uring] transport payload lease held 1013 ms (≥ 1 s) — overlong handler invocation or a §5.4 severance escape; watch transport_lease_overlong / transport_parked_commits
[2026-08-30T11:10:00Z ERROR fuse3::raw::connection::fuse_over_uring] transport payload lease held 1013 ms (≥ 1 s) — overlong handler invocation or a §5.4 severance escape; watch transport_lease_overlong / transport_parked_commits
[2026-08-30T11:10:00Z ERROR fuse3::raw::connection::fuse_over_uring] transport payload lease held 1107 ms (≥ 1 s) — overlong handler invocation or a §5.4 severance escape; watch transport_lease_overlong / transport_parked_commits
[2026-08-30T11:10:00Z ERROR fuse3::raw::connection::fuse_over_uring] transport payload lease held 1107 ms (≥ 1 s) — overlong handler invocation or a §5.4 severance escape; watch transport_lease_overlong / transport_parked_commits
[2026-08-30T11:10:00Z ERROR fuse3::raw::connection::fuse_over_uring] transport payload lease held 1107 ms (≥ 1 s) — overlong handler invocation or a §5.4 severance escape; watch transport_lease_overlong / transport_parked_commits
[2026-08-30T11:10:00Z ERROR fuse3::raw::connection::fuse_over_uring] transport payload lease held 1107 ms (≥ 1 s) — overlong handler invocation or a §5.4 severance escape; watch transport_lease_overlong / transport_parked_commits
[2026-08-30T11:10:00Z ERROR fuse3::raw::connection::fuse_over_uring] transport payload lease held 1042 ms (≥ 1 s) — overlong handler invocation or a §5.4 severance escape; watch transport_lease_overlong / transport_parked_commits
[2026-08-30T11:10:00Z ERROR fuse3::raw::connection::fuse_over_uring] transport payload lease held 1414 ms (≥ 1 s) — overlong handler invocation or a §5.4 severance escape; watch transport_lease_overlong / transport_parked_commits
[2026-08-30T11:10:00Z ERROR fuse3::raw::connection::fuse_over_uring] transport payload lease held 1415 ms (≥ 1 s) — overlong handler invocation or a §5.4 severance escape; watch transport_lease_overlong / transport_parked_commits
[2026-08-30T11:10:00Z ERROR fuse3::raw::connection::fuse_over_uring] transport payload lease held 1582 ms (≥ 1 s) — overlong handler invocation or a §5.4 severance escape; watch transport_lease_overlong / transport_parked_commits
[2026-08-30T11:10:00Z ERROR fuse3::raw::connection::fuse_over_uring] transport payload lease held 1581 ms (≥ 1 s) — overlong handler invocation or a §5.4 severance escape; watch transport_lease_overlong / transport_parked_commits
[2026-08-30T11:10:00Z ERROR fuse3::raw::connection::fuse_over_uring] transport payload lease held 1582 ms (≥ 1 s) — overlong handler invocation or a §5.4 severance escape; watch transport_lease_overlong / transport_parked_commits
[2026-08-30T11:10:00Z ERROR fuse3::raw::connection::fuse_over_uring] transport payload lease held 1563 ms (≥ 1 s) — overlong handler invocation or a §5.4 severance escape; watch transport_lease_overlong / transport_parked_commits
[2026-08-30T11:10:00Z ERROR fuse3::raw::connection::fuse_over_uring] transport payload lease held 1578 ms (≥ 1 s) — overlong handler invocation or a §5.4 severance escape; watch transport_lease_overlong / transport_parked_commits
[2026-08-30T11:10:00Z ERROR fuse3::raw::connection::fuse_over_uring] transport payload lease held 1577 ms (≥ 1 s) — overlong handler invocation or a §5.4 severance escape; watch transport_lease_overlong / transport_parked_commits
[2026-08-30T11:10:00Z ERROR fuse3::raw::connection::fuse_over_uring] transport payload lease held 1577 ms (≥ 1 s) — overlong handler invocation or a §5.4 severance escape; watch transport_lease_overlong / transport_parked_commits
[2026-08-30T11:10:00Z ERROR fuse3::raw::connection::fuse_over_uring] transport payload lease held 1577 ms (≥ 1 s) — overlong handler invocation or a §5.4 severance escape; watch transport_lease_overlong / transport_parked_commits
[2026-08-30T11:10:00Z ERROR fuse3::raw::connection::fuse_over_uring] transport payload lease held 1599 ms (≥ 1 s) — overlong handler invocation or a §5.4 severance escape; watch transport_lease_overlong / transport_parked_commits
[2026-08-30T11:10:00Z ERROR fuse3::raw::connection::fuse_over_uring] transport payload lease held 1599 ms (≥ 1 s) — overlong handler invocation or a §5.4 severance escape; watch transport_lease_overlong / transport_parked_commits
[2026-08-30T11:10:00Z ERROR fuse3::raw::connection::fuse_over_uring] transport payload lease held 1599 ms (≥ 1 s) — overlong handler invocation or a §5.4 severance escape; watch transport_lease_overlong / transport_parked_commits
[2026-08-30T11:10:00Z ERROR fuse3::raw::connection::fuse_over_uring] transport payload lease held 1626 ms (≥ 1 s) — overlong handler invocation or a §5.4 severance escape; watch transport_lease_overlong / transport_parked_commits
[2026-08-30T11:10:00Z ERROR fuse3::raw::connection::fuse_over_uring] transport payload lease held 1627 ms (≥ 1 s) — overlong handler invocation or a §5.4 severance escape; watch transport_lease_overlong / transport_parked_commits
[2026-08-30T11:10:00Z ERROR fuse3::raw::connection::fuse_over_uring] transport payload lease held 1627 ms (≥ 1 s) — overlong handler invocation or a §5.4 severance escape; watch transport_lease_overlong / transport_parked_commits
[2026-08-30T11:10:00Z ERROR fuse3::raw::connection::fuse_over_uring] transport payload lease held 1627 ms (≥ 1 s) — overlong handler invocation or a §5.4 severance escape; watch transport_lease_overlong / transport_parked_commits
[2026-08-30T11:10:00Z ERROR fuse3::raw::connection::fuse_over_uring] transport payload lease held 1290 ms (≥ 1 s) — overlong handler invocation or a §5.4 severance escape; watch transport_lease_overlong / transport_parked_commits
[2026-08-30T11:10:00Z ERROR fuse3::raw::connection::fuse_over_uring] transport payload lease held 1290 ms (≥ 1 s) — overlong handler invocation or a §5.4 severance escape; watch transport_lease_overlong / transport_parked_commits
[2026-08-30T11:10:00Z ERROR fuse3::raw::connection::fuse_over_uring] transport payload lease held 1290 ms (≥ 1 s) — overlong handler invocation or a §5.4 severance escape; watch transport_lease_overlong / transport_parked_commits
[2026-08-30T11:10:00Z ERROR fuse3::raw::connection::fuse_over_uring] transport payload lease held 1291 ms (≥ 1 s) — overlong handler invocation or a §5.4 severance escape; watch transport_lease_overlong / transport_parked_commits
[2026-08-30T11:10:00Z ERROR fuse3::raw::connection::fuse_over_uring] transport payload lease held 1331 ms (≥ 1 s) — overlong handler invocation or a §5.4 severance escape; watch transport_lease_overlong / transport_parked_commits
[2026-08-30T11:10:00Z ERROR fuse3::raw::connection::fuse_over_uring] transport payload lease held 1331 ms (≥ 1 s) — overlong handler invocation or a §5.4 severance escape; watch transport_lease_overlong / transport_parked_commits
[2026-08-30T11:10:00Z ERROR fuse3::raw::connection::fuse_over_uring] transport payload lease held 1331 ms (≥ 1 s) — overlong handler invocation or a §5.4 severance escape; watch transport_lease_overlong / transport_parked_commits
[2026-08-30T11:10:00Z ERROR fuse3::raw::connection::fuse_over_uring] transport payload lease held 1389 ms (≥ 1 s) — overlong handler invocation or a §5.4 severance escape; watch transport_lease_overlong / transport_parked_commits
[2026-08-30T11:10:00Z ERROR fuse3::raw::connection::fuse_over_uring] transport payload lease held 1389 ms (≥ 1 s) — overlong handler invocation or a §5.4 severance escape; watch transport_lease_overlong / transport_parked_commits
[2026-08-30T11:10:05Z ERROR fuse3::raw::connection::fuse_over_uring] transport payload lease held 1261 ms (≥ 1 s) — overlong handler invocation or a §5.4 severance escape; watch transport_lease_overlong / transport_parked_commits
[2026-08-30T11:10:05Z ERROR fuse3::raw::connection::fuse_over_uring] transport payload lease held 1261 ms (≥ 1 s) — overlong handler invocation or a §5.4 severance escape; watch transport_lease_overlong / transport_parked_commits
[2026-08-30T11:10:05Z ERROR fuse3::raw::connection::fuse_over_uring] transport payload lease held 1245 ms (≥ 1 s) — overlong handler invocation or a §5.4 severance escape; watch transport_lease_overlong / transport_parked_commits
[2026-08-30T11:10:05Z ERROR fuse3::raw::connection::fuse_over_uring] transport payload lease held 1234 ms (≥ 1 s) — overlong handler invocation or a §5.4 severance escape; watch transport_lease_overlong / transport_parked_commits
[2026-08-30T11:10:05Z ERROR fuse3::raw::connection::fuse_over_uring] transport payload lease held 1160 ms (≥ 1 s) — overlong handler invocation or a §5.4 severance escape; watch transport_lease_overlong / transport_parked_commits
[2026-08-30T11:10:05Z ERROR fuse3::raw::connection::fuse_over_uring] transport payload lease held 1138 ms (≥ 1 s) — overlong handler invocation or a §5.4 severance escape; watch transport_lease_overlong / transport_parked_commits
[2026-08-30T11:10:05Z ERROR fuse3::raw::connection::fuse_over_uring] transport payload lease held 1119 ms (≥ 1 s) — overlong handler invocation or a §5.4 severance escape; watch transport_lease_overlong / transport_parked_commits
[2026-08-30T11:10:05Z ERROR fuse3::raw::connection::fuse_over_uring] transport payload lease held 1105 ms (≥ 1 s) — overlong handler invocation or a §5.4 severance escape; watch transport_lease_overlong / transport_parked_commits
[2026-08-30T11:10:06Z ERROR fuse3::raw::connection::fuse_over_uring] transport payload lease held 1678 ms (≥ 1 s) — overlong handler invocation or a §5.4 severance escape; watch transport_lease_overlong / transport_parked_commits
[2026-08-30T11:10:06Z ERROR fuse3::raw::connection::fuse_over_uring] transport payload lease held 1679 ms (≥ 1 s) — overlong handler invocation or a §5.4 severance escape; watch transport_lease_overlong / transport_parked_commits
[2026-08-30T11:10:10Z ERROR fuse3::raw::connection::fuse_over_uring] transport payload lease held 2352 ms (≥ 1 s) — overlong handler invocation or a §5.4 severance escape; watch transport_lease_overlong / transport_parked_commits
[2026-08-30T11:10:10Z ERROR fuse3::raw::connection::fuse_over_uring] transport payload lease held 2353 ms (≥ 1 s) — overlong handler invocation or a §5.4 severance escape; watch transport_lease_overlong / transport_parked_commits
[2026-08-30T11:10:10Z ERROR fuse3::raw::connection::fuse_over_uring] transport payload lease held 2352 ms (≥ 1 s) — overlong handler invocation or a §5.4 severance escape; watch transport_lease_overlong / transport_parked_commits
[2026-08-30T11:10:10Z ERROR fuse3::raw::connection::fuse_over_uring] transport payload lease held 2353 ms (≥ 1 s) — overlong handler invocation or a §5.4 severance escape; watch transport_lease_overlong / transport_parked_commits
[2026-08-30T11:10:10Z ERROR fuse3::raw::connection::fuse_over_uring] transport payload lease held 1042 ms (≥ 1 s) — overlong handler invocation or a §5.4 severance escape; watch transport_lease_overlong / transport_parked_commits
[2026-08-30T11:10:10Z ERROR fuse3::raw::connection::fuse_over_uring] transport payload lease held 1042 ms (≥ 1 s) — overlong handler invocation or a §5.4 severance escape; watch transport_lease_overlong / transport_parked_commits
[2026-08-30T11:10:10Z ERROR fuse3::raw::connection::fuse_over_uring] transport payload lease held 1020 ms (≥ 1 s) — overlong handler invocation or a §5.4 severance escape; watch transport_lease_overlong / transport_parked_commits
[2026-08-30T11:10:10Z ERROR fuse3::raw::connection::fuse_over_uring] transport payload lease held 1134 ms (≥ 1 s) — overlong handler invocation or a §5.4 severance escape; watch transport_lease_overlong / transport_parked_commits
[2026-08-30T11:10:10Z ERROR fuse3::raw::connection::fuse_over_uring] transport payload lease held 1130 ms (≥ 1 s) — overlong handler invocation or a §5.4 severance escape; watch transport_lease_overlong / transport_parked_commits
[2026-08-30T11:10:10Z ERROR fuse3::raw::connection::fuse_over_uring] transport payload lease held 1130 ms (≥ 1 s) — overlong handler invocation or a §5.4 severance escape; watch transport_lease_overlong / transport_parked_commits
[2026-08-30T11:10:10Z ERROR fuse3::raw::connection::fuse_over_uring] transport payload lease held 1087 ms (≥ 1 s) — overlong handler invocation or a §5.4 severance escape; watch transport_lease_overlong / transport_parked_commits
[2026-08-30T11:10:10Z ERROR fuse3::raw::connection::fuse_over_uring] transport payload lease held 1087 ms (≥ 1 s) — overlong handler invocation or a §5.4 severance escape; watch transport_lease_overlong / transport_parked_commits
[2026-08-30T11:10:10Z ERROR fuse3::raw::connection::fuse_over_uring] transport payload lease held 1088 ms (≥ 1 s) — overlong handler invocation or a §5.4 severance escape; watch transport_lease_overlong / transport_parked_commits
[2026-08-30T11:10:10Z ERROR fuse3::raw::connection::fuse_over_uring] transport payload lease held 1088 ms (≥ 1 s) — overlong handler invocation or a §5.4 severance escape; watch transport_lease_overlong / transport_parked_commits
[2026-08-30T11:10:10Z ERROR fuse3::raw::connection::fuse_over_uring] transport payload lease held 1093 ms (≥ 1 s) — overlong handler invocation or a §5.4 severance escape; watch transport_lease_overlong / transport_parked_commits
[2026-08-30T11:10:10Z ERROR fuse3::raw::connection::fuse_over_uring] transport payload lease held 1065 ms (≥ 1 s) — overlong handler invocation or a §5.4 severance escape; watch transport_lease_overlong / transport_parked_commits
[2026-08-30T11:10:10Z ERROR fuse3::raw::connection::fuse_over_uring] transport payload lease held 1065 ms (≥ 1 s) — overlong handler invocation or a §5.4 severance escape; watch transport_lease_overlong / transport_parked_commits
[2026-08-30T11:10:10Z ERROR fuse3::raw::connection::fuse_over_uring] transport payload lease held 1117 ms (≥ 1 s) — overlong handler invocation or a §5.4 severance escape; watch transport_lease_overlong / transport_parked_commits
[2026-08-30T11:10:10Z ERROR fuse3::raw::connection::fuse_over_uring] transport payload lease held 1117 ms (≥ 1 s) — overlong handler invocation or a §5.4 severance escape; watch transport_lease_overlong / transport_parked_commits
[2026-08-30T11:10:10Z ERROR fuse3::raw::connection::fuse_over_uring] transport payload lease held 1117 ms (≥ 1 s) — overlong handler invocation or a §5.4 severance escape; watch transport_lease_overlong / transport_parked_commits
[2026-08-30T11:10:10Z ERROR fuse3::raw::connection::fuse_over_uring] transport payload lease held 1157 ms (≥ 1 s) — overlong handler invocation or a §5.4 severance escape; watch transport_lease_overlong / transport_parked_commits
[2026-08-30T11:10:10Z ERROR fuse3::raw::connection::fuse_over_uring] transport payload lease held 1160 ms (≥ 1 s) — overlong handler invocation or a §5.4 severance escape; watch transport_lease_overlong / transport_parked_commits
[2026-08-30T11:10:10Z ERROR fuse3::raw::connection::fuse_over_uring] transport payload lease held 1170 ms (≥ 1 s) — overlong handler invocation or a §5.4 severance escape; watch transport_lease_overlong / transport_parked_commits
[2026-08-30T11:10:10Z ERROR fuse3::raw::connection::fuse_over_uring] transport payload lease held 1170 ms (≥ 1 s) — overlong handler invocation or a §5.4 severance escape; watch transport_lease_overlong / transport_parked_commits
[2026-08-30T11:10:10Z ERROR fuse3::raw::connection::fuse_over_uring] transport payload lease held 1171 ms (≥ 1 s) — overlong handler invocation or a §5.4 severance escape; watch transport_lease_overlong / transport_parked_commits
[2026-08-30T11:10:10Z ERROR fuse3::raw::connection::fuse_over_uring] transport payload lease held 1172 ms (≥ 1 s) — overlong handler invocation or a §5.4 severance escape; watch transport_lease_overlong / transport_parked_commits
[2026-08-30T11:10:10Z ERROR fuse3::raw::connection::fuse_over_uring] transport payload lease held 1173 ms (≥ 1 s) — overlong handler invocation or a §5.4 severance escape; watch transport_lease_overlong / transport_parked_commits
[2026-08-30T11:10:10Z ERROR fuse3::raw::connection::fuse_over_uring] transport payload lease held 1173 ms (≥ 1 s) — overlong handler invocation or a §5.4 severance escape; watch transport_lease_overlong / transport_parked_commits
[2026-08-30T11:10:11Z ERROR fuse3::raw::connection::fuse_over_uring] transport payload lease held 1458 ms (≥ 1 s) — overlong handler invocation or a §5.4 severance escape; watch transport_lease_overlong / transport_parked_commits
[2026-08-30T11:10:11Z ERROR fuse3::raw::connection::fuse_over_uring] transport payload lease held 1458 ms (≥ 1 s) — overlong handler invocation or a §5.4 severance escape; watch transport_lease_overlong / transport_parked_commits
[2026-08-30T11:10:11Z ERROR fuse3::raw::connection::fuse_over_uring] transport payload lease held 1457 ms (≥ 1 s) — overlong handler invocation or a §5.4 severance escape; watch transport_lease_overlong / transport_parked_commits
[2026-08-30T11:10:11Z ERROR fuse3::raw::connection::fuse_over_uring] transport payload lease held 1457 ms (≥ 1 s) — overlong handler invocation or a §5.4 severance escape; watch transport_lease_overlong / transport_parked_commits
[2026-08-30T11:10:15Z ERROR fuse3::raw::connection::fuse_over_uring] transport payload lease held 1399 ms (≥ 1 s) — overlong handler invocation or a §5.4 severance escape; watch transport_lease_overlong / transport_parked_commits
[2026-08-30T11:10:15Z ERROR fuse3::raw::connection::fuse_over_uring] transport payload lease held 1400 ms (≥ 1 s) — overlong handler invocation or a §5.4 severance escape; watch transport_lease_overlong / transport_parked_commits
[2026-08-30T11:10:15Z ERROR fuse3::raw::connection::fuse_over_uring] transport payload lease held 1397 ms (≥ 1 s) — overlong handler invocation or a §5.4 severance escape; watch transport_lease_overlong / transport_parked_commits
[2026-08-30T11:10:15Z ERROR fuse3::raw::connection::fuse_over_uring] transport payload lease held 1393 ms (≥ 1 s) — overlong handler invocation or a §5.4 severance escape; watch transport_lease_overlong / transport_parked_commits
[2026-08-30T11:10:15Z ERROR fuse3::raw::connection::fuse_over_uring] transport payload lease held 1258 ms (≥ 1 s) — overlong handler invocation or a §5.4 severance escape; watch transport_lease_overlong / transport_parked_commits
[2026-08-30T11:10:15Z ERROR fuse3::raw::connection::fuse_over_uring] transport payload lease held 1321 ms (≥ 1 s) — overlong handler invocation or a §5.4 severance escape; watch transport_lease_overlong / transport_parked_commits
[2026-08-30T11:10:15Z ERROR fuse3::raw::connection::fuse_over_uring] transport payload lease held 1347 ms (≥ 1 s) — overlong handler invocation or a §5.4 severance escape; watch transport_lease_overlong / transport_parked_commits
[2026-08-30T11:10:15Z ERROR fuse3::raw::connection::fuse_over_uring] transport payload lease held 1347 ms (≥ 1 s) — overlong handler invocation or a §5.4 severance escape; watch transport_lease_overlong / transport_parked_commits
[2026-08-30T11:10:15Z ERROR fuse3::raw::connection::fuse_over_uring] transport payload lease held 1330 ms (≥ 1 s) — overlong handler invocation or a §5.4 severance escape; watch transport_lease_overlong / transport_parked_commits
[2026-08-30T11:10:15Z ERROR fuse3::raw::connection::fuse_over_uring] transport payload lease held 1329 ms (≥ 1 s) — overlong handler invocation or a §5.4 severance escape; watch transport_lease_overlong / transport_parked_commits
[2026-08-30T11:10:15Z ERROR fuse3::raw::connection::fuse_over_uring] transport payload lease held 1330 ms (≥ 1 s) — overlong handler invocation or a §5.4 severance escape; watch transport_lease_overlong / transport_parked_commits
[2026-08-30T11:10:15Z ERROR fuse3::raw::connection::fuse_over_uring] transport payload lease held 1326 ms (≥ 1 s) — overlong handler invocation or a §5.4 severance escape; watch transport_lease_overlong / transport_parked_commits
[2026-08-30T11:10:15Z ERROR fuse3::raw::connection::fuse_over_uring] transport payload lease held 1268 ms (≥ 1 s) — overlong handler invocation or a §5.4 severance escape; watch transport_lease_overlong / transport_parked_commits
[2026-08-30T11:10:15Z ERROR fuse3::raw::connection::fuse_over_uring] transport payload lease held 1267 ms (≥ 1 s) — overlong handler invocation or a §5.4 severance escape; watch transport_lease_overlong / transport_parked_commits
[2026-08-30T11:10:15Z ERROR fuse3::raw::connection::fuse_over_uring] transport payload lease held 1264 ms (≥ 1 s) — overlong handler invocation or a §5.4 severance escape; watch transport_lease_overlong / transport_parked_commits
[2026-08-30T11:10:15Z ERROR fuse3::raw::connection::fuse_over_uring] transport payload lease held 1247 ms (≥ 1 s) — overlong handler invocation or a §5.4 severance escape; watch transport_lease_overlong / transport_parked_commits
[2026-08-30T11:10:15Z ERROR fuse3::raw::connection::fuse_over_uring] transport payload lease held 1531 ms (≥ 1 s) — overlong handler invocation or a §5.4 severance escape; watch transport_lease_overlong / transport_parked_commits
[2026-08-30T11:10:15Z ERROR fuse3::raw::connection::fuse_over_uring] transport payload lease held 1529 ms (≥ 1 s) — overlong handler invocation or a §5.4 severance escape; watch transport_lease_overlong / transport_parked_commits
[2026-08-30T11:10:15Z ERROR fuse3::raw::connection::fuse_over_uring] transport payload lease held 1538 ms (≥ 1 s) — overlong handler invocation or a §5.4 severance escape; watch transport_lease_overlong / transport_parked_commits
[2026-08-30T11:10:15Z ERROR fuse3::raw::connection::fuse_over_uring] transport payload lease held 1538 ms (≥ 1 s) — overlong handler invocation or a §5.4 severance escape; watch transport_lease_overlong / transport_parked_commits
[2026-08-30T11:10:15Z ERROR fuse3::raw::connection::fuse_over_uring] transport payload lease held 1463 ms (≥ 1 s) — overlong handler invocation or a §5.4 severance escape; watch transport_lease_overlong / transport_parked_commits
[2026-08-30T11:10:15Z ERROR fuse3::raw::connection::fuse_over_uring] transport payload lease held 1460 ms (≥ 1 s) — overlong handler invocation or a §5.4 severance escape; watch transport_lease_overlong / transport_parked_commits
[2026-08-30T11:10:15Z ERROR fuse3::raw::connection::fuse_over_uring] transport payload lease held 1450 ms (≥ 1 s) — overlong handler invocation or a §5.4 severance escape; watch transport_lease_overlong / transport_parked_commits
[2026-08-30T11:10:15Z ERROR fuse3::raw::connection::fuse_over_uring] transport payload lease held 1444 ms (≥ 1 s) — overlong handler invocation or a §5.4 severance escape; watch transport_lease_overlong / transport_parked_commits
[2026-08-30T11:10:15Z ERROR fuse3::raw::connection::fuse_over_uring] transport payload lease held 1351 ms (≥ 1 s) — overlong handler invocation or a §5.4 severance escape; watch transport_lease_overlong / transport_parked_commits
[2026-08-30T11:10:15Z ERROR fuse3::raw::connection::fuse_over_uring] transport payload lease held 1010 ms (≥ 1 s) — overlong handler invocation or a §5.4 severance escape; watch transport_lease_overlong / transport_parked_commits
[2026-08-30T11:10:15Z ERROR fuse3::raw::connection::fuse_over_uring] transport payload lease held 1009 ms (≥ 1 s) — overlong handler invocation or a §5.4 severance escape; watch transport_lease_overlong / transport_parked_commits
[2026-08-30T11:10:15Z ERROR fuse3::raw::connection::fuse_over_uring] transport payload lease held 1563 ms (≥ 1 s) — overlong handler invocation or a §5.4 severance escape; watch transport_lease_overlong / transport_parked_commits
[2026-08-30T11:10:15Z ERROR fuse3::raw::connection::fuse_over_uring] transport payload lease held 1563 ms (≥ 1 s) — overlong handler invocation or a §5.4 severance escape; watch transport_lease_overlong / transport_parked_commits
[2026-08-30T11:10:15Z ERROR fuse3::raw::connection::fuse_over_uring] transport payload lease held 1563 ms (≥ 1 s) — overlong handler invocation or a §5.4 severance escape; watch transport_lease_overlong / transport_parked_commits
[2026-08-30T11:10:15Z ERROR fuse3::raw::connection::fuse_over_uring] transport payload lease held 1523 ms (≥ 1 s) — overlong handler invocation or a §5.4 severance escape; watch transport_lease_overlong / transport_parked_commits
[2026-08-30T11:10:16Z ERROR fuse3::raw::connection::fuse_over_uring] transport payload lease held 1079 ms (≥ 1 s) — overlong handler invocation or a §5.4 severance escape; watch transport_lease_overlong / transport_parked_commits
[2026-08-30T11:10:16Z ERROR fuse3::raw::connection::fuse_over_uring] transport payload lease held 1078 ms (≥ 1 s) — overlong handler invocation or a §5.4 severance escape; watch transport_lease_overlong / transport_parked_commits
[2026-08-30T11:10:16Z ERROR fuse3::raw::connection::fuse_over_uring] transport payload lease held 1079 ms (≥ 1 s) — overlong handler invocation or a §5.4 severance escape; watch transport_lease_overlong / transport_parked_commits
[2026-08-30T11:10:16Z ERROR fuse3::raw::connection::fuse_over_uring] transport payload lease held 1067 ms (≥ 1 s) — overlong handler invocation or a §5.4 severance escape; watch transport_lease_overlong / transport_parked_commits
[2026-08-30T11:10:16Z ERROR fuse3::raw::connection::fuse_over_uring] transport payload lease held 1059 ms (≥ 1 s) — overlong handler invocation or a §5.4 severance escape; watch transport_lease_overlong / transport_parked_commits
[2026-08-30T11:10:16Z ERROR fuse3::raw::connection::fuse_over_uring] transport payload lease held 1059 ms (≥ 1 s) — overlong handler invocation or a §5.4 severance escape; watch transport_lease_overlong / transport_parked_commits
[2026-08-30T11:10:16Z ERROR fuse3::raw::connection::fuse_over_uring] transport payload lease held 1060 ms (≥ 1 s) — overlong handler invocation or a §5.4 severance escape; watch transport_lease_overlong / transport_parked_commits
[2026-08-30T11:10:16Z ERROR fuse3::raw::connection::fuse_over_uring] transport payload lease held 1059 ms (≥ 1 s) — overlong handler invocation or a §5.4 severance escape; watch transport_lease_overlong / transport_parked_commits
[2026-08-30T11:10:21Z ERROR fuse3::raw::connection::fuse_over_uring] transport payload lease held 1095 ms (≥ 1 s) — overlong handler invocation or a §5.4 severance escape; watch transport_lease_overlong / transport_parked_commits
[2026-08-30T11:10:21Z ERROR fuse3::raw::connection::fuse_over_uring] transport payload lease held 1087 ms (≥ 1 s) — overlong handler invocation or a §5.4 severance escape; watch transport_lease_overlong / transport_parked_commits
[2026-08-30T11:10:21Z ERROR fuse3::raw::connection::fuse_over_uring] transport payload lease held 1095 ms (≥ 1 s) — overlong handler invocation or a §5.4 severance escape; watch transport_lease_overlong / transport_parked_commits
[2026-08-30T11:10:21Z ERROR fuse3::raw::connection::fuse_over_uring] transport payload lease held 1087 ms (≥ 1 s) — overlong handler invocation or a §5.4 severance escape; watch transport_lease_overlong / transport_parked_commits
[2026-08-30T11:10:21Z ERROR fuse3::raw::connection::fuse_over_uring] transport payload lease held 1055 ms (≥ 1 s) — overlong handler invocation or a §5.4 severance escape; watch transport_lease_overlong / transport_parked_commits
[2026-08-30T11:10:21Z ERROR fuse3::raw::connection::fuse_over_uring] transport payload lease held 1034 ms (≥ 1 s) — overlong handler invocation or a §5.4 severance escape; watch transport_lease_overlong / transport_parked_commits
[2026-08-30T11:10:21Z ERROR fuse3::raw::connection::fuse_over_uring] transport payload lease held 1051 ms (≥ 1 s) — overlong handler invocation or a §5.4 severance escape; watch transport_lease_overlong / transport_parked_commits
[2026-08-30T11:10:21Z ERROR fuse3::raw::connection::fuse_over_uring] transport payload lease held 1034 ms (≥ 1 s) — overlong handler invocation or a §5.4 severance escape; watch transport_lease_overlong / transport_parked_commits
[2026-08-30T11:10:50Z ERROR fuse3::raw::connection::fuse_over_uring] transport payload lease held 1111 ms (≥ 1 s) — overlong handler invocation or a §5.4 severance escape; watch transport_lease_overlong / transport_parked_commits
[2026-08-30T11:10:50Z ERROR fuse3::raw::connection::fuse_over_uring] transport payload lease held 1111 ms (≥ 1 s) — overlong handler invocation or a §5.4 severance escape; watch transport_lease_overlong / transport_parked_commits
[2026-08-30T11:10:50Z ERROR fuse3::raw::connection::fuse_over_uring] transport payload lease held 1111 ms (≥ 1 s) — overlong handler invocation or a §5.4 severance escape; watch transport_lease_overlong / transport_parked_commits
[2026-08-30T11:10:50Z ERROR fuse3::raw::connection::fuse_over_uring] transport payload lease held 1111 ms (≥ 1 s) — overlong handler invocation or a §5.4 severance escape; watch transport_lease_overlong / transport_parked_commits
[2026-08-30T11:10:50Z ERROR fuse3::raw::connection::fuse_over_uring] transport payload lease held 1175 ms (≥ 1 s) — overlong handler invocation or a §5.4 severance escape; watch transport_lease_overlong / transport_parked_commits
[2026-08-30T11:10:50Z ERROR fuse3::raw::connection::fuse_over_uring] transport payload lease held 1175 ms (≥ 1 s) — overlong handler invocation or a §5.4 severance escape; watch transport_lease_overlong / transport_parked_commits
[2026-08-30T11:10:50Z ERROR fuse3::raw::connection::fuse_over_uring] transport payload lease held 1175 ms (≥ 1 s) — overlong handler invocation or a §5.4 severance escape; watch transport_lease_overlong / transport_parked_commits
[2026-08-30T11:10:50Z ERROR fuse3::raw::connection::fuse_over_uring] transport payload lease held 1175 ms (≥ 1 s) — overlong handler invocation or a §5.4 severance escape; watch transport_lease_overlong / transport_parked_commits
[2026-08-30T11:10:50Z ERROR fuse3::raw::connection::fuse_over_uring] transport payload lease held 1188 ms (≥ 1 s) — overlong handler invocation or a §5.4 severance escape; watch transport_lease_overlong / transport_parked_commits
[2026-08-30T11:10:50Z ERROR fuse3::raw::connection::fuse_over_uring] transport payload lease held 1188 ms (≥ 1 s) — overlong handler invocation or a §5.4 severance escape; watch transport_lease_overlong / transport_parked_commits
[2026-08-30T11:10:50Z ERROR fuse3::raw::connection::fuse_over_uring] transport payload lease held 1181 ms (≥ 1 s) — overlong handler invocation or a §5.4 severance escape; watch transport_lease_overlong / transport_parked_commits
[2026-08-30T11:10:50Z ERROR fuse3::raw::connection::fuse_over_uring] transport payload lease held 1181 ms (≥ 1 s) — overlong handler invocation or a §5.4 severance escape; watch transport_lease_overlong / transport_parked_commits
[2026-08-30T11:10:50Z ERROR fuse3::raw::connection::fuse_over_uring] transport payload lease held 1179 ms (≥ 1 s) — overlong handler invocation or a §5.4 severance escape; watch transport_lease_overlong / transport_parked_commits
[2026-08-30T11:10:50Z ERROR fuse3::raw::connection::fuse_over_uring] transport payload lease held 1179 ms (≥ 1 s) — overlong handler invocation or a §5.4 severance escape; watch transport_lease_overlong / transport_parked_commits
[2026-08-30T11:10:50Z ERROR fuse3::raw::connection::fuse_over_uring] transport payload lease held 1179 ms (≥ 1 s) — overlong handler invocation or a §5.4 severance escape; watch transport_lease_overlong / transport_parked_commits
[2026-08-30T11:10:50Z ERROR fuse3::raw::connection::fuse_over_uring] transport payload lease held 1179 ms (≥ 1 s) — overlong handler invocation or a §5.4 severance escape; watch transport_lease_overlong / transport_parked_commits
[2026-08-30T11:10:59Z ERROR fuse3::raw::connection::fuse_over_uring] transport payload lease held 1005 ms (≥ 1 s) — overlong handler invocation or a §5.4 severance escape; watch transport_lease_overlong / transport_parked_commits
[2026-08-30T11:10:59Z ERROR fuse3::raw::connection::fuse_over_uring] transport payload lease held 1019 ms (≥ 1 s) — overlong handler invocation or a §5.4 severance escape; watch transport_lease_overlong / transport_parked_commits
[2026-08-30T11:10:59Z ERROR fuse3::raw::connection::fuse_over_uring] transport payload lease held 1037 ms (≥ 1 s) — overlong handler invocation or a §5.4 severance escape; watch transport_lease_overlong / transport_parked_commits
[2026-08-30T11:10:59Z ERROR fuse3::raw::connection::fuse_over_uring] transport payload lease held 1066 ms (≥ 1 s) — overlong handler invocation or a §5.4 severance escape; watch transport_lease_overlong / transport_parked_commits
[2026-08-30T11:10:59Z ERROR fuse3::raw::connection::fuse_over_uring] transport payload lease held 1066 ms (≥ 1 s) — overlong handler invocation or a §5.4 severance escape; watch transport_lease_overlong / transport_parked_commits
[2026-08-30T11:10:59Z ERROR fuse3::raw::connection::fuse_over_uring] transport payload lease held 1036 ms (≥ 1 s) — overlong handler invocation or a §5.4 severance escape; watch transport_lease_overlong / transport_parked_commits
[2026-08-30T11:10:59Z ERROR fuse3::raw::connection::fuse_over_uring] transport payload lease held 1031 ms (≥ 1 s) — overlong handler invocation or a §5.4 severance escape; watch transport_lease_overlong / transport_parked_commits
[2026-08-30T11:10:59Z ERROR fuse3::raw::connection::fuse_over_uring] transport payload lease held 1019 ms (≥ 1 s) — overlong handler invocation or a §5.4 severance escape; watch transport_lease_overlong / transport_parked_commits
[2026-08-30T11:10:59Z ERROR fuse3::raw::connection::fuse_over_uring] transport payload lease held 1019 ms (≥ 1 s) — overlong handler invocation or a §5.4 severance escape; watch transport_lease_overlong / transport_parked_commits
[2026-08-30T11:10:59Z ERROR fuse3::raw::connection::fuse_over_uring] transport payload lease held 1041 ms (≥ 1 s) — overlong handler invocation or a §5.4 severance escape; watch transport_lease_overlong / transport_parked_commits
[2026-08-30T11:10:59Z ERROR fuse3::raw::connection::fuse_over_uring] transport payload lease held 1041 ms (≥ 1 s) — overlong handler invocation or a §5.4 severance escape; watch transport_lease_overlong / transport_parked_commits
[2026-08-30T11:10:59Z ERROR fuse3::raw::connection::fuse_over_uring] transport payload lease held 1041 ms (≥ 1 s) — overlong handler invocation or a §5.4 severance escape; watch transport_lease_overlong / transport_parked_commits
[2026-08-30T11:10:59Z ERROR fuse3::raw::connection::fuse_over_uring] transport payload lease held 1041 ms (≥ 1 s) — overlong handler invocation or a §5.4 severance escape; watch transport_lease_overlong / transport_parked_commits
[2026-08-30T11:10:59Z ERROR fuse3::raw::connection::fuse_over_uring] transport payload lease held 1080 ms (≥ 1 s) — overlong handler invocation or a §5.4 severance escape; watch transport_lease_overlong / transport_parked_commits
[2026-08-30T11:10:59Z ERROR fuse3::raw::connection::fuse_over_uring] transport payload lease held 1080 ms (≥ 1 s) — overlong handler invocation or a §5.4 severance escape; watch transport_lease_overlong / transport_parked_commits
[2026-08-30T11:10:59Z ERROR fuse3::raw::connection::fuse_over_uring] transport payload lease held 1080 ms (≥ 1 s) — overlong handler invocation or a §5.4 severance escape; watch transport_lease_overlong / transport_parked_commits
[2026-08-30T11:10:59Z ERROR fuse3::raw::connection::fuse_over_uring] transport payload lease held 1080 ms (≥ 1 s) — overlong handler invocation or a §5.4 severance escape; watch transport_lease_overlong / transport_parked_commits
[2026-08-30T11:10:59Z ERROR fuse3::raw::connection::fuse_over_uring] transport payload lease held 1094 ms (≥ 1 s) — overlong handler invocation or a §5.4 severance escape; watch transport_lease_overlong / transport_parked_commits
[2026-08-30T11:10:59Z ERROR fuse3::raw::connection::fuse_over_uring] transport payload lease held 1081 ms (≥ 1 s) — overlong handler invocation or a §5.4 severance escape; watch transport_lease_overlong / transport_parked_commits
[2026-08-30T11:10:59Z ERROR fuse3::raw::connection::fuse_over_uring] transport payload lease held 1080 ms (≥ 1 s) — overlong handler invocation or a §5.4 severance escape; watch transport_lease_overlong / transport_parked_commits
[2026-08-30T11:10:59Z ERROR fuse3::raw::connection::fuse_over_uring] transport payload lease held 1080 ms (≥ 1 s) — overlong handler invocation or a §5.4 severance escape; watch transport_lease_overlong / transport_parked_commits
[2026-08-30T11:10:59Z ERROR fuse3::raw::connection::fuse_over_uring] transport payload lease held 1114 ms (≥ 1 s) — overlong handler invocation or a §5.4 severance escape; watch transport_lease_overlong / transport_parked_commits
[2026-08-30T11:10:59Z ERROR fuse3::raw::connection::fuse_over_uring] transport payload lease held 1114 ms (≥ 1 s) — overlong handler invocation or a §5.4 severance escape; watch transport_lease_overlong / transport_parked_commits
[2026-08-30T11:10:59Z ERROR fuse3::raw::connection::fuse_over_uring] transport payload lease held 1088 ms (≥ 1 s) — overlong handler invocation or a §5.4 severance escape; watch transport_lease_overlong / transport_parked_commits
[2026-08-30T11:10:59Z ERROR fuse3::raw::connection::fuse_over_uring] transport payload lease held 1088 ms (≥ 1 s) — overlong handler invocation or a §5.4 severance escape; watch transport_lease_overlong / transport_parked_commits
[2026-08-30T11:11:00Z ERROR fuse3::raw::connection::fuse_over_uring] transport payload lease held 1606 ms (≥ 1 s) — overlong handler invocation or a §5.4 severance escape; watch transport_lease_overlong / transport_parked_commits
[2026-08-30T11:11:00Z ERROR fuse3::raw::connection::fuse_over_uring] transport payload lease held 1590 ms (≥ 1 s) — overlong handler invocation or a §5.4 severance escape; watch transport_lease_overlong / transport_parked_commits
[2026-08-30T11:11:00Z ERROR fuse3::raw::connection::fuse_over_uring] transport payload lease held 1590 ms (≥ 1 s) — overlong handler invocation or a §5.4 severance escape; watch transport_lease_overlong / transport_parked_commits
[2026-08-30T11:11:00Z ERROR fuse3::raw::connection::fuse_over_uring] transport payload lease held 1590 ms (≥ 1 s) — overlong handler invocation or a §5.4 severance escape; watch transport_lease_overlong / transport_parked_commits
[2026-08-30T11:11:00Z ERROR fuse3::raw::connection::fuse_over_uring] transport payload lease held 1557 ms (≥ 1 s) — overlong handler invocation or a §5.4 severance escape; watch transport_lease_overlong / transport_parked_commits
[2026-08-30T11:11:00Z ERROR fuse3::raw::connection::fuse_over_uring] transport payload lease held 1568 ms (≥ 1 s) — overlong handler invocation or a §5.4 severance escape; watch transport_lease_overlong / transport_parked_commits
[2026-08-30T11:11:00Z ERROR fuse3::raw::connection::fuse_over_uring] transport payload lease held 1598 ms (≥ 1 s) — overlong handler invocation or a §5.4 severance escape; watch transport_lease_overlong / transport_parked_commits
[2026-08-30T11:11:00Z ERROR fuse3::raw::connection::fuse_over_uring] transport payload lease held 1598 ms (≥ 1 s) — overlong handler invocation or a §5.4 severance escape; watch transport_lease_overlong / transport_parked_commits
[2026-08-30T11:11:00Z ERROR fuse3::raw::connection::fuse_over_uring] transport payload lease held 1507 ms (≥ 1 s) — overlong handler invocation or a §5.4 severance escape; watch transport_lease_overlong / transport_parked_commits
[2026-08-30T11:11:00Z ERROR fuse3::raw::connection::fuse_over_uring] transport payload lease held 1507 ms (≥ 1 s) — overlong handler invocation or a §5.4 severance escape; watch transport_lease_overlong / transport_parked_commits
[2026-08-30T11:11:00Z ERROR fuse3::raw::connection::fuse_over_uring] transport payload lease held 1448 ms (≥ 1 s) — overlong handler invocation or a §5.4 severance escape; watch transport_lease_overlong / transport_parked_commits
[2026-08-30T11:11:00Z ERROR fuse3::raw::connection::fuse_over_uring] transport payload lease held 1448 ms (≥ 1 s) — overlong handler invocation or a §5.4 severance escape; watch transport_lease_overlong / transport_parked_commits
[2026-08-30T11:11:00Z ERROR fuse3::raw::connection::fuse_over_uring] transport payload lease held 1448 ms (≥ 1 s) — overlong handler invocation or a §5.4 severance escape; watch transport_lease_overlong / transport_parked_commits
[2026-08-30T11:11:00Z ERROR fuse3::raw::connection::fuse_over_uring] transport payload lease held 1391 ms (≥ 1 s) — overlong handler invocation or a §5.4 severance escape; watch transport_lease_overlong / transport_parked_commits
[2026-08-30T11:11:00Z ERROR fuse3::raw::connection::fuse_over_uring] transport payload lease held 1381 ms (≥ 1 s) — overlong handler invocation or a §5.4 severance escape; watch transport_lease_overlong / transport_parked_commits
[2026-08-30T11:11:00Z ERROR fuse3::raw::connection::fuse_over_uring] transport payload lease held 1325 ms (≥ 1 s) — overlong handler invocation or a §5.4 severance escape; watch transport_lease_overlong / transport_parked_commits
[2026-08-30T11:11:00Z ERROR fuse3::raw::connection::fuse_over_uring] transport payload lease held 1342 ms (≥ 1 s) — overlong handler invocation or a §5.4 severance escape; watch transport_lease_overlong / transport_parked_commits
[2026-08-30T11:11:00Z ERROR fuse3::raw::connection::fuse_over_uring] transport payload lease held 1342 ms (≥ 1 s) — overlong handler invocation or a §5.4 severance escape; watch transport_lease_overlong / transport_parked_commits
[2026-08-30T11:11:00Z ERROR fuse3::raw::connection::fuse_over_uring] transport payload lease held 1342 ms (≥ 1 s) — overlong handler invocation or a §5.4 severance escape; watch transport_lease_overlong / transport_parked_commits
[2026-08-30T11:11:00Z ERROR fuse3::raw::connection::fuse_over_uring] transport payload lease held 1342 ms (≥ 1 s) — overlong handler invocation or a §5.4 severance escape; watch transport_lease_overlong / transport_parked_commits
[2026-08-30T11:11:00Z ERROR fuse3::raw::connection::fuse_over_uring] transport payload lease held 1323 ms (≥ 1 s) — overlong handler invocation or a §5.4 severance escape; watch transport_lease_overlong / transport_parked_commits
[2026-08-30T11:11:00Z ERROR fuse3::raw::connection::fuse_over_uring] transport payload lease held 1225 ms (≥ 1 s) — overlong handler invocation or a §5.4 severance escape; watch transport_lease_overlong / transport_parked_commits
[2026-08-30T11:11:00Z ERROR fuse3::raw::connection::fuse_over_uring] transport payload lease held 1224 ms (≥ 1 s) — overlong handler invocation or a §5.4 severance escape; watch transport_lease_overlong / transport_parked_commits
[2026-08-30T11:11:00Z ERROR fuse3::raw::connection::fuse_over_uring] transport payload lease held 1220 ms (≥ 1 s) — overlong handler invocation or a §5.4 severance escape; watch transport_lease_overlong / transport_parked_commits
[2026-08-30T11:11:00Z ERROR fuse3::raw::connection::fuse_over_uring] transport payload lease held 1171 ms (≥ 1 s) — overlong handler invocation or a §5.4 severance escape; watch transport_lease_overlong / transport_parked_commits
[2026-08-30T11:11:00Z ERROR fuse3::raw::connection::fuse_over_uring] transport payload lease held 1202 ms (≥ 1 s) — overlong handler invocation or a §5.4 severance escape; watch transport_lease_overlong / transport_parked_commits
[2026-08-30T11:11:00Z ERROR fuse3::raw::connection::fuse_over_uring] transport payload lease held 1202 ms (≥ 1 s) — overlong handler invocation or a §5.4 severance escape; watch transport_lease_overlong / transport_parked_commits
[2026-08-30T11:11:00Z ERROR fuse3::raw::connection::fuse_over_uring] transport payload lease held 1195 ms (≥ 1 s) — overlong handler invocation or a §5.4 severance escape; watch transport_lease_overlong / transport_parked_commits
[2026-08-30T11:11:00Z ERROR fuse3::raw::connection::fuse_over_uring] transport payload lease held 1146 ms (≥ 1 s) — overlong handler invocation or a §5.4 severance escape; watch transport_lease_overlong / transport_parked_commits
[2026-08-30T11:11:00Z ERROR fuse3::raw::connection::fuse_over_uring] transport payload lease held 1141 ms (≥ 1 s) — overlong handler invocation or a §5.4 severance escape; watch transport_lease_overlong / transport_parked_commits
[2026-08-30T11:11:00Z ERROR fuse3::raw::connection::fuse_over_uring] transport payload lease held 1167 ms (≥ 1 s) — overlong handler invocation or a §5.4 severance escape; watch transport_lease_overlong / transport_parked_commits
[2026-08-30T11:11:00Z ERROR fuse3::raw::connection::fuse_over_uring] transport payload lease held 1163 ms (≥ 1 s) — overlong handler invocation or a §5.4 severance escape; watch transport_lease_overlong / transport_parked_commits
[2026-08-30T11:11:30Z ERROR fuse3::raw::connection::fuse_over_uring] transport payload lease held 1190 ms (≥ 1 s) — overlong handler invocation or a §5.4 severance escape; watch transport_lease_overlong / transport_parked_commits
[2026-08-30T11:11:30Z ERROR fuse3::raw::connection::fuse_over_uring] transport payload lease held 1176 ms (≥ 1 s) — overlong handler invocation or a §5.4 severance escape; watch transport_lease_overlong / transport_parked_commits
[2026-08-30T11:11:30Z ERROR fuse3::raw::connection::fuse_over_uring] transport payload lease held 1186 ms (≥ 1 s) — overlong handler invocation or a §5.4 severance escape; watch transport_lease_overlong / transport_parked_commits
[2026-08-30T11:11:30Z ERROR fuse3::raw::connection::fuse_over_uring] transport payload lease held 1162 ms (≥ 1 s) — overlong handler invocation or a §5.4 severance escape; watch transport_lease_overlong / transport_parked_commits
[2026-08-30T11:11:30Z ERROR fuse3::raw::connection::fuse_over_uring] transport payload lease held 1002 ms (≥ 1 s) — overlong handler invocation or a §5.4 severance escape; watch transport_lease_overlong / transport_parked_commits
[2026-08-30T11:11:34Z ERROR fuse3::raw::connection::fuse_over_uring] transport payload lease held 1013 ms (≥ 1 s) — overlong handler invocation or a §5.4 severance escape; watch transport_lease_overlong / transport_parked_commits
[2026-08-30T11:11:34Z ERROR fuse3::raw::connection::fuse_over_uring] transport payload lease held 1013 ms (≥ 1 s) — overlong handler invocation or a §5.4 severance escape; watch transport_lease_overlong / transport_parked_commits
[2026-08-30T11:11:34Z ERROR fuse3::raw::connection::fuse_over_uring] transport payload lease held 1013 ms (≥ 1 s) — overlong handler invocation or a §5.4 severance escape; watch transport_lease_overlong / transport_parked_commits
[2026-08-30T11:11:34Z ERROR fuse3::raw::connection::fuse_over_uring] transport payload lease held 1011 ms (≥ 1 s) — overlong handler invocation or a §5.4 severance escape; watch transport_lease_overlong / transport_parked_commits
