SqueezeFS version 1.1.0 (da47bd954809 / da47bd95480927b20f03e3a58ff9483b0e404bb8) built 2026-08-30T04:03:08Z
======================================================================
  Mount Configuration Summary
----------------------------------------------------------------------
  Volume Name:         squeezefs
  Capacity:            13.64 TiB
  Block Size:          4.00 MiB
  Compression:         none
  Encryption:          none
----------------------------------------------------------------------
Metadata Volumes:
  - [enabled] /dev/nvme3n1 (health: 1000)
Data Volumes:
  - [enabled] /dev/nvme4n1 (health: 1000)
  - [enabled] /dev/nvme5n1 (health: 1000)
  - [enabled] /dev/nvme6n1 (health: 1000)
  - [enabled] /dev/nvme7n1 (health: 1000)
----------------------------------------------------------------------
Cache/Staging:
  Memory Cache Size:   1GB
  Disk Cache Size:     10GB
  Staging Paths:       /scratch/cache
----------------------------------------------------------------------
Mount Options:
  Mountpoint:          "/scratch/mnt-cw6"
  Writeback Cache:     enabled
  Allow Other:         enabled
======================================================================
Mounting as a CO-WRITER (DLM stage S9): this mount holds NO metadata authority — every metadata mutation ships to the authority that holds the D0 claim — and writes data only under custody that authority grants. Admission runs a five-rung ladder and refuses loudly naming the rung; see docs/operations.md §Multi-writer co-writer mounts.
[2026-08-30T11:06:04Z INFO  squeezefs::nvme_dev] data volume /dev/nvme4n1: write_cache=write-through (durability barrier: io_uring Fsync/DATASYNC per device, coalesced)
[2026-08-30T11:06:04Z INFO  squeezefs] writer-scoped staging ENGAGED: client scope w_e56e47de7cb413eb.m11bafcbf (staging generation "v3:b354e2999904492ba387b69a809c3397@node:e56e47de7cb413eb.m11bafcbf") — staging keys carry the scope and this client's staging roots are bound to it
[2026-08-30T11:06:08Z INFO  squeezefs::cache::gds] GPU Direct Storage: No discrete GPU environment found. GDS bypassed.
[2026-08-30T11:06:08Z INFO  squeezefs::cache::nvme] staging init: discarded 16 read-cache segment file(s) (5368709120 B) from a previous session — read cache starts cold (block-key offsets are not incarnation-stable across mounts)
[2026-08-30T11:06:08Z INFO  squeezefs] Registering data volume 'nvme4n1' at path /dev/nvme4n1 (state active)
[2026-08-30T11:06:08Z INFO  squeezefs] Registering data volume 'nvme5n1' at path /dev/nvme5n1 (state active)
[2026-08-30T11:06:08Z INFO  squeezefs::nvme_dev] data volume /dev/nvme5n1: write_cache=write-through (durability barrier: io_uring Fsync/DATASYNC per device, coalesced)
[2026-08-30T11:06:08Z INFO  squeezefs] Registering data volume 'nvme6n1' at path /dev/nvme6n1 (state active)
[2026-08-30T11:06:08Z INFO  squeezefs::nvme_dev] data volume /dev/nvme6n1: write_cache=write-through (durability barrier: io_uring Fsync/DATASYNC per device, coalesced)
[2026-08-30T11:06:08Z INFO  squeezefs] Registering data volume 'nvme7n1' at path /dev/nvme7n1 (state active)
[2026-08-30T11:06:08Z INFO  squeezefs::nvme_dev] data volume /dev/nvme7n1: write_cache=write-through (durability barrier: io_uring Fsync/DATASYNC per device, coalesced)
[2026-08-30T11:06:08Z WARN  squeezefs::data_custody] data-plane WERO ADOPTED (co-located co-writer, 4 namespace(s), authority key 0xb46eac03cde92cac): this mount shares its authority's PR arbitration domain, so the standing hold is its fenceability evidence and NOTHING was registered — the stated honest residual (docs/operations.md §Multi-writer co-writer mounts): on this shape the metadata read-only half is enforced by this mount's own code, not by the device, and its death is proven by the same-host dead-pid ladder, never by a PR preempt
[2026-08-30T11:06:08Z INFO  squeezefs::membership] membership member 'node_e56e47de7cb413eb.m11bafcbf' (writer) holds lease epoch 6 in term 2: owner deadline 45000 ms, MY deadline 42956 ms (T_owner − 2·skew_max − D_purge, anchored on my send instant), renewing every 10000 ms
[2026-08-30T11:06:08Z INFO  squeezefs::membership] membership MEMBER armed: writer 'node_e56e47de7cb413eb.m11bafcbf' holds a lease from owner 'a1c0c940-a69e-4a7a-97ba-7b7f311cfa4b' at 172.31.24.158:45143 — visible in `squeezefs clients` with ZERO metadata writes, and the same channel §6.8 item 3's freed-offset acknowledgements ride (DLM S6)
[2026-08-30T11:06:08Z WARN  squeezefs::cowriter] CO-WRITER ADMITTED (DLM S9) over 1 volume(s): node 'node_e56e47de7cb413eb.m11bafcbf', authority claim '92512ddb-c23c-4d54-b06b-62167a252673' in era 2, membership owner 'a1c0c940-a69e-4a7a-97ba-7b7f311cfa4b' at 172.31.24.158:45143 (member epoch 6), custody at 172.31.24.158:45999, device registrant key 0xb46eac03cde92cac on 4 namespace(s). This mount holds NO metadata authority — every metadata mutation ships — and writes data only under custody the authority grants
[2026-08-30T11:06:08Z INFO  squeezefs::meta_backend::kv::backend] meta volume /dev/nvme3n1: co-writer mount — a LOCAL exclusive holder (the authority's write mount, or a guarded offline verb) holds this volume on this host; the co-writer takes no lock and refuses nothing
[2026-08-30T11:06:08Z WARN  squeezefs::meta_backend::kv::backend] meta volume /dev/nvme3n1: mounted CO-WRITER (DLM S9) under authority claim '92512ddb-c23c-4d54-b06b-62167a252673' (era 2). No writer_claim, no metadata-namespace reservation, no checkpoint task — this mount appends to none of this volume's single-appender structures and ships every metadata mutation. Guarantee class: co-writer
[2026-08-30T11:06:08Z INFO  squeezefs] meta volume /dev/nvme3n1: format=3 ledger_seq=49 replay_entries=3 replay_dropped_torn=0 replay_ms=31 free_extents=14304967 next_ino=2 meta_volume_atomicity=cow-checksummed meta_volume_atomicity_physical=unknown writer_guard_mode=co-writer
[2026-08-30T11:06:08Z INFO  squeezefs::fuse_client] Dynamic reclaim concurrency limit configured: 4
[2026-08-30T11:06:08Z INFO  squeezefs] co-writer mount: block-ownership recovery skipped entirely (this mount allocates nothing outside a granted lane and frees nothing locally; the walk's free-completing arm must never run on a snapshot view)
[2026-08-30T11:06:08Z INFO  squeezefs] co-writer mount: job fabric, job wire and the frag-gauge worker are NOT armed (maintenance coordination is the slot-0 volume owner's; this mount cannot write their durable records)
[2026-08-30T11:06:08Z INFO  squeezefs::multi_writer] multi-writer: this mount is a CO-WRITER (SQUEEZEFS_MW_ROLE=co-writer), so the AUTHORITY arm is not run — the co-writer arm installs the client halves of the same three planes (ownership + publish + custody) after its admission ladder passes
[2026-08-30T11:06:08Z WARN  squeezefs::meta_ship::owners] metadata function shipping ARMED (DLM S8): 0 of 1 volumes owned locally, 1 shipped to 1 peer(s) ["92512ddb-c23c-4d54-b06b-62167a252673"]; 0 slots home locally. Metadata verbs on a foreign volume now travel to its owner; the DATA plane still refuses foreign-home custody loud (S9 ships that half)
[2026-08-30T11:06:09Z INFO  squeezefs::membership] membership member 'node_e56e47de7cb413eb.m11bafcbf' (writer) holds lease epoch 6 in term 2: owner deadline 45000 ms, MY deadline 42956 ms (T_owner − 2·skew_max − D_purge, anchored on my send instant), renewing every 10000 ms
[2026-08-30T11:06:09Z INFO  squeezefs::dlm] fencing: durable writer term 2 adopted (was 0); every token this process mints now dominates every earlier era's (spec §6.7 decision 4)
[2026-08-30T11:06:09Z INFO  squeezefs::block_allocator] data-plane allocation partition engaged on volume 'nvme4n1': lane 2 of 16, reservation grain 96 blocks, 838189 block(s) of this device belong to other lanes (alloc_lane_stranded_bytes)
[2026-08-30T11:06:09Z WARN  squeezefs::alloc_lane_grant] data-plane allocation lane ENGAGED on volume 'nvme4n1': lane 2 of 16, resuming at block 2 (floor OPENED by the authority (this mount never walks)). Fresh allocation is this mount's residue class; frees stay lane-blind
[2026-08-30T11:06:09Z INFO  squeezefs::block_allocator] data-plane allocation partition engaged on volume 'nvme7n1': lane 2 of 16, reservation grain 96 blocks, 838189 block(s) of this device belong to other lanes (alloc_lane_stranded_bytes)
[2026-08-30T11:06:09Z WARN  squeezefs::alloc_lane_grant] data-plane allocation lane ENGAGED on volume 'nvme7n1': lane 2 of 16, resuming at block 2 (floor OPENED by the authority (this mount never walks)). Fresh allocation is this mount's residue class; frees stay lane-blind
[2026-08-30T11:06:09Z INFO  squeezefs::block_allocator] data-plane allocation partition engaged on volume 'nvme5n1': lane 2 of 16, reservation grain 96 blocks, 838189 block(s) of this device belong to other lanes (alloc_lane_stranded_bytes)
[2026-08-30T11:06:09Z WARN  squeezefs::alloc_lane_grant] data-plane allocation lane ENGAGED on volume 'nvme5n1': lane 2 of 16, resuming at block 2 (floor OPENED by the authority (this mount never walks)). Fresh allocation is this mount's residue class; frees stay lane-blind
[2026-08-30T11:06:09Z INFO  squeezefs::block_allocator] data-plane allocation partition engaged on volume 'nvme6n1': lane 2 of 16, reservation grain 96 blocks, 838189 block(s) of this device belong to other lanes (alloc_lane_stranded_bytes)
[2026-08-30T11:06:09Z WARN  squeezefs::alloc_lane_grant] data-plane allocation lane ENGAGED on volume 'nvme6n1': lane 2 of 16, resuming at block 2 (floor OPENED by the authority (this mount never walks)). Fresh allocation is this mount's residue class; frees stay lane-blind
[2026-08-30T11:06:09Z WARN  squeezefs::alloc_lane_grant] data-plane allocation lane ENGAGED on volume 'nvme4n1': lane 2 of 16, resuming at block 2 (floor OPENED by the authority (this mount never walks)). Fresh allocation is this mount's residue class; frees stay lane-blind
[2026-08-30T11:06:09Z WARN  squeezefs::cowriter] CO-WRITER ARMED (DLM S9): metadata verbs ship to '92512ddb-c23c-4d54-b06b-62167a252673' at 172.31.24.158:45999, write custody is acquired there, fresh blocks are placed in allocation lane 2 of 16 (durable reservations committed by the authority ahead of every hand-out), and this mount's own free/reclaim accounting stays closed. Data DMA is authorized locally under the custody epoch — only custody travels, never data
[2026-08-30T11:06:09Z INFO  squeezefs] fleet jobs: member worker armed (KD-MW-16 — fleet read shards; SQUEEZEFS_FLEET_JOBS=0 opts out)
Mounting Squeezefs at "/scratch/mnt-cw6"...
[2026-08-30T11:06:09Z INFO  squeezefs::fuse_client] Transport payload-buffer cap: 2466 MiB (memory budget 19729 MiB)
[2026-08-30T11:06:09Z WARN  squeezefs::ipc_host] SQUEEZEFS_IPC_ALLOW_DEV is set — the KD-7 build-commit skew gate is RELAXED for this mount (degenerate `unknown`/`-dirty` identities will be admitted, counted in ipc_binds_dev_override). Dev boxes only: a mismatched daemon/shim pair is undefined behavior.
[2026-08-30T11:06:09Z INFO  squeezefs::ipc_host] ipc host: path ctl socket at /run/squeezefs/sqz-il0-4439-13ae7e6d.sock
[2026-08-30T11:06:09Z INFO  squeezefs::fuse_client] IPC session host armed (socket sqz-il0-4439-13ae7e6d, session shm cap 2466 MiB)
[2026-08-30T11:06:09Z INFO  squeezefs::fuse_client] SqueezeFS version 1.1.0 (da47bd954809 / da47bd95480927b20f03e3a58ff9483b0e404bb8) built 2026-08-30T04:03:08Z initializing mount
[2026-08-30T11:06:09Z INFO  squeezefs::fuse_client] FUSE Daemon: Mounting squeezefs at "/scratch/mnt-cw6"...
[2026-08-30T11:06:09Z INFO  squeezefs::fuse_client] FUSE Daemon: Metadata connection active.
[2026-08-30T11:06:09Z INFO  squeezefs::fuse_client] device-overlay armed: transport streaming holds enabled (SQUEEZEFS_DEVICE_OVERLAY)
[92mOK[0m Squeezefs is ready at "/scratch/mnt-cw6"
[2026-08-30T11:06:09Z INFO  squeezefs::fuse_client] FUSE Daemon: Initialized Squeezefs Filesystem mount (version 1.1.0 (da47bd954809 / da47bd95480927b20f03e3a58ff9483b0e404bb8) built 2026-08-30T04:03:08Z).
squeezefs: mount ready (version 1.1.0 (da47bd954809 / da47bd95480927b20f03e3a58ff9483b0e404bb8) built 2026-08-30T04:03:08Z, exe hint: rebuild target/release and reinstall)
[2026-08-30T11:06:09Z INFO  squeezefs::fuse_client] FUSE kernel protocol 7.45 (init flags 0x7ff73fffffb): FOPEN_NOFLUSH advertised + honored on non-writeback opens (kernel ≥ 7.35) (D2.a; under writeback cache the elision switch is the clean-FLUSH ENOSYS latch — uapi: NOFLUSH applies 'unless FUSE_WRITEBACK_CACHE'); UNKNOWN init capability bits 0x40000000000 advertised — investigate whether an atomic-open-class capability is among them (D2.d adoption follow-up)
squeezefs: FUSE kernel 7.45 — FOPEN_NOFLUSH advertised (wb-cache elision = clean-FLUSH ENOSYS latch); UNKNOWN init capability bits 0x40000000000 advertised — investigate whether an atomic-open-class capability is among them (D2.d adoption follow-up)
[2026-08-30T11:06:09Z INFO  squeezefs::fuse_client] FUSE_HANDLE_KILLPRIV_V2 negotiated (kernel killpriv probe deleted; daemon owns suid/sgid/caps clearing) for this mount
[2026-08-30T11:06:09Z INFO  squeezefs::fuse_client] IPC session host: mount st_dev resolved (64)
[2026-08-30T11:06:09Z INFO  squeezefs::fuse_client] co-writer mount: writeback flusher, extent-record recovery, fold worker and reclaim pool are NOT armed (nothing here can be dirty, staged or freed by this mount)
[2026-08-30T11:06:09Z WARN  squeezefs::ro_coherence] reader data plane armed (DLM S5): block allocation, terminal frees, device reclaim, the W1 in-place patch and in-place overwrites are all refused on this mount; the reclaim queue is latched halted
[2026-08-30T11:06:09Z INFO  squeezefs::meta_backend::kv::node_cache] node cache armed for coherent reads at checkpoint epoch 49 (tail 14519): cached nodes are dropped on every epoch step, and this mount may not write
[2026-08-30T11:06:09Z INFO  squeezefs::ro_coherence] reader coherence armed on 1/1 volume(s): staleness bound 2s (poll 1s + the writer's ≤1 s checkpoint ceiling), R-6 purge sink installed
[2026-08-30T11:06:09Z INFO  squeezefs::ro_coherence] reader revalidation armed: 1 volume(s), every 1s (the derived cadence — one ledger read per volume per pass; staleness bound 2s)
[2026-08-30T11:06:09Z WARN  fuse3::raw::connection::kmbuf] SQUEEZEFS_FUSE_ZC=1 declined: the kmbuf/zc io_uring surface is Absent on this kernel — continuing on the userspace-ent path (fuse3_zc_replies stays 0; the sqz kernel series carries the surface)
[2026-08-30T11:06:09Z INFO  fuse3::raw::connection::fuse_over_uring] fuse-over-uring queue-ring setup probe: SINGLE_ISSUER+DEFER_TASKRUN available
FUSE-over-io_uring registered: queues=32 depth=32 payload_sz=1048576 max_write=1048576 max_pages=256 buffers=user-ents kmbuf_ops=absent fd=196 sqpoll=off drain_groups=4(width<=8)
[2026-08-30T11:06:09Z INFO  fuse3::raw::connection::fuse_over_uring] FUSE-over-io_uring registered: queues=32 depth=32 payload_sz=1048576 max_write=1048576 max_pages=256 buffers=user-ents kmbuf_ops=absent fd=196 sqpoll=off drain_groups=4(width<=8)
FUSE-over-io_uring session path armed (ready=true, queues=32)
FUSE-over-io_uring transport armed for this session
[2026-08-30T11:06:09Z INFO  fuse3::raw::session] FUSE-over-io_uring transport armed for this session
FUSE-over-io_uring: classical sideband servicer armed (primary session; FORGET/INTERRUPT/resend + switchover stragglers)
[2026-08-30T11:06:09Z INFO  squeezefs::fleet_worker] fleet worker: member 'node_e56e47de7cb413eb.m11bafcbf' enrolled at coordinator 172.31.24.158:37251 (KD-MW-16 fleet read shards)
[2026-08-30T11:06:29Z WARN  squeezefs::block_allocator] co-writer: abandoning never-published block offset(s) leak-safe (volume 'nvme7n1', first offset 411041792): the publish that would have named them failed or refused, and a co-writer may not mutate ownership accounting — the next derivation (mount recovery / fsck C6) returns them to the free supply (cowriter_unpublished_abandons; further offsets at debug level)
[2026-08-30T11:06:52Z ERROR fuse3::raw::connection::fuse_over_uring] transport payload lease held 1031 ms (≥ 1 s) — overlong handler invocation or a §5.4 severance escape; watch transport_lease_overlong / transport_parked_commits
[2026-08-30T11:06:52Z ERROR fuse3::raw::connection::fuse_over_uring] transport payload lease held 1025 ms (≥ 1 s) — overlong handler invocation or a §5.4 severance escape; watch transport_lease_overlong / transport_parked_commits
[2026-08-30T11:06:52Z ERROR fuse3::raw::connection::fuse_over_uring] transport payload lease held 1025 ms (≥ 1 s) — overlong handler invocation or a §5.4 severance escape; watch transport_lease_overlong / transport_parked_commits
[2026-08-30T11:06:52Z ERROR fuse3::raw::connection::fuse_over_uring] transport payload lease held 1024 ms (≥ 1 s) — overlong handler invocation or a §5.4 severance escape; watch transport_lease_overlong / transport_parked_commits
[2026-08-30T11:06:52Z ERROR fuse3::raw::connection::fuse_over_uring] transport payload lease held 1001 ms (≥ 1 s) — overlong handler invocation or a §5.4 severance escape; watch transport_lease_overlong / transport_parked_commits
[2026-08-30T11:06:52Z ERROR fuse3::raw::connection::fuse_over_uring] transport payload lease held 1029 ms (≥ 1 s) — overlong handler invocation or a §5.4 severance escape; watch transport_lease_overlong / transport_parked_commits
[2026-08-30T11:06:52Z ERROR fuse3::raw::connection::fuse_over_uring] transport payload lease held 1015 ms (≥ 1 s) — overlong handler invocation or a §5.4 severance escape; watch transport_lease_overlong / transport_parked_commits
[2026-08-30T11:06:52Z ERROR fuse3::raw::connection::fuse_over_uring] transport payload lease held 1033 ms (≥ 1 s) — overlong handler invocation or a §5.4 severance escape; watch transport_lease_overlong / transport_parked_commits
[2026-08-30T11:06:52Z ERROR fuse3::raw::connection::fuse_over_uring] transport payload lease held 1047 ms (≥ 1 s) — overlong handler invocation or a §5.4 severance escape; watch transport_lease_overlong / transport_parked_commits
[2026-08-30T11:06:52Z ERROR fuse3::raw::connection::fuse_over_uring] transport payload lease held 1052 ms (≥ 1 s) — overlong handler invocation or a §5.4 severance escape; watch transport_lease_overlong / transport_parked_commits
[2026-08-30T11:06:52Z ERROR fuse3::raw::connection::fuse_over_uring] transport payload lease held 1052 ms (≥ 1 s) — overlong handler invocation or a §5.4 severance escape; watch transport_lease_overlong / transport_parked_commits
[2026-08-30T11:06:52Z ERROR fuse3::raw::connection::fuse_over_uring] transport payload lease held 1073 ms (≥ 1 s) — overlong handler invocation or a §5.4 severance escape; watch transport_lease_overlong / transport_parked_commits
[2026-08-30T11:06:52Z ERROR fuse3::raw::connection::fuse_over_uring] transport payload lease held 1073 ms (≥ 1 s) — overlong handler invocation or a §5.4 severance escape; watch transport_lease_overlong / transport_parked_commits
[2026-08-30T11:06:52Z ERROR fuse3::raw::connection::fuse_over_uring] transport payload lease held 1094 ms (≥ 1 s) — overlong handler invocation or a §5.4 severance escape; watch transport_lease_overlong / transport_parked_commits
[2026-08-30T11:06:52Z ERROR fuse3::raw::connection::fuse_over_uring] transport payload lease held 1094 ms (≥ 1 s) — overlong handler invocation or a §5.4 severance escape; watch transport_lease_overlong / transport_parked_commits
[2026-08-30T11:06:52Z ERROR fuse3::raw::connection::fuse_over_uring] transport payload lease held 1084 ms (≥ 1 s) — overlong handler invocation or a §5.4 severance escape; watch transport_lease_overlong / transport_parked_commits
[2026-08-30T11:06:53Z ERROR fuse3::raw::connection::fuse_over_uring] transport payload lease held 1103 ms (≥ 1 s) — overlong handler invocation or a §5.4 severance escape; watch transport_lease_overlong / transport_parked_commits
[2026-08-30T11:06:53Z ERROR fuse3::raw::connection::fuse_over_uring] transport payload lease held 1103 ms (≥ 1 s) — overlong handler invocation or a §5.4 severance escape; watch transport_lease_overlong / transport_parked_commits
[2026-08-30T11:06:53Z ERROR fuse3::raw::connection::fuse_over_uring] transport payload lease held 1091 ms (≥ 1 s) — overlong handler invocation or a §5.4 severance escape; watch transport_lease_overlong / transport_parked_commits
[2026-08-30T11:06:53Z ERROR fuse3::raw::connection::fuse_over_uring] transport payload lease held 1091 ms (≥ 1 s) — overlong handler invocation or a §5.4 severance escape; watch transport_lease_overlong / transport_parked_commits
[2026-08-30T11:06:53Z ERROR fuse3::raw::connection::fuse_over_uring] transport payload lease held 1092 ms (≥ 1 s) — overlong handler invocation or a §5.4 severance escape; watch transport_lease_overlong / transport_parked_commits
[2026-08-30T11:06:53Z ERROR fuse3::raw::connection::fuse_over_uring] transport payload lease held 1102 ms (≥ 1 s) — overlong handler invocation or a §5.4 severance escape; watch transport_lease_overlong / transport_parked_commits
[2026-08-30T11:06:53Z ERROR fuse3::raw::connection::fuse_over_uring] transport payload lease held 1111 ms (≥ 1 s) — overlong handler invocation or a §5.4 severance escape; watch transport_lease_overlong / transport_parked_commits
[2026-08-30T11:06:53Z ERROR fuse3::raw::connection::fuse_over_uring] transport payload lease held 1111 ms (≥ 1 s) — overlong handler invocation or a §5.4 severance escape; watch transport_lease_overlong / transport_parked_commits
[2026-08-30T11:06:53Z ERROR fuse3::raw::connection::fuse_over_uring] transport payload lease held 1087 ms (≥ 1 s) — overlong handler invocation or a §5.4 severance escape; watch transport_lease_overlong / transport_parked_commits
[2026-08-30T11:06:53Z ERROR fuse3::raw::connection::fuse_over_uring] transport payload lease held 1120 ms (≥ 1 s) — overlong handler invocation or a §5.4 severance escape; watch transport_lease_overlong / transport_parked_commits
[2026-08-30T11:06:53Z ERROR fuse3::raw::connection::fuse_over_uring] transport payload lease held 1120 ms (≥ 1 s) — overlong handler invocation or a §5.4 severance escape; watch transport_lease_overlong / transport_parked_commits
[2026-08-30T11:06:53Z ERROR fuse3::raw::connection::fuse_over_uring] transport payload lease held 1120 ms (≥ 1 s) — overlong handler invocation or a §5.4 severance escape; watch transport_lease_overlong / transport_parked_commits
[2026-08-30T11:06:53Z ERROR fuse3::raw::connection::fuse_over_uring] transport payload lease held 1069 ms (≥ 1 s) — overlong handler invocation or a §5.4 severance escape; watch transport_lease_overlong / transport_parked_commits
[2026-08-30T11:06:53Z ERROR fuse3::raw::connection::fuse_over_uring] transport payload lease held 1078 ms (≥ 1 s) — overlong handler invocation or a §5.4 severance escape; watch transport_lease_overlong / transport_parked_commits
[2026-08-30T11:06:53Z ERROR fuse3::raw::connection::fuse_over_uring] transport payload lease held 1085 ms (≥ 1 s) — overlong handler invocation or a §5.4 severance escape; watch transport_lease_overlong / transport_parked_commits
[2026-08-30T11:06:53Z ERROR fuse3::raw::connection::fuse_over_uring] transport payload lease held 1090 ms (≥ 1 s) — overlong handler invocation or a §5.4 severance escape; watch transport_lease_overlong / transport_parked_commits
[2026-08-30T11:06:53Z ERROR fuse3::raw::connection::fuse_over_uring] transport payload lease held 1064 ms (≥ 1 s) — overlong handler invocation or a §5.4 severance escape; watch transport_lease_overlong / transport_parked_commits
[2026-08-30T11:06:53Z ERROR fuse3::raw::connection::fuse_over_uring] transport payload lease held 1064 ms (≥ 1 s) — overlong handler invocation or a §5.4 severance escape; watch transport_lease_overlong / transport_parked_commits
[2026-08-30T11:06:53Z ERROR fuse3::raw::connection::fuse_over_uring] transport payload lease held 1064 ms (≥ 1 s) — overlong handler invocation or a §5.4 severance escape; watch transport_lease_overlong / transport_parked_commits
[2026-08-30T11:06:53Z ERROR fuse3::raw::connection::fuse_over_uring] transport payload lease held 1067 ms (≥ 1 s) — overlong handler invocation or a §5.4 severance escape; watch transport_lease_overlong / transport_parked_commits
[2026-08-30T11:06:53Z ERROR fuse3::raw::connection::fuse_over_uring] transport payload lease held 1077 ms (≥ 1 s) — overlong handler invocation or a §5.4 severance escape; watch transport_lease_overlong / transport_parked_commits
[2026-08-30T11:06:53Z ERROR fuse3::raw::connection::fuse_over_uring] transport payload lease held 1108 ms (≥ 1 s) — overlong handler invocation or a §5.4 severance escape; watch transport_lease_overlong / transport_parked_commits
[2026-08-30T11:06:53Z ERROR fuse3::raw::connection::fuse_over_uring] transport payload lease held 1108 ms (≥ 1 s) — overlong handler invocation or a §5.4 severance escape; watch transport_lease_overlong / transport_parked_commits
[2026-08-30T11:06:53Z ERROR fuse3::raw::connection::fuse_over_uring] transport payload lease held 1108 ms (≥ 1 s) — overlong handler invocation or a §5.4 severance escape; watch transport_lease_overlong / transport_parked_commits
[2026-08-30T11:06:53Z ERROR fuse3::raw::connection::fuse_over_uring] transport payload lease held 1099 ms (≥ 1 s) — overlong handler invocation or a §5.4 severance escape; watch transport_lease_overlong / transport_parked_commits
[2026-08-30T11:06:53Z ERROR fuse3::raw::connection::fuse_over_uring] transport payload lease held 1120 ms (≥ 1 s) — overlong handler invocation or a §5.4 severance escape; watch transport_lease_overlong / transport_parked_commits
[2026-08-30T11:06:53Z ERROR fuse3::raw::connection::fuse_over_uring] transport payload lease held 1120 ms (≥ 1 s) — overlong handler invocation or a §5.4 severance escape; watch transport_lease_overlong / transport_parked_commits
[2026-08-30T11:06:53Z ERROR fuse3::raw::connection::fuse_over_uring] transport payload lease held 1120 ms (≥ 1 s) — overlong handler invocation or a §5.4 severance escape; watch transport_lease_overlong / transport_parked_commits
[2026-08-30T11:06:53Z ERROR fuse3::raw::connection::fuse_over_uring] transport payload lease held 1301 ms (≥ 1 s) — overlong handler invocation or a §5.4 severance escape; watch transport_lease_overlong / transport_parked_commits
[2026-08-30T11:06:53Z ERROR fuse3::raw::connection::fuse_over_uring] transport payload lease held 1301 ms (≥ 1 s) — overlong handler invocation or a §5.4 severance escape; watch transport_lease_overlong / transport_parked_commits
[2026-08-30T11:06:53Z ERROR fuse3::raw::connection::fuse_over_uring] transport payload lease held 1283 ms (≥ 1 s) — overlong handler invocation or a §5.4 severance escape; watch transport_lease_overlong / transport_parked_commits
[2026-08-30T11:06:53Z ERROR fuse3::raw::connection::fuse_over_uring] transport payload lease held 1301 ms (≥ 1 s) — overlong handler invocation or a §5.4 severance escape; watch transport_lease_overlong / transport_parked_commits
[2026-08-30T11:06:53Z ERROR fuse3::raw::connection::fuse_over_uring] transport payload lease held 1252 ms (≥ 1 s) — overlong handler invocation or a §5.4 severance escape; watch transport_lease_overlong / transport_parked_commits
[2026-08-30T11:06:53Z ERROR fuse3::raw::connection::fuse_over_uring] transport payload lease held 1225 ms (≥ 1 s) — overlong handler invocation or a §5.4 severance escape; watch transport_lease_overlong / transport_parked_commits
[2026-08-30T11:06:53Z ERROR fuse3::raw::connection::fuse_over_uring] transport payload lease held 1225 ms (≥ 1 s) — overlong handler invocation or a §5.4 severance escape; watch transport_lease_overlong / transport_parked_commits
[2026-08-30T11:06:53Z ERROR fuse3::raw::connection::fuse_over_uring] transport payload lease held 1225 ms (≥ 1 s) — overlong handler invocation or a §5.4 severance escape; watch transport_lease_overlong / transport_parked_commits
[2026-08-30T11:06:53Z ERROR fuse3::raw::connection::fuse_over_uring] transport payload lease held 1186 ms (≥ 1 s) — overlong handler invocation or a §5.4 severance escape; watch transport_lease_overlong / transport_parked_commits
[2026-08-30T11:06:53Z ERROR fuse3::raw::connection::fuse_over_uring] transport payload lease held 1184 ms (≥ 1 s) — overlong handler invocation or a §5.4 severance escape; watch transport_lease_overlong / transport_parked_commits
[2026-08-30T11:06:53Z ERROR fuse3::raw::connection::fuse_over_uring] transport payload lease held 1174 ms (≥ 1 s) — overlong handler invocation or a §5.4 severance escape; watch transport_lease_overlong / transport_parked_commits
[2026-08-30T11:06:53Z ERROR fuse3::raw::connection::fuse_over_uring] transport payload lease held 1182 ms (≥ 1 s) — overlong handler invocation or a §5.4 severance escape; watch transport_lease_overlong / transport_parked_commits
[2026-08-30T11:06:53Z ERROR fuse3::raw::connection::fuse_over_uring] transport payload lease held 1151 ms (≥ 1 s) — overlong handler invocation or a §5.4 severance escape; watch transport_lease_overlong / transport_parked_commits
[2026-08-30T11:06:53Z ERROR fuse3::raw::connection::fuse_over_uring] transport payload lease held 1148 ms (≥ 1 s) — overlong handler invocation or a §5.4 severance escape; watch transport_lease_overlong / transport_parked_commits
[2026-08-30T11:06:53Z ERROR fuse3::raw::connection::fuse_over_uring] transport payload lease held 1145 ms (≥ 1 s) — overlong handler invocation or a §5.4 severance escape; watch transport_lease_overlong / transport_parked_commits
[2026-08-30T11:06:53Z ERROR fuse3::raw::connection::fuse_over_uring] transport payload lease held 1144 ms (≥ 1 s) — overlong handler invocation or a §5.4 severance escape; watch transport_lease_overlong / transport_parked_commits
[2026-08-30T11:06:53Z ERROR fuse3::raw::connection::fuse_over_uring] transport payload lease held 1109 ms (≥ 1 s) — overlong handler invocation or a §5.4 severance escape; watch transport_lease_overlong / transport_parked_commits
[2026-08-30T11:06:53Z ERROR fuse3::raw::connection::fuse_over_uring] transport payload lease held 1120 ms (≥ 1 s) — overlong handler invocation or a §5.4 severance escape; watch transport_lease_overlong / transport_parked_commits
[2026-08-30T11:06:53Z ERROR fuse3::raw::connection::fuse_over_uring] transport payload lease held 1109 ms (≥ 1 s) — overlong handler invocation or a §5.4 severance escape; watch transport_lease_overlong / transport_parked_commits
[2026-08-30T11:06:53Z ERROR fuse3::raw::connection::fuse_over_uring] transport payload lease held 1109 ms (≥ 1 s) — overlong handler invocation or a §5.4 severance escape; watch transport_lease_overlong / transport_parked_commits
[2026-08-30T11:06:53Z ERROR fuse3::raw::connection::fuse_over_uring] transport payload lease held 1112 ms (≥ 1 s) — overlong handler invocation or a §5.4 severance escape; watch transport_lease_overlong / transport_parked_commits
[2026-08-30T11:06:53Z ERROR fuse3::raw::connection::fuse_over_uring] transport payload lease held 1112 ms (≥ 1 s) — overlong handler invocation or a §5.4 severance escape; watch transport_lease_overlong / transport_parked_commits
[2026-08-30T11:06:53Z ERROR fuse3::raw::connection::fuse_over_uring] transport payload lease held 1112 ms (≥ 1 s) — overlong handler invocation or a §5.4 severance escape; watch transport_lease_overlong / transport_parked_commits
[2026-08-30T11:06:53Z ERROR fuse3::raw::connection::fuse_over_uring] transport payload lease held 1112 ms (≥ 1 s) — overlong handler invocation or a §5.4 severance escape; watch transport_lease_overlong / transport_parked_commits
[2026-08-30T11:06:53Z ERROR fuse3::raw::connection::fuse_over_uring] transport payload lease held 1131 ms (≥ 1 s) — overlong handler invocation or a §5.4 severance escape; watch transport_lease_overlong / transport_parked_commits
[2026-08-30T11:06:53Z ERROR fuse3::raw::connection::fuse_over_uring] transport payload lease held 1131 ms (≥ 1 s) — overlong handler invocation or a §5.4 severance escape; watch transport_lease_overlong / transport_parked_commits
[2026-08-30T11:06:53Z ERROR fuse3::raw::connection::fuse_over_uring] transport payload lease held 1131 ms (≥ 1 s) — overlong handler invocation or a §5.4 severance escape; watch transport_lease_overlong / transport_parked_commits
[2026-08-30T11:06:53Z ERROR fuse3::raw::connection::fuse_over_uring] transport payload lease held 1131 ms (≥ 1 s) — overlong handler invocation or a §5.4 severance escape; watch transport_lease_overlong / transport_parked_commits
[2026-08-30T11:06:53Z ERROR fuse3::raw::connection::fuse_over_uring] transport payload lease held 1108 ms (≥ 1 s) — overlong handler invocation or a §5.4 severance escape; watch transport_lease_overlong / transport_parked_commits
[2026-08-30T11:06:53Z ERROR fuse3::raw::connection::fuse_over_uring] transport payload lease held 1105 ms (≥ 1 s) — overlong handler invocation or a §5.4 severance escape; watch transport_lease_overlong / transport_parked_commits
[2026-08-30T11:06:53Z ERROR fuse3::raw::connection::fuse_over_uring] transport payload lease held 1105 ms (≥ 1 s) — overlong handler invocation or a §5.4 severance escape; watch transport_lease_overlong / transport_parked_commits
[2026-08-30T11:06:53Z ERROR fuse3::raw::connection::fuse_over_uring] transport payload lease held 1104 ms (≥ 1 s) — overlong handler invocation or a §5.4 severance escape; watch transport_lease_overlong / transport_parked_commits
[2026-08-30T11:06:53Z ERROR fuse3::raw::connection::fuse_over_uring] transport payload lease held 1074 ms (≥ 1 s) — overlong handler invocation or a §5.4 severance escape; watch transport_lease_overlong / transport_parked_commits
[2026-08-30T11:06:53Z ERROR fuse3::raw::connection::fuse_over_uring] transport payload lease held 1074 ms (≥ 1 s) — overlong handler invocation or a §5.4 severance escape; watch transport_lease_overlong / transport_parked_commits
[2026-08-30T11:06:53Z ERROR fuse3::raw::connection::fuse_over_uring] transport payload lease held 1079 ms (≥ 1 s) — overlong handler invocation or a §5.4 severance escape; watch transport_lease_overlong / transport_parked_commits
[2026-08-30T11:06:53Z ERROR fuse3::raw::connection::fuse_over_uring] transport payload lease held 1079 ms (≥ 1 s) — overlong handler invocation or a §5.4 severance escape; watch transport_lease_overlong / transport_parked_commits
[2026-08-30T11:06:53Z ERROR fuse3::raw::connection::fuse_over_uring] transport payload lease held 1059 ms (≥ 1 s) — overlong handler invocation or a §5.4 severance escape; watch transport_lease_overlong / transport_parked_commits
[2026-08-30T11:06:53Z ERROR fuse3::raw::connection::fuse_over_uring] transport payload lease held 1058 ms (≥ 1 s) — overlong handler invocation or a §5.4 severance escape; watch transport_lease_overlong / transport_parked_commits
[2026-08-30T11:06:53Z ERROR fuse3::raw::connection::fuse_over_uring] transport payload lease held 1055 ms (≥ 1 s) — overlong handler invocation or a §5.4 severance escape; watch transport_lease_overlong / transport_parked_commits
[2026-08-30T11:06:53Z ERROR fuse3::raw::connection::fuse_over_uring] transport payload lease held 1053 ms (≥ 1 s) — overlong handler invocation or a §5.4 severance escape; watch transport_lease_overlong / transport_parked_commits
[2026-08-30T11:06:53Z ERROR fuse3::raw::connection::fuse_over_uring] transport payload lease held 1019 ms (≥ 1 s) — overlong handler invocation or a §5.4 severance escape; watch transport_lease_overlong / transport_parked_commits
[2026-08-30T11:06:53Z ERROR fuse3::raw::connection::fuse_over_uring] transport payload lease held 1016 ms (≥ 1 s) — overlong handler invocation or a §5.4 severance escape; watch transport_lease_overlong / transport_parked_commits
[2026-08-30T11:06:53Z ERROR fuse3::raw::connection::fuse_over_uring] transport payload lease held 1016 ms (≥ 1 s) — overlong handler invocation or a §5.4 severance escape; watch transport_lease_overlong / transport_parked_commits
[2026-08-30T11:06:53Z ERROR fuse3::raw::connection::fuse_over_uring] transport payload lease held 1013 ms (≥ 1 s) — overlong handler invocation or a §5.4 severance escape; watch transport_lease_overlong / transport_parked_commits
[2026-08-30T11:07:06Z ERROR fuse3::raw::connection::fuse_over_uring] transport payload lease held 1007 ms (≥ 1 s) — overlong handler invocation or a §5.4 severance escape; watch transport_lease_overlong / transport_parked_commits
[2026-08-30T11:07:07Z ERROR fuse3::raw::connection::fuse_over_uring] transport payload lease held 1011 ms (≥ 1 s) — overlong handler invocation or a §5.4 severance escape; watch transport_lease_overlong / transport_parked_commits
[2026-08-30T11:07:07Z ERROR fuse3::raw::connection::fuse_over_uring] transport payload lease held 1002 ms (≥ 1 s) — overlong handler invocation or a §5.4 severance escape; watch transport_lease_overlong / transport_parked_commits
[2026-08-30T11:07:08Z ERROR fuse3::raw::connection::fuse_over_uring] transport payload lease held 1268 ms (≥ 1 s) — overlong handler invocation or a §5.4 severance escape; watch transport_lease_overlong / transport_parked_commits
[2026-08-30T11:07:08Z ERROR fuse3::raw::connection::fuse_over_uring] transport payload lease held 1199 ms (≥ 1 s) — overlong handler invocation or a §5.4 severance escape; watch transport_lease_overlong / transport_parked_commits
[2026-08-30T11:07:08Z ERROR fuse3::raw::connection::fuse_over_uring] transport payload lease held 1199 ms (≥ 1 s) — overlong handler invocation or a §5.4 severance escape; watch transport_lease_overlong / transport_parked_commits
[2026-08-30T11:07:08Z ERROR fuse3::raw::connection::fuse_over_uring] transport payload lease held 1199 ms (≥ 1 s) — overlong handler invocation or a §5.4 severance escape; watch transport_lease_overlong / transport_parked_commits
[2026-08-30T11:07:08Z ERROR fuse3::raw::connection::fuse_over_uring] transport payload lease held 1089 ms (≥ 1 s) — overlong handler invocation or a §5.4 severance escape; watch transport_lease_overlong / transport_parked_commits
[2026-08-30T11:07:08Z ERROR fuse3::raw::connection::fuse_over_uring] transport payload lease held 1101 ms (≥ 1 s) — overlong handler invocation or a §5.4 severance escape; watch transport_lease_overlong / transport_parked_commits
[2026-08-30T11:07:08Z ERROR fuse3::raw::connection::fuse_over_uring] transport payload lease held 1101 ms (≥ 1 s) — overlong handler invocation or a §5.4 severance escape; watch transport_lease_overlong / transport_parked_commits
[2026-08-30T11:07:08Z ERROR fuse3::raw::connection::fuse_over_uring] transport payload lease held 1102 ms (≥ 1 s) — overlong handler invocation or a §5.4 severance escape; watch transport_lease_overlong / transport_parked_commits
[2026-08-30T11:07:08Z ERROR fuse3::raw::connection::fuse_over_uring] transport payload lease held 1121 ms (≥ 1 s) — overlong handler invocation or a §5.4 severance escape; watch transport_lease_overlong / transport_parked_commits
[2026-08-30T11:07:08Z ERROR fuse3::raw::connection::fuse_over_uring] transport payload lease held 1121 ms (≥ 1 s) — overlong handler invocation or a §5.4 severance escape; watch transport_lease_overlong / transport_parked_commits
[2026-08-30T11:07:08Z ERROR fuse3::raw::connection::fuse_over_uring] transport payload lease held 1121 ms (≥ 1 s) — overlong handler invocation or a §5.4 severance escape; watch transport_lease_overlong / transport_parked_commits
[2026-08-30T11:07:08Z ERROR fuse3::raw::connection::fuse_over_uring] transport payload lease held 1121 ms (≥ 1 s) — overlong handler invocation or a §5.4 severance escape; watch transport_lease_overlong / transport_parked_commits
[2026-08-30T11:07:08Z ERROR fuse3::raw::connection::fuse_over_uring] transport payload lease held 1102 ms (≥ 1 s) — overlong handler invocation or a §5.4 severance escape; watch transport_lease_overlong / transport_parked_commits
[2026-08-30T11:07:08Z ERROR fuse3::raw::connection::fuse_over_uring] transport payload lease held 1111 ms (≥ 1 s) — overlong handler invocation or a §5.4 severance escape; watch transport_lease_overlong / transport_parked_commits
[2026-08-30T11:07:08Z ERROR fuse3::raw::connection::fuse_over_uring] transport payload lease held 1123 ms (≥ 1 s) — overlong handler invocation or a §5.4 severance escape; watch transport_lease_overlong / transport_parked_commits
[2026-08-30T11:07:08Z ERROR fuse3::raw::connection::fuse_over_uring] transport payload lease held 1123 ms (≥ 1 s) — overlong handler invocation or a §5.4 severance escape; watch transport_lease_overlong / transport_parked_commits
[2026-08-30T11:07:31Z ERROR fuse3::raw::connection::fuse_over_uring] transport payload lease held 1079 ms (≥ 1 s) — overlong handler invocation or a §5.4 severance escape; watch transport_lease_overlong / transport_parked_commits
[2026-08-30T11:07:31Z ERROR fuse3::raw::connection::fuse_over_uring] transport payload lease held 1059 ms (≥ 1 s) — overlong handler invocation or a §5.4 severance escape; watch transport_lease_overlong / transport_parked_commits
[2026-08-30T11:07:31Z ERROR fuse3::raw::connection::fuse_over_uring] transport payload lease held 1068 ms (≥ 1 s) — overlong handler invocation or a §5.4 severance escape; watch transport_lease_overlong / transport_parked_commits
[2026-08-30T11:07:31Z ERROR fuse3::raw::connection::fuse_over_uring] transport payload lease held 1049 ms (≥ 1 s) — overlong handler invocation or a §5.4 severance escape; watch transport_lease_overlong / transport_parked_commits
[2026-08-30T11:07:45Z ERROR fuse3::raw::connection::fuse_over_uring] transport payload lease held 1578 ms (≥ 1 s) — overlong handler invocation or a §5.4 severance escape; watch transport_lease_overlong / transport_parked_commits
[2026-08-30T11:07:45Z ERROR fuse3::raw::connection::fuse_over_uring] transport payload lease held 1577 ms (≥ 1 s) — overlong handler invocation or a §5.4 severance escape; watch transport_lease_overlong / transport_parked_commits
[2026-08-30T11:07:45Z ERROR fuse3::raw::connection::fuse_over_uring] transport payload lease held 1577 ms (≥ 1 s) — overlong handler invocation or a §5.4 severance escape; watch transport_lease_overlong / transport_parked_commits
[2026-08-30T11:07:45Z ERROR fuse3::raw::connection::fuse_over_uring] transport payload lease held 1577 ms (≥ 1 s) — overlong handler invocation or a §5.4 severance escape; watch transport_lease_overlong / transport_parked_commits
[2026-08-30T11:07:45Z ERROR fuse3::raw::connection::fuse_over_uring] transport payload lease held 1587 ms (≥ 1 s) — overlong handler invocation or a §5.4 severance escape; watch transport_lease_overlong / transport_parked_commits
[2026-08-30T11:07:45Z ERROR fuse3::raw::connection::fuse_over_uring] transport payload lease held 1565 ms (≥ 1 s) — overlong handler invocation or a §5.4 severance escape; watch transport_lease_overlong / transport_parked_commits
[2026-08-30T11:07:45Z ERROR fuse3::raw::connection::fuse_over_uring] transport payload lease held 1565 ms (≥ 1 s) — overlong handler invocation or a §5.4 severance escape; watch transport_lease_overlong / transport_parked_commits
[2026-08-30T11:07:45Z ERROR fuse3::raw::connection::fuse_over_uring] transport payload lease held 1565 ms (≥ 1 s) — overlong handler invocation or a §5.4 severance escape; watch transport_lease_overlong / transport_parked_commits
[2026-08-30T11:07:45Z ERROR fuse3::raw::connection::fuse_over_uring] transport payload lease held 1572 ms (≥ 1 s) — overlong handler invocation or a §5.4 severance escape; watch transport_lease_overlong / transport_parked_commits
[2026-08-30T11:07:45Z ERROR fuse3::raw::connection::fuse_over_uring] transport payload lease held 1568 ms (≥ 1 s) — overlong handler invocation or a §5.4 severance escape; watch transport_lease_overlong / transport_parked_commits
[2026-08-30T11:07:45Z ERROR fuse3::raw::connection::fuse_over_uring] transport payload lease held 1564 ms (≥ 1 s) — overlong handler invocation or a §5.4 severance escape; watch transport_lease_overlong / transport_parked_commits
[2026-08-30T11:07:45Z ERROR fuse3::raw::connection::fuse_over_uring] transport payload lease held 1545 ms (≥ 1 s) — overlong handler invocation or a §5.4 severance escape; watch transport_lease_overlong / transport_parked_commits
[2026-08-30T11:07:45Z ERROR fuse3::raw::connection::fuse_over_uring] transport payload lease held 1507 ms (≥ 1 s) — overlong handler invocation or a §5.4 severance escape; watch transport_lease_overlong / transport_parked_commits
[2026-08-30T11:07:45Z ERROR fuse3::raw::connection::fuse_over_uring] transport payload lease held 1501 ms (≥ 1 s) — overlong handler invocation or a §5.4 severance escape; watch transport_lease_overlong / transport_parked_commits
[2026-08-30T11:07:45Z ERROR fuse3::raw::connection::fuse_over_uring] transport payload lease held 1517 ms (≥ 1 s) — overlong handler invocation or a §5.4 severance escape; watch transport_lease_overlong / transport_parked_commits
[2026-08-30T11:07:45Z ERROR fuse3::raw::connection::fuse_over_uring] transport payload lease held 1508 ms (≥ 1 s) — overlong handler invocation or a §5.4 severance escape; watch transport_lease_overlong / transport_parked_commits
[2026-08-30T11:07:45Z ERROR fuse3::raw::connection::fuse_over_uring] transport payload lease held 1421 ms (≥ 1 s) — overlong handler invocation or a §5.4 severance escape; watch transport_lease_overlong / transport_parked_commits
[2026-08-30T11:07:45Z ERROR fuse3::raw::connection::fuse_over_uring] transport payload lease held 1418 ms (≥ 1 s) — overlong handler invocation or a §5.4 severance escape; watch transport_lease_overlong / transport_parked_commits
[2026-08-30T11:07:45Z ERROR fuse3::raw::connection::fuse_over_uring] transport payload lease held 1375 ms (≥ 1 s) — overlong handler invocation or a §5.4 severance escape; watch transport_lease_overlong / transport_parked_commits
[2026-08-30T11:07:45Z ERROR fuse3::raw::connection::fuse_over_uring] transport payload lease held 1375 ms (≥ 1 s) — overlong handler invocation or a §5.4 severance escape; watch transport_lease_overlong / transport_parked_commits
[2026-08-30T11:07:45Z ERROR fuse3::raw::connection::fuse_over_uring] transport payload lease held 1350 ms (≥ 1 s) — overlong handler invocation or a §5.4 severance escape; watch transport_lease_overlong / transport_parked_commits
[2026-08-30T11:07:45Z ERROR fuse3::raw::connection::fuse_over_uring] transport payload lease held 1343 ms (≥ 1 s) — overlong handler invocation or a §5.4 severance escape; watch transport_lease_overlong / transport_parked_commits
[2026-08-30T11:07:45Z ERROR fuse3::raw::connection::fuse_over_uring] transport payload lease held 1341 ms (≥ 1 s) — overlong handler invocation or a §5.4 severance escape; watch transport_lease_overlong / transport_parked_commits
[2026-08-30T11:07:45Z ERROR fuse3::raw::connection::fuse_over_uring] transport payload lease held 1341 ms (≥ 1 s) — overlong handler invocation or a §5.4 severance escape; watch transport_lease_overlong / transport_parked_commits
[2026-08-30T11:07:45Z ERROR fuse3::raw::connection::fuse_over_uring] transport payload lease held 1270 ms (≥ 1 s) — overlong handler invocation or a §5.4 severance escape; watch transport_lease_overlong / transport_parked_commits
[2026-08-30T11:07:46Z ERROR fuse3::raw::connection::fuse_over_uring] transport payload lease held 1278 ms (≥ 1 s) — overlong handler invocation or a §5.4 severance escape; watch transport_lease_overlong / transport_parked_commits
[2026-08-30T11:07:46Z ERROR fuse3::raw::connection::fuse_over_uring] transport payload lease held 2056 ms (≥ 1 s) — overlong handler invocation or a §5.4 severance escape; watch transport_lease_overlong / transport_parked_commits
[2026-08-30T11:07:46Z ERROR fuse3::raw::connection::fuse_over_uring] transport payload lease held 2056 ms (≥ 1 s) — overlong handler invocation or a §5.4 severance escape; watch transport_lease_overlong / transport_parked_commits
[2026-08-30T11:07:46Z ERROR fuse3::raw::connection::fuse_over_uring] transport payload lease held 2048 ms (≥ 1 s) — overlong handler invocation or a §5.4 severance escape; watch transport_lease_overlong / transport_parked_commits
[2026-08-30T11:07:46Z ERROR fuse3::raw::connection::fuse_over_uring] transport payload lease held 2024 ms (≥ 1 s) — overlong handler invocation or a §5.4 severance escape; watch transport_lease_overlong / transport_parked_commits
[2026-08-30T11:07:46Z ERROR fuse3::raw::connection::fuse_over_uring] transport payload lease held 2024 ms (≥ 1 s) — overlong handler invocation or a §5.4 severance escape; watch transport_lease_overlong / transport_parked_commits
[2026-08-30T11:07:46Z ERROR fuse3::raw::connection::fuse_over_uring] transport payload lease held 2024 ms (≥ 1 s) — overlong handler invocation or a §5.4 severance escape; watch transport_lease_overlong / transport_parked_commits
[2026-08-30T11:07:46Z ERROR fuse3::raw::connection::fuse_over_uring] transport payload lease held 1146 ms (≥ 1 s) — overlong handler invocation or a §5.4 severance escape; watch transport_lease_overlong / transport_parked_commits
[2026-08-30T11:07:46Z ERROR fuse3::raw::connection::fuse_over_uring] transport payload lease held 1139 ms (≥ 1 s) — overlong handler invocation or a §5.4 severance escape; watch transport_lease_overlong / transport_parked_commits
[2026-08-30T11:07:46Z ERROR fuse3::raw::connection::fuse_over_uring] transport payload lease held 1129 ms (≥ 1 s) — overlong handler invocation or a §5.4 severance escape; watch transport_lease_overlong / transport_parked_commits
[2026-08-30T11:07:46Z ERROR fuse3::raw::connection::fuse_over_uring] transport payload lease held 1120 ms (≥ 1 s) — overlong handler invocation or a §5.4 severance escape; watch transport_lease_overlong / transport_parked_commits
[2026-08-30T11:07:46Z ERROR fuse3::raw::connection::fuse_over_uring] transport payload lease held 1097 ms (≥ 1 s) — overlong handler invocation or a §5.4 severance escape; watch transport_lease_overlong / transport_parked_commits
[2026-08-30T11:07:46Z ERROR fuse3::raw::connection::fuse_over_uring] transport payload lease held 1088 ms (≥ 1 s) — overlong handler invocation or a §5.4 severance escape; watch transport_lease_overlong / transport_parked_commits
[2026-08-30T11:07:46Z ERROR fuse3::raw::connection::fuse_over_uring] transport payload lease held 1080 ms (≥ 1 s) — overlong handler invocation or a §5.4 severance escape; watch transport_lease_overlong / transport_parked_commits
[2026-08-30T11:07:46Z ERROR fuse3::raw::connection::fuse_over_uring] transport payload lease held 1106 ms (≥ 1 s) — overlong handler invocation or a §5.4 severance escape; watch transport_lease_overlong / transport_parked_commits
[2026-08-30T11:07:46Z ERROR fuse3::raw::connection::fuse_over_uring] transport payload lease held 1029 ms (≥ 1 s) — overlong handler invocation or a §5.4 severance escape; watch transport_lease_overlong / transport_parked_commits
[2026-08-30T11:07:46Z ERROR fuse3::raw::connection::fuse_over_uring] transport payload lease held 1037 ms (≥ 1 s) — overlong handler invocation or a §5.4 severance escape; watch transport_lease_overlong / transport_parked_commits
[2026-08-30T11:07:46Z ERROR fuse3::raw::connection::fuse_over_uring] transport payload lease held 1037 ms (≥ 1 s) — overlong handler invocation or a §5.4 severance escape; watch transport_lease_overlong / transport_parked_commits
[2026-08-30T11:07:46Z ERROR fuse3::raw::connection::fuse_over_uring] transport payload lease held 1025 ms (≥ 1 s) — overlong handler invocation or a §5.4 severance escape; watch transport_lease_overlong / transport_parked_commits
[2026-08-30T11:07:46Z ERROR fuse3::raw::connection::fuse_over_uring] transport payload lease held 1020 ms (≥ 1 s) — overlong handler invocation or a §5.4 severance escape; watch transport_lease_overlong / transport_parked_commits
[2026-08-30T11:07:46Z ERROR fuse3::raw::connection::fuse_over_uring] transport payload lease held 1020 ms (≥ 1 s) — overlong handler invocation or a §5.4 severance escape; watch transport_lease_overlong / transport_parked_commits
[2026-08-30T11:07:46Z ERROR fuse3::raw::connection::fuse_over_uring] transport payload lease held 1019 ms (≥ 1 s) — overlong handler invocation or a §5.4 severance escape; watch transport_lease_overlong / transport_parked_commits
[2026-08-30T11:07:46Z ERROR fuse3::raw::connection::fuse_over_uring] transport payload lease held 1018 ms (≥ 1 s) — overlong handler invocation or a §5.4 severance escape; watch transport_lease_overlong / transport_parked_commits
[2026-08-30T11:07:47Z ERROR fuse3::raw::connection::fuse_over_uring] transport payload lease held 1053 ms (≥ 1 s) — overlong handler invocation or a §5.4 severance escape; watch transport_lease_overlong / transport_parked_commits
[2026-08-30T11:07:47Z ERROR fuse3::raw::connection::fuse_over_uring] transport payload lease held 1050 ms (≥ 1 s) — overlong handler invocation or a §5.4 severance escape; watch transport_lease_overlong / transport_parked_commits
[2026-08-30T11:07:47Z ERROR fuse3::raw::connection::fuse_over_uring] transport payload lease held 1051 ms (≥ 1 s) — overlong handler invocation or a §5.4 severance escape; watch transport_lease_overlong / transport_parked_commits
[2026-08-30T11:07:47Z ERROR fuse3::raw::connection::fuse_over_uring] transport payload lease held 1021 ms (≥ 1 s) — overlong handler invocation or a §5.4 severance escape; watch transport_lease_overlong / transport_parked_commits
[2026-08-30T11:07:47Z ERROR fuse3::raw::connection::fuse_over_uring] transport payload lease held 1018 ms (≥ 1 s) — overlong handler invocation or a §5.4 severance escape; watch transport_lease_overlong / transport_parked_commits
[2026-08-30T11:07:51Z ERROR fuse3::raw::connection::fuse_over_uring] transport payload lease held 1015 ms (≥ 1 s) — overlong handler invocation or a §5.4 severance escape; watch transport_lease_overlong / transport_parked_commits
[2026-08-30T11:07:51Z ERROR fuse3::raw::connection::fuse_over_uring] transport payload lease held 1015 ms (≥ 1 s) — overlong handler invocation or a §5.4 severance escape; watch transport_lease_overlong / transport_parked_commits
[2026-08-30T11:07:51Z ERROR fuse3::raw::connection::fuse_over_uring] transport payload lease held 1015 ms (≥ 1 s) — overlong handler invocation or a §5.4 severance escape; watch transport_lease_overlong / transport_parked_commits
[2026-08-30T11:07:51Z ERROR fuse3::raw::connection::fuse_over_uring] transport payload lease held 1153 ms (≥ 1 s) — overlong handler invocation or a §5.4 severance escape; watch transport_lease_overlong / transport_parked_commits
[2026-08-30T11:07:51Z ERROR fuse3::raw::connection::fuse_over_uring] transport payload lease held 1153 ms (≥ 1 s) — overlong handler invocation or a §5.4 severance escape; watch transport_lease_overlong / transport_parked_commits
[2026-08-30T11:07:51Z ERROR fuse3::raw::connection::fuse_over_uring] transport payload lease held 1153 ms (≥ 1 s) — overlong handler invocation or a §5.4 severance escape; watch transport_lease_overlong / transport_parked_commits
[2026-08-30T11:07:51Z ERROR fuse3::raw::connection::fuse_over_uring] transport payload lease held 1153 ms (≥ 1 s) — overlong handler invocation or a §5.4 severance escape; watch transport_lease_overlong / transport_parked_commits
[2026-08-30T11:07:52Z WARN  squeezefs::block_allocator] co-writer: abandoning never-published block offset(s) leak-safe (volume 'nvme5n1', first offset 82887835648): the publish that would have named them failed or refused, and a co-writer may not mutate ownership accounting — the next derivation (mount recovery / fsck C6) returns them to the free supply (cowriter_unpublished_abandons; further offsets at debug level)
[2026-08-30T11:07:52Z ERROR fuse3::raw::connection::fuse_over_uring] transport payload lease held 1440 ms (≥ 1 s) — overlong handler invocation or a §5.4 severance escape; watch transport_lease_overlong / transport_parked_commits
[2026-08-30T11:07:52Z ERROR fuse3::raw::connection::fuse_over_uring] transport payload lease held 1440 ms (≥ 1 s) — overlong handler invocation or a §5.4 severance escape; watch transport_lease_overlong / transport_parked_commits
[2026-08-30T11:07:52Z ERROR fuse3::raw::connection::fuse_over_uring] transport payload lease held 1440 ms (≥ 1 s) — overlong handler invocation or a §5.4 severance escape; watch transport_lease_overlong / transport_parked_commits
[2026-08-30T11:07:52Z ERROR fuse3::raw::connection::fuse_over_uring] transport payload lease held 1440 ms (≥ 1 s) — overlong handler invocation or a §5.4 severance escape; watch transport_lease_overlong / transport_parked_commits
[2026-08-30T11:07:55Z ERROR fuse3::raw::connection::fuse_over_uring] transport payload lease held 1028 ms (≥ 1 s) — overlong handler invocation or a §5.4 severance escape; watch transport_lease_overlong / transport_parked_commits
[2026-08-30T11:07:55Z ERROR fuse3::raw::connection::fuse_over_uring] transport payload lease held 1027 ms (≥ 1 s) — overlong handler invocation or a §5.4 severance escape; watch transport_lease_overlong / transport_parked_commits
[2026-08-30T11:07:55Z ERROR fuse3::raw::connection::fuse_over_uring] transport payload lease held 1027 ms (≥ 1 s) — overlong handler invocation or a §5.4 severance escape; watch transport_lease_overlong / transport_parked_commits
[2026-08-30T11:07:55Z ERROR fuse3::raw::connection::fuse_over_uring] transport payload lease held 1028 ms (≥ 1 s) — overlong handler invocation or a §5.4 severance escape; watch transport_lease_overlong / transport_parked_commits
[2026-08-30T11:07:55Z ERROR fuse3::raw::connection::fuse_over_uring] transport payload lease held 1025 ms (≥ 1 s) — overlong handler invocation or a §5.4 severance escape; watch transport_lease_overlong / transport_parked_commits
[2026-08-30T11:07:55Z ERROR fuse3::raw::connection::fuse_over_uring] transport payload lease held 1005 ms (≥ 1 s) — overlong handler invocation or a §5.4 severance escape; watch transport_lease_overlong / transport_parked_commits
[2026-08-30T11:07:55Z ERROR fuse3::raw::connection::fuse_over_uring] transport payload lease held 1025 ms (≥ 1 s) — overlong handler invocation or a §5.4 severance escape; watch transport_lease_overlong / transport_parked_commits
[2026-08-30T11:07:55Z ERROR fuse3::raw::connection::fuse_over_uring] transport payload lease held 1005 ms (≥ 1 s) — overlong handler invocation or a §5.4 severance escape; watch transport_lease_overlong / transport_parked_commits
[2026-08-30T11:07:56Z ERROR fuse3::raw::connection::fuse_over_uring] transport payload lease held 1162 ms (≥ 1 s) — overlong handler invocation or a §5.4 severance escape; watch transport_lease_overlong / transport_parked_commits
[2026-08-30T11:07:56Z ERROR fuse3::raw::connection::fuse_over_uring] transport payload lease held 1155 ms (≥ 1 s) — overlong handler invocation or a §5.4 severance escape; watch transport_lease_overlong / transport_parked_commits
[2026-08-30T11:07:56Z ERROR fuse3::raw::connection::fuse_over_uring] transport payload lease held 1147 ms (≥ 1 s) — overlong handler invocation or a §5.4 severance escape; watch transport_lease_overlong / transport_parked_commits
[2026-08-30T11:07:56Z ERROR fuse3::raw::connection::fuse_over_uring] transport payload lease held 1130 ms (≥ 1 s) — overlong handler invocation or a §5.4 severance escape; watch transport_lease_overlong / transport_parked_commits
[2026-08-30T11:07:57Z ERROR fuse3::raw::connection::fuse_over_uring] transport payload lease held 1166 ms (≥ 1 s) — overlong handler invocation or a §5.4 severance escape; watch transport_lease_overlong / transport_parked_commits
[2026-08-30T11:07:57Z ERROR fuse3::raw::connection::fuse_over_uring] transport payload lease held 1125 ms (≥ 1 s) — overlong handler invocation or a §5.4 severance escape; watch transport_lease_overlong / transport_parked_commits
[2026-08-30T11:07:57Z ERROR fuse3::raw::connection::fuse_over_uring] transport payload lease held 1310 ms (≥ 1 s) — overlong handler invocation or a §5.4 severance escape; watch transport_lease_overlong / transport_parked_commits
[2026-08-30T11:07:57Z ERROR fuse3::raw::connection::fuse_over_uring] transport payload lease held 1272 ms (≥ 1 s) — overlong handler invocation or a §5.4 severance escape; watch transport_lease_overlong / transport_parked_commits
[2026-08-30T11:07:57Z ERROR fuse3::raw::connection::fuse_over_uring] transport payload lease held 1050 ms (≥ 1 s) — overlong handler invocation or a §5.4 severance escape; watch transport_lease_overlong / transport_parked_commits
[2026-08-30T11:07:57Z ERROR fuse3::raw::connection::fuse_over_uring] transport payload lease held 1044 ms (≥ 1 s) — overlong handler invocation or a §5.4 severance escape; watch transport_lease_overlong / transport_parked_commits
[2026-08-30T11:07:57Z ERROR fuse3::raw::connection::fuse_over_uring] transport payload lease held 1105 ms (≥ 1 s) — overlong handler invocation or a §5.4 severance escape; watch transport_lease_overlong / transport_parked_commits
[2026-08-30T11:07:57Z ERROR fuse3::raw::connection::fuse_over_uring] transport payload lease held 1154 ms (≥ 1 s) — overlong handler invocation or a §5.4 severance escape; watch transport_lease_overlong / transport_parked_commits
[2026-08-30T11:07:57Z ERROR fuse3::raw::connection::fuse_over_uring] transport payload lease held 1497 ms (≥ 1 s) — overlong handler invocation or a §5.4 severance escape; watch transport_lease_overlong / transport_parked_commits
[2026-08-30T11:07:57Z ERROR fuse3::raw::connection::fuse_over_uring] transport payload lease held 1497 ms (≥ 1 s) — overlong handler invocation or a §5.4 severance escape; watch transport_lease_overlong / transport_parked_commits
[2026-08-30T11:07:57Z ERROR fuse3::raw::connection::fuse_over_uring] transport payload lease held 1497 ms (≥ 1 s) — overlong handler invocation or a §5.4 severance escape; watch transport_lease_overlong / transport_parked_commits
[2026-08-30T11:07:57Z ERROR fuse3::raw::connection::fuse_over_uring] transport payload lease held 1540 ms (≥ 1 s) — overlong handler invocation or a §5.4 severance escape; watch transport_lease_overlong / transport_parked_commits
[2026-08-30T11:07:57Z ERROR fuse3::raw::connection::fuse_over_uring] transport payload lease held 1757 ms (≥ 1 s) — overlong handler invocation or a §5.4 severance escape; watch transport_lease_overlong / transport_parked_commits
[2026-08-30T11:07:57Z ERROR fuse3::raw::connection::fuse_over_uring] transport payload lease held 1755 ms (≥ 1 s) — overlong handler invocation or a §5.4 severance escape; watch transport_lease_overlong / transport_parked_commits
[2026-08-30T11:07:57Z ERROR fuse3::raw::connection::fuse_over_uring] transport payload lease held 1236 ms (≥ 1 s) — overlong handler invocation or a §5.4 severance escape; watch transport_lease_overlong / transport_parked_commits
[2026-08-30T11:07:57Z ERROR fuse3::raw::connection::fuse_over_uring] transport payload lease held 1236 ms (≥ 1 s) — overlong handler invocation or a §5.4 severance escape; watch transport_lease_overlong / transport_parked_commits
[2026-08-30T11:07:57Z ERROR fuse3::raw::connection::fuse_over_uring] transport payload lease held 1236 ms (≥ 1 s) — overlong handler invocation or a §5.4 severance escape; watch transport_lease_overlong / transport_parked_commits
[2026-08-30T11:07:57Z ERROR fuse3::raw::connection::fuse_over_uring] transport payload lease held 1236 ms (≥ 1 s) — overlong handler invocation or a §5.4 severance escape; watch transport_lease_overlong / transport_parked_commits
[2026-08-30T11:07:57Z ERROR fuse3::raw::connection::fuse_over_uring] transport payload lease held 1228 ms (≥ 1 s) — overlong handler invocation or a §5.4 severance escape; watch transport_lease_overlong / transport_parked_commits
[2026-08-30T11:07:57Z ERROR fuse3::raw::connection::fuse_over_uring] transport payload lease held 1598 ms (≥ 1 s) — overlong handler invocation or a §5.4 severance escape; watch transport_lease_overlong / transport_parked_commits
[2026-08-30T11:07:57Z ERROR fuse3::raw::connection::fuse_over_uring] transport payload lease held 1583 ms (≥ 1 s) — overlong handler invocation or a §5.4 severance escape; watch transport_lease_overlong / transport_parked_commits
[2026-08-30T11:07:57Z ERROR fuse3::raw::connection::fuse_over_uring] transport payload lease held 1105 ms (≥ 1 s) — overlong handler invocation or a §5.4 severance escape; watch transport_lease_overlong / transport_parked_commits
[2026-08-30T11:07:57Z ERROR fuse3::raw::connection::fuse_over_uring] transport payload lease held 1649 ms (≥ 1 s) — overlong handler invocation or a §5.4 severance escape; watch transport_lease_overlong / transport_parked_commits
[2026-08-30T11:07:57Z ERROR fuse3::raw::connection::fuse_over_uring] transport payload lease held 1265 ms (≥ 1 s) — overlong handler invocation or a §5.4 severance escape; watch transport_lease_overlong / transport_parked_commits
[2026-08-30T11:07:57Z ERROR fuse3::raw::connection::fuse_over_uring] transport payload lease held 1118 ms (≥ 1 s) — overlong handler invocation or a §5.4 severance escape; watch transport_lease_overlong / transport_parked_commits
[2026-08-30T11:07:57Z ERROR fuse3::raw::connection::fuse_over_uring] transport payload lease held 1118 ms (≥ 1 s) — overlong handler invocation or a §5.4 severance escape; watch transport_lease_overlong / transport_parked_commits
[2026-08-30T11:07:57Z ERROR fuse3::raw::connection::fuse_over_uring] transport payload lease held 1118 ms (≥ 1 s) — overlong handler invocation or a §5.4 severance escape; watch transport_lease_overlong / transport_parked_commits
[2026-08-30T11:07:57Z ERROR fuse3::raw::connection::fuse_over_uring] transport payload lease held 1683 ms (≥ 1 s) — overlong handler invocation or a §5.4 severance escape; watch transport_lease_overlong / transport_parked_commits
[2026-08-30T11:07:57Z ERROR fuse3::raw::connection::fuse_over_uring] transport payload lease held 1004 ms (≥ 1 s) — overlong handler invocation or a §5.4 severance escape; watch transport_lease_overlong / transport_parked_commits
[2026-08-30T11:07:57Z ERROR fuse3::raw::connection::fuse_over_uring] transport payload lease held 1204 ms (≥ 1 s) — overlong handler invocation or a §5.4 severance escape; watch transport_lease_overlong / transport_parked_commits
[2026-08-30T11:07:57Z ERROR fuse3::raw::connection::fuse_over_uring] transport payload lease held 1257 ms (≥ 1 s) — overlong handler invocation or a §5.4 severance escape; watch transport_lease_overlong / transport_parked_commits
[2026-08-30T11:07:57Z ERROR fuse3::raw::connection::fuse_over_uring] transport payload lease held 1721 ms (≥ 1 s) — overlong handler invocation or a §5.4 severance escape; watch transport_lease_overlong / transport_parked_commits
[2026-08-30T11:07:57Z ERROR fuse3::raw::connection::fuse_over_uring] transport payload lease held 1025 ms (≥ 1 s) — overlong handler invocation or a §5.4 severance escape; watch transport_lease_overlong / transport_parked_commits
[2026-08-30T11:07:57Z ERROR fuse3::raw::connection::fuse_over_uring] transport payload lease held 1341 ms (≥ 1 s) — overlong handler invocation or a §5.4 severance escape; watch transport_lease_overlong / transport_parked_commits
[2026-08-30T11:07:57Z ERROR fuse3::raw::connection::fuse_over_uring] transport payload lease held 1313 ms (≥ 1 s) — overlong handler invocation or a §5.4 severance escape; watch transport_lease_overlong / transport_parked_commits
[2026-08-30T11:07:57Z ERROR fuse3::raw::connection::fuse_over_uring] transport payload lease held 1893 ms (≥ 1 s) — overlong handler invocation or a §5.4 severance escape; watch transport_lease_overlong / transport_parked_commits
[2026-08-30T11:07:57Z ERROR fuse3::raw::connection::fuse_over_uring] transport payload lease held 1163 ms (≥ 1 s) — overlong handler invocation or a §5.4 severance escape; watch transport_lease_overlong / transport_parked_commits
[2026-08-30T11:07:57Z ERROR fuse3::raw::connection::fuse_over_uring] transport payload lease held 1354 ms (≥ 1 s) — overlong handler invocation or a §5.4 severance escape; watch transport_lease_overlong / transport_parked_commits
[2026-08-30T11:07:57Z ERROR fuse3::raw::connection::fuse_over_uring] transport payload lease held 1394 ms (≥ 1 s) — overlong handler invocation or a §5.4 severance escape; watch transport_lease_overlong / transport_parked_commits
[2026-08-30T11:07:57Z ERROR fuse3::raw::connection::fuse_over_uring] transport payload lease held 1574 ms (≥ 1 s) — overlong handler invocation or a §5.4 severance escape; watch transport_lease_overlong / transport_parked_commits
[2026-08-30T11:07:57Z ERROR fuse3::raw::connection::fuse_over_uring] transport payload lease held 1195 ms (≥ 1 s) — overlong handler invocation or a §5.4 severance escape; watch transport_lease_overlong / transport_parked_commits
[2026-08-30T11:07:57Z ERROR fuse3::raw::connection::fuse_over_uring] transport payload lease held 1415 ms (≥ 1 s) — overlong handler invocation or a §5.4 severance escape; watch transport_lease_overlong / transport_parked_commits
[2026-08-30T11:07:57Z ERROR fuse3::raw::connection::fuse_over_uring] transport payload lease held 1349 ms (≥ 1 s) — overlong handler invocation or a §5.4 severance escape; watch transport_lease_overlong / transport_parked_commits
[2026-08-30T11:07:57Z ERROR fuse3::raw::connection::fuse_over_uring] transport payload lease held 1478 ms (≥ 1 s) — overlong handler invocation or a §5.4 severance escape; watch transport_lease_overlong / transport_parked_commits
[2026-08-30T11:07:57Z ERROR fuse3::raw::connection::fuse_over_uring] transport payload lease held 1041 ms (≥ 1 s) — overlong handler invocation or a §5.4 severance escape; watch transport_lease_overlong / transport_parked_commits
[2026-08-30T11:07:57Z ERROR fuse3::raw::connection::fuse_over_uring] transport payload lease held 1044 ms (≥ 1 s) — overlong handler invocation or a §5.4 severance escape; watch transport_lease_overlong / transport_parked_commits
[2026-08-30T11:07:57Z ERROR fuse3::raw::connection::fuse_over_uring] transport payload lease held 1178 ms (≥ 1 s) — overlong handler invocation or a §5.4 severance escape; watch transport_lease_overlong / transport_parked_commits
[2026-08-30T11:07:57Z ERROR fuse3::raw::connection::fuse_over_uring] transport payload lease held 1177 ms (≥ 1 s) — overlong handler invocation or a §5.4 severance escape; watch transport_lease_overlong / transport_parked_commits
[2026-08-30T11:07:57Z ERROR fuse3::raw::connection::fuse_over_uring] transport payload lease held 1156 ms (≥ 1 s) — overlong handler invocation or a §5.4 severance escape; watch transport_lease_overlong / transport_parked_commits
[2026-08-30T11:07:57Z ERROR fuse3::raw::connection::fuse_over_uring] transport payload lease held 1149 ms (≥ 1 s) — overlong handler invocation or a §5.4 severance escape; watch transport_lease_overlong / transport_parked_commits
[2026-08-30T11:07:57Z ERROR fuse3::raw::connection::fuse_over_uring] transport payload lease held 1604 ms (≥ 1 s) — overlong handler invocation or a §5.4 severance escape; watch transport_lease_overlong / transport_parked_commits
[2026-08-30T11:07:57Z ERROR fuse3::raw::connection::fuse_over_uring] transport payload lease held 1603 ms (≥ 1 s) — overlong handler invocation or a §5.4 severance escape; watch transport_lease_overlong / transport_parked_commits
[2026-08-30T11:07:57Z ERROR fuse3::raw::connection::fuse_over_uring] transport payload lease held 1603 ms (≥ 1 s) — overlong handler invocation or a §5.4 severance escape; watch transport_lease_overlong / transport_parked_commits
[2026-08-30T11:07:57Z ERROR fuse3::raw::connection::fuse_over_uring] transport payload lease held 1595 ms (≥ 1 s) — overlong handler invocation or a §5.4 severance escape; watch transport_lease_overlong / transport_parked_commits
[2026-08-30T11:07:57Z ERROR fuse3::raw::connection::fuse_over_uring] transport payload lease held 1536 ms (≥ 1 s) — overlong handler invocation or a §5.4 severance escape; watch transport_lease_overlong / transport_parked_commits
[2026-08-30T11:07:57Z ERROR fuse3::raw::connection::fuse_over_uring] transport payload lease held 1540 ms (≥ 1 s) — overlong handler invocation or a §5.4 severance escape; watch transport_lease_overlong / transport_parked_commits
[2026-08-30T11:07:57Z ERROR fuse3::raw::connection::fuse_over_uring] transport payload lease held 1549 ms (≥ 1 s) — overlong handler invocation or a §5.4 severance escape; watch transport_lease_overlong / transport_parked_commits
[2026-08-30T11:07:57Z ERROR fuse3::raw::connection::fuse_over_uring] transport payload lease held 1824 ms (≥ 1 s) — overlong handler invocation or a §5.4 severance escape; watch transport_lease_overlong / transport_parked_commits
[2026-08-30T11:07:57Z ERROR fuse3::raw::connection::fuse_over_uring] transport payload lease held 1824 ms (≥ 1 s) — overlong handler invocation or a §5.4 severance escape; watch transport_lease_overlong / transport_parked_commits
[2026-08-30T11:07:57Z ERROR fuse3::raw::connection::fuse_over_uring] transport payload lease held 1824 ms (≥ 1 s) — overlong handler invocation or a §5.4 severance escape; watch transport_lease_overlong / transport_parked_commits
[2026-08-30T11:07:57Z ERROR fuse3::raw::connection::fuse_over_uring] transport payload lease held 1824 ms (≥ 1 s) — overlong handler invocation or a §5.4 severance escape; watch transport_lease_overlong / transport_parked_commits
[2026-08-30T11:07:58Z ERROR fuse3::raw::connection::fuse_over_uring] transport payload lease held 2416 ms (≥ 1 s) — overlong handler invocation or a §5.4 severance escape; watch transport_lease_overlong / transport_parked_commits
[2026-08-30T11:07:58Z ERROR fuse3::raw::connection::fuse_over_uring] transport payload lease held 2365 ms (≥ 1 s) — overlong handler invocation or a §5.4 severance escape; watch transport_lease_overlong / transport_parked_commits
[2026-08-30T11:07:58Z ERROR fuse3::raw::connection::fuse_over_uring] transport payload lease held 2365 ms (≥ 1 s) — overlong handler invocation or a §5.4 severance escape; watch transport_lease_overlong / transport_parked_commits
[2026-08-30T11:07:58Z ERROR fuse3::raw::connection::fuse_over_uring] transport payload lease held 2365 ms (≥ 1 s) — overlong handler invocation or a §5.4 severance escape; watch transport_lease_overlong / transport_parked_commits
[2026-08-30T11:07:58Z ERROR fuse3::raw::connection::fuse_over_uring] transport payload lease held 1793 ms (≥ 1 s) — overlong handler invocation or a §5.4 severance escape; watch transport_lease_overlong / transport_parked_commits
[2026-08-30T11:07:58Z ERROR fuse3::raw::connection::fuse_over_uring] transport payload lease held 1793 ms (≥ 1 s) — overlong handler invocation or a §5.4 severance escape; watch transport_lease_overlong / transport_parked_commits
[2026-08-30T11:07:58Z ERROR fuse3::raw::connection::fuse_over_uring] transport payload lease held 1793 ms (≥ 1 s) — overlong handler invocation or a §5.4 severance escape; watch transport_lease_overlong / transport_parked_commits
[2026-08-30T11:07:58Z ERROR fuse3::raw::connection::fuse_over_uring] transport payload lease held 1793 ms (≥ 1 s) — overlong handler invocation or a §5.4 severance escape; watch transport_lease_overlong / transport_parked_commits
[2026-08-30T11:07:58Z ERROR fuse3::raw::connection::fuse_over_uring] transport payload lease held 1779 ms (≥ 1 s) — overlong handler invocation or a §5.4 severance escape; watch transport_lease_overlong / transport_parked_commits
[2026-08-30T11:07:58Z ERROR fuse3::raw::connection::fuse_over_uring] transport payload lease held 1170 ms (≥ 1 s) — overlong handler invocation or a §5.4 severance escape; watch transport_lease_overlong / transport_parked_commits
[2026-08-30T11:07:58Z ERROR fuse3::raw::connection::fuse_over_uring] transport payload lease held 1160 ms (≥ 1 s) — overlong handler invocation or a §5.4 severance escape; watch transport_lease_overlong / transport_parked_commits
[2026-08-30T11:07:58Z ERROR fuse3::raw::connection::fuse_over_uring] transport payload lease held 1799 ms (≥ 1 s) — overlong handler invocation or a §5.4 severance escape; watch transport_lease_overlong / transport_parked_commits
[2026-08-30T11:07:58Z ERROR fuse3::raw::connection::fuse_over_uring] transport payload lease held 1800 ms (≥ 1 s) — overlong handler invocation or a §5.4 severance escape; watch transport_lease_overlong / transport_parked_commits
[2026-08-30T11:07:58Z ERROR fuse3::raw::connection::fuse_over_uring] transport payload lease held 1801 ms (≥ 1 s) — overlong handler invocation or a §5.4 severance escape; watch transport_lease_overlong / transport_parked_commits
[2026-08-30T11:07:58Z ERROR fuse3::raw::connection::fuse_over_uring] transport payload lease held 1801 ms (≥ 1 s) — overlong handler invocation or a §5.4 severance escape; watch transport_lease_overlong / transport_parked_commits
[2026-08-30T11:07:58Z WARN  squeezefs::block_allocator] co-writer: abandoning never-published block offset(s) leak-safe (volume 'nvme6n1', first offset 88793415680): the publish that would have named them failed or refused, and a co-writer may not mutate ownership accounting — the next derivation (mount recovery / fsck C6) returns them to the free supply (cowriter_unpublished_abandons; further offsets at debug level)
[2026-08-30T11:08:01Z ERROR fuse3::raw::connection::fuse_over_uring] transport payload lease held 1014 ms (≥ 1 s) — overlong handler invocation or a §5.4 severance escape; watch transport_lease_overlong / transport_parked_commits
[2026-08-30T11:08:01Z ERROR fuse3::raw::connection::fuse_over_uring] transport payload lease held 1013 ms (≥ 1 s) — overlong handler invocation or a §5.4 severance escape; watch transport_lease_overlong / transport_parked_commits
[2026-08-30T11:08:01Z ERROR fuse3::raw::connection::fuse_over_uring] transport payload lease held 1084 ms (≥ 1 s) — overlong handler invocation or a §5.4 severance escape; watch transport_lease_overlong / transport_parked_commits
[2026-08-30T11:08:01Z ERROR fuse3::raw::connection::fuse_over_uring] transport payload lease held 1084 ms (≥ 1 s) — overlong handler invocation or a §5.4 severance escape; watch transport_lease_overlong / transport_parked_commits
[2026-08-30T11:08:01Z ERROR fuse3::raw::connection::fuse_over_uring] transport payload lease held 1084 ms (≥ 1 s) — overlong handler invocation or a §5.4 severance escape; watch transport_lease_overlong / transport_parked_commits
[2026-08-30T11:08:01Z ERROR fuse3::raw::connection::fuse_over_uring] transport payload lease held 1110 ms (≥ 1 s) — overlong handler invocation or a §5.4 severance escape; watch transport_lease_overlong / transport_parked_commits
[2026-08-30T11:08:01Z ERROR fuse3::raw::connection::fuse_over_uring] transport payload lease held 1330 ms (≥ 1 s) — overlong handler invocation or a §5.4 severance escape; watch transport_lease_overlong / transport_parked_commits
[2026-08-30T11:08:01Z ERROR fuse3::raw::connection::fuse_over_uring] transport payload lease held 1328 ms (≥ 1 s) — overlong handler invocation or a §5.4 severance escape; watch transport_lease_overlong / transport_parked_commits
[2026-08-30T11:08:01Z ERROR fuse3::raw::connection::fuse_over_uring] transport payload lease held 1325 ms (≥ 1 s) — overlong handler invocation or a §5.4 severance escape; watch transport_lease_overlong / transport_parked_commits
[2026-08-30T11:08:01Z ERROR fuse3::raw::connection::fuse_over_uring] transport payload lease held 1321 ms (≥ 1 s) — overlong handler invocation or a §5.4 severance escape; watch transport_lease_overlong / transport_parked_commits
[2026-08-30T11:08:02Z ERROR fuse3::raw::connection::fuse_over_uring] transport payload lease held 1533 ms (≥ 1 s) — overlong handler invocation or a §5.4 severance escape; watch transport_lease_overlong / transport_parked_commits
[2026-08-30T11:08:02Z ERROR fuse3::raw::connection::fuse_over_uring] transport payload lease held 1527 ms (≥ 1 s) — overlong handler invocation or a §5.4 severance escape; watch transport_lease_overlong / transport_parked_commits
[2026-08-30T11:08:02Z ERROR fuse3::raw::connection::fuse_over_uring] transport payload lease held 1527 ms (≥ 1 s) — overlong handler invocation or a §5.4 severance escape; watch transport_lease_overlong / transport_parked_commits
[2026-08-30T11:08:02Z ERROR fuse3::raw::connection::fuse_over_uring] transport payload lease held 1528 ms (≥ 1 s) — overlong handler invocation or a §5.4 severance escape; watch transport_lease_overlong / transport_parked_commits
[2026-08-30T11:08:02Z ERROR fuse3::raw::connection::fuse_over_uring] transport payload lease held 1779 ms (≥ 1 s) — overlong handler invocation or a §5.4 severance escape; watch transport_lease_overlong / transport_parked_commits
[2026-08-30T11:08:02Z ERROR fuse3::raw::connection::fuse_over_uring] transport payload lease held 1776 ms (≥ 1 s) — overlong handler invocation or a §5.4 severance escape; watch transport_lease_overlong / transport_parked_commits
[2026-08-30T11:08:02Z ERROR fuse3::raw::connection::fuse_over_uring] transport payload lease held 1771 ms (≥ 1 s) — overlong handler invocation or a §5.4 severance escape; watch transport_lease_overlong / transport_parked_commits
[2026-08-30T11:08:02Z ERROR fuse3::raw::connection::fuse_over_uring] transport payload lease held 1770 ms (≥ 1 s) — overlong handler invocation or a §5.4 severance escape; watch transport_lease_overlong / transport_parked_commits
[2026-08-30T11:08:02Z ERROR fuse3::raw::connection::fuse_over_uring] transport payload lease held 1600 ms (≥ 1 s) — overlong handler invocation or a §5.4 severance escape; watch transport_lease_overlong / transport_parked_commits
[2026-08-30T11:08:02Z ERROR fuse3::raw::connection::fuse_over_uring] transport payload lease held 1389 ms (≥ 1 s) — overlong handler invocation or a §5.4 severance escape; watch transport_lease_overlong / transport_parked_commits
[2026-08-30T11:08:02Z ERROR fuse3::raw::connection::fuse_over_uring] transport payload lease held 1389 ms (≥ 1 s) — overlong handler invocation or a §5.4 severance escape; watch transport_lease_overlong / transport_parked_commits
[2026-08-30T11:08:02Z ERROR fuse3::raw::connection::fuse_over_uring] transport payload lease held 1389 ms (≥ 1 s) — overlong handler invocation or a §5.4 severance escape; watch transport_lease_overlong / transport_parked_commits
[2026-08-30T11:08:02Z ERROR fuse3::raw::connection::fuse_over_uring] transport payload lease held 1327 ms (≥ 1 s) — overlong handler invocation or a §5.4 severance escape; watch transport_lease_overlong / transport_parked_commits
[2026-08-30T11:08:02Z ERROR fuse3::raw::connection::fuse_over_uring] transport payload lease held 1323 ms (≥ 1 s) — overlong handler invocation or a §5.4 severance escape; watch transport_lease_overlong / transport_parked_commits
[2026-08-30T11:08:02Z ERROR fuse3::raw::connection::fuse_over_uring] transport payload lease held 1322 ms (≥ 1 s) — overlong handler invocation or a §5.4 severance escape; watch transport_lease_overlong / transport_parked_commits
[2026-08-30T11:08:02Z ERROR fuse3::raw::connection::fuse_over_uring] transport payload lease held 1321 ms (≥ 1 s) — overlong handler invocation or a §5.4 severance escape; watch transport_lease_overlong / transport_parked_commits
[2026-08-30T11:08:02Z ERROR fuse3::raw::connection::fuse_over_uring] transport payload lease held 1373 ms (≥ 1 s) — overlong handler invocation or a §5.4 severance escape; watch transport_lease_overlong / transport_parked_commits
[2026-08-30T11:08:02Z ERROR fuse3::raw::connection::fuse_over_uring] transport payload lease held 1370 ms (≥ 1 s) — overlong handler invocation or a §5.4 severance escape; watch transport_lease_overlong / transport_parked_commits
[2026-08-30T11:08:02Z ERROR fuse3::raw::connection::fuse_over_uring] transport payload lease held 1362 ms (≥ 1 s) — overlong handler invocation or a §5.4 severance escape; watch transport_lease_overlong / transport_parked_commits
[2026-08-30T11:08:02Z ERROR fuse3::raw::connection::fuse_over_uring] transport payload lease held 1363 ms (≥ 1 s) — overlong handler invocation or a §5.4 severance escape; watch transport_lease_overlong / transport_parked_commits
[2026-08-30T11:08:02Z ERROR fuse3::raw::connection::fuse_over_uring] transport payload lease held 1286 ms (≥ 1 s) — overlong handler invocation or a §5.4 severance escape; watch transport_lease_overlong / transport_parked_commits
[2026-08-30T11:08:02Z ERROR fuse3::raw::connection::fuse_over_uring] transport payload lease held 1305 ms (≥ 1 s) — overlong handler invocation or a §5.4 severance escape; watch transport_lease_overlong / transport_parked_commits
[2026-08-30T11:08:02Z ERROR fuse3::raw::connection::fuse_over_uring] transport payload lease held 1629 ms (≥ 1 s) — overlong handler invocation or a §5.4 severance escape; watch transport_lease_overlong / transport_parked_commits
[2026-08-30T11:08:02Z ERROR fuse3::raw::connection::fuse_over_uring] transport payload lease held 1629 ms (≥ 1 s) — overlong handler invocation or a §5.4 severance escape; watch transport_lease_overlong / transport_parked_commits
[2026-08-30T11:08:02Z ERROR fuse3::raw::connection::fuse_over_uring] transport payload lease held 1629 ms (≥ 1 s) — overlong handler invocation or a §5.4 severance escape; watch transport_lease_overlong / transport_parked_commits
[2026-08-30T11:08:03Z ERROR fuse3::raw::connection::fuse_over_uring] transport payload lease held 1061 ms (≥ 1 s) — overlong handler invocation or a §5.4 severance escape; watch transport_lease_overlong / transport_parked_commits
[2026-08-30T11:08:03Z ERROR fuse3::raw::connection::fuse_over_uring] transport payload lease held 1061 ms (≥ 1 s) — overlong handler invocation or a §5.4 severance escape; watch transport_lease_overlong / transport_parked_commits
[2026-08-30T11:08:03Z ERROR fuse3::raw::connection::fuse_over_uring] transport payload lease held 1231 ms (≥ 1 s) — overlong handler invocation or a §5.4 severance escape; watch transport_lease_overlong / transport_parked_commits
[2026-08-30T11:08:03Z ERROR fuse3::raw::connection::fuse_over_uring] transport payload lease held 1231 ms (≥ 1 s) — overlong handler invocation or a §5.4 severance escape; watch transport_lease_overlong / transport_parked_commits
[2026-08-30T11:08:03Z ERROR fuse3::raw::connection::fuse_over_uring] transport payload lease held 1232 ms (≥ 1 s) — overlong handler invocation or a §5.4 severance escape; watch transport_lease_overlong / transport_parked_commits
[2026-08-30T11:08:03Z ERROR fuse3::raw::connection::fuse_over_uring] transport payload lease held 1045 ms (≥ 1 s) — overlong handler invocation or a §5.4 severance escape; watch transport_lease_overlong / transport_parked_commits
[2026-08-30T11:08:03Z ERROR fuse3::raw::connection::fuse_over_uring] transport payload lease held 1045 ms (≥ 1 s) — overlong handler invocation or a §5.4 severance escape; watch transport_lease_overlong / transport_parked_commits
[2026-08-30T11:08:03Z ERROR fuse3::raw::connection::fuse_over_uring] transport payload lease held 1045 ms (≥ 1 s) — overlong handler invocation or a §5.4 severance escape; watch transport_lease_overlong / transport_parked_commits
[2026-08-30T11:08:07Z ERROR fuse3::raw::connection::fuse_over_uring] transport payload lease held 1105 ms (≥ 1 s) — overlong handler invocation or a §5.4 severance escape; watch transport_lease_overlong / transport_parked_commits
[2026-08-30T11:08:07Z ERROR fuse3::raw::connection::fuse_over_uring] transport payload lease held 1104 ms (≥ 1 s) — overlong handler invocation or a §5.4 severance escape; watch transport_lease_overlong / transport_parked_commits
[2026-08-30T11:08:07Z ERROR fuse3::raw::connection::fuse_over_uring] transport payload lease held 1104 ms (≥ 1 s) — overlong handler invocation or a §5.4 severance escape; watch transport_lease_overlong / transport_parked_commits
[2026-08-30T11:08:07Z ERROR fuse3::raw::connection::fuse_over_uring] transport payload lease held 1104 ms (≥ 1 s) — overlong handler invocation or a §5.4 severance escape; watch transport_lease_overlong / transport_parked_commits
[2026-08-30T11:08:07Z ERROR fuse3::raw::connection::fuse_over_uring] transport payload lease held 1169 ms (≥ 1 s) — overlong handler invocation or a §5.4 severance escape; watch transport_lease_overlong / transport_parked_commits
[2026-08-30T11:08:07Z ERROR fuse3::raw::connection::fuse_over_uring] transport payload lease held 1162 ms (≥ 1 s) — overlong handler invocation or a §5.4 severance escape; watch transport_lease_overlong / transport_parked_commits
[2026-08-30T11:08:07Z ERROR fuse3::raw::connection::fuse_over_uring] transport payload lease held 1154 ms (≥ 1 s) — overlong handler invocation or a §5.4 severance escape; watch transport_lease_overlong / transport_parked_commits
[2026-08-30T11:08:07Z ERROR fuse3::raw::connection::fuse_over_uring] transport payload lease held 1152 ms (≥ 1 s) — overlong handler invocation or a §5.4 severance escape; watch transport_lease_overlong / transport_parked_commits
[2026-08-30T11:08:07Z ERROR fuse3::raw::connection::fuse_over_uring] transport payload lease held 1190 ms (≥ 1 s) — overlong handler invocation or a §5.4 severance escape; watch transport_lease_overlong / transport_parked_commits
[2026-08-30T11:08:07Z ERROR fuse3::raw::connection::fuse_over_uring] transport payload lease held 1190 ms (≥ 1 s) — overlong handler invocation or a §5.4 severance escape; watch transport_lease_overlong / transport_parked_commits
[2026-08-30T11:08:07Z ERROR fuse3::raw::connection::fuse_over_uring] transport payload lease held 1170 ms (≥ 1 s) — overlong handler invocation or a §5.4 severance escape; watch transport_lease_overlong / transport_parked_commits
[2026-08-30T11:08:07Z ERROR fuse3::raw::connection::fuse_over_uring] transport payload lease held 1160 ms (≥ 1 s) — overlong handler invocation or a §5.4 severance escape; watch transport_lease_overlong / transport_parked_commits
[2026-08-30T11:08:08Z WARN  squeezefs::block_allocator] co-writer: abandoning never-published block offset(s) leak-safe (volume 'nvme5n1', first offset 100940120064): the publish that would have named them failed or refused, and a co-writer may not mutate ownership accounting — the next derivation (mount recovery / fsck C6) returns them to the free supply (cowriter_unpublished_abandons; further offsets at debug level)
[2026-08-30T11:08:08Z ERROR fuse3::raw::connection::fuse_over_uring] transport payload lease held 1020 ms (≥ 1 s) — overlong handler invocation or a §5.4 severance escape; watch transport_lease_overlong / transport_parked_commits
[2026-08-30T11:08:08Z ERROR fuse3::raw::connection::fuse_over_uring] transport payload lease held 1020 ms (≥ 1 s) — overlong handler invocation or a §5.4 severance escape; watch transport_lease_overlong / transport_parked_commits
[2026-08-30T11:08:08Z ERROR fuse3::raw::connection::fuse_over_uring] transport payload lease held 1020 ms (≥ 1 s) — overlong handler invocation or a §5.4 severance escape; watch transport_lease_overlong / transport_parked_commits
[2026-08-30T11:08:08Z ERROR fuse3::raw::connection::fuse_over_uring] transport payload lease held 1020 ms (≥ 1 s) — overlong handler invocation or a §5.4 severance escape; watch transport_lease_overlong / transport_parked_commits
[2026-08-30T11:08:08Z ERROR fuse3::raw::connection::fuse_over_uring] transport payload lease held 1439 ms (≥ 1 s) — overlong handler invocation or a §5.4 severance escape; watch transport_lease_overlong / transport_parked_commits
[2026-08-30T11:08:08Z ERROR fuse3::raw::connection::fuse_over_uring] transport payload lease held 1439 ms (≥ 1 s) — overlong handler invocation or a §5.4 severance escape; watch transport_lease_overlong / transport_parked_commits
[2026-08-30T11:08:08Z ERROR fuse3::raw::connection::fuse_over_uring] transport payload lease held 1439 ms (≥ 1 s) — overlong handler invocation or a §5.4 severance escape; watch transport_lease_overlong / transport_parked_commits
[2026-08-30T11:08:08Z ERROR fuse3::raw::connection::fuse_over_uring] transport payload lease held 1435 ms (≥ 1 s) — overlong handler invocation or a §5.4 severance escape; watch transport_lease_overlong / transport_parked_commits
[2026-08-30T11:08:08Z ERROR fuse3::raw::connection::fuse_over_uring] transport payload lease held 1249 ms (≥ 1 s) — overlong handler invocation or a §5.4 severance escape; watch transport_lease_overlong / transport_parked_commits
[2026-08-30T11:08:08Z ERROR fuse3::raw::connection::fuse_over_uring] transport payload lease held 1249 ms (≥ 1 s) — overlong handler invocation or a §5.4 severance escape; watch transport_lease_overlong / transport_parked_commits
[2026-08-30T11:08:08Z ERROR fuse3::raw::connection::fuse_over_uring] transport payload lease held 1249 ms (≥ 1 s) — overlong handler invocation or a §5.4 severance escape; watch transport_lease_overlong / transport_parked_commits
[2026-08-30T11:08:08Z ERROR fuse3::raw::connection::fuse_over_uring] transport payload lease held 1249 ms (≥ 1 s) — overlong handler invocation or a §5.4 severance escape; watch transport_lease_overlong / transport_parked_commits
[2026-08-30T11:08:08Z ERROR fuse3::raw::connection::fuse_over_uring] transport payload lease held 1508 ms (≥ 1 s) — overlong handler invocation or a §5.4 severance escape; watch transport_lease_overlong / transport_parked_commits
[2026-08-30T11:08:08Z ERROR fuse3::raw::connection::fuse_over_uring] transport payload lease held 1508 ms (≥ 1 s) — overlong handler invocation or a §5.4 severance escape; watch transport_lease_overlong / transport_parked_commits
[2026-08-30T11:08:08Z ERROR fuse3::raw::connection::fuse_over_uring] transport payload lease held 1508 ms (≥ 1 s) — overlong handler invocation or a §5.4 severance escape; watch transport_lease_overlong / transport_parked_commits
[2026-08-30T11:08:08Z ERROR fuse3::raw::connection::fuse_over_uring] transport payload lease held 1508 ms (≥ 1 s) — overlong handler invocation or a §5.4 severance escape; watch transport_lease_overlong / transport_parked_commits
[2026-08-30T11:08:08Z ERROR fuse3::raw::connection::fuse_over_uring] transport payload lease held 1522 ms (≥ 1 s) — overlong handler invocation or a §5.4 severance escape; watch transport_lease_overlong / transport_parked_commits
[2026-08-30T11:08:08Z ERROR fuse3::raw::connection::fuse_over_uring] transport payload lease held 1523 ms (≥ 1 s) — overlong handler invocation or a §5.4 severance escape; watch transport_lease_overlong / transport_parked_commits
[2026-08-30T11:08:08Z ERROR fuse3::raw::connection::fuse_over_uring] transport payload lease held 1523 ms (≥ 1 s) — overlong handler invocation or a §5.4 severance escape; watch transport_lease_overlong / transport_parked_commits
[2026-08-30T11:08:08Z ERROR fuse3::raw::connection::fuse_over_uring] transport payload lease held 1519 ms (≥ 1 s) — overlong handler invocation or a §5.4 severance escape; watch transport_lease_overlong / transport_parked_commits
[2026-08-30T11:08:08Z ERROR fuse3::raw::connection::fuse_over_uring] transport payload lease held 1402 ms (≥ 1 s) — overlong handler invocation or a §5.4 severance escape; watch transport_lease_overlong / transport_parked_commits
[2026-08-30T11:08:08Z ERROR fuse3::raw::connection::fuse_over_uring] transport payload lease held 1402 ms (≥ 1 s) — overlong handler invocation or a §5.4 severance escape; watch transport_lease_overlong / transport_parked_commits
[2026-08-30T11:08:08Z ERROR fuse3::raw::connection::fuse_over_uring] transport payload lease held 1402 ms (≥ 1 s) — overlong handler invocation or a §5.4 severance escape; watch transport_lease_overlong / transport_parked_commits
[2026-08-30T11:08:08Z ERROR fuse3::raw::connection::fuse_over_uring] transport payload lease held 1402 ms (≥ 1 s) — overlong handler invocation or a §5.4 severance escape; watch transport_lease_overlong / transport_parked_commits
[2026-08-30T11:08:11Z ERROR fuse3::raw::connection::fuse_over_uring] transport payload lease held 1036 ms (≥ 1 s) — overlong handler invocation or a §5.4 severance escape; watch transport_lease_overlong / transport_parked_commits
[2026-08-30T11:08:11Z ERROR fuse3::raw::connection::fuse_over_uring] transport payload lease held 1036 ms (≥ 1 s) — overlong handler invocation or a §5.4 severance escape; watch transport_lease_overlong / transport_parked_commits
[2026-08-30T11:08:13Z ERROR fuse3::raw::connection::fuse_over_uring] transport payload lease held 1336 ms (≥ 1 s) — overlong handler invocation or a §5.4 severance escape; watch transport_lease_overlong / transport_parked_commits
[2026-08-30T11:08:13Z ERROR fuse3::raw::connection::fuse_over_uring] transport payload lease held 1336 ms (≥ 1 s) — overlong handler invocation or a §5.4 severance escape; watch transport_lease_overlong / transport_parked_commits
[2026-08-30T11:08:13Z ERROR fuse3::raw::connection::fuse_over_uring] transport payload lease held 1386 ms (≥ 1 s) — overlong handler invocation or a §5.4 severance escape; watch transport_lease_overlong / transport_parked_commits
[2026-08-30T11:08:13Z ERROR fuse3::raw::connection::fuse_over_uring] transport payload lease held 1346 ms (≥ 1 s) — overlong handler invocation or a §5.4 severance escape; watch transport_lease_overlong / transport_parked_commits
[2026-08-30T11:08:13Z ERROR fuse3::raw::connection::fuse_over_uring] transport payload lease held 1380 ms (≥ 1 s) — overlong handler invocation or a §5.4 severance escape; watch transport_lease_overlong / transport_parked_commits
[2026-08-30T11:08:13Z ERROR fuse3::raw::connection::fuse_over_uring] transport payload lease held 1346 ms (≥ 1 s) — overlong handler invocation or a §5.4 severance escape; watch transport_lease_overlong / transport_parked_commits
[2026-08-30T11:08:13Z ERROR fuse3::raw::connection::fuse_over_uring] transport payload lease held 1286 ms (≥ 1 s) — overlong handler invocation or a §5.4 severance escape; watch transport_lease_overlong / transport_parked_commits
[2026-08-30T11:08:13Z ERROR fuse3::raw::connection::fuse_over_uring] transport payload lease held 1349 ms (≥ 1 s) — overlong handler invocation or a §5.4 severance escape; watch transport_lease_overlong / transport_parked_commits
[2026-08-30T11:08:13Z ERROR fuse3::raw::connection::fuse_over_uring] transport payload lease held 1349 ms (≥ 1 s) — overlong handler invocation or a §5.4 severance escape; watch transport_lease_overlong / transport_parked_commits
[2026-08-30T11:08:13Z ERROR fuse3::raw::connection::fuse_over_uring] transport payload lease held 1349 ms (≥ 1 s) — overlong handler invocation or a §5.4 severance escape; watch transport_lease_overlong / transport_parked_commits
[2026-08-30T11:08:13Z ERROR fuse3::raw::connection::fuse_over_uring] transport payload lease held 1181 ms (≥ 1 s) — overlong handler invocation or a §5.4 severance escape; watch transport_lease_overlong / transport_parked_commits
[2026-08-30T11:08:13Z ERROR fuse3::raw::connection::fuse_over_uring] transport payload lease held 1223 ms (≥ 1 s) — overlong handler invocation or a §5.4 severance escape; watch transport_lease_overlong / transport_parked_commits
[2026-08-30T11:08:13Z ERROR fuse3::raw::connection::fuse_over_uring] transport payload lease held 1222 ms (≥ 1 s) — overlong handler invocation or a §5.4 severance escape; watch transport_lease_overlong / transport_parked_commits
[2026-08-30T11:08:13Z ERROR fuse3::raw::connection::fuse_over_uring] transport payload lease held 1222 ms (≥ 1 s) — overlong handler invocation or a §5.4 severance escape; watch transport_lease_overlong / transport_parked_commits
[2026-08-30T11:08:13Z ERROR fuse3::raw::connection::fuse_over_uring] transport payload lease held 1027 ms (≥ 1 s) — overlong handler invocation or a §5.4 severance escape; watch transport_lease_overlong / transport_parked_commits
[2026-08-30T11:08:14Z ERROR fuse3::raw::connection::fuse_over_uring] transport payload lease held 1027 ms (≥ 1 s) — overlong handler invocation or a §5.4 severance escape; watch transport_lease_overlong / transport_parked_commits
[2026-08-30T11:08:14Z ERROR fuse3::raw::connection::fuse_over_uring] transport payload lease held 1044 ms (≥ 1 s) — overlong handler invocation or a §5.4 severance escape; watch transport_lease_overlong / transport_parked_commits
[2026-08-30T11:08:14Z ERROR fuse3::raw::connection::fuse_over_uring] transport payload lease held 1044 ms (≥ 1 s) — overlong handler invocation or a §5.4 severance escape; watch transport_lease_overlong / transport_parked_commits
[2026-08-30T11:08:14Z ERROR fuse3::raw::connection::fuse_over_uring] transport payload lease held 1045 ms (≥ 1 s) — overlong handler invocation or a §5.4 severance escape; watch transport_lease_overlong / transport_parked_commits
[2026-08-30T11:08:14Z ERROR fuse3::raw::connection::fuse_over_uring] transport payload lease held 1045 ms (≥ 1 s) — overlong handler invocation or a §5.4 severance escape; watch transport_lease_overlong / transport_parked_commits
[2026-08-30T11:08:14Z ERROR fuse3::raw::connection::fuse_over_uring] transport payload lease held 1075 ms (≥ 1 s) — overlong handler invocation or a §5.4 severance escape; watch transport_lease_overlong / transport_parked_commits
[2026-08-30T11:08:14Z ERROR fuse3::raw::connection::fuse_over_uring] transport payload lease held 1076 ms (≥ 1 s) — overlong handler invocation or a §5.4 severance escape; watch transport_lease_overlong / transport_parked_commits
[2026-08-30T11:08:14Z ERROR fuse3::raw::connection::fuse_over_uring] transport payload lease held 1076 ms (≥ 1 s) — overlong handler invocation or a §5.4 severance escape; watch transport_lease_overlong / transport_parked_commits
[2026-08-30T11:08:14Z ERROR fuse3::raw::connection::fuse_over_uring] transport payload lease held 1076 ms (≥ 1 s) — overlong handler invocation or a §5.4 severance escape; watch transport_lease_overlong / transport_parked_commits
[2026-08-30T11:08:14Z ERROR fuse3::raw::connection::fuse_over_uring] transport payload lease held 1070 ms (≥ 1 s) — overlong handler invocation or a §5.4 severance escape; watch transport_lease_overlong / transport_parked_commits
[2026-08-30T11:08:14Z ERROR fuse3::raw::connection::fuse_over_uring] transport payload lease held 1069 ms (≥ 1 s) — overlong handler invocation or a §5.4 severance escape; watch transport_lease_overlong / transport_parked_commits
[2026-08-30T11:08:14Z ERROR fuse3::raw::connection::fuse_over_uring] transport payload lease held 1051 ms (≥ 1 s) — overlong handler invocation or a §5.4 severance escape; watch transport_lease_overlong / transport_parked_commits
[2026-08-30T11:08:14Z ERROR fuse3::raw::connection::fuse_over_uring] transport payload lease held 1041 ms (≥ 1 s) — overlong handler invocation or a §5.4 severance escape; watch transport_lease_overlong / transport_parked_commits
[2026-08-30T11:08:14Z ERROR fuse3::raw::connection::fuse_over_uring] transport payload lease held 1102 ms (≥ 1 s) — overlong handler invocation or a §5.4 severance escape; watch transport_lease_overlong / transport_parked_commits
[2026-08-30T11:08:14Z ERROR fuse3::raw::connection::fuse_over_uring] transport payload lease held 1103 ms (≥ 1 s) — overlong handler invocation or a §5.4 severance escape; watch transport_lease_overlong / transport_parked_commits
[2026-08-30T11:08:14Z ERROR fuse3::raw::connection::fuse_over_uring] transport payload lease held 1103 ms (≥ 1 s) — overlong handler invocation or a §5.4 severance escape; watch transport_lease_overlong / transport_parked_commits
[2026-08-30T11:08:14Z ERROR fuse3::raw::connection::fuse_over_uring] transport payload lease held 1103 ms (≥ 1 s) — overlong handler invocation or a §5.4 severance escape; watch transport_lease_overlong / transport_parked_commits
[2026-08-30T11:08:14Z ERROR fuse3::raw::connection::fuse_over_uring] transport payload lease held 1054 ms (≥ 1 s) — overlong handler invocation or a §5.4 severance escape; watch transport_lease_overlong / transport_parked_commits
[2026-08-30T11:08:14Z ERROR fuse3::raw::connection::fuse_over_uring] transport payload lease held 1054 ms (≥ 1 s) — overlong handler invocation or a §5.4 severance escape; watch transport_lease_overlong / transport_parked_commits
[2026-08-30T11:08:14Z ERROR fuse3::raw::connection::fuse_over_uring] transport payload lease held 1069 ms (≥ 1 s) — overlong handler invocation or a §5.4 severance escape; watch transport_lease_overlong / transport_parked_commits
[2026-08-30T11:08:19Z ERROR fuse3::raw::connection::fuse_over_uring] transport payload lease held 1008 ms (≥ 1 s) — overlong handler invocation or a §5.4 severance escape; watch transport_lease_overlong / transport_parked_commits
[2026-08-30T11:08:19Z ERROR fuse3::raw::connection::fuse_over_uring] transport payload lease held 1006 ms (≥ 1 s) — overlong handler invocation or a §5.4 severance escape; watch transport_lease_overlong / transport_parked_commits
[2026-08-30T11:08:19Z ERROR fuse3::raw::connection::fuse_over_uring] transport payload lease held 1005 ms (≥ 1 s) — overlong handler invocation or a §5.4 severance escape; watch transport_lease_overlong / transport_parked_commits
[2026-08-30T11:08:23Z ERROR fuse3::raw::connection::fuse_over_uring] transport payload lease held 1239 ms (≥ 1 s) — overlong handler invocation or a §5.4 severance escape; watch transport_lease_overlong / transport_parked_commits
[2026-08-30T11:08:23Z ERROR fuse3::raw::connection::fuse_over_uring] transport payload lease held 1234 ms (≥ 1 s) — overlong handler invocation or a §5.4 severance escape; watch transport_lease_overlong / transport_parked_commits
[2026-08-30T11:08:23Z ERROR fuse3::raw::connection::fuse_over_uring] transport payload lease held 1226 ms (≥ 1 s) — overlong handler invocation or a §5.4 severance escape; watch transport_lease_overlong / transport_parked_commits
[2026-08-30T11:08:23Z ERROR fuse3::raw::connection::fuse_over_uring] transport payload lease held 1226 ms (≥ 1 s) — overlong handler invocation or a §5.4 severance escape; watch transport_lease_overlong / transport_parked_commits
[2026-08-30T11:08:23Z ERROR fuse3::raw::connection::fuse_over_uring] transport payload lease held 1144 ms (≥ 1 s) — overlong handler invocation or a §5.4 severance escape; watch transport_lease_overlong / transport_parked_commits
[2026-08-30T11:08:23Z ERROR fuse3::raw::connection::fuse_over_uring] transport payload lease held 1478 ms (≥ 1 s) — overlong handler invocation or a §5.4 severance escape; watch transport_lease_overlong / transport_parked_commits
[2026-08-30T11:08:23Z ERROR fuse3::raw::connection::fuse_over_uring] transport payload lease held 1471 ms (≥ 1 s) — overlong handler invocation or a §5.4 severance escape; watch transport_lease_overlong / transport_parked_commits
[2026-08-30T11:08:23Z ERROR fuse3::raw::connection::fuse_over_uring] transport payload lease held 1432 ms (≥ 1 s) — overlong handler invocation or a §5.4 severance escape; watch transport_lease_overlong / transport_parked_commits
[2026-08-30T11:08:23Z ERROR fuse3::raw::connection::fuse_over_uring] transport payload lease held 1431 ms (≥ 1 s) — overlong handler invocation or a §5.4 severance escape; watch transport_lease_overlong / transport_parked_commits
[2026-08-30T11:08:23Z ERROR fuse3::raw::connection::fuse_over_uring] transport payload lease held 1431 ms (≥ 1 s) — overlong handler invocation or a §5.4 severance escape; watch transport_lease_overlong / transport_parked_commits
[2026-08-30T11:08:24Z ERROR fuse3::raw::connection::fuse_over_uring] transport payload lease held 1315 ms (≥ 1 s) — overlong handler invocation or a §5.4 severance escape; watch transport_lease_overlong / transport_parked_commits
[2026-08-30T11:08:24Z ERROR fuse3::raw::connection::fuse_over_uring] transport payload lease held 1311 ms (≥ 1 s) — overlong handler invocation or a §5.4 severance escape; watch transport_lease_overlong / transport_parked_commits
[2026-08-30T11:08:24Z ERROR fuse3::raw::connection::fuse_over_uring] transport payload lease held 1306 ms (≥ 1 s) — overlong handler invocation or a §5.4 severance escape; watch transport_lease_overlong / transport_parked_commits
[2026-08-30T11:08:24Z ERROR fuse3::raw::connection::fuse_over_uring] transport payload lease held 1306 ms (≥ 1 s) — overlong handler invocation or a §5.4 severance escape; watch transport_lease_overlong / transport_parked_commits
[2026-08-30T11:08:24Z ERROR fuse3::raw::connection::fuse_over_uring] transport payload lease held 1739 ms (≥ 1 s) — overlong handler invocation or a §5.4 severance escape; watch transport_lease_overlong / transport_parked_commits
[2026-08-30T11:08:24Z ERROR fuse3::raw::connection::fuse_over_uring] transport payload lease held 1664 ms (≥ 1 s) — overlong handler invocation or a §5.4 severance escape; watch transport_lease_overlong / transport_parked_commits
[2026-08-30T11:08:24Z ERROR fuse3::raw::connection::fuse_over_uring] transport payload lease held 1748 ms (≥ 1 s) — overlong handler invocation or a §5.4 severance escape; watch transport_lease_overlong / transport_parked_commits
[2026-08-30T11:08:24Z ERROR fuse3::raw::connection::fuse_over_uring] transport payload lease held 1664 ms (≥ 1 s) — overlong handler invocation or a §5.4 severance escape; watch transport_lease_overlong / transport_parked_commits
[2026-08-30T11:08:24Z ERROR fuse3::raw::connection::fuse_over_uring] transport payload lease held 1680 ms (≥ 1 s) — overlong handler invocation or a §5.4 severance escape; watch transport_lease_overlong / transport_parked_commits
[2026-08-30T11:08:24Z ERROR fuse3::raw::connection::fuse_over_uring] transport payload lease held 1675 ms (≥ 1 s) — overlong handler invocation or a §5.4 severance escape; watch transport_lease_overlong / transport_parked_commits
[2026-08-30T11:08:24Z ERROR fuse3::raw::connection::fuse_over_uring] transport payload lease held 1674 ms (≥ 1 s) — overlong handler invocation or a §5.4 severance escape; watch transport_lease_overlong / transport_parked_commits
[2026-08-30T11:08:24Z ERROR fuse3::raw::connection::fuse_over_uring] transport payload lease held 1674 ms (≥ 1 s) — overlong handler invocation or a §5.4 severance escape; watch transport_lease_overlong / transport_parked_commits
[2026-08-30T11:08:24Z ERROR fuse3::raw::connection::fuse_over_uring] transport payload lease held 1377 ms (≥ 1 s) — overlong handler invocation or a §5.4 severance escape; watch transport_lease_overlong / transport_parked_commits
[2026-08-30T11:08:24Z ERROR fuse3::raw::connection::fuse_over_uring] transport payload lease held 1366 ms (≥ 1 s) — overlong handler invocation or a §5.4 severance escape; watch transport_lease_overlong / transport_parked_commits
[2026-08-30T11:08:24Z ERROR fuse3::raw::connection::fuse_over_uring] transport payload lease held 1371 ms (≥ 1 s) — overlong handler invocation or a §5.4 severance escape; watch transport_lease_overlong / transport_parked_commits
[2026-08-30T11:08:25Z ERROR fuse3::raw::connection::fuse_over_uring] transport payload lease held 1141 ms (≥ 1 s) — overlong handler invocation or a §5.4 severance escape; watch transport_lease_overlong / transport_parked_commits
[2026-08-30T11:08:25Z ERROR fuse3::raw::connection::fuse_over_uring] transport payload lease held 1115 ms (≥ 1 s) — overlong handler invocation or a §5.4 severance escape; watch transport_lease_overlong / transport_parked_commits
[2026-08-30T11:08:25Z ERROR fuse3::raw::connection::fuse_over_uring] transport payload lease held 1115 ms (≥ 1 s) — overlong handler invocation or a §5.4 severance escape; watch transport_lease_overlong / transport_parked_commits
[2026-08-30T11:08:25Z ERROR fuse3::raw::connection::fuse_over_uring] transport payload lease held 1115 ms (≥ 1 s) — overlong handler invocation or a §5.4 severance escape; watch transport_lease_overlong / transport_parked_commits
[2026-08-30T11:08:25Z ERROR fuse3::raw::connection::fuse_over_uring] transport payload lease held 1062 ms (≥ 1 s) — overlong handler invocation or a §5.4 severance escape; watch transport_lease_overlong / transport_parked_commits
[2026-08-30T11:08:25Z ERROR fuse3::raw::connection::fuse_over_uring] transport payload lease held 1062 ms (≥ 1 s) — overlong handler invocation or a §5.4 severance escape; watch transport_lease_overlong / transport_parked_commits
[2026-08-30T11:08:25Z ERROR fuse3::raw::connection::fuse_over_uring] transport payload lease held 1062 ms (≥ 1 s) — overlong handler invocation or a §5.4 severance escape; watch transport_lease_overlong / transport_parked_commits
[2026-08-30T11:08:25Z ERROR fuse3::raw::connection::fuse_over_uring] transport payload lease held 1062 ms (≥ 1 s) — overlong handler invocation or a §5.4 severance escape; watch transport_lease_overlong / transport_parked_commits
[2026-08-30T11:08:25Z ERROR fuse3::raw::connection::fuse_over_uring] transport payload lease held 1024 ms (≥ 1 s) — overlong handler invocation or a §5.4 severance escape; watch transport_lease_overlong / transport_parked_commits
[2026-08-30T11:08:25Z ERROR fuse3::raw::connection::fuse_over_uring] transport payload lease held 1024 ms (≥ 1 s) — overlong handler invocation or a §5.4 severance escape; watch transport_lease_overlong / transport_parked_commits
[2026-08-30T11:08:25Z ERROR fuse3::raw::connection::fuse_over_uring] transport payload lease held 1024 ms (≥ 1 s) — overlong handler invocation or a §5.4 severance escape; watch transport_lease_overlong / transport_parked_commits
[2026-08-30T11:08:25Z ERROR fuse3::raw::connection::fuse_over_uring] transport payload lease held 1014 ms (≥ 1 s) — overlong handler invocation or a §5.4 severance escape; watch transport_lease_overlong / transport_parked_commits
[2026-08-30T11:08:25Z ERROR fuse3::raw::connection::fuse_over_uring] transport payload lease held 1479 ms (≥ 1 s) — overlong handler invocation or a §5.4 severance escape; watch transport_lease_overlong / transport_parked_commits
[2026-08-30T11:08:25Z ERROR fuse3::raw::connection::fuse_over_uring] transport payload lease held 1479 ms (≥ 1 s) — overlong handler invocation or a §5.4 severance escape; watch transport_lease_overlong / transport_parked_commits
[2026-08-30T11:08:25Z ERROR fuse3::raw::connection::fuse_over_uring] transport payload lease held 1479 ms (≥ 1 s) — overlong handler invocation or a §5.4 severance escape; watch transport_lease_overlong / transport_parked_commits
[2026-08-30T11:08:25Z ERROR fuse3::raw::connection::fuse_over_uring] transport payload lease held 1463 ms (≥ 1 s) — overlong handler invocation or a §5.4 severance escape; watch transport_lease_overlong / transport_parked_commits
[2026-08-30T11:08:29Z ERROR fuse3::raw::connection::fuse_over_uring] transport payload lease held 1072 ms (≥ 1 s) — overlong handler invocation or a §5.4 severance escape; watch transport_lease_overlong / transport_parked_commits
[2026-08-30T11:08:29Z ERROR fuse3::raw::connection::fuse_over_uring] transport payload lease held 1146 ms (≥ 1 s) — overlong handler invocation or a §5.4 severance escape; watch transport_lease_overlong / transport_parked_commits
[2026-08-30T11:08:29Z ERROR fuse3::raw::connection::fuse_over_uring] transport payload lease held 1147 ms (≥ 1 s) — overlong handler invocation or a §5.4 severance escape; watch transport_lease_overlong / transport_parked_commits
[2026-08-30T11:08:29Z ERROR fuse3::raw::connection::fuse_over_uring] transport payload lease held 1147 ms (≥ 1 s) — overlong handler invocation or a §5.4 severance escape; watch transport_lease_overlong / transport_parked_commits
[2026-08-30T11:08:29Z ERROR fuse3::raw::connection::fuse_over_uring] transport payload lease held 1147 ms (≥ 1 s) — overlong handler invocation or a §5.4 severance escape; watch transport_lease_overlong / transport_parked_commits
[2026-08-30T11:08:29Z ERROR fuse3::raw::connection::fuse_over_uring] transport payload lease held 1127 ms (≥ 1 s) — overlong handler invocation or a §5.4 severance escape; watch transport_lease_overlong / transport_parked_commits
[2026-08-30T11:08:29Z ERROR fuse3::raw::connection::fuse_over_uring] transport payload lease held 1127 ms (≥ 1 s) — overlong handler invocation or a §5.4 severance escape; watch transport_lease_overlong / transport_parked_commits
[2026-08-30T11:08:29Z ERROR fuse3::raw::connection::fuse_over_uring] transport payload lease held 1125 ms (≥ 1 s) — overlong handler invocation or a §5.4 severance escape; watch transport_lease_overlong / transport_parked_commits
[2026-08-30T11:08:29Z ERROR fuse3::raw::connection::fuse_over_uring] transport payload lease held 1125 ms (≥ 1 s) — overlong handler invocation or a §5.4 severance escape; watch transport_lease_overlong / transport_parked_commits
[2026-08-30T11:08:29Z ERROR fuse3::raw::connection::fuse_over_uring] transport payload lease held 1145 ms (≥ 1 s) — overlong handler invocation or a §5.4 severance escape; watch transport_lease_overlong / transport_parked_commits
[2026-08-30T11:08:29Z ERROR fuse3::raw::connection::fuse_over_uring] transport payload lease held 1160 ms (≥ 1 s) — overlong handler invocation or a §5.4 severance escape; watch transport_lease_overlong / transport_parked_commits
[2026-08-30T11:08:29Z ERROR fuse3::raw::connection::fuse_over_uring] transport payload lease held 1140 ms (≥ 1 s) — overlong handler invocation or a §5.4 severance escape; watch transport_lease_overlong / transport_parked_commits
[2026-08-30T11:08:29Z ERROR fuse3::raw::connection::fuse_over_uring] transport payload lease held 1140 ms (≥ 1 s) — overlong handler invocation or a §5.4 severance escape; watch transport_lease_overlong / transport_parked_commits
[2026-08-30T11:08:29Z ERROR fuse3::raw::connection::fuse_over_uring] transport payload lease held 1161 ms (≥ 1 s) — overlong handler invocation or a §5.4 severance escape; watch transport_lease_overlong / transport_parked_commits
[2026-08-30T11:08:29Z ERROR fuse3::raw::connection::fuse_over_uring] transport payload lease held 1159 ms (≥ 1 s) — overlong handler invocation or a §5.4 severance escape; watch transport_lease_overlong / transport_parked_commits
[2026-08-30T11:08:33Z ERROR fuse3::raw::connection::fuse_over_uring] transport payload lease held 1000 ms (≥ 1 s) — overlong handler invocation or a §5.4 severance escape; watch transport_lease_overlong / transport_parked_commits
[2026-08-30T11:08:33Z ERROR fuse3::raw::connection::fuse_over_uring] transport payload lease held 1000 ms (≥ 1 s) — overlong handler invocation or a §5.4 severance escape; watch transport_lease_overlong / transport_parked_commits
[2026-08-30T11:08:33Z ERROR fuse3::raw::connection::fuse_over_uring] transport payload lease held 1051 ms (≥ 1 s) — overlong handler invocation or a §5.4 severance escape; watch transport_lease_overlong / transport_parked_commits
[2026-08-30T11:08:33Z ERROR fuse3::raw::connection::fuse_over_uring] transport payload lease held 1038 ms (≥ 1 s) — overlong handler invocation or a §5.4 severance escape; watch transport_lease_overlong / transport_parked_commits
[2026-08-30T11:08:33Z ERROR fuse3::raw::connection::fuse_over_uring] transport payload lease held 1052 ms (≥ 1 s) — overlong handler invocation or a §5.4 severance escape; watch transport_lease_overlong / transport_parked_commits
[2026-08-30T11:08:33Z ERROR fuse3::raw::connection::fuse_over_uring] transport payload lease held 1037 ms (≥ 1 s) — overlong handler invocation or a §5.4 severance escape; watch transport_lease_overlong / transport_parked_commits
[2026-08-30T11:08:33Z ERROR fuse3::raw::connection::fuse_over_uring] transport payload lease held 1048 ms (≥ 1 s) — overlong handler invocation or a §5.4 severance escape; watch transport_lease_overlong / transport_parked_commits
[2026-08-30T11:08:33Z ERROR fuse3::raw::connection::fuse_over_uring] transport payload lease held 1047 ms (≥ 1 s) — overlong handler invocation or a §5.4 severance escape; watch transport_lease_overlong / transport_parked_commits
[2026-08-30T11:08:33Z ERROR fuse3::raw::connection::fuse_over_uring] transport payload lease held 1047 ms (≥ 1 s) — overlong handler invocation or a §5.4 severance escape; watch transport_lease_overlong / transport_parked_commits
[2026-08-30T11:08:33Z ERROR fuse3::raw::connection::fuse_over_uring] transport payload lease held 1047 ms (≥ 1 s) — overlong handler invocation or a §5.4 severance escape; watch transport_lease_overlong / transport_parked_commits
[2026-08-30T11:08:33Z ERROR fuse3::raw::connection::fuse_over_uring] transport payload lease held 1044 ms (≥ 1 s) — overlong handler invocation or a §5.4 severance escape; watch transport_lease_overlong / transport_parked_commits
[2026-08-30T11:08:33Z ERROR fuse3::raw::connection::fuse_over_uring] transport payload lease held 1028 ms (≥ 1 s) — overlong handler invocation or a §5.4 severance escape; watch transport_lease_overlong / transport_parked_commits
[2026-08-30T11:08:33Z ERROR fuse3::raw::connection::fuse_over_uring] transport payload lease held 1028 ms (≥ 1 s) — overlong handler invocation or a §5.4 severance escape; watch transport_lease_overlong / transport_parked_commits
[2026-08-30T11:08:33Z ERROR fuse3::raw::connection::fuse_over_uring] transport payload lease held 1044 ms (≥ 1 s) — overlong handler invocation or a §5.4 severance escape; watch transport_lease_overlong / transport_parked_commits
[2026-08-30T11:08:33Z ERROR fuse3::raw::connection::fuse_over_uring] transport payload lease held 1042 ms (≥ 1 s) — overlong handler invocation or a §5.4 severance escape; watch transport_lease_overlong / transport_parked_commits
[2026-08-30T11:08:33Z ERROR fuse3::raw::connection::fuse_over_uring] transport payload lease held 1042 ms (≥ 1 s) — overlong handler invocation or a §5.4 severance escape; watch transport_lease_overlong / transport_parked_commits
[2026-08-30T11:08:33Z ERROR fuse3::raw::connection::fuse_over_uring] transport payload lease held 1042 ms (≥ 1 s) — overlong handler invocation or a §5.4 severance escape; watch transport_lease_overlong / transport_parked_commits
[2026-08-30T11:08:33Z ERROR fuse3::raw::connection::fuse_over_uring] transport payload lease held 1031 ms (≥ 1 s) — overlong handler invocation or a §5.4 severance escape; watch transport_lease_overlong / transport_parked_commits
[2026-08-30T11:08:33Z ERROR fuse3::raw::connection::fuse_over_uring] transport payload lease held 1042 ms (≥ 1 s) — overlong handler invocation or a §5.4 severance escape; watch transport_lease_overlong / transport_parked_commits
[2026-08-30T11:08:33Z ERROR fuse3::raw::connection::fuse_over_uring] transport payload lease held 1041 ms (≥ 1 s) — overlong handler invocation or a §5.4 severance escape; watch transport_lease_overlong / transport_parked_commits
[2026-08-30T11:08:33Z ERROR fuse3::raw::connection::fuse_over_uring] transport payload lease held 1041 ms (≥ 1 s) — overlong handler invocation or a §5.4 severance escape; watch transport_lease_overlong / transport_parked_commits
[2026-08-30T11:08:33Z ERROR fuse3::raw::connection::fuse_over_uring] transport payload lease held 1041 ms (≥ 1 s) — overlong handler invocation or a §5.4 severance escape; watch transport_lease_overlong / transport_parked_commits
[2026-08-30T11:08:33Z ERROR fuse3::raw::connection::fuse_over_uring] transport payload lease held 1006 ms (≥ 1 s) — overlong handler invocation or a §5.4 severance escape; watch transport_lease_overlong / transport_parked_commits
[2026-08-30T11:08:33Z ERROR fuse3::raw::connection::fuse_over_uring] transport payload lease held 1019 ms (≥ 1 s) — overlong handler invocation or a §5.4 severance escape; watch transport_lease_overlong / transport_parked_commits
[2026-08-30T11:08:33Z ERROR fuse3::raw::connection::fuse_over_uring] transport payload lease held 1019 ms (≥ 1 s) — overlong handler invocation or a §5.4 severance escape; watch transport_lease_overlong / transport_parked_commits
[2026-08-30T11:08:33Z ERROR fuse3::raw::connection::fuse_over_uring] transport payload lease held 1019 ms (≥ 1 s) — overlong handler invocation or a §5.4 severance escape; watch transport_lease_overlong / transport_parked_commits
[2026-08-30T11:08:34Z ERROR fuse3::raw::connection::fuse_over_uring] transport payload lease held 1281 ms (≥ 1 s) — overlong handler invocation or a §5.4 severance escape; watch transport_lease_overlong / transport_parked_commits
[2026-08-30T11:08:34Z ERROR fuse3::raw::connection::fuse_over_uring] transport payload lease held 1260 ms (≥ 1 s) — overlong handler invocation or a §5.4 severance escape; watch transport_lease_overlong / transport_parked_commits
[2026-08-30T11:08:34Z ERROR fuse3::raw::connection::fuse_over_uring] transport payload lease held 1260 ms (≥ 1 s) — overlong handler invocation or a §5.4 severance escape; watch transport_lease_overlong / transport_parked_commits
[2026-08-30T11:08:34Z ERROR fuse3::raw::connection::fuse_over_uring] transport payload lease held 1260 ms (≥ 1 s) — overlong handler invocation or a §5.4 severance escape; watch transport_lease_overlong / transport_parked_commits
[2026-08-30T11:08:34Z ERROR fuse3::raw::connection::fuse_over_uring] transport payload lease held 1224 ms (≥ 1 s) — overlong handler invocation or a §5.4 severance escape; watch transport_lease_overlong / transport_parked_commits
[2026-08-30T11:08:34Z ERROR fuse3::raw::connection::fuse_over_uring] transport payload lease held 1224 ms (≥ 1 s) — overlong handler invocation or a §5.4 severance escape; watch transport_lease_overlong / transport_parked_commits
[2026-08-30T11:08:34Z ERROR fuse3::raw::connection::fuse_over_uring] transport payload lease held 1213 ms (≥ 1 s) — overlong handler invocation or a §5.4 severance escape; watch transport_lease_overlong / transport_parked_commits
[2026-08-30T11:08:34Z ERROR fuse3::raw::connection::fuse_over_uring] transport payload lease held 1216 ms (≥ 1 s) — overlong handler invocation or a §5.4 severance escape; watch transport_lease_overlong / transport_parked_commits
[2026-08-30T11:08:34Z ERROR fuse3::raw::connection::fuse_over_uring] transport payload lease held 1232 ms (≥ 1 s) — overlong handler invocation or a §5.4 severance escape; watch transport_lease_overlong / transport_parked_commits
[2026-08-30T11:08:35Z ERROR fuse3::raw::connection::fuse_over_uring] transport payload lease held 1264 ms (≥ 1 s) — overlong handler invocation or a §5.4 severance escape; watch transport_lease_overlong / transport_parked_commits
[2026-08-30T11:08:35Z ERROR fuse3::raw::connection::fuse_over_uring] transport payload lease held 1547 ms (≥ 1 s) — overlong handler invocation or a §5.4 severance escape; watch transport_lease_overlong / transport_parked_commits
[2026-08-30T11:08:35Z ERROR fuse3::raw::connection::fuse_over_uring] transport payload lease held 1547 ms (≥ 1 s) — overlong handler invocation or a §5.4 severance escape; watch transport_lease_overlong / transport_parked_commits
[2026-08-30T11:08:35Z ERROR fuse3::raw::connection::fuse_over_uring] transport payload lease held 1544 ms (≥ 1 s) — overlong handler invocation or a §5.4 severance escape; watch transport_lease_overlong / transport_parked_commits
[2026-08-30T11:08:35Z ERROR fuse3::raw::connection::fuse_over_uring] transport payload lease held 1542 ms (≥ 1 s) — overlong handler invocation or a §5.4 severance escape; watch transport_lease_overlong / transport_parked_commits
[2026-08-30T11:08:35Z ERROR fuse3::raw::connection::fuse_over_uring] transport payload lease held 1538 ms (≥ 1 s) — overlong handler invocation or a §5.4 severance escape; watch transport_lease_overlong / transport_parked_commits
[2026-08-30T11:08:35Z ERROR fuse3::raw::connection::fuse_over_uring] transport payload lease held 1179 ms (≥ 1 s) — overlong handler invocation or a §5.4 severance escape; watch transport_lease_overlong / transport_parked_commits
[2026-08-30T11:08:41Z ERROR fuse3::raw::connection::fuse_over_uring] transport payload lease held 1221 ms (≥ 1 s) — overlong handler invocation or a §5.4 severance escape; watch transport_lease_overlong / transport_parked_commits
[2026-08-30T11:08:41Z ERROR fuse3::raw::connection::fuse_over_uring] transport payload lease held 1221 ms (≥ 1 s) — overlong handler invocation or a §5.4 severance escape; watch transport_lease_overlong / transport_parked_commits
[2026-08-30T11:08:41Z ERROR fuse3::raw::connection::fuse_over_uring] transport payload lease held 1038 ms (≥ 1 s) — overlong handler invocation or a §5.4 severance escape; watch transport_lease_overlong / transport_parked_commits
[2026-08-30T11:08:41Z ERROR fuse3::raw::connection::fuse_over_uring] transport payload lease held 1037 ms (≥ 1 s) — overlong handler invocation or a §5.4 severance escape; watch transport_lease_overlong / transport_parked_commits
[2026-08-30T11:08:46Z ERROR fuse3::raw::connection::fuse_over_uring] transport payload lease held 1464 ms (≥ 1 s) — overlong handler invocation or a §5.4 severance escape; watch transport_lease_overlong / transport_parked_commits
[2026-08-30T11:08:46Z ERROR fuse3::raw::connection::fuse_over_uring] transport payload lease held 1463 ms (≥ 1 s) — overlong handler invocation or a §5.4 severance escape; watch transport_lease_overlong / transport_parked_commits
[2026-08-30T11:08:46Z ERROR fuse3::raw::connection::fuse_over_uring] transport payload lease held 1463 ms (≥ 1 s) — overlong handler invocation or a §5.4 severance escape; watch transport_lease_overlong / transport_parked_commits
[2026-08-30T11:08:46Z ERROR fuse3::raw::connection::fuse_over_uring] transport payload lease held 1462 ms (≥ 1 s) — overlong handler invocation or a §5.4 severance escape; watch transport_lease_overlong / transport_parked_commits
[2026-08-30T11:08:46Z ERROR fuse3::raw::connection::fuse_over_uring] transport payload lease held 1455 ms (≥ 1 s) — overlong handler invocation or a §5.4 severance escape; watch transport_lease_overlong / transport_parked_commits
[2026-08-30T11:08:46Z ERROR fuse3::raw::connection::fuse_over_uring] transport payload lease held 1447 ms (≥ 1 s) — overlong handler invocation or a §5.4 severance escape; watch transport_lease_overlong / transport_parked_commits
[2026-08-30T11:08:46Z ERROR fuse3::raw::connection::fuse_over_uring] transport payload lease held 1447 ms (≥ 1 s) — overlong handler invocation or a §5.4 severance escape; watch transport_lease_overlong / transport_parked_commits
[2026-08-30T11:08:46Z ERROR fuse3::raw::connection::fuse_over_uring] transport payload lease held 1427 ms (≥ 1 s) — overlong handler invocation or a §5.4 severance escape; watch transport_lease_overlong / transport_parked_commits
[2026-08-30T11:08:46Z ERROR fuse3::raw::connection::fuse_over_uring] transport payload lease held 1443 ms (≥ 1 s) — overlong handler invocation or a §5.4 severance escape; watch transport_lease_overlong / transport_parked_commits
[2026-08-30T11:08:46Z ERROR fuse3::raw::connection::fuse_over_uring] transport payload lease held 1416 ms (≥ 1 s) — overlong handler invocation or a §5.4 severance escape; watch transport_lease_overlong / transport_parked_commits
[2026-08-30T11:08:46Z ERROR fuse3::raw::connection::fuse_over_uring] transport payload lease held 1416 ms (≥ 1 s) — overlong handler invocation or a §5.4 severance escape; watch transport_lease_overlong / transport_parked_commits
[2026-08-30T11:08:46Z ERROR fuse3::raw::connection::fuse_over_uring] transport payload lease held 1416 ms (≥ 1 s) — overlong handler invocation or a §5.4 severance escape; watch transport_lease_overlong / transport_parked_commits
[2026-08-30T11:08:46Z ERROR fuse3::raw::connection::fuse_over_uring] transport payload lease held 1478 ms (≥ 1 s) — overlong handler invocation or a §5.4 severance escape; watch transport_lease_overlong / transport_parked_commits
[2026-08-30T11:08:46Z ERROR fuse3::raw::connection::fuse_over_uring] transport payload lease held 1478 ms (≥ 1 s) — overlong handler invocation or a §5.4 severance escape; watch transport_lease_overlong / transport_parked_commits
[2026-08-30T11:08:46Z ERROR fuse3::raw::connection::fuse_over_uring] transport payload lease held 1475 ms (≥ 1 s) — overlong handler invocation or a §5.4 severance escape; watch transport_lease_overlong / transport_parked_commits
[2026-08-30T11:08:46Z ERROR fuse3::raw::connection::fuse_over_uring] transport payload lease held 1478 ms (≥ 1 s) — overlong handler invocation or a §5.4 severance escape; watch transport_lease_overlong / transport_parked_commits
[2026-08-30T11:08:46Z ERROR fuse3::raw::connection::fuse_over_uring] transport payload lease held 1896 ms (≥ 1 s) — overlong handler invocation or a §5.4 severance escape; watch transport_lease_overlong / transport_parked_commits
[2026-08-30T11:08:46Z ERROR fuse3::raw::connection::fuse_over_uring] transport payload lease held 1924 ms (≥ 1 s) — overlong handler invocation or a §5.4 severance escape; watch transport_lease_overlong / transport_parked_commits
[2026-08-30T11:08:46Z ERROR fuse3::raw::connection::fuse_over_uring] transport payload lease held 1924 ms (≥ 1 s) — overlong handler invocation or a §5.4 severance escape; watch transport_lease_overlong / transport_parked_commits
[2026-08-30T11:08:46Z ERROR fuse3::raw::connection::fuse_over_uring] transport payload lease held 1924 ms (≥ 1 s) — overlong handler invocation or a §5.4 severance escape; watch transport_lease_overlong / transport_parked_commits
[2026-08-30T11:08:46Z ERROR fuse3::raw::connection::fuse_over_uring] transport payload lease held 1844 ms (≥ 1 s) — overlong handler invocation or a §5.4 severance escape; watch transport_lease_overlong / transport_parked_commits
[2026-08-30T11:08:46Z ERROR fuse3::raw::connection::fuse_over_uring] transport payload lease held 1844 ms (≥ 1 s) — overlong handler invocation or a §5.4 severance escape; watch transport_lease_overlong / transport_parked_commits
[2026-08-30T11:08:46Z ERROR fuse3::raw::connection::fuse_over_uring] transport payload lease held 1843 ms (≥ 1 s) — overlong handler invocation or a §5.4 severance escape; watch transport_lease_overlong / transport_parked_commits
[2026-08-30T11:08:46Z ERROR fuse3::raw::connection::fuse_over_uring] transport payload lease held 1842 ms (≥ 1 s) — overlong handler invocation or a §5.4 severance escape; watch transport_lease_overlong / transport_parked_commits
[2026-08-30T11:08:46Z ERROR fuse3::raw::connection::fuse_over_uring] transport payload lease held 1761 ms (≥ 1 s) — overlong handler invocation or a §5.4 severance escape; watch transport_lease_overlong / transport_parked_commits
[2026-08-30T11:08:46Z ERROR fuse3::raw::connection::fuse_over_uring] transport payload lease held 1761 ms (≥ 1 s) — overlong handler invocation or a §5.4 severance escape; watch transport_lease_overlong / transport_parked_commits
[2026-08-30T11:08:46Z ERROR fuse3::raw::connection::fuse_over_uring] transport payload lease held 1757 ms (≥ 1 s) — overlong handler invocation or a §5.4 severance escape; watch transport_lease_overlong / transport_parked_commits
[2026-08-30T11:08:46Z ERROR fuse3::raw::connection::fuse_over_uring] transport payload lease held 1725 ms (≥ 1 s) — overlong handler invocation or a §5.4 severance escape; watch transport_lease_overlong / transport_parked_commits
[2026-08-30T11:08:46Z ERROR fuse3::raw::connection::fuse_over_uring] transport payload lease held 1531 ms (≥ 1 s) — overlong handler invocation or a §5.4 severance escape; watch transport_lease_overlong / transport_parked_commits
[2026-08-30T11:08:46Z ERROR fuse3::raw::connection::fuse_over_uring] transport payload lease held 1531 ms (≥ 1 s) — overlong handler invocation or a §5.4 severance escape; watch transport_lease_overlong / transport_parked_commits
[2026-08-30T11:08:46Z ERROR fuse3::raw::connection::fuse_over_uring] transport payload lease held 1531 ms (≥ 1 s) — overlong handler invocation or a §5.4 severance escape; watch transport_lease_overlong / transport_parked_commits
[2026-08-30T11:08:46Z ERROR fuse3::raw::connection::fuse_over_uring] transport payload lease held 1570 ms (≥ 1 s) — overlong handler invocation or a §5.4 severance escape; watch transport_lease_overlong / transport_parked_commits
[2026-08-30T11:08:49Z ERROR fuse3::raw::connection::fuse_over_uring] transport payload lease held 1034 ms (≥ 1 s) — overlong handler invocation or a §5.4 severance escape; watch transport_lease_overlong / transport_parked_commits
[2026-08-30T11:08:49Z ERROR fuse3::raw::connection::fuse_over_uring] transport payload lease held 1031 ms (≥ 1 s) — overlong handler invocation or a §5.4 severance escape; watch transport_lease_overlong / transport_parked_commits
[2026-08-30T11:08:49Z ERROR fuse3::raw::connection::fuse_over_uring] transport payload lease held 1026 ms (≥ 1 s) — overlong handler invocation or a §5.4 severance escape; watch transport_lease_overlong / transport_parked_commits
[2026-08-30T11:08:49Z ERROR fuse3::raw::connection::fuse_over_uring] transport payload lease held 1020 ms (≥ 1 s) — overlong handler invocation or a §5.4 severance escape; watch transport_lease_overlong / transport_parked_commits
[2026-08-30T11:08:49Z ERROR fuse3::raw::connection::fuse_over_uring] transport payload lease held 1083 ms (≥ 1 s) — overlong handler invocation or a §5.4 severance escape; watch transport_lease_overlong / transport_parked_commits
[2026-08-30T11:08:49Z ERROR fuse3::raw::connection::fuse_over_uring] transport payload lease held 1071 ms (≥ 1 s) — overlong handler invocation or a §5.4 severance escape; watch transport_lease_overlong / transport_parked_commits
[2026-08-30T11:08:49Z ERROR fuse3::raw::connection::fuse_over_uring] transport payload lease held 1079 ms (≥ 1 s) — overlong handler invocation or a §5.4 severance escape; watch transport_lease_overlong / transport_parked_commits
[2026-08-30T11:08:49Z ERROR fuse3::raw::connection::fuse_over_uring] transport payload lease held 1071 ms (≥ 1 s) — overlong handler invocation or a §5.4 severance escape; watch transport_lease_overlong / transport_parked_commits
[2026-08-30T11:08:49Z ERROR fuse3::raw::connection::fuse_over_uring] transport payload lease held 1244 ms (≥ 1 s) — overlong handler invocation or a §5.4 severance escape; watch transport_lease_overlong / transport_parked_commits
[2026-08-30T11:08:49Z ERROR fuse3::raw::connection::fuse_over_uring] transport payload lease held 1239 ms (≥ 1 s) — overlong handler invocation or a §5.4 severance escape; watch transport_lease_overlong / transport_parked_commits
[2026-08-30T11:08:49Z ERROR fuse3::raw::connection::fuse_over_uring] transport payload lease held 1239 ms (≥ 1 s) — overlong handler invocation or a §5.4 severance escape; watch transport_lease_overlong / transport_parked_commits
[2026-08-30T11:08:49Z ERROR fuse3::raw::connection::fuse_over_uring] transport payload lease held 1239 ms (≥ 1 s) — overlong handler invocation or a §5.4 severance escape; watch transport_lease_overlong / transport_parked_commits
[2026-08-30T11:08:49Z ERROR fuse3::raw::connection::fuse_over_uring] transport payload lease held 1204 ms (≥ 1 s) — overlong handler invocation or a §5.4 severance escape; watch transport_lease_overlong / transport_parked_commits
[2026-08-30T11:08:49Z ERROR fuse3::raw::connection::fuse_over_uring] transport payload lease held 1246 ms (≥ 1 s) — overlong handler invocation or a §5.4 severance escape; watch transport_lease_overlong / transport_parked_commits
[2026-08-30T11:08:49Z ERROR fuse3::raw::connection::fuse_over_uring] transport payload lease held 1246 ms (≥ 1 s) — overlong handler invocation or a §5.4 severance escape; watch transport_lease_overlong / transport_parked_commits
[2026-08-30T11:08:49Z ERROR fuse3::raw::connection::fuse_over_uring] transport payload lease held 1246 ms (≥ 1 s) — overlong handler invocation or a §5.4 severance escape; watch transport_lease_overlong / transport_parked_commits
[2026-08-30T11:08:51Z ERROR fuse3::raw::connection::fuse_over_uring] transport payload lease held 1225 ms (≥ 1 s) — overlong handler invocation or a §5.4 severance escape; watch transport_lease_overlong / transport_parked_commits
[2026-08-30T11:08:51Z ERROR fuse3::raw::connection::fuse_over_uring] transport payload lease held 1363 ms (≥ 1 s) — overlong handler invocation or a §5.4 severance escape; watch transport_lease_overlong / transport_parked_commits
[2026-08-30T11:08:51Z ERROR fuse3::raw::connection::fuse_over_uring] transport payload lease held 1366 ms (≥ 1 s) — overlong handler invocation or a §5.4 severance escape; watch transport_lease_overlong / transport_parked_commits
[2026-08-30T11:08:51Z ERROR fuse3::raw::connection::fuse_over_uring] transport payload lease held 1366 ms (≥ 1 s) — overlong handler invocation or a §5.4 severance escape; watch transport_lease_overlong / transport_parked_commits
[2026-08-30T11:08:51Z ERROR fuse3::raw::connection::fuse_over_uring] transport payload lease held 1186 ms (≥ 1 s) — overlong handler invocation or a §5.4 severance escape; watch transport_lease_overlong / transport_parked_commits
[2026-08-30T11:08:51Z ERROR fuse3::raw::connection::fuse_over_uring] transport payload lease held 1186 ms (≥ 1 s) — overlong handler invocation or a §5.4 severance escape; watch transport_lease_overlong / transport_parked_commits
[2026-08-30T11:08:51Z ERROR fuse3::raw::connection::fuse_over_uring] transport payload lease held 1186 ms (≥ 1 s) — overlong handler invocation or a §5.4 severance escape; watch transport_lease_overlong / transport_parked_commits
[2026-08-30T11:08:51Z ERROR fuse3::raw::connection::fuse_over_uring] transport payload lease held 1185 ms (≥ 1 s) — overlong handler invocation or a §5.4 severance escape; watch transport_lease_overlong / transport_parked_commits
[2026-08-30T11:08:56Z ERROR fuse3::raw::connection::fuse_over_uring] transport payload lease held 1254 ms (≥ 1 s) — overlong handler invocation or a §5.4 severance escape; watch transport_lease_overlong / transport_parked_commits
[2026-08-30T11:08:56Z ERROR fuse3::raw::connection::fuse_over_uring] transport payload lease held 1252 ms (≥ 1 s) — overlong handler invocation or a §5.4 severance escape; watch transport_lease_overlong / transport_parked_commits
[2026-08-30T11:08:56Z ERROR fuse3::raw::connection::fuse_over_uring] transport payload lease held 1252 ms (≥ 1 s) — overlong handler invocation or a §5.4 severance escape; watch transport_lease_overlong / transport_parked_commits
[2026-08-30T11:08:56Z ERROR fuse3::raw::connection::fuse_over_uring] transport payload lease held 1252 ms (≥ 1 s) — overlong handler invocation or a §5.4 severance escape; watch transport_lease_overlong / transport_parked_commits
[2026-08-30T11:08:56Z ERROR fuse3::raw::connection::fuse_over_uring] transport payload lease held 1536 ms (≥ 1 s) — overlong handler invocation or a §5.4 severance escape; watch transport_lease_overlong / transport_parked_commits
[2026-08-30T11:08:56Z ERROR fuse3::raw::connection::fuse_over_uring] transport payload lease held 1536 ms (≥ 1 s) — overlong handler invocation or a §5.4 severance escape; watch transport_lease_overlong / transport_parked_commits
[2026-08-30T11:08:56Z ERROR fuse3::raw::connection::fuse_over_uring] transport payload lease held 1538 ms (≥ 1 s) — overlong handler invocation or a §5.4 severance escape; watch transport_lease_overlong / transport_parked_commits
[2026-08-30T11:09:01Z ERROR fuse3::raw::connection::fuse_over_uring] transport payload lease held 1334 ms (≥ 1 s) — overlong handler invocation or a §5.4 severance escape; watch transport_lease_overlong / transport_parked_commits
[2026-08-30T11:09:01Z ERROR fuse3::raw::connection::fuse_over_uring] transport payload lease held 1322 ms (≥ 1 s) — overlong handler invocation or a §5.4 severance escape; watch transport_lease_overlong / transport_parked_commits
[2026-08-30T11:09:01Z ERROR fuse3::raw::connection::fuse_over_uring] transport payload lease held 1338 ms (≥ 1 s) — overlong handler invocation or a §5.4 severance escape; watch transport_lease_overlong / transport_parked_commits
[2026-08-30T11:09:01Z ERROR fuse3::raw::connection::fuse_over_uring] transport payload lease held 1338 ms (≥ 1 s) — overlong handler invocation or a §5.4 severance escape; watch transport_lease_overlong / transport_parked_commits
[2026-08-30T11:09:01Z ERROR fuse3::raw::connection::fuse_over_uring] transport payload lease held 1340 ms (≥ 1 s) — overlong handler invocation or a §5.4 severance escape; watch transport_lease_overlong / transport_parked_commits
[2026-08-30T11:09:01Z ERROR fuse3::raw::connection::fuse_over_uring] transport payload lease held 1321 ms (≥ 1 s) — overlong handler invocation or a §5.4 severance escape; watch transport_lease_overlong / transport_parked_commits
[2026-08-30T11:09:01Z ERROR fuse3::raw::connection::fuse_over_uring] transport payload lease held 1322 ms (≥ 1 s) — overlong handler invocation or a §5.4 severance escape; watch transport_lease_overlong / transport_parked_commits
[2026-08-30T11:09:01Z ERROR fuse3::raw::connection::fuse_over_uring] transport payload lease held 1321 ms (≥ 1 s) — overlong handler invocation or a §5.4 severance escape; watch transport_lease_overlong / transport_parked_commits
[2026-08-30T11:09:01Z ERROR fuse3::raw::connection::fuse_over_uring] transport payload lease held 1285 ms (≥ 1 s) — overlong handler invocation or a §5.4 severance escape; watch transport_lease_overlong / transport_parked_commits
[2026-08-30T11:09:01Z ERROR fuse3::raw::connection::fuse_over_uring] transport payload lease held 1274 ms (≥ 1 s) — overlong handler invocation or a §5.4 severance escape; watch transport_lease_overlong / transport_parked_commits
[2026-08-30T11:09:01Z ERROR fuse3::raw::connection::fuse_over_uring] transport payload lease held 1251 ms (≥ 1 s) — overlong handler invocation or a §5.4 severance escape; watch transport_lease_overlong / transport_parked_commits
[2026-08-30T11:09:01Z ERROR fuse3::raw::connection::fuse_over_uring] transport payload lease held 1226 ms (≥ 1 s) — overlong handler invocation or a §5.4 severance escape; watch transport_lease_overlong / transport_parked_commits
[2026-08-30T11:09:01Z ERROR fuse3::raw::connection::fuse_over_uring] transport payload lease held 1235 ms (≥ 1 s) — overlong handler invocation or a §5.4 severance escape; watch transport_lease_overlong / transport_parked_commits
[2026-08-30T11:09:01Z ERROR fuse3::raw::connection::fuse_over_uring] transport payload lease held 1235 ms (≥ 1 s) — overlong handler invocation or a §5.4 severance escape; watch transport_lease_overlong / transport_parked_commits
[2026-08-30T11:09:01Z ERROR fuse3::raw::connection::fuse_over_uring] transport payload lease held 1214 ms (≥ 1 s) — overlong handler invocation or a §5.4 severance escape; watch transport_lease_overlong / transport_parked_commits
[2026-08-30T11:09:01Z ERROR fuse3::raw::connection::fuse_over_uring] transport payload lease held 1213 ms (≥ 1 s) — overlong handler invocation or a §5.4 severance escape; watch transport_lease_overlong / transport_parked_commits
[2026-08-30T11:09:02Z ERROR fuse3::raw::connection::fuse_over_uring] transport payload lease held 1913 ms (≥ 1 s) — overlong handler invocation or a §5.4 severance escape; watch transport_lease_overlong / transport_parked_commits
[2026-08-30T11:09:02Z ERROR fuse3::raw::connection::fuse_over_uring] transport payload lease held 1657 ms (≥ 1 s) — overlong handler invocation or a §5.4 severance escape; watch transport_lease_overlong / transport_parked_commits
[2026-08-30T11:09:02Z ERROR fuse3::raw::connection::fuse_over_uring] transport payload lease held 1657 ms (≥ 1 s) — overlong handler invocation or a §5.4 severance escape; watch transport_lease_overlong / transport_parked_commits
[2026-08-30T11:09:02Z ERROR fuse3::raw::connection::fuse_over_uring] transport payload lease held 1657 ms (≥ 1 s) — overlong handler invocation or a §5.4 severance escape; watch transport_lease_overlong / transport_parked_commits
[2026-08-30T11:09:02Z ERROR fuse3::raw::connection::fuse_over_uring] transport payload lease held 1597 ms (≥ 1 s) — overlong handler invocation or a §5.4 severance escape; watch transport_lease_overlong / transport_parked_commits
[2026-08-30T11:09:02Z ERROR fuse3::raw::connection::fuse_over_uring] transport payload lease held 1592 ms (≥ 1 s) — overlong handler invocation or a §5.4 severance escape; watch transport_lease_overlong / transport_parked_commits
[2026-08-30T11:09:02Z ERROR fuse3::raw::connection::fuse_over_uring] transport payload lease held 1584 ms (≥ 1 s) — overlong handler invocation or a §5.4 severance escape; watch transport_lease_overlong / transport_parked_commits
[2026-08-30T11:09:02Z ERROR fuse3::raw::connection::fuse_over_uring] transport payload lease held 1575 ms (≥ 1 s) — overlong handler invocation or a §5.4 severance escape; watch transport_lease_overlong / transport_parked_commits
[2026-08-30T11:09:02Z ERROR fuse3::raw::connection::fuse_over_uring] transport payload lease held 1241 ms (≥ 1 s) — overlong handler invocation or a §5.4 severance escape; watch transport_lease_overlong / transport_parked_commits
[2026-08-30T11:09:02Z ERROR fuse3::raw::connection::fuse_over_uring] transport payload lease held 1241 ms (≥ 1 s) — overlong handler invocation or a §5.4 severance escape; watch transport_lease_overlong / transport_parked_commits
[2026-08-30T11:09:02Z ERROR fuse3::raw::connection::fuse_over_uring] transport payload lease held 1241 ms (≥ 1 s) — overlong handler invocation or a §5.4 severance escape; watch transport_lease_overlong / transport_parked_commits
[2026-08-30T11:09:02Z ERROR fuse3::raw::connection::fuse_over_uring] transport payload lease held 1223 ms (≥ 1 s) — overlong handler invocation or a §5.4 severance escape; watch transport_lease_overlong / transport_parked_commits
[2026-08-30T11:09:02Z ERROR fuse3::raw::connection::fuse_over_uring] transport payload lease held 1131 ms (≥ 1 s) — overlong handler invocation or a §5.4 severance escape; watch transport_lease_overlong / transport_parked_commits
[2026-08-30T11:09:02Z ERROR fuse3::raw::connection::fuse_over_uring] transport payload lease held 1108 ms (≥ 1 s) — overlong handler invocation or a §5.4 severance escape; watch transport_lease_overlong / transport_parked_commits
[2026-08-30T11:09:02Z ERROR fuse3::raw::connection::fuse_over_uring] transport payload lease held 1115 ms (≥ 1 s) — overlong handler invocation or a §5.4 severance escape; watch transport_lease_overlong / transport_parked_commits
[2026-08-30T11:09:02Z ERROR fuse3::raw::connection::fuse_over_uring] transport payload lease held 1108 ms (≥ 1 s) — overlong handler invocation or a §5.4 severance escape; watch transport_lease_overlong / transport_parked_commits
[2026-08-30T11:09:02Z ERROR fuse3::raw::connection::fuse_over_uring] transport payload lease held 1050 ms (≥ 1 s) — overlong handler invocation or a §5.4 severance escape; watch transport_lease_overlong / transport_parked_commits
[2026-08-30T11:09:02Z ERROR fuse3::raw::connection::fuse_over_uring] transport payload lease held 1043 ms (≥ 1 s) — overlong handler invocation or a §5.4 severance escape; watch transport_lease_overlong / transport_parked_commits
[2026-08-30T11:09:02Z ERROR fuse3::raw::connection::fuse_over_uring] transport payload lease held 1050 ms (≥ 1 s) — overlong handler invocation or a §5.4 severance escape; watch transport_lease_overlong / transport_parked_commits
[2026-08-30T11:09:02Z ERROR fuse3::raw::connection::fuse_over_uring] transport payload lease held 1050 ms (≥ 1 s) — overlong handler invocation or a §5.4 severance escape; watch transport_lease_overlong / transport_parked_commits
[2026-08-30T11:09:02Z ERROR fuse3::raw::connection::fuse_over_uring] transport payload lease held 1059 ms (≥ 1 s) — overlong handler invocation or a §5.4 severance escape; watch transport_lease_overlong / transport_parked_commits
[2026-08-30T11:09:02Z ERROR fuse3::raw::connection::fuse_over_uring] transport payload lease held 1071 ms (≥ 1 s) — overlong handler invocation or a §5.4 severance escape; watch transport_lease_overlong / transport_parked_commits
[2026-08-30T11:09:02Z ERROR fuse3::raw::connection::fuse_over_uring] transport payload lease held 1071 ms (≥ 1 s) — overlong handler invocation or a §5.4 severance escape; watch transport_lease_overlong / transport_parked_commits
[2026-08-30T11:09:02Z ERROR fuse3::raw::connection::fuse_over_uring] transport payload lease held 1049 ms (≥ 1 s) — overlong handler invocation or a §5.4 severance escape; watch transport_lease_overlong / transport_parked_commits
[2026-08-30T11:09:02Z ERROR fuse3::raw::connection::fuse_over_uring] transport payload lease held 1059 ms (≥ 1 s) — overlong handler invocation or a §5.4 severance escape; watch transport_lease_overlong / transport_parked_commits
[2026-08-30T11:09:02Z ERROR fuse3::raw::connection::fuse_over_uring] transport payload lease held 1059 ms (≥ 1 s) — overlong handler invocation or a §5.4 severance escape; watch transport_lease_overlong / transport_parked_commits
[2026-08-30T11:09:02Z ERROR fuse3::raw::connection::fuse_over_uring] transport payload lease held 1059 ms (≥ 1 s) — overlong handler invocation or a §5.4 severance escape; watch transport_lease_overlong / transport_parked_commits
[2026-08-30T11:09:02Z ERROR fuse3::raw::connection::fuse_over_uring] transport payload lease held 1022 ms (≥ 1 s) — overlong handler invocation or a §5.4 severance escape; watch transport_lease_overlong / transport_parked_commits
[2026-08-30T11:09:02Z ERROR fuse3::raw::connection::fuse_over_uring] transport payload lease held 1018 ms (≥ 1 s) — overlong handler invocation or a §5.4 severance escape; watch transport_lease_overlong / transport_parked_commits
[2026-08-30T11:09:02Z ERROR fuse3::raw::connection::fuse_over_uring] transport payload lease held 1139 ms (≥ 1 s) — overlong handler invocation or a §5.4 severance escape; watch transport_lease_overlong / transport_parked_commits
[2026-08-30T11:09:02Z ERROR fuse3::raw::connection::fuse_over_uring] transport payload lease held 1139 ms (≥ 1 s) — overlong handler invocation or a §5.4 severance escape; watch transport_lease_overlong / transport_parked_commits
[2026-08-30T11:09:02Z ERROR fuse3::raw::connection::fuse_over_uring] transport payload lease held 1139 ms (≥ 1 s) — overlong handler invocation or a §5.4 severance escape; watch transport_lease_overlong / transport_parked_commits
[2026-08-30T11:09:02Z ERROR fuse3::raw::connection::fuse_over_uring] transport payload lease held 1139 ms (≥ 1 s) — overlong handler invocation or a §5.4 severance escape; watch transport_lease_overlong / transport_parked_commits
[2026-08-30T11:09:02Z ERROR fuse3::raw::connection::fuse_over_uring] transport payload lease held 1200 ms (≥ 1 s) — overlong handler invocation or a §5.4 severance escape; watch transport_lease_overlong / transport_parked_commits
[2026-08-30T11:09:02Z ERROR fuse3::raw::connection::fuse_over_uring] transport payload lease held 1200 ms (≥ 1 s) — overlong handler invocation or a §5.4 severance escape; watch transport_lease_overlong / transport_parked_commits
[2026-08-30T11:09:02Z ERROR fuse3::raw::connection::fuse_over_uring] transport payload lease held 1201 ms (≥ 1 s) — overlong handler invocation or a §5.4 severance escape; watch transport_lease_overlong / transport_parked_commits
[2026-08-30T11:09:02Z ERROR fuse3::raw::connection::fuse_over_uring] transport payload lease held 1201 ms (≥ 1 s) — overlong handler invocation or a §5.4 severance escape; watch transport_lease_overlong / transport_parked_commits
[2026-08-30T11:09:02Z ERROR fuse3::raw::connection::fuse_over_uring] transport payload lease held 1068 ms (≥ 1 s) — overlong handler invocation or a §5.4 severance escape; watch transport_lease_overlong / transport_parked_commits
[2026-08-30T11:09:02Z ERROR fuse3::raw::connection::fuse_over_uring] transport payload lease held 1068 ms (≥ 1 s) — overlong handler invocation or a §5.4 severance escape; watch transport_lease_overlong / transport_parked_commits
[2026-08-30T11:09:02Z ERROR fuse3::raw::connection::fuse_over_uring] transport payload lease held 1068 ms (≥ 1 s) — overlong handler invocation or a §5.4 severance escape; watch transport_lease_overlong / transport_parked_commits
[2026-08-30T11:09:02Z ERROR fuse3::raw::connection::fuse_over_uring] transport payload lease held 1005 ms (≥ 1 s) — overlong handler invocation or a §5.4 severance escape; watch transport_lease_overlong / transport_parked_commits
[2026-08-30T11:09:02Z ERROR fuse3::raw::connection::fuse_over_uring] transport payload lease held 1005 ms (≥ 1 s) — overlong handler invocation or a §5.4 severance escape; watch transport_lease_overlong / transport_parked_commits
[2026-08-30T11:09:02Z ERROR fuse3::raw::connection::fuse_over_uring] transport payload lease held 1006 ms (≥ 1 s) — overlong handler invocation or a §5.4 severance escape; watch transport_lease_overlong / transport_parked_commits
[2026-08-30T11:09:02Z ERROR fuse3::raw::connection::fuse_over_uring] transport payload lease held 1006 ms (≥ 1 s) — overlong handler invocation or a §5.4 severance escape; watch transport_lease_overlong / transport_parked_commits
[2026-08-30T11:09:02Z ERROR fuse3::raw::connection::fuse_over_uring] transport payload lease held 1169 ms (≥ 1 s) — overlong handler invocation or a §5.4 severance escape; watch transport_lease_overlong / transport_parked_commits
[2026-08-30T11:09:02Z ERROR fuse3::raw::connection::fuse_over_uring] transport payload lease held 1169 ms (≥ 1 s) — overlong handler invocation or a §5.4 severance escape; watch transport_lease_overlong / transport_parked_commits
[2026-08-30T11:09:02Z ERROR fuse3::raw::connection::fuse_over_uring] transport payload lease held 1169 ms (≥ 1 s) — overlong handler invocation or a §5.4 severance escape; watch transport_lease_overlong / transport_parked_commits
[2026-08-30T11:09:02Z ERROR fuse3::raw::connection::fuse_over_uring] transport payload lease held 1169 ms (≥ 1 s) — overlong handler invocation or a §5.4 severance escape; watch transport_lease_overlong / transport_parked_commits
[2026-08-30T11:09:02Z ERROR fuse3::raw::connection::fuse_over_uring] transport payload lease held 1014 ms (≥ 1 s) — overlong handler invocation or a §5.4 severance escape; watch transport_lease_overlong / transport_parked_commits
[2026-08-30T11:09:02Z ERROR fuse3::raw::connection::fuse_over_uring] transport payload lease held 1013 ms (≥ 1 s) — overlong handler invocation or a §5.4 severance escape; watch transport_lease_overlong / transport_parked_commits
[2026-08-30T11:09:02Z ERROR fuse3::raw::connection::fuse_over_uring] transport payload lease held 1013 ms (≥ 1 s) — overlong handler invocation or a §5.4 severance escape; watch transport_lease_overlong / transport_parked_commits
[2026-08-30T11:09:02Z ERROR fuse3::raw::connection::fuse_over_uring] transport payload lease held 1129 ms (≥ 1 s) — overlong handler invocation or a §5.4 severance escape; watch transport_lease_overlong / transport_parked_commits
[2026-08-30T11:09:02Z ERROR fuse3::raw::connection::fuse_over_uring] transport payload lease held 1129 ms (≥ 1 s) — overlong handler invocation or a §5.4 severance escape; watch transport_lease_overlong / transport_parked_commits
[2026-08-30T11:09:02Z ERROR fuse3::raw::connection::fuse_over_uring] transport payload lease held 1130 ms (≥ 1 s) — overlong handler invocation or a §5.4 severance escape; watch transport_lease_overlong / transport_parked_commits
[2026-08-30T11:09:02Z ERROR fuse3::raw::connection::fuse_over_uring] transport payload lease held 1130 ms (≥ 1 s) — overlong handler invocation or a §5.4 severance escape; watch transport_lease_overlong / transport_parked_commits
[2026-08-30T11:09:02Z ERROR fuse3::raw::connection::fuse_over_uring] transport payload lease held 1322 ms (≥ 1 s) — overlong handler invocation or a §5.4 severance escape; watch transport_lease_overlong / transport_parked_commits
[2026-08-30T11:09:02Z ERROR fuse3::raw::connection::fuse_over_uring] transport payload lease held 1322 ms (≥ 1 s) — overlong handler invocation or a §5.4 severance escape; watch transport_lease_overlong / transport_parked_commits
[2026-08-30T11:09:02Z WARN  squeezefs::block_allocator] co-writer: abandoning never-published block offset(s) leak-safe (volume 'nvme7n1', first offset 159257722880): the publish that would have named them failed or refused, and a co-writer may not mutate ownership accounting — the next derivation (mount recovery / fsck C6) returns them to the free supply (cowriter_unpublished_abandons; further offsets at debug level)
[2026-08-30T11:09:07Z ERROR fuse3::raw::connection::fuse_over_uring] transport payload lease held 1433 ms (≥ 1 s) — overlong handler invocation or a §5.4 severance escape; watch transport_lease_overlong / transport_parked_commits
[2026-08-30T11:09:07Z ERROR fuse3::raw::connection::fuse_over_uring] transport payload lease held 1433 ms (≥ 1 s) — overlong handler invocation or a §5.4 severance escape; watch transport_lease_overlong / transport_parked_commits
[2026-08-30T11:09:07Z ERROR fuse3::raw::connection::fuse_over_uring] transport payload lease held 1433 ms (≥ 1 s) — overlong handler invocation or a §5.4 severance escape; watch transport_lease_overlong / transport_parked_commits
[2026-08-30T11:09:08Z ERROR fuse3::raw::connection::fuse_over_uring] transport payload lease held 1581 ms (≥ 1 s) — overlong handler invocation or a §5.4 severance escape; watch transport_lease_overlong / transport_parked_commits
[2026-08-30T11:09:08Z ERROR fuse3::raw::connection::fuse_over_uring] transport payload lease held 1582 ms (≥ 1 s) — overlong handler invocation or a §5.4 severance escape; watch transport_lease_overlong / transport_parked_commits
[2026-08-30T11:09:08Z ERROR fuse3::raw::connection::fuse_over_uring] transport payload lease held 1582 ms (≥ 1 s) — overlong handler invocation or a §5.4 severance escape; watch transport_lease_overlong / transport_parked_commits
[2026-08-30T11:09:08Z ERROR fuse3::raw::connection::fuse_over_uring] transport payload lease held 1582 ms (≥ 1 s) — overlong handler invocation or a §5.4 severance escape; watch transport_lease_overlong / transport_parked_commits
[2026-08-30T11:09:08Z ERROR fuse3::raw::connection::fuse_over_uring] transport payload lease held 1768 ms (≥ 1 s) — overlong handler invocation or a §5.4 severance escape; watch transport_lease_overlong / transport_parked_commits
[2026-08-30T11:09:08Z ERROR fuse3::raw::connection::fuse_over_uring] transport payload lease held 1769 ms (≥ 1 s) — overlong handler invocation or a §5.4 severance escape; watch transport_lease_overlong / transport_parked_commits
[2026-08-30T11:09:08Z ERROR fuse3::raw::connection::fuse_over_uring] transport payload lease held 1769 ms (≥ 1 s) — overlong handler invocation or a §5.4 severance escape; watch transport_lease_overlong / transport_parked_commits
[2026-08-30T11:09:12Z ERROR fuse3::raw::connection::fuse_over_uring] transport payload lease held 1015 ms (≥ 1 s) — overlong handler invocation or a §5.4 severance escape; watch transport_lease_overlong / transport_parked_commits
[2026-08-30T11:09:12Z ERROR fuse3::raw::connection::fuse_over_uring] transport payload lease held 1002 ms (≥ 1 s) — overlong handler invocation or a §5.4 severance escape; watch transport_lease_overlong / transport_parked_commits
[2026-08-30T11:09:12Z ERROR fuse3::raw::connection::fuse_over_uring] transport payload lease held 1002 ms (≥ 1 s) — overlong handler invocation or a §5.4 severance escape; watch transport_lease_overlong / transport_parked_commits
[2026-08-30T11:09:12Z ERROR fuse3::raw::connection::fuse_over_uring] transport payload lease held 1178 ms (≥ 1 s) — overlong handler invocation or a §5.4 severance escape; watch transport_lease_overlong / transport_parked_commits
[2026-08-30T11:09:12Z ERROR fuse3::raw::connection::fuse_over_uring] transport payload lease held 1178 ms (≥ 1 s) — overlong handler invocation or a §5.4 severance escape; watch transport_lease_overlong / transport_parked_commits
[2026-08-30T11:09:12Z ERROR fuse3::raw::connection::fuse_over_uring] transport payload lease held 1175 ms (≥ 1 s) — overlong handler invocation or a §5.4 severance escape; watch transport_lease_overlong / transport_parked_commits
[2026-08-30T11:09:12Z ERROR fuse3::raw::connection::fuse_over_uring] transport payload lease held 1208 ms (≥ 1 s) — overlong handler invocation or a §5.4 severance escape; watch transport_lease_overlong / transport_parked_commits
[2026-08-30T11:09:12Z ERROR fuse3::raw::connection::fuse_over_uring] transport payload lease held 1205 ms (≥ 1 s) — overlong handler invocation or a §5.4 severance escape; watch transport_lease_overlong / transport_parked_commits
[2026-08-30T11:09:12Z ERROR fuse3::raw::connection::fuse_over_uring] transport payload lease held 1190 ms (≥ 1 s) — overlong handler invocation or a §5.4 severance escape; watch transport_lease_overlong / transport_parked_commits
[2026-08-30T11:09:12Z ERROR fuse3::raw::connection::fuse_over_uring] transport payload lease held 1162 ms (≥ 1 s) — overlong handler invocation or a §5.4 severance escape; watch transport_lease_overlong / transport_parked_commits
[2026-08-30T11:09:12Z ERROR fuse3::raw::connection::fuse_over_uring] transport payload lease held 1156 ms (≥ 1 s) — overlong handler invocation or a §5.4 severance escape; watch transport_lease_overlong / transport_parked_commits
[2026-08-30T11:09:12Z ERROR fuse3::raw::connection::fuse_over_uring] transport payload lease held 1156 ms (≥ 1 s) — overlong handler invocation or a §5.4 severance escape; watch transport_lease_overlong / transport_parked_commits
[2026-08-30T11:09:12Z ERROR fuse3::raw::connection::fuse_over_uring] transport payload lease held 1156 ms (≥ 1 s) — overlong handler invocation or a §5.4 severance escape; watch transport_lease_overlong / transport_parked_commits
[2026-08-30T11:09:12Z ERROR fuse3::raw::connection::fuse_over_uring] transport payload lease held 1211 ms (≥ 1 s) — overlong handler invocation or a §5.4 severance escape; watch transport_lease_overlong / transport_parked_commits
[2026-08-30T11:09:12Z ERROR fuse3::raw::connection::fuse_over_uring] transport payload lease held 1211 ms (≥ 1 s) — overlong handler invocation or a §5.4 severance escape; watch transport_lease_overlong / transport_parked_commits
[2026-08-30T11:09:12Z ERROR fuse3::raw::connection::fuse_over_uring] transport payload lease held 1211 ms (≥ 1 s) — overlong handler invocation or a §5.4 severance escape; watch transport_lease_overlong / transport_parked_commits
[2026-08-30T11:09:13Z ERROR fuse3::raw::connection::fuse_over_uring] transport payload lease held 1345 ms (≥ 1 s) — overlong handler invocation or a §5.4 severance escape; watch transport_lease_overlong / transport_parked_commits
[2026-08-30T11:09:13Z ERROR fuse3::raw::connection::fuse_over_uring] transport payload lease held 1345 ms (≥ 1 s) — overlong handler invocation or a §5.4 severance escape; watch transport_lease_overlong / transport_parked_commits
[2026-08-30T11:09:13Z ERROR fuse3::raw::connection::fuse_over_uring] transport payload lease held 1331 ms (≥ 1 s) — overlong handler invocation or a §5.4 severance escape; watch transport_lease_overlong / transport_parked_commits
[2026-08-30T11:09:13Z ERROR fuse3::raw::connection::fuse_over_uring] transport payload lease held 1315 ms (≥ 1 s) — overlong handler invocation or a §5.4 severance escape; watch transport_lease_overlong / transport_parked_commits
[2026-08-30T11:09:13Z ERROR fuse3::raw::connection::fuse_over_uring] transport payload lease held 1415 ms (≥ 1 s) — overlong handler invocation or a §5.4 severance escape; watch transport_lease_overlong / transport_parked_commits
[2026-08-30T11:09:13Z ERROR fuse3::raw::connection::fuse_over_uring] transport payload lease held 1411 ms (≥ 1 s) — overlong handler invocation or a §5.4 severance escape; watch transport_lease_overlong / transport_parked_commits
[2026-08-30T11:09:13Z ERROR fuse3::raw::connection::fuse_over_uring] transport payload lease held 1411 ms (≥ 1 s) — overlong handler invocation or a §5.4 severance escape; watch transport_lease_overlong / transport_parked_commits
[2026-08-30T11:09:13Z ERROR fuse3::raw::connection::fuse_over_uring] transport payload lease held 1416 ms (≥ 1 s) — overlong handler invocation or a §5.4 severance escape; watch transport_lease_overlong / transport_parked_commits
[2026-08-30T11:09:13Z ERROR fuse3::raw::connection::fuse_over_uring] transport payload lease held 1389 ms (≥ 1 s) — overlong handler invocation or a §5.4 severance escape; watch transport_lease_overlong / transport_parked_commits
[2026-08-30T11:09:13Z ERROR fuse3::raw::connection::fuse_over_uring] transport payload lease held 1413 ms (≥ 1 s) — overlong handler invocation or a §5.4 severance escape; watch transport_lease_overlong / transport_parked_commits
[2026-08-30T11:09:13Z ERROR fuse3::raw::connection::fuse_over_uring] transport payload lease held 1390 ms (≥ 1 s) — overlong handler invocation or a §5.4 severance escape; watch transport_lease_overlong / transport_parked_commits
[2026-08-30T11:09:13Z ERROR fuse3::raw::connection::fuse_over_uring] transport payload lease held 1413 ms (≥ 1 s) — overlong handler invocation or a §5.4 severance escape; watch transport_lease_overlong / transport_parked_commits
[2026-08-30T11:09:13Z ERROR fuse3::raw::connection::fuse_over_uring] transport payload lease held 1390 ms (≥ 1 s) — overlong handler invocation or a §5.4 severance escape; watch transport_lease_overlong / transport_parked_commits
[2026-08-30T11:09:13Z ERROR fuse3::raw::connection::fuse_over_uring] transport payload lease held 1389 ms (≥ 1 s) — overlong handler invocation or a §5.4 severance escape; watch transport_lease_overlong / transport_parked_commits
[2026-08-30T11:09:13Z ERROR fuse3::raw::connection::fuse_over_uring] transport payload lease held 1365 ms (≥ 1 s) — overlong handler invocation or a §5.4 severance escape; watch transport_lease_overlong / transport_parked_commits
[2026-08-30T11:09:13Z ERROR fuse3::raw::connection::fuse_over_uring] transport payload lease held 1360 ms (≥ 1 s) — overlong handler invocation or a §5.4 severance escape; watch transport_lease_overlong / transport_parked_commits
[2026-08-30T11:09:13Z ERROR fuse3::raw::connection::fuse_over_uring] transport payload lease held 1351 ms (≥ 1 s) — overlong handler invocation or a §5.4 severance escape; watch transport_lease_overlong / transport_parked_commits
[2026-08-30T11:09:13Z ERROR fuse3::raw::connection::fuse_over_uring] transport payload lease held 1340 ms (≥ 1 s) — overlong handler invocation or a §5.4 severance escape; watch transport_lease_overlong / transport_parked_commits
[2026-08-30T11:09:15Z ERROR fuse3::raw::connection::fuse_over_uring] transport payload lease held 1057 ms (≥ 1 s) — overlong handler invocation or a §5.4 severance escape; watch transport_lease_overlong / transport_parked_commits
[2026-08-30T11:09:15Z ERROR fuse3::raw::connection::fuse_over_uring] transport payload lease held 1057 ms (≥ 1 s) — overlong handler invocation or a §5.4 severance escape; watch transport_lease_overlong / transport_parked_commits
[2026-08-30T11:09:15Z ERROR fuse3::raw::connection::fuse_over_uring] transport payload lease held 1057 ms (≥ 1 s) — overlong handler invocation or a §5.4 severance escape; watch transport_lease_overlong / transport_parked_commits
[2026-08-30T11:09:15Z ERROR fuse3::raw::connection::fuse_over_uring] transport payload lease held 1057 ms (≥ 1 s) — overlong handler invocation or a §5.4 severance escape; watch transport_lease_overlong / transport_parked_commits
[2026-08-30T11:09:15Z ERROR fuse3::raw::connection::fuse_over_uring] transport payload lease held 1213 ms (≥ 1 s) — overlong handler invocation or a §5.4 severance escape; watch transport_lease_overlong / transport_parked_commits
[2026-08-30T11:09:15Z ERROR fuse3::raw::connection::fuse_over_uring] transport payload lease held 1351 ms (≥ 1 s) — overlong handler invocation or a §5.4 severance escape; watch transport_lease_overlong / transport_parked_commits
[2026-08-30T11:09:15Z ERROR fuse3::raw::connection::fuse_over_uring] transport payload lease held 1349 ms (≥ 1 s) — overlong handler invocation or a §5.4 severance escape; watch transport_lease_overlong / transport_parked_commits
[2026-08-30T11:09:15Z ERROR fuse3::raw::connection::fuse_over_uring] transport payload lease held 1349 ms (≥ 1 s) — overlong handler invocation or a §5.4 severance escape; watch transport_lease_overlong / transport_parked_commits
[2026-08-30T11:09:15Z ERROR fuse3::raw::connection::fuse_over_uring] transport payload lease held 1349 ms (≥ 1 s) — overlong handler invocation or a §5.4 severance escape; watch transport_lease_overlong / transport_parked_commits
[2026-08-30T11:09:17Z ERROR fuse3::raw::connection::fuse_over_uring] transport payload lease held 1249 ms (≥ 1 s) — overlong handler invocation or a §5.4 severance escape; watch transport_lease_overlong / transport_parked_commits
[2026-08-30T11:09:17Z ERROR fuse3::raw::connection::fuse_over_uring] transport payload lease held 1248 ms (≥ 1 s) — overlong handler invocation or a §5.4 severance escape; watch transport_lease_overlong / transport_parked_commits
[2026-08-30T11:09:17Z ERROR fuse3::raw::connection::fuse_over_uring] transport payload lease held 1223 ms (≥ 1 s) — overlong handler invocation or a §5.4 severance escape; watch transport_lease_overlong / transport_parked_commits
[2026-08-30T11:09:17Z ERROR fuse3::raw::connection::fuse_over_uring] transport payload lease held 1223 ms (≥ 1 s) — overlong handler invocation or a §5.4 severance escape; watch transport_lease_overlong / transport_parked_commits
[2026-08-30T11:09:17Z ERROR fuse3::raw::connection::fuse_over_uring] transport payload lease held 1039 ms (≥ 1 s) — overlong handler invocation or a §5.4 severance escape; watch transport_lease_overlong / transport_parked_commits
[2026-08-30T11:09:17Z ERROR fuse3::raw::connection::fuse_over_uring] transport payload lease held 1039 ms (≥ 1 s) — overlong handler invocation or a §5.4 severance escape; watch transport_lease_overlong / transport_parked_commits
[2026-08-30T11:09:17Z ERROR fuse3::raw::connection::fuse_over_uring] transport payload lease held 1039 ms (≥ 1 s) — overlong handler invocation or a §5.4 severance escape; watch transport_lease_overlong / transport_parked_commits
[2026-08-30T11:09:17Z ERROR fuse3::raw::connection::fuse_over_uring] transport payload lease held 1292 ms (≥ 1 s) — overlong handler invocation or a §5.4 severance escape; watch transport_lease_overlong / transport_parked_commits
[2026-08-30T11:09:17Z ERROR fuse3::raw::connection::fuse_over_uring] transport payload lease held 1292 ms (≥ 1 s) — overlong handler invocation or a §5.4 severance escape; watch transport_lease_overlong / transport_parked_commits
[2026-08-30T11:09:17Z ERROR fuse3::raw::connection::fuse_over_uring] transport payload lease held 1144 ms (≥ 1 s) — overlong handler invocation or a §5.4 severance escape; watch transport_lease_overlong / transport_parked_commits
[2026-08-30T11:09:17Z ERROR fuse3::raw::connection::fuse_over_uring] transport payload lease held 1145 ms (≥ 1 s) — overlong handler invocation or a §5.4 severance escape; watch transport_lease_overlong / transport_parked_commits
[2026-08-30T11:09:17Z ERROR fuse3::raw::connection::fuse_over_uring] transport payload lease held 1083 ms (≥ 1 s) — overlong handler invocation or a §5.4 severance escape; watch transport_lease_overlong / transport_parked_commits
[2026-08-30T11:09:17Z ERROR fuse3::raw::connection::fuse_over_uring] transport payload lease held 1082 ms (≥ 1 s) — overlong handler invocation or a §5.4 severance escape; watch transport_lease_overlong / transport_parked_commits
[2026-08-30T11:09:17Z ERROR fuse3::raw::connection::fuse_over_uring] transport payload lease held 1083 ms (≥ 1 s) — overlong handler invocation or a §5.4 severance escape; watch transport_lease_overlong / transport_parked_commits
[2026-08-30T11:09:17Z ERROR fuse3::raw::connection::fuse_over_uring] transport payload lease held 1081 ms (≥ 1 s) — overlong handler invocation or a §5.4 severance escape; watch transport_lease_overlong / transport_parked_commits
[2026-08-30T11:09:17Z ERROR fuse3::raw::connection::fuse_over_uring] transport payload lease held 1182 ms (≥ 1 s) — overlong handler invocation or a §5.4 severance escape; watch transport_lease_overlong / transport_parked_commits
[2026-08-30T11:09:17Z ERROR fuse3::raw::connection::fuse_over_uring] transport payload lease held 1182 ms (≥ 1 s) — overlong handler invocation or a §5.4 severance escape; watch transport_lease_overlong / transport_parked_commits
[2026-08-30T11:09:17Z ERROR fuse3::raw::connection::fuse_over_uring] transport payload lease held 1117 ms (≥ 1 s) — overlong handler invocation or a §5.4 severance escape; watch transport_lease_overlong / transport_parked_commits
[2026-08-30T11:09:17Z ERROR fuse3::raw::connection::fuse_over_uring] transport payload lease held 1135 ms (≥ 1 s) — overlong handler invocation or a §5.4 severance escape; watch transport_lease_overlong / transport_parked_commits
[2026-08-30T11:09:17Z ERROR fuse3::raw::connection::fuse_over_uring] transport payload lease held 1159 ms (≥ 1 s) — overlong handler invocation or a §5.4 severance escape; watch transport_lease_overlong / transport_parked_commits
[2026-08-30T11:09:17Z ERROR fuse3::raw::connection::fuse_over_uring] transport payload lease held 1159 ms (≥ 1 s) — overlong handler invocation or a §5.4 severance escape; watch transport_lease_overlong / transport_parked_commits
[2026-08-30T11:09:17Z ERROR fuse3::raw::connection::fuse_over_uring] transport payload lease held 1159 ms (≥ 1 s) — overlong handler invocation or a §5.4 severance escape; watch transport_lease_overlong / transport_parked_commits
[2026-08-30T11:09:17Z ERROR fuse3::raw::connection::fuse_over_uring] transport payload lease held 1319 ms (≥ 1 s) — overlong handler invocation or a §5.4 severance escape; watch transport_lease_overlong / transport_parked_commits
[2026-08-30T11:09:17Z ERROR fuse3::raw::connection::fuse_over_uring] transport payload lease held 1319 ms (≥ 1 s) — overlong handler invocation or a §5.4 severance escape; watch transport_lease_overlong / transport_parked_commits
[2026-08-30T11:09:17Z ERROR fuse3::raw::connection::fuse_over_uring] transport payload lease held 1364 ms (≥ 1 s) — overlong handler invocation or a §5.4 severance escape; watch transport_lease_overlong / transport_parked_commits
[2026-08-30T11:09:17Z ERROR fuse3::raw::connection::fuse_over_uring] transport payload lease held 1364 ms (≥ 1 s) — overlong handler invocation or a §5.4 severance escape; watch transport_lease_overlong / transport_parked_commits
[2026-08-30T11:09:17Z ERROR fuse3::raw::connection::fuse_over_uring] transport payload lease held 1364 ms (≥ 1 s) — overlong handler invocation or a §5.4 severance escape; watch transport_lease_overlong / transport_parked_commits
[2026-08-30T11:09:17Z ERROR fuse3::raw::connection::fuse_over_uring] transport payload lease held 1364 ms (≥ 1 s) — overlong handler invocation or a §5.4 severance escape; watch transport_lease_overlong / transport_parked_commits
[2026-08-30T11:09:18Z WARN  squeezefs::block_allocator] co-writer: abandoning never-published block offset(s) leak-safe (volume 'nvme7n1', first offset 177779769344): the publish that would have named them failed or refused, and a co-writer may not mutate ownership accounting — the next derivation (mount recovery / fsck C6) returns them to the free supply (cowriter_unpublished_abandons; further offsets at debug level)
[2026-08-30T11:09:18Z ERROR fuse3::raw::connection::fuse_over_uring] transport payload lease held 2258 ms (≥ 1 s) — overlong handler invocation or a §5.4 severance escape; watch transport_lease_overlong / transport_parked_commits
[2026-08-30T11:09:18Z ERROR fuse3::raw::connection::fuse_over_uring] transport payload lease held 2257 ms (≥ 1 s) — overlong handler invocation or a §5.4 severance escape; watch transport_lease_overlong / transport_parked_commits
[2026-08-30T11:09:18Z ERROR fuse3::raw::connection::fuse_over_uring] transport payload lease held 2257 ms (≥ 1 s) — overlong handler invocation or a §5.4 severance escape; watch transport_lease_overlong / transport_parked_commits
[2026-08-30T11:09:18Z ERROR fuse3::raw::connection::fuse_over_uring] transport payload lease held 1969 ms (≥ 1 s) — overlong handler invocation or a §5.4 severance escape; watch transport_lease_overlong / transport_parked_commits
[2026-08-30T11:09:18Z ERROR fuse3::raw::connection::fuse_over_uring] transport payload lease held 1969 ms (≥ 1 s) — overlong handler invocation or a §5.4 severance escape; watch transport_lease_overlong / transport_parked_commits
[2026-08-30T11:09:18Z ERROR fuse3::raw::connection::fuse_over_uring] transport payload lease held 1969 ms (≥ 1 s) — overlong handler invocation or a §5.4 severance escape; watch transport_lease_overlong / transport_parked_commits
[2026-08-30T11:09:18Z ERROR fuse3::raw::connection::fuse_over_uring] transport payload lease held 1917 ms (≥ 1 s) — overlong handler invocation or a §5.4 severance escape; watch transport_lease_overlong / transport_parked_commits
[2026-08-30T11:09:18Z ERROR fuse3::raw::connection::fuse_over_uring] transport payload lease held 1918 ms (≥ 1 s) — overlong handler invocation or a §5.4 severance escape; watch transport_lease_overlong / transport_parked_commits
[2026-08-30T11:09:18Z ERROR fuse3::raw::connection::fuse_over_uring] transport payload lease held 1912 ms (≥ 1 s) — overlong handler invocation or a §5.4 severance escape; watch transport_lease_overlong / transport_parked_commits
[2026-08-30T11:09:18Z ERROR fuse3::raw::connection::fuse_over_uring] transport payload lease held 1912 ms (≥ 1 s) — overlong handler invocation or a §5.4 severance escape; watch transport_lease_overlong / transport_parked_commits
[2026-08-30T11:09:18Z ERROR fuse3::raw::connection::fuse_over_uring] transport payload lease held 1928 ms (≥ 1 s) — overlong handler invocation or a §5.4 severance escape; watch transport_lease_overlong / transport_parked_commits
[2026-08-30T11:09:18Z ERROR fuse3::raw::connection::fuse_over_uring] transport payload lease held 1928 ms (≥ 1 s) — overlong handler invocation or a §5.4 severance escape; watch transport_lease_overlong / transport_parked_commits
[2026-08-30T11:09:18Z ERROR fuse3::raw::connection::fuse_over_uring] transport payload lease held 1929 ms (≥ 1 s) — overlong handler invocation or a §5.4 severance escape; watch transport_lease_overlong / transport_parked_commits
[2026-08-30T11:09:18Z ERROR fuse3::raw::connection::fuse_over_uring] transport payload lease held 1929 ms (≥ 1 s) — overlong handler invocation or a §5.4 severance escape; watch transport_lease_overlong / transport_parked_commits
[2026-08-30T11:09:18Z ERROR fuse3::raw::connection::fuse_over_uring] transport payload lease held 1957 ms (≥ 1 s) — overlong handler invocation or a §5.4 severance escape; watch transport_lease_overlong / transport_parked_commits
[2026-08-30T11:09:18Z ERROR fuse3::raw::connection::fuse_over_uring] transport payload lease held 1958 ms (≥ 1 s) — overlong handler invocation or a §5.4 severance escape; watch transport_lease_overlong / transport_parked_commits
[2026-08-30T11:09:18Z ERROR fuse3::raw::connection::fuse_over_uring] transport payload lease held 1958 ms (≥ 1 s) — overlong handler invocation or a §5.4 severance escape; watch transport_lease_overlong / transport_parked_commits
[2026-08-30T11:09:18Z ERROR fuse3::raw::connection::fuse_over_uring] transport payload lease held 1958 ms (≥ 1 s) — overlong handler invocation or a §5.4 severance escape; watch transport_lease_overlong / transport_parked_commits
[2026-08-30T11:09:18Z ERROR fuse3::raw::connection::fuse_over_uring] transport payload lease held 1966 ms (≥ 1 s) — overlong handler invocation or a §5.4 severance escape; watch transport_lease_overlong / transport_parked_commits
[2026-08-30T11:09:18Z ERROR fuse3::raw::connection::fuse_over_uring] transport payload lease held 1967 ms (≥ 1 s) — overlong handler invocation or a §5.4 severance escape; watch transport_lease_overlong / transport_parked_commits
[2026-08-30T11:09:18Z ERROR fuse3::raw::connection::fuse_over_uring] transport payload lease held 1967 ms (≥ 1 s) — overlong handler invocation or a §5.4 severance escape; watch transport_lease_overlong / transport_parked_commits
[2026-08-30T11:09:18Z ERROR fuse3::raw::connection::fuse_over_uring] transport payload lease held 1967 ms (≥ 1 s) — overlong handler invocation or a §5.4 severance escape; watch transport_lease_overlong / transport_parked_commits
[2026-08-30T11:09:21Z ERROR fuse3::raw::connection::fuse_over_uring] transport payload lease held 1070 ms (≥ 1 s) — overlong handler invocation or a §5.4 severance escape; watch transport_lease_overlong / transport_parked_commits
[2026-08-30T11:09:21Z ERROR fuse3::raw::connection::fuse_over_uring] transport payload lease held 1070 ms (≥ 1 s) — overlong handler invocation or a §5.4 severance escape; watch transport_lease_overlong / transport_parked_commits
[2026-08-30T11:09:21Z ERROR fuse3::raw::connection::fuse_over_uring] transport payload lease held 1071 ms (≥ 1 s) — overlong handler invocation or a §5.4 severance escape; watch transport_lease_overlong / transport_parked_commits
[2026-08-30T11:09:21Z ERROR fuse3::raw::connection::fuse_over_uring] transport payload lease held 1071 ms (≥ 1 s) — overlong handler invocation or a §5.4 severance escape; watch transport_lease_overlong / transport_parked_commits
[2026-08-30T11:09:21Z ERROR fuse3::raw::connection::fuse_over_uring] transport payload lease held 1088 ms (≥ 1 s) — overlong handler invocation or a §5.4 severance escape; watch transport_lease_overlong / transport_parked_commits
[2026-08-30T11:09:21Z ERROR fuse3::raw::connection::fuse_over_uring] transport payload lease held 1086 ms (≥ 1 s) — overlong handler invocation or a §5.4 severance escape; watch transport_lease_overlong / transport_parked_commits
[2026-08-30T11:09:21Z ERROR fuse3::raw::connection::fuse_over_uring] transport payload lease held 1086 ms (≥ 1 s) — overlong handler invocation or a §5.4 severance escape; watch transport_lease_overlong / transport_parked_commits
[2026-08-30T11:09:21Z ERROR fuse3::raw::connection::fuse_over_uring] transport payload lease held 1233 ms (≥ 1 s) — overlong handler invocation or a §5.4 severance escape; watch transport_lease_overlong / transport_parked_commits
[2026-08-30T11:09:21Z ERROR fuse3::raw::connection::fuse_over_uring] transport payload lease held 1233 ms (≥ 1 s) — overlong handler invocation or a §5.4 severance escape; watch transport_lease_overlong / transport_parked_commits
[2026-08-30T11:09:21Z ERROR fuse3::raw::connection::fuse_over_uring] transport payload lease held 1233 ms (≥ 1 s) — overlong handler invocation or a §5.4 severance escape; watch transport_lease_overlong / transport_parked_commits
[2026-08-30T11:09:21Z ERROR fuse3::raw::connection::fuse_over_uring] transport payload lease held 1384 ms (≥ 1 s) — overlong handler invocation or a §5.4 severance escape; watch transport_lease_overlong / transport_parked_commits
[2026-08-30T11:09:21Z ERROR fuse3::raw::connection::fuse_over_uring] transport payload lease held 1264 ms (≥ 1 s) — overlong handler invocation or a §5.4 severance escape; watch transport_lease_overlong / transport_parked_commits
[2026-08-30T11:09:21Z ERROR fuse3::raw::connection::fuse_over_uring] transport payload lease held 1569 ms (≥ 1 s) — overlong handler invocation or a §5.4 severance escape; watch transport_lease_overlong / transport_parked_commits
[2026-08-30T11:09:21Z ERROR fuse3::raw::connection::fuse_over_uring] transport payload lease held 1569 ms (≥ 1 s) — overlong handler invocation or a §5.4 severance escape; watch transport_lease_overlong / transport_parked_commits
[2026-08-30T11:09:22Z ERROR fuse3::raw::connection::fuse_over_uring] transport payload lease held 1964 ms (≥ 1 s) — overlong handler invocation or a §5.4 severance escape; watch transport_lease_overlong / transport_parked_commits
[2026-08-30T11:09:22Z ERROR fuse3::raw::connection::fuse_over_uring] transport payload lease held 1963 ms (≥ 1 s) — overlong handler invocation or a §5.4 severance escape; watch transport_lease_overlong / transport_parked_commits
[2026-08-30T11:09:22Z ERROR fuse3::raw::connection::fuse_over_uring] transport payload lease held 1963 ms (≥ 1 s) — overlong handler invocation or a §5.4 severance escape; watch transport_lease_overlong / transport_parked_commits
[2026-08-30T11:09:22Z ERROR fuse3::raw::connection::fuse_over_uring] transport payload lease held 1232 ms (≥ 1 s) — overlong handler invocation or a §5.4 severance escape; watch transport_lease_overlong / transport_parked_commits
[2026-08-30T11:09:22Z ERROR fuse3::raw::connection::fuse_over_uring] transport payload lease held 1221 ms (≥ 1 s) — overlong handler invocation or a §5.4 severance escape; watch transport_lease_overlong / transport_parked_commits
[2026-08-30T11:09:22Z ERROR fuse3::raw::connection::fuse_over_uring] transport payload lease held 1221 ms (≥ 1 s) — overlong handler invocation or a §5.4 severance escape; watch transport_lease_overlong / transport_parked_commits
[2026-08-30T11:09:23Z ERROR fuse3::raw::connection::fuse_over_uring] transport payload lease held 2888 ms (≥ 1 s) — overlong handler invocation or a §5.4 severance escape; watch transport_lease_overlong / transport_parked_commits
[2026-08-30T11:09:23Z ERROR fuse3::raw::connection::fuse_over_uring] transport payload lease held 2888 ms (≥ 1 s) — overlong handler invocation or a §5.4 severance escape; watch transport_lease_overlong / transport_parked_commits
[2026-08-30T11:09:23Z ERROR fuse3::raw::connection::fuse_over_uring] transport payload lease held 2889 ms (≥ 1 s) — overlong handler invocation or a §5.4 severance escape; watch transport_lease_overlong / transport_parked_commits
[2026-08-30T11:09:23Z ERROR fuse3::raw::connection::fuse_over_uring] transport payload lease held 2889 ms (≥ 1 s) — overlong handler invocation or a §5.4 severance escape; watch transport_lease_overlong / transport_parked_commits
[2026-08-30T11:09:23Z ERROR fuse3::raw::connection::fuse_over_uring] transport payload lease held 2735 ms (≥ 1 s) — overlong handler invocation or a §5.4 severance escape; watch transport_lease_overlong / transport_parked_commits
[2026-08-30T11:09:23Z ERROR fuse3::raw::connection::fuse_over_uring] transport payload lease held 2735 ms (≥ 1 s) — overlong handler invocation or a §5.4 severance escape; watch transport_lease_overlong / transport_parked_commits
[2026-08-30T11:09:23Z ERROR fuse3::raw::connection::fuse_over_uring] transport payload lease held 2735 ms (≥ 1 s) — overlong handler invocation or a §5.4 severance escape; watch transport_lease_overlong / transport_parked_commits
[2026-08-30T11:09:23Z ERROR fuse3::raw::connection::fuse_over_uring] transport payload lease held 1146 ms (≥ 1 s) — overlong handler invocation or a §5.4 severance escape; watch transport_lease_overlong / transport_parked_commits
[2026-08-30T11:09:23Z ERROR fuse3::raw::connection::fuse_over_uring] transport payload lease held 1146 ms (≥ 1 s) — overlong handler invocation or a §5.4 severance escape; watch transport_lease_overlong / transport_parked_commits
[2026-08-30T11:09:23Z ERROR fuse3::raw::connection::fuse_over_uring] transport payload lease held 1146 ms (≥ 1 s) — overlong handler invocation or a §5.4 severance escape; watch transport_lease_overlong / transport_parked_commits
[2026-08-30T11:09:23Z ERROR fuse3::raw::connection::fuse_over_uring] transport payload lease held 1146 ms (≥ 1 s) — overlong handler invocation or a §5.4 severance escape; watch transport_lease_overlong / transport_parked_commits
[2026-08-30T11:09:24Z ERROR fuse3::raw::connection::fuse_over_uring] transport payload lease held 1448 ms (≥ 1 s) — overlong handler invocation or a §5.4 severance escape; watch transport_lease_overlong / transport_parked_commits
[2026-08-30T11:09:24Z ERROR fuse3::raw::connection::fuse_over_uring] transport payload lease held 1447 ms (≥ 1 s) — overlong handler invocation or a §5.4 severance escape; watch transport_lease_overlong / transport_parked_commits
[2026-08-30T11:09:24Z ERROR fuse3::raw::connection::fuse_over_uring] transport payload lease held 1447 ms (≥ 1 s) — overlong handler invocation or a §5.4 severance escape; watch transport_lease_overlong / transport_parked_commits
[2026-08-30T11:09:24Z ERROR fuse3::raw::connection::fuse_over_uring] transport payload lease held 1447 ms (≥ 1 s) — overlong handler invocation or a §5.4 severance escape; watch transport_lease_overlong / transport_parked_commits
[2026-08-30T11:09:24Z ERROR fuse3::raw::connection::fuse_over_uring] transport payload lease held 1405 ms (≥ 1 s) — overlong handler invocation or a §5.4 severance escape; watch transport_lease_overlong / transport_parked_commits
[2026-08-30T11:09:24Z ERROR fuse3::raw::connection::fuse_over_uring] transport payload lease held 1381 ms (≥ 1 s) — overlong handler invocation or a §5.4 severance escape; watch transport_lease_overlong / transport_parked_commits
[2026-08-30T11:09:24Z ERROR fuse3::raw::connection::fuse_over_uring] transport payload lease held 1368 ms (≥ 1 s) — overlong handler invocation or a §5.4 severance escape; watch transport_lease_overlong / transport_parked_commits
[2026-08-30T11:09:24Z ERROR fuse3::raw::connection::fuse_over_uring] transport payload lease held 1364 ms (≥ 1 s) — overlong handler invocation or a §5.4 severance escape; watch transport_lease_overlong / transport_parked_commits
[2026-08-30T11:09:24Z ERROR fuse3::raw::connection::fuse_over_uring] transport payload lease held 1546 ms (≥ 1 s) — overlong handler invocation or a §5.4 severance escape; watch transport_lease_overlong / transport_parked_commits
[2026-08-30T11:09:24Z ERROR fuse3::raw::connection::fuse_over_uring] transport payload lease held 1545 ms (≥ 1 s) — overlong handler invocation or a §5.4 severance escape; watch transport_lease_overlong / transport_parked_commits
[2026-08-30T11:09:24Z ERROR fuse3::raw::connection::fuse_over_uring] transport payload lease held 1545 ms (≥ 1 s) — overlong handler invocation or a §5.4 severance escape; watch transport_lease_overlong / transport_parked_commits
[2026-08-30T11:09:24Z ERROR fuse3::raw::connection::fuse_over_uring] transport payload lease held 1545 ms (≥ 1 s) — overlong handler invocation or a §5.4 severance escape; watch transport_lease_overlong / transport_parked_commits
[2026-08-30T11:09:24Z ERROR fuse3::raw::connection::fuse_over_uring] transport payload lease held 1582 ms (≥ 1 s) — overlong handler invocation or a §5.4 severance escape; watch transport_lease_overlong / transport_parked_commits
[2026-08-30T11:09:24Z ERROR fuse3::raw::connection::fuse_over_uring] transport payload lease held 1582 ms (≥ 1 s) — overlong handler invocation or a §5.4 severance escape; watch transport_lease_overlong / transport_parked_commits
[2026-08-30T11:09:24Z ERROR fuse3::raw::connection::fuse_over_uring] transport payload lease held 1583 ms (≥ 1 s) — overlong handler invocation or a §5.4 severance escape; watch transport_lease_overlong / transport_parked_commits
[2026-08-30T11:09:24Z ERROR fuse3::raw::connection::fuse_over_uring] transport payload lease held 1580 ms (≥ 1 s) — overlong handler invocation or a §5.4 severance escape; watch transport_lease_overlong / transport_parked_commits
[2026-08-30T11:09:28Z ERROR fuse3::raw::connection::fuse_over_uring] transport payload lease held 1026 ms (≥ 1 s) — overlong handler invocation or a §5.4 severance escape; watch transport_lease_overlong / transport_parked_commits
[2026-08-30T11:09:28Z ERROR fuse3::raw::connection::fuse_over_uring] transport payload lease held 1026 ms (≥ 1 s) — overlong handler invocation or a §5.4 severance escape; watch transport_lease_overlong / transport_parked_commits
[2026-08-30T11:09:28Z ERROR fuse3::raw::connection::fuse_over_uring] transport payload lease held 1027 ms (≥ 1 s) — overlong handler invocation or a §5.4 severance escape; watch transport_lease_overlong / transport_parked_commits
[2026-08-30T11:09:29Z ERROR fuse3::raw::connection::fuse_over_uring] transport payload lease held 1818 ms (≥ 1 s) — overlong handler invocation or a §5.4 severance escape; watch transport_lease_overlong / transport_parked_commits
[2026-08-30T11:09:29Z ERROR fuse3::raw::connection::fuse_over_uring] transport payload lease held 1818 ms (≥ 1 s) — overlong handler invocation or a §5.4 severance escape; watch transport_lease_overlong / transport_parked_commits
[2026-08-30T11:09:29Z ERROR fuse3::raw::connection::fuse_over_uring] transport payload lease held 1950 ms (≥ 1 s) — overlong handler invocation or a §5.4 severance escape; watch transport_lease_overlong / transport_parked_commits
[2026-08-30T11:09:29Z ERROR fuse3::raw::connection::fuse_over_uring] transport payload lease held 1951 ms (≥ 1 s) — overlong handler invocation or a §5.4 severance escape; watch transport_lease_overlong / transport_parked_commits
[2026-08-30T11:09:29Z ERROR fuse3::raw::connection::fuse_over_uring] transport payload lease held 1951 ms (≥ 1 s) — overlong handler invocation or a §5.4 severance escape; watch transport_lease_overlong / transport_parked_commits
[2026-08-30T11:09:29Z ERROR fuse3::raw::connection::fuse_over_uring] transport payload lease held 1951 ms (≥ 1 s) — overlong handler invocation or a §5.4 severance escape; watch transport_lease_overlong / transport_parked_commits
[2026-08-30T11:09:29Z ERROR fuse3::raw::connection::fuse_over_uring] transport payload lease held 2039 ms (≥ 1 s) — overlong handler invocation or a §5.4 severance escape; watch transport_lease_overlong / transport_parked_commits
[2026-08-30T11:09:29Z ERROR fuse3::raw::connection::fuse_over_uring] transport payload lease held 1724 ms (≥ 1 s) — overlong handler invocation or a §5.4 severance escape; watch transport_lease_overlong / transport_parked_commits
[2026-08-30T11:09:29Z ERROR fuse3::raw::connection::fuse_over_uring] transport payload lease held 1681 ms (≥ 1 s) — overlong handler invocation or a §5.4 severance escape; watch transport_lease_overlong / transport_parked_commits
[2026-08-30T11:09:29Z ERROR fuse3::raw::connection::fuse_over_uring] transport payload lease held 1677 ms (≥ 1 s) — overlong handler invocation or a §5.4 severance escape; watch transport_lease_overlong / transport_parked_commits
[2026-08-30T11:09:29Z ERROR fuse3::raw::connection::fuse_over_uring] transport payload lease held 2065 ms (≥ 1 s) — overlong handler invocation or a §5.4 severance escape; watch transport_lease_overlong / transport_parked_commits
[2026-08-30T11:09:29Z ERROR fuse3::raw::connection::fuse_over_uring] transport payload lease held 2062 ms (≥ 1 s) — overlong handler invocation or a §5.4 severance escape; watch transport_lease_overlong / transport_parked_commits
[2026-08-30T11:09:33Z ERROR fuse3::raw::connection::fuse_over_uring] transport payload lease held 1435 ms (≥ 1 s) — overlong handler invocation or a §5.4 severance escape; watch transport_lease_overlong / transport_parked_commits
[2026-08-30T11:09:33Z ERROR fuse3::raw::connection::fuse_over_uring] transport payload lease held 1435 ms (≥ 1 s) — overlong handler invocation or a §5.4 severance escape; watch transport_lease_overlong / transport_parked_commits
[2026-08-30T11:09:33Z ERROR fuse3::raw::connection::fuse_over_uring] transport payload lease held 1458 ms (≥ 1 s) — overlong handler invocation or a §5.4 severance escape; watch transport_lease_overlong / transport_parked_commits
[2026-08-30T11:09:33Z ERROR fuse3::raw::connection::fuse_over_uring] transport payload lease held 1459 ms (≥ 1 s) — overlong handler invocation or a §5.4 severance escape; watch transport_lease_overlong / transport_parked_commits
[2026-08-30T11:09:33Z ERROR fuse3::raw::connection::fuse_over_uring] transport payload lease held 1474 ms (≥ 1 s) — overlong handler invocation or a §5.4 severance escape; watch transport_lease_overlong / transport_parked_commits
[2026-08-30T11:09:33Z ERROR fuse3::raw::connection::fuse_over_uring] transport payload lease held 1474 ms (≥ 1 s) — overlong handler invocation or a §5.4 severance escape; watch transport_lease_overlong / transport_parked_commits
[2026-08-30T11:09:33Z ERROR fuse3::raw::connection::fuse_over_uring] transport payload lease held 1492 ms (≥ 1 s) — overlong handler invocation or a §5.4 severance escape; watch transport_lease_overlong / transport_parked_commits
[2026-08-30T11:09:33Z ERROR fuse3::raw::connection::fuse_over_uring] transport payload lease held 1492 ms (≥ 1 s) — overlong handler invocation or a §5.4 severance escape; watch transport_lease_overlong / transport_parked_commits
[2026-08-30T11:09:33Z ERROR fuse3::raw::connection::fuse_over_uring] transport payload lease held 1503 ms (≥ 1 s) — overlong handler invocation or a §5.4 severance escape; watch transport_lease_overlong / transport_parked_commits
[2026-08-30T11:09:33Z ERROR fuse3::raw::connection::fuse_over_uring] transport payload lease held 1503 ms (≥ 1 s) — overlong handler invocation or a §5.4 severance escape; watch transport_lease_overlong / transport_parked_commits
[2026-08-30T11:09:33Z ERROR fuse3::raw::connection::fuse_over_uring] transport payload lease held 1503 ms (≥ 1 s) — overlong handler invocation or a §5.4 severance escape; watch transport_lease_overlong / transport_parked_commits
[2026-08-30T11:09:33Z ERROR fuse3::raw::connection::fuse_over_uring] transport payload lease held 1503 ms (≥ 1 s) — overlong handler invocation or a §5.4 severance escape; watch transport_lease_overlong / transport_parked_commits
[2026-08-30T11:09:33Z ERROR fuse3::raw::connection::fuse_over_uring] transport payload lease held 1531 ms (≥ 1 s) — overlong handler invocation or a §5.4 severance escape; watch transport_lease_overlong / transport_parked_commits
[2026-08-30T11:09:33Z ERROR fuse3::raw::connection::fuse_over_uring] transport payload lease held 1531 ms (≥ 1 s) — overlong handler invocation or a §5.4 severance escape; watch transport_lease_overlong / transport_parked_commits
[2026-08-30T11:09:33Z ERROR fuse3::raw::connection::fuse_over_uring] transport payload lease held 1530 ms (≥ 1 s) — overlong handler invocation or a §5.4 severance escape; watch transport_lease_overlong / transport_parked_commits
[2026-08-30T11:09:33Z ERROR fuse3::raw::connection::fuse_over_uring] transport payload lease held 1531 ms (≥ 1 s) — overlong handler invocation or a §5.4 severance escape; watch transport_lease_overlong / transport_parked_commits
[2026-08-30T11:09:33Z ERROR fuse3::raw::connection::fuse_over_uring] transport payload lease held 1316 ms (≥ 1 s) — overlong handler invocation or a §5.4 severance escape; watch transport_lease_overlong / transport_parked_commits
[2026-08-30T11:09:33Z ERROR fuse3::raw::connection::fuse_over_uring] transport payload lease held 1634 ms (≥ 1 s) — overlong handler invocation or a §5.4 severance escape; watch transport_lease_overlong / transport_parked_commits
[2026-08-30T11:09:33Z ERROR fuse3::raw::connection::fuse_over_uring] transport payload lease held 1625 ms (≥ 1 s) — overlong handler invocation or a §5.4 severance escape; watch transport_lease_overlong / transport_parked_commits
[2026-08-30T11:09:33Z ERROR fuse3::raw::connection::fuse_over_uring] transport payload lease held 1624 ms (≥ 1 s) — overlong handler invocation or a §5.4 severance escape; watch transport_lease_overlong / transport_parked_commits
[2026-08-30T11:09:33Z ERROR fuse3::raw::connection::fuse_over_uring] transport payload lease held 1356 ms (≥ 1 s) — overlong handler invocation or a §5.4 severance escape; watch transport_lease_overlong / transport_parked_commits
[2026-08-30T11:09:33Z ERROR fuse3::raw::connection::fuse_over_uring] transport payload lease held 1356 ms (≥ 1 s) — overlong handler invocation or a §5.4 severance escape; watch transport_lease_overlong / transport_parked_commits
[2026-08-30T11:09:33Z ERROR fuse3::raw::connection::fuse_over_uring] transport payload lease held 1356 ms (≥ 1 s) — overlong handler invocation or a §5.4 severance escape; watch transport_lease_overlong / transport_parked_commits
[2026-08-30T11:09:33Z ERROR fuse3::raw::connection::fuse_over_uring] transport payload lease held 1365 ms (≥ 1 s) — overlong handler invocation or a §5.4 severance escape; watch transport_lease_overlong / transport_parked_commits
[2026-08-30T11:09:33Z ERROR fuse3::raw::connection::fuse_over_uring] transport payload lease held 1366 ms (≥ 1 s) — overlong handler invocation or a §5.4 severance escape; watch transport_lease_overlong / transport_parked_commits
[2026-08-30T11:09:33Z ERROR fuse3::raw::connection::fuse_over_uring] transport payload lease held 1365 ms (≥ 1 s) — overlong handler invocation or a §5.4 severance escape; watch transport_lease_overlong / transport_parked_commits
[2026-08-30T11:09:33Z ERROR fuse3::raw::connection::fuse_over_uring] transport payload lease held 1365 ms (≥ 1 s) — overlong handler invocation or a §5.4 severance escape; watch transport_lease_overlong / transport_parked_commits
[2026-08-30T11:09:33Z ERROR fuse3::raw::connection::fuse_over_uring] transport payload lease held 1399 ms (≥ 1 s) — overlong handler invocation or a §5.4 severance escape; watch transport_lease_overlong / transport_parked_commits
[2026-08-30T11:09:33Z ERROR fuse3::raw::connection::fuse_over_uring] transport payload lease held 1394 ms (≥ 1 s) — overlong handler invocation or a §5.4 severance escape; watch transport_lease_overlong / transport_parked_commits
[2026-08-30T11:09:33Z ERROR fuse3::raw::connection::fuse_over_uring] transport payload lease held 1390 ms (≥ 1 s) — overlong handler invocation or a §5.4 severance escape; watch transport_lease_overlong / transport_parked_commits
[2026-08-30T11:09:33Z ERROR fuse3::raw::connection::fuse_over_uring] transport payload lease held 1387 ms (≥ 1 s) — overlong handler invocation or a §5.4 severance escape; watch transport_lease_overlong / transport_parked_commits
[2026-08-30T11:09:33Z ERROR fuse3::raw::connection::fuse_over_uring] transport payload lease held 2393 ms (≥ 1 s) — overlong handler invocation or a §5.4 severance escape; watch transport_lease_overlong / transport_parked_commits
[2026-08-30T11:09:33Z ERROR fuse3::raw::connection::fuse_over_uring] transport payload lease held 2392 ms (≥ 1 s) — overlong handler invocation or a §5.4 severance escape; watch transport_lease_overlong / transport_parked_commits
[2026-08-30T11:09:33Z ERROR fuse3::raw::connection::fuse_over_uring] transport payload lease held 2393 ms (≥ 1 s) — overlong handler invocation or a §5.4 severance escape; watch transport_lease_overlong / transport_parked_commits
[2026-08-30T11:09:33Z ERROR fuse3::raw::connection::fuse_over_uring] transport payload lease held 2387 ms (≥ 1 s) — overlong handler invocation or a §5.4 severance escape; watch transport_lease_overlong / transport_parked_commits
[2026-08-30T11:09:33Z ERROR fuse3::raw::connection::fuse_over_uring] transport payload lease held 1117 ms (≥ 1 s) — overlong handler invocation or a §5.4 severance escape; watch transport_lease_overlong / transport_parked_commits
[2026-08-30T11:09:33Z ERROR fuse3::raw::connection::fuse_over_uring] transport payload lease held 1114 ms (≥ 1 s) — overlong handler invocation or a §5.4 severance escape; watch transport_lease_overlong / transport_parked_commits
[2026-08-30T11:09:33Z ERROR fuse3::raw::connection::fuse_over_uring] transport payload lease held 1115 ms (≥ 1 s) — overlong handler invocation or a §5.4 severance escape; watch transport_lease_overlong / transport_parked_commits
[2026-08-30T11:09:33Z ERROR fuse3::raw::connection::fuse_over_uring] transport payload lease held 1115 ms (≥ 1 s) — overlong handler invocation or a §5.4 severance escape; watch transport_lease_overlong / transport_parked_commits
[2026-08-30T11:09:33Z ERROR fuse3::raw::connection::fuse_over_uring] transport payload lease held 1042 ms (≥ 1 s) — overlong handler invocation or a §5.4 severance escape; watch transport_lease_overlong / transport_parked_commits
[2026-08-30T11:09:33Z ERROR fuse3::raw::connection::fuse_over_uring] transport payload lease held 1039 ms (≥ 1 s) — overlong handler invocation or a §5.4 severance escape; watch transport_lease_overlong / transport_parked_commits
[2026-08-30T11:09:33Z ERROR fuse3::raw::connection::fuse_over_uring] transport payload lease held 1067 ms (≥ 1 s) — overlong handler invocation or a §5.4 severance escape; watch transport_lease_overlong / transport_parked_commits
[2026-08-30T11:09:33Z ERROR fuse3::raw::connection::fuse_over_uring] transport payload lease held 1067 ms (≥ 1 s) — overlong handler invocation or a §5.4 severance escape; watch transport_lease_overlong / transport_parked_commits
[2026-08-30T11:09:33Z ERROR fuse3::raw::connection::fuse_over_uring] transport payload lease held 1114 ms (≥ 1 s) — overlong handler invocation or a §5.4 severance escape; watch transport_lease_overlong / transport_parked_commits
[2026-08-30T11:09:33Z ERROR fuse3::raw::connection::fuse_over_uring] transport payload lease held 1114 ms (≥ 1 s) — overlong handler invocation or a §5.4 severance escape; watch transport_lease_overlong / transport_parked_commits
[2026-08-30T11:09:33Z ERROR fuse3::raw::connection::fuse_over_uring] transport payload lease held 1114 ms (≥ 1 s) — overlong handler invocation or a §5.4 severance escape; watch transport_lease_overlong / transport_parked_commits
[2026-08-30T11:09:33Z ERROR fuse3::raw::connection::fuse_over_uring] transport payload lease held 1114 ms (≥ 1 s) — overlong handler invocation or a §5.4 severance escape; watch transport_lease_overlong / transport_parked_commits
[2026-08-30T11:09:33Z ERROR fuse3::raw::connection::fuse_over_uring] transport payload lease held 1075 ms (≥ 1 s) — overlong handler invocation or a §5.4 severance escape; watch transport_lease_overlong / transport_parked_commits
[2026-08-30T11:09:33Z ERROR fuse3::raw::connection::fuse_over_uring] transport payload lease held 1102 ms (≥ 1 s) — overlong handler invocation or a §5.4 severance escape; watch transport_lease_overlong / transport_parked_commits
[2026-08-30T11:09:33Z ERROR fuse3::raw::connection::fuse_over_uring] transport payload lease held 1102 ms (≥ 1 s) — overlong handler invocation or a §5.4 severance escape; watch transport_lease_overlong / transport_parked_commits
[2026-08-30T11:09:33Z ERROR fuse3::raw::connection::fuse_over_uring] transport payload lease held 1102 ms (≥ 1 s) — overlong handler invocation or a §5.4 severance escape; watch transport_lease_overlong / transport_parked_commits
[2026-08-30T11:09:33Z ERROR fuse3::raw::connection::fuse_over_uring] transport payload lease held 1088 ms (≥ 1 s) — overlong handler invocation or a §5.4 severance escape; watch transport_lease_overlong / transport_parked_commits
[2026-08-30T11:09:33Z ERROR fuse3::raw::connection::fuse_over_uring] transport payload lease held 1083 ms (≥ 1 s) — overlong handler invocation or a §5.4 severance escape; watch transport_lease_overlong / transport_parked_commits
[2026-08-30T11:09:33Z ERROR fuse3::raw::connection::fuse_over_uring] transport payload lease held 1077 ms (≥ 1 s) — overlong handler invocation or a §5.4 severance escape; watch transport_lease_overlong / transport_parked_commits
[2026-08-30T11:09:33Z ERROR fuse3::raw::connection::fuse_over_uring] transport payload lease held 1072 ms (≥ 1 s) — overlong handler invocation or a §5.4 severance escape; watch transport_lease_overlong / transport_parked_commits
[2026-08-30T11:09:34Z ERROR fuse3::raw::connection::fuse_over_uring] transport payload lease held 1235 ms (≥ 1 s) — overlong handler invocation or a §5.4 severance escape; watch transport_lease_overlong / transport_parked_commits
[2026-08-30T11:09:34Z ERROR fuse3::raw::connection::fuse_over_uring] transport payload lease held 1235 ms (≥ 1 s) — overlong handler invocation or a §5.4 severance escape; watch transport_lease_overlong / transport_parked_commits
[2026-08-30T11:09:34Z ERROR fuse3::raw::connection::fuse_over_uring] transport payload lease held 1226 ms (≥ 1 s) — overlong handler invocation or a §5.4 severance escape; watch transport_lease_overlong / transport_parked_commits
[2026-08-30T11:09:34Z ERROR fuse3::raw::connection::fuse_over_uring] transport payload lease held 1222 ms (≥ 1 s) — overlong handler invocation or a §5.4 severance escape; watch transport_lease_overlong / transport_parked_commits
[2026-08-30T11:09:34Z ERROR fuse3::raw::connection::fuse_over_uring] transport payload lease held 1355 ms (≥ 1 s) — overlong handler invocation or a §5.4 severance escape; watch transport_lease_overlong / transport_parked_commits
[2026-08-30T11:09:34Z ERROR fuse3::raw::connection::fuse_over_uring] transport payload lease held 1355 ms (≥ 1 s) — overlong handler invocation or a §5.4 severance escape; watch transport_lease_overlong / transport_parked_commits
[2026-08-30T11:09:37Z ERROR fuse3::raw::connection::fuse_over_uring] transport payload lease held 1315 ms (≥ 1 s) — overlong handler invocation or a §5.4 severance escape; watch transport_lease_overlong / transport_parked_commits
[2026-08-30T11:09:37Z ERROR fuse3::raw::connection::fuse_over_uring] transport payload lease held 1316 ms (≥ 1 s) — overlong handler invocation or a §5.4 severance escape; watch transport_lease_overlong / transport_parked_commits
[2026-08-30T11:09:37Z ERROR fuse3::raw::connection::fuse_over_uring] transport payload lease held 1316 ms (≥ 1 s) — overlong handler invocation or a §5.4 severance escape; watch transport_lease_overlong / transport_parked_commits
[2026-08-30T11:09:37Z ERROR fuse3::raw::connection::fuse_over_uring] transport payload lease held 1314 ms (≥ 1 s) — overlong handler invocation or a §5.4 severance escape; watch transport_lease_overlong / transport_parked_commits
[2026-08-30T11:09:37Z WARN  squeezefs::block_allocator] co-writer: abandoning never-published block offset(s) leak-safe (volume 'nvme4n1', first offset 197442666496): the publish that would have named them failed or refused, and a co-writer may not mutate ownership accounting — the next derivation (mount recovery / fsck C6) returns them to the free supply (cowriter_unpublished_abandons; further offsets at debug level)
[2026-08-30T11:09:43Z ERROR fuse3::raw::connection::fuse_over_uring] transport payload lease held 1174 ms (≥ 1 s) — overlong handler invocation or a §5.4 severance escape; watch transport_lease_overlong / transport_parked_commits
[2026-08-30T11:09:43Z ERROR fuse3::raw::connection::fuse_over_uring] transport payload lease held 1174 ms (≥ 1 s) — overlong handler invocation or a §5.4 severance escape; watch transport_lease_overlong / transport_parked_commits
[2026-08-30T11:09:43Z ERROR fuse3::raw::connection::fuse_over_uring] transport payload lease held 1159 ms (≥ 1 s) — overlong handler invocation or a §5.4 severance escape; watch transport_lease_overlong / transport_parked_commits
[2026-08-30T11:09:43Z ERROR fuse3::raw::connection::fuse_over_uring] transport payload lease held 1147 ms (≥ 1 s) — overlong handler invocation or a §5.4 severance escape; watch transport_lease_overlong / transport_parked_commits
[2026-08-30T11:09:43Z ERROR fuse3::raw::connection::fuse_over_uring] transport payload lease held 1163 ms (≥ 1 s) — overlong handler invocation or a §5.4 severance escape; watch transport_lease_overlong / transport_parked_commits
[2026-08-30T11:09:43Z ERROR fuse3::raw::connection::fuse_over_uring] transport payload lease held 1157 ms (≥ 1 s) — overlong handler invocation or a §5.4 severance escape; watch transport_lease_overlong / transport_parked_commits
[2026-08-30T11:09:43Z ERROR fuse3::raw::connection::fuse_over_uring] transport payload lease held 1138 ms (≥ 1 s) — overlong handler invocation or a §5.4 severance escape; watch transport_lease_overlong / transport_parked_commits
[2026-08-30T11:09:43Z ERROR fuse3::raw::connection::fuse_over_uring] transport payload lease held 1163 ms (≥ 1 s) — overlong handler invocation or a §5.4 severance escape; watch transport_lease_overlong / transport_parked_commits
[2026-08-30T11:09:43Z ERROR fuse3::raw::connection::fuse_over_uring] transport payload lease held 1225 ms (≥ 1 s) — overlong handler invocation or a §5.4 severance escape; watch transport_lease_overlong / transport_parked_commits
[2026-08-30T11:09:43Z ERROR fuse3::raw::connection::fuse_over_uring] transport payload lease held 1221 ms (≥ 1 s) — overlong handler invocation or a §5.4 severance escape; watch transport_lease_overlong / transport_parked_commits
[2026-08-30T11:09:43Z ERROR fuse3::raw::connection::fuse_over_uring] transport payload lease held 1221 ms (≥ 1 s) — overlong handler invocation or a §5.4 severance escape; watch transport_lease_overlong / transport_parked_commits
[2026-08-30T11:09:43Z ERROR fuse3::raw::connection::fuse_over_uring] transport payload lease held 1221 ms (≥ 1 s) — overlong handler invocation or a §5.4 severance escape; watch transport_lease_overlong / transport_parked_commits
[2026-08-30T11:09:43Z ERROR fuse3::raw::connection::fuse_over_uring] transport payload lease held 1144 ms (≥ 1 s) — overlong handler invocation or a §5.4 severance escape; watch transport_lease_overlong / transport_parked_commits
[2026-08-30T11:09:43Z ERROR fuse3::raw::connection::fuse_over_uring] transport payload lease held 1159 ms (≥ 1 s) — overlong handler invocation or a §5.4 severance escape; watch transport_lease_overlong / transport_parked_commits
[2026-08-30T11:09:43Z ERROR fuse3::raw::connection::fuse_over_uring] transport payload lease held 1157 ms (≥ 1 s) — overlong handler invocation or a §5.4 severance escape; watch transport_lease_overlong / transport_parked_commits
[2026-08-30T11:09:43Z ERROR fuse3::raw::connection::fuse_over_uring] transport payload lease held 1154 ms (≥ 1 s) — overlong handler invocation or a §5.4 severance escape; watch transport_lease_overlong / transport_parked_commits
[2026-08-30T11:09:43Z ERROR fuse3::raw::connection::fuse_over_uring] transport payload lease held 1117 ms (≥ 1 s) — overlong handler invocation or a §5.4 severance escape; watch transport_lease_overlong / transport_parked_commits
[2026-08-30T11:09:44Z ERROR fuse3::raw::connection::fuse_over_uring] transport payload lease held 1149 ms (≥ 1 s) — overlong handler invocation or a §5.4 severance escape; watch transport_lease_overlong / transport_parked_commits
[2026-08-30T11:09:44Z ERROR fuse3::raw::connection::fuse_over_uring] transport payload lease held 1149 ms (≥ 1 s) — overlong handler invocation or a §5.4 severance escape; watch transport_lease_overlong / transport_parked_commits
[2026-08-30T11:09:44Z ERROR fuse3::raw::connection::fuse_over_uring] transport payload lease held 1149 ms (≥ 1 s) — overlong handler invocation or a §5.4 severance escape; watch transport_lease_overlong / transport_parked_commits
[2026-08-30T11:09:44Z ERROR fuse3::raw::connection::fuse_over_uring] transport payload lease held 1107 ms (≥ 1 s) — overlong handler invocation or a §5.4 severance escape; watch transport_lease_overlong / transport_parked_commits
[2026-08-30T11:09:44Z ERROR fuse3::raw::connection::fuse_over_uring] transport payload lease held 1074 ms (≥ 1 s) — overlong handler invocation or a §5.4 severance escape; watch transport_lease_overlong / transport_parked_commits
[2026-08-30T11:09:44Z ERROR fuse3::raw::connection::fuse_over_uring] transport payload lease held 1074 ms (≥ 1 s) — overlong handler invocation or a §5.4 severance escape; watch transport_lease_overlong / transport_parked_commits
[2026-08-30T11:09:44Z ERROR fuse3::raw::connection::fuse_over_uring] transport payload lease held 1074 ms (≥ 1 s) — overlong handler invocation or a §5.4 severance escape; watch transport_lease_overlong / transport_parked_commits
[2026-08-30T11:09:44Z ERROR fuse3::raw::connection::fuse_over_uring] transport payload lease held 1025 ms (≥ 1 s) — overlong handler invocation or a §5.4 severance escape; watch transport_lease_overlong / transport_parked_commits
[2026-08-30T11:09:44Z ERROR fuse3::raw::connection::fuse_over_uring] transport payload lease held 1023 ms (≥ 1 s) — overlong handler invocation or a §5.4 severance escape; watch transport_lease_overlong / transport_parked_commits
[2026-08-30T11:09:44Z ERROR fuse3::raw::connection::fuse_over_uring] transport payload lease held 1018 ms (≥ 1 s) — overlong handler invocation or a §5.4 severance escape; watch transport_lease_overlong / transport_parked_commits
[2026-08-30T11:09:44Z ERROR fuse3::raw::connection::fuse_over_uring] transport payload lease held 1018 ms (≥ 1 s) — overlong handler invocation or a §5.4 severance escape; watch transport_lease_overlong / transport_parked_commits
[2026-08-30T11:09:49Z WARN  squeezefs::block_allocator] co-writer: abandoning never-published block offset(s) leak-safe (volume 'nvme5n1', first offset 213146140672): the publish that would have named them failed or refused, and a co-writer may not mutate ownership accounting — the next derivation (mount recovery / fsck C6) returns them to the free supply (cowriter_unpublished_abandons; further offsets at debug level)
[2026-08-30T11:09:52Z ERROR fuse3::raw::connection::fuse_over_uring] transport payload lease held 1004 ms (≥ 1 s) — overlong handler invocation or a §5.4 severance escape; watch transport_lease_overlong / transport_parked_commits
[2026-08-30T11:09:52Z ERROR fuse3::raw::connection::fuse_over_uring] transport payload lease held 1004 ms (≥ 1 s) — overlong handler invocation or a §5.4 severance escape; watch transport_lease_overlong / transport_parked_commits
[2026-08-30T11:09:52Z ERROR fuse3::raw::connection::fuse_over_uring] transport payload lease held 1004 ms (≥ 1 s) — overlong handler invocation or a §5.4 severance escape; watch transport_lease_overlong / transport_parked_commits
[2026-08-30T11:09:52Z ERROR fuse3::raw::connection::fuse_over_uring] transport payload lease held 1016 ms (≥ 1 s) — overlong handler invocation or a §5.4 severance escape; watch transport_lease_overlong / transport_parked_commits
[2026-08-30T11:09:52Z ERROR fuse3::raw::connection::fuse_over_uring] transport payload lease held 1015 ms (≥ 1 s) — overlong handler invocation or a §5.4 severance escape; watch transport_lease_overlong / transport_parked_commits
[2026-08-30T11:09:52Z ERROR fuse3::raw::connection::fuse_over_uring] transport payload lease held 1015 ms (≥ 1 s) — overlong handler invocation or a §5.4 severance escape; watch transport_lease_overlong / transport_parked_commits
[2026-08-30T11:09:53Z ERROR fuse3::raw::connection::fuse_over_uring] transport payload lease held 1314 ms (≥ 1 s) — overlong handler invocation or a §5.4 severance escape; watch transport_lease_overlong / transport_parked_commits
[2026-08-30T11:09:53Z ERROR fuse3::raw::connection::fuse_over_uring] transport payload lease held 1315 ms (≥ 1 s) — overlong handler invocation or a §5.4 severance escape; watch transport_lease_overlong / transport_parked_commits
[2026-08-30T11:09:53Z ERROR fuse3::raw::connection::fuse_over_uring] transport payload lease held 1765 ms (≥ 1 s) — overlong handler invocation or a §5.4 severance escape; watch transport_lease_overlong / transport_parked_commits
[2026-08-30T11:09:53Z ERROR fuse3::raw::connection::fuse_over_uring] transport payload lease held 1766 ms (≥ 1 s) — overlong handler invocation or a §5.4 severance escape; watch transport_lease_overlong / transport_parked_commits
[2026-08-30T11:09:53Z ERROR fuse3::raw::connection::fuse_over_uring] transport payload lease held 1766 ms (≥ 1 s) — overlong handler invocation or a §5.4 severance escape; watch transport_lease_overlong / transport_parked_commits
[2026-08-30T11:09:53Z ERROR fuse3::raw::connection::fuse_over_uring] transport payload lease held 1766 ms (≥ 1 s) — overlong handler invocation or a §5.4 severance escape; watch transport_lease_overlong / transport_parked_commits
[2026-08-30T11:09:53Z ERROR fuse3::raw::connection::fuse_over_uring] transport payload lease held 1832 ms (≥ 1 s) — overlong handler invocation or a §5.4 severance escape; watch transport_lease_overlong / transport_parked_commits
[2026-08-30T11:09:53Z ERROR fuse3::raw::connection::fuse_over_uring] transport payload lease held 1829 ms (≥ 1 s) — overlong handler invocation or a §5.4 severance escape; watch transport_lease_overlong / transport_parked_commits
[2026-08-30T11:09:53Z ERROR fuse3::raw::connection::fuse_over_uring] transport payload lease held 1829 ms (≥ 1 s) — overlong handler invocation or a §5.4 severance escape; watch transport_lease_overlong / transport_parked_commits
[2026-08-30T11:09:53Z ERROR fuse3::raw::connection::fuse_over_uring] transport payload lease held 1829 ms (≥ 1 s) — overlong handler invocation or a §5.4 severance escape; watch transport_lease_overlong / transport_parked_commits
[2026-08-30T11:09:54Z ERROR fuse3::raw::connection::fuse_over_uring] transport payload lease held 1360 ms (≥ 1 s) — overlong handler invocation or a §5.4 severance escape; watch transport_lease_overlong / transport_parked_commits
[2026-08-30T11:09:54Z ERROR fuse3::raw::connection::fuse_over_uring] transport payload lease held 1360 ms (≥ 1 s) — overlong handler invocation or a §5.4 severance escape; watch transport_lease_overlong / transport_parked_commits
[2026-08-30T11:09:54Z ERROR fuse3::raw::connection::fuse_over_uring] transport payload lease held 1289 ms (≥ 1 s) — overlong handler invocation or a §5.4 severance escape; watch transport_lease_overlong / transport_parked_commits
[2026-08-30T11:09:54Z ERROR fuse3::raw::connection::fuse_over_uring] transport payload lease held 1268 ms (≥ 1 s) — overlong handler invocation or a §5.4 severance escape; watch transport_lease_overlong / transport_parked_commits
[2026-08-30T11:09:54Z ERROR fuse3::raw::connection::fuse_over_uring] transport payload lease held 1268 ms (≥ 1 s) — overlong handler invocation or a §5.4 severance escape; watch transport_lease_overlong / transport_parked_commits
[2026-08-30T11:09:54Z ERROR fuse3::raw::connection::fuse_over_uring] transport payload lease held 1267 ms (≥ 1 s) — overlong handler invocation or a §5.4 severance escape; watch transport_lease_overlong / transport_parked_commits
[2026-08-30T11:09:54Z ERROR fuse3::raw::connection::fuse_over_uring] transport payload lease held 1052 ms (≥ 1 s) — overlong handler invocation or a §5.4 severance escape; watch transport_lease_overlong / transport_parked_commits
[2026-08-30T11:09:54Z ERROR fuse3::raw::connection::fuse_over_uring] transport payload lease held 1034 ms (≥ 1 s) — overlong handler invocation or a §5.4 severance escape; watch transport_lease_overlong / transport_parked_commits
[2026-08-30T11:09:54Z ERROR fuse3::raw::connection::fuse_over_uring] transport payload lease held 1034 ms (≥ 1 s) — overlong handler invocation or a §5.4 severance escape; watch transport_lease_overlong / transport_parked_commits
[2026-08-30T11:09:54Z ERROR fuse3::raw::connection::fuse_over_uring] transport payload lease held 1033 ms (≥ 1 s) — overlong handler invocation or a §5.4 severance escape; watch transport_lease_overlong / transport_parked_commits
[2026-08-30T11:09:55Z WARN  squeezefs::block_allocator] co-writer: abandoning never-published block offset(s) leak-safe (volume 'nvme6n1', first offset 217575325696): the publish that would have named them failed or refused, and a co-writer may not mutate ownership accounting — the next derivation (mount recovery / fsck C6) returns them to the free supply (cowriter_unpublished_abandons; further offsets at debug level)
[2026-08-30T11:10:00Z ERROR fuse3::raw::connection::fuse_over_uring] transport payload lease held 1002 ms (≥ 1 s) — overlong handler invocation or a §5.4 severance escape; watch transport_lease_overlong / transport_parked_commits
[2026-08-30T11:10:00Z ERROR fuse3::raw::connection::fuse_over_uring] transport payload lease held 1031 ms (≥ 1 s) — overlong handler invocation or a §5.4 severance escape; watch transport_lease_overlong / transport_parked_commits
[2026-08-30T11:10:00Z ERROR fuse3::raw::connection::fuse_over_uring] transport payload lease held 1112 ms (≥ 1 s) — overlong handler invocation or a §5.4 severance escape; watch transport_lease_overlong / transport_parked_commits
[2026-08-30T11:10:00Z ERROR fuse3::raw::connection::fuse_over_uring] transport payload lease held 1120 ms (≥ 1 s) — overlong handler invocation or a §5.4 severance escape; watch transport_lease_overlong / transport_parked_commits
[2026-08-30T11:10:00Z ERROR fuse3::raw::connection::fuse_over_uring] transport payload lease held 1106 ms (≥ 1 s) — overlong handler invocation or a §5.4 severance escape; watch transport_lease_overlong / transport_parked_commits
[2026-08-30T11:10:00Z ERROR fuse3::raw::connection::fuse_over_uring] transport payload lease held 1102 ms (≥ 1 s) — overlong handler invocation or a §5.4 severance escape; watch transport_lease_overlong / transport_parked_commits
[2026-08-30T11:10:00Z ERROR fuse3::raw::connection::fuse_over_uring] transport payload lease held 1127 ms (≥ 1 s) — overlong handler invocation or a §5.4 severance escape; watch transport_lease_overlong / transport_parked_commits
[2026-08-30T11:10:00Z ERROR fuse3::raw::connection::fuse_over_uring] transport payload lease held 1117 ms (≥ 1 s) — overlong handler invocation or a §5.4 severance escape; watch transport_lease_overlong / transport_parked_commits
[2026-08-30T11:10:00Z ERROR fuse3::raw::connection::fuse_over_uring] transport payload lease held 1723 ms (≥ 1 s) — overlong handler invocation or a §5.4 severance escape; watch transport_lease_overlong / transport_parked_commits
[2026-08-30T11:10:00Z ERROR fuse3::raw::connection::fuse_over_uring] transport payload lease held 1723 ms (≥ 1 s) — overlong handler invocation or a §5.4 severance escape; watch transport_lease_overlong / transport_parked_commits
[2026-08-30T11:10:00Z ERROR fuse3::raw::connection::fuse_over_uring] transport payload lease held 1723 ms (≥ 1 s) — overlong handler invocation or a §5.4 severance escape; watch transport_lease_overlong / transport_parked_commits
[2026-08-30T11:10:00Z ERROR fuse3::raw::connection::fuse_over_uring] transport payload lease held 1719 ms (≥ 1 s) — overlong handler invocation or a §5.4 severance escape; watch transport_lease_overlong / transport_parked_commits
[2026-08-30T11:10:00Z ERROR fuse3::raw::connection::fuse_over_uring] transport payload lease held 1846 ms (≥ 1 s) — overlong handler invocation or a §5.4 severance escape; watch transport_lease_overlong / transport_parked_commits
[2026-08-30T11:10:00Z ERROR fuse3::raw::connection::fuse_over_uring] transport payload lease held 1846 ms (≥ 1 s) — overlong handler invocation or a §5.4 severance escape; watch transport_lease_overlong / transport_parked_commits
[2026-08-30T11:10:00Z ERROR fuse3::raw::connection::fuse_over_uring] transport payload lease held 1845 ms (≥ 1 s) — overlong handler invocation or a §5.4 severance escape; watch transport_lease_overlong / transport_parked_commits
[2026-08-30T11:10:00Z ERROR fuse3::raw::connection::fuse_over_uring] transport payload lease held 1680 ms (≥ 1 s) — overlong handler invocation or a §5.4 severance escape; watch transport_lease_overlong / transport_parked_commits
[2026-08-30T11:10:00Z ERROR fuse3::raw::connection::fuse_over_uring] transport payload lease held 1681 ms (≥ 1 s) — overlong handler invocation or a §5.4 severance escape; watch transport_lease_overlong / transport_parked_commits
[2026-08-30T11:10:00Z ERROR fuse3::raw::connection::fuse_over_uring] transport payload lease held 1681 ms (≥ 1 s) — overlong handler invocation or a §5.4 severance escape; watch transport_lease_overlong / transport_parked_commits
[2026-08-30T11:10:00Z ERROR fuse3::raw::connection::fuse_over_uring] transport payload lease held 1682 ms (≥ 1 s) — overlong handler invocation or a §5.4 severance escape; watch transport_lease_overlong / transport_parked_commits
[2026-08-30T11:10:00Z ERROR fuse3::raw::connection::fuse_over_uring] transport payload lease held 1667 ms (≥ 1 s) — overlong handler invocation or a §5.4 severance escape; watch transport_lease_overlong / transport_parked_commits
[2026-08-30T11:10:00Z ERROR fuse3::raw::connection::fuse_over_uring] transport payload lease held 1667 ms (≥ 1 s) — overlong handler invocation or a §5.4 severance escape; watch transport_lease_overlong / transport_parked_commits
[2026-08-30T11:10:00Z ERROR fuse3::raw::connection::fuse_over_uring] transport payload lease held 1667 ms (≥ 1 s) — overlong handler invocation or a §5.4 severance escape; watch transport_lease_overlong / transport_parked_commits
[2026-08-30T11:10:00Z ERROR fuse3::raw::connection::fuse_over_uring] transport payload lease held 1667 ms (≥ 1 s) — overlong handler invocation or a §5.4 severance escape; watch transport_lease_overlong / transport_parked_commits
[2026-08-30T11:10:00Z ERROR fuse3::raw::connection::fuse_over_uring] transport payload lease held 1701 ms (≥ 1 s) — overlong handler invocation or a §5.4 severance escape; watch transport_lease_overlong / transport_parked_commits
[2026-08-30T11:10:00Z ERROR fuse3::raw::connection::fuse_over_uring] transport payload lease held 1702 ms (≥ 1 s) — overlong handler invocation or a §5.4 severance escape; watch transport_lease_overlong / transport_parked_commits
[2026-08-30T11:10:00Z ERROR fuse3::raw::connection::fuse_over_uring] transport payload lease held 1702 ms (≥ 1 s) — overlong handler invocation or a §5.4 severance escape; watch transport_lease_overlong / transport_parked_commits
[2026-08-30T11:10:00Z ERROR fuse3::raw::connection::fuse_over_uring] transport payload lease held 1702 ms (≥ 1 s) — overlong handler invocation or a §5.4 severance escape; watch transport_lease_overlong / transport_parked_commits
[2026-08-30T11:10:00Z ERROR fuse3::raw::connection::fuse_over_uring] transport payload lease held 1665 ms (≥ 1 s) — overlong handler invocation or a §5.4 severance escape; watch transport_lease_overlong / transport_parked_commits
[2026-08-30T11:10:00Z ERROR fuse3::raw::connection::fuse_over_uring] transport payload lease held 1666 ms (≥ 1 s) — overlong handler invocation or a §5.4 severance escape; watch transport_lease_overlong / transport_parked_commits
[2026-08-30T11:10:00Z ERROR fuse3::raw::connection::fuse_over_uring] transport payload lease held 1666 ms (≥ 1 s) — overlong handler invocation or a §5.4 severance escape; watch transport_lease_overlong / transport_parked_commits
[2026-08-30T11:10:00Z ERROR fuse3::raw::connection::fuse_over_uring] transport payload lease held 1666 ms (≥ 1 s) — overlong handler invocation or a §5.4 severance escape; watch transport_lease_overlong / transport_parked_commits
[2026-08-30T11:10:03Z ERROR fuse3::raw::connection::fuse_over_uring] transport payload lease held 1048 ms (≥ 1 s) — overlong handler invocation or a §5.4 severance escape; watch transport_lease_overlong / transport_parked_commits
[2026-08-30T11:10:03Z ERROR fuse3::raw::connection::fuse_over_uring] transport payload lease held 1047 ms (≥ 1 s) — overlong handler invocation or a §5.4 severance escape; watch transport_lease_overlong / transport_parked_commits
[2026-08-30T11:10:03Z ERROR fuse3::raw::connection::fuse_over_uring] transport payload lease held 1048 ms (≥ 1 s) — overlong handler invocation or a §5.4 severance escape; watch transport_lease_overlong / transport_parked_commits
[2026-08-30T11:10:03Z ERROR fuse3::raw::connection::fuse_over_uring] transport payload lease held 1046 ms (≥ 1 s) — overlong handler invocation or a §5.4 severance escape; watch transport_lease_overlong / transport_parked_commits
[2026-08-30T11:10:04Z ERROR fuse3::raw::connection::fuse_over_uring] transport payload lease held 1327 ms (≥ 1 s) — overlong handler invocation or a §5.4 severance escape; watch transport_lease_overlong / transport_parked_commits
[2026-08-30T11:10:04Z ERROR fuse3::raw::connection::fuse_over_uring] transport payload lease held 1323 ms (≥ 1 s) — overlong handler invocation or a §5.4 severance escape; watch transport_lease_overlong / transport_parked_commits
[2026-08-30T11:10:04Z ERROR fuse3::raw::connection::fuse_over_uring] transport payload lease held 1315 ms (≥ 1 s) — overlong handler invocation or a §5.4 severance escape; watch transport_lease_overlong / transport_parked_commits
[2026-08-30T11:10:04Z ERROR fuse3::raw::connection::fuse_over_uring] transport payload lease held 1308 ms (≥ 1 s) — overlong handler invocation or a §5.4 severance escape; watch transport_lease_overlong / transport_parked_commits
[2026-08-30T11:10:04Z ERROR fuse3::raw::connection::fuse_over_uring] transport payload lease held 1336 ms (≥ 1 s) — overlong handler invocation or a §5.4 severance escape; watch transport_lease_overlong / transport_parked_commits
[2026-08-30T11:10:04Z ERROR fuse3::raw::connection::fuse_over_uring] transport payload lease held 1336 ms (≥ 1 s) — overlong handler invocation or a §5.4 severance escape; watch transport_lease_overlong / transport_parked_commits
[2026-08-30T11:10:04Z ERROR fuse3::raw::connection::fuse_over_uring] transport payload lease held 1336 ms (≥ 1 s) — overlong handler invocation or a §5.4 severance escape; watch transport_lease_overlong / transport_parked_commits
[2026-08-30T11:10:04Z ERROR fuse3::raw::connection::fuse_over_uring] transport payload lease held 1335 ms (≥ 1 s) — overlong handler invocation or a §5.4 severance escape; watch transport_lease_overlong / transport_parked_commits
[2026-08-30T11:10:05Z ERROR fuse3::raw::connection::fuse_over_uring] transport payload lease held 1045 ms (≥ 1 s) — overlong handler invocation or a §5.4 severance escape; watch transport_lease_overlong / transport_parked_commits
[2026-08-30T11:10:05Z ERROR fuse3::raw::connection::fuse_over_uring] transport payload lease held 1043 ms (≥ 1 s) — overlong handler invocation or a §5.4 severance escape; watch transport_lease_overlong / transport_parked_commits
[2026-08-30T11:10:05Z ERROR fuse3::raw::connection::fuse_over_uring] transport payload lease held 1038 ms (≥ 1 s) — overlong handler invocation or a §5.4 severance escape; watch transport_lease_overlong / transport_parked_commits
[2026-08-30T11:10:05Z ERROR fuse3::raw::connection::fuse_over_uring] transport payload lease held 1033 ms (≥ 1 s) — overlong handler invocation or a §5.4 severance escape; watch transport_lease_overlong / transport_parked_commits
[2026-08-30T11:10:05Z ERROR fuse3::raw::connection::fuse_over_uring] transport payload lease held 1084 ms (≥ 1 s) — overlong handler invocation or a §5.4 severance escape; watch transport_lease_overlong / transport_parked_commits
[2026-08-30T11:10:05Z ERROR fuse3::raw::connection::fuse_over_uring] transport payload lease held 1084 ms (≥ 1 s) — overlong handler invocation or a §5.4 severance escape; watch transport_lease_overlong / transport_parked_commits
[2026-08-30T11:10:05Z ERROR fuse3::raw::connection::fuse_over_uring] transport payload lease held 1084 ms (≥ 1 s) — overlong handler invocation or a §5.4 severance escape; watch transport_lease_overlong / transport_parked_commits
[2026-08-30T11:10:05Z ERROR fuse3::raw::connection::fuse_over_uring] transport payload lease held 1085 ms (≥ 1 s) — overlong handler invocation or a §5.4 severance escape; watch transport_lease_overlong / transport_parked_commits
[2026-08-30T11:10:05Z ERROR fuse3::raw::connection::fuse_over_uring] transport payload lease held 1567 ms (≥ 1 s) — overlong handler invocation or a §5.4 severance escape; watch transport_lease_overlong / transport_parked_commits
[2026-08-30T11:10:05Z ERROR fuse3::raw::connection::fuse_over_uring] transport payload lease held 1561 ms (≥ 1 s) — overlong handler invocation or a §5.4 severance escape; watch transport_lease_overlong / transport_parked_commits
[2026-08-30T11:10:05Z ERROR fuse3::raw::connection::fuse_over_uring] transport payload lease held 1537 ms (≥ 1 s) — overlong handler invocation or a §5.4 severance escape; watch transport_lease_overlong / transport_parked_commits
[2026-08-30T11:10:05Z ERROR fuse3::raw::connection::fuse_over_uring] transport payload lease held 1452 ms (≥ 1 s) — overlong handler invocation or a §5.4 severance escape; watch transport_lease_overlong / transport_parked_commits
[2026-08-30T11:10:05Z ERROR fuse3::raw::connection::fuse_over_uring] transport payload lease held 1226 ms (≥ 1 s) — overlong handler invocation or a §5.4 severance escape; watch transport_lease_overlong / transport_parked_commits
[2026-08-30T11:10:05Z ERROR fuse3::raw::connection::fuse_over_uring] transport payload lease held 1226 ms (≥ 1 s) — overlong handler invocation or a §5.4 severance escape; watch transport_lease_overlong / transport_parked_commits
[2026-08-30T11:10:05Z ERROR fuse3::raw::connection::fuse_over_uring] transport payload lease held 1226 ms (≥ 1 s) — overlong handler invocation or a §5.4 severance escape; watch transport_lease_overlong / transport_parked_commits
[2026-08-30T11:10:05Z ERROR fuse3::raw::connection::fuse_over_uring] transport payload lease held 1227 ms (≥ 1 s) — overlong handler invocation or a §5.4 severance escape; watch transport_lease_overlong / transport_parked_commits
[2026-08-30T11:10:05Z ERROR fuse3::raw::connection::fuse_over_uring] transport payload lease held 1293 ms (≥ 1 s) — overlong handler invocation or a §5.4 severance escape; watch transport_lease_overlong / transport_parked_commits
[2026-08-30T11:10:05Z ERROR fuse3::raw::connection::fuse_over_uring] transport payload lease held 1294 ms (≥ 1 s) — overlong handler invocation or a §5.4 severance escape; watch transport_lease_overlong / transport_parked_commits
[2026-08-30T11:10:05Z ERROR fuse3::raw::connection::fuse_over_uring] transport payload lease held 1294 ms (≥ 1 s) — overlong handler invocation or a §5.4 severance escape; watch transport_lease_overlong / transport_parked_commits
[2026-08-30T11:10:05Z ERROR fuse3::raw::connection::fuse_over_uring] transport payload lease held 1344 ms (≥ 1 s) — overlong handler invocation or a §5.4 severance escape; watch transport_lease_overlong / transport_parked_commits
[2026-08-30T11:10:05Z ERROR fuse3::raw::connection::fuse_over_uring] transport payload lease held 1343 ms (≥ 1 s) — overlong handler invocation or a §5.4 severance escape; watch transport_lease_overlong / transport_parked_commits
[2026-08-30T11:10:05Z ERROR fuse3::raw::connection::fuse_over_uring] transport payload lease held 1294 ms (≥ 1 s) — overlong handler invocation or a §5.4 severance escape; watch transport_lease_overlong / transport_parked_commits
[2026-08-30T11:10:10Z ERROR fuse3::raw::connection::fuse_over_uring] transport payload lease held 1134 ms (≥ 1 s) — overlong handler invocation or a §5.4 severance escape; watch transport_lease_overlong / transport_parked_commits
[2026-08-30T11:10:10Z ERROR fuse3::raw::connection::fuse_over_uring] transport payload lease held 1135 ms (≥ 1 s) — overlong handler invocation or a §5.4 severance escape; watch transport_lease_overlong / transport_parked_commits
[2026-08-30T11:10:10Z ERROR fuse3::raw::connection::fuse_over_uring] transport payload lease held 1135 ms (≥ 1 s) — overlong handler invocation or a §5.4 severance escape; watch transport_lease_overlong / transport_parked_commits
[2026-08-30T11:10:10Z ERROR fuse3::raw::connection::fuse_over_uring] transport payload lease held 1136 ms (≥ 1 s) — overlong handler invocation or a §5.4 severance escape; watch transport_lease_overlong / transport_parked_commits
[2026-08-30T11:10:10Z ERROR fuse3::raw::connection::fuse_over_uring] transport payload lease held 1078 ms (≥ 1 s) — overlong handler invocation or a §5.4 severance escape; watch transport_lease_overlong / transport_parked_commits
[2026-08-30T11:10:10Z ERROR fuse3::raw::connection::fuse_over_uring] transport payload lease held 1076 ms (≥ 1 s) — overlong handler invocation or a §5.4 severance escape; watch transport_lease_overlong / transport_parked_commits
[2026-08-30T11:10:10Z ERROR fuse3::raw::connection::fuse_over_uring] transport payload lease held 1058 ms (≥ 1 s) — overlong handler invocation or a §5.4 severance escape; watch transport_lease_overlong / transport_parked_commits
[2026-08-30T11:10:10Z ERROR fuse3::raw::connection::fuse_over_uring] transport payload lease held 1620 ms (≥ 1 s) — overlong handler invocation or a §5.4 severance escape; watch transport_lease_overlong / transport_parked_commits
[2026-08-30T11:10:10Z ERROR fuse3::raw::connection::fuse_over_uring] transport payload lease held 1620 ms (≥ 1 s) — overlong handler invocation or a §5.4 severance escape; watch transport_lease_overlong / transport_parked_commits
[2026-08-30T11:10:10Z ERROR fuse3::raw::connection::fuse_over_uring] transport payload lease held 1552 ms (≥ 1 s) — overlong handler invocation or a §5.4 severance escape; watch transport_lease_overlong / transport_parked_commits
[2026-08-30T11:10:10Z ERROR fuse3::raw::connection::fuse_over_uring] transport payload lease held 1553 ms (≥ 1 s) — overlong handler invocation or a §5.4 severance escape; watch transport_lease_overlong / transport_parked_commits
[2026-08-30T11:10:10Z ERROR fuse3::raw::connection::fuse_over_uring] transport payload lease held 1554 ms (≥ 1 s) — overlong handler invocation or a §5.4 severance escape; watch transport_lease_overlong / transport_parked_commits
[2026-08-30T11:10:10Z ERROR fuse3::raw::connection::fuse_over_uring] transport payload lease held 1554 ms (≥ 1 s) — overlong handler invocation or a §5.4 severance escape; watch transport_lease_overlong / transport_parked_commits
[2026-08-30T11:10:10Z ERROR fuse3::raw::connection::fuse_over_uring] transport payload lease held 1592 ms (≥ 1 s) — overlong handler invocation or a §5.4 severance escape; watch transport_lease_overlong / transport_parked_commits
[2026-08-30T11:10:10Z ERROR fuse3::raw::connection::fuse_over_uring] transport payload lease held 1592 ms (≥ 1 s) — overlong handler invocation or a §5.4 severance escape; watch transport_lease_overlong / transport_parked_commits
[2026-08-30T11:10:10Z ERROR fuse3::raw::connection::fuse_over_uring] transport payload lease held 1592 ms (≥ 1 s) — overlong handler invocation or a §5.4 severance escape; watch transport_lease_overlong / transport_parked_commits
[2026-08-30T11:10:10Z ERROR fuse3::raw::connection::fuse_over_uring] transport payload lease held 1611 ms (≥ 1 s) — overlong handler invocation or a §5.4 severance escape; watch transport_lease_overlong / transport_parked_commits
[2026-08-30T11:10:10Z ERROR fuse3::raw::connection::fuse_over_uring] transport payload lease held 1612 ms (≥ 1 s) — overlong handler invocation or a §5.4 severance escape; watch transport_lease_overlong / transport_parked_commits
[2026-08-30T11:10:10Z ERROR fuse3::raw::connection::fuse_over_uring] transport payload lease held 1612 ms (≥ 1 s) — overlong handler invocation or a §5.4 severance escape; watch transport_lease_overlong / transport_parked_commits
[2026-08-30T11:10:10Z ERROR fuse3::raw::connection::fuse_over_uring] transport payload lease held 1612 ms (≥ 1 s) — overlong handler invocation or a §5.4 severance escape; watch transport_lease_overlong / transport_parked_commits
[2026-08-30T11:10:14Z ERROR fuse3::raw::connection::fuse_over_uring] transport payload lease held 1021 ms (≥ 1 s) — overlong handler invocation or a §5.4 severance escape; watch transport_lease_overlong / transport_parked_commits
[2026-08-30T11:10:14Z ERROR fuse3::raw::connection::fuse_over_uring] transport payload lease held 1020 ms (≥ 1 s) — overlong handler invocation or a §5.4 severance escape; watch transport_lease_overlong / transport_parked_commits
[2026-08-30T11:10:15Z ERROR fuse3::raw::connection::fuse_over_uring] transport payload lease held 1001 ms (≥ 1 s) — overlong handler invocation or a §5.4 severance escape; watch transport_lease_overlong / transport_parked_commits
[2026-08-30T11:10:15Z ERROR fuse3::raw::connection::fuse_over_uring] transport payload lease held 1077 ms (≥ 1 s) — overlong handler invocation or a §5.4 severance escape; watch transport_lease_overlong / transport_parked_commits
[2026-08-30T11:10:15Z ERROR fuse3::raw::connection::fuse_over_uring] transport payload lease held 1074 ms (≥ 1 s) — overlong handler invocation or a §5.4 severance escape; watch transport_lease_overlong / transport_parked_commits
[2026-08-30T11:10:15Z ERROR fuse3::raw::connection::fuse_over_uring] transport payload lease held 1080 ms (≥ 1 s) — overlong handler invocation or a §5.4 severance escape; watch transport_lease_overlong / transport_parked_commits
[2026-08-30T11:10:15Z ERROR fuse3::raw::connection::fuse_over_uring] transport payload lease held 1081 ms (≥ 1 s) — overlong handler invocation or a §5.4 severance escape; watch transport_lease_overlong / transport_parked_commits
[2026-08-30T11:10:15Z ERROR fuse3::raw::connection::fuse_over_uring] transport payload lease held 1087 ms (≥ 1 s) — overlong handler invocation or a §5.4 severance escape; watch transport_lease_overlong / transport_parked_commits
[2026-08-30T11:10:15Z ERROR fuse3::raw::connection::fuse_over_uring] transport payload lease held 1072 ms (≥ 1 s) — overlong handler invocation or a §5.4 severance escape; watch transport_lease_overlong / transport_parked_commits
[2026-08-30T11:10:15Z ERROR fuse3::raw::connection::fuse_over_uring] transport payload lease held 1176 ms (≥ 1 s) — overlong handler invocation or a §5.4 severance escape; watch transport_lease_overlong / transport_parked_commits
[2026-08-30T11:10:16Z ERROR fuse3::raw::connection::fuse_over_uring] transport payload lease held 1521 ms (≥ 1 s) — overlong handler invocation or a §5.4 severance escape; watch transport_lease_overlong / transport_parked_commits
[2026-08-30T11:10:16Z ERROR fuse3::raw::connection::fuse_over_uring] transport payload lease held 1495 ms (≥ 1 s) — overlong handler invocation or a §5.4 severance escape; watch transport_lease_overlong / transport_parked_commits
[2026-08-30T11:10:16Z ERROR fuse3::raw::connection::fuse_over_uring] transport payload lease held 1485 ms (≥ 1 s) — overlong handler invocation or a §5.4 severance escape; watch transport_lease_overlong / transport_parked_commits
[2026-08-30T11:10:16Z ERROR fuse3::raw::connection::fuse_over_uring] transport payload lease held 1485 ms (≥ 1 s) — overlong handler invocation or a §5.4 severance escape; watch transport_lease_overlong / transport_parked_commits
[2026-08-30T11:10:16Z ERROR fuse3::raw::connection::fuse_over_uring] transport payload lease held 1562 ms (≥ 1 s) — overlong handler invocation or a §5.4 severance escape; watch transport_lease_overlong / transport_parked_commits
[2026-08-30T11:10:16Z ERROR fuse3::raw::connection::fuse_over_uring] transport payload lease held 1562 ms (≥ 1 s) — overlong handler invocation or a §5.4 severance escape; watch transport_lease_overlong / transport_parked_commits
[2026-08-30T11:10:16Z ERROR fuse3::raw::connection::fuse_over_uring] transport payload lease held 1562 ms (≥ 1 s) — overlong handler invocation or a §5.4 severance escape; watch transport_lease_overlong / transport_parked_commits
[2026-08-30T11:10:16Z ERROR fuse3::raw::connection::fuse_over_uring] transport payload lease held 1689 ms (≥ 1 s) — overlong handler invocation or a §5.4 severance escape; watch transport_lease_overlong / transport_parked_commits
[2026-08-30T11:10:16Z ERROR fuse3::raw::connection::fuse_over_uring] transport payload lease held 1688 ms (≥ 1 s) — overlong handler invocation or a §5.4 severance escape; watch transport_lease_overlong / transport_parked_commits
[2026-08-30T11:10:16Z ERROR fuse3::raw::connection::fuse_over_uring] transport payload lease held 1689 ms (≥ 1 s) — overlong handler invocation or a §5.4 severance escape; watch transport_lease_overlong / transport_parked_commits
[2026-08-30T11:10:16Z ERROR fuse3::raw::connection::fuse_over_uring] transport payload lease held 1688 ms (≥ 1 s) — overlong handler invocation or a §5.4 severance escape; watch transport_lease_overlong / transport_parked_commits
[2026-08-30T11:10:16Z ERROR fuse3::raw::connection::fuse_over_uring] transport payload lease held 1648 ms (≥ 1 s) — overlong handler invocation or a §5.4 severance escape; watch transport_lease_overlong / transport_parked_commits
[2026-08-30T11:10:16Z ERROR fuse3::raw::connection::fuse_over_uring] transport payload lease held 1648 ms (≥ 1 s) — overlong handler invocation or a §5.4 severance escape; watch transport_lease_overlong / transport_parked_commits
[2026-08-30T11:10:16Z ERROR fuse3::raw::connection::fuse_over_uring] transport payload lease held 1648 ms (≥ 1 s) — overlong handler invocation or a §5.4 severance escape; watch transport_lease_overlong / transport_parked_commits
[2026-08-30T11:10:16Z ERROR fuse3::raw::connection::fuse_over_uring] transport payload lease held 1648 ms (≥ 1 s) — overlong handler invocation or a §5.4 severance escape; watch transport_lease_overlong / transport_parked_commits
[2026-08-30T11:10:16Z ERROR fuse3::raw::connection::fuse_over_uring] transport payload lease held 1652 ms (≥ 1 s) — overlong handler invocation or a §5.4 severance escape; watch transport_lease_overlong / transport_parked_commits
[2026-08-30T11:10:16Z ERROR fuse3::raw::connection::fuse_over_uring] transport payload lease held 1653 ms (≥ 1 s) — overlong handler invocation or a §5.4 severance escape; watch transport_lease_overlong / transport_parked_commits
[2026-08-30T11:10:16Z ERROR fuse3::raw::connection::fuse_over_uring] transport payload lease held 1653 ms (≥ 1 s) — overlong handler invocation or a §5.4 severance escape; watch transport_lease_overlong / transport_parked_commits
[2026-08-30T11:10:16Z WARN  squeezefs::block_allocator] co-writer: abandoning never-published block offset(s) leak-safe (volume 'nvme6n1', first offset 242808258560): the publish that would have named them failed or refused, and a co-writer may not mutate ownership accounting — the next derivation (mount recovery / fsck C6) returns them to the free supply (cowriter_unpublished_abandons; further offsets at debug level)
[2026-08-30T11:10:51Z ERROR fuse3::raw::connection::fuse_over_uring] transport payload lease held 1079 ms (≥ 1 s) — overlong handler invocation or a §5.4 severance escape; watch transport_lease_overlong / transport_parked_commits
[2026-08-30T11:10:51Z ERROR fuse3::raw::connection::fuse_over_uring] transport payload lease held 1079 ms (≥ 1 s) — overlong handler invocation or a §5.4 severance escape; watch transport_lease_overlong / transport_parked_commits
[2026-08-30T11:10:51Z ERROR fuse3::raw::connection::fuse_over_uring] transport payload lease held 1077 ms (≥ 1 s) — overlong handler invocation or a §5.4 severance escape; watch transport_lease_overlong / transport_parked_commits
[2026-08-30T11:10:51Z ERROR fuse3::raw::connection::fuse_over_uring] transport payload lease held 1071 ms (≥ 1 s) — overlong handler invocation or a §5.4 severance escape; watch transport_lease_overlong / transport_parked_commits
[2026-08-30T11:10:51Z ERROR fuse3::raw::connection::fuse_over_uring] transport payload lease held 1027 ms (≥ 1 s) — overlong handler invocation or a §5.4 severance escape; watch transport_lease_overlong / transport_parked_commits
[2026-08-30T11:10:51Z ERROR fuse3::raw::connection::fuse_over_uring] transport payload lease held 1015 ms (≥ 1 s) — overlong handler invocation or a §5.4 severance escape; watch transport_lease_overlong / transport_parked_commits
[2026-08-30T11:10:51Z ERROR fuse3::raw::connection::fuse_over_uring] transport payload lease held 1011 ms (≥ 1 s) — overlong handler invocation or a §5.4 severance escape; watch transport_lease_overlong / transport_parked_commits
[2026-08-30T11:10:51Z ERROR fuse3::raw::connection::fuse_over_uring] transport payload lease held 1011 ms (≥ 1 s) — overlong handler invocation or a §5.4 severance escape; watch transport_lease_overlong / transport_parked_commits
[2026-08-30T11:10:51Z ERROR fuse3::raw::connection::fuse_over_uring] transport payload lease held 1050 ms (≥ 1 s) — overlong handler invocation or a §5.4 severance escape; watch transport_lease_overlong / transport_parked_commits
[2026-08-30T11:10:51Z ERROR fuse3::raw::connection::fuse_over_uring] transport payload lease held 1049 ms (≥ 1 s) — overlong handler invocation or a §5.4 severance escape; watch transport_lease_overlong / transport_parked_commits
[2026-08-30T11:10:51Z ERROR fuse3::raw::connection::fuse_over_uring] transport payload lease held 1049 ms (≥ 1 s) — overlong handler invocation or a §5.4 severance escape; watch transport_lease_overlong / transport_parked_commits
[2026-08-30T11:10:51Z ERROR fuse3::raw::connection::fuse_over_uring] transport payload lease held 1049 ms (≥ 1 s) — overlong handler invocation or a §5.4 severance escape; watch transport_lease_overlong / transport_parked_commits
[2026-08-30T11:10:56Z ERROR fuse3::raw::connection::fuse_over_uring] transport payload lease held 1220 ms (≥ 1 s) — overlong handler invocation or a §5.4 severance escape; watch transport_lease_overlong / transport_parked_commits
[2026-08-30T11:10:56Z ERROR fuse3::raw::connection::fuse_over_uring] transport payload lease held 1220 ms (≥ 1 s) — overlong handler invocation or a §5.4 severance escape; watch transport_lease_overlong / transport_parked_commits
[2026-08-30T11:10:56Z ERROR fuse3::raw::connection::fuse_over_uring] transport payload lease held 1220 ms (≥ 1 s) — overlong handler invocation or a §5.4 severance escape; watch transport_lease_overlong / transport_parked_commits
[2026-08-30T11:10:56Z ERROR fuse3::raw::connection::fuse_over_uring] transport payload lease held 1197 ms (≥ 1 s) — overlong handler invocation or a §5.4 severance escape; watch transport_lease_overlong / transport_parked_commits
[2026-08-30T11:10:56Z ERROR fuse3::raw::connection::fuse_over_uring] transport payload lease held 1197 ms (≥ 1 s) — overlong handler invocation or a §5.4 severance escape; watch transport_lease_overlong / transport_parked_commits
[2026-08-30T11:10:56Z ERROR fuse3::raw::connection::fuse_over_uring] transport payload lease held 1205 ms (≥ 1 s) — overlong handler invocation or a §5.4 severance escape; watch transport_lease_overlong / transport_parked_commits
[2026-08-30T11:10:56Z ERROR fuse3::raw::connection::fuse_over_uring] transport payload lease held 1205 ms (≥ 1 s) — overlong handler invocation or a §5.4 severance escape; watch transport_lease_overlong / transport_parked_commits
[2026-08-30T11:10:56Z ERROR fuse3::raw::connection::fuse_over_uring] transport payload lease held 1205 ms (≥ 1 s) — overlong handler invocation or a §5.4 severance escape; watch transport_lease_overlong / transport_parked_commits
[2026-08-30T11:10:56Z ERROR fuse3::raw::connection::fuse_over_uring] transport payload lease held 1201 ms (≥ 1 s) — overlong handler invocation or a §5.4 severance escape; watch transport_lease_overlong / transport_parked_commits
[2026-08-30T11:10:56Z ERROR fuse3::raw::connection::fuse_over_uring] transport payload lease held 1201 ms (≥ 1 s) — overlong handler invocation or a §5.4 severance escape; watch transport_lease_overlong / transport_parked_commits
[2026-08-30T11:10:56Z ERROR fuse3::raw::connection::fuse_over_uring] transport payload lease held 1201 ms (≥ 1 s) — overlong handler invocation or a §5.4 severance escape; watch transport_lease_overlong / transport_parked_commits
[2026-08-30T11:10:56Z ERROR fuse3::raw::connection::fuse_over_uring] transport payload lease held 1148 ms (≥ 1 s) — overlong handler invocation or a §5.4 severance escape; watch transport_lease_overlong / transport_parked_commits
[2026-08-30T11:10:56Z ERROR fuse3::raw::connection::fuse_over_uring] transport payload lease held 1141 ms (≥ 1 s) — overlong handler invocation or a §5.4 severance escape; watch transport_lease_overlong / transport_parked_commits
[2026-08-30T11:10:56Z ERROR fuse3::raw::connection::fuse_over_uring] transport payload lease held 1140 ms (≥ 1 s) — overlong handler invocation or a §5.4 severance escape; watch transport_lease_overlong / transport_parked_commits
[2026-08-30T11:10:56Z ERROR fuse3::raw::connection::fuse_over_uring] transport payload lease held 1140 ms (≥ 1 s) — overlong handler invocation or a §5.4 severance escape; watch transport_lease_overlong / transport_parked_commits
[2026-08-30T11:10:56Z ERROR fuse3::raw::connection::fuse_over_uring] transport payload lease held 1121 ms (≥ 1 s) — overlong handler invocation or a §5.4 severance escape; watch transport_lease_overlong / transport_parked_commits
[2026-08-30T11:10:56Z ERROR fuse3::raw::connection::fuse_over_uring] transport payload lease held 1121 ms (≥ 1 s) — overlong handler invocation or a §5.4 severance escape; watch transport_lease_overlong / transport_parked_commits
[2026-08-30T11:10:56Z ERROR fuse3::raw::connection::fuse_over_uring] transport payload lease held 1121 ms (≥ 1 s) — overlong handler invocation or a §5.4 severance escape; watch transport_lease_overlong / transport_parked_commits
[2026-08-30T11:10:56Z ERROR fuse3::raw::connection::fuse_over_uring] transport payload lease held 1115 ms (≥ 1 s) — overlong handler invocation or a §5.4 severance escape; watch transport_lease_overlong / transport_parked_commits
[2026-08-30T11:10:56Z ERROR fuse3::raw::connection::fuse_over_uring] transport payload lease held 1083 ms (≥ 1 s) — overlong handler invocation or a §5.4 severance escape; watch transport_lease_overlong / transport_parked_commits
[2026-08-30T11:10:56Z ERROR fuse3::raw::connection::fuse_over_uring] transport payload lease held 1089 ms (≥ 1 s) — overlong handler invocation or a §5.4 severance escape; watch transport_lease_overlong / transport_parked_commits
[2026-08-30T11:10:56Z ERROR fuse3::raw::connection::fuse_over_uring] transport payload lease held 1083 ms (≥ 1 s) — overlong handler invocation or a §5.4 severance escape; watch transport_lease_overlong / transport_parked_commits
[2026-08-30T11:10:56Z ERROR fuse3::raw::connection::fuse_over_uring] transport payload lease held 1084 ms (≥ 1 s) — overlong handler invocation or a §5.4 severance escape; watch transport_lease_overlong / transport_parked_commits
[2026-08-30T11:10:56Z ERROR fuse3::raw::connection::fuse_over_uring] transport payload lease held 1046 ms (≥ 1 s) — overlong handler invocation or a §5.4 severance escape; watch transport_lease_overlong / transport_parked_commits
[2026-08-30T11:10:56Z ERROR fuse3::raw::connection::fuse_over_uring] transport payload lease held 1046 ms (≥ 1 s) — overlong handler invocation or a §5.4 severance escape; watch transport_lease_overlong / transport_parked_commits
[2026-08-30T11:10:56Z ERROR fuse3::raw::connection::fuse_over_uring] transport payload lease held 1043 ms (≥ 1 s) — overlong handler invocation or a §5.4 severance escape; watch transport_lease_overlong / transport_parked_commits
[2026-08-30T11:10:56Z ERROR fuse3::raw::connection::fuse_over_uring] transport payload lease held 1038 ms (≥ 1 s) — overlong handler invocation or a §5.4 severance escape; watch transport_lease_overlong / transport_parked_commits
[2026-08-30T11:10:56Z ERROR fuse3::raw::connection::fuse_over_uring] transport payload lease held 1000 ms (≥ 1 s) — overlong handler invocation or a §5.4 severance escape; watch transport_lease_overlong / transport_parked_commits
[2026-08-30T11:10:56Z ERROR fuse3::raw::connection::fuse_over_uring] transport payload lease held 1000 ms (≥ 1 s) — overlong handler invocation or a §5.4 severance escape; watch transport_lease_overlong / transport_parked_commits
[2026-08-30T11:10:59Z ERROR fuse3::raw::connection::fuse_over_uring] transport payload lease held 1352 ms (≥ 1 s) — overlong handler invocation or a §5.4 severance escape; watch transport_lease_overlong / transport_parked_commits
[2026-08-30T11:10:59Z ERROR fuse3::raw::connection::fuse_over_uring] transport payload lease held 1349 ms (≥ 1 s) — overlong handler invocation or a §5.4 severance escape; watch transport_lease_overlong / transport_parked_commits
[2026-08-30T11:10:59Z ERROR fuse3::raw::connection::fuse_over_uring] transport payload lease held 1349 ms (≥ 1 s) — overlong handler invocation or a §5.4 severance escape; watch transport_lease_overlong / transport_parked_commits
[2026-08-30T11:10:59Z ERROR fuse3::raw::connection::fuse_over_uring] transport payload lease held 1349 ms (≥ 1 s) — overlong handler invocation or a §5.4 severance escape; watch transport_lease_overlong / transport_parked_commits
[2026-08-30T11:11:00Z ERROR fuse3::raw::connection::fuse_over_uring] transport payload lease held 1388 ms (≥ 1 s) — overlong handler invocation or a §5.4 severance escape; watch transport_lease_overlong / transport_parked_commits
[2026-08-30T11:11:00Z ERROR fuse3::raw::connection::fuse_over_uring] transport payload lease held 1388 ms (≥ 1 s) — overlong handler invocation or a §5.4 severance escape; watch transport_lease_overlong / transport_parked_commits
[2026-08-30T11:11:00Z ERROR fuse3::raw::connection::fuse_over_uring] transport payload lease held 1388 ms (≥ 1 s) — overlong handler invocation or a §5.4 severance escape; watch transport_lease_overlong / transport_parked_commits
[2026-08-30T11:11:00Z ERROR fuse3::raw::connection::fuse_over_uring] transport payload lease held 1386 ms (≥ 1 s) — overlong handler invocation or a §5.4 severance escape; watch transport_lease_overlong / transport_parked_commits
[2026-08-30T11:11:00Z ERROR fuse3::raw::connection::fuse_over_uring] transport payload lease held 1416 ms (≥ 1 s) — overlong handler invocation or a §5.4 severance escape; watch transport_lease_overlong / transport_parked_commits
[2026-08-30T11:11:00Z ERROR fuse3::raw::connection::fuse_over_uring] transport payload lease held 1416 ms (≥ 1 s) — overlong handler invocation or a §5.4 severance escape; watch transport_lease_overlong / transport_parked_commits
[2026-08-30T11:11:00Z ERROR fuse3::raw::connection::fuse_over_uring] transport payload lease held 1416 ms (≥ 1 s) — overlong handler invocation or a §5.4 severance escape; watch transport_lease_overlong / transport_parked_commits
[2026-08-30T11:11:00Z ERROR fuse3::raw::connection::fuse_over_uring] transport payload lease held 1416 ms (≥ 1 s) — overlong handler invocation or a §5.4 severance escape; watch transport_lease_overlong / transport_parked_commits
[2026-08-30T11:11:00Z ERROR fuse3::raw::connection::fuse_over_uring] transport payload lease held 1385 ms (≥ 1 s) — overlong handler invocation or a §5.4 severance escape; watch transport_lease_overlong / transport_parked_commits
[2026-08-30T11:11:00Z ERROR fuse3::raw::connection::fuse_over_uring] transport payload lease held 1393 ms (≥ 1 s) — overlong handler invocation or a §5.4 severance escape; watch transport_lease_overlong / transport_parked_commits
[2026-08-30T11:11:00Z ERROR fuse3::raw::connection::fuse_over_uring] transport payload lease held 1393 ms (≥ 1 s) — overlong handler invocation or a §5.4 severance escape; watch transport_lease_overlong / transport_parked_commits
[2026-08-30T11:11:00Z ERROR fuse3::raw::connection::fuse_over_uring] transport payload lease held 1393 ms (≥ 1 s) — overlong handler invocation or a §5.4 severance escape; watch transport_lease_overlong / transport_parked_commits
[2026-08-30T11:11:00Z ERROR fuse3::raw::connection::fuse_over_uring] transport payload lease held 1263 ms (≥ 1 s) — overlong handler invocation or a §5.4 severance escape; watch transport_lease_overlong / transport_parked_commits
[2026-08-30T11:11:00Z ERROR fuse3::raw::connection::fuse_over_uring] transport payload lease held 1173 ms (≥ 1 s) — overlong handler invocation or a §5.4 severance escape; watch transport_lease_overlong / transport_parked_commits
[2026-08-30T11:11:00Z ERROR fuse3::raw::connection::fuse_over_uring] transport payload lease held 1172 ms (≥ 1 s) — overlong handler invocation or a §5.4 severance escape; watch transport_lease_overlong / transport_parked_commits
[2026-08-30T11:11:00Z ERROR fuse3::raw::connection::fuse_over_uring] transport payload lease held 1172 ms (≥ 1 s) — overlong handler invocation or a §5.4 severance escape; watch transport_lease_overlong / transport_parked_commits
[2026-08-30T11:11:00Z ERROR fuse3::raw::connection::fuse_over_uring] transport payload lease held 1183 ms (≥ 1 s) — overlong handler invocation or a §5.4 severance escape; watch transport_lease_overlong / transport_parked_commits
[2026-08-30T11:11:00Z ERROR fuse3::raw::connection::fuse_over_uring] transport payload lease held 1176 ms (≥ 1 s) — overlong handler invocation or a §5.4 severance escape; watch transport_lease_overlong / transport_parked_commits
[2026-08-30T11:11:00Z ERROR fuse3::raw::connection::fuse_over_uring] transport payload lease held 1186 ms (≥ 1 s) — overlong handler invocation or a §5.4 severance escape; watch transport_lease_overlong / transport_parked_commits
[2026-08-30T11:11:00Z ERROR fuse3::raw::connection::fuse_over_uring] transport payload lease held 1187 ms (≥ 1 s) — overlong handler invocation or a §5.4 severance escape; watch transport_lease_overlong / transport_parked_commits
[2026-08-30T11:11:00Z ERROR fuse3::raw::connection::fuse_over_uring] transport payload lease held 1174 ms (≥ 1 s) — overlong handler invocation or a §5.4 severance escape; watch transport_lease_overlong / transport_parked_commits
[2026-08-30T11:11:00Z ERROR fuse3::raw::connection::fuse_over_uring] transport payload lease held 1173 ms (≥ 1 s) — overlong handler invocation or a §5.4 severance escape; watch transport_lease_overlong / transport_parked_commits
[2026-08-30T11:11:00Z ERROR fuse3::raw::connection::fuse_over_uring] transport payload lease held 1173 ms (≥ 1 s) — overlong handler invocation or a §5.4 severance escape; watch transport_lease_overlong / transport_parked_commits
[2026-08-30T11:11:00Z ERROR fuse3::raw::connection::fuse_over_uring] transport payload lease held 1173 ms (≥ 1 s) — overlong handler invocation or a §5.4 severance escape; watch transport_lease_overlong / transport_parked_commits
[2026-08-30T11:11:00Z ERROR fuse3::raw::connection::fuse_over_uring] transport payload lease held 1111 ms (≥ 1 s) — overlong handler invocation or a §5.4 severance escape; watch transport_lease_overlong / transport_parked_commits
[2026-08-30T11:11:00Z ERROR fuse3::raw::connection::fuse_over_uring] transport payload lease held 1110 ms (≥ 1 s) — overlong handler invocation or a §5.4 severance escape; watch transport_lease_overlong / transport_parked_commits
[2026-08-30T11:11:00Z ERROR fuse3::raw::connection::fuse_over_uring] transport payload lease held 1110 ms (≥ 1 s) — overlong handler invocation or a §5.4 severance escape; watch transport_lease_overlong / transport_parked_commits
[2026-08-30T11:11:00Z ERROR fuse3::raw::connection::fuse_over_uring] transport payload lease held 1110 ms (≥ 1 s) — overlong handler invocation or a §5.4 severance escape; watch transport_lease_overlong / transport_parked_commits
[2026-08-30T11:11:00Z ERROR fuse3::raw::connection::fuse_over_uring] transport payload lease held 1068 ms (≥ 1 s) — overlong handler invocation or a §5.4 severance escape; watch transport_lease_overlong / transport_parked_commits
[2026-08-30T11:11:00Z ERROR fuse3::raw::connection::fuse_over_uring] transport payload lease held 1030 ms (≥ 1 s) — overlong handler invocation or a §5.4 severance escape; watch transport_lease_overlong / transport_parked_commits
[2026-08-30T11:11:00Z ERROR fuse3::raw::connection::fuse_over_uring] transport payload lease held 1029 ms (≥ 1 s) — overlong handler invocation or a §5.4 severance escape; watch transport_lease_overlong / transport_parked_commits
[2026-08-30T11:11:00Z ERROR fuse3::raw::connection::fuse_over_uring] transport payload lease held 1029 ms (≥ 1 s) — overlong handler invocation or a §5.4 severance escape; watch transport_lease_overlong / transport_parked_commits
[2026-08-30T11:11:00Z ERROR fuse3::raw::connection::fuse_over_uring] transport payload lease held 1653 ms (≥ 1 s) — overlong handler invocation or a §5.4 severance escape; watch transport_lease_overlong / transport_parked_commits
[2026-08-30T11:11:00Z ERROR fuse3::raw::connection::fuse_over_uring] transport payload lease held 1649 ms (≥ 1 s) — overlong handler invocation or a §5.4 severance escape; watch transport_lease_overlong / transport_parked_commits
[2026-08-30T11:11:00Z ERROR fuse3::raw::connection::fuse_over_uring] transport payload lease held 1616 ms (≥ 1 s) — overlong handler invocation or a §5.4 severance escape; watch transport_lease_overlong / transport_parked_commits
[2026-08-30T11:11:00Z ERROR fuse3::raw::connection::fuse_over_uring] transport payload lease held 1616 ms (≥ 1 s) — overlong handler invocation or a §5.4 severance escape; watch transport_lease_overlong / transport_parked_commits
[2026-08-30T11:11:00Z ERROR fuse3::raw::connection::fuse_over_uring] transport payload lease held 1595 ms (≥ 1 s) — overlong handler invocation or a §5.4 severance escape; watch transport_lease_overlong / transport_parked_commits
[2026-08-30T11:11:00Z ERROR fuse3::raw::connection::fuse_over_uring] transport payload lease held 1637 ms (≥ 1 s) — overlong handler invocation or a §5.4 severance escape; watch transport_lease_overlong / transport_parked_commits
[2026-08-30T11:11:00Z ERROR fuse3::raw::connection::fuse_over_uring] transport payload lease held 1637 ms (≥ 1 s) — overlong handler invocation or a §5.4 severance escape; watch transport_lease_overlong / transport_parked_commits
[2026-08-30T11:11:00Z ERROR fuse3::raw::connection::fuse_over_uring] transport payload lease held 1637 ms (≥ 1 s) — overlong handler invocation or a §5.4 severance escape; watch transport_lease_overlong / transport_parked_commits
[2026-08-30T11:11:00Z ERROR fuse3::raw::connection::fuse_over_uring] transport payload lease held 1615 ms (≥ 1 s) — overlong handler invocation or a §5.4 severance escape; watch transport_lease_overlong / transport_parked_commits
[2026-08-30T11:11:00Z ERROR fuse3::raw::connection::fuse_over_uring] transport payload lease held 1615 ms (≥ 1 s) — overlong handler invocation or a §5.4 severance escape; watch transport_lease_overlong / transport_parked_commits
[2026-08-30T11:11:01Z ERROR fuse3::raw::connection::fuse_over_uring] transport payload lease held 1644 ms (≥ 1 s) — overlong handler invocation or a §5.4 severance escape; watch transport_lease_overlong / transport_parked_commits
[2026-08-30T11:11:01Z ERROR fuse3::raw::connection::fuse_over_uring] transport payload lease held 1645 ms (≥ 1 s) — overlong handler invocation or a §5.4 severance escape; watch transport_lease_overlong / transport_parked_commits
[2026-08-30T11:11:01Z ERROR fuse3::raw::connection::fuse_over_uring] transport payload lease held 1618 ms (≥ 1 s) — overlong handler invocation or a §5.4 severance escape; watch transport_lease_overlong / transport_parked_commits
[2026-08-30T11:11:01Z ERROR fuse3::raw::connection::fuse_over_uring] transport payload lease held 1598 ms (≥ 1 s) — overlong handler invocation or a §5.4 severance escape; watch transport_lease_overlong / transport_parked_commits
[2026-08-30T11:11:01Z ERROR fuse3::raw::connection::fuse_over_uring] transport payload lease held 1633 ms (≥ 1 s) — overlong handler invocation or a §5.4 severance escape; watch transport_lease_overlong / transport_parked_commits
[2026-08-30T11:11:01Z ERROR fuse3::raw::connection::fuse_over_uring] transport payload lease held 1597 ms (≥ 1 s) — overlong handler invocation or a §5.4 severance escape; watch transport_lease_overlong / transport_parked_commits
[2026-08-30T11:11:01Z ERROR fuse3::raw::connection::fuse_over_uring] transport payload lease held 1382 ms (≥ 1 s) — overlong handler invocation or a §5.4 severance escape; watch transport_lease_overlong / transport_parked_commits
[2026-08-30T11:11:01Z ERROR fuse3::raw::connection::fuse_over_uring] transport payload lease held 1373 ms (≥ 1 s) — overlong handler invocation or a §5.4 severance escape; watch transport_lease_overlong / transport_parked_commits
[2026-08-30T11:11:01Z ERROR fuse3::raw::connection::fuse_over_uring] transport payload lease held 1373 ms (≥ 1 s) — overlong handler invocation or a §5.4 severance escape; watch transport_lease_overlong / transport_parked_commits
[2026-08-30T11:11:01Z ERROR fuse3::raw::connection::fuse_over_uring] transport payload lease held 1374 ms (≥ 1 s) — overlong handler invocation or a §5.4 severance escape; watch transport_lease_overlong / transport_parked_commits
[2026-08-30T11:11:01Z ERROR fuse3::raw::connection::fuse_over_uring] transport payload lease held 1116 ms (≥ 1 s) — overlong handler invocation or a §5.4 severance escape; watch transport_lease_overlong / transport_parked_commits
[2026-08-30T11:11:01Z ERROR fuse3::raw::connection::fuse_over_uring] transport payload lease held 1113 ms (≥ 1 s) — overlong handler invocation or a §5.4 severance escape; watch transport_lease_overlong / transport_parked_commits
[2026-08-30T11:11:01Z ERROR fuse3::raw::connection::fuse_over_uring] transport payload lease held 1112 ms (≥ 1 s) — overlong handler invocation or a §5.4 severance escape; watch transport_lease_overlong / transport_parked_commits
[2026-08-30T11:11:01Z ERROR fuse3::raw::connection::fuse_over_uring] transport payload lease held 1123 ms (≥ 1 s) — overlong handler invocation or a §5.4 severance escape; watch transport_lease_overlong / transport_parked_commits
[2026-08-30T11:11:11Z ERROR fuse3::raw::connection::fuse_over_uring] transport payload lease held 1012 ms (≥ 1 s) — overlong handler invocation or a §5.4 severance escape; watch transport_lease_overlong / transport_parked_commits
[2026-08-30T11:11:11Z ERROR fuse3::raw::connection::fuse_over_uring] transport payload lease held 1012 ms (≥ 1 s) — overlong handler invocation or a §5.4 severance escape; watch transport_lease_overlong / transport_parked_commits
[2026-08-30T11:11:11Z ERROR fuse3::raw::connection::fuse_over_uring] transport payload lease held 1013 ms (≥ 1 s) — overlong handler invocation or a §5.4 severance escape; watch transport_lease_overlong / transport_parked_commits
[2026-08-30T11:11:11Z ERROR fuse3::raw::connection::fuse_over_uring] transport payload lease held 1012 ms (≥ 1 s) — overlong handler invocation or a §5.4 severance escape; watch transport_lease_overlong / transport_parked_commits
[2026-08-30T11:11:11Z ERROR fuse3::raw::connection::fuse_over_uring] transport payload lease held 1040 ms (≥ 1 s) — overlong handler invocation or a §5.4 severance escape; watch transport_lease_overlong / transport_parked_commits
[2026-08-30T11:11:11Z ERROR fuse3::raw::connection::fuse_over_uring] transport payload lease held 1036 ms (≥ 1 s) — overlong handler invocation or a §5.4 severance escape; watch transport_lease_overlong / transport_parked_commits
[2026-08-30T11:11:11Z ERROR fuse3::raw::connection::fuse_over_uring] transport payload lease held 1040 ms (≥ 1 s) — overlong handler invocation or a §5.4 severance escape; watch transport_lease_overlong / transport_parked_commits
[2026-08-30T11:11:11Z ERROR fuse3::raw::connection::fuse_over_uring] transport payload lease held 1031 ms (≥ 1 s) — overlong handler invocation or a §5.4 severance escape; watch transport_lease_overlong / transport_parked_commits
[2026-08-30T11:11:11Z ERROR fuse3::raw::connection::fuse_over_uring] transport payload lease held 1044 ms (≥ 1 s) — overlong handler invocation or a §5.4 severance escape; watch transport_lease_overlong / transport_parked_commits
[2026-08-30T11:11:11Z ERROR fuse3::raw::connection::fuse_over_uring] transport payload lease held 1044 ms (≥ 1 s) — overlong handler invocation or a §5.4 severance escape; watch transport_lease_overlong / transport_parked_commits
[2026-08-30T11:11:11Z ERROR fuse3::raw::connection::fuse_over_uring] transport payload lease held 1044 ms (≥ 1 s) — overlong handler invocation or a §5.4 severance escape; watch transport_lease_overlong / transport_parked_commits
[2026-08-30T11:11:11Z ERROR fuse3::raw::connection::fuse_over_uring] transport payload lease held 1041 ms (≥ 1 s) — overlong handler invocation or a §5.4 severance escape; watch transport_lease_overlong / transport_parked_commits
[2026-08-30T11:11:11Z ERROR fuse3::raw::connection::fuse_over_uring] transport payload lease held 1021 ms (≥ 1 s) — overlong handler invocation or a §5.4 severance escape; watch transport_lease_overlong / transport_parked_commits
[2026-08-30T11:11:19Z ERROR fuse3::raw::connection::fuse_over_uring] transport payload lease held 1089 ms (≥ 1 s) — overlong handler invocation or a §5.4 severance escape; watch transport_lease_overlong / transport_parked_commits
[2026-08-30T11:11:19Z ERROR fuse3::raw::connection::fuse_over_uring] transport payload lease held 1086 ms (≥ 1 s) — overlong handler invocation or a §5.4 severance escape; watch transport_lease_overlong / transport_parked_commits
[2026-08-30T11:11:19Z ERROR fuse3::raw::connection::fuse_over_uring] transport payload lease held 1086 ms (≥ 1 s) — overlong handler invocation or a §5.4 severance escape; watch transport_lease_overlong / transport_parked_commits
[2026-08-30T11:11:19Z ERROR fuse3::raw::connection::fuse_over_uring] transport payload lease held 1086 ms (≥ 1 s) — overlong handler invocation or a §5.4 severance escape; watch transport_lease_overlong / transport_parked_commits
[2026-08-30T11:11:20Z ERROR fuse3::raw::connection::fuse_over_uring] transport payload lease held 1072 ms (≥ 1 s) — overlong handler invocation or a §5.4 severance escape; watch transport_lease_overlong / transport_parked_commits
[2026-08-30T11:11:20Z ERROR fuse3::raw::connection::fuse_over_uring] transport payload lease held 1072 ms (≥ 1 s) — overlong handler invocation or a §5.4 severance escape; watch transport_lease_overlong / transport_parked_commits
[2026-08-30T11:11:20Z ERROR fuse3::raw::connection::fuse_over_uring] transport payload lease held 1072 ms (≥ 1 s) — overlong handler invocation or a §5.4 severance escape; watch transport_lease_overlong / transport_parked_commits
[2026-08-30T11:11:20Z ERROR fuse3::raw::connection::fuse_over_uring] transport payload lease held 1072 ms (≥ 1 s) — overlong handler invocation or a §5.4 severance escape; watch transport_lease_overlong / transport_parked_commits
[2026-08-30T11:11:20Z ERROR fuse3::raw::connection::fuse_over_uring] transport payload lease held 1078 ms (≥ 1 s) — overlong handler invocation or a §5.4 severance escape; watch transport_lease_overlong / transport_parked_commits
[2026-08-30T11:11:20Z ERROR fuse3::raw::connection::fuse_over_uring] transport payload lease held 1078 ms (≥ 1 s) — overlong handler invocation or a §5.4 severance escape; watch transport_lease_overlong / transport_parked_commits
[2026-08-30T11:11:20Z ERROR fuse3::raw::connection::fuse_over_uring] transport payload lease held 1078 ms (≥ 1 s) — overlong handler invocation or a §5.4 severance escape; watch transport_lease_overlong / transport_parked_commits
[2026-08-30T11:11:20Z ERROR fuse3::raw::connection::fuse_over_uring] transport payload lease held 1079 ms (≥ 1 s) — overlong handler invocation or a §5.4 severance escape; watch transport_lease_overlong / transport_parked_commits
[2026-08-30T11:11:20Z ERROR fuse3::raw::connection::fuse_over_uring] transport payload lease held 1065 ms (≥ 1 s) — overlong handler invocation or a §5.4 severance escape; watch transport_lease_overlong / transport_parked_commits
[2026-08-30T11:11:20Z ERROR fuse3::raw::connection::fuse_over_uring] transport payload lease held 1057 ms (≥ 1 s) — overlong handler invocation or a §5.4 severance escape; watch transport_lease_overlong / transport_parked_commits
[2026-08-30T11:11:20Z ERROR fuse3::raw::connection::fuse_over_uring] transport payload lease held 1051 ms (≥ 1 s) — overlong handler invocation or a §5.4 severance escape; watch transport_lease_overlong / transport_parked_commits
[2026-08-30T11:11:20Z ERROR fuse3::raw::connection::fuse_over_uring] transport payload lease held 1051 ms (≥ 1 s) — overlong handler invocation or a §5.4 severance escape; watch transport_lease_overlong / transport_parked_commits
[2026-08-30T11:11:20Z ERROR fuse3::raw::connection::fuse_over_uring] transport payload lease held 1068 ms (≥ 1 s) — overlong handler invocation or a §5.4 severance escape; watch transport_lease_overlong / transport_parked_commits
[2026-08-30T11:11:20Z ERROR fuse3::raw::connection::fuse_over_uring] transport payload lease held 1068 ms (≥ 1 s) — overlong handler invocation or a §5.4 severance escape; watch transport_lease_overlong / transport_parked_commits
[2026-08-30T11:11:20Z ERROR fuse3::raw::connection::fuse_over_uring] transport payload lease held 1063 ms (≥ 1 s) — overlong handler invocation or a §5.4 severance escape; watch transport_lease_overlong / transport_parked_commits
[2026-08-30T11:11:20Z ERROR fuse3::raw::connection::fuse_over_uring] transport payload lease held 1066 ms (≥ 1 s) — overlong handler invocation or a §5.4 severance escape; watch transport_lease_overlong / transport_parked_commits
[2026-08-30T11:11:20Z ERROR fuse3::raw::connection::fuse_over_uring] transport payload lease held 1040 ms (≥ 1 s) — overlong handler invocation or a §5.4 severance escape; watch transport_lease_overlong / transport_parked_commits
[2026-08-30T11:11:20Z ERROR fuse3::raw::connection::fuse_over_uring] transport payload lease held 1033 ms (≥ 1 s) — overlong handler invocation or a §5.4 severance escape; watch transport_lease_overlong / transport_parked_commits
[2026-08-30T11:11:20Z ERROR fuse3::raw::connection::fuse_over_uring] transport payload lease held 1037 ms (≥ 1 s) — overlong handler invocation or a §5.4 severance escape; watch transport_lease_overlong / transport_parked_commits
[2026-08-30T11:11:20Z ERROR fuse3::raw::connection::fuse_over_uring] transport payload lease held 1031 ms (≥ 1 s) — overlong handler invocation or a §5.4 severance escape; watch transport_lease_overlong / transport_parked_commits
[2026-08-30T11:11:25Z ERROR fuse3::raw::connection::fuse_over_uring] transport payload lease held 1165 ms (≥ 1 s) — overlong handler invocation or a §5.4 severance escape; watch transport_lease_overlong / transport_parked_commits
[2026-08-30T11:11:25Z ERROR fuse3::raw::connection::fuse_over_uring] transport payload lease held 1156 ms (≥ 1 s) — overlong handler invocation or a §5.4 severance escape; watch transport_lease_overlong / transport_parked_commits
[2026-08-30T11:11:25Z ERROR fuse3::raw::connection::fuse_over_uring] transport payload lease held 1154 ms (≥ 1 s) — overlong handler invocation or a §5.4 severance escape; watch transport_lease_overlong / transport_parked_commits
[2026-08-30T11:11:25Z ERROR fuse3::raw::connection::fuse_over_uring] transport payload lease held 1143 ms (≥ 1 s) — overlong handler invocation or a §5.4 severance escape; watch transport_lease_overlong / transport_parked_commits
[2026-08-30T11:11:25Z ERROR fuse3::raw::connection::fuse_over_uring] transport payload lease held 1131 ms (≥ 1 s) — overlong handler invocation or a §5.4 severance escape; watch transport_lease_overlong / transport_parked_commits
[2026-08-30T11:11:25Z ERROR fuse3::raw::connection::fuse_over_uring] transport payload lease held 1131 ms (≥ 1 s) — overlong handler invocation or a §5.4 severance escape; watch transport_lease_overlong / transport_parked_commits
[2026-08-30T11:11:25Z ERROR fuse3::raw::connection::fuse_over_uring] transport payload lease held 1131 ms (≥ 1 s) — overlong handler invocation or a §5.4 severance escape; watch transport_lease_overlong / transport_parked_commits
[2026-08-30T11:11:25Z ERROR fuse3::raw::connection::fuse_over_uring] transport payload lease held 1132 ms (≥ 1 s) — overlong handler invocation or a §5.4 severance escape; watch transport_lease_overlong / transport_parked_commits
[2026-08-30T11:11:25Z ERROR fuse3::raw::connection::fuse_over_uring] transport payload lease held 1164 ms (≥ 1 s) — overlong handler invocation or a §5.4 severance escape; watch transport_lease_overlong / transport_parked_commits
[2026-08-30T11:11:25Z ERROR fuse3::raw::connection::fuse_over_uring] transport payload lease held 1162 ms (≥ 1 s) — overlong handler invocation or a §5.4 severance escape; watch transport_lease_overlong / transport_parked_commits
[2026-08-30T11:11:25Z ERROR fuse3::raw::connection::fuse_over_uring] transport payload lease held 1162 ms (≥ 1 s) — overlong handler invocation or a §5.4 severance escape; watch transport_lease_overlong / transport_parked_commits
[2026-08-30T11:11:25Z ERROR fuse3::raw::connection::fuse_over_uring] transport payload lease held 1162 ms (≥ 1 s) — overlong handler invocation or a §5.4 severance escape; watch transport_lease_overlong / transport_parked_commits
[2026-08-30T11:11:25Z ERROR fuse3::raw::connection::fuse_over_uring] transport payload lease held 1146 ms (≥ 1 s) — overlong handler invocation or a §5.4 severance escape; watch transport_lease_overlong / transport_parked_commits
[2026-08-30T11:11:25Z ERROR fuse3::raw::connection::fuse_over_uring] transport payload lease held 1145 ms (≥ 1 s) — overlong handler invocation or a §5.4 severance escape; watch transport_lease_overlong / transport_parked_commits
[2026-08-30T11:11:25Z ERROR fuse3::raw::connection::fuse_over_uring] transport payload lease held 1203 ms (≥ 1 s) — overlong handler invocation or a §5.4 severance escape; watch transport_lease_overlong / transport_parked_commits
[2026-08-30T11:11:25Z ERROR fuse3::raw::connection::fuse_over_uring] transport payload lease held 1203 ms (≥ 1 s) — overlong handler invocation or a §5.4 severance escape; watch transport_lease_overlong / transport_parked_commits
[2026-08-30T11:11:25Z ERROR fuse3::raw::connection::fuse_over_uring] transport payload lease held 1093 ms (≥ 1 s) — overlong handler invocation or a §5.4 severance escape; watch transport_lease_overlong / transport_parked_commits
[2026-08-30T11:11:25Z ERROR fuse3::raw::connection::fuse_over_uring] transport payload lease held 1149 ms (≥ 1 s) — overlong handler invocation or a §5.4 severance escape; watch transport_lease_overlong / transport_parked_commits
[2026-08-30T11:11:25Z ERROR fuse3::raw::connection::fuse_over_uring] transport payload lease held 1148 ms (≥ 1 s) — overlong handler invocation or a §5.4 severance escape; watch transport_lease_overlong / transport_parked_commits
[2026-08-30T11:11:25Z ERROR fuse3::raw::connection::fuse_over_uring] transport payload lease held 1148 ms (≥ 1 s) — overlong handler invocation or a §5.4 severance escape; watch transport_lease_overlong / transport_parked_commits
[2026-08-30T11:11:25Z ERROR fuse3::raw::connection::fuse_over_uring] transport payload lease held 1185 ms (≥ 1 s) — overlong handler invocation or a §5.4 severance escape; watch transport_lease_overlong / transport_parked_commits
[2026-08-30T11:11:25Z ERROR fuse3::raw::connection::fuse_over_uring] transport payload lease held 1171 ms (≥ 1 s) — overlong handler invocation or a §5.4 severance escape; watch transport_lease_overlong / transport_parked_commits
[2026-08-30T11:11:25Z ERROR fuse3::raw::connection::fuse_over_uring] transport payload lease held 1151 ms (≥ 1 s) — overlong handler invocation or a §5.4 severance escape; watch transport_lease_overlong / transport_parked_commits
[2026-08-30T11:11:25Z ERROR fuse3::raw::connection::fuse_over_uring] transport payload lease held 1133 ms (≥ 1 s) — overlong handler invocation or a §5.4 severance escape; watch transport_lease_overlong / transport_parked_commits
[2026-08-30T11:11:25Z ERROR fuse3::raw::connection::fuse_over_uring] transport payload lease held 1023 ms (≥ 1 s) — overlong handler invocation or a §5.4 severance escape; watch transport_lease_overlong / transport_parked_commits
[2026-08-30T11:11:25Z ERROR fuse3::raw::connection::fuse_over_uring] transport payload lease held 1014 ms (≥ 1 s) — overlong handler invocation or a §5.4 severance escape; watch transport_lease_overlong / transport_parked_commits
[2026-08-30T11:11:25Z ERROR fuse3::raw::connection::fuse_over_uring] transport payload lease held 1275 ms (≥ 1 s) — overlong handler invocation or a §5.4 severance escape; watch transport_lease_overlong / transport_parked_commits
[2026-08-30T11:11:25Z ERROR fuse3::raw::connection::fuse_over_uring] transport payload lease held 1284 ms (≥ 1 s) — overlong handler invocation or a §5.4 severance escape; watch transport_lease_overlong / transport_parked_commits
