SqueezeFS version 1.1.0 (6a616bf4c3da / 6a616bf4c3da858bbe9f9c466ad931b343e14d67) built 2026-08-28T12:39:46Z
======================================================================
  Mount Configuration Summary
----------------------------------------------------------------------
  Volume Name:         squeezefs
  Capacity:            13.64 TiB
  Block Size:          4.00 MiB
  Compression:         none
  Encryption:          none
----------------------------------------------------------------------
Metadata Volumes:
  - [enabled] /dev/nvme3n1 (health: 1000)
Data Volumes:
  - [enabled] /dev/nvme4n1 (health: 1000)
  - [enabled] /dev/nvme5n1 (health: 1000)
  - [enabled] /dev/nvme6n1 (health: 1000)
  - [enabled] /dev/nvme7n1 (health: 1000)
----------------------------------------------------------------------
Cache/Staging:
  Memory Cache Size:   1GB
  Disk Cache Size:     10GB
  Staging Paths:       /scratch/cache
----------------------------------------------------------------------
Mount Options:
  Mountpoint:          "/scratch/mnt"
  Writeback Cache:     enabled
  Allow Other:         enabled
======================================================================
[2026-08-28T12:50:46Z INFO  squeezefs::nvme_dev] data volume /dev/nvme4n1: write_cache=write-through (durability barrier: io_uring Fsync/DATASYNC per device, coalesced)
[2026-08-28T12:50:46Z INFO  squeezefs] writer-scoped staging ENGAGED: client scope w_e56e47de7cb413eb.mae9dc892 (staging generation "v3:060e070dc4fc4a28b39f268e27eee710@node:e56e47de7cb413eb.mae9dc892") — staging keys carry the scope and this client's staging roots are bound to it
[2026-08-28T12:50:46Z INFO  squeezefs::cache::gds] GPU Direct Storage: No discrete GPU environment found. GDS bypassed.
[2026-08-28T12:50:46Z INFO  squeezefs] Registering data volume 'nvme4n1' at path /dev/nvme4n1 (state active)
[2026-08-28T12:50:46Z INFO  squeezefs] Registering data volume 'nvme5n1' at path /dev/nvme5n1 (state active)
[2026-08-28T12:50:46Z INFO  squeezefs::nvme_dev] data volume /dev/nvme5n1: write_cache=write-through (durability barrier: io_uring Fsync/DATASYNC per device, coalesced)
[2026-08-28T12:50:46Z INFO  squeezefs] Registering data volume 'nvme6n1' at path /dev/nvme6n1 (state active)
[2026-08-28T12:50:46Z INFO  squeezefs::nvme_dev] data volume /dev/nvme6n1: write_cache=write-through (durability barrier: io_uring Fsync/DATASYNC per device, coalesced)
[2026-08-28T12:50:46Z INFO  squeezefs] Registering data volume 'nvme7n1' at path /dev/nvme7n1 (state active)
[2026-08-28T12:50:46Z INFO  squeezefs::nvme_dev] data volume /dev/nvme7n1: write_cache=write-through (durability barrier: io_uring Fsync/DATASYNC per device, coalesced)
[2026-08-28T12:50:46Z INFO  squeezefs::dlm] fencing: durable writer term 1 adopted (was 0); every token this process mints now dominates every earlier era's (spec §6.7 decision 4)
[2026-08-28T12:50:46Z INFO  squeezefs::meta_backend::kv::backend] meta volume /dev/nvme3n1: writer claim taken (id=2c8519f4-1286-40cd-9a2a-958cc3f6bd61, term=1, mode=flock+pr)
[2026-08-28T12:50:46Z INFO  squeezefs] meta volume /dev/nvme3n1: format=3 ledger_seq=1 replay_entries=0 replay_dropped_torn=0 replay_ms=30 free_extents=14304967 next_ino=2 meta_volume_atomicity=cow-checksummed meta_volume_atomicity_physical=unknown writer_guard_mode=flock+pr
[2026-08-28T12:50:46Z INFO  squeezefs::fuse_client] Dynamic reclaim concurrency limit configured: 4
[2026-08-28T12:50:46Z INFO  squeezefs::routing] block-key incarnations engaged (spec §6.2 item 6): era 1, appender 0/1 — persisted block keys now name the lifetime of their device offset
[2026-08-28T12:50:46Z INFO  squeezefs::data_custody] data-plane WERO (rtype 3) acquired on 4 namespace(s), key 0x5af66e00510593fc — guarantee class pr: an unregistered (fenced) host's writes are rejected by the device
[2026-08-28T12:50:46Z INFO  squeezefs::routing] durable block-reference ledger is EMPTY — declining to treat it as                  authoritative (an un-backfilled stamp reads every live block as free):                  falling back to the layout walk, which then backfills
[2026-08-28T12:50:46Z INFO  squeezefs] Running block allocator recovery for data volume...
[2026-08-28T12:50:46Z INFO  squeezefs::block_allocator] Recovery scan summary (v3): checked=1, valid_inodes=1, layouts_found=0
[2026-08-28T12:50:46Z INFO  squeezefs] Running block allocator recovery for data volume...
[2026-08-28T12:50:46Z INFO  squeezefs::block_allocator] Recovery scan summary (v3): checked=1, valid_inodes=1, layouts_found=0
[2026-08-28T12:50:46Z INFO  squeezefs] Running block allocator recovery for data volume...
[2026-08-28T12:50:46Z INFO  squeezefs::block_allocator] Recovery scan summary (v3): checked=1, valid_inodes=1, layouts_found=0
[2026-08-28T12:50:46Z INFO  squeezefs] Running block allocator recovery for data volume...
[2026-08-28T12:50:46Z INFO  squeezefs::block_allocator] Recovery scan summary (v3): checked=1, valid_inodes=1, layouts_found=0
[2026-08-28T12:50:46Z WARN  squeezefs::job_wire] job wire: listener 0.0.0.0:42575 is PLAINTEXT TCP (no ClusterSecurityConfig) — sessions are AUTHENTICATED (storage-trust challenge proof + per-frame session MAC, S3 cluster_wire) but not private, so mutating publishes pay mandatory-100 % verify-reads (Issue-30; ≈2× device reads on remote-mutated bytes). Set SQUEEZEFS_JOB_WIRE_CA_KEY (+ optional SQUEEZEFS_JOB_WIRE_CA_CERT) for CA-pinned mTLS + sampled verification, or SQUEEZEFS_JOB_WIRE_BIND to narrow/disable the listener.
[2026-08-28T12:50:46Z INFO  squeezefs::job_wire] job wire: bounds — max 64 concurrent connections, 8192 pre-enrollment frame cap, handshake deadline 10s, challenge freshness 30s
[2026-08-28T12:50:46Z INFO  squeezefs] job wire: endpoint 172.31.16.93:42575 (published via the mount registration)
[2026-08-28T12:50:46Z INFO  squeezefs::free_grace] freed-offset grace period armed (spec §6.8 item 3): a terminally-freed offset is not reallocatable until every live reader has acknowledged passing it. Grace bound 76.045s (under space pressure 38.0225s), ring cap 841785 offsets per volume — past the bound a laggard is FENCED, not waited on
[2026-08-28T12:50:46Z INFO  squeezefs::membership] membership owner '5d8e0457-5ce1-43a1-9dcf-804512b8df93' armed in term 1 (was 0): lease TTL 45s, member deadline T_self 42.955s, renewal cadence 10s, grace 45s — liveness is RAM state renewed over cluster_wire and costs ZERO journal transactions (DLM S6, spec §6.5 item 3)
[2026-08-28T12:50:46Z INFO  squeezefs::cluster_wire] cluster wire: listener 0.0.0.0:35959 (plaintext) — thread-per-connection, max 64 connections, 8192 B pre-authn frame cap, handshake deadline 10s, challenge freshness 30s; every admitted frame carries a session MAC derived from the shared volume's job:enroll secret
[2026-08-28T12:50:46Z INFO  squeezefs::membership_wire] membership plane listening on 0.0.0.0:35959 (owner '5d8e0457-5ce1-43a1-9dcf-804512b8df93', term 1) — liveness for every member is RAM state renewed over this wire, so a beat costs ZERO journal transactions (DLM S6)
[2026-08-28T12:50:46Z INFO  squeezefs::membership] claim set on /dev/nvme3n1: writer 'node_e56e47de7cb413eb.mae9dc892' is a durable member in term 1 (1 member(s),          registrant key 0x5af66e00510593fc) — §6.2 item 7
[2026-08-28T12:50:46Z INFO  squeezefs::membership] membership OWNER armed on 172.31.16.93:35959 (id '5d8e0457-5ce1-43a1-9dcf-804512b8df93', term 1, superseding 0): members hold RAM leases renewed over cluster_wire, so liveness costs ZERO journal transactions and `squeezefs clients` reads ONE record plus a paged census instead of one getxattr per client (DLM S6, spec §6.5 item 3)
[2026-08-28T12:50:46Z INFO  squeezefs::data_custody] data-plane WERO: joining the standing hold on 4 namespace(s) (key 0x5af66e00510593fc) — a second reservation would conflict at the device
[2026-08-28T12:50:46Z INFO  squeezefs::data_grant] write-custody authority 'mw-8148da88-518a-4b77-9391-11cb0d49ca83' armed in era 1 (superseding 0): client lease TTL 45s, member deadline T_self 42.955s, renewal cadence 10s, grace 45s. Only CUSTODY travels here — a co-writer's bytes go straight to the device (DLM S9, spec §6.9)
[2026-08-28T12:50:46Z WARN  squeezefs::data_grant] S9: custody authority 'mw-8148da88-518a-4b77-9391-11cb0d49ca83' runs era 1 with a 1-way data-plane allocation partition (0 enrolled co-writer lane(s); this node is lane 0). Every member's lane travels on its lease — no knob can put two writers in one residue class
[2026-08-28T12:50:46Z INFO  squeezefs::cluster_wire] cluster wire: listener 0.0.0.0:45999 (plaintext) — thread-per-connection, max 64 connections, 8192 B pre-authn frame cap, handshake deadline 10s, challenge freshness 30s; every admitted frame carries a session MAC derived from the shared volume's job:enroll secret
[2026-08-28T12:50:46Z WARN  squeezefs::meta_ship::owners] metadata function shipping ARMED (DLM S8): 1 of 1 volumes owned locally, 0 shipped to 0 peer(s) []; 65536 slots home locally. Metadata verbs on a foreign volume now travel to its owner; the DATA plane still refuses foreign-home custody loud (S9 ships that half)
[2026-08-28T12:50:46Z WARN  squeezefs::multi_writer] MULTI-WRITER ARMED (DLM S9) on 172.31.16.93:45999: era 1, custody authority 'mw-8148da88-518a-4b77-9391-11cb0d49ca83', data-plane fence class pr, 0 of 1 metadata volume(s) owned elsewhere. Peers may now acquire write custody here and DMA directly to the shared namespaces — only custody travels, never data (spec §6.9 S9)
Mounting Squeezefs at "/scratch/mnt"...
[2026-08-28T12:50:46Z INFO  squeezefs::fuse_client] Transport payload-buffer cap: 2466 MiB (memory budget 19729 MiB)
[2026-08-28T12:50:46Z WARN  squeezefs::ipc_host] SQUEEZEFS_IPC_ALLOW_DEV is set — the KD-7 build-commit skew gate is RELAXED for this mount (degenerate `unknown`/`-dirty` identities will be admitted, counted in ipc_binds_dev_override). Dev boxes only: a mismatched daemon/shim pair is undefined behavior.
[2026-08-28T12:50:46Z INFO  squeezefs::ipc_host] ipc host: path ctl socket at /run/squeezefs/sqz-il0-2930-8db0c417.sock
[2026-08-28T12:50:46Z INFO  squeezefs::fuse_client] IPC session host armed (socket sqz-il0-2930-8db0c417, session shm cap 2466 MiB)
[2026-08-28T12:50:46Z INFO  squeezefs::fuse_client] SqueezeFS version 1.1.0 (6a616bf4c3da / 6a616bf4c3da858bbe9f9c466ad931b343e14d67) built 2026-08-28T12:39:46Z initializing mount
[2026-08-28T12:50:46Z INFO  squeezefs::fuse_client] FUSE Daemon: Mounting squeezefs at "/scratch/mnt"...
[2026-08-28T12:50:46Z INFO  squeezefs::fuse_client] FUSE Daemon: Metadata connection active.
[2026-08-28T12:50:46Z INFO  squeezefs::fuse_client] device-overlay armed: transport streaming holds enabled (SQUEEZEFS_DEVICE_OVERLAY)
[92mOK[0m Squeezefs is ready at "/scratch/mnt"
[2026-08-28T12:50:46Z INFO  squeezefs::fuse_client] IPC session host: mount st_dev resolved (56)
[2026-08-28T12:50:46Z INFO  squeezefs::fuse_client] FUSE Daemon: Initialized Squeezefs Filesystem mount (version 1.1.0 (6a616bf4c3da / 6a616bf4c3da858bbe9f9c466ad931b343e14d67) built 2026-08-28T12:39:46Z).
squeezefs: mount ready (version 1.1.0 (6a616bf4c3da / 6a616bf4c3da858bbe9f9c466ad931b343e14d67) built 2026-08-28T12:39:46Z, exe hint: rebuild target/release and reinstall)
[2026-08-28T12:50:46Z INFO  squeezefs::fuse_client] FUSE kernel protocol 7.45 (init flags 0x5ff73fffffb): FOPEN_NOFLUSH advertised + honored on non-writeback opens (kernel ≥ 7.35) (D2.a; under writeback cache the elision switch is the clean-FLUSH ENOSYS latch — uapi: NOFLUSH applies 'unless FUSE_WRITEBACK_CACHE'); UNKNOWN init capability bits 0x40000000000 advertised — investigate whether an atomic-open-class capability is among them (D2.d adoption follow-up)
squeezefs: FUSE kernel 7.45 — FOPEN_NOFLUSH advertised (wb-cache elision = clean-FLUSH ENOSYS latch); UNKNOWN init capability bits 0x40000000000 advertised — investigate whether an atomic-open-class capability is among them (D2.d adoption follow-up)
[2026-08-28T12:50:46Z INFO  squeezefs::fuse_client] FUSE_HANDLE_KILLPRIV_V2 negotiated (kernel killpriv probe deleted; daemon owns suid/sgid/caps clearing) for this mount
[2026-08-28T12:50:46Z INFO  fuse3::raw::connection::fuse_over_uring] enabled kernel fuse.enable_uring=Y
[2026-08-28T12:50:46Z WARN  fuse3::raw::connection::kmbuf] SQUEEZEFS_FUSE_ZC=1 declined: the kmbuf/zc io_uring surface is Absent on this kernel — continuing on the userspace-ent path (fuse3_zc_replies stays 0; the sqz kernel series carries the surface)
[2026-08-28T12:50:46Z INFO  fuse3::raw::connection::fuse_over_uring] fuse-over-uring queue-ring setup probe: SINGLE_ISSUER+DEFER_TASKRUN available
FUSE-over-io_uring registered: queues=32 depth=32 payload_sz=1048576 max_write=1048576 max_pages=256 buffers=user-ents kmbuf_ops=absent fd=72 sqpoll=off drain_groups=4(width<=8)
[2026-08-28T12:50:46Z INFO  fuse3::raw::connection::fuse_over_uring] FUSE-over-io_uring registered: queues=32 depth=32 payload_sz=1048576 max_write=1048576 max_pages=256 buffers=user-ents kmbuf_ops=absent fd=72 sqpoll=off drain_groups=4(width<=8)
FUSE-over-io_uring session path armed (ready=true, queues=32)
FUSE-over-io_uring transport armed for this session
[2026-08-28T12:50:46Z INFO  fuse3::raw::session] FUSE-over-io_uring transport armed for this session
FUSE-over-io_uring: classical sideband servicer armed (primary session; FORGET/INTERRUPT/resend + switchover stragglers)
[SIG] Received SIGTERM (or signal watcher exited); shutting down.
[SIG] Shutdown resolved. Running shutdown logic...
[2026-08-28T12:51:49Z INFO  squeezefs::fuse_client] Received shutdown signal. Force flushing memory buffers to staging...
[2026-08-28T12:51:49Z INFO  squeezefs::fuse_client] FUSE Daemon: Force flushing all in-memory write buffers to local NVMe staging...
[2026-08-28T12:51:49Z INFO  squeezefs::fuse_client] FUSE Daemon: All in-memory write buffers flushed to local NVMe staging.
[2026-08-28T12:51:49Z INFO  squeezefs::fuse_client] FUSE Daemon: Destroying mount. Force flushing all staged and memory data...
[2026-08-28T12:51:49Z INFO  squeezefs::fuse_client] FUSE Daemon: Force flushing all in-memory write buffers to local NVMe staging...
[2026-08-28T12:51:49Z INFO  squeezefs::fuse_client] FUSE Daemon: All in-memory write buffers flushed to local NVMe staging.
[2026-08-28T12:51:49Z INFO  squeezefs::fuse_client] FUSE Daemon: Force flushing all staged active blocks to NVMe-oF backend...
[2026-08-28T12:51:49Z INFO  squeezefs::fuse_client] FUSE Daemon: No staged active blocks to flush.
[2026-08-28T12:51:49Z INFO  squeezefs::fuse_client] FUSE Daemon: Dismount clean. All write staged blocks successfully flushed to backend.
[2026-08-28T12:51:59Z INFO  fuse3::raw::connection::fuse_over_uring] fuse-over-uring watch: /dev/fuse revents=0x8 (abort/unmount); shutting down
[2026-08-28T12:51:59Z INFO  fuse3::raw::connection::fuse_over_uring] FUSE-over-io_uring shutting down (fd=72)
[2026-08-28T12:51:59Z INFO  fuse3::raw::connection::fuse_over_uring] fuse-over-uring qid=0 ent=0: disconnect CQE err=107; shutting down
[2026-08-28T12:52:00Z WARN  squeezefs::meta_ship::owners] metadata function shipping DISARMED (DLM S8): solo authority restored
[2026-08-28T12:52:00Z WARN  squeezefs::multi_writer] multi-writer DISARMED: solo authority restored, no custody is granted to peers, and the data-namespace WERO hold is released
[2026-08-28T12:52:00Z WARN  squeezefs::membership] membership: could not withdraw writer 'node_e56e47de7cb413eb.mae9dc892' from the claim set on                          /dev/nvme3n1: I/O error: meta volume /dev/nvme3n1: volume is shutting down (a stale member entry classifies by its own liveness, so                          this is honest residue rather than a lie)
[2026-08-28T12:52:00Z WARN  squeezefs::membership] membership: could not remove the rendezvous record from /dev/nvme3n1: I/O error: meta volume /dev/nvme3n1: volume is shutting down (a stale record names an endpoint that no longer answers, which the next reader detects on its first renewal)
SqueezeFS version 1.1.0 (6a616bf4c3da / 6a616bf4c3da858bbe9f9c466ad931b343e14d67) built 2026-08-28T12:39:46Z
======================================================================
  Mount Configuration Summary
----------------------------------------------------------------------
  Volume Name:         squeezefs
  Capacity:            13.64 TiB
  Block Size:          4.00 MiB
  Compression:         none
  Encryption:          none
----------------------------------------------------------------------
Metadata Volumes:
  - [enabled] /dev/nvme3n1 (health: 1000)
Data Volumes:
  - [enabled] /dev/nvme4n1 (health: 1000)
  - [enabled] /dev/nvme5n1 (health: 1000)
  - [enabled] /dev/nvme6n1 (health: 1000)
  - [enabled] /dev/nvme7n1 (health: 1000)
----------------------------------------------------------------------
Cache/Staging:
  Memory Cache Size:   1GB
  Disk Cache Size:     10GB
  Staging Paths:       /scratch/cache
----------------------------------------------------------------------
Mount Options:
  Mountpoint:          "/scratch/mnt"
  Writeback Cache:     enabled
  Allow Other:         enabled
======================================================================
[2026-08-28T12:52:00Z INFO  squeezefs::nvme_dev] data volume /dev/nvme4n1: write_cache=write-through (durability barrier: io_uring Fsync/DATASYNC per device, coalesced)
[2026-08-28T12:52:00Z INFO  squeezefs] writer-scoped staging ENGAGED: client scope w_e56e47de7cb413eb.mae9dc892 (staging generation "v3:060e070dc4fc4a28b39f268e27eee710@node:e56e47de7cb413eb.mae9dc892") — staging keys carry the scope and this client's staging roots are bound to it
[2026-08-28T12:52:17Z INFO  squeezefs::cache::gds] GPU Direct Storage: No discrete GPU environment found. GDS bypassed.
[2026-08-28T12:52:17Z INFO  squeezefs::cache::nvme] staging init: discarded 16 read-cache segment file(s) (5368709120 B) from a previous session — read cache starts cold (block-key offsets are not incarnation-stable across mounts)
[2026-08-28T12:52:18Z INFO  squeezefs] Registering data volume 'nvme4n1' at path /dev/nvme4n1 (state active)
[2026-08-28T12:52:18Z INFO  squeezefs] Registering data volume 'nvme5n1' at path /dev/nvme5n1 (state active)
[2026-08-28T12:52:18Z INFO  squeezefs::nvme_dev] data volume /dev/nvme5n1: write_cache=write-through (durability barrier: io_uring Fsync/DATASYNC per device, coalesced)
[2026-08-28T12:52:18Z INFO  squeezefs] Registering data volume 'nvme6n1' at path /dev/nvme6n1 (state active)
[2026-08-28T12:52:18Z INFO  squeezefs::nvme_dev] data volume /dev/nvme6n1: write_cache=write-through (durability barrier: io_uring Fsync/DATASYNC per device, coalesced)
[2026-08-28T12:52:18Z INFO  squeezefs] Registering data volume 'nvme7n1' at path /dev/nvme7n1 (state active)
[2026-08-28T12:52:18Z INFO  squeezefs::nvme_dev] data volume /dev/nvme7n1: write_cache=write-through (durability barrier: io_uring Fsync/DATASYNC per device, coalesced)
[2026-08-28T12:52:18Z INFO  squeezefs::dlm] fencing: durable writer term 2 adopted (was 0); every token this process mints now dominates every earlier era's (spec §6.7 decision 4)
[2026-08-28T12:52:18Z INFO  squeezefs::meta_backend::kv::backend] meta volume /dev/nvme3n1: writer claim taken (id=d28742bc-5aba-4b26-822d-28b7aa42b124, term=2, mode=flock+pr)
[2026-08-28T12:52:18Z INFO  squeezefs] meta volume /dev/nvme3n1: format=3 ledger_seq=17 replay_entries=0 replay_dropped_torn=0 replay_ms=49 free_extents=14304967 next_ino=2 meta_volume_atomicity=cow-checksummed meta_volume_atomicity_physical=unknown writer_guard_mode=flock+pr
[2026-08-28T12:52:18Z INFO  squeezefs::fuse_client] Dynamic reclaim concurrency limit configured: 4
[2026-08-28T12:52:18Z INFO  squeezefs::routing] block-key incarnations engaged (spec §6.2 item 6): era 2, appender 0/1 — persisted block keys now name the lifetime of their device offset
[2026-08-28T12:52:18Z INFO  squeezefs::data_custody] data-plane WERO (rtype 3) acquired on 4 namespace(s), key 0xaddb6c71e9b7cf9b — guarantee class pr: an unregistered (fenced) host's writes are rejected by the device
[2026-08-28T12:52:18Z INFO  squeezefs::routing] durable block-reference ledger is EMPTY — declining to treat it as                  authoritative (an un-backfilled stamp reads every live block as free):                  falling back to the layout walk, which then backfills
[2026-08-28T12:52:18Z INFO  squeezefs] Running block allocator recovery for data volume...
[2026-08-28T12:52:18Z INFO  squeezefs::block_allocator] Recovery scan summary (v3): checked=1, valid_inodes=1, layouts_found=0
[2026-08-28T12:52:18Z INFO  squeezefs] Running block allocator recovery for data volume...
[2026-08-28T12:52:18Z INFO  squeezefs::block_allocator] Recovery scan summary (v3): checked=1, valid_inodes=1, layouts_found=0
[2026-08-28T12:52:18Z INFO  squeezefs] Running block allocator recovery for data volume...
[2026-08-28T12:52:18Z INFO  squeezefs::block_allocator] Recovery scan summary (v3): checked=1, valid_inodes=1, layouts_found=0
[2026-08-28T12:52:18Z INFO  squeezefs] Running block allocator recovery for data volume...
[2026-08-28T12:52:18Z INFO  squeezefs::block_allocator] Recovery scan summary (v3): checked=1, valid_inodes=1, layouts_found=0
[2026-08-28T12:52:18Z WARN  squeezefs::job_wire] job wire: listener 0.0.0.0:45305 is PLAINTEXT TCP (no ClusterSecurityConfig) — sessions are AUTHENTICATED (storage-trust challenge proof + per-frame session MAC, S3 cluster_wire) but not private, so mutating publishes pay mandatory-100 % verify-reads (Issue-30; ≈2× device reads on remote-mutated bytes). Set SQUEEZEFS_JOB_WIRE_CA_KEY (+ optional SQUEEZEFS_JOB_WIRE_CA_CERT) for CA-pinned mTLS + sampled verification, or SQUEEZEFS_JOB_WIRE_BIND to narrow/disable the listener.
[2026-08-28T12:52:18Z INFO  squeezefs::job_wire] job wire: bounds — max 64 concurrent connections, 8192 pre-enrollment frame cap, handshake deadline 10s, challenge freshness 30s
[2026-08-28T12:52:18Z INFO  squeezefs] job wire: endpoint 172.31.16.93:45305 (published via the mount registration)
[2026-08-28T12:52:18Z INFO  squeezefs::free_grace] freed-offset grace period armed (spec §6.8 item 3): a terminally-freed offset is not reallocatable until every live reader has acknowledged passing it. Grace bound 76.045s (under space pressure 38.0225s), ring cap 841785 offsets per volume — past the bound a laggard is FENCED, not waited on
[2026-08-28T12:52:18Z INFO  squeezefs::membership] membership owner '2e900136-a8f1-43f0-bc3c-b7b819ee01f8' armed in term 2 (was 1): lease TTL 45s, member deadline T_self 42.955s, renewal cadence 10s, grace 45s — liveness is RAM state renewed over cluster_wire and costs ZERO journal transactions (DLM S6, spec §6.5 item 3)
[2026-08-28T12:52:18Z INFO  squeezefs::cluster_wire] cluster wire: listener 0.0.0.0:44777 (plaintext) — thread-per-connection, max 64 connections, 8192 B pre-authn frame cap, handshake deadline 10s, challenge freshness 30s; every admitted frame carries a session MAC derived from the shared volume's job:enroll secret
[2026-08-28T12:52:18Z INFO  squeezefs::membership_wire] membership plane listening on 0.0.0.0:44777 (owner '2e900136-a8f1-43f0-bc3c-b7b819ee01f8', term 2) — liveness for every member is RAM state renewed over this wire, so a beat costs ZERO journal transactions (DLM S6)
[2026-08-28T12:52:18Z INFO  squeezefs::membership] claim set on /dev/nvme3n1: writer 'node_e56e47de7cb413eb.mae9dc892' is a durable member in term 2 (1 member(s),          registrant key 0xaddb6c71e9b7cf9b) — §6.2 item 7
[2026-08-28T12:52:18Z INFO  squeezefs::membership] membership OWNER armed on 172.31.16.93:44777 (id '2e900136-a8f1-43f0-bc3c-b7b819ee01f8', term 2, superseding 1): members hold RAM leases renewed over cluster_wire, so liveness costs ZERO journal transactions and `squeezefs clients` reads ONE record plus a paged census instead of one getxattr per client (DLM S6, spec §6.5 item 3)
[2026-08-28T12:52:18Z INFO  squeezefs::data_custody] data-plane WERO: joining the standing hold on 4 namespace(s) (key 0xaddb6c71e9b7cf9b) — a second reservation would conflict at the device
[2026-08-28T12:52:18Z INFO  squeezefs::membership] claim set on /dev/nvme3n1: writer 'node_e56e47de7cb413eb.mede43def' is a durable member in term 2 (2 member(s),          registrant key 0x0) — §6.2 item 7
[2026-08-28T12:52:18Z INFO  squeezefs::membership] claim set on /dev/nvme3n1: writer 'node_e56e47de7cb413eb.mad13c96f' is a durable member in term 2 (3 member(s),          registrant key 0x0) — §6.2 item 7
[2026-08-28T12:52:18Z INFO  squeezefs::membership] claim set on /dev/nvme3n1: writer 'node_e56e47de7cb413eb.m0cb1fc55' is a durable member in term 2 (4 member(s),          registrant key 0x0) — §6.2 item 7
[2026-08-28T12:52:18Z INFO  squeezefs::membership] claim set on /dev/nvme3n1: writer 'node_e56e47de7cb413eb.m2d45e9c3' is a durable member in term 2 (5 member(s),          registrant key 0x0) — §6.2 item 7
[2026-08-28T12:52:18Z INFO  squeezefs::membership] claim set on /dev/nvme3n1: writer 'node_e56e47de7cb413eb.m5bc655d3' is a durable member in term 2 (6 member(s),          registrant key 0x0) — §6.2 item 7
[2026-08-28T12:52:18Z INFO  squeezefs::membership] claim set on /dev/nvme3n1: writer 'node_e56e47de7cb413eb.m11bafcbf' is a durable member in term 2 (7 member(s),          registrant key 0x0) — §6.2 item 7
[2026-08-28T12:52:18Z INFO  squeezefs::membership] claim set on /dev/nvme3n1: writer 'node_e56e47de7cb413eb.mad7c5113' is a durable member in term 2 (8 member(s),          registrant key 0x0) — §6.2 item 7
[2026-08-28T12:52:18Z INFO  squeezefs::membership] claim set on /dev/nvme3n1: writer 'node_e56e47de7cb413eb.me2d0c742' is a durable member in term 2 (9 member(s),          registrant key 0x0) — §6.2 item 7
[2026-08-28T12:52:18Z WARN  squeezefs::cowriter] claim set: 8 durable co-writer enrollment(s) committed for ["node_e56e47de7cb413eb.mede43def", "node_e56e47de7cb413eb.mad13c96f", "node_e56e47de7cb413eb.m0cb1fc55", "node_e56e47de7cb413eb.m2d45e9c3", "node_e56e47de7cb413eb.m5bc655d3", "node_e56e47de7cb413eb.m11bafcbf", "node_e56e47de7cb413eb.mad7c5113", "node_e56e47de7cb413eb.me2d0c742"] in term 2 — each named node may now be ADMITTED as a co-writer of this set (§6.2 item 7; the authority is the only writer of this record)
[2026-08-28T12:52:18Z WARN  squeezefs::multi_writer] multi-writer: 8 durable co-writer enrollment(s) committed for ["node_e56e47de7cb413eb.mede43def", "node_e56e47de7cb413eb.mad13c96f", "node_e56e47de7cb413eb.m0cb1fc55", "node_e56e47de7cb413eb.m2d45e9c3", "node_e56e47de7cb413eb.m5bc655d3", "node_e56e47de7cb413eb.m11bafcbf", "node_e56e47de7cb413eb.mad7c5113", "node_e56e47de7cb413eb.me2d0c742"] in era 2 — each named node may now pass admission rung 3
[2026-08-28T12:52:18Z INFO  squeezefs::data_grant] write-custody authority 'mw-c0cd9be7-5a6c-4bf3-bf90-6eb127ae8f7d' armed in era 2 (superseding 0): client lease TTL 45s, member deadline T_self 42.955s, renewal cadence 10s, grace 45s. Only CUSTODY travels here — a co-writer's bytes go straight to the device (DLM S9, spec §6.9)
[2026-08-28T12:52:18Z WARN  squeezefs::data_grant] S9: custody authority 'mw-c0cd9be7-5a6c-4bf3-bf90-6eb127ae8f7d' runs era 2 with a 16-way data-plane allocation partition (15 enrolled co-writer lane(s); this node is lane 0). Every member's lane travels on its lease — no knob can put two writers in one residue class
[2026-08-28T12:52:18Z INFO  squeezefs::block_allocator] data-plane allocation partition engaged on volume 'nvme4n1': lane 0 of 16, reservation grain 96 blocks, 838189 block(s) of this device belong to other lanes (alloc_lane_stranded_bytes)
[2026-08-28T12:52:18Z WARN  squeezefs::alloc_lane_grant] data-plane allocation lane ENGAGED on volume 'nvme4n1': lane 0 of 16, resuming at block 0 (floor from this mount's own ownership recovery). Fresh allocation is this mount's residue class; frees stay lane-blind
[2026-08-28T12:52:18Z WARN  squeezefs::alloc_lane_grant] data-plane allocation lane ENGAGED on volume 'nvme4n1': lane 0 of 16, resuming at block 0 (floor from this mount's own ownership recovery). Fresh allocation is this mount's residue class; frees stay lane-blind
[2026-08-28T12:52:18Z INFO  squeezefs::block_allocator] data-plane allocation partition engaged on volume 'nvme5n1': lane 0 of 16, reservation grain 96 blocks, 838189 block(s) of this device belong to other lanes (alloc_lane_stranded_bytes)
[2026-08-28T12:52:18Z WARN  squeezefs::alloc_lane_grant] data-plane allocation lane ENGAGED on volume 'nvme5n1': lane 0 of 16, resuming at block 0 (floor from this mount's own ownership recovery). Fresh allocation is this mount's residue class; frees stay lane-blind
[2026-08-28T12:52:18Z INFO  squeezefs::block_allocator] data-plane allocation partition engaged on volume 'nvme6n1': lane 0 of 16, reservation grain 96 blocks, 838189 block(s) of this device belong to other lanes (alloc_lane_stranded_bytes)
[2026-08-28T12:52:18Z WARN  squeezefs::alloc_lane_grant] data-plane allocation lane ENGAGED on volume 'nvme6n1': lane 0 of 16, resuming at block 0 (floor from this mount's own ownership recovery). Fresh allocation is this mount's residue class; frees stay lane-blind
[2026-08-28T12:52:18Z INFO  squeezefs::block_allocator] data-plane allocation partition engaged on volume 'nvme7n1': lane 0 of 16, reservation grain 96 blocks, 838189 block(s) of this device belong to other lanes (alloc_lane_stranded_bytes)
[2026-08-28T12:52:18Z WARN  squeezefs::alloc_lane_grant] data-plane allocation lane ENGAGED on volume 'nvme7n1': lane 0 of 16, resuming at block 0 (floor from this mount's own ownership recovery). Fresh allocation is this mount's residue class; frees stay lane-blind
[2026-08-28T12:52:18Z INFO  squeezefs::cluster_wire] cluster wire: listener 0.0.0.0:45999 (plaintext) — thread-per-connection, max 64 connections, 8192 B pre-authn frame cap, handshake deadline 10s, challenge freshness 30s; every admitted frame carries a session MAC derived from the shared volume's job:enroll secret
[2026-08-28T12:52:18Z WARN  squeezefs::meta_ship::owners] metadata function shipping ARMED (DLM S8): 1 of 1 volumes owned locally, 0 shipped to 0 peer(s) []; 65536 slots home locally. Metadata verbs on a foreign volume now travel to its owner; the DATA plane still refuses foreign-home custody loud (S9 ships that half)
[2026-08-28T12:52:18Z WARN  squeezefs::multi_writer] MULTI-WRITER ARMED (DLM S9) on 172.31.16.93:45999: era 2, custody authority 'mw-c0cd9be7-5a6c-4bf3-bf90-6eb127ae8f7d', data-plane fence class pr, 0 of 1 metadata volume(s) owned elsewhere. Peers may now acquire write custody here and DMA directly to the shared namespaces — only custody travels, never data (spec §6.9 S9)
Mounting Squeezefs at "/scratch/mnt"...
[2026-08-28T12:52:18Z INFO  squeezefs::fuse_client] Transport payload-buffer cap: 2466 MiB (memory budget 19729 MiB)
[2026-08-28T12:52:18Z WARN  squeezefs::ipc_host] SQUEEZEFS_IPC_ALLOW_DEV is set — the KD-7 build-commit skew gate is RELAXED for this mount (degenerate `unknown`/`-dirty` identities will be admitted, counted in ipc_binds_dev_override). Dev boxes only: a mismatched daemon/shim pair is undefined behavior.
[2026-08-28T12:52:18Z INFO  squeezefs::ipc_host] ipc host: path ctl socket at /run/squeezefs/sqz-il0-3749-4fa7cd8d.sock
[2026-08-28T12:52:18Z INFO  squeezefs::fuse_client] IPC session host armed (socket sqz-il0-3749-4fa7cd8d, session shm cap 2466 MiB)
[2026-08-28T12:52:18Z INFO  squeezefs::fuse_client] SqueezeFS version 1.1.0 (6a616bf4c3da / 6a616bf4c3da858bbe9f9c466ad931b343e14d67) built 2026-08-28T12:39:46Z initializing mount
[2026-08-28T12:52:18Z INFO  squeezefs::fuse_client] FUSE Daemon: Mounting squeezefs at "/scratch/mnt"...
[2026-08-28T12:52:18Z INFO  squeezefs::fuse_client] FUSE Daemon: Metadata connection active.
[2026-08-28T12:52:18Z INFO  squeezefs::fuse_client] device-overlay armed: transport streaming holds enabled (SQUEEZEFS_DEVICE_OVERLAY)
[92mOK[0m Squeezefs is ready at "/scratch/mnt"
[2026-08-28T12:52:18Z INFO  squeezefs::fuse_client] IPC session host: mount st_dev resolved (56)
[2026-08-28T12:52:18Z INFO  squeezefs::fuse_client] FUSE Daemon: Initialized Squeezefs Filesystem mount (version 1.1.0 (6a616bf4c3da / 6a616bf4c3da858bbe9f9c466ad931b343e14d67) built 2026-08-28T12:39:46Z).
squeezefs: mount ready (version 1.1.0 (6a616bf4c3da / 6a616bf4c3da858bbe9f9c466ad931b343e14d67) built 2026-08-28T12:39:46Z, exe hint: rebuild target/release and reinstall)
[2026-08-28T12:52:18Z INFO  squeezefs::fuse_client] FUSE kernel protocol 7.45 (init flags 0x7ff73fffffb): FOPEN_NOFLUSH advertised + honored on non-writeback opens (kernel ≥ 7.35) (D2.a; under writeback cache the elision switch is the clean-FLUSH ENOSYS latch — uapi: NOFLUSH applies 'unless FUSE_WRITEBACK_CACHE'); UNKNOWN init capability bits 0x40000000000 advertised — investigate whether an atomic-open-class capability is among them (D2.d adoption follow-up)
squeezefs: FUSE kernel 7.45 — FOPEN_NOFLUSH advertised (wb-cache elision = clean-FLUSH ENOSYS latch); UNKNOWN init capability bits 0x40000000000 advertised — investigate whether an atomic-open-class capability is among them (D2.d adoption follow-up)
[2026-08-28T12:52:18Z INFO  squeezefs::fuse_client] FUSE_HANDLE_KILLPRIV_V2 negotiated (kernel killpriv probe deleted; daemon owns suid/sgid/caps clearing) for this mount
[2026-08-28T12:52:18Z WARN  fuse3::raw::connection::kmbuf] SQUEEZEFS_FUSE_ZC=1 declined: the kmbuf/zc io_uring surface is Absent on this kernel — continuing on the userspace-ent path (fuse3_zc_replies stays 0; the sqz kernel series carries the surface)
[2026-08-28T12:52:18Z INFO  fuse3::raw::connection::fuse_over_uring] fuse-over-uring queue-ring setup probe: SINGLE_ISSUER+DEFER_TASKRUN available
FUSE-over-io_uring registered: queues=32 depth=32 payload_sz=1048576 max_write=1048576 max_pages=256 buffers=user-ents kmbuf_ops=absent fd=320 sqpoll=off drain_groups=4(width<=8)
[2026-08-28T12:52:18Z INFO  fuse3::raw::connection::fuse_over_uring] FUSE-over-io_uring registered: queues=32 depth=32 payload_sz=1048576 max_write=1048576 max_pages=256 buffers=user-ents kmbuf_ops=absent fd=320 sqpoll=off drain_groups=4(width<=8)
FUSE-over-io_uring session path armed (ready=true, queues=32)
FUSE-over-io_uring transport armed for this session
[2026-08-28T12:52:18Z INFO  fuse3::raw::session] FUSE-over-io_uring transport armed for this session
FUSE-over-io_uring: classical sideband servicer armed (primary session; FORGET/INTERRUPT/resend + switchover stragglers)
[2026-08-28T12:52:33Z INFO  squeezefs::cluster_wire] cluster wire: peer 'node_e56e47de7cb413eb.mede43def' admitted from 172.31.16.93:38620 (plaintext, storage-trust proof, per-frame MAC)
[2026-08-28T12:52:33Z INFO  squeezefs::cluster_wire] cluster wire: peer 'node_e56e47de7cb413eb.mede43def' admitted from 172.31.16.93:40160 (plaintext, storage-trust proof, per-frame MAC)
[2026-08-28T12:52:33Z INFO  squeezefs::data_grant] S9: co-writer 'node_e56e47de7cb413eb.mede43def' joined authority 'mw-c0cd9be7-5a6c-4bf3-bf90-6eb127ae8f7d' in era 2 with lease epoch 1 (custody epoch 0x20000000001, registrant key 0xaddb6c71e9b7cf9b)
[2026-08-28T12:52:33Z INFO  squeezefs::cluster_wire] cluster wire: peer 'node_e56e47de7cb413eb.mede43def' admitted from 172.31.16.93:40176 (plaintext, storage-trust proof, per-frame MAC)
[2026-08-28T12:52:33Z INFO  squeezefs::cluster_wire] cluster wire: peer 'node_e56e47de7cb413eb.mede43def' admitted from 172.31.16.93:40178 (plaintext, storage-trust proof, per-frame MAC)
[2026-08-28T12:52:33Z INFO  squeezefs::data_custody] data-plane WERO: joining the standing hold on 4 namespace(s) (key 0xaddb6c71e9b7cf9b) — a second reservation would conflict at the device
[2026-08-28T12:52:33Z INFO  squeezefs::job_wire] job wire: WERO (rtype 3) held on the data namespaces (key 0xaddb6c71e9b7cf9b) — guarantee class pr (expired worker hosts will be PR-preempted). The hold is the process's ONE data-plane reservation (DLM S7, data_custody::acquire_wero): an S7-armed mount and this fence share it rather than conflicting at the device
[2026-08-28T12:52:33Z INFO  squeezefs::job_wire] job wire: worker node_e56e47de7cb413eb.mede43def enrolled from 172.31.16.93:57246 (session 1, pr_key None, fence pr, channel plaintext, session MAC)
[2026-08-28T12:52:33Z INFO  squeezefs::cluster_wire] cluster wire: peer 'node_e56e47de7cb413eb.mede43def' admitted from 172.31.16.93:40184 (plaintext, storage-trust proof, per-frame MAC)
[2026-08-28T12:52:33Z INFO  squeezefs::meta_ship::service] S10 delegation: holder 'node_e56e47de7cb413eb.mede43def' re-asserted 1 object(s), 1 re-admitted in era 2 (grace closed)
[2026-08-28T12:52:43Z INFO  squeezefs::cluster_wire] cluster wire: peer 'node_e56e47de7cb413eb.mede43def' admitted from 172.31.16.93:54496 (plaintext, storage-trust proof, per-frame MAC)
[2026-08-28T12:52:46Z INFO  squeezefs::cluster_wire] cluster wire: peer 'node_e56e47de7cb413eb.mad13c96f' admitted from 172.31.16.93:58198 (plaintext, storage-trust proof, per-frame MAC)
[2026-08-28T12:52:46Z INFO  squeezefs::cluster_wire] cluster wire: peer 'node_e56e47de7cb413eb.mad13c96f' admitted from 172.31.16.93:54502 (plaintext, storage-trust proof, per-frame MAC)
[2026-08-28T12:52:46Z INFO  squeezefs::data_grant] S9: co-writer 'node_e56e47de7cb413eb.mad13c96f' joined authority 'mw-c0cd9be7-5a6c-4bf3-bf90-6eb127ae8f7d' in era 2 with lease epoch 2 (custody epoch 0x20000000002, registrant key 0xaddb6c71e9b7cf9b)
[2026-08-28T12:52:46Z INFO  squeezefs::cluster_wire] cluster wire: peer 'node_e56e47de7cb413eb.mad13c96f' admitted from 172.31.16.93:54508 (plaintext, storage-trust proof, per-frame MAC)
[2026-08-28T12:52:46Z INFO  squeezefs::cluster_wire] cluster wire: peer 'node_e56e47de7cb413eb.mad13c96f' admitted from 172.31.16.93:54518 (plaintext, storage-trust proof, per-frame MAC)
[2026-08-28T12:52:46Z INFO  squeezefs::job_wire] job wire: worker node_e56e47de7cb413eb.mad13c96f enrolled from 172.31.16.93:56438 (session 2, pr_key None, fence pr, channel plaintext, session MAC)
[2026-08-28T12:52:46Z INFO  squeezefs::cluster_wire] cluster wire: peer 'node_e56e47de7cb413eb.mad13c96f' admitted from 172.31.16.93:54526 (plaintext, storage-trust proof, per-frame MAC)
[2026-08-28T12:52:46Z INFO  squeezefs::meta_ship::service] S10 delegation: holder 'node_e56e47de7cb413eb.mad13c96f' re-asserted 1 object(s), 1 re-admitted in era 2 (grace closed)
[2026-08-28T12:52:56Z INFO  squeezefs::cluster_wire] cluster wire: peer 'node_e56e47de7cb413eb.mad13c96f' admitted from 172.31.16.93:52696 (plaintext, storage-trust proof, per-frame MAC)
[2026-08-28T12:52:57Z INFO  squeezefs::cluster_wire] cluster wire: peer 'node_e56e47de7cb413eb.m0cb1fc55' admitted from 172.31.16.93:47920 (plaintext, storage-trust proof, per-frame MAC)
[2026-08-28T12:52:57Z INFO  squeezefs::cluster_wire] cluster wire: peer 'node_e56e47de7cb413eb.m0cb1fc55' admitted from 172.31.16.93:52704 (plaintext, storage-trust proof, per-frame MAC)
[2026-08-28T12:52:57Z INFO  squeezefs::data_grant] S9: co-writer 'node_e56e47de7cb413eb.m0cb1fc55' joined authority 'mw-c0cd9be7-5a6c-4bf3-bf90-6eb127ae8f7d' in era 2 with lease epoch 3 (custody epoch 0x20000000003, registrant key 0xaddb6c71e9b7cf9b)
[2026-08-28T12:52:57Z INFO  squeezefs::cluster_wire] cluster wire: peer 'node_e56e47de7cb413eb.m0cb1fc55' admitted from 172.31.16.93:52708 (plaintext, storage-trust proof, per-frame MAC)
[2026-08-28T12:52:57Z INFO  squeezefs::cluster_wire] cluster wire: peer 'node_e56e47de7cb413eb.m0cb1fc55' admitted from 172.31.16.93:52716 (plaintext, storage-trust proof, per-frame MAC)
[2026-08-28T12:52:57Z INFO  squeezefs::job_wire] job wire: worker node_e56e47de7cb413eb.m0cb1fc55 enrolled from 172.31.16.93:37450 (session 3, pr_key None, fence pr, channel plaintext, session MAC)
[2026-08-28T12:52:57Z INFO  squeezefs::cluster_wire] cluster wire: peer 'node_e56e47de7cb413eb.m0cb1fc55' admitted from 172.31.16.93:52728 (plaintext, storage-trust proof, per-frame MAC)
[2026-08-28T12:52:57Z INFO  squeezefs::meta_ship::service] S10 delegation: holder 'node_e56e47de7cb413eb.m0cb1fc55' re-asserted 1 object(s), 1 re-admitted in era 2 (grace closed)
[2026-08-28T12:53:06Z INFO  squeezefs::cluster_wire] cluster wire: peer 'node_e56e47de7cb413eb.m2d45e9c3' admitted from 172.31.16.93:47200 (plaintext, storage-trust proof, per-frame MAC)
[2026-08-28T12:53:06Z INFO  squeezefs::cluster_wire] cluster wire: peer 'node_e56e47de7cb413eb.m2d45e9c3' admitted from 172.31.16.93:40860 (plaintext, storage-trust proof, per-frame MAC)
[2026-08-28T12:53:06Z INFO  squeezefs::data_grant] S9: co-writer 'node_e56e47de7cb413eb.m2d45e9c3' joined authority 'mw-c0cd9be7-5a6c-4bf3-bf90-6eb127ae8f7d' in era 2 with lease epoch 4 (custody epoch 0x20000000004, registrant key 0xaddb6c71e9b7cf9b)
[2026-08-28T12:53:06Z INFO  squeezefs::cluster_wire] cluster wire: peer 'node_e56e47de7cb413eb.m2d45e9c3' admitted from 172.31.16.93:40866 (plaintext, storage-trust proof, per-frame MAC)
[2026-08-28T12:53:06Z INFO  squeezefs::cluster_wire] cluster wire: peer 'node_e56e47de7cb413eb.m2d45e9c3' admitted from 172.31.16.93:40882 (plaintext, storage-trust proof, per-frame MAC)
[2026-08-28T12:53:06Z WARN  squeezefs::meta_ship::tokens] S10 recall valve: object ino 1 demoted to owner-served for 270.035456s — 3 grant→recall cycles inside 33.754432s (spec R5's thrash shape; grants resume after the cooldown)
[2026-08-28T12:53:06Z INFO  squeezefs::job_wire] job wire: worker node_e56e47de7cb413eb.m2d45e9c3 enrolled from 172.31.16.93:56486 (session 4, pr_key None, fence pr, channel plaintext, session MAC)
[2026-08-28T12:53:07Z INFO  squeezefs::cluster_wire] cluster wire: peer 'node_e56e47de7cb413eb.m0cb1fc55' admitted from 172.31.16.93:40888 (plaintext, storage-trust proof, per-frame MAC)
[2026-08-28T12:53:13Z INFO  squeezefs::cluster_wire] cluster wire: peer 'node_e56e47de7cb413eb.m5bc655d3' admitted from 172.31.16.93:49222 (plaintext, storage-trust proof, per-frame MAC)
[2026-08-28T12:53:13Z INFO  squeezefs::cluster_wire] cluster wire: peer 'node_e56e47de7cb413eb.m5bc655d3' admitted from 172.31.16.93:34560 (plaintext, storage-trust proof, per-frame MAC)
[2026-08-28T12:53:13Z INFO  squeezefs::data_grant] S9: co-writer 'node_e56e47de7cb413eb.m5bc655d3' joined authority 'mw-c0cd9be7-5a6c-4bf3-bf90-6eb127ae8f7d' in era 2 with lease epoch 5 (custody epoch 0x20000000005, registrant key 0xaddb6c71e9b7cf9b)
[2026-08-28T12:53:13Z INFO  squeezefs::cluster_wire] cluster wire: peer 'node_e56e47de7cb413eb.m5bc655d3' admitted from 172.31.16.93:34568 (plaintext, storage-trust proof, per-frame MAC)
[2026-08-28T12:53:13Z INFO  squeezefs::cluster_wire] cluster wire: peer 'node_e56e47de7cb413eb.m5bc655d3' admitted from 172.31.16.93:34578 (plaintext, storage-trust proof, per-frame MAC)
[2026-08-28T12:53:13Z INFO  squeezefs::job_wire] job wire: worker node_e56e47de7cb413eb.m5bc655d3 enrolled from 172.31.16.93:59694 (session 5, pr_key None, fence pr, channel plaintext, session MAC)
[2026-08-28T12:53:16Z INFO  squeezefs::cluster_wire] cluster wire: peer 'node_e56e47de7cb413eb.m2d45e9c3' admitted from 172.31.16.93:34586 (plaintext, storage-trust proof, per-frame MAC)
[2026-08-28T12:53:18Z INFO  squeezefs::cluster_wire] cluster wire: peer 'node_e56e47de7cb413eb.m11bafcbf' admitted from 172.31.16.93:49232 (plaintext, storage-trust proof, per-frame MAC)
[2026-08-28T12:53:18Z INFO  squeezefs::cluster_wire] cluster wire: peer 'node_e56e47de7cb413eb.m11bafcbf' admitted from 172.31.16.93:34600 (plaintext, storage-trust proof, per-frame MAC)
[2026-08-28T12:53:18Z INFO  squeezefs::data_grant] S9: co-writer 'node_e56e47de7cb413eb.m11bafcbf' joined authority 'mw-c0cd9be7-5a6c-4bf3-bf90-6eb127ae8f7d' in era 2 with lease epoch 6 (custody epoch 0x20000000006, registrant key 0xaddb6c71e9b7cf9b)
[2026-08-28T12:53:18Z INFO  squeezefs::cluster_wire] cluster wire: peer 'node_e56e47de7cb413eb.m11bafcbf' admitted from 172.31.16.93:34610 (plaintext, storage-trust proof, per-frame MAC)
[2026-08-28T12:53:18Z INFO  squeezefs::cluster_wire] cluster wire: peer 'node_e56e47de7cb413eb.m11bafcbf' admitted from 172.31.16.93:34626 (plaintext, storage-trust proof, per-frame MAC)
[2026-08-28T12:53:18Z INFO  squeezefs::job_wire] job wire: worker node_e56e47de7cb413eb.m11bafcbf enrolled from 172.31.16.93:59700 (session 6, pr_key None, fence pr, channel plaintext, session MAC)
[2026-08-28T12:53:20Z INFO  squeezefs::cluster_wire] cluster wire: peer 'node_e56e47de7cb413eb.mad7c5113' admitted from 172.31.16.93:49246 (plaintext, storage-trust proof, per-frame MAC)
[2026-08-28T12:53:20Z INFO  squeezefs::cluster_wire] cluster wire: peer 'node_e56e47de7cb413eb.mad7c5113' admitted from 172.31.16.93:34634 (plaintext, storage-trust proof, per-frame MAC)
[2026-08-28T12:53:20Z INFO  squeezefs::data_grant] S9: co-writer 'node_e56e47de7cb413eb.mad7c5113' joined authority 'mw-c0cd9be7-5a6c-4bf3-bf90-6eb127ae8f7d' in era 2 with lease epoch 7 (custody epoch 0x20000000007, registrant key 0xaddb6c71e9b7cf9b)
[2026-08-28T12:53:20Z INFO  squeezefs::cluster_wire] cluster wire: peer 'node_e56e47de7cb413eb.mad7c5113' admitted from 172.31.16.93:34648 (plaintext, storage-trust proof, per-frame MAC)
[2026-08-28T12:53:21Z INFO  squeezefs::cluster_wire] cluster wire: peer 'node_e56e47de7cb413eb.mad7c5113' admitted from 172.31.16.93:34654 (plaintext, storage-trust proof, per-frame MAC)
[2026-08-28T12:53:21Z INFO  squeezefs::job_wire] job wire: worker node_e56e47de7cb413eb.mad7c5113 enrolled from 172.31.16.93:59712 (session 7, pr_key None, fence pr, channel plaintext, session MAC)
[2026-08-28T12:53:21Z INFO  squeezefs::cluster_wire] cluster wire: peer 'node_e56e47de7cb413eb.me2d0c742' admitted from 172.31.16.93:49258 (plaintext, storage-trust proof, per-frame MAC)
[2026-08-28T12:53:21Z INFO  squeezefs::cluster_wire] cluster wire: peer 'node_e56e47de7cb413eb.me2d0c742' admitted from 172.31.16.93:34666 (plaintext, storage-trust proof, per-frame MAC)
[2026-08-28T12:53:21Z INFO  squeezefs::data_grant] S9: co-writer 'node_e56e47de7cb413eb.me2d0c742' joined authority 'mw-c0cd9be7-5a6c-4bf3-bf90-6eb127ae8f7d' in era 2 with lease epoch 8 (custody epoch 0x20000000008, registrant key 0xaddb6c71e9b7cf9b)
[2026-08-28T12:53:21Z INFO  squeezefs::cluster_wire] cluster wire: peer 'node_e56e47de7cb413eb.me2d0c742' admitted from 172.31.16.93:34682 (plaintext, storage-trust proof, per-frame MAC)
[2026-08-28T12:53:21Z INFO  squeezefs::cluster_wire] cluster wire: peer 'node_e56e47de7cb413eb.me2d0c742' admitted from 172.31.16.93:52518 (plaintext, storage-trust proof, per-frame MAC)
[2026-08-28T12:53:21Z INFO  squeezefs::job_wire] job wire: worker node_e56e47de7cb413eb.me2d0c742 enrolled from 172.31.16.93:54450 (session 8, pr_key None, fence pr, channel plaintext, session MAC)
[2026-08-28T12:53:23Z INFO  squeezefs::cluster_wire] cluster wire: peer 'node_e56e47de7cb413eb.m5bc655d3' admitted from 172.31.16.93:52530 (plaintext, storage-trust proof, per-frame MAC)
[2026-08-28T12:53:28Z INFO  squeezefs::cluster_wire] cluster wire: peer 'node_e56e47de7cb413eb.m11bafcbf' admitted from 172.31.16.93:52542 (plaintext, storage-trust proof, per-frame MAC)
[2026-08-28T12:53:30Z INFO  squeezefs::cluster_wire] cluster wire: peer 'node_e56e47de7cb413eb.mad7c5113' admitted from 172.31.16.93:52548 (plaintext, storage-trust proof, per-frame MAC)
[2026-08-28T12:53:31Z INFO  squeezefs::cluster_wire] cluster wire: peer 'node_e56e47de7cb413eb.me2d0c742' admitted from 172.31.16.93:52554 (plaintext, storage-trust proof, per-frame MAC)
[2026-08-28T12:53:34Z WARN  squeezefs::cluster_wire] cluster wire: peer 'node_e56e47de7cb413eb.mede43def' sent no frame within 60s — closing the idle session
[2026-08-28T12:53:34Z WARN  squeezefs::cluster_wire] cluster wire: peer 'node_e56e47de7cb413eb.mede43def' sent no frame within 60s — closing the idle session
[2026-08-28T12:53:37Z INFO  squeezefs::cluster_wire] cluster wire: peer 'node_e56e47de7cb413eb.mad7c5113' admitted from 172.31.16.93:42774 (plaintext, storage-trust proof, per-frame MAC)
[2026-08-28T12:53:37Z INFO  squeezefs::cluster_wire] cluster wire: peer 'node_e56e47de7cb413eb.m11bafcbf' admitted from 172.31.16.93:42760 (plaintext, storage-trust proof, per-frame MAC)
[2026-08-28T12:53:37Z INFO  squeezefs::meta_ship::service] S10 delegation: holder 'node_e56e47de7cb413eb.mad7c5113' re-asserted 1 object(s), 0 re-admitted in era 2 (grace closed)
[2026-08-28T12:53:37Z INFO  squeezefs::cluster_wire] cluster wire: peer 'node_e56e47de7cb413eb.m5bc655d3' admitted from 172.31.16.93:42776 (plaintext, storage-trust proof, per-frame MAC)
[2026-08-28T12:53:37Z INFO  squeezefs::meta_ship::service] S10 delegation: holder 'node_e56e47de7cb413eb.m11bafcbf' re-asserted 1 object(s), 0 re-admitted in era 2 (grace closed)
[2026-08-28T12:53:37Z INFO  squeezefs::cluster_wire] cluster wire: peer 'node_e56e47de7cb413eb.me2d0c742' admitted from 172.31.16.93:42790 (plaintext, storage-trust proof, per-frame MAC)
[2026-08-28T12:53:37Z INFO  squeezefs::meta_ship::service] S10 delegation: holder 'node_e56e47de7cb413eb.m5bc655d3' re-asserted 1 object(s), 0 re-admitted in era 2 (grace closed)
[2026-08-28T12:53:37Z INFO  squeezefs::meta_ship::service] S10 delegation: holder 'node_e56e47de7cb413eb.me2d0c742' re-asserted 1 object(s), 0 re-admitted in era 2 (grace closed)
[2026-08-28T12:53:37Z INFO  squeezefs::cluster_wire] cluster wire: peer 'node_e56e47de7cb413eb.m2d45e9c3' admitted from 172.31.16.93:42796 (plaintext, storage-trust proof, per-frame MAC)
[2026-08-28T12:53:37Z INFO  squeezefs::meta_ship::service] S10 delegation: holder 'node_e56e47de7cb413eb.m2d45e9c3' re-asserted 1 object(s), 0 re-admitted in era 2 (grace closed)
[2026-08-28T12:53:37Z INFO  squeezefs::cluster_wire] cluster wire: peer 'node_e56e47de7cb413eb.mede43def' admitted from 172.31.16.93:42810 (plaintext, storage-trust proof, per-frame MAC)
[2026-08-28T12:53:37Z INFO  squeezefs::cluster_wire] cluster wire: peer 'node_e56e47de7cb413eb.mede43def' admitted from 172.31.16.93:42814 (plaintext, storage-trust proof, per-frame MAC)
[2026-08-28T12:53:37Z WARN  squeezefs::meta_ship::tokens] S10 recall valve: object ino 2 demoted to owner-served for 270.035456s — 3 grant→recall cycles inside 33.754432s (spec R5's thrash shape; grants resume after the cooldown)
[2026-08-28T12:53:43Z WARN  fuse3::raw::connection::fuse_over_uring] fuse-over-uring qid=6 ent=31: unique=226 delivered 5271 ms ago and still unreplied — the caller is in uninterruptible sleep (transport_slots_overdue; not-fused, fused_ready_total=0, zc_bridge_pends=0, scan_passes=0, scan_pends_seen=0, scan_orphans_seen=0, pend_max_age_ms=0, cancel_latched=0, park_backstop_ticks=0, zc_msgs_sent=0, zc_msgs_taken=0)
[2026-08-28T12:54:02Z INFO  squeezefs::cluster_wire] cluster wire: peer 'node_e56e47de7cb413eb.me2d0c742' admitted from 172.31.16.93:39644 (plaintext, storage-trust proof, per-frame MAC)
[2026-08-28T12:54:03Z ERROR squeezefs::block_allocator] begin_free REFUSED untracked offset 3489660928: no refcount entry — double-release lineage (see block_untracked_free_refusals)
[2026-08-28T12:54:03Z ERROR squeezefs::block_allocator] begin_free REFUSED untracked offset 15036579840: no refcount entry — double-release lineage (see block_untracked_free_refusals)
[2026-08-28T12:54:31Z WARN  squeezefs::data_grant] S11: refusing range custody of inode_2 [8204058624,8205107200) to 'node_e56e47de7cb413eb.mad13c96f' (conflicting custody): Lock acquisition failed: range [8204058624,8205107200) on inode_2 is held by foreign custody overlapping REQUIRED after the 5s wait budget — refusing loud (required is never silently trimmed to fit — §9.2)
[2026-08-28T12:54:31Z WARN  squeezefs::data_grant] S9 custody refusal: range custody of inode_2 Some((8204058624, 8205107200)) refused to 'node_e56e47de7cb413eb.mad13c96f' (conflicting custody): Lock acquisition failed: range [8204058624,8205107200) on inode_2 is held by foreign custody overlapping REQUIRED after the 5s wait budget — refusing loud (required is never silently trimmed to fit — §9.2)
[2026-08-28T12:54:47Z INFO  squeezefs::cluster_wire] cluster wire: peer 'node_e56e47de7cb413eb.m5bc655d3' admitted from 172.31.16.93:55254 (plaintext, storage-trust proof, per-frame MAC)
[2026-08-28T12:55:06Z ERROR squeezefs::block_allocator] begin_free REFUSED untracked offset 83043024896: no refcount entry — double-release lineage (see block_untracked_free_refusals)
[2026-08-28T12:55:08Z ERROR squeezefs::block_allocator] begin_free REFUSED untracked offset 83579895808: no refcount entry — double-release lineage (see block_untracked_free_refusals)
[2026-08-28T12:55:08Z ERROR squeezefs::block_allocator] begin_free REFUSED untracked offset 83915440128: no refcount entry — double-release lineage (see block_untracked_free_refusals)
[2026-08-28T12:55:08Z ERROR squeezefs::block_allocator] begin_free REFUSED untracked offset 83688947712: no refcount entry — double-release lineage (see block_untracked_free_refusals)
[2026-08-28T12:55:08Z ERROR squeezefs::block_allocator] begin_free REFUSED untracked offset 83957383168: no refcount entry — double-release lineage (see block_untracked_free_refusals)
[2026-08-28T12:55:08Z ERROR squeezefs::block_allocator] begin_free REFUSED untracked offset 83756056576: no refcount entry — double-release lineage (see block_untracked_free_refusals)
[2026-08-28T12:55:08Z ERROR squeezefs::block_allocator] begin_free REFUSED untracked offset 82778783744: no refcount entry — double-release lineage (see block_untracked_free_refusals)
[2026-08-28T12:55:08Z ERROR squeezefs::block_allocator] begin_free REFUSED untracked offset 82577457152: no refcount entry — double-release lineage (see block_untracked_free_refusals)
[2026-08-28T12:55:08Z ERROR squeezefs::block_allocator] begin_free REFUSED untracked offset 82833309696: no refcount entry — double-release lineage (see block_untracked_free_refusals)
[2026-08-28T12:55:08Z ERROR squeezefs::block_allocator] begin_free REFUSED untracked offset 82699091968: no refcount entry — double-release lineage (see block_untracked_free_refusals)
[2026-08-28T12:55:08Z ERROR squeezefs::block_allocator] begin_free REFUSED untracked offset 82241912832: no refcount entry — double-release lineage (see block_untracked_free_refusals)
[2026-08-28T12:55:08Z ERROR squeezefs::block_allocator] begin_free REFUSED untracked offset 82153832448: no refcount entry — double-release lineage (see block_untracked_free_refusals)
[2026-08-28T12:55:08Z ERROR squeezefs::block_allocator] begin_free REFUSED untracked offset 82082529280: no refcount entry — double-release lineage (see block_untracked_free_refusals)
[2026-08-28T12:55:08Z ERROR squeezefs::block_allocator] begin_free REFUSED untracked offset 82762006528: no refcount entry — double-release lineage (see block_untracked_free_refusals)
[2026-08-28T12:55:08Z ERROR squeezefs::block_allocator] begin_free REFUSED untracked offset 82980110336: no refcount entry — double-release lineage (see block_untracked_free_refusals)
[2026-08-28T12:55:08Z ERROR squeezefs::block_allocator] begin_free REFUSED untracked offset 83181436928: no refcount entry — double-release lineage (see block_untracked_free_refusals)
[2026-08-28T12:55:08Z ERROR squeezefs::block_allocator] begin_free REFUSED untracked offset 82485182464: no refcount entry — double-release lineage (see block_untracked_free_refusals)
[2026-08-28T12:55:08Z ERROR squeezefs::block_allocator] begin_free REFUSED untracked offset 82686509056: no refcount entry — double-release lineage (see block_untracked_free_refusals)
[2026-08-28T12:55:08Z ERROR squeezefs::block_allocator] begin_free REFUSED untracked offset 81948311552: no refcount entry — double-release lineage (see block_untracked_free_refusals)
[2026-08-28T12:55:08Z ERROR squeezefs::block_allocator] begin_free REFUSED untracked offset 82485182464: no refcount entry — double-release lineage (see block_untracked_free_refusals)
[2026-08-28T12:55:08Z ERROR squeezefs::block_allocator] begin_free REFUSED untracked offset 83030441984: no refcount entry — double-release lineage (see block_untracked_free_refusals)
[2026-08-28T12:55:13Z ERROR squeezefs::block_allocator] begin_free REFUSED untracked offset 89271566336: no refcount entry — double-release lineage (see block_untracked_free_refusals)
[2026-08-28T12:55:13Z ERROR squeezefs::block_allocator] begin_free REFUSED untracked offset 87744839680: no refcount entry — double-release lineage (see block_untracked_free_refusals)
[2026-08-28T12:55:13Z ERROR squeezefs::block_allocator] begin_free REFUSED untracked offset 87665147904: no refcount entry — double-release lineage (see block_untracked_free_refusals)
[2026-08-28T12:55:13Z ERROR squeezefs::block_allocator] begin_free REFUSED untracked offset 88260739072: no refcount entry — double-release lineage (see block_untracked_free_refusals)
[2026-08-28T12:55:13Z ERROR squeezefs::block_allocator] begin_free REFUSED untracked offset 87870668800: no refcount entry — double-release lineage (see block_untracked_free_refusals)
[2026-08-28T12:55:13Z ERROR squeezefs::block_allocator] begin_free REFUSED untracked offset 89200263168: no refcount entry — double-release lineage (see block_untracked_free_refusals)
[2026-08-28T12:55:13Z ERROR squeezefs::block_allocator] begin_free REFUSED untracked offset 88256544768: no refcount entry — double-release lineage (see block_untracked_free_refusals)
[2026-08-28T12:55:13Z ERROR squeezefs::block_allocator] begin_free REFUSED untracked offset 87732256768: no refcount entry — double-release lineage (see block_untracked_free_refusals)
[2026-08-28T12:55:13Z ERROR squeezefs::block_allocator] begin_free REFUSED untracked offset 87866474496: no refcount entry — double-release lineage (see block_untracked_free_refusals)
[2026-08-28T12:55:17Z ERROR squeezefs::block_allocator] begin_free REFUSED untracked offset 94434754560: no refcount entry — double-release lineage (see block_untracked_free_refusals)
[2026-08-28T12:55:17Z ERROR squeezefs::block_allocator] begin_free REFUSED untracked offset 93906272256: no refcount entry — double-release lineage (see block_untracked_free_refusals)
[2026-08-28T12:55:18Z ERROR squeezefs::block_allocator] begin_free REFUSED untracked offset 94032101376: no refcount entry — double-release lineage (see block_untracked_free_refusals)
[2026-08-28T12:55:18Z ERROR squeezefs::block_allocator] begin_free REFUSED untracked offset 94778687488: no refcount entry — double-release lineage (see block_untracked_free_refusals)
[2026-08-28T12:55:18Z ERROR squeezefs::block_allocator] begin_free REFUSED untracked offset 95378472960: no refcount entry — double-release lineage (see block_untracked_free_refusals)
[2026-08-28T12:55:18Z ERROR squeezefs::block_allocator] begin_free REFUSED untracked offset 94988402688: no refcount entry — double-release lineage (see block_untracked_free_refusals)
[2026-08-28T12:55:18Z ERROR squeezefs::block_allocator] begin_free REFUSED untracked offset 96129253376: no refcount entry — double-release lineage (see block_untracked_free_refusals)
[2026-08-28T12:55:18Z ERROR squeezefs::block_allocator] begin_free REFUSED untracked offset 94564777984: no refcount entry — double-release lineage (see block_untracked_free_refusals)
[2026-08-28T12:55:19Z ERROR squeezefs::block_allocator] begin_free REFUSED untracked offset 94648664064: no refcount entry — double-release lineage (see block_untracked_free_refusals)
[2026-08-28T12:55:23Z ERROR squeezefs::block_allocator] begin_free REFUSED untracked offset 100080287744: no refcount entry — double-release lineage (see block_untracked_free_refusals)
[2026-08-28T12:55:23Z ERROR squeezefs::block_allocator] begin_free REFUSED untracked offset 99602137088: no refcount entry — double-release lineage (see block_untracked_free_refusals)
[2026-08-28T12:55:23Z ERROR squeezefs::block_allocator] begin_free REFUSED untracked offset 100818485248: no refcount entry — double-release lineage (see block_untracked_free_refusals)
[2026-08-28T12:55:23Z ERROR squeezefs::block_allocator] begin_free REFUSED untracked offset 100810096640: no refcount entry — double-release lineage (see block_untracked_free_refusals)
[2026-08-28T12:55:24Z ERROR squeezefs::block_allocator] begin_free REFUSED untracked offset 99933487104: no refcount entry — double-release lineage (see block_untracked_free_refusals)
[2026-08-28T12:55:24Z ERROR squeezefs::block_allocator] begin_free REFUSED untracked offset 99933487104: no refcount entry — double-release lineage (see block_untracked_free_refusals)
[2026-08-28T12:55:24Z ERROR squeezefs::block_allocator] begin_free REFUSED untracked offset 100759764992: no refcount entry — double-release lineage (see block_untracked_free_refusals)
[2026-08-28T12:55:24Z ERROR squeezefs::block_allocator] begin_free REFUSED untracked offset 101405687808: no refcount entry — double-release lineage (see block_untracked_free_refusals)
[2026-08-28T12:55:29Z ERROR squeezefs::block_allocator] begin_free REFUSED untracked offset 105520300032: no refcount entry — double-release lineage (see block_untracked_free_refusals)
[2026-08-28T12:55:29Z ERROR squeezefs::block_allocator] begin_free REFUSED untracked offset 106040393728: no refcount entry — double-release lineage (see block_untracked_free_refusals)
[2026-08-28T12:55:29Z ERROR squeezefs::block_allocator] begin_free REFUSED untracked offset 106048782336: no refcount entry — double-release lineage (see block_untracked_free_refusals)
[2026-08-28T12:55:29Z ERROR squeezefs::block_allocator] begin_free REFUSED untracked offset 106598236160: no refcount entry — double-release lineage (see block_untracked_free_refusals)
[2026-08-28T12:55:33Z ERROR squeezefs::block_allocator] begin_free REFUSED untracked offset 111421685760: no refcount entry — double-release lineage (see block_untracked_free_refusals)
[2026-08-28T12:55:34Z ERROR squeezefs::block_allocator] begin_free REFUSED untracked offset 111748841472: no refcount entry — double-release lineage (see block_untracked_free_refusals)
[2026-08-28T12:55:34Z ERROR squeezefs::block_allocator] begin_free REFUSED untracked offset 112021471232: no refcount entry — double-release lineage (see block_untracked_free_refusals)
[2026-08-28T12:55:34Z ERROR squeezefs::block_allocator] begin_free REFUSED untracked offset 111560097792: no refcount entry — double-release lineage (see block_untracked_free_refusals)
[2026-08-28T12:55:34Z ERROR squeezefs::block_allocator] begin_free REFUSED untracked offset 111702704128: no refcount entry — double-release lineage (see block_untracked_free_refusals)
[2026-08-28T12:55:34Z ERROR squeezefs::block_allocator] begin_free REFUSED untracked offset 111358771200: no refcount entry — double-release lineage (see block_untracked_free_refusals)
[2026-08-28T12:55:34Z ERROR squeezefs::block_allocator] begin_free REFUSED untracked offset 113418174464: no refcount entry — double-release lineage (see block_untracked_free_refusals)
[2026-08-28T12:55:34Z ERROR squeezefs::block_allocator] begin_free REFUSED untracked offset 112147300352: no refcount entry — double-release lineage (see block_untracked_free_refusals)
[2026-08-28T12:55:39Z ERROR squeezefs::block_allocator] begin_free REFUSED untracked offset 118921101312: no refcount entry — double-release lineage (see block_untracked_free_refusals)
[2026-08-28T12:55:39Z ERROR squeezefs::block_allocator] begin_free REFUSED untracked offset 118585556992: no refcount entry — double-release lineage (see block_untracked_free_refusals)
[2026-08-28T12:55:39Z ERROR squeezefs::block_allocator] begin_free REFUSED untracked offset 118539419648: no refcount entry — double-release lineage (see block_untracked_free_refusals)
[2026-08-28T12:55:39Z ERROR squeezefs::block_allocator] begin_free REFUSED untracked offset 117327265792: no refcount entry — double-release lineage (see block_untracked_free_refusals)
[2026-08-28T12:55:39Z ERROR squeezefs::block_allocator] begin_free REFUSED untracked offset 117138522112: no refcount entry — double-release lineage (see block_untracked_free_refusals)
[2026-08-28T12:55:39Z ERROR squeezefs::block_allocator] begin_free REFUSED untracked offset 118065463296: no refcount entry — double-release lineage (see block_untracked_free_refusals)
[2026-08-28T12:55:40Z ERROR squeezefs::block_allocator] begin_free REFUSED untracked offset 118598139904: no refcount entry — double-release lineage (see block_untracked_free_refusals)
[2026-08-28T12:55:40Z ERROR squeezefs::block_allocator] begin_free REFUSED untracked offset 116383547392: no refcount entry — double-release lineage (see block_untracked_free_refusals)
[2026-08-28T12:55:40Z ERROR squeezefs::block_allocator] begin_free REFUSED untracked offset 118342287360: no refcount entry — double-release lineage (see block_untracked_free_refusals)
[2026-08-28T12:55:40Z ERROR squeezefs::block_allocator] begin_free REFUSED untracked offset 118275178496: no refcount entry — double-release lineage (see block_untracked_free_refusals)
[2026-08-28T12:55:45Z ERROR squeezefs::block_allocator] begin_free REFUSED untracked offset 123555807232: no refcount entry — double-release lineage (see block_untracked_free_refusals)
[2026-08-28T12:55:45Z ERROR squeezefs::block_allocator] begin_free REFUSED untracked offset 123224457216: no refcount entry — double-release lineage (see block_untracked_free_refusals)
[2026-08-28T12:55:45Z ERROR squeezefs::block_allocator] begin_free REFUSED untracked offset 123845214208: no refcount entry — double-release lineage (see block_untracked_free_refusals)
[2026-08-28T12:55:45Z ERROR squeezefs::block_allocator] begin_free REFUSED untracked offset 125053173760: no refcount entry — double-release lineage (see block_untracked_free_refusals)
[2026-08-28T12:55:45Z ERROR squeezefs::block_allocator] begin_free REFUSED untracked offset 123832631296: no refcount entry — double-release lineage (see block_untracked_free_refusals)
[2026-08-28T12:55:45Z ERROR squeezefs::block_allocator] begin_free REFUSED untracked offset 123966849024: no refcount entry — double-release lineage (see block_untracked_free_refusals)
[2026-08-28T12:55:45Z ERROR squeezefs::block_allocator] begin_free REFUSED untracked offset 123362869248: no refcount entry — double-release lineage (see block_untracked_free_refusals)
[2026-08-28T12:55:45Z ERROR squeezefs::block_allocator] begin_free REFUSED untracked offset 124033957888: no refcount entry — double-release lineage (see block_untracked_free_refusals)
[2026-08-28T12:55:45Z ERROR squeezefs::block_allocator] begin_free REFUSED untracked offset 124109455360: no refcount entry — double-release lineage (see block_untracked_free_refusals)
[2026-08-28T12:55:49Z ERROR squeezefs::block_allocator] begin_free REFUSED untracked offset 130140864512: no refcount entry — double-release lineage (see block_untracked_free_refusals)
[2026-08-28T12:55:50Z ERROR squeezefs::block_allocator] begin_free REFUSED untracked offset 129595604992: no refcount entry — double-release lineage (see block_untracked_free_refusals)
[2026-08-28T12:55:50Z ERROR squeezefs::block_allocator] begin_free REFUSED untracked offset 129729822720: no refcount entry — double-release lineage (see block_untracked_free_refusals)
[2026-08-28T12:55:50Z ERROR squeezefs::block_allocator] begin_free REFUSED untracked offset 128739966976: no refcount entry — double-release lineage (see block_untracked_free_refusals)
[2026-08-28T12:55:50Z ERROR squeezefs::block_allocator] begin_free REFUSED untracked offset 129746599936: no refcount entry — double-release lineage (see block_untracked_free_refusals)
[2026-08-28T12:55:50Z ERROR squeezefs::block_allocator] begin_free REFUSED untracked offset 130665152512: no refcount entry — double-release lineage (see block_untracked_free_refusals)
[2026-08-28T12:55:50Z ERROR squeezefs::block_allocator] begin_free REFUSED untracked offset 128614137856: no refcount entry — double-release lineage (see block_untracked_free_refusals)
[2026-08-28T12:55:50Z ERROR squeezefs::block_allocator] begin_free REFUSED untracked offset 130270887936: no refcount entry — double-release lineage (see block_untracked_free_refusals)
[2026-08-28T12:55:50Z ERROR squeezefs::block_allocator] begin_free REFUSED untracked offset 129801125888: no refcount entry — double-release lineage (see block_untracked_free_refusals)
[2026-08-28T12:55:50Z ERROR squeezefs::block_allocator] begin_free REFUSED untracked offset 130069561344: no refcount entry — double-release lineage (see block_untracked_free_refusals)
[2026-08-28T12:55:50Z ERROR squeezefs::block_allocator] begin_free REFUSED untracked offset 130337996800: no refcount entry — double-release lineage (see block_untracked_free_refusals)
[2026-08-28T12:55:50Z ERROR squeezefs::block_allocator] begin_free REFUSED untracked offset 131160080384: no refcount entry — double-release lineage (see block_untracked_free_refusals)
[2026-08-28T12:55:50Z ERROR squeezefs::block_allocator] begin_free REFUSED untracked offset 130690318336: no refcount entry — double-release lineage (see block_untracked_free_refusals)
[2026-08-28T12:55:50Z ERROR squeezefs::block_allocator] begin_free REFUSED untracked offset 130354774016: no refcount entry — double-release lineage (see block_untracked_free_refusals)
[2026-08-28T12:55:50Z ERROR squeezefs::block_allocator] begin_free REFUSED untracked offset 130145058816: no refcount entry — double-release lineage (see block_untracked_free_refusals)
[2026-08-28T12:55:55Z ERROR squeezefs::block_allocator] begin_free REFUSED untracked offset 134981091328: no refcount entry — double-release lineage (see block_untracked_free_refusals)
[2026-08-28T12:55:55Z ERROR squeezefs::block_allocator] begin_free REFUSED untracked offset 135249526784: no refcount entry — double-release lineage (see block_untracked_free_refusals)
[2026-08-28T12:55:55Z ERROR squeezefs::block_allocator] begin_free REFUSED untracked offset 135987724288: no refcount entry — double-release lineage (see block_untracked_free_refusals)
[2026-08-28T12:55:56Z ERROR squeezefs::block_allocator] begin_free REFUSED untracked offset 135438270464: no refcount entry — double-release lineage (see block_untracked_free_refusals)
[2026-08-28T12:55:56Z ERROR squeezefs::block_allocator] begin_free REFUSED untracked offset 135702511616: no refcount entry — double-release lineage (see block_untracked_free_refusals)
[2026-08-28T12:55:56Z ERROR squeezefs::block_allocator] begin_free REFUSED untracked offset 135710900224: no refcount entry — double-release lineage (see block_untracked_free_refusals)
[2026-08-28T12:55:56Z ERROR squeezefs::block_allocator] begin_free REFUSED untracked offset 132774887424: no refcount entry — double-release lineage (see block_untracked_free_refusals)
[2026-08-28T12:55:56Z ERROR squeezefs::block_allocator] begin_free REFUSED untracked offset 135794786304: no refcount entry — double-release lineage (see block_untracked_free_refusals)
[2026-08-28T12:56:00Z ERROR squeezefs::block_allocator] begin_free REFUSED untracked offset 142958657536: no refcount entry — double-release lineage (see block_untracked_free_refusals)
[2026-08-28T12:56:00Z WARN  squeezefs::meta_ship::tokens] S10 recall valve: object ino 24894 demoted to owner-served for 270.035456s — 3 grant→recall cycles inside 33.754432s (spec R5's thrash shape; grants resume after the cooldown)
[2026-08-28T12:56:00Z ERROR squeezefs::block_allocator] begin_free REFUSED untracked offset 142769913856: no refcount entry — double-release lineage (see block_untracked_free_refusals)
[2026-08-28T12:56:01Z ERROR squeezefs::block_allocator] begin_free REFUSED untracked offset 142140768256: no refcount entry — double-release lineage (see block_untracked_free_refusals)
[2026-08-28T12:56:01Z ERROR squeezefs::block_allocator] begin_free REFUSED untracked offset 142090436608: no refcount entry — double-release lineage (see block_untracked_free_refusals)
[2026-08-28T12:56:01Z ERROR squeezefs::block_allocator] begin_free REFUSED untracked offset 139808735232: no refcount entry — double-release lineage (see block_untracked_free_refusals)
[2026-08-28T12:56:01Z ERROR squeezefs::block_allocator] begin_free REFUSED untracked offset 141486456832: no refcount entry — double-release lineage (see block_untracked_free_refusals)
[2026-08-28T12:56:01Z ERROR squeezefs::block_allocator] begin_free REFUSED untracked offset 141889110016: no refcount entry — double-release lineage (see block_untracked_free_refusals)
[2026-08-28T12:56:01Z ERROR squeezefs::block_allocator] begin_free REFUSED untracked offset 141138329600: no refcount entry — double-release lineage (see block_untracked_free_refusals)
[2026-08-28T12:56:06Z WARN  squeezefs::meta_ship::tokens] S10 recall valve: object ino 97409 demoted to owner-served for 270.035456s — 3 grant→recall cycles inside 33.754432s (spec R5's thrash shape; grants resume after the cooldown)
[2026-08-28T12:56:06Z WARN  squeezefs::meta_ship::tokens] S10 recall valve: object ino 132867 demoted to owner-served for 270.035456s — 3 grant→recall cycles inside 33.754432s (spec R5's thrash shape; grants resume after the cooldown)
[2026-08-28T12:56:06Z ERROR squeezefs::block_allocator] begin_free REFUSED untracked offset 147186515968: no refcount entry — double-release lineage (see block_untracked_free_refusals)
[2026-08-28T12:56:06Z ERROR squeezefs::block_allocator] begin_free REFUSED untracked offset 147870187520: no refcount entry — double-release lineage (see block_untracked_free_refusals)
[2026-08-28T12:56:06Z ERROR squeezefs::block_allocator] begin_free REFUSED untracked offset 145840144384: no refcount entry — double-release lineage (see block_untracked_free_refusals)
[2026-08-28T12:56:06Z ERROR squeezefs::block_allocator] begin_free REFUSED untracked offset 146993577984: no refcount entry — double-release lineage (see block_untracked_free_refusals)
[2026-08-28T12:56:06Z ERROR squeezefs::block_allocator] begin_free REFUSED untracked offset 147794690048: no refcount entry — double-release lineage (see block_untracked_free_refusals)
[2026-08-28T12:56:06Z ERROR squeezefs::block_allocator] begin_free REFUSED untracked offset 148256063488: no refcount entry — double-release lineage (see block_untracked_free_refusals)
[2026-08-28T12:56:06Z ERROR squeezefs::block_allocator] begin_free REFUSED untracked offset 147270402048: no refcount entry — double-release lineage (see block_untracked_free_refusals)
[2026-08-28T12:56:11Z ERROR squeezefs::block_allocator] begin_free REFUSED untracked offset 155050835968: no refcount entry — double-release lineage (see block_untracked_free_refusals)
[2026-08-28T12:56:11Z ERROR squeezefs::block_allocator] begin_free REFUSED untracked offset 153964511232: no refcount entry — double-release lineage (see block_untracked_free_refusals)
[2026-08-28T12:56:11Z ERROR squeezefs::block_allocator] begin_free REFUSED untracked offset 154568491008: no refcount entry — double-release lineage (see block_untracked_free_refusals)
[2026-08-28T12:56:11Z ERROR squeezefs::block_allocator] begin_free REFUSED untracked offset 152697831424: no refcount entry — double-release lineage (see block_untracked_free_refusals)
[2026-08-28T12:56:11Z ERROR squeezefs::block_allocator] begin_free REFUSED untracked offset 152563613696: no refcount entry — double-release lineage (see block_untracked_free_refusals)
[2026-08-28T12:56:11Z ERROR squeezefs::block_allocator] begin_free REFUSED untracked offset 153838682112: no refcount entry — double-release lineage (see block_untracked_free_refusals)
[2026-08-28T12:56:11Z ERROR squeezefs::block_allocator] begin_free REFUSED untracked offset 153100484608: no refcount entry — double-release lineage (see block_untracked_free_refusals)
[2026-08-28T12:56:12Z ERROR squeezefs::block_allocator] begin_free REFUSED untracked offset 152882380800: no refcount entry — double-release lineage (see block_untracked_free_refusals)
[2026-08-28T12:56:12Z ERROR squeezefs::block_allocator] begin_free REFUSED untracked offset 154421690368: no refcount entry — double-release lineage (see block_untracked_free_refusals)
[2026-08-28T12:56:12Z ERROR squeezefs::block_allocator] begin_free REFUSED untracked offset 153549275136: no refcount entry — double-release lineage (see block_untracked_free_refusals)
[2026-08-28T12:56:12Z ERROR squeezefs::block_allocator] begin_free REFUSED untracked offset 155025670144: no refcount entry — double-release lineage (see block_untracked_free_refusals)
[2026-08-28T12:56:12Z ERROR squeezefs::block_allocator] begin_free REFUSED untracked offset 154488799232: no refcount entry — double-release lineage (see block_untracked_free_refusals)
[2026-08-28T12:56:17Z ERROR squeezefs::block_allocator] begin_free REFUSED untracked offset 160406962176: no refcount entry — double-release lineage (see block_untracked_free_refusals)
[2026-08-28T12:56:17Z ERROR squeezefs::block_allocator] begin_free REFUSED untracked offset 159341608960: no refcount entry — double-release lineage (see block_untracked_free_refusals)
[2026-08-28T12:56:17Z ERROR squeezefs::block_allocator] begin_free REFUSED untracked offset 160016891904: no refcount entry — double-release lineage (see block_untracked_free_refusals)
[2026-08-28T12:56:17Z ERROR squeezefs::block_allocator] begin_free REFUSED untracked offset 159270305792: no refcount entry — double-release lineage (see block_untracked_free_refusals)
[2026-08-28T12:56:17Z ERROR squeezefs::block_allocator] begin_free REFUSED untracked offset 158666326016: no refcount entry — double-release lineage (see block_untracked_free_refusals)
[2026-08-28T12:56:17Z ERROR squeezefs::block_allocator] begin_free REFUSED untracked offset 160608288768: no refcount entry — double-release lineage (see block_untracked_free_refusals)
[2026-08-28T12:56:17Z ERROR squeezefs::block_allocator] begin_free REFUSED untracked offset 159349997568: no refcount entry — double-release lineage (see block_untracked_free_refusals)
[2026-08-28T12:56:17Z ERROR squeezefs::block_allocator] begin_free REFUSED untracked offset 161132576768: no refcount entry — double-release lineage (see block_untracked_free_refusals)
[2026-08-28T12:56:17Z ERROR squeezefs::block_allocator] begin_free REFUSED untracked offset 159459049472: no refcount entry — double-release lineage (see block_untracked_free_refusals)
[2026-08-28T12:56:17Z ERROR squeezefs::block_allocator] begin_free REFUSED untracked offset 159614238720: no refcount entry — double-release lineage (see block_untracked_free_refusals)
[2026-08-28T12:56:17Z ERROR squeezefs::block_allocator] begin_free REFUSED untracked offset 158746017792: no refcount entry — double-release lineage (see block_untracked_free_refusals)
[2026-08-28T12:56:17Z ERROR squeezefs::block_allocator] begin_free REFUSED untracked offset 159127699456: no refcount entry — double-release lineage (see block_untracked_free_refusals)
[2026-08-28T12:56:17Z ERROR squeezefs::block_allocator] begin_free REFUSED untracked offset 160193052672: no refcount entry — double-release lineage (see block_untracked_free_refusals)
[2026-08-28T12:56:17Z ERROR squeezefs::block_allocator] begin_free REFUSED untracked offset 159924617216: no refcount entry — double-release lineage (see block_untracked_free_refusals)
[2026-08-28T12:56:17Z ERROR squeezefs::block_allocator] begin_free REFUSED untracked offset 158787960832: no refcount entry — double-release lineage (see block_untracked_free_refusals)
[2026-08-28T12:56:17Z ERROR squeezefs::block_allocator] begin_free REFUSED untracked offset 160394379264: no refcount entry — double-release lineage (see block_untracked_free_refusals)
[2026-08-28T12:56:22Z ERROR squeezefs::block_allocator] begin_free REFUSED untracked offset 164961976320: no refcount entry — double-release lineage (see block_untracked_free_refusals)
[2026-08-28T12:56:22Z ERROR squeezefs::block_allocator] begin_free REFUSED untracked offset 165775671296: no refcount entry — double-release lineage (see block_untracked_free_refusals)
[2026-08-28T12:56:22Z ERROR squeezefs::block_allocator] begin_free REFUSED untracked offset 167331758080: no refcount entry — double-release lineage (see block_untracked_free_refusals)
[2026-08-28T12:56:23Z ERROR squeezefs::block_allocator] begin_free REFUSED untracked offset 166299959296: no refcount entry — double-release lineage (see block_untracked_free_refusals)
[2026-08-28T12:56:23Z ERROR squeezefs::block_allocator] begin_free REFUSED untracked offset 166769721344: no refcount entry — double-release lineage (see block_untracked_free_refusals)
[2026-08-28T12:56:28Z WARN  squeezefs::meta_ship::tokens] S10 recall valve: object ino 146839 demoted to owner-served for 270.035456s — 3 grant→recall cycles inside 33.754432s (spec R5's thrash shape; grants resume after the cooldown)
[2026-08-28T12:56:28Z ERROR squeezefs::block_allocator] begin_free REFUSED untracked offset 171203100672: no refcount entry — double-release lineage (see block_untracked_free_refusals)
[2026-08-28T12:56:28Z ERROR squeezefs::block_allocator] begin_free REFUSED untracked offset 171471536128: no refcount entry — double-release lineage (see block_untracked_free_refusals)
[2026-08-28T12:56:28Z ERROR squeezefs::block_allocator] begin_free REFUSED untracked offset 170087415808: no refcount entry — double-release lineage (see block_untracked_free_refusals)
[2026-08-28T12:56:28Z ERROR squeezefs::block_allocator] begin_free REFUSED untracked offset 171547033600: no refcount entry — double-release lineage (see block_untracked_free_refusals)
[2026-08-28T12:56:28Z ERROR squeezefs::block_allocator] begin_free REFUSED untracked offset 170943053824: no refcount entry — double-release lineage (see block_untracked_free_refusals)
[2026-08-28T12:56:28Z ERROR squeezefs::block_allocator] begin_free REFUSED untracked offset 171408621568: no refcount entry — double-release lineage (see block_untracked_free_refusals)
[2026-08-28T12:56:28Z ERROR squeezefs::block_allocator] begin_free REFUSED untracked offset 168657158144: no refcount entry — double-release lineage (see block_untracked_free_refusals)
[2026-08-28T12:56:28Z ERROR squeezefs::block_allocator] begin_free REFUSED untracked offset 172943736832: no refcount entry — double-release lineage (see block_untracked_free_refusals)
[2026-08-28T12:56:32Z ERROR squeezefs::block_allocator] begin_free REFUSED untracked offset 175791669248: no refcount entry — double-release lineage (see block_untracked_free_refusals)
[2026-08-28T12:56:33Z ERROR squeezefs::block_allocator] begin_free REFUSED untracked offset 176714416128: no refcount entry — double-release lineage (see block_untracked_free_refusals)
[2026-08-28T12:56:33Z ERROR squeezefs::block_allocator] begin_free REFUSED untracked offset 179251970048: no refcount entry — double-release lineage (see block_untracked_free_refusals)
[2026-08-28T12:56:33Z ERROR squeezefs::block_allocator] begin_free REFUSED untracked offset 178245337088: no refcount entry — double-release lineage (see block_untracked_free_refusals)
[2026-08-28T12:56:33Z ERROR squeezefs::block_allocator] begin_free REFUSED untracked offset 176638918656: no refcount entry — double-release lineage (see block_untracked_free_refusals)
[2026-08-28T12:56:33Z ERROR squeezefs::block_allocator] begin_free REFUSED untracked offset 177666523136: no refcount entry — double-release lineage (see block_untracked_free_refusals)
[2026-08-28T12:56:33Z ERROR squeezefs::block_allocator] begin_free REFUSED untracked offset 178941591552: no refcount entry — double-release lineage (see block_untracked_free_refusals)
[2026-08-28T12:56:37Z WARN  squeezefs::meta_ship::tokens] S10 recall valve: object ino 81303 demoted to owner-served for 270.035456s — 3 grant→recall cycles inside 33.754432s (spec R5's thrash shape; grants resume after the cooldown)
[2026-08-28T12:56:38Z ERROR squeezefs::block_allocator] begin_free REFUSED untracked offset 185224658944: no refcount entry — double-release lineage (see block_untracked_free_refusals)
[2026-08-28T12:56:38Z WARN  squeezefs::meta_ship::tokens] S10 recall valve: object ino 162945 demoted to owner-served for 270.035456s — 3 grant→recall cycles inside 33.754432s (spec R5's thrash shape; grants resume after the cooldown)
[2026-08-28T12:56:38Z ERROR squeezefs::block_allocator] begin_free REFUSED untracked offset 181684666368: no refcount entry — double-release lineage (see block_untracked_free_refusals)
[2026-08-28T12:56:38Z ERROR squeezefs::block_allocator] begin_free REFUSED untracked offset 182292840448: no refcount entry — double-release lineage (see block_untracked_free_refusals)
[2026-08-28T12:56:38Z ERROR squeezefs::block_allocator] begin_free REFUSED untracked offset 184293523456: no refcount entry — double-release lineage (see block_untracked_free_refusals)
[2026-08-28T12:56:38Z ERROR squeezefs::block_allocator] begin_free REFUSED untracked offset 182150234112: no refcount entry — double-release lineage (see block_untracked_free_refusals)
[2026-08-28T12:56:38Z ERROR squeezefs::block_allocator] begin_free REFUSED untracked offset 183689543680: no refcount entry — double-release lineage (see block_untracked_free_refusals)
[2026-08-28T12:56:38Z ERROR squeezefs::block_allocator] begin_free REFUSED untracked offset 183219781632: no refcount entry — double-release lineage (see block_untracked_free_refusals)
[2026-08-28T12:56:43Z ERROR squeezefs::block_allocator] begin_free REFUSED untracked offset 188055814144: no refcount entry — double-release lineage (see block_untracked_free_refusals)
[2026-08-28T12:56:43Z ERROR squeezefs::block_allocator] begin_free REFUSED untracked offset 188995338240: no refcount entry — double-release lineage (see block_untracked_free_refusals)
[2026-08-28T12:56:43Z ERROR squeezefs::block_allocator] begin_free REFUSED untracked offset 190069080064: no refcount entry — double-release lineage (see block_untracked_free_refusals)
[2026-08-28T12:56:43Z ERROR squeezefs::block_allocator] begin_free REFUSED untracked offset 189133750272: no refcount entry — double-release lineage (see block_untracked_free_refusals)
[2026-08-28T12:56:43Z ERROR squeezefs::block_allocator] begin_free REFUSED untracked offset 188399747072: no refcount entry — double-release lineage (see block_untracked_free_refusals)
[2026-08-28T12:56:43Z ERROR squeezefs::block_allocator] begin_free REFUSED untracked offset 189460905984: no refcount entry — double-release lineage (see block_untracked_free_refusals)
[2026-08-28T12:56:43Z ERROR squeezefs::block_allocator] begin_free REFUSED untracked offset 188265529344: no refcount entry — double-release lineage (see block_untracked_free_refusals)
[2026-08-28T12:56:43Z ERROR squeezefs::block_allocator] begin_free REFUSED untracked offset 186520698880: no refcount entry — double-release lineage (see block_untracked_free_refusals)
[2026-08-28T12:56:43Z ERROR squeezefs::block_allocator] begin_free REFUSED untracked offset 189867753472: no refcount entry — double-release lineage (see block_untracked_free_refusals)
[2026-08-28T12:56:43Z ERROR squeezefs::block_allocator] begin_free REFUSED untracked offset 188072591360: no refcount entry — double-release lineage (see block_untracked_free_refusals)
[2026-08-28T12:56:44Z ERROR squeezefs::block_allocator] begin_free REFUSED untracked offset 190215880704: no refcount entry — double-release lineage (see block_untracked_free_refusals)
[2026-08-28T12:56:44Z ERROR squeezefs::block_allocator] begin_free REFUSED untracked offset 191021187072: no refcount entry — double-release lineage (see block_untracked_free_refusals)
[2026-08-28T12:56:44Z ERROR squeezefs::block_allocator] begin_free REFUSED untracked offset 188403941376: no refcount entry — double-release lineage (see block_untracked_free_refusals)
[2026-08-28T12:56:48Z WARN  squeezefs::meta_ship::tokens] S10 recall valve: object ino 249209 demoted to owner-served for 270.035456s — 3 grant→recall cycles inside 33.754432s (spec R5's thrash shape; grants resume after the cooldown)
[2026-08-28T12:56:48Z ERROR squeezefs::block_allocator] begin_free REFUSED untracked offset 194296938496: no refcount entry — double-release lineage (see block_untracked_free_refusals)
[2026-08-28T12:56:48Z ERROR squeezefs::block_allocator] begin_free REFUSED untracked offset 195370680320: no refcount entry — double-release lineage (see block_untracked_free_refusals)
[2026-08-28T12:56:49Z ERROR squeezefs::block_allocator] begin_free REFUSED untracked offset 196243095552: no refcount entry — double-release lineage (see block_untracked_free_refusals)
[2026-08-28T12:56:49Z ERROR squeezefs::block_allocator] begin_free REFUSED untracked offset 194431156224: no refcount entry — double-release lineage (see block_untracked_free_refusals)
[2026-08-28T12:56:49Z ERROR squeezefs::block_allocator] begin_free REFUSED untracked offset 193508409344: no refcount entry — double-release lineage (see block_untracked_free_refusals)
[2026-08-28T12:56:49Z ERROR squeezefs::block_allocator] begin_free REFUSED untracked offset 196188569600: no refcount entry — double-release lineage (see block_untracked_free_refusals)
[2026-08-28T12:56:49Z ERROR squeezefs::block_allocator] begin_free REFUSED untracked offset 194305327104: no refcount entry — double-release lineage (see block_untracked_free_refusals)
[2026-08-28T12:56:49Z ERROR squeezefs::block_allocator] begin_free REFUSED untracked offset 192694714368: no refcount entry — double-release lineage (see block_untracked_free_refusals)
[2026-08-28T12:56:49Z ERROR squeezefs::block_allocator] begin_free REFUSED untracked offset 196238901248: no refcount entry — double-release lineage (see block_untracked_free_refusals)
[2026-08-28T12:56:49Z ERROR squeezefs::block_allocator] begin_free REFUSED untracked offset 195693641728: no refcount entry — double-release lineage (see block_untracked_free_refusals)
[2026-08-28T12:56:49Z ERROR squeezefs::block_allocator] begin_free REFUSED untracked offset 197035819008: no refcount entry — double-release lineage (see block_untracked_free_refusals)
[2026-08-28T12:56:49Z ERROR squeezefs::block_allocator] begin_free REFUSED untracked offset 196775772160: no refcount entry — double-release lineage (see block_untracked_free_refusals)
[2026-08-28T12:56:53Z ERROR squeezefs::block_allocator] begin_free REFUSED untracked offset 201406283776: no refcount entry — double-release lineage (see block_untracked_free_refusals)
[2026-08-28T12:56:53Z ERROR squeezefs::block_allocator] begin_free REFUSED untracked offset 200668086272: no refcount entry — double-release lineage (see block_untracked_free_refusals)
[2026-08-28T12:56:53Z WARN  squeezefs::meta_ship::tokens] S10 recall valve: object ino 47499 demoted to owner-served for 270.035456s — 3 grant→recall cycles inside 33.754432s (spec R5's thrash shape; grants resume after the cooldown)
[2026-08-28T12:56:54Z WARN  squeezefs::meta_ship::tokens] S10 recall valve: object ino 198403 demoted to owner-served for 270.035456s — 3 grant→recall cycles inside 33.754432s (spec R5's thrash shape; grants resume after the cooldown)
[2026-08-28T12:56:54Z ERROR squeezefs::block_allocator] begin_free REFUSED untracked offset 198784843776: no refcount entry — double-release lineage (see block_untracked_free_refusals)
[2026-08-28T12:56:54Z ERROR squeezefs::block_allocator] begin_free REFUSED untracked offset 199401406464: no refcount entry — double-release lineage (see block_untracked_free_refusals)
[2026-08-28T12:56:54Z ERROR squeezefs::block_allocator] begin_free REFUSED untracked offset 199749533696: no refcount entry — double-release lineage (see block_untracked_free_refusals)
[2026-08-28T12:56:54Z ERROR squeezefs::block_allocator] begin_free REFUSED untracked offset 200210907136: no refcount entry — double-release lineage (see block_untracked_free_refusals)
[2026-08-28T12:56:54Z ERROR squeezefs::block_allocator] begin_free REFUSED untracked offset 202094149632: no refcount entry — double-release lineage (see block_untracked_free_refusals)
[2026-08-28T12:56:58Z ERROR squeezefs::block_allocator] begin_free REFUSED untracked offset 205843857408: no refcount entry — double-release lineage (see block_untracked_free_refusals)
[2026-08-28T12:56:58Z ERROR squeezefs::block_allocator] begin_free REFUSED untracked offset 205776748544: no refcount entry — double-release lineage (see block_untracked_free_refusals)
[2026-08-28T12:56:59Z WARN  squeezefs::meta_ship::tokens] S10 recall valve: object ino 118137 demoted to owner-served for 270.035456s — 3 grant→recall cycles inside 33.754432s (spec R5's thrash shape; grants resume after the cooldown)
[2026-08-28T12:56:59Z ERROR squeezefs::block_allocator] begin_free REFUSED untracked offset 205898383360: no refcount entry — double-release lineage (see block_untracked_free_refusals)
[2026-08-28T12:56:59Z ERROR squeezefs::block_allocator] begin_free REFUSED untracked offset 205588004864: no refcount entry — double-release lineage (see block_untracked_free_refusals)
[2026-08-28T12:56:59Z ERROR squeezefs::block_allocator] begin_free REFUSED untracked offset 206108098560: no refcount entry — double-release lineage (see block_untracked_free_refusals)
[2026-08-28T12:56:59Z ERROR squeezefs::block_allocator] begin_free REFUSED untracked offset 205386678272: no refcount entry — double-release lineage (see block_untracked_free_refusals)
[2026-08-28T12:57:04Z ERROR squeezefs::block_allocator] begin_free REFUSED untracked offset 212357611520: no refcount entry — double-release lineage (see block_untracked_free_refusals)
[2026-08-28T12:57:04Z ERROR squeezefs::block_allocator] begin_free REFUSED untracked offset 211963346944: no refcount entry — double-release lineage (see block_untracked_free_refusals)
[2026-08-28T12:57:05Z ERROR squeezefs::block_allocator] begin_free REFUSED untracked offset 212881899520: no refcount entry — double-release lineage (see block_untracked_free_refusals)
[2026-08-28T12:57:05Z ERROR squeezefs::block_allocator] begin_free REFUSED untracked offset 211199983616: no refcount entry — double-release lineage (see block_untracked_free_refusals)
[2026-08-28T12:57:10Z ERROR squeezefs::block_allocator] begin_free REFUSED untracked offset 219945107456: no refcount entry — double-release lineage (see block_untracked_free_refusals)
[2026-08-28T12:57:10Z ERROR squeezefs::block_allocator] begin_free REFUSED untracked offset 218653261824: no refcount entry — double-release lineage (see block_untracked_free_refusals)
[2026-08-28T12:57:10Z ERROR squeezefs::block_allocator] begin_free REFUSED untracked offset 216975540224: no refcount entry — double-release lineage (see block_untracked_free_refusals)
[2026-08-28T12:57:10Z ERROR squeezefs::block_allocator] begin_free REFUSED untracked offset 218401603584: no refcount entry — double-release lineage (see block_untracked_free_refusals)
[2026-08-28T12:57:10Z ERROR squeezefs::block_allocator] begin_free REFUSED untracked offset 217994756096: no refcount entry — double-release lineage (see block_untracked_free_refusals)
[2026-08-28T12:57:10Z ERROR squeezefs::block_allocator] begin_free REFUSED untracked offset 217990561792: no refcount entry — double-release lineage (see block_untracked_free_refusals)
[2026-08-28T12:57:10Z ERROR squeezefs::block_allocator] begin_free REFUSED untracked offset 220188377088: no refcount entry — double-release lineage (see block_untracked_free_refusals)
[2026-08-28T12:57:10Z ERROR squeezefs::block_allocator] begin_free REFUSED untracked offset 220054159360: no refcount entry — double-release lineage (see block_untracked_free_refusals)
[2026-08-28T12:57:10Z ERROR squeezefs::block_allocator] begin_free REFUSED untracked offset 216971345920: no refcount entry — double-release lineage (see block_untracked_free_refusals)
[2026-08-28T12:57:14Z ERROR squeezefs::block_allocator] begin_free REFUSED untracked offset 223304744960: no refcount entry — double-release lineage (see block_untracked_free_refusals)
[2026-08-28T12:57:14Z WARN  squeezefs::meta_ship::tokens] S10 recall valve: object ino 228481 demoted to owner-served for 270.035456s — 3 grant→recall cycles inside 33.754432s (spec R5's thrash shape; grants resume after the cooldown)
[2026-08-28T12:57:15Z ERROR squeezefs::block_allocator] begin_free REFUSED untracked offset 223971639296: no refcount entry — double-release lineage (see block_untracked_free_refusals)
[2026-08-28T12:57:15Z ERROR squeezefs::block_allocator] begin_free REFUSED untracked offset 224017776640: no refcount entry — double-release lineage (see block_untracked_free_refusals)
[2026-08-28T12:57:15Z ERROR squeezefs::block_allocator] begin_free REFUSED untracked offset 225892630528: no refcount entry — double-release lineage (see block_untracked_free_refusals)
[2026-08-28T12:57:15Z ERROR squeezefs::block_allocator] begin_free REFUSED untracked offset 226899263488: no refcount entry — double-release lineage (see block_untracked_free_refusals)
[2026-08-28T12:57:15Z ERROR squeezefs::block_allocator] begin_free REFUSED untracked offset 219861221376: no refcount entry — double-release lineage (see block_untracked_free_refusals)
[2026-08-28T12:57:15Z ERROR squeezefs::block_allocator] begin_free REFUSED untracked offset 225691303936: no refcount entry — double-release lineage (see block_untracked_free_refusals)
[2026-08-28T12:57:19Z WARN  squeezefs::meta_ship::tokens] S10 recall valve: object ino 102809 demoted to owner-served for 270.035456s — 3 grant→recall cycles inside 33.754432s (spec R5's thrash shape; grants resume after the cooldown)
[2026-08-28T12:57:20Z ERROR squeezefs::block_allocator] begin_free REFUSED untracked offset 231286505472: no refcount entry — double-release lineage (see block_untracked_free_refusals)
[2026-08-28T12:57:20Z ERROR squeezefs::block_allocator] begin_free REFUSED untracked offset 231806599168: no refcount entry — double-release lineage (see block_untracked_free_refusals)
[2026-08-28T12:57:20Z ERROR squeezefs::block_allocator] begin_free REFUSED untracked offset 230598639616: no refcount entry — double-release lineage (see block_untracked_free_refusals)
[2026-08-28T12:57:20Z ERROR squeezefs::block_allocator] begin_free REFUSED untracked offset 231156482048: no refcount entry — double-release lineage (see block_untracked_free_refusals)
[2026-08-28T12:57:21Z ERROR squeezefs::block_allocator] begin_free REFUSED untracked offset 229118050304: no refcount entry — double-release lineage (see block_untracked_free_refusals)
[2026-08-28T12:57:21Z ERROR squeezefs::block_allocator] begin_free REFUSED untracked offset 230669942784: no refcount entry — double-release lineage (see block_untracked_free_refusals)
[2026-08-28T12:57:21Z ERROR squeezefs::block_allocator] begin_free REFUSED untracked offset 228866392064: no refcount entry — double-release lineage (see block_untracked_free_refusals)
[2026-08-28T12:57:21Z ERROR squeezefs::block_allocator] begin_free REFUSED untracked offset 233006170112: no refcount entry — double-release lineage (see block_untracked_free_refusals)
[2026-08-28T12:57:21Z WARN  squeezefs::meta_ship::tokens] S10 recall valve: object ino 183673 demoted to owner-served for 270.035456s — 3 grant→recall cycles inside 33.754432s (spec R5's thrash shape; grants resume after the cooldown)
[2026-08-28T12:57:21Z ERROR squeezefs::block_allocator] begin_free REFUSED untracked offset 228325326848: no refcount entry — double-release lineage (see block_untracked_free_refusals)
[2026-08-28T12:57:21Z ERROR squeezefs::block_allocator] begin_free REFUSED untracked offset 229197742080: no refcount entry — double-release lineage (see block_untracked_free_refusals)
[2026-08-28T12:57:26Z ERROR squeezefs::block_allocator] begin_free REFUSED untracked offset 236101566464: no refcount entry — double-release lineage (see block_untracked_free_refusals)
[2026-08-28T12:57:26Z ERROR squeezefs::block_allocator] begin_free REFUSED untracked offset 237712179200: no refcount entry — double-release lineage (see block_untracked_free_refusals)
[2026-08-28T12:57:26Z ERROR squeezefs::block_allocator] begin_free REFUSED untracked offset 236839763968: no refcount entry — double-release lineage (see block_untracked_free_refusals)
[2026-08-28T12:57:26Z ERROR squeezefs::block_allocator] begin_free REFUSED untracked offset 236231589888: no refcount entry — double-release lineage (see block_untracked_free_refusals)
[2026-08-28T12:57:26Z ERROR squeezefs::block_allocator] begin_free REFUSED untracked offset 237838008320: no refcount entry — double-release lineage (see block_untracked_free_refusals)
[2026-08-28T12:57:26Z ERROR squeezefs::block_allocator] begin_free REFUSED untracked offset 235573084160: no refcount entry — double-release lineage (see block_untracked_free_refusals)
[2026-08-28T12:57:26Z ERROR squeezefs::block_allocator] begin_free REFUSED untracked offset 235774410752: no refcount entry — double-release lineage (see block_untracked_free_refusals)
[2026-08-28T12:57:26Z ERROR squeezefs::block_allocator] begin_free REFUSED untracked offset 238777532416: no refcount entry — double-release lineage (see block_untracked_free_refusals)
[2026-08-28T12:57:26Z ERROR squeezefs::block_allocator] begin_free REFUSED untracked offset 236927844352: no refcount entry — double-release lineage (see block_untracked_free_refusals)
[2026-08-28T12:57:26Z ERROR squeezefs::block_allocator] begin_free REFUSED untracked offset 235384340480: no refcount entry — double-release lineage (see block_untracked_free_refusals)
[2026-08-28T12:57:26Z ERROR squeezefs::block_allocator] begin_free REFUSED untracked offset 234230906880: no refcount entry — double-release lineage (see block_untracked_free_refusals)
[2026-08-28T12:57:26Z ERROR squeezefs::block_allocator] begin_free REFUSED untracked offset 234906189824: no refcount entry — double-release lineage (see block_untracked_free_refusals)
[2026-08-28T12:57:26Z ERROR squeezefs::block_allocator] begin_free REFUSED untracked offset 235635998720: no refcount entry — double-release lineage (see block_untracked_free_refusals)
[2026-08-28T12:57:30Z ERROR squeezefs::block_allocator] begin_free REFUSED untracked offset 240069378048: no refcount entry — double-release lineage (see block_untracked_free_refusals)
[2026-08-28T12:57:31Z ERROR squeezefs::block_allocator] begin_free REFUSED untracked offset 242204278784: no refcount entry — double-release lineage (see block_untracked_free_refusals)
[2026-08-28T12:57:31Z ERROR squeezefs::block_allocator] begin_free REFUSED untracked offset 244548894720: no refcount entry — double-release lineage (see block_untracked_free_refusals)
[2026-08-28T12:57:31Z ERROR squeezefs::block_allocator] begin_free REFUSED untracked offset 243621953536: no refcount entry — double-release lineage (see block_untracked_free_refusals)
[2026-08-28T12:57:31Z ERROR squeezefs::block_allocator] begin_free REFUSED untracked offset 241684185088: no refcount entry — double-release lineage (see block_untracked_free_refusals)
[2026-08-28T12:57:31Z WARN  squeezefs::meta_ship::tokens] S10 recall valve: object ino 37273 demoted to owner-served for 270.035456s — 3 grant→recall cycles inside 33.754432s (spec R5's thrash shape; grants resume after the cooldown)
[2026-08-28T12:57:31Z ERROR squeezefs::block_allocator] begin_free REFUSED untracked offset 243890388992: no refcount entry — double-release lineage (see block_untracked_free_refusals)
[2026-08-28T12:57:31Z ERROR squeezefs::block_allocator] begin_free REFUSED untracked offset 241206034432: no refcount entry — double-release lineage (see block_untracked_free_refusals)
[2026-08-28T12:57:31Z ERROR squeezefs::block_allocator] begin_free REFUSED untracked offset 243835863040: no refcount entry — double-release lineage (see block_untracked_free_refusals)
[2026-08-28T12:57:31Z ERROR squeezefs::block_allocator] begin_free REFUSED untracked offset 244305625088: no refcount entry — double-release lineage (see block_untracked_free_refusals)
[2026-08-28T12:57:51Z WARN  squeezefs::data_grant] S11: refusing range custody of inode_2 [7734296576,7735345152) to 'node_e56e47de7cb413eb.m11bafcbf' (conflicting custody): Lock acquisition failed: range [7734296576,7735345152) on inode_2 is held by foreign custody overlapping REQUIRED after the 5s wait budget — refusing loud (required is never silently trimmed to fit — §9.2)
[2026-08-28T12:57:51Z WARN  squeezefs::data_grant] S9 custody refusal: range custody of inode_2 Some((7734296576, 7735345152)) refused to 'node_e56e47de7cb413eb.m11bafcbf' (conflicting custody): Lock acquisition failed: range [7734296576,7735345152) on inode_2 is held by foreign custody overlapping REQUIRED after the 5s wait budget — refusing loud (required is never silently trimmed to fit — §9.2)
[2026-08-28T12:57:58Z WARN  squeezefs::meta_ship::tokens] S10 recall valve: object ino 1 demoted to owner-served for 270.035456s — 3 grant→recall cycles inside 33.754432s (spec R5's thrash shape; grants resume after the cooldown)
[2026-08-28T12:58:08Z WARN  squeezefs::meta_ship::tokens] S10 recall valve: object ino 2 demoted to owner-served for 270.035456s — 3 grant→recall cycles inside 33.754432s (spec R5's thrash shape; grants resume after the cooldown)
[2026-08-28T12:58:52Z WARN  squeezefs::data_grant] S11: refusing range custody of inode_2 [4647288832,4648337408) to 'node_e56e47de7cb413eb.m11bafcbf' (conflicting custody): Lock acquisition failed: range [4647288832,4648337408) on inode_2 is held by foreign custody overlapping REQUIRED after the 5s wait budget — refusing loud (required is never silently trimmed to fit — §9.2)
[2026-08-28T12:58:52Z WARN  squeezefs::data_grant] S9 custody refusal: range custody of inode_2 Some((4647288832, 4648337408)) refused to 'node_e56e47de7cb413eb.m11bafcbf' (conflicting custody): Lock acquisition failed: range [4647288832,4648337408) on inode_2 is held by foreign custody overlapping REQUIRED after the 5s wait budget — refusing loud (required is never silently trimmed to fit — §9.2)
