SqueezeFS version 1.1.0 (6a616bf4c3da / 6a616bf4c3da858bbe9f9c466ad931b343e14d67) built 2026-08-28T12:39:46Z
======================================================================
  Mount Configuration Summary
----------------------------------------------------------------------
  Volume Name:         squeezefs
  Capacity:            13.64 TiB
  Block Size:          4.00 MiB
  Compression:         none
  Encryption:          none
----------------------------------------------------------------------
Metadata Volumes:
  - [enabled] /dev/nvme3n1 (health: 1000)
Data Volumes:
  - [enabled] /dev/nvme4n1 (health: 1000)
  - [enabled] /dev/nvme5n1 (health: 1000)
  - [enabled] /dev/nvme6n1 (health: 1000)
  - [enabled] /dev/nvme7n1 (health: 1000)
----------------------------------------------------------------------
Cache/Staging:
  Memory Cache Size:   1GB
  Disk Cache Size:     10GB
  Staging Paths:       /scratch/cache
----------------------------------------------------------------------
Mount Options:
  Mountpoint:          "/scratch/mnt-cw2"
  Writeback Cache:     enabled
  Allow Other:         enabled
======================================================================
Mounting as a CO-WRITER (DLM stage S9): this mount holds NO metadata authority — every metadata mutation ships to the authority that holds the D0 claim — and writes data only under custody that authority grants. Admission runs a five-rung ladder and refuses loudly naming the rung; see docs/operations.md §Multi-writer co-writer mounts.
[2026-08-28T12:52:33Z INFO  squeezefs::nvme_dev] data volume /dev/nvme4n1: write_cache=write-through (durability barrier: io_uring Fsync/DATASYNC per device, coalesced)
[2026-08-28T12:52:33Z INFO  squeezefs] writer-scoped staging ENGAGED: client scope w_e56e47de7cb413eb.mad13c96f (staging generation "v3:060e070dc4fc4a28b39f268e27eee710@node:e56e47de7cb413eb.mad13c96f") — staging keys carry the scope and this client's staging roots are bound to it
[2026-08-28T12:52:46Z INFO  squeezefs::cache::gds] GPU Direct Storage: No discrete GPU environment found. GDS bypassed.
[2026-08-28T12:52:46Z INFO  squeezefs::cache::nvme] staging init: discarded 16 read-cache segment file(s) (5368709120 B) from a previous session — read cache starts cold (block-key offsets are not incarnation-stable across mounts)
[2026-08-28T12:52:46Z INFO  squeezefs] Registering data volume 'nvme4n1' at path /dev/nvme4n1 (state active)
[2026-08-28T12:52:46Z INFO  squeezefs] Registering data volume 'nvme5n1' at path /dev/nvme5n1 (state active)
[2026-08-28T12:52:46Z INFO  squeezefs::nvme_dev] data volume /dev/nvme5n1: write_cache=write-through (durability barrier: io_uring Fsync/DATASYNC per device, coalesced)
[2026-08-28T12:52:46Z INFO  squeezefs] Registering data volume 'nvme6n1' at path /dev/nvme6n1 (state active)
[2026-08-28T12:52:46Z INFO  squeezefs::nvme_dev] data volume /dev/nvme6n1: write_cache=write-through (durability barrier: io_uring Fsync/DATASYNC per device, coalesced)
[2026-08-28T12:52:46Z INFO  squeezefs] Registering data volume 'nvme7n1' at path /dev/nvme7n1 (state active)
[2026-08-28T12:52:46Z INFO  squeezefs::nvme_dev] data volume /dev/nvme7n1: write_cache=write-through (durability barrier: io_uring Fsync/DATASYNC per device, coalesced)
[2026-08-28T12:52:46Z WARN  squeezefs::data_custody] data-plane WERO ADOPTED (co-located co-writer, 4 namespace(s), authority key 0xaddb6c71e9b7cf9b): this mount shares its authority's PR arbitration domain, so the standing hold is its fenceability evidence and NOTHING was registered — the stated honest residual (docs/operations.md §Multi-writer co-writer mounts): on this shape the metadata read-only half is enforced by this mount's own code, not by the device, and its death is proven by the same-host dead-pid ladder, never by a PR preempt
[2026-08-28T12:52:46Z INFO  squeezefs::membership] membership member 'node_e56e47de7cb413eb.mad13c96f' (writer) holds lease epoch 2 in term 2: owner deadline 45000 ms, MY deadline 42956 ms (T_owner − 2·skew_max − D_purge, anchored on my send instant), renewing every 10000 ms
[2026-08-28T12:52:46Z INFO  squeezefs::membership] membership MEMBER armed: writer 'node_e56e47de7cb413eb.mad13c96f' holds a lease from owner '2e900136-a8f1-43f0-bc3c-b7b819ee01f8' at 172.31.16.93:44777 — visible in `squeezefs clients` with ZERO metadata writes, and the same channel §6.8 item 3's freed-offset acknowledgements ride (DLM S6)
[2026-08-28T12:52:46Z WARN  squeezefs::cowriter] CO-WRITER ADMITTED (DLM S9) over 1 volume(s): node 'node_e56e47de7cb413eb.mad13c96f', authority claim 'd28742bc-5aba-4b26-822d-28b7aa42b124' in era 2, membership owner '2e900136-a8f1-43f0-bc3c-b7b819ee01f8' at 172.31.16.93:44777 (member epoch 2), custody at 172.31.16.93:45999, device registrant key 0xaddb6c71e9b7cf9b on 4 namespace(s). This mount holds NO metadata authority — every metadata mutation ships — and writes data only under custody the authority grants
[2026-08-28T12:52:46Z INFO  squeezefs::meta_backend::kv::backend] meta volume /dev/nvme3n1: co-writer mount — a LOCAL exclusive holder (the authority's write mount, or a guarded offline verb) holds this volume on this host; the co-writer takes no lock and refuses nothing
[2026-08-28T12:52:46Z WARN  squeezefs::meta_backend::kv::backend] meta volume /dev/nvme3n1: mounted CO-WRITER (DLM S9) under authority claim 'd28742bc-5aba-4b26-822d-28b7aa42b124' (era 2). No writer_claim, no metadata-namespace reservation, no checkpoint task — this mount appends to none of this volume's single-appender structures and ships every metadata mutation. Guarantee class: co-writer
[2026-08-28T12:52:46Z INFO  squeezefs] meta volume /dev/nvme3n1: format=3 ledger_seq=28 replay_entries=0 replay_dropped_torn=0 replay_ms=30 free_extents=14304967 next_ino=2 meta_volume_atomicity=cow-checksummed meta_volume_atomicity_physical=unknown writer_guard_mode=co-writer
[2026-08-28T12:52:46Z INFO  squeezefs::fuse_client] Dynamic reclaim concurrency limit configured: 4
[2026-08-28T12:52:46Z INFO  squeezefs] co-writer mount: block-ownership recovery skipped entirely (this mount allocates nothing outside a granted lane and frees nothing locally; the walk's free-completing arm must never run on a snapshot view)
[2026-08-28T12:52:46Z INFO  squeezefs] co-writer mount: job fabric, job wire and the frag-gauge worker are NOT armed (maintenance coordination is the slot-0 volume owner's; this mount cannot write their durable records)
[2026-08-28T12:52:46Z INFO  squeezefs::multi_writer] multi-writer: this mount is a CO-WRITER (SQUEEZEFS_MW_ROLE=co-writer), so the AUTHORITY arm is not run — the co-writer arm installs the client halves of the same three planes (ownership + publish + custody) after its admission ladder passes
[2026-08-28T12:52:46Z WARN  squeezefs::meta_ship::owners] metadata function shipping ARMED (DLM S8): 0 of 1 volumes owned locally, 1 shipped to 1 peer(s) ["d28742bc-5aba-4b26-822d-28b7aa42b124"]; 0 slots home locally. Metadata verbs on a foreign volume now travel to its owner; the DATA plane still refuses foreign-home custody loud (S9 ships that half)
[2026-08-28T12:52:46Z INFO  squeezefs::membership] membership member 'node_e56e47de7cb413eb.mad13c96f' (writer) holds lease epoch 2 in term 2: owner deadline 45000 ms, MY deadline 42956 ms (T_owner − 2·skew_max − D_purge, anchored on my send instant), renewing every 10000 ms
[2026-08-28T12:52:46Z INFO  squeezefs::dlm] fencing: durable writer term 2 adopted (was 0); every token this process mints now dominates every earlier era's (spec §6.7 decision 4)
[2026-08-28T12:52:46Z INFO  squeezefs::block_allocator] data-plane allocation partition engaged on volume 'nvme4n1': lane 5 of 16, reservation grain 96 blocks, 838190 block(s) of this device belong to other lanes (alloc_lane_stranded_bytes)
[2026-08-28T12:52:46Z WARN  squeezefs::alloc_lane_grant] data-plane allocation lane ENGAGED on volume 'nvme4n1': lane 5 of 16, resuming at block 5 (floor OPENED by the authority (this mount never walks)). Fresh allocation is this mount's residue class; frees stay lane-blind
[2026-08-28T12:52:46Z WARN  squeezefs::alloc_lane_grant] data-plane allocation lane ENGAGED on volume 'nvme4n1': lane 5 of 16, resuming at block 5 (floor OPENED by the authority (this mount never walks)). Fresh allocation is this mount's residue class; frees stay lane-blind
[2026-08-28T12:52:46Z INFO  squeezefs::block_allocator] data-plane allocation partition engaged on volume 'nvme7n1': lane 5 of 16, reservation grain 96 blocks, 838190 block(s) of this device belong to other lanes (alloc_lane_stranded_bytes)
[2026-08-28T12:52:46Z WARN  squeezefs::alloc_lane_grant] data-plane allocation lane ENGAGED on volume 'nvme7n1': lane 5 of 16, resuming at block 5 (floor OPENED by the authority (this mount never walks)). Fresh allocation is this mount's residue class; frees stay lane-blind
[2026-08-28T12:52:46Z INFO  squeezefs::block_allocator] data-plane allocation partition engaged on volume 'nvme6n1': lane 5 of 16, reservation grain 96 blocks, 838190 block(s) of this device belong to other lanes (alloc_lane_stranded_bytes)
[2026-08-28T12:52:46Z WARN  squeezefs::alloc_lane_grant] data-plane allocation lane ENGAGED on volume 'nvme6n1': lane 5 of 16, resuming at block 5 (floor OPENED by the authority (this mount never walks)). Fresh allocation is this mount's residue class; frees stay lane-blind
[2026-08-28T12:52:46Z INFO  squeezefs::block_allocator] data-plane allocation partition engaged on volume 'nvme5n1': lane 5 of 16, reservation grain 96 blocks, 838190 block(s) of this device belong to other lanes (alloc_lane_stranded_bytes)
[2026-08-28T12:52:46Z WARN  squeezefs::alloc_lane_grant] data-plane allocation lane ENGAGED on volume 'nvme5n1': lane 5 of 16, resuming at block 5 (floor OPENED by the authority (this mount never walks)). Fresh allocation is this mount's residue class; frees stay lane-blind
[2026-08-28T12:52:46Z WARN  squeezefs::cowriter] CO-WRITER ARMED (DLM S9): metadata verbs ship to 'd28742bc-5aba-4b26-822d-28b7aa42b124' at 172.31.16.93:45999, write custody is acquired there, fresh blocks are placed in allocation lane 5 of 16 (durable reservations committed by the authority ahead of every hand-out), and this mount's own free/reclaim accounting stays closed. Data DMA is authorized locally under the custody epoch — only custody travels, never data
[2026-08-28T12:52:46Z INFO  squeezefs] fleet jobs: member worker armed (KD-MW-16 — fleet read shards; SQUEEZEFS_FLEET_JOBS=0 opts out)
Mounting Squeezefs at "/scratch/mnt-cw2"...
[2026-08-28T12:52:46Z INFO  squeezefs::fuse_client] Transport payload-buffer cap: 2466 MiB (memory budget 19729 MiB)
[2026-08-28T12:52:46Z WARN  squeezefs::ipc_host] SQUEEZEFS_IPC_ALLOW_DEV is set — the KD-7 build-commit skew gate is RELAXED for this mount (degenerate `unknown`/`-dirty` identities will be admitted, counted in ipc_binds_dev_override). Dev boxes only: a mismatched daemon/shim pair is undefined behavior.
[2026-08-28T12:52:46Z INFO  squeezefs::ipc_host] ipc host: path ctl socket at /run/squeezefs/sqz-il0-4012-6b65e70b.sock
[2026-08-28T12:52:46Z INFO  squeezefs::fuse_client] IPC session host armed (socket sqz-il0-4012-6b65e70b, session shm cap 2466 MiB)
[2026-08-28T12:52:46Z INFO  squeezefs::fuse_client] SqueezeFS version 1.1.0 (6a616bf4c3da / 6a616bf4c3da858bbe9f9c466ad931b343e14d67) built 2026-08-28T12:39:46Z initializing mount
[2026-08-28T12:52:46Z INFO  squeezefs::fuse_client] FUSE Daemon: Mounting squeezefs at "/scratch/mnt-cw2"...
[2026-08-28T12:52:46Z INFO  squeezefs::fuse_client] FUSE Daemon: Metadata connection active.
[2026-08-28T12:52:46Z INFO  squeezefs::fuse_client] device-overlay armed: transport streaming holds enabled (SQUEEZEFS_DEVICE_OVERLAY)
[92mOK[0m Squeezefs is ready at "/scratch/mnt-cw2"
[2026-08-28T12:52:46Z INFO  squeezefs::fuse_client] FUSE Daemon: Initialized Squeezefs Filesystem mount (version 1.1.0 (6a616bf4c3da / 6a616bf4c3da858bbe9f9c466ad931b343e14d67) built 2026-08-28T12:39:46Z).
squeezefs: mount ready (version 1.1.0 (6a616bf4c3da / 6a616bf4c3da858bbe9f9c466ad931b343e14d67) built 2026-08-28T12:39:46Z, exe hint: rebuild target/release and reinstall)
[2026-08-28T12:52:46Z INFO  squeezefs::fuse_client] FUSE kernel protocol 7.45 (init flags 0x7ff73fffffb): FOPEN_NOFLUSH advertised + honored on non-writeback opens (kernel ≥ 7.35) (D2.a; under writeback cache the elision switch is the clean-FLUSH ENOSYS latch — uapi: NOFLUSH applies 'unless FUSE_WRITEBACK_CACHE'); UNKNOWN init capability bits 0x40000000000 advertised — investigate whether an atomic-open-class capability is among them (D2.d adoption follow-up)
squeezefs: FUSE kernel 7.45 — FOPEN_NOFLUSH advertised (wb-cache elision = clean-FLUSH ENOSYS latch); UNKNOWN init capability bits 0x40000000000 advertised — investigate whether an atomic-open-class capability is among them (D2.d adoption follow-up)
[2026-08-28T12:52:46Z INFO  squeezefs::fuse_client] FUSE_HANDLE_KILLPRIV_V2 negotiated (kernel killpriv probe deleted; daemon owns suid/sgid/caps clearing) for this mount
[2026-08-28T12:52:46Z INFO  squeezefs::fuse_client] IPC session host: mount st_dev resolved (60)
[2026-08-28T12:52:46Z INFO  squeezefs::fuse_client] co-writer mount: writeback flusher, extent-record recovery, fold worker and reclaim pool are NOT armed (nothing here can be dirty, staged or freed by this mount)
[2026-08-28T12:52:46Z WARN  squeezefs::ro_coherence] reader data plane armed (DLM S5): block allocation, terminal frees, device reclaim, the W1 in-place patch and in-place overwrites are all refused on this mount; the reclaim queue is latched halted
[2026-08-28T12:52:46Z INFO  squeezefs::meta_backend::kv::node_cache] node cache armed for coherent reads at checkpoint epoch 28 (tail 11949): cached nodes are dropped on every epoch step, and this mount may not write
[2026-08-28T12:52:46Z INFO  squeezefs::ro_coherence] reader coherence armed on 1/1 volume(s): staleness bound 2s (poll 1s + the writer's ≤1 s checkpoint ceiling), R-6 purge sink installed
[2026-08-28T12:52:46Z INFO  squeezefs::ro_coherence] reader revalidation armed: 1 volume(s), every 1s (the derived cadence — one ledger read per volume per pass; staleness bound 2s)
[2026-08-28T12:52:46Z WARN  fuse3::raw::connection::kmbuf] SQUEEZEFS_FUSE_ZC=1 declined: the kmbuf/zc io_uring surface is Absent on this kernel — continuing on the userspace-ent path (fuse3_zc_replies stays 0; the sqz kernel series carries the surface)
[2026-08-28T12:52:46Z INFO  fuse3::raw::connection::fuse_over_uring] fuse-over-uring queue-ring setup probe: SINGLE_ISSUER+DEFER_TASKRUN available
FUSE-over-io_uring registered: queues=32 depth=32 payload_sz=1048576 max_write=1048576 max_pages=256 buffers=user-ents kmbuf_ops=absent fd=319 sqpoll=off drain_groups=4(width<=8)
[2026-08-28T12:52:46Z INFO  fuse3::raw::connection::fuse_over_uring] FUSE-over-io_uring registered: queues=32 depth=32 payload_sz=1048576 max_write=1048576 max_pages=256 buffers=user-ents kmbuf_ops=absent fd=319 sqpoll=off drain_groups=4(width<=8)
FUSE-over-io_uring session path armed (ready=true, queues=32)
FUSE-over-io_uring transport armed for this session
[2026-08-28T12:52:46Z INFO  fuse3::raw::session] FUSE-over-io_uring transport armed for this session
FUSE-over-io_uring: classical sideband servicer armed (primary session; FORGET/INTERRUPT/resend + switchover stragglers)
[2026-08-28T12:52:46Z INFO  squeezefs::fleet_worker] fleet worker: member 'node_e56e47de7cb413eb.mad13c96f' enrolled at coordinator 172.31.16.93:45305 (KD-MW-16 fleet read shards)
[2026-08-28T12:53:37Z WARN  squeezefs::block_allocator] co-writer: abandoning never-published block offset(s) leak-safe (volume 'nvme5n1', first offset 155189248): the publish that would have named them failed or refused, and a co-writer may not mutate ownership accounting — the next derivation (mount recovery / fsck C6) returns them to the free supply (cowriter_unpublished_abandons; further offsets at debug level)
[2026-08-28T12:53:51Z ERROR fuse3::raw::connection::fuse_over_uring] transport payload lease held 1007 ms (≥ 1 s) — overlong handler invocation or a §5.4 severance escape; watch transport_lease_overlong / transport_parked_commits
[2026-08-28T12:53:51Z ERROR fuse3::raw::connection::fuse_over_uring] transport payload lease held 1007 ms (≥ 1 s) — overlong handler invocation or a §5.4 severance escape; watch transport_lease_overlong / transport_parked_commits
[2026-08-28T12:53:51Z ERROR fuse3::raw::connection::fuse_over_uring] transport payload lease held 1002 ms (≥ 1 s) — overlong handler invocation or a §5.4 severance escape; watch transport_lease_overlong / transport_parked_commits
[2026-08-28T12:53:51Z ERROR fuse3::raw::connection::fuse_over_uring] transport payload lease held 1002 ms (≥ 1 s) — overlong handler invocation or a §5.4 severance escape; watch transport_lease_overlong / transport_parked_commits
[2026-08-28T12:53:51Z ERROR fuse3::raw::connection::fuse_over_uring] transport payload lease held 1003 ms (≥ 1 s) — overlong handler invocation or a §5.4 severance escape; watch transport_lease_overlong / transport_parked_commits
[2026-08-28T12:54:10Z ERROR fuse3::raw::connection::fuse_over_uring] transport payload lease held 1071 ms (≥ 1 s) — overlong handler invocation or a §5.4 severance escape; watch transport_lease_overlong / transport_parked_commits
[2026-08-28T12:54:10Z ERROR fuse3::raw::connection::fuse_over_uring] transport payload lease held 1071 ms (≥ 1 s) — overlong handler invocation or a §5.4 severance escape; watch transport_lease_overlong / transport_parked_commits
[2026-08-28T12:54:10Z ERROR fuse3::raw::connection::fuse_over_uring] transport payload lease held 1089 ms (≥ 1 s) — overlong handler invocation or a §5.4 severance escape; watch transport_lease_overlong / transport_parked_commits
[2026-08-28T12:54:10Z ERROR fuse3::raw::connection::fuse_over_uring] transport payload lease held 1089 ms (≥ 1 s) — overlong handler invocation or a §5.4 severance escape; watch transport_lease_overlong / transport_parked_commits
[2026-08-28T12:54:10Z ERROR fuse3::raw::connection::fuse_over_uring] transport payload lease held 1098 ms (≥ 1 s) — overlong handler invocation or a §5.4 severance escape; watch transport_lease_overlong / transport_parked_commits
[2026-08-28T12:54:10Z ERROR fuse3::raw::connection::fuse_over_uring] transport payload lease held 1098 ms (≥ 1 s) — overlong handler invocation or a §5.4 severance escape; watch transport_lease_overlong / transport_parked_commits
[2026-08-28T12:54:10Z ERROR fuse3::raw::connection::fuse_over_uring] transport payload lease held 1119 ms (≥ 1 s) — overlong handler invocation or a §5.4 severance escape; watch transport_lease_overlong / transport_parked_commits
[2026-08-28T12:54:10Z ERROR fuse3::raw::connection::fuse_over_uring] transport payload lease held 1119 ms (≥ 1 s) — overlong handler invocation or a §5.4 severance escape; watch transport_lease_overlong / transport_parked_commits
[2026-08-28T12:54:10Z ERROR fuse3::raw::connection::fuse_over_uring] transport payload lease held 1147 ms (≥ 1 s) — overlong handler invocation or a §5.4 severance escape; watch transport_lease_overlong / transport_parked_commits
[2026-08-28T12:54:10Z ERROR fuse3::raw::connection::fuse_over_uring] transport payload lease held 1147 ms (≥ 1 s) — overlong handler invocation or a §5.4 severance escape; watch transport_lease_overlong / transport_parked_commits
[2026-08-28T12:54:10Z ERROR fuse3::raw::connection::fuse_over_uring] transport payload lease held 1147 ms (≥ 1 s) — overlong handler invocation or a §5.4 severance escape; watch transport_lease_overlong / transport_parked_commits
[2026-08-28T12:54:10Z ERROR fuse3::raw::connection::fuse_over_uring] transport payload lease held 1147 ms (≥ 1 s) — overlong handler invocation or a §5.4 severance escape; watch transport_lease_overlong / transport_parked_commits
[2026-08-28T12:54:11Z ERROR fuse3::raw::connection::fuse_over_uring] transport payload lease held 1145 ms (≥ 1 s) — overlong handler invocation or a §5.4 severance escape; watch transport_lease_overlong / transport_parked_commits
[2026-08-28T12:54:11Z ERROR fuse3::raw::connection::fuse_over_uring] transport payload lease held 1125 ms (≥ 1 s) — overlong handler invocation or a §5.4 severance escape; watch transport_lease_overlong / transport_parked_commits
[2026-08-28T12:54:11Z ERROR fuse3::raw::connection::fuse_over_uring] transport payload lease held 1140 ms (≥ 1 s) — overlong handler invocation or a §5.4 severance escape; watch transport_lease_overlong / transport_parked_commits
[2026-08-28T12:54:11Z ERROR fuse3::raw::connection::fuse_over_uring] transport payload lease held 1125 ms (≥ 1 s) — overlong handler invocation or a §5.4 severance escape; watch transport_lease_overlong / transport_parked_commits
[2026-08-28T12:54:11Z ERROR fuse3::raw::connection::fuse_over_uring] transport payload lease held 1093 ms (≥ 1 s) — overlong handler invocation or a §5.4 severance escape; watch transport_lease_overlong / transport_parked_commits
[2026-08-28T12:54:11Z ERROR fuse3::raw::connection::fuse_over_uring] transport payload lease held 1093 ms (≥ 1 s) — overlong handler invocation or a §5.4 severance escape; watch transport_lease_overlong / transport_parked_commits
[2026-08-28T12:54:11Z ERROR fuse3::raw::connection::fuse_over_uring] transport payload lease held 1058 ms (≥ 1 s) — overlong handler invocation or a §5.4 severance escape; watch transport_lease_overlong / transport_parked_commits
[2026-08-28T12:54:11Z ERROR fuse3::raw::connection::fuse_over_uring] transport payload lease held 1058 ms (≥ 1 s) — overlong handler invocation or a §5.4 severance escape; watch transport_lease_overlong / transport_parked_commits
[2026-08-28T12:54:11Z ERROR fuse3::raw::connection::fuse_over_uring] transport payload lease held 1061 ms (≥ 1 s) — overlong handler invocation or a §5.4 severance escape; watch transport_lease_overlong / transport_parked_commits
[2026-08-28T12:54:11Z ERROR fuse3::raw::connection::fuse_over_uring] transport payload lease held 1035 ms (≥ 1 s) — overlong handler invocation or a §5.4 severance escape; watch transport_lease_overlong / transport_parked_commits
[2026-08-28T12:54:11Z ERROR fuse3::raw::connection::fuse_over_uring] transport payload lease held 1035 ms (≥ 1 s) — overlong handler invocation or a §5.4 severance escape; watch transport_lease_overlong / transport_parked_commits
[2026-08-28T12:54:11Z ERROR fuse3::raw::connection::fuse_over_uring] transport payload lease held 1036 ms (≥ 1 s) — overlong handler invocation or a §5.4 severance escape; watch transport_lease_overlong / transport_parked_commits
[2026-08-28T12:54:11Z ERROR fuse3::raw::connection::fuse_over_uring] transport payload lease held 1053 ms (≥ 1 s) — overlong handler invocation or a §5.4 severance escape; watch transport_lease_overlong / transport_parked_commits
[2026-08-28T12:54:11Z ERROR fuse3::raw::connection::fuse_over_uring] transport payload lease held 1043 ms (≥ 1 s) — overlong handler invocation or a §5.4 severance escape; watch transport_lease_overlong / transport_parked_commits
[2026-08-28T12:54:11Z ERROR fuse3::raw::connection::fuse_over_uring] transport payload lease held 1043 ms (≥ 1 s) — overlong handler invocation or a §5.4 severance escape; watch transport_lease_overlong / transport_parked_commits
[2026-08-28T12:54:11Z ERROR fuse3::raw::connection::fuse_over_uring] transport payload lease held 1043 ms (≥ 1 s) — overlong handler invocation or a §5.4 severance escape; watch transport_lease_overlong / transport_parked_commits
[2026-08-28T12:54:11Z ERROR fuse3::raw::connection::fuse_over_uring] transport payload lease held 1229 ms (≥ 1 s) — overlong handler invocation or a §5.4 severance escape; watch transport_lease_overlong / transport_parked_commits
[2026-08-28T12:54:11Z ERROR fuse3::raw::connection::fuse_over_uring] transport payload lease held 1223 ms (≥ 1 s) — overlong handler invocation or a §5.4 severance escape; watch transport_lease_overlong / transport_parked_commits
[2026-08-28T12:54:11Z ERROR fuse3::raw::connection::fuse_over_uring] transport payload lease held 1217 ms (≥ 1 s) — overlong handler invocation or a §5.4 severance escape; watch transport_lease_overlong / transport_parked_commits
[2026-08-28T12:54:11Z ERROR fuse3::raw::connection::fuse_over_uring] transport payload lease held 1226 ms (≥ 1 s) — overlong handler invocation or a §5.4 severance escape; watch transport_lease_overlong / transport_parked_commits
[2026-08-28T12:54:24Z ERROR fuse3::raw::connection::fuse_over_uring] transport payload lease held 1028 ms (≥ 1 s) — overlong handler invocation or a §5.4 severance escape; watch transport_lease_overlong / transport_parked_commits
[2026-08-28T12:54:24Z ERROR fuse3::raw::connection::fuse_over_uring] transport payload lease held 1019 ms (≥ 1 s) — overlong handler invocation or a §5.4 severance escape; watch transport_lease_overlong / transport_parked_commits
[2026-08-28T12:54:24Z ERROR fuse3::raw::connection::fuse_over_uring] transport payload lease held 1019 ms (≥ 1 s) — overlong handler invocation or a §5.4 severance escape; watch transport_lease_overlong / transport_parked_commits
[2026-08-28T12:54:24Z ERROR fuse3::raw::connection::fuse_over_uring] transport payload lease held 1020 ms (≥ 1 s) — overlong handler invocation or a §5.4 severance escape; watch transport_lease_overlong / transport_parked_commits
[2026-08-28T12:54:24Z ERROR fuse3::raw::connection::fuse_over_uring] transport payload lease held 1014 ms (≥ 1 s) — overlong handler invocation or a §5.4 severance escape; watch transport_lease_overlong / transport_parked_commits
[2026-08-28T12:54:24Z ERROR fuse3::raw::connection::fuse_over_uring] transport payload lease held 1014 ms (≥ 1 s) — overlong handler invocation or a §5.4 severance escape; watch transport_lease_overlong / transport_parked_commits
[2026-08-28T12:54:24Z ERROR fuse3::raw::connection::fuse_over_uring] transport payload lease held 1030 ms (≥ 1 s) — overlong handler invocation or a §5.4 severance escape; watch transport_lease_overlong / transport_parked_commits
[2026-08-28T12:54:24Z ERROR fuse3::raw::connection::fuse_over_uring] transport payload lease held 1027 ms (≥ 1 s) — overlong handler invocation or a §5.4 severance escape; watch transport_lease_overlong / transport_parked_commits
[2026-08-28T12:54:24Z ERROR fuse3::raw::connection::fuse_over_uring] transport payload lease held 1023 ms (≥ 1 s) — overlong handler invocation or a §5.4 severance escape; watch transport_lease_overlong / transport_parked_commits
[2026-08-28T12:54:24Z ERROR fuse3::raw::connection::fuse_over_uring] transport payload lease held 1023 ms (≥ 1 s) — overlong handler invocation or a §5.4 severance escape; watch transport_lease_overlong / transport_parked_commits
[2026-08-28T12:54:31Z WARN  fuse3::raw::connection::fuse_over_uring] fuse-over-uring qid=20 ent=0: unique=21530 delivered 5006 ms ago and still unreplied — the caller is in uninterruptible sleep (transport_slots_overdue; not-fused, fused_ready_total=0, zc_bridge_pends=0, scan_passes=0, scan_pends_seen=0, scan_orphans_seen=0, pend_max_age_ms=0, cancel_latched=0, park_backstop_ticks=0, zc_msgs_sent=0, zc_msgs_taken=0)
[2026-08-28T12:54:31Z WARN  fuse3::raw::connection::fuse_over_uring] fuse-over-uring qid=20 ent=2: unique=21514 delivered 5017 ms ago and still unreplied — the caller is in uninterruptible sleep (transport_slots_overdue; not-fused, fused_ready_total=0, zc_bridge_pends=0, scan_passes=0, scan_pends_seen=0, scan_orphans_seen=0, pend_max_age_ms=0, cancel_latched=0, park_backstop_ticks=0, zc_msgs_sent=0, zc_msgs_taken=0)
[2026-08-28T12:54:31Z WARN  fuse3::raw::connection::fuse_over_uring] fuse-over-uring qid=20 ent=3: unique=21518 delivered 5017 ms ago and still unreplied — the caller is in uninterruptible sleep (transport_slots_overdue; not-fused, fused_ready_total=0, zc_bridge_pends=0, scan_passes=0, scan_pends_seen=0, scan_orphans_seen=0, pend_max_age_ms=0, cancel_latched=0, park_backstop_ticks=0, zc_msgs_sent=0, zc_msgs_taken=0)
[2026-08-28T12:54:31Z WARN  fuse3::raw::connection::fuse_over_uring] fuse-over-uring qid=20 ent=4: unique=21480 delivered 5022 ms ago and still unreplied — the caller is in uninterruptible sleep (transport_slots_overdue; not-fused, fused_ready_total=0, zc_bridge_pends=0, scan_passes=0, scan_pends_seen=0, scan_orphans_seen=0, pend_max_age_ms=0, cancel_latched=0, park_backstop_ticks=0, zc_msgs_sent=0, zc_msgs_taken=0)
[2026-08-28T12:54:31Z WARN  fuse3::raw::connection::fuse_over_uring] fuse-over-uring qid=20 ent=5: unique=21512 delivered 5017 ms ago and still unreplied — the caller is in uninterruptible sleep (transport_slots_overdue; not-fused, fused_ready_total=0, zc_bridge_pends=0, scan_passes=0, scan_pends_seen=0, scan_orphans_seen=0, pend_max_age_ms=0, cancel_latched=0, park_backstop_ticks=0, zc_msgs_sent=0, zc_msgs_taken=0)
[2026-08-28T12:54:31Z WARN  fuse3::raw::connection::fuse_over_uring] fuse-over-uring qid=20 ent=6: unique=21524 delivered 5017 ms ago and still unreplied — the caller is in uninterruptible sleep (transport_slots_overdue; not-fused, fused_ready_total=0, zc_bridge_pends=0, scan_passes=0, scan_pends_seen=0, scan_orphans_seen=0, pend_max_age_ms=0, cancel_latched=0, park_backstop_ticks=0, zc_msgs_sent=0, zc_msgs_taken=0)
[2026-08-28T12:54:31Z WARN  fuse3::raw::connection::fuse_over_uring] fuse-over-uring qid=20 ent=7: unique=21478 delivered 5022 ms ago and still unreplied — the caller is in uninterruptible sleep (transport_slots_overdue; not-fused, fused_ready_total=0, zc_bridge_pends=0, scan_passes=0, scan_pends_seen=0, scan_orphans_seen=0, pend_max_age_ms=0, cancel_latched=0, park_backstop_ticks=0, zc_msgs_sent=0, zc_msgs_taken=0)
[2026-08-28T12:54:31Z WARN  fuse3::raw::connection::fuse_over_uring] fuse-over-uring qid=20 ent=9: unique=21504 delivered 5017 ms ago and still unreplied — the caller is in uninterruptible sleep (transport_slots_overdue; not-fused, fused_ready_total=0, zc_bridge_pends=0, scan_passes=0, scan_pends_seen=0, scan_orphans_seen=0, pend_max_age_ms=0, cancel_latched=0, park_backstop_ticks=0, zc_msgs_sent=0, zc_msgs_taken=0)
[2026-08-28T12:54:31Z WARN  fuse3::raw::connection::fuse_over_uring] fuse-over-uring qid=20 ent=10: unique=21532 delivered 5000 ms ago and still unreplied — the caller is in uninterruptible sleep (transport_slots_overdue; not-fused, fused_ready_total=0, zc_bridge_pends=0, scan_passes=0, scan_pends_seen=0, scan_orphans_seen=0, pend_max_age_ms=0, cancel_latched=0, park_backstop_ticks=0, zc_msgs_sent=0, zc_msgs_taken=0)
[2026-08-28T12:54:31Z WARN  fuse3::raw::connection::fuse_over_uring] fuse-over-uring qid=20 ent=11: unique=21510 delivered 5017 ms ago and still unreplied — the caller is in uninterruptible sleep (transport_slots_overdue; not-fused, fused_ready_total=0, zc_bridge_pends=0, scan_passes=0, scan_pends_seen=0, scan_orphans_seen=0, pend_max_age_ms=0, cancel_latched=0, park_backstop_ticks=0, zc_msgs_sent=0, zc_msgs_taken=0)
[2026-08-28T12:54:31Z WARN  fuse3::raw::connection::fuse_over_uring] fuse-over-uring qid=20 ent=12: unique=21522 delivered 5017 ms ago and still unreplied — the caller is in uninterruptible sleep (transport_slots_overdue; not-fused, fused_ready_total=0, zc_bridge_pends=0, scan_passes=0, scan_pends_seen=0, scan_orphans_seen=0, pend_max_age_ms=0, cancel_latched=0, park_backstop_ticks=0, zc_msgs_sent=0, zc_msgs_taken=0)
[2026-08-28T12:54:31Z WARN  fuse3::raw::connection::fuse_over_uring] fuse-over-uring qid=20 ent=13: unique=21484 delivered 5022 ms ago and still unreplied — the caller is in uninterruptible sleep (transport_slots_overdue; not-fused, fused_ready_total=0, zc_bridge_pends=0, scan_passes=0, scan_pends_seen=0, scan_orphans_seen=0, pend_max_age_ms=0, cancel_latched=0, park_backstop_ticks=0, zc_msgs_sent=0, zc_msgs_taken=0)
[2026-08-28T12:54:31Z WARN  fuse3::raw::connection::fuse_over_uring] fuse-over-uring qid=20 ent=15: unique=21490 delivered 5017 ms ago and still unreplied — the caller is in uninterruptible sleep (transport_slots_overdue; not-fused, fused_ready_total=0, zc_bridge_pends=0, scan_passes=0, scan_pends_seen=0, scan_orphans_seen=0, pend_max_age_ms=0, cancel_latched=0, park_backstop_ticks=0, zc_msgs_sent=0, zc_msgs_taken=0)
[2026-08-28T12:54:31Z WARN  fuse3::raw::connection::fuse_over_uring] fuse-over-uring qid=20 ent=16: unique=21482 delivered 5022 ms ago and still unreplied — the caller is in uninterruptible sleep (transport_slots_overdue; not-fused, fused_ready_total=0, zc_bridge_pends=0, scan_passes=0, scan_pends_seen=0, scan_orphans_seen=0, pend_max_age_ms=0, cancel_latched=0, park_backstop_ticks=0, zc_msgs_sent=0, zc_msgs_taken=0)
[2026-08-28T12:54:31Z WARN  fuse3::raw::connection::fuse_over_uring] fuse-over-uring qid=20 ent=18: unique=21520 delivered 5017 ms ago and still unreplied — the caller is in uninterruptible sleep (transport_slots_overdue; not-fused, fused_ready_total=0, zc_bridge_pends=0, scan_passes=0, scan_pends_seen=0, scan_orphans_seen=0, pend_max_age_ms=0, cancel_latched=0, park_backstop_ticks=0, zc_msgs_sent=0, zc_msgs_taken=0)
[2026-08-28T12:54:31Z WARN  fuse3::raw::connection::fuse_over_uring] fuse-over-uring qid=20 ent=19: unique=21516 delivered 5017 ms ago and still unreplied — the caller is in uninterruptible sleep (transport_slots_overdue; not-fused, fused_ready_total=0, zc_bridge_pends=0, scan_passes=0, scan_pends_seen=0, scan_orphans_seen=0, pend_max_age_ms=0, cancel_latched=0, park_backstop_ticks=0, zc_msgs_sent=0, zc_msgs_taken=0)
[2026-08-28T12:54:31Z WARN  fuse3::raw::connection::fuse_over_uring] fuse-over-uring qid=20 ent=22: unique=21526 delivered 5017 ms ago and still unreplied — the caller is in uninterruptible sleep (transport_slots_overdue; not-fused, fused_ready_total=0, zc_bridge_pends=0, scan_passes=0, scan_pends_seen=0, scan_orphans_seen=0, pend_max_age_ms=0, cancel_latched=0, park_backstop_ticks=0, zc_msgs_sent=0, zc_msgs_taken=0)
[2026-08-28T12:54:31Z WARN  fuse3::raw::connection::fuse_over_uring] fuse-over-uring qid=20 ent=23: unique=21488 delivered 5017 ms ago and still unreplied — the caller is in uninterruptible sleep (transport_slots_overdue; not-fused, fused_ready_total=0, zc_bridge_pends=0, scan_passes=0, scan_pends_seen=0, scan_orphans_seen=0, pend_max_age_ms=0, cancel_latched=0, park_backstop_ticks=0, zc_msgs_sent=0, zc_msgs_taken=0)
[2026-08-28T12:54:31Z WARN  fuse3::raw::connection::fuse_over_uring] fuse-over-uring qid=20 ent=24: unique=21528 delivered 5017 ms ago and still unreplied — the caller is in uninterruptible sleep (transport_slots_overdue; not-fused, fused_ready_total=0, zc_bridge_pends=0, scan_passes=0, scan_pends_seen=0, scan_orphans_seen=0, pend_max_age_ms=0, cancel_latched=0, park_backstop_ticks=0, zc_msgs_sent=0, zc_msgs_taken=0)
[2026-08-28T12:54:31Z WARN  fuse3::raw::connection::fuse_over_uring] fuse-over-uring qid=20 ent=25: unique=21486 delivered 5022 ms ago and still unreplied — the caller is in uninterruptible sleep (transport_slots_overdue; not-fused, fused_ready_total=0, zc_bridge_pends=0, scan_passes=0, scan_pends_seen=0, scan_orphans_seen=0, pend_max_age_ms=0, cancel_latched=0, park_backstop_ticks=0, zc_msgs_sent=0, zc_msgs_taken=0)
[2026-08-28T12:54:31Z WARN  fuse3::raw::connection::fuse_over_uring] fuse-over-uring qid=20 ent=26: unique=21508 delivered 5017 ms ago and still unreplied — the caller is in uninterruptible sleep (transport_slots_overdue; not-fused, fused_ready_total=0, zc_bridge_pends=0, scan_passes=0, scan_pends_seen=0, scan_orphans_seen=0, pend_max_age_ms=0, cancel_latched=0, park_backstop_ticks=0, zc_msgs_sent=0, zc_msgs_taken=0)
[2026-08-28T12:54:31Z WARN  fuse3::raw::connection::fuse_over_uring] fuse-over-uring qid=20 ent=29: unique=21492 delivered 5017 ms ago and still unreplied — the caller is in uninterruptible sleep (transport_slots_overdue; not-fused, fused_ready_total=0, zc_bridge_pends=0, scan_passes=0, scan_pends_seen=0, scan_orphans_seen=0, pend_max_age_ms=0, cancel_latched=0, park_backstop_ticks=0, zc_msgs_sent=0, zc_msgs_taken=0)
[2026-08-28T12:54:31Z WARN  fuse3::raw::connection::fuse_over_uring] fuse-over-uring qid=20 ent=30: unique=21506 delivered 5017 ms ago and still unreplied — the caller is in uninterruptible sleep (transport_slots_overdue; not-fused, fused_ready_total=0, zc_bridge_pends=0, scan_passes=0, scan_pends_seen=0, scan_orphans_seen=0, pend_max_age_ms=0, cancel_latched=0, park_backstop_ticks=0, zc_msgs_sent=0, zc_msgs_taken=0)
[2026-08-28T12:54:31Z WARN  fuse3::raw::connection::fuse_over_uring] fuse-over-uring qid=20 ent=31: unique=21494 delivered 5017 ms ago and still unreplied — the caller is in uninterruptible sleep (transport_slots_overdue; not-fused, fused_ready_total=0, zc_bridge_pends=0, scan_passes=0, scan_pends_seen=0, scan_orphans_seen=0, pend_max_age_ms=0, cancel_latched=0, park_backstop_ticks=0, zc_msgs_sent=0, zc_msgs_taken=0)
[2026-08-28T12:54:33Z ERROR fuse3::raw::connection::fuse_over_uring] transport payload lease held 6705 ms (≥ 1 s) — overlong handler invocation or a §5.4 severance escape; watch transport_lease_overlong / transport_parked_commits
[2026-08-28T12:54:33Z ERROR fuse3::raw::connection::fuse_over_uring] transport payload lease held 6705 ms (≥ 1 s) — overlong handler invocation or a §5.4 severance escape; watch transport_lease_overlong / transport_parked_commits
[2026-08-28T12:54:33Z ERROR fuse3::raw::connection::fuse_over_uring] transport payload lease held 6701 ms (≥ 1 s) — overlong handler invocation or a §5.4 severance escape; watch transport_lease_overlong / transport_parked_commits
[2026-08-28T12:54:33Z ERROR fuse3::raw::connection::fuse_over_uring] transport payload lease held 6702 ms (≥ 1 s) — overlong handler invocation or a §5.4 severance escape; watch transport_lease_overlong / transport_parked_commits
[2026-08-28T12:54:33Z ERROR fuse3::raw::connection::fuse_over_uring] transport payload lease held 6706 ms (≥ 1 s) — overlong handler invocation or a §5.4 severance escape; watch transport_lease_overlong / transport_parked_commits
[2026-08-28T12:54:33Z ERROR fuse3::raw::connection::fuse_over_uring] transport payload lease held 6703 ms (≥ 1 s) — overlong handler invocation or a §5.4 severance escape; watch transport_lease_overlong / transport_parked_commits
[2026-08-28T12:54:33Z ERROR fuse3::raw::connection::fuse_over_uring] transport payload lease held 6707 ms (≥ 1 s) — overlong handler invocation or a §5.4 severance escape; watch transport_lease_overlong / transport_parked_commits
[2026-08-28T12:54:33Z ERROR fuse3::raw::connection::fuse_over_uring] transport payload lease held 6693 ms (≥ 1 s) — overlong handler invocation or a §5.4 severance escape; watch transport_lease_overlong / transport_parked_commits
[2026-08-28T12:54:33Z ERROR fuse3::raw::connection::fuse_over_uring] transport payload lease held 6704 ms (≥ 1 s) — overlong handler invocation or a §5.4 severance escape; watch transport_lease_overlong / transport_parked_commits
[2026-08-28T12:54:33Z ERROR fuse3::raw::connection::fuse_over_uring] transport payload lease held 6706 ms (≥ 1 s) — overlong handler invocation or a §5.4 severance escape; watch transport_lease_overlong / transport_parked_commits
[2026-08-28T12:54:33Z ERROR fuse3::raw::connection::fuse_over_uring] transport payload lease held 6707 ms (≥ 1 s) — overlong handler invocation or a §5.4 severance escape; watch transport_lease_overlong / transport_parked_commits
[2026-08-28T12:54:33Z ERROR fuse3::raw::connection::fuse_over_uring] transport payload lease held 6707 ms (≥ 1 s) — overlong handler invocation or a §5.4 severance escape; watch transport_lease_overlong / transport_parked_commits
[2026-08-28T12:54:33Z ERROR fuse3::raw::connection::fuse_over_uring] transport payload lease held 6707 ms (≥ 1 s) — overlong handler invocation or a §5.4 severance escape; watch transport_lease_overlong / transport_parked_commits
[2026-08-28T12:54:33Z ERROR fuse3::raw::connection::fuse_over_uring] transport payload lease held 6707 ms (≥ 1 s) — overlong handler invocation or a §5.4 severance escape; watch transport_lease_overlong / transport_parked_commits
[2026-08-28T12:54:33Z ERROR fuse3::raw::connection::fuse_over_uring] transport payload lease held 6708 ms (≥ 1 s) — overlong handler invocation or a §5.4 severance escape; watch transport_lease_overlong / transport_parked_commits
[2026-08-28T12:54:33Z ERROR fuse3::raw::connection::fuse_over_uring] transport payload lease held 6708 ms (≥ 1 s) — overlong handler invocation or a §5.4 severance escape; watch transport_lease_overlong / transport_parked_commits
[2026-08-28T12:54:33Z ERROR fuse3::raw::connection::fuse_over_uring] transport payload lease held 6708 ms (≥ 1 s) — overlong handler invocation or a §5.4 severance escape; watch transport_lease_overlong / transport_parked_commits
[2026-08-28T12:54:33Z ERROR fuse3::raw::connection::fuse_over_uring] transport payload lease held 6709 ms (≥ 1 s) — overlong handler invocation or a §5.4 severance escape; watch transport_lease_overlong / transport_parked_commits
[2026-08-28T12:54:33Z ERROR fuse3::raw::connection::fuse_over_uring] transport payload lease held 6709 ms (≥ 1 s) — overlong handler invocation or a §5.4 severance escape; watch transport_lease_overlong / transport_parked_commits
[2026-08-28T12:54:33Z ERROR fuse3::raw::connection::fuse_over_uring] transport payload lease held 6710 ms (≥ 1 s) — overlong handler invocation or a §5.4 severance escape; watch transport_lease_overlong / transport_parked_commits
[2026-08-28T12:54:33Z ERROR fuse3::raw::connection::fuse_over_uring] transport payload lease held 6709 ms (≥ 1 s) — overlong handler invocation or a §5.4 severance escape; watch transport_lease_overlong / transport_parked_commits
[2026-08-28T12:54:33Z ERROR fuse3::raw::connection::fuse_over_uring] transport payload lease held 6710 ms (≥ 1 s) — overlong handler invocation or a §5.4 severance escape; watch transport_lease_overlong / transport_parked_commits
[2026-08-28T12:54:33Z ERROR fuse3::raw::connection::fuse_over_uring] transport payload lease held 6715 ms (≥ 1 s) — overlong handler invocation or a §5.4 severance escape; watch transport_lease_overlong / transport_parked_commits
[2026-08-28T12:54:33Z ERROR fuse3::raw::connection::fuse_over_uring] transport payload lease held 6695 ms (≥ 1 s) — overlong handler invocation or a §5.4 severance escape; watch transport_lease_overlong / transport_parked_commits
[2026-08-28T12:54:33Z ERROR fuse3::raw::connection::fuse_over_uring] transport payload lease held 6696 ms (≥ 1 s) — overlong handler invocation or a §5.4 severance escape; watch transport_lease_overlong / transport_parked_commits
[2026-08-28T12:54:33Z ERROR fuse3::raw::connection::fuse_over_uring] transport payload lease held 6697 ms (≥ 1 s) — overlong handler invocation or a §5.4 severance escape; watch transport_lease_overlong / transport_parked_commits
[2026-08-28T12:54:33Z ERROR fuse3::raw::connection::fuse_over_uring] transport payload lease held 6691 ms (≥ 1 s) — overlong handler invocation or a §5.4 severance escape; watch transport_lease_overlong / transport_parked_commits
[2026-08-28T12:54:33Z ERROR fuse3::raw::connection::fuse_over_uring] transport payload lease held 6685 ms (≥ 1 s) — overlong handler invocation or a §5.4 severance escape; watch transport_lease_overlong / transport_parked_commits
[2026-08-28T12:54:33Z ERROR fuse3::raw::connection::fuse_over_uring] transport payload lease held 6668 ms (≥ 1 s) — overlong handler invocation or a §5.4 severance escape; watch transport_lease_overlong / transport_parked_commits
[2026-08-28T12:54:33Z ERROR fuse3::raw::connection::fuse_over_uring] transport payload lease held 6662 ms (≥ 1 s) — overlong handler invocation or a §5.4 severance escape; watch transport_lease_overlong / transport_parked_commits
[2026-08-28T12:54:33Z ERROR fuse3::raw::connection::fuse_over_uring] transport payload lease held 6668 ms (≥ 1 s) — overlong handler invocation or a §5.4 severance escape; watch transport_lease_overlong / transport_parked_commits
[2026-08-28T12:54:33Z ERROR fuse3::raw::connection::fuse_over_uring] transport payload lease held 6663 ms (≥ 1 s) — overlong handler invocation or a §5.4 severance escape; watch transport_lease_overlong / transport_parked_commits
[2026-08-28T12:54:41Z ERROR fuse3::raw::connection::fuse_over_uring] transport payload lease held 1019 ms (≥ 1 s) — overlong handler invocation or a §5.4 severance escape; watch transport_lease_overlong / transport_parked_commits
[2026-08-28T12:54:41Z ERROR fuse3::raw::connection::fuse_over_uring] transport payload lease held 1014 ms (≥ 1 s) — overlong handler invocation or a §5.4 severance escape; watch transport_lease_overlong / transport_parked_commits
[2026-08-28T12:54:41Z ERROR fuse3::raw::connection::fuse_over_uring] transport payload lease held 1013 ms (≥ 1 s) — overlong handler invocation or a §5.4 severance escape; watch transport_lease_overlong / transport_parked_commits
[2026-08-28T12:54:41Z ERROR fuse3::raw::connection::fuse_over_uring] transport payload lease held 1013 ms (≥ 1 s) — overlong handler invocation or a §5.4 severance escape; watch transport_lease_overlong / transport_parked_commits
[2026-08-28T12:54:42Z ERROR fuse3::raw::connection::fuse_over_uring] transport payload lease held 1024 ms (≥ 1 s) — overlong handler invocation or a §5.4 severance escape; watch transport_lease_overlong / transport_parked_commits
[2026-08-28T12:54:42Z ERROR fuse3::raw::connection::fuse_over_uring] transport payload lease held 1024 ms (≥ 1 s) — overlong handler invocation or a §5.4 severance escape; watch transport_lease_overlong / transport_parked_commits
[2026-08-28T12:54:42Z ERROR fuse3::raw::connection::fuse_over_uring] transport payload lease held 1043 ms (≥ 1 s) — overlong handler invocation or a §5.4 severance escape; watch transport_lease_overlong / transport_parked_commits
[2026-08-28T12:54:42Z ERROR fuse3::raw::connection::fuse_over_uring] transport payload lease held 1044 ms (≥ 1 s) — overlong handler invocation or a §5.4 severance escape; watch transport_lease_overlong / transport_parked_commits
[2026-08-28T12:54:42Z ERROR fuse3::raw::connection::fuse_over_uring] transport payload lease held 1071 ms (≥ 1 s) — overlong handler invocation or a §5.4 severance escape; watch transport_lease_overlong / transport_parked_commits
[2026-08-28T12:54:42Z ERROR fuse3::raw::connection::fuse_over_uring] transport payload lease held 1071 ms (≥ 1 s) — overlong handler invocation or a §5.4 severance escape; watch transport_lease_overlong / transport_parked_commits
[2026-08-28T12:54:42Z ERROR fuse3::raw::connection::fuse_over_uring] transport payload lease held 1071 ms (≥ 1 s) — overlong handler invocation or a §5.4 severance escape; watch transport_lease_overlong / transport_parked_commits
[2026-08-28T12:54:42Z ERROR fuse3::raw::connection::fuse_over_uring] transport payload lease held 1071 ms (≥ 1 s) — overlong handler invocation or a §5.4 severance escape; watch transport_lease_overlong / transport_parked_commits
[2026-08-28T12:54:42Z ERROR fuse3::raw::connection::fuse_over_uring] transport payload lease held 1062 ms (≥ 1 s) — overlong handler invocation or a §5.4 severance escape; watch transport_lease_overlong / transport_parked_commits
[2026-08-28T12:54:42Z ERROR fuse3::raw::connection::fuse_over_uring] transport payload lease held 1058 ms (≥ 1 s) — overlong handler invocation or a §5.4 severance escape; watch transport_lease_overlong / transport_parked_commits
[2026-08-28T12:54:42Z ERROR fuse3::raw::connection::fuse_over_uring] transport payload lease held 1062 ms (≥ 1 s) — overlong handler invocation or a §5.4 severance escape; watch transport_lease_overlong / transport_parked_commits
[2026-08-28T12:54:42Z ERROR fuse3::raw::connection::fuse_over_uring] transport payload lease held 1059 ms (≥ 1 s) — overlong handler invocation or a §5.4 severance escape; watch transport_lease_overlong / transport_parked_commits
[2026-08-28T12:54:42Z ERROR fuse3::raw::connection::fuse_over_uring] transport payload lease held 1014 ms (≥ 1 s) — overlong handler invocation or a §5.4 severance escape; watch transport_lease_overlong / transport_parked_commits
[2026-08-28T12:54:42Z ERROR fuse3::raw::connection::fuse_over_uring] transport payload lease held 1014 ms (≥ 1 s) — overlong handler invocation or a §5.4 severance escape; watch transport_lease_overlong / transport_parked_commits
[2026-08-28T12:54:42Z ERROR fuse3::raw::connection::fuse_over_uring] transport payload lease held 1014 ms (≥ 1 s) — overlong handler invocation or a §5.4 severance escape; watch transport_lease_overlong / transport_parked_commits
[2026-08-28T12:54:42Z ERROR fuse3::raw::connection::fuse_over_uring] transport payload lease held 1010 ms (≥ 1 s) — overlong handler invocation or a §5.4 severance escape; watch transport_lease_overlong / transport_parked_commits
[2026-08-28T12:54:55Z ERROR fuse3::raw::connection::fuse_over_uring] transport payload lease held 1028 ms (≥ 1 s) — overlong handler invocation or a §5.4 severance escape; watch transport_lease_overlong / transport_parked_commits
[2026-08-28T12:54:55Z ERROR fuse3::raw::connection::fuse_over_uring] transport payload lease held 1028 ms (≥ 1 s) — overlong handler invocation or a §5.4 severance escape; watch transport_lease_overlong / transport_parked_commits
[2026-08-28T12:54:55Z ERROR fuse3::raw::connection::fuse_over_uring] transport payload lease held 1029 ms (≥ 1 s) — overlong handler invocation or a §5.4 severance escape; watch transport_lease_overlong / transport_parked_commits
[2026-08-28T12:54:55Z ERROR fuse3::raw::connection::fuse_over_uring] transport payload lease held 1028 ms (≥ 1 s) — overlong handler invocation or a §5.4 severance escape; watch transport_lease_overlong / transport_parked_commits
[2026-08-28T12:54:55Z ERROR fuse3::raw::connection::fuse_over_uring] transport payload lease held 1079 ms (≥ 1 s) — overlong handler invocation or a §5.4 severance escape; watch transport_lease_overlong / transport_parked_commits
[2026-08-28T12:54:55Z ERROR fuse3::raw::connection::fuse_over_uring] transport payload lease held 1079 ms (≥ 1 s) — overlong handler invocation or a §5.4 severance escape; watch transport_lease_overlong / transport_parked_commits
[2026-08-28T12:54:55Z ERROR fuse3::raw::connection::fuse_over_uring] transport payload lease held 1079 ms (≥ 1 s) — overlong handler invocation or a §5.4 severance escape; watch transport_lease_overlong / transport_parked_commits
[2026-08-28T12:54:55Z ERROR fuse3::raw::connection::fuse_over_uring] transport payload lease held 1065 ms (≥ 1 s) — overlong handler invocation or a §5.4 severance escape; watch transport_lease_overlong / transport_parked_commits
[2026-08-28T12:54:55Z ERROR fuse3::raw::connection::fuse_over_uring] transport payload lease held 1056 ms (≥ 1 s) — overlong handler invocation or a §5.4 severance escape; watch transport_lease_overlong / transport_parked_commits
[2026-08-28T12:54:55Z ERROR fuse3::raw::connection::fuse_over_uring] transport payload lease held 1045 ms (≥ 1 s) — overlong handler invocation or a §5.4 severance escape; watch transport_lease_overlong / transport_parked_commits
[2026-08-28T12:54:55Z ERROR fuse3::raw::connection::fuse_over_uring] transport payload lease held 1092 ms (≥ 1 s) — overlong handler invocation or a §5.4 severance escape; watch transport_lease_overlong / transport_parked_commits
[2026-08-28T12:54:55Z ERROR fuse3::raw::connection::fuse_over_uring] transport payload lease held 1087 ms (≥ 1 s) — overlong handler invocation or a §5.4 severance escape; watch transport_lease_overlong / transport_parked_commits
[2026-08-28T12:54:55Z ERROR fuse3::raw::connection::fuse_over_uring] transport payload lease held 1082 ms (≥ 1 s) — overlong handler invocation or a §5.4 severance escape; watch transport_lease_overlong / transport_parked_commits
[2026-08-28T12:54:55Z ERROR fuse3::raw::connection::fuse_over_uring] transport payload lease held 1088 ms (≥ 1 s) — overlong handler invocation or a §5.4 severance escape; watch transport_lease_overlong / transport_parked_commits
[2026-08-28T12:54:57Z ERROR fuse3::raw::connection::fuse_over_uring] transport payload lease held 1049 ms (≥ 1 s) — overlong handler invocation or a §5.4 severance escape; watch transport_lease_overlong / transport_parked_commits
[2026-08-28T12:54:57Z ERROR fuse3::raw::connection::fuse_over_uring] transport payload lease held 1046 ms (≥ 1 s) — overlong handler invocation or a §5.4 severance escape; watch transport_lease_overlong / transport_parked_commits
[2026-08-28T12:54:57Z ERROR fuse3::raw::connection::fuse_over_uring] transport payload lease held 1046 ms (≥ 1 s) — overlong handler invocation or a §5.4 severance escape; watch transport_lease_overlong / transport_parked_commits
[2026-08-28T12:54:57Z ERROR fuse3::raw::connection::fuse_over_uring] transport payload lease held 1044 ms (≥ 1 s) — overlong handler invocation or a §5.4 severance escape; watch transport_lease_overlong / transport_parked_commits
[2026-08-28T12:55:07Z ERROR fuse3::raw::connection::fuse_over_uring] transport payload lease held 1100 ms (≥ 1 s) — overlong handler invocation or a §5.4 severance escape; watch transport_lease_overlong / transport_parked_commits
[2026-08-28T12:55:07Z ERROR fuse3::raw::connection::fuse_over_uring] transport payload lease held 1100 ms (≥ 1 s) — overlong handler invocation or a §5.4 severance escape; watch transport_lease_overlong / transport_parked_commits
[2026-08-28T12:55:07Z ERROR fuse3::raw::connection::fuse_over_uring] transport payload lease held 1101 ms (≥ 1 s) — overlong handler invocation or a §5.4 severance escape; watch transport_lease_overlong / transport_parked_commits
[2026-08-28T12:55:07Z ERROR fuse3::raw::connection::fuse_over_uring] transport payload lease held 1041 ms (≥ 1 s) — overlong handler invocation or a §5.4 severance escape; watch transport_lease_overlong / transport_parked_commits
[2026-08-28T12:55:08Z ERROR fuse3::raw::connection::fuse_over_uring] transport payload lease held 1054 ms (≥ 1 s) — overlong handler invocation or a §5.4 severance escape; watch transport_lease_overlong / transport_parked_commits
[2026-08-28T12:55:08Z ERROR fuse3::raw::connection::fuse_over_uring] transport payload lease held 1054 ms (≥ 1 s) — overlong handler invocation or a §5.4 severance escape; watch transport_lease_overlong / transport_parked_commits
[2026-08-28T12:55:08Z ERROR fuse3::raw::connection::fuse_over_uring] transport payload lease held 1212 ms (≥ 1 s) — overlong handler invocation or a §5.4 severance escape; watch transport_lease_overlong / transport_parked_commits
[2026-08-28T12:55:08Z ERROR fuse3::raw::connection::fuse_over_uring] transport payload lease held 1210 ms (≥ 1 s) — overlong handler invocation or a §5.4 severance escape; watch transport_lease_overlong / transport_parked_commits
[2026-08-28T12:55:08Z ERROR fuse3::raw::connection::fuse_over_uring] transport payload lease held 1210 ms (≥ 1 s) — overlong handler invocation or a §5.4 severance escape; watch transport_lease_overlong / transport_parked_commits
[2026-08-28T12:55:08Z ERROR fuse3::raw::connection::fuse_over_uring] transport payload lease held 1142 ms (≥ 1 s) — overlong handler invocation or a §5.4 severance escape; watch transport_lease_overlong / transport_parked_commits
[2026-08-28T12:55:08Z ERROR fuse3::raw::connection::fuse_over_uring] transport payload lease held 1141 ms (≥ 1 s) — overlong handler invocation or a §5.4 severance escape; watch transport_lease_overlong / transport_parked_commits
[2026-08-28T12:55:08Z ERROR fuse3::raw::connection::fuse_over_uring] transport payload lease held 1140 ms (≥ 1 s) — overlong handler invocation or a §5.4 severance escape; watch transport_lease_overlong / transport_parked_commits
[2026-08-28T12:55:08Z ERROR fuse3::raw::connection::fuse_over_uring] transport payload lease held 1140 ms (≥ 1 s) — overlong handler invocation or a §5.4 severance escape; watch transport_lease_overlong / transport_parked_commits
[2026-08-28T12:55:08Z ERROR fuse3::raw::connection::fuse_over_uring] transport payload lease held 1056 ms (≥ 1 s) — overlong handler invocation or a §5.4 severance escape; watch transport_lease_overlong / transport_parked_commits
[2026-08-28T12:55:08Z ERROR fuse3::raw::connection::fuse_over_uring] transport payload lease held 1009 ms (≥ 1 s) — overlong handler invocation or a §5.4 severance escape; watch transport_lease_overlong / transport_parked_commits
[2026-08-28T12:55:08Z ERROR fuse3::raw::connection::fuse_over_uring] transport payload lease held 1451 ms (≥ 1 s) — overlong handler invocation or a §5.4 severance escape; watch transport_lease_overlong / transport_parked_commits
[2026-08-28T12:55:08Z ERROR fuse3::raw::connection::fuse_over_uring] transport payload lease held 1451 ms (≥ 1 s) — overlong handler invocation or a §5.4 severance escape; watch transport_lease_overlong / transport_parked_commits
[2026-08-28T12:55:08Z ERROR fuse3::raw::connection::fuse_over_uring] transport payload lease held 1413 ms (≥ 1 s) — overlong handler invocation or a §5.4 severance escape; watch transport_lease_overlong / transport_parked_commits
[2026-08-28T12:55:08Z ERROR fuse3::raw::connection::fuse_over_uring] transport payload lease held 1411 ms (≥ 1 s) — overlong handler invocation or a §5.4 severance escape; watch transport_lease_overlong / transport_parked_commits
[2026-08-28T12:55:10Z ERROR fuse3::raw::connection::fuse_over_uring] transport payload lease held 1430 ms (≥ 1 s) — overlong handler invocation or a §5.4 severance escape; watch transport_lease_overlong / transport_parked_commits
[2026-08-28T12:55:10Z ERROR fuse3::raw::connection::fuse_over_uring] transport payload lease held 1454 ms (≥ 1 s) — overlong handler invocation or a §5.4 severance escape; watch transport_lease_overlong / transport_parked_commits
[2026-08-28T12:55:10Z ERROR fuse3::raw::connection::fuse_over_uring] transport payload lease held 1454 ms (≥ 1 s) — overlong handler invocation or a §5.4 severance escape; watch transport_lease_overlong / transport_parked_commits
[2026-08-28T12:55:10Z ERROR fuse3::raw::connection::fuse_over_uring] transport payload lease held 1464 ms (≥ 1 s) — overlong handler invocation or a §5.4 severance escape; watch transport_lease_overlong / transport_parked_commits
[2026-08-28T12:55:10Z ERROR fuse3::raw::connection::fuse_over_uring] transport payload lease held 1493 ms (≥ 1 s) — overlong handler invocation or a §5.4 severance escape; watch transport_lease_overlong / transport_parked_commits
[2026-08-28T12:55:10Z ERROR fuse3::raw::connection::fuse_over_uring] transport payload lease held 1493 ms (≥ 1 s) — overlong handler invocation or a §5.4 severance escape; watch transport_lease_overlong / transport_parked_commits
[2026-08-28T12:55:10Z ERROR fuse3::raw::connection::fuse_over_uring] transport payload lease held 1493 ms (≥ 1 s) — overlong handler invocation or a §5.4 severance escape; watch transport_lease_overlong / transport_parked_commits
[2026-08-28T12:55:10Z ERROR fuse3::raw::connection::fuse_over_uring] transport payload lease held 1443 ms (≥ 1 s) — overlong handler invocation or a §5.4 severance escape; watch transport_lease_overlong / transport_parked_commits
[2026-08-28T12:55:10Z ERROR fuse3::raw::connection::fuse_over_uring] transport payload lease held 1410 ms (≥ 1 s) — overlong handler invocation or a §5.4 severance escape; watch transport_lease_overlong / transport_parked_commits
[2026-08-28T12:55:10Z ERROR fuse3::raw::connection::fuse_over_uring] transport payload lease held 1409 ms (≥ 1 s) — overlong handler invocation or a §5.4 severance escape; watch transport_lease_overlong / transport_parked_commits
[2026-08-28T12:55:10Z ERROR fuse3::raw::connection::fuse_over_uring] transport payload lease held 1409 ms (≥ 1 s) — overlong handler invocation or a §5.4 severance escape; watch transport_lease_overlong / transport_parked_commits
[2026-08-28T12:55:10Z ERROR fuse3::raw::connection::fuse_over_uring] transport payload lease held 2016 ms (≥ 1 s) — overlong handler invocation or a §5.4 severance escape; watch transport_lease_overlong / transport_parked_commits
[2026-08-28T12:55:10Z ERROR fuse3::raw::connection::fuse_over_uring] transport payload lease held 2002 ms (≥ 1 s) — overlong handler invocation or a §5.4 severance escape; watch transport_lease_overlong / transport_parked_commits
[2026-08-28T12:55:10Z ERROR fuse3::raw::connection::fuse_over_uring] transport payload lease held 2002 ms (≥ 1 s) — overlong handler invocation or a §5.4 severance escape; watch transport_lease_overlong / transport_parked_commits
[2026-08-28T12:55:10Z ERROR fuse3::raw::connection::fuse_over_uring] transport payload lease held 2002 ms (≥ 1 s) — overlong handler invocation or a §5.4 severance escape; watch transport_lease_overlong / transport_parked_commits
[2026-08-28T12:55:10Z ERROR fuse3::raw::connection::fuse_over_uring] transport payload lease held 1900 ms (≥ 1 s) — overlong handler invocation or a §5.4 severance escape; watch transport_lease_overlong / transport_parked_commits
[2026-08-28T12:55:10Z ERROR fuse3::raw::connection::fuse_over_uring] transport payload lease held 1854 ms (≥ 1 s) — overlong handler invocation or a §5.4 severance escape; watch transport_lease_overlong / transport_parked_commits
[2026-08-28T12:55:10Z ERROR fuse3::raw::connection::fuse_over_uring] transport payload lease held 1900 ms (≥ 1 s) — overlong handler invocation or a §5.4 severance escape; watch transport_lease_overlong / transport_parked_commits
[2026-08-28T12:55:10Z ERROR fuse3::raw::connection::fuse_over_uring] transport payload lease held 1854 ms (≥ 1 s) — overlong handler invocation or a §5.4 severance escape; watch transport_lease_overlong / transport_parked_commits
[2026-08-28T12:55:10Z ERROR fuse3::raw::connection::fuse_over_uring] transport payload lease held 1751 ms (≥ 1 s) — overlong handler invocation or a §5.4 severance escape; watch transport_lease_overlong / transport_parked_commits
[2026-08-28T12:55:10Z ERROR fuse3::raw::connection::fuse_over_uring] transport payload lease held 1577 ms (≥ 1 s) — overlong handler invocation or a §5.4 severance escape; watch transport_lease_overlong / transport_parked_commits
[2026-08-28T12:55:10Z ERROR fuse3::raw::connection::fuse_over_uring] transport payload lease held 1577 ms (≥ 1 s) — overlong handler invocation or a §5.4 severance escape; watch transport_lease_overlong / transport_parked_commits
[2026-08-28T12:55:10Z ERROR fuse3::raw::connection::fuse_over_uring] transport payload lease held 1577 ms (≥ 1 s) — overlong handler invocation or a §5.4 severance escape; watch transport_lease_overlong / transport_parked_commits
[2026-08-28T12:55:11Z ERROR fuse3::raw::connection::fuse_over_uring] transport payload lease held 1426 ms (≥ 1 s) — overlong handler invocation or a §5.4 severance escape; watch transport_lease_overlong / transport_parked_commits
[2026-08-28T12:55:11Z ERROR fuse3::raw::connection::fuse_over_uring] transport payload lease held 1426 ms (≥ 1 s) — overlong handler invocation or a §5.4 severance escape; watch transport_lease_overlong / transport_parked_commits
[2026-08-28T12:55:11Z ERROR fuse3::raw::connection::fuse_over_uring] transport payload lease held 1426 ms (≥ 1 s) — overlong handler invocation or a §5.4 severance escape; watch transport_lease_overlong / transport_parked_commits
[2026-08-28T12:55:11Z ERROR fuse3::raw::connection::fuse_over_uring] transport payload lease held 1426 ms (≥ 1 s) — overlong handler invocation or a §5.4 severance escape; watch transport_lease_overlong / transport_parked_commits
[2026-08-28T12:55:11Z ERROR fuse3::raw::connection::fuse_over_uring] transport payload lease held 1431 ms (≥ 1 s) — overlong handler invocation or a §5.4 severance escape; watch transport_lease_overlong / transport_parked_commits
[2026-08-28T12:55:11Z ERROR fuse3::raw::connection::fuse_over_uring] transport payload lease held 1454 ms (≥ 1 s) — overlong handler invocation or a §5.4 severance escape; watch transport_lease_overlong / transport_parked_commits
[2026-08-28T12:55:11Z ERROR fuse3::raw::connection::fuse_over_uring] transport payload lease held 1454 ms (≥ 1 s) — overlong handler invocation or a §5.4 severance escape; watch transport_lease_overlong / transport_parked_commits
[2026-08-28T12:55:11Z ERROR fuse3::raw::connection::fuse_over_uring] transport payload lease held 1454 ms (≥ 1 s) — overlong handler invocation or a §5.4 severance escape; watch transport_lease_overlong / transport_parked_commits
[2026-08-28T12:55:11Z ERROR fuse3::raw::connection::fuse_over_uring] transport payload lease held 1325 ms (≥ 1 s) — overlong handler invocation or a §5.4 severance escape; watch transport_lease_overlong / transport_parked_commits
[2026-08-28T12:55:11Z ERROR fuse3::raw::connection::fuse_over_uring] transport payload lease held 1303 ms (≥ 1 s) — overlong handler invocation or a §5.4 severance escape; watch transport_lease_overlong / transport_parked_commits
[2026-08-28T12:55:11Z ERROR fuse3::raw::connection::fuse_over_uring] transport payload lease held 1302 ms (≥ 1 s) — overlong handler invocation or a §5.4 severance escape; watch transport_lease_overlong / transport_parked_commits
[2026-08-28T12:55:11Z ERROR fuse3::raw::connection::fuse_over_uring] transport payload lease held 1302 ms (≥ 1 s) — overlong handler invocation or a §5.4 severance escape; watch transport_lease_overlong / transport_parked_commits
[2026-08-28T12:55:11Z ERROR fuse3::raw::connection::fuse_over_uring] transport payload lease held 1302 ms (≥ 1 s) — overlong handler invocation or a §5.4 severance escape; watch transport_lease_overlong / transport_parked_commits
[2026-08-28T12:55:11Z ERROR fuse3::raw::connection::fuse_over_uring] transport payload lease held 1150 ms (≥ 1 s) — overlong handler invocation or a §5.4 severance escape; watch transport_lease_overlong / transport_parked_commits
[2026-08-28T12:55:11Z ERROR fuse3::raw::connection::fuse_over_uring] transport payload lease held 1146 ms (≥ 1 s) — overlong handler invocation or a §5.4 severance escape; watch transport_lease_overlong / transport_parked_commits
[2026-08-28T12:55:11Z ERROR fuse3::raw::connection::fuse_over_uring] transport payload lease held 1133 ms (≥ 1 s) — overlong handler invocation or a §5.4 severance escape; watch transport_lease_overlong / transport_parked_commits
[2026-08-28T12:55:11Z ERROR fuse3::raw::connection::fuse_over_uring] transport payload lease held 1113 ms (≥ 1 s) — overlong handler invocation or a §5.4 severance escape; watch transport_lease_overlong / transport_parked_commits
[2026-08-28T12:55:11Z ERROR fuse3::raw::connection::fuse_over_uring] transport payload lease held 1778 ms (≥ 1 s) — overlong handler invocation or a §5.4 severance escape; watch transport_lease_overlong / transport_parked_commits
[2026-08-28T12:55:11Z ERROR fuse3::raw::connection::fuse_over_uring] transport payload lease held 1740 ms (≥ 1 s) — overlong handler invocation or a §5.4 severance escape; watch transport_lease_overlong / transport_parked_commits
[2026-08-28T12:55:11Z ERROR fuse3::raw::connection::fuse_over_uring] transport payload lease held 1741 ms (≥ 1 s) — overlong handler invocation or a §5.4 severance escape; watch transport_lease_overlong / transport_parked_commits
[2026-08-28T12:55:11Z ERROR fuse3::raw::connection::fuse_over_uring] transport payload lease held 1741 ms (≥ 1 s) — overlong handler invocation or a §5.4 severance escape; watch transport_lease_overlong / transport_parked_commits
[2026-08-28T12:55:15Z ERROR fuse3::raw::connection::fuse_over_uring] transport payload lease held 1244 ms (≥ 1 s) — overlong handler invocation or a §5.4 severance escape; watch transport_lease_overlong / transport_parked_commits
[2026-08-28T12:55:15Z ERROR fuse3::raw::connection::fuse_over_uring] transport payload lease held 1244 ms (≥ 1 s) — overlong handler invocation or a §5.4 severance escape; watch transport_lease_overlong / transport_parked_commits
[2026-08-28T12:55:15Z ERROR fuse3::raw::connection::fuse_over_uring] transport payload lease held 1244 ms (≥ 1 s) — overlong handler invocation or a §5.4 severance escape; watch transport_lease_overlong / transport_parked_commits
[2026-08-28T12:55:15Z ERROR fuse3::raw::connection::fuse_over_uring] transport payload lease held 1244 ms (≥ 1 s) — overlong handler invocation or a §5.4 severance escape; watch transport_lease_overlong / transport_parked_commits
[2026-08-28T12:55:15Z ERROR fuse3::raw::connection::fuse_over_uring] transport payload lease held 1008 ms (≥ 1 s) — overlong handler invocation or a §5.4 severance escape; watch transport_lease_overlong / transport_parked_commits
[2026-08-28T12:55:15Z ERROR fuse3::raw::connection::fuse_over_uring] transport payload lease held 1121 ms (≥ 1 s) — overlong handler invocation or a §5.4 severance escape; watch transport_lease_overlong / transport_parked_commits
[2026-08-28T12:55:15Z ERROR fuse3::raw::connection::fuse_over_uring] transport payload lease held 1121 ms (≥ 1 s) — overlong handler invocation or a §5.4 severance escape; watch transport_lease_overlong / transport_parked_commits
[2026-08-28T12:55:15Z ERROR fuse3::raw::connection::fuse_over_uring] transport payload lease held 1121 ms (≥ 1 s) — overlong handler invocation or a §5.4 severance escape; watch transport_lease_overlong / transport_parked_commits
[2026-08-28T12:55:15Z ERROR fuse3::raw::connection::fuse_over_uring] transport payload lease held 1121 ms (≥ 1 s) — overlong handler invocation or a §5.4 severance escape; watch transport_lease_overlong / transport_parked_commits
[2026-08-28T12:55:15Z ERROR fuse3::raw::connection::fuse_over_uring] transport payload lease held 1062 ms (≥ 1 s) — overlong handler invocation or a §5.4 severance escape; watch transport_lease_overlong / transport_parked_commits
[2026-08-28T12:55:15Z ERROR fuse3::raw::connection::fuse_over_uring] transport payload lease held 1052 ms (≥ 1 s) — overlong handler invocation or a §5.4 severance escape; watch transport_lease_overlong / transport_parked_commits
[2026-08-28T12:55:15Z ERROR fuse3::raw::connection::fuse_over_uring] transport payload lease held 1003 ms (≥ 1 s) — overlong handler invocation or a §5.4 severance escape; watch transport_lease_overlong / transport_parked_commits
[2026-08-28T12:55:15Z ERROR fuse3::raw::connection::fuse_over_uring] transport payload lease held 1079 ms (≥ 1 s) — overlong handler invocation or a §5.4 severance escape; watch transport_lease_overlong / transport_parked_commits
[2026-08-28T12:55:15Z ERROR fuse3::raw::connection::fuse_over_uring] transport payload lease held 1088 ms (≥ 1 s) — overlong handler invocation or a §5.4 severance escape; watch transport_lease_overlong / transport_parked_commits
[2026-08-28T12:55:16Z ERROR fuse3::raw::connection::fuse_over_uring] transport payload lease held 1087 ms (≥ 1 s) — overlong handler invocation or a §5.4 severance escape; watch transport_lease_overlong / transport_parked_commits
[2026-08-28T12:55:16Z WARN  squeezefs::block_allocator] co-writer: abandoning never-published block offset(s) leak-safe (volume 'nvme6n1', first offset 92832530432): the publish that would have named them failed or refused, and a co-writer may not mutate ownership accounting — the next derivation (mount recovery / fsck C6) returns them to the free supply (cowriter_unpublished_abandons; further offsets at debug level)
[2026-08-28T12:55:16Z ERROR fuse3::raw::connection::fuse_over_uring] transport payload lease held 1058 ms (≥ 1 s) — overlong handler invocation or a §5.4 severance escape; watch transport_lease_overlong / transport_parked_commits
[2026-08-28T12:55:16Z ERROR fuse3::raw::connection::fuse_over_uring] transport payload lease held 1059 ms (≥ 1 s) — overlong handler invocation or a §5.4 severance escape; watch transport_lease_overlong / transport_parked_commits
[2026-08-28T12:55:16Z ERROR fuse3::raw::connection::fuse_over_uring] transport payload lease held 1059 ms (≥ 1 s) — overlong handler invocation or a §5.4 severance escape; watch transport_lease_overlong / transport_parked_commits
[2026-08-28T12:55:16Z ERROR fuse3::raw::connection::fuse_over_uring] transport payload lease held 1059 ms (≥ 1 s) — overlong handler invocation or a §5.4 severance escape; watch transport_lease_overlong / transport_parked_commits
[2026-08-28T12:55:16Z ERROR fuse3::raw::connection::fuse_over_uring] transport payload lease held 1358 ms (≥ 1 s) — overlong handler invocation or a §5.4 severance escape; watch transport_lease_overlong / transport_parked_commits
[2026-08-28T12:55:16Z ERROR fuse3::raw::connection::fuse_over_uring] transport payload lease held 1356 ms (≥ 1 s) — overlong handler invocation or a §5.4 severance escape; watch transport_lease_overlong / transport_parked_commits
[2026-08-28T12:55:16Z ERROR fuse3::raw::connection::fuse_over_uring] transport payload lease held 1356 ms (≥ 1 s) — overlong handler invocation or a §5.4 severance escape; watch transport_lease_overlong / transport_parked_commits
[2026-08-28T12:55:16Z ERROR fuse3::raw::connection::fuse_over_uring] transport payload lease held 1372 ms (≥ 1 s) — overlong handler invocation or a §5.4 severance escape; watch transport_lease_overlong / transport_parked_commits
[2026-08-28T12:55:16Z ERROR fuse3::raw::connection::fuse_over_uring] transport payload lease held 1372 ms (≥ 1 s) — overlong handler invocation or a §5.4 severance escape; watch transport_lease_overlong / transport_parked_commits
[2026-08-28T12:55:16Z ERROR fuse3::raw::connection::fuse_over_uring] transport payload lease held 1372 ms (≥ 1 s) — overlong handler invocation or a §5.4 severance escape; watch transport_lease_overlong / transport_parked_commits
[2026-08-28T12:55:16Z ERROR fuse3::raw::connection::fuse_over_uring] transport payload lease held 1372 ms (≥ 1 s) — overlong handler invocation or a §5.4 severance escape; watch transport_lease_overlong / transport_parked_commits
[2026-08-28T12:55:22Z ERROR fuse3::raw::connection::fuse_over_uring] transport payload lease held 1278 ms (≥ 1 s) — overlong handler invocation or a §5.4 severance escape; watch transport_lease_overlong / transport_parked_commits
[2026-08-28T12:55:22Z ERROR fuse3::raw::connection::fuse_over_uring] transport payload lease held 1278 ms (≥ 1 s) — overlong handler invocation or a §5.4 severance escape; watch transport_lease_overlong / transport_parked_commits
[2026-08-28T12:55:22Z ERROR fuse3::raw::connection::fuse_over_uring] transport payload lease held 1278 ms (≥ 1 s) — overlong handler invocation or a §5.4 severance escape; watch transport_lease_overlong / transport_parked_commits
[2026-08-28T12:55:22Z ERROR fuse3::raw::connection::fuse_over_uring] transport payload lease held 1347 ms (≥ 1 s) — overlong handler invocation or a §5.4 severance escape; watch transport_lease_overlong / transport_parked_commits
[2026-08-28T12:55:22Z ERROR fuse3::raw::connection::fuse_over_uring] transport payload lease held 1334 ms (≥ 1 s) — overlong handler invocation or a §5.4 severance escape; watch transport_lease_overlong / transport_parked_commits
[2026-08-28T12:55:22Z ERROR fuse3::raw::connection::fuse_over_uring] transport payload lease held 1312 ms (≥ 1 s) — overlong handler invocation or a §5.4 severance escape; watch transport_lease_overlong / transport_parked_commits
[2026-08-28T12:55:22Z ERROR fuse3::raw::connection::fuse_over_uring] transport payload lease held 1305 ms (≥ 1 s) — overlong handler invocation or a §5.4 severance escape; watch transport_lease_overlong / transport_parked_commits
[2026-08-28T12:55:22Z ERROR fuse3::raw::connection::fuse_over_uring] transport payload lease held 1295 ms (≥ 1 s) — overlong handler invocation or a §5.4 severance escape; watch transport_lease_overlong / transport_parked_commits
[2026-08-28T12:55:22Z WARN  squeezefs::block_allocator] co-writer: abandoning never-published block offset(s) leak-safe (volume 'nvme4n1', first offset 100147396608): the publish that would have named them failed or refused, and a co-writer may not mutate ownership accounting — the next derivation (mount recovery / fsck C6) returns them to the free supply (cowriter_unpublished_abandons; further offsets at debug level)
[2026-08-28T12:55:22Z ERROR fuse3::raw::connection::fuse_over_uring] transport payload lease held 1922 ms (≥ 1 s) — overlong handler invocation or a §5.4 severance escape; watch transport_lease_overlong / transport_parked_commits
[2026-08-28T12:55:22Z ERROR fuse3::raw::connection::fuse_over_uring] transport payload lease held 1923 ms (≥ 1 s) — overlong handler invocation or a §5.4 severance escape; watch transport_lease_overlong / transport_parked_commits
[2026-08-28T12:55:22Z ERROR fuse3::raw::connection::fuse_over_uring] transport payload lease held 1923 ms (≥ 1 s) — overlong handler invocation or a §5.4 severance escape; watch transport_lease_overlong / transport_parked_commits
[2026-08-28T12:55:22Z ERROR fuse3::raw::connection::fuse_over_uring] transport payload lease held 1892 ms (≥ 1 s) — overlong handler invocation or a §5.4 severance escape; watch transport_lease_overlong / transport_parked_commits
[2026-08-28T12:55:23Z ERROR fuse3::raw::connection::fuse_over_uring] transport payload lease held 1794 ms (≥ 1 s) — overlong handler invocation or a §5.4 severance escape; watch transport_lease_overlong / transport_parked_commits
[2026-08-28T12:55:23Z ERROR fuse3::raw::connection::fuse_over_uring] transport payload lease held 1794 ms (≥ 1 s) — overlong handler invocation or a §5.4 severance escape; watch transport_lease_overlong / transport_parked_commits
[2026-08-28T12:55:23Z ERROR fuse3::raw::connection::fuse_over_uring] transport payload lease held 1790 ms (≥ 1 s) — overlong handler invocation or a §5.4 severance escape; watch transport_lease_overlong / transport_parked_commits
[2026-08-28T12:55:23Z ERROR fuse3::raw::connection::fuse_over_uring] transport payload lease held 1790 ms (≥ 1 s) — overlong handler invocation or a §5.4 severance escape; watch transport_lease_overlong / transport_parked_commits
[2026-08-28T12:55:27Z ERROR fuse3::raw::connection::fuse_over_uring] transport payload lease held 1226 ms (≥ 1 s) — overlong handler invocation or a §5.4 severance escape; watch transport_lease_overlong / transport_parked_commits
[2026-08-28T12:55:27Z ERROR fuse3::raw::connection::fuse_over_uring] transport payload lease held 1226 ms (≥ 1 s) — overlong handler invocation or a §5.4 severance escape; watch transport_lease_overlong / transport_parked_commits
[2026-08-28T12:55:27Z ERROR fuse3::raw::connection::fuse_over_uring] transport payload lease held 1220 ms (≥ 1 s) — overlong handler invocation or a §5.4 severance escape; watch transport_lease_overlong / transport_parked_commits
[2026-08-28T12:55:27Z ERROR fuse3::raw::connection::fuse_over_uring] transport payload lease held 1121 ms (≥ 1 s) — overlong handler invocation or a §5.4 severance escape; watch transport_lease_overlong / transport_parked_commits
[2026-08-28T12:55:27Z ERROR fuse3::raw::connection::fuse_over_uring] transport payload lease held 1126 ms (≥ 1 s) — overlong handler invocation or a §5.4 severance escape; watch transport_lease_overlong / transport_parked_commits
[2026-08-28T12:55:27Z ERROR fuse3::raw::connection::fuse_over_uring] transport payload lease held 1012 ms (≥ 1 s) — overlong handler invocation or a §5.4 severance escape; watch transport_lease_overlong / transport_parked_commits
[2026-08-28T12:55:27Z ERROR fuse3::raw::connection::fuse_over_uring] transport payload lease held 1024 ms (≥ 1 s) — overlong handler invocation or a §5.4 severance escape; watch transport_lease_overlong / transport_parked_commits
[2026-08-28T12:55:27Z ERROR fuse3::raw::connection::fuse_over_uring] transport payload lease held 1024 ms (≥ 1 s) — overlong handler invocation or a §5.4 severance escape; watch transport_lease_overlong / transport_parked_commits
[2026-08-28T12:55:27Z ERROR fuse3::raw::connection::fuse_over_uring] transport payload lease held 1058 ms (≥ 1 s) — overlong handler invocation or a §5.4 severance escape; watch transport_lease_overlong / transport_parked_commits
[2026-08-28T12:55:27Z ERROR fuse3::raw::connection::fuse_over_uring] transport payload lease held 1058 ms (≥ 1 s) — overlong handler invocation or a §5.4 severance escape; watch transport_lease_overlong / transport_parked_commits
[2026-08-28T12:55:27Z ERROR fuse3::raw::connection::fuse_over_uring] transport payload lease held 1058 ms (≥ 1 s) — overlong handler invocation or a §5.4 severance escape; watch transport_lease_overlong / transport_parked_commits
[2026-08-28T12:55:27Z ERROR fuse3::raw::connection::fuse_over_uring] transport payload lease held 1068 ms (≥ 1 s) — overlong handler invocation or a §5.4 severance escape; watch transport_lease_overlong / transport_parked_commits
[2026-08-28T12:55:27Z ERROR fuse3::raw::connection::fuse_over_uring] transport payload lease held 1082 ms (≥ 1 s) — overlong handler invocation or a §5.4 severance escape; watch transport_lease_overlong / transport_parked_commits
[2026-08-28T12:55:27Z ERROR fuse3::raw::connection::fuse_over_uring] transport payload lease held 1119 ms (≥ 1 s) — overlong handler invocation or a §5.4 severance escape; watch transport_lease_overlong / transport_parked_commits
[2026-08-28T12:55:27Z ERROR fuse3::raw::connection::fuse_over_uring] transport payload lease held 1119 ms (≥ 1 s) — overlong handler invocation or a §5.4 severance escape; watch transport_lease_overlong / transport_parked_commits
[2026-08-28T12:55:27Z ERROR fuse3::raw::connection::fuse_over_uring] transport payload lease held 1319 ms (≥ 1 s) — overlong handler invocation or a §5.4 severance escape; watch transport_lease_overlong / transport_parked_commits
[2026-08-28T12:55:27Z ERROR fuse3::raw::connection::fuse_over_uring] transport payload lease held 1317 ms (≥ 1 s) — overlong handler invocation or a §5.4 severance escape; watch transport_lease_overlong / transport_parked_commits
[2026-08-28T12:55:27Z ERROR fuse3::raw::connection::fuse_over_uring] transport payload lease held 1201 ms (≥ 1 s) — overlong handler invocation or a §5.4 severance escape; watch transport_lease_overlong / transport_parked_commits
[2026-08-28T12:55:27Z ERROR fuse3::raw::connection::fuse_over_uring] transport payload lease held 1201 ms (≥ 1 s) — overlong handler invocation or a §5.4 severance escape; watch transport_lease_overlong / transport_parked_commits
[2026-08-28T12:55:27Z ERROR fuse3::raw::connection::fuse_over_uring] transport payload lease held 1200 ms (≥ 1 s) — overlong handler invocation or a §5.4 severance escape; watch transport_lease_overlong / transport_parked_commits
[2026-08-28T12:55:27Z ERROR fuse3::raw::connection::fuse_over_uring] transport payload lease held 1227 ms (≥ 1 s) — overlong handler invocation or a §5.4 severance escape; watch transport_lease_overlong / transport_parked_commits
[2026-08-28T12:55:27Z ERROR fuse3::raw::connection::fuse_over_uring] transport payload lease held 1227 ms (≥ 1 s) — overlong handler invocation or a §5.4 severance escape; watch transport_lease_overlong / transport_parked_commits
[2026-08-28T12:55:27Z ERROR fuse3::raw::connection::fuse_over_uring] transport payload lease held 1238 ms (≥ 1 s) — overlong handler invocation or a §5.4 severance escape; watch transport_lease_overlong / transport_parked_commits
[2026-08-28T12:55:27Z ERROR fuse3::raw::connection::fuse_over_uring] transport payload lease held 1238 ms (≥ 1 s) — overlong handler invocation or a §5.4 severance escape; watch transport_lease_overlong / transport_parked_commits
[2026-08-28T12:55:27Z ERROR fuse3::raw::connection::fuse_over_uring] transport payload lease held 1231 ms (≥ 1 s) — overlong handler invocation or a §5.4 severance escape; watch transport_lease_overlong / transport_parked_commits
[2026-08-28T12:55:27Z ERROR fuse3::raw::connection::fuse_over_uring] transport payload lease held 1231 ms (≥ 1 s) — overlong handler invocation or a §5.4 severance escape; watch transport_lease_overlong / transport_parked_commits
[2026-08-28T12:55:27Z ERROR fuse3::raw::connection::fuse_over_uring] transport payload lease held 1231 ms (≥ 1 s) — overlong handler invocation or a §5.4 severance escape; watch transport_lease_overlong / transport_parked_commits
[2026-08-28T12:55:27Z ERROR fuse3::raw::connection::fuse_over_uring] transport payload lease held 1235 ms (≥ 1 s) — overlong handler invocation or a §5.4 severance escape; watch transport_lease_overlong / transport_parked_commits
[2026-08-28T12:55:27Z ERROR fuse3::raw::connection::fuse_over_uring] transport payload lease held 1235 ms (≥ 1 s) — overlong handler invocation or a §5.4 severance escape; watch transport_lease_overlong / transport_parked_commits
[2026-08-28T12:55:27Z ERROR fuse3::raw::connection::fuse_over_uring] transport payload lease held 1236 ms (≥ 1 s) — overlong handler invocation or a §5.4 severance escape; watch transport_lease_overlong / transport_parked_commits
[2026-08-28T12:55:27Z ERROR fuse3::raw::connection::fuse_over_uring] transport payload lease held 1236 ms (≥ 1 s) — overlong handler invocation or a §5.4 severance escape; watch transport_lease_overlong / transport_parked_commits
[2026-08-28T12:55:27Z ERROR fuse3::raw::connection::fuse_over_uring] transport payload lease held 1263 ms (≥ 1 s) — overlong handler invocation or a §5.4 severance escape; watch transport_lease_overlong / transport_parked_commits
[2026-08-28T12:55:27Z ERROR fuse3::raw::connection::fuse_over_uring] transport payload lease held 1263 ms (≥ 1 s) — overlong handler invocation or a §5.4 severance escape; watch transport_lease_overlong / transport_parked_commits
[2026-08-28T12:55:27Z ERROR fuse3::raw::connection::fuse_over_uring] transport payload lease held 1263 ms (≥ 1 s) — overlong handler invocation or a §5.4 severance escape; watch transport_lease_overlong / transport_parked_commits
[2026-08-28T12:55:27Z ERROR fuse3::raw::connection::fuse_over_uring] transport payload lease held 1532 ms (≥ 1 s) — overlong handler invocation or a §5.4 severance escape; watch transport_lease_overlong / transport_parked_commits
[2026-08-28T12:55:27Z ERROR fuse3::raw::connection::fuse_over_uring] transport payload lease held 1533 ms (≥ 1 s) — overlong handler invocation or a §5.4 severance escape; watch transport_lease_overlong / transport_parked_commits
[2026-08-28T12:55:27Z ERROR fuse3::raw::connection::fuse_over_uring] transport payload lease held 1532 ms (≥ 1 s) — overlong handler invocation or a §5.4 severance escape; watch transport_lease_overlong / transport_parked_commits
[2026-08-28T12:55:27Z ERROR fuse3::raw::connection::fuse_over_uring] transport payload lease held 1532 ms (≥ 1 s) — overlong handler invocation or a §5.4 severance escape; watch transport_lease_overlong / transport_parked_commits
[2026-08-28T12:55:28Z ERROR fuse3::raw::connection::fuse_over_uring] transport payload lease held 1685 ms (≥ 1 s) — overlong handler invocation or a §5.4 severance escape; watch transport_lease_overlong / transport_parked_commits
[2026-08-28T12:55:28Z ERROR fuse3::raw::connection::fuse_over_uring] transport payload lease held 1685 ms (≥ 1 s) — overlong handler invocation or a §5.4 severance escape; watch transport_lease_overlong / transport_parked_commits
[2026-08-28T12:55:28Z ERROR fuse3::raw::connection::fuse_over_uring] transport payload lease held 1684 ms (≥ 1 s) — overlong handler invocation or a §5.4 severance escape; watch transport_lease_overlong / transport_parked_commits
[2026-08-28T12:55:28Z ERROR fuse3::raw::connection::fuse_over_uring] transport payload lease held 1684 ms (≥ 1 s) — overlong handler invocation or a §5.4 severance escape; watch transport_lease_overlong / transport_parked_commits
[2026-08-28T12:55:28Z ERROR fuse3::raw::connection::fuse_over_uring] transport payload lease held 1914 ms (≥ 1 s) — overlong handler invocation or a §5.4 severance escape; watch transport_lease_overlong / transport_parked_commits
[2026-08-28T12:55:28Z ERROR fuse3::raw::connection::fuse_over_uring] transport payload lease held 1909 ms (≥ 1 s) — overlong handler invocation or a §5.4 severance escape; watch transport_lease_overlong / transport_parked_commits
[2026-08-28T12:55:28Z ERROR fuse3::raw::connection::fuse_over_uring] transport payload lease held 1909 ms (≥ 1 s) — overlong handler invocation or a §5.4 severance escape; watch transport_lease_overlong / transport_parked_commits
[2026-08-28T12:55:28Z ERROR fuse3::raw::connection::fuse_over_uring] transport payload lease held 1909 ms (≥ 1 s) — overlong handler invocation or a §5.4 severance escape; watch transport_lease_overlong / transport_parked_commits
[2026-08-28T12:55:28Z ERROR fuse3::raw::connection::fuse_over_uring] transport payload lease held 2218 ms (≥ 1 s) — overlong handler invocation or a §5.4 severance escape; watch transport_lease_overlong / transport_parked_commits
[2026-08-28T12:55:28Z ERROR fuse3::raw::connection::fuse_over_uring] transport payload lease held 2217 ms (≥ 1 s) — overlong handler invocation or a §5.4 severance escape; watch transport_lease_overlong / transport_parked_commits
[2026-08-28T12:55:28Z ERROR fuse3::raw::connection::fuse_over_uring] transport payload lease held 2217 ms (≥ 1 s) — overlong handler invocation or a §5.4 severance escape; watch transport_lease_overlong / transport_parked_commits
[2026-08-28T12:55:28Z ERROR fuse3::raw::connection::fuse_over_uring] transport payload lease held 2212 ms (≥ 1 s) — overlong handler invocation or a §5.4 severance escape; watch transport_lease_overlong / transport_parked_commits
[2026-08-28T12:55:28Z ERROR fuse3::raw::connection::fuse_over_uring] transport payload lease held 2114 ms (≥ 1 s) — overlong handler invocation or a §5.4 severance escape; watch transport_lease_overlong / transport_parked_commits
[2026-08-28T12:55:28Z ERROR fuse3::raw::connection::fuse_over_uring] transport payload lease held 2107 ms (≥ 1 s) — overlong handler invocation or a §5.4 severance escape; watch transport_lease_overlong / transport_parked_commits
[2026-08-28T12:55:28Z ERROR fuse3::raw::connection::fuse_over_uring] transport payload lease held 2107 ms (≥ 1 s) — overlong handler invocation or a §5.4 severance escape; watch transport_lease_overlong / transport_parked_commits
[2026-08-28T12:55:28Z ERROR fuse3::raw::connection::fuse_over_uring] transport payload lease held 2107 ms (≥ 1 s) — overlong handler invocation or a §5.4 severance escape; watch transport_lease_overlong / transport_parked_commits
[2026-08-28T12:55:28Z WARN  squeezefs::block_allocator] co-writer: abandoning never-published block offset(s) leak-safe (volume 'nvme4n1', first offset 104710799360): the publish that would have named them failed or refused, and a co-writer may not mutate ownership accounting — the next derivation (mount recovery / fsck C6) returns them to the free supply (cowriter_unpublished_abandons; further offsets at debug level)
[2026-08-28T12:55:28Z ERROR fuse3::raw::connection::fuse_over_uring] transport payload lease held 2219 ms (≥ 1 s) — overlong handler invocation or a §5.4 severance escape; watch transport_lease_overlong / transport_parked_commits
[2026-08-28T12:55:28Z ERROR fuse3::raw::connection::fuse_over_uring] transport payload lease held 2219 ms (≥ 1 s) — overlong handler invocation or a §5.4 severance escape; watch transport_lease_overlong / transport_parked_commits
[2026-08-28T12:55:28Z ERROR fuse3::raw::connection::fuse_over_uring] transport payload lease held 2219 ms (≥ 1 s) — overlong handler invocation or a §5.4 severance escape; watch transport_lease_overlong / transport_parked_commits
[2026-08-28T12:55:28Z ERROR fuse3::raw::connection::fuse_over_uring] transport payload lease held 2216 ms (≥ 1 s) — overlong handler invocation or a §5.4 severance escape; watch transport_lease_overlong / transport_parked_commits
[2026-08-28T12:55:28Z ERROR fuse3::raw::connection::fuse_over_uring] transport payload lease held 2679 ms (≥ 1 s) — overlong handler invocation or a §5.4 severance escape; watch transport_lease_overlong / transport_parked_commits
[2026-08-28T12:55:28Z ERROR fuse3::raw::connection::fuse_over_uring] transport payload lease held 2678 ms (≥ 1 s) — overlong handler invocation or a §5.4 severance escape; watch transport_lease_overlong / transport_parked_commits
[2026-08-28T12:55:28Z ERROR fuse3::raw::connection::fuse_over_uring] transport payload lease held 2678 ms (≥ 1 s) — overlong handler invocation or a §5.4 severance escape; watch transport_lease_overlong / transport_parked_commits
[2026-08-28T12:55:29Z ERROR fuse3::raw::connection::fuse_over_uring] transport payload lease held 2575 ms (≥ 1 s) — overlong handler invocation or a §5.4 severance escape; watch transport_lease_overlong / transport_parked_commits
[2026-08-28T12:55:29Z ERROR fuse3::raw::connection::fuse_over_uring] transport payload lease held 2575 ms (≥ 1 s) — overlong handler invocation or a §5.4 severance escape; watch transport_lease_overlong / transport_parked_commits
[2026-08-28T12:55:29Z ERROR fuse3::raw::connection::fuse_over_uring] transport payload lease held 2575 ms (≥ 1 s) — overlong handler invocation or a §5.4 severance escape; watch transport_lease_overlong / transport_parked_commits
[2026-08-28T12:55:29Z ERROR fuse3::raw::connection::fuse_over_uring] transport payload lease held 2573 ms (≥ 1 s) — overlong handler invocation or a §5.4 severance escape; watch transport_lease_overlong / transport_parked_commits
[2026-08-28T12:55:29Z ERROR fuse3::raw::connection::fuse_over_uring] transport payload lease held 2476 ms (≥ 1 s) — overlong handler invocation or a §5.4 severance escape; watch transport_lease_overlong / transport_parked_commits
[2026-08-28T12:55:29Z ERROR fuse3::raw::connection::fuse_over_uring] transport payload lease held 2477 ms (≥ 1 s) — overlong handler invocation or a §5.4 severance escape; watch transport_lease_overlong / transport_parked_commits
[2026-08-28T12:55:29Z ERROR fuse3::raw::connection::fuse_over_uring] transport payload lease held 2477 ms (≥ 1 s) — overlong handler invocation or a §5.4 severance escape; watch transport_lease_overlong / transport_parked_commits
[2026-08-28T12:55:29Z ERROR fuse3::raw::connection::fuse_over_uring] transport payload lease held 2477 ms (≥ 1 s) — overlong handler invocation or a §5.4 severance escape; watch transport_lease_overlong / transport_parked_commits
[2026-08-28T12:55:36Z ERROR fuse3::raw::connection::fuse_over_uring] transport payload lease held 1064 ms (≥ 1 s) — overlong handler invocation or a §5.4 severance escape; watch transport_lease_overlong / transport_parked_commits
[2026-08-28T12:55:36Z ERROR fuse3::raw::connection::fuse_over_uring] transport payload lease held 1052 ms (≥ 1 s) — overlong handler invocation or a §5.4 severance escape; watch transport_lease_overlong / transport_parked_commits
[2026-08-28T12:55:36Z ERROR fuse3::raw::connection::fuse_over_uring] transport payload lease held 1055 ms (≥ 1 s) — overlong handler invocation or a §5.4 severance escape; watch transport_lease_overlong / transport_parked_commits
[2026-08-28T12:55:36Z ERROR fuse3::raw::connection::fuse_over_uring] transport payload lease held 1052 ms (≥ 1 s) — overlong handler invocation or a §5.4 severance escape; watch transport_lease_overlong / transport_parked_commits
[2026-08-28T12:55:36Z ERROR fuse3::raw::connection::fuse_over_uring] transport payload lease held 1009 ms (≥ 1 s) — overlong handler invocation or a §5.4 severance escape; watch transport_lease_overlong / transport_parked_commits
[2026-08-28T12:55:36Z ERROR fuse3::raw::connection::fuse_over_uring] transport payload lease held 1009 ms (≥ 1 s) — overlong handler invocation or a §5.4 severance escape; watch transport_lease_overlong / transport_parked_commits
[2026-08-28T12:55:37Z ERROR fuse3::raw::connection::fuse_over_uring] transport payload lease held 1082 ms (≥ 1 s) — overlong handler invocation or a §5.4 severance escape; watch transport_lease_overlong / transport_parked_commits
[2026-08-28T12:55:37Z ERROR fuse3::raw::connection::fuse_over_uring] transport payload lease held 1081 ms (≥ 1 s) — overlong handler invocation or a §5.4 severance escape; watch transport_lease_overlong / transport_parked_commits
[2026-08-28T12:55:37Z ERROR fuse3::raw::connection::fuse_over_uring] transport payload lease held 1081 ms (≥ 1 s) — overlong handler invocation or a §5.4 severance escape; watch transport_lease_overlong / transport_parked_commits
[2026-08-28T12:55:37Z ERROR fuse3::raw::connection::fuse_over_uring] transport payload lease held 1082 ms (≥ 1 s) — overlong handler invocation or a §5.4 severance escape; watch transport_lease_overlong / transport_parked_commits
[2026-08-28T12:55:38Z ERROR fuse3::raw::connection::fuse_over_uring] transport payload lease held 1017 ms (≥ 1 s) — overlong handler invocation or a §5.4 severance escape; watch transport_lease_overlong / transport_parked_commits
[2026-08-28T12:55:38Z ERROR fuse3::raw::connection::fuse_over_uring] transport payload lease held 1017 ms (≥ 1 s) — overlong handler invocation or a §5.4 severance escape; watch transport_lease_overlong / transport_parked_commits
[2026-08-28T12:55:38Z ERROR fuse3::raw::connection::fuse_over_uring] transport payload lease held 1012 ms (≥ 1 s) — overlong handler invocation or a §5.4 severance escape; watch transport_lease_overlong / transport_parked_commits
[2026-08-28T12:55:38Z ERROR fuse3::raw::connection::fuse_over_uring] transport payload lease held 1011 ms (≥ 1 s) — overlong handler invocation or a §5.4 severance escape; watch transport_lease_overlong / transport_parked_commits
[2026-08-28T12:55:39Z ERROR fuse3::raw::connection::fuse_over_uring] transport payload lease held 1214 ms (≥ 1 s) — overlong handler invocation or a §5.4 severance escape; watch transport_lease_overlong / transport_parked_commits
[2026-08-28T12:55:39Z ERROR fuse3::raw::connection::fuse_over_uring] transport payload lease held 1214 ms (≥ 1 s) — overlong handler invocation or a §5.4 severance escape; watch transport_lease_overlong / transport_parked_commits
[2026-08-28T12:55:39Z ERROR fuse3::raw::connection::fuse_over_uring] transport payload lease held 1214 ms (≥ 1 s) — overlong handler invocation or a §5.4 severance escape; watch transport_lease_overlong / transport_parked_commits
[2026-08-28T12:55:39Z ERROR fuse3::raw::connection::fuse_over_uring] transport payload lease held 1214 ms (≥ 1 s) — overlong handler invocation or a §5.4 severance escape; watch transport_lease_overlong / transport_parked_commits
[2026-08-28T12:55:39Z ERROR fuse3::raw::connection::fuse_over_uring] transport payload lease held 1225 ms (≥ 1 s) — overlong handler invocation or a §5.4 severance escape; watch transport_lease_overlong / transport_parked_commits
[2026-08-28T12:55:39Z ERROR fuse3::raw::connection::fuse_over_uring] transport payload lease held 1225 ms (≥ 1 s) — overlong handler invocation or a §5.4 severance escape; watch transport_lease_overlong / transport_parked_commits
[2026-08-28T12:55:39Z ERROR fuse3::raw::connection::fuse_over_uring] transport payload lease held 1223 ms (≥ 1 s) — overlong handler invocation or a §5.4 severance escape; watch transport_lease_overlong / transport_parked_commits
[2026-08-28T12:55:39Z ERROR fuse3::raw::connection::fuse_over_uring] transport payload lease held 1223 ms (≥ 1 s) — overlong handler invocation or a §5.4 severance escape; watch transport_lease_overlong / transport_parked_commits
[2026-08-28T12:55:39Z ERROR fuse3::raw::connection::fuse_over_uring] transport payload lease held 1195 ms (≥ 1 s) — overlong handler invocation or a §5.4 severance escape; watch transport_lease_overlong / transport_parked_commits
[2026-08-28T12:55:39Z ERROR fuse3::raw::connection::fuse_over_uring] transport payload lease held 1195 ms (≥ 1 s) — overlong handler invocation or a §5.4 severance escape; watch transport_lease_overlong / transport_parked_commits
[2026-08-28T12:55:39Z ERROR fuse3::raw::connection::fuse_over_uring] transport payload lease held 1186 ms (≥ 1 s) — overlong handler invocation or a §5.4 severance escape; watch transport_lease_overlong / transport_parked_commits
[2026-08-28T12:55:39Z ERROR fuse3::raw::connection::fuse_over_uring] transport payload lease held 1180 ms (≥ 1 s) — overlong handler invocation or a §5.4 severance escape; watch transport_lease_overlong / transport_parked_commits
[2026-08-28T12:55:39Z ERROR fuse3::raw::connection::fuse_over_uring] transport payload lease held 1180 ms (≥ 1 s) — overlong handler invocation or a §5.4 severance escape; watch transport_lease_overlong / transport_parked_commits
[2026-08-28T12:55:39Z ERROR fuse3::raw::connection::fuse_over_uring] transport payload lease held 1182 ms (≥ 1 s) — overlong handler invocation or a §5.4 severance escape; watch transport_lease_overlong / transport_parked_commits
[2026-08-28T12:55:39Z ERROR fuse3::raw::connection::fuse_over_uring] transport payload lease held 1185 ms (≥ 1 s) — overlong handler invocation or a §5.4 severance escape; watch transport_lease_overlong / transport_parked_commits
[2026-08-28T12:55:39Z ERROR fuse3::raw::connection::fuse_over_uring] transport payload lease held 1191 ms (≥ 1 s) — overlong handler invocation or a §5.4 severance escape; watch transport_lease_overlong / transport_parked_commits
[2026-08-28T12:55:39Z ERROR fuse3::raw::connection::fuse_over_uring] transport payload lease held 1184 ms (≥ 1 s) — overlong handler invocation or a §5.4 severance escape; watch transport_lease_overlong / transport_parked_commits
[2026-08-28T12:55:39Z ERROR fuse3::raw::connection::fuse_over_uring] transport payload lease held 1184 ms (≥ 1 s) — overlong handler invocation or a §5.4 severance escape; watch transport_lease_overlong / transport_parked_commits
[2026-08-28T12:55:39Z ERROR fuse3::raw::connection::fuse_over_uring] transport payload lease held 1184 ms (≥ 1 s) — overlong handler invocation or a §5.4 severance escape; watch transport_lease_overlong / transport_parked_commits
[2026-08-28T12:55:39Z ERROR fuse3::raw::connection::fuse_over_uring] transport payload lease held 1318 ms (≥ 1 s) — overlong handler invocation or a §5.4 severance escape; watch transport_lease_overlong / transport_parked_commits
[2026-08-28T12:55:39Z ERROR fuse3::raw::connection::fuse_over_uring] transport payload lease held 1218 ms (≥ 1 s) — overlong handler invocation or a §5.4 severance escape; watch transport_lease_overlong / transport_parked_commits
[2026-08-28T12:55:39Z ERROR fuse3::raw::connection::fuse_over_uring] transport payload lease held 1218 ms (≥ 1 s) — overlong handler invocation or a §5.4 severance escape; watch transport_lease_overlong / transport_parked_commits
[2026-08-28T12:55:39Z ERROR fuse3::raw::connection::fuse_over_uring] transport payload lease held 1218 ms (≥ 1 s) — overlong handler invocation or a §5.4 severance escape; watch transport_lease_overlong / transport_parked_commits
[2026-08-28T12:55:39Z ERROR fuse3::raw::connection::fuse_over_uring] transport payload lease held 1351 ms (≥ 1 s) — overlong handler invocation or a §5.4 severance escape; watch transport_lease_overlong / transport_parked_commits
[2026-08-28T12:55:39Z ERROR fuse3::raw::connection::fuse_over_uring] transport payload lease held 1351 ms (≥ 1 s) — overlong handler invocation or a §5.4 severance escape; watch transport_lease_overlong / transport_parked_commits
[2026-08-28T12:55:39Z ERROR fuse3::raw::connection::fuse_over_uring] transport payload lease held 1270 ms (≥ 1 s) — overlong handler invocation or a §5.4 severance escape; watch transport_lease_overlong / transport_parked_commits
[2026-08-28T12:55:39Z ERROR fuse3::raw::connection::fuse_over_uring] transport payload lease held 1267 ms (≥ 1 s) — overlong handler invocation or a §5.4 severance escape; watch transport_lease_overlong / transport_parked_commits
[2026-08-28T12:55:39Z ERROR fuse3::raw::connection::fuse_over_uring] transport payload lease held 1262 ms (≥ 1 s) — overlong handler invocation or a §5.4 severance escape; watch transport_lease_overlong / transport_parked_commits
[2026-08-28T12:55:39Z ERROR fuse3::raw::connection::fuse_over_uring] transport payload lease held 1262 ms (≥ 1 s) — overlong handler invocation or a §5.4 severance escape; watch transport_lease_overlong / transport_parked_commits
[2026-08-28T12:55:39Z ERROR fuse3::raw::connection::fuse_over_uring] transport payload lease held 1262 ms (≥ 1 s) — overlong handler invocation or a §5.4 severance escape; watch transport_lease_overlong / transport_parked_commits
[2026-08-28T12:55:39Z ERROR fuse3::raw::connection::fuse_over_uring] transport payload lease held 1022 ms (≥ 1 s) — overlong handler invocation or a §5.4 severance escape; watch transport_lease_overlong / transport_parked_commits
[2026-08-28T12:55:39Z ERROR fuse3::raw::connection::fuse_over_uring] transport payload lease held 1022 ms (≥ 1 s) — overlong handler invocation or a §5.4 severance escape; watch transport_lease_overlong / transport_parked_commits
[2026-08-28T12:55:39Z ERROR fuse3::raw::connection::fuse_over_uring] transport payload lease held 1022 ms (≥ 1 s) — overlong handler invocation or a §5.4 severance escape; watch transport_lease_overlong / transport_parked_commits
[2026-08-28T12:55:39Z ERROR fuse3::raw::connection::fuse_over_uring] transport payload lease held 1296 ms (≥ 1 s) — overlong handler invocation or a §5.4 severance escape; watch transport_lease_overlong / transport_parked_commits
[2026-08-28T12:55:39Z ERROR fuse3::raw::connection::fuse_over_uring] transport payload lease held 1295 ms (≥ 1 s) — overlong handler invocation or a §5.4 severance escape; watch transport_lease_overlong / transport_parked_commits
[2026-08-28T12:55:39Z ERROR fuse3::raw::connection::fuse_over_uring] transport payload lease held 1295 ms (≥ 1 s) — overlong handler invocation or a §5.4 severance escape; watch transport_lease_overlong / transport_parked_commits
[2026-08-28T12:55:39Z ERROR fuse3::raw::connection::fuse_over_uring] transport payload lease held 1432 ms (≥ 1 s) — overlong handler invocation or a §5.4 severance escape; watch transport_lease_overlong / transport_parked_commits
[2026-08-28T12:55:39Z ERROR fuse3::raw::connection::fuse_over_uring] transport payload lease held 1432 ms (≥ 1 s) — overlong handler invocation or a §5.4 severance escape; watch transport_lease_overlong / transport_parked_commits
[2026-08-28T12:55:39Z ERROR fuse3::raw::connection::fuse_over_uring] transport payload lease held 1438 ms (≥ 1 s) — overlong handler invocation or a §5.4 severance escape; watch transport_lease_overlong / transport_parked_commits
[2026-08-28T12:55:39Z ERROR fuse3::raw::connection::fuse_over_uring] transport payload lease held 1420 ms (≥ 1 s) — overlong handler invocation or a §5.4 severance escape; watch transport_lease_overlong / transport_parked_commits
[2026-08-28T12:55:39Z ERROR fuse3::raw::connection::fuse_over_uring] transport payload lease held 1418 ms (≥ 1 s) — overlong handler invocation or a §5.4 severance escape; watch transport_lease_overlong / transport_parked_commits
[2026-08-28T12:55:39Z ERROR fuse3::raw::connection::fuse_over_uring] transport payload lease held 1418 ms (≥ 1 s) — overlong handler invocation or a §5.4 severance escape; watch transport_lease_overlong / transport_parked_commits
[2026-08-28T12:55:39Z ERROR fuse3::raw::connection::fuse_over_uring] transport payload lease held 1588 ms (≥ 1 s) — overlong handler invocation or a §5.4 severance escape; watch transport_lease_overlong / transport_parked_commits
[2026-08-28T12:55:39Z ERROR fuse3::raw::connection::fuse_over_uring] transport payload lease held 1587 ms (≥ 1 s) — overlong handler invocation or a §5.4 severance escape; watch transport_lease_overlong / transport_parked_commits
[2026-08-28T12:55:39Z ERROR fuse3::raw::connection::fuse_over_uring] transport payload lease held 1594 ms (≥ 1 s) — overlong handler invocation or a §5.4 severance escape; watch transport_lease_overlong / transport_parked_commits
[2026-08-28T12:55:39Z ERROR fuse3::raw::connection::fuse_over_uring] transport payload lease held 1593 ms (≥ 1 s) — overlong handler invocation or a §5.4 severance escape; watch transport_lease_overlong / transport_parked_commits
[2026-08-28T12:55:39Z ERROR fuse3::raw::connection::fuse_over_uring] transport payload lease held 1593 ms (≥ 1 s) — overlong handler invocation or a §5.4 severance escape; watch transport_lease_overlong / transport_parked_commits
[2026-08-28T12:55:39Z ERROR fuse3::raw::connection::fuse_over_uring] transport payload lease held 1593 ms (≥ 1 s) — overlong handler invocation or a §5.4 severance escape; watch transport_lease_overlong / transport_parked_commits
[2026-08-28T12:55:39Z ERROR fuse3::raw::connection::fuse_over_uring] transport payload lease held 1548 ms (≥ 1 s) — overlong handler invocation or a §5.4 severance escape; watch transport_lease_overlong / transport_parked_commits
[2026-08-28T12:55:39Z ERROR fuse3::raw::connection::fuse_over_uring] transport payload lease held 1546 ms (≥ 1 s) — overlong handler invocation or a §5.4 severance escape; watch transport_lease_overlong / transport_parked_commits
[2026-08-28T12:55:39Z ERROR fuse3::raw::connection::fuse_over_uring] transport payload lease held 1546 ms (≥ 1 s) — overlong handler invocation or a §5.4 severance escape; watch transport_lease_overlong / transport_parked_commits
[2026-08-28T12:55:39Z ERROR fuse3::raw::connection::fuse_over_uring] transport payload lease held 1531 ms (≥ 1 s) — overlong handler invocation or a §5.4 severance escape; watch transport_lease_overlong / transport_parked_commits
[2026-08-28T12:55:39Z ERROR fuse3::raw::connection::fuse_over_uring] transport payload lease held 1532 ms (≥ 1 s) — overlong handler invocation or a §5.4 severance escape; watch transport_lease_overlong / transport_parked_commits
[2026-08-28T12:55:39Z ERROR fuse3::raw::connection::fuse_over_uring] transport payload lease held 1532 ms (≥ 1 s) — overlong handler invocation or a §5.4 severance escape; watch transport_lease_overlong / transport_parked_commits
[2026-08-28T12:55:39Z ERROR fuse3::raw::connection::fuse_over_uring] transport payload lease held 1540 ms (≥ 1 s) — overlong handler invocation or a §5.4 severance escape; watch transport_lease_overlong / transport_parked_commits
[2026-08-28T12:55:39Z ERROR fuse3::raw::connection::fuse_over_uring] transport payload lease held 1540 ms (≥ 1 s) — overlong handler invocation or a §5.4 severance escape; watch transport_lease_overlong / transport_parked_commits
[2026-08-28T12:55:39Z ERROR fuse3::raw::connection::fuse_over_uring] transport payload lease held 1540 ms (≥ 1 s) — overlong handler invocation or a §5.4 severance escape; watch transport_lease_overlong / transport_parked_commits
[2026-08-28T12:55:39Z ERROR fuse3::raw::connection::fuse_over_uring] transport payload lease held 1557 ms (≥ 1 s) — overlong handler invocation or a §5.4 severance escape; watch transport_lease_overlong / transport_parked_commits
[2026-08-28T12:55:39Z ERROR fuse3::raw::connection::fuse_over_uring] transport payload lease held 1557 ms (≥ 1 s) — overlong handler invocation or a §5.4 severance escape; watch transport_lease_overlong / transport_parked_commits
[2026-08-28T12:55:39Z ERROR fuse3::raw::connection::fuse_over_uring] transport payload lease held 1557 ms (≥ 1 s) — overlong handler invocation or a §5.4 severance escape; watch transport_lease_overlong / transport_parked_commits
[2026-08-28T12:55:39Z ERROR fuse3::raw::connection::fuse_over_uring] transport payload lease held 1554 ms (≥ 1 s) — overlong handler invocation or a §5.4 severance escape; watch transport_lease_overlong / transport_parked_commits
[2026-08-28T12:55:39Z ERROR fuse3::raw::connection::fuse_over_uring] transport payload lease held 1582 ms (≥ 1 s) — overlong handler invocation or a §5.4 severance escape; watch transport_lease_overlong / transport_parked_commits
[2026-08-28T12:55:39Z ERROR fuse3::raw::connection::fuse_over_uring] transport payload lease held 1582 ms (≥ 1 s) — overlong handler invocation or a §5.4 severance escape; watch transport_lease_overlong / transport_parked_commits
[2026-08-28T12:55:39Z ERROR fuse3::raw::connection::fuse_over_uring] transport payload lease held 1582 ms (≥ 1 s) — overlong handler invocation or a §5.4 severance escape; watch transport_lease_overlong / transport_parked_commits
[2026-08-28T12:55:39Z ERROR fuse3::raw::connection::fuse_over_uring] transport payload lease held 1582 ms (≥ 1 s) — overlong handler invocation or a §5.4 severance escape; watch transport_lease_overlong / transport_parked_commits
[2026-08-28T12:55:39Z ERROR fuse3::raw::connection::fuse_over_uring] transport payload lease held 1584 ms (≥ 1 s) — overlong handler invocation or a §5.4 severance escape; watch transport_lease_overlong / transport_parked_commits
[2026-08-28T12:55:39Z ERROR fuse3::raw::connection::fuse_over_uring] transport payload lease held 1584 ms (≥ 1 s) — overlong handler invocation or a §5.4 severance escape; watch transport_lease_overlong / transport_parked_commits
[2026-08-28T12:55:39Z ERROR fuse3::raw::connection::fuse_over_uring] transport payload lease held 1584 ms (≥ 1 s) — overlong handler invocation or a §5.4 severance escape; watch transport_lease_overlong / transport_parked_commits
[2026-08-28T12:55:39Z WARN  squeezefs::block_allocator] co-writer: abandoning never-published block offset(s) leak-safe (volume 'nvme4n1', first offset 117394374656): the publish that would have named them failed or refused, and a co-writer may not mutate ownership accounting — the next derivation (mount recovery / fsck C6) returns them to the free supply (cowriter_unpublished_abandons; further offsets at debug level)
[2026-08-28T12:55:41Z ERROR fuse3::raw::connection::fuse_over_uring] transport payload lease held 1059 ms (≥ 1 s) — overlong handler invocation or a §5.4 severance escape; watch transport_lease_overlong / transport_parked_commits
[2026-08-28T12:55:41Z ERROR fuse3::raw::connection::fuse_over_uring] transport payload lease held 1050 ms (≥ 1 s) — overlong handler invocation or a §5.4 severance escape; watch transport_lease_overlong / transport_parked_commits
[2026-08-28T12:55:41Z ERROR fuse3::raw::connection::fuse_over_uring] transport payload lease held 1054 ms (≥ 1 s) — overlong handler invocation or a §5.4 severance escape; watch transport_lease_overlong / transport_parked_commits
[2026-08-28T12:55:41Z ERROR fuse3::raw::connection::fuse_over_uring] transport payload lease held 1050 ms (≥ 1 s) — overlong handler invocation or a §5.4 severance escape; watch transport_lease_overlong / transport_parked_commits
[2026-08-28T12:55:41Z ERROR fuse3::raw::connection::fuse_over_uring] transport payload lease held 1093 ms (≥ 1 s) — overlong handler invocation or a §5.4 severance escape; watch transport_lease_overlong / transport_parked_commits
[2026-08-28T12:55:41Z ERROR fuse3::raw::connection::fuse_over_uring] transport payload lease held 1087 ms (≥ 1 s) — overlong handler invocation or a §5.4 severance escape; watch transport_lease_overlong / transport_parked_commits
[2026-08-28T12:55:41Z ERROR fuse3::raw::connection::fuse_over_uring] transport payload lease held 1067 ms (≥ 1 s) — overlong handler invocation or a §5.4 severance escape; watch transport_lease_overlong / transport_parked_commits
[2026-08-28T12:55:41Z ERROR fuse3::raw::connection::fuse_over_uring] transport payload lease held 1084 ms (≥ 1 s) — overlong handler invocation or a §5.4 severance escape; watch transport_lease_overlong / transport_parked_commits
[2026-08-28T12:55:41Z ERROR fuse3::raw::connection::fuse_over_uring] transport payload lease held 1110 ms (≥ 1 s) — overlong handler invocation or a §5.4 severance escape; watch transport_lease_overlong / transport_parked_commits
[2026-08-28T12:55:41Z ERROR fuse3::raw::connection::fuse_over_uring] transport payload lease held 1110 ms (≥ 1 s) — overlong handler invocation or a §5.4 severance escape; watch transport_lease_overlong / transport_parked_commits
[2026-08-28T12:55:41Z ERROR fuse3::raw::connection::fuse_over_uring] transport payload lease held 1070 ms (≥ 1 s) — overlong handler invocation or a §5.4 severance escape; watch transport_lease_overlong / transport_parked_commits
[2026-08-28T12:55:41Z ERROR fuse3::raw::connection::fuse_over_uring] transport payload lease held 1070 ms (≥ 1 s) — overlong handler invocation or a §5.4 severance escape; watch transport_lease_overlong / transport_parked_commits
[2026-08-28T12:55:41Z ERROR fuse3::raw::connection::fuse_over_uring] transport payload lease held 1071 ms (≥ 1 s) — overlong handler invocation or a §5.4 severance escape; watch transport_lease_overlong / transport_parked_commits
[2026-08-28T12:55:41Z ERROR fuse3::raw::connection::fuse_over_uring] transport payload lease held 1071 ms (≥ 1 s) — overlong handler invocation or a §5.4 severance escape; watch transport_lease_overlong / transport_parked_commits
[2026-08-28T12:55:41Z ERROR fuse3::raw::connection::fuse_over_uring] transport payload lease held 1057 ms (≥ 1 s) — overlong handler invocation or a §5.4 severance escape; watch transport_lease_overlong / transport_parked_commits
[2026-08-28T12:55:41Z ERROR fuse3::raw::connection::fuse_over_uring] transport payload lease held 1060 ms (≥ 1 s) — overlong handler invocation or a §5.4 severance escape; watch transport_lease_overlong / transport_parked_commits
[2026-08-28T12:55:41Z ERROR fuse3::raw::connection::fuse_over_uring] transport payload lease held 1062 ms (≥ 1 s) — overlong handler invocation or a §5.4 severance escape; watch transport_lease_overlong / transport_parked_commits
[2026-08-28T12:55:41Z ERROR fuse3::raw::connection::fuse_over_uring] transport payload lease held 1060 ms (≥ 1 s) — overlong handler invocation or a §5.4 severance escape; watch transport_lease_overlong / transport_parked_commits
[2026-08-28T12:55:41Z ERROR fuse3::raw::connection::fuse_over_uring] transport payload lease held 1055 ms (≥ 1 s) — overlong handler invocation or a §5.4 severance escape; watch transport_lease_overlong / transport_parked_commits
[2026-08-28T12:55:41Z ERROR fuse3::raw::connection::fuse_over_uring] transport payload lease held 1054 ms (≥ 1 s) — overlong handler invocation or a §5.4 severance escape; watch transport_lease_overlong / transport_parked_commits
[2026-08-28T12:55:41Z ERROR fuse3::raw::connection::fuse_over_uring] transport payload lease held 1032 ms (≥ 1 s) — overlong handler invocation or a §5.4 severance escape; watch transport_lease_overlong / transport_parked_commits
[2026-08-28T12:55:41Z ERROR fuse3::raw::connection::fuse_over_uring] transport payload lease held 1032 ms (≥ 1 s) — overlong handler invocation or a §5.4 severance escape; watch transport_lease_overlong / transport_parked_commits
[2026-08-28T12:55:41Z ERROR fuse3::raw::connection::fuse_over_uring] transport payload lease held 1032 ms (≥ 1 s) — overlong handler invocation or a §5.4 severance escape; watch transport_lease_overlong / transport_parked_commits
[2026-08-28T12:55:42Z ERROR fuse3::raw::connection::fuse_over_uring] transport payload lease held 1065 ms (≥ 1 s) — overlong handler invocation or a §5.4 severance escape; watch transport_lease_overlong / transport_parked_commits
[2026-08-28T12:55:42Z ERROR fuse3::raw::connection::fuse_over_uring] transport payload lease held 1065 ms (≥ 1 s) — overlong handler invocation or a §5.4 severance escape; watch transport_lease_overlong / transport_parked_commits
[2026-08-28T12:55:42Z ERROR fuse3::raw::connection::fuse_over_uring] transport payload lease held 1065 ms (≥ 1 s) — overlong handler invocation or a §5.4 severance escape; watch transport_lease_overlong / transport_parked_commits
[2026-08-28T12:55:42Z ERROR fuse3::raw::connection::fuse_over_uring] transport payload lease held 1065 ms (≥ 1 s) — overlong handler invocation or a §5.4 severance escape; watch transport_lease_overlong / transport_parked_commits
[2026-08-28T12:55:42Z ERROR fuse3::raw::connection::fuse_over_uring] transport payload lease held 1084 ms (≥ 1 s) — overlong handler invocation or a §5.4 severance escape; watch transport_lease_overlong / transport_parked_commits
[2026-08-28T12:55:42Z ERROR fuse3::raw::connection::fuse_over_uring] transport payload lease held 1082 ms (≥ 1 s) — overlong handler invocation or a §5.4 severance escape; watch transport_lease_overlong / transport_parked_commits
[2026-08-28T12:55:42Z ERROR fuse3::raw::connection::fuse_over_uring] transport payload lease held 1080 ms (≥ 1 s) — overlong handler invocation or a §5.4 severance escape; watch transport_lease_overlong / transport_parked_commits
[2026-08-28T12:55:42Z ERROR fuse3::raw::connection::fuse_over_uring] transport payload lease held 1080 ms (≥ 1 s) — overlong handler invocation or a §5.4 severance escape; watch transport_lease_overlong / transport_parked_commits
[2026-08-28T12:55:42Z ERROR fuse3::raw::connection::fuse_over_uring] transport payload lease held 1098 ms (≥ 1 s) — overlong handler invocation or a §5.4 severance escape; watch transport_lease_overlong / transport_parked_commits
[2026-08-28T12:55:42Z ERROR fuse3::raw::connection::fuse_over_uring] transport payload lease held 1098 ms (≥ 1 s) — overlong handler invocation or a §5.4 severance escape; watch transport_lease_overlong / transport_parked_commits
[2026-08-28T12:55:42Z ERROR fuse3::raw::connection::fuse_over_uring] transport payload lease held 1098 ms (≥ 1 s) — overlong handler invocation or a §5.4 severance escape; watch transport_lease_overlong / transport_parked_commits
[2026-08-28T12:55:43Z ERROR fuse3::raw::connection::fuse_over_uring] transport payload lease held 1024 ms (≥ 1 s) — overlong handler invocation or a §5.4 severance escape; watch transport_lease_overlong / transport_parked_commits
[2026-08-28T12:55:43Z ERROR fuse3::raw::connection::fuse_over_uring] transport payload lease held 1024 ms (≥ 1 s) — overlong handler invocation or a §5.4 severance escape; watch transport_lease_overlong / transport_parked_commits
[2026-08-28T12:55:43Z ERROR fuse3::raw::connection::fuse_over_uring] transport payload lease held 1024 ms (≥ 1 s) — overlong handler invocation or a §5.4 severance escape; watch transport_lease_overlong / transport_parked_commits
[2026-08-28T12:55:43Z ERROR fuse3::raw::connection::fuse_over_uring] transport payload lease held 1024 ms (≥ 1 s) — overlong handler invocation or a §5.4 severance escape; watch transport_lease_overlong / transport_parked_commits
[2026-08-28T12:55:43Z ERROR fuse3::raw::connection::fuse_over_uring] transport payload lease held 1008 ms (≥ 1 s) — overlong handler invocation or a §5.4 severance escape; watch transport_lease_overlong / transport_parked_commits
[2026-08-28T12:55:43Z ERROR fuse3::raw::connection::fuse_over_uring] transport payload lease held 1008 ms (≥ 1 s) — overlong handler invocation or a §5.4 severance escape; watch transport_lease_overlong / transport_parked_commits
[2026-08-28T12:55:43Z ERROR fuse3::raw::connection::fuse_over_uring] transport payload lease held 1002 ms (≥ 1 s) — overlong handler invocation or a §5.4 severance escape; watch transport_lease_overlong / transport_parked_commits
[2026-08-28T12:55:43Z ERROR fuse3::raw::connection::fuse_over_uring] transport payload lease held 1001 ms (≥ 1 s) — overlong handler invocation or a §5.4 severance escape; watch transport_lease_overlong / transport_parked_commits
[2026-08-28T12:55:43Z ERROR fuse3::raw::connection::fuse_over_uring] transport payload lease held 1011 ms (≥ 1 s) — overlong handler invocation or a §5.4 severance escape; watch transport_lease_overlong / transport_parked_commits
[2026-08-28T12:55:44Z ERROR fuse3::raw::connection::fuse_over_uring] transport payload lease held 1082 ms (≥ 1 s) — overlong handler invocation or a §5.4 severance escape; watch transport_lease_overlong / transport_parked_commits
[2026-08-28T12:55:44Z ERROR fuse3::raw::connection::fuse_over_uring] transport payload lease held 1082 ms (≥ 1 s) — overlong handler invocation or a §5.4 severance escape; watch transport_lease_overlong / transport_parked_commits
[2026-08-28T12:55:44Z ERROR fuse3::raw::connection::fuse_over_uring] transport payload lease held 1023 ms (≥ 1 s) — overlong handler invocation or a §5.4 severance escape; watch transport_lease_overlong / transport_parked_commits
[2026-08-28T12:55:44Z ERROR fuse3::raw::connection::fuse_over_uring] transport payload lease held 1023 ms (≥ 1 s) — overlong handler invocation or a §5.4 severance escape; watch transport_lease_overlong / transport_parked_commits
[2026-08-28T12:55:44Z ERROR fuse3::raw::connection::fuse_over_uring] transport payload lease held 1027 ms (≥ 1 s) — overlong handler invocation or a §5.4 severance escape; watch transport_lease_overlong / transport_parked_commits
[2026-08-28T12:55:44Z ERROR fuse3::raw::connection::fuse_over_uring] transport payload lease held 1027 ms (≥ 1 s) — overlong handler invocation or a §5.4 severance escape; watch transport_lease_overlong / transport_parked_commits
[2026-08-28T12:55:44Z ERROR fuse3::raw::connection::fuse_over_uring] transport payload lease held 1023 ms (≥ 1 s) — overlong handler invocation or a §5.4 severance escape; watch transport_lease_overlong / transport_parked_commits
[2026-08-28T12:55:44Z ERROR fuse3::raw::connection::fuse_over_uring] transport payload lease held 1023 ms (≥ 1 s) — overlong handler invocation or a §5.4 severance escape; watch transport_lease_overlong / transport_parked_commits
[2026-08-28T12:55:44Z ERROR fuse3::raw::connection::fuse_over_uring] transport payload lease held 1281 ms (≥ 1 s) — overlong handler invocation or a §5.4 severance escape; watch transport_lease_overlong / transport_parked_commits
[2026-08-28T12:55:44Z ERROR fuse3::raw::connection::fuse_over_uring] transport payload lease held 1282 ms (≥ 1 s) — overlong handler invocation or a §5.4 severance escape; watch transport_lease_overlong / transport_parked_commits
[2026-08-28T12:55:44Z ERROR fuse3::raw::connection::fuse_over_uring] transport payload lease held 1282 ms (≥ 1 s) — overlong handler invocation or a §5.4 severance escape; watch transport_lease_overlong / transport_parked_commits
[2026-08-28T12:55:44Z ERROR fuse3::raw::connection::fuse_over_uring] transport payload lease held 1222 ms (≥ 1 s) — overlong handler invocation or a §5.4 severance escape; watch transport_lease_overlong / transport_parked_commits
[2026-08-28T12:55:44Z ERROR fuse3::raw::connection::fuse_over_uring] transport payload lease held 1157 ms (≥ 1 s) — overlong handler invocation or a §5.4 severance escape; watch transport_lease_overlong / transport_parked_commits
[2026-08-28T12:55:44Z ERROR fuse3::raw::connection::fuse_over_uring] transport payload lease held 1159 ms (≥ 1 s) — overlong handler invocation or a §5.4 severance escape; watch transport_lease_overlong / transport_parked_commits
[2026-08-28T12:55:44Z ERROR fuse3::raw::connection::fuse_over_uring] transport payload lease held 1159 ms (≥ 1 s) — overlong handler invocation or a §5.4 severance escape; watch transport_lease_overlong / transport_parked_commits
[2026-08-28T12:55:44Z ERROR fuse3::raw::connection::fuse_over_uring] transport payload lease held 1178 ms (≥ 1 s) — overlong handler invocation or a §5.4 severance escape; watch transport_lease_overlong / transport_parked_commits
[2026-08-28T12:55:44Z ERROR fuse3::raw::connection::fuse_over_uring] transport payload lease held 1178 ms (≥ 1 s) — overlong handler invocation or a §5.4 severance escape; watch transport_lease_overlong / transport_parked_commits
[2026-08-28T12:55:44Z ERROR fuse3::raw::connection::fuse_over_uring] transport payload lease held 1178 ms (≥ 1 s) — overlong handler invocation or a §5.4 severance escape; watch transport_lease_overlong / transport_parked_commits
[2026-08-28T12:55:44Z ERROR fuse3::raw::connection::fuse_over_uring] transport payload lease held 1177 ms (≥ 1 s) — overlong handler invocation or a §5.4 severance escape; watch transport_lease_overlong / transport_parked_commits
[2026-08-28T12:55:44Z ERROR fuse3::raw::connection::fuse_over_uring] transport payload lease held 1367 ms (≥ 1 s) — overlong handler invocation or a §5.4 severance escape; watch transport_lease_overlong / transport_parked_commits
[2026-08-28T12:55:44Z ERROR fuse3::raw::connection::fuse_over_uring] transport payload lease held 1368 ms (≥ 1 s) — overlong handler invocation or a §5.4 severance escape; watch transport_lease_overlong / transport_parked_commits
[2026-08-28T12:55:44Z ERROR fuse3::raw::connection::fuse_over_uring] transport payload lease held 1366 ms (≥ 1 s) — overlong handler invocation or a §5.4 severance escape; watch transport_lease_overlong / transport_parked_commits
[2026-08-28T12:55:47Z ERROR fuse3::raw::connection::fuse_over_uring] transport payload lease held 1382 ms (≥ 1 s) — overlong handler invocation or a §5.4 severance escape; watch transport_lease_overlong / transport_parked_commits
[2026-08-28T12:55:47Z ERROR fuse3::raw::connection::fuse_over_uring] transport payload lease held 1341 ms (≥ 1 s) — overlong handler invocation or a §5.4 severance escape; watch transport_lease_overlong / transport_parked_commits
[2026-08-28T12:55:47Z ERROR fuse3::raw::connection::fuse_over_uring] transport payload lease held 1341 ms (≥ 1 s) — overlong handler invocation or a §5.4 severance escape; watch transport_lease_overlong / transport_parked_commits
[2026-08-28T12:55:47Z ERROR fuse3::raw::connection::fuse_over_uring] transport payload lease held 1337 ms (≥ 1 s) — overlong handler invocation or a §5.4 severance escape; watch transport_lease_overlong / transport_parked_commits
[2026-08-28T12:55:47Z ERROR fuse3::raw::connection::fuse_over_uring] transport payload lease held 1312 ms (≥ 1 s) — overlong handler invocation or a §5.4 severance escape; watch transport_lease_overlong / transport_parked_commits
[2026-08-28T12:55:47Z ERROR fuse3::raw::connection::fuse_over_uring] transport payload lease held 1221 ms (≥ 1 s) — overlong handler invocation or a §5.4 severance escape; watch transport_lease_overlong / transport_parked_commits
[2026-08-28T12:55:47Z ERROR fuse3::raw::connection::fuse_over_uring] transport payload lease held 1214 ms (≥ 1 s) — overlong handler invocation or a §5.4 severance escape; watch transport_lease_overlong / transport_parked_commits
[2026-08-28T12:55:47Z ERROR fuse3::raw::connection::fuse_over_uring] transport payload lease held 1214 ms (≥ 1 s) — overlong handler invocation or a §5.4 severance escape; watch transport_lease_overlong / transport_parked_commits
[2026-08-28T12:55:47Z ERROR fuse3::raw::connection::fuse_over_uring] transport payload lease held 1214 ms (≥ 1 s) — overlong handler invocation or a §5.4 severance escape; watch transport_lease_overlong / transport_parked_commits
[2026-08-28T12:55:47Z ERROR fuse3::raw::connection::fuse_over_uring] transport payload lease held 1160 ms (≥ 1 s) — overlong handler invocation or a §5.4 severance escape; watch transport_lease_overlong / transport_parked_commits
[2026-08-28T12:55:47Z ERROR fuse3::raw::connection::fuse_over_uring] transport payload lease held 1143 ms (≥ 1 s) — overlong handler invocation or a §5.4 severance escape; watch transport_lease_overlong / transport_parked_commits
[2026-08-28T12:55:47Z ERROR fuse3::raw::connection::fuse_over_uring] transport payload lease held 1143 ms (≥ 1 s) — overlong handler invocation or a §5.4 severance escape; watch transport_lease_overlong / transport_parked_commits
[2026-08-28T12:55:47Z ERROR fuse3::raw::connection::fuse_over_uring] transport payload lease held 1143 ms (≥ 1 s) — overlong handler invocation or a §5.4 severance escape; watch transport_lease_overlong / transport_parked_commits
[2026-08-28T12:55:47Z ERROR fuse3::raw::connection::fuse_over_uring] transport payload lease held 1054 ms (≥ 1 s) — overlong handler invocation or a §5.4 severance escape; watch transport_lease_overlong / transport_parked_commits
[2026-08-28T12:55:47Z ERROR fuse3::raw::connection::fuse_over_uring] transport payload lease held 1049 ms (≥ 1 s) — overlong handler invocation or a §5.4 severance escape; watch transport_lease_overlong / transport_parked_commits
[2026-08-28T12:55:47Z ERROR fuse3::raw::connection::fuse_over_uring] transport payload lease held 1040 ms (≥ 1 s) — overlong handler invocation or a §5.4 severance escape; watch transport_lease_overlong / transport_parked_commits
[2026-08-28T12:55:47Z ERROR fuse3::raw::connection::fuse_over_uring] transport payload lease held 1034 ms (≥ 1 s) — overlong handler invocation or a §5.4 severance escape; watch transport_lease_overlong / transport_parked_commits
[2026-08-28T12:55:49Z ERROR fuse3::raw::connection::fuse_over_uring] transport payload lease held 1028 ms (≥ 1 s) — overlong handler invocation or a §5.4 severance escape; watch transport_lease_overlong / transport_parked_commits
[2026-08-28T12:55:49Z ERROR fuse3::raw::connection::fuse_over_uring] transport payload lease held 1028 ms (≥ 1 s) — overlong handler invocation or a §5.4 severance escape; watch transport_lease_overlong / transport_parked_commits
[2026-08-28T12:55:49Z ERROR fuse3::raw::connection::fuse_over_uring] transport payload lease held 1027 ms (≥ 1 s) — overlong handler invocation or a §5.4 severance escape; watch transport_lease_overlong / transport_parked_commits
[2026-08-28T12:55:49Z ERROR fuse3::raw::connection::fuse_over_uring] transport payload lease held 1026 ms (≥ 1 s) — overlong handler invocation or a §5.4 severance escape; watch transport_lease_overlong / transport_parked_commits
[2026-08-28T12:55:49Z ERROR fuse3::raw::connection::fuse_over_uring] transport payload lease held 1745 ms (≥ 1 s) — overlong handler invocation or a §5.4 severance escape; watch transport_lease_overlong / transport_parked_commits
[2026-08-28T12:55:49Z ERROR fuse3::raw::connection::fuse_over_uring] transport payload lease held 1788 ms (≥ 1 s) — overlong handler invocation or a §5.4 severance escape; watch transport_lease_overlong / transport_parked_commits
[2026-08-28T12:55:49Z ERROR fuse3::raw::connection::fuse_over_uring] transport payload lease held 1784 ms (≥ 1 s) — overlong handler invocation or a §5.4 severance escape; watch transport_lease_overlong / transport_parked_commits
[2026-08-28T12:55:49Z ERROR fuse3::raw::connection::fuse_over_uring] transport payload lease held 1788 ms (≥ 1 s) — overlong handler invocation or a §5.4 severance escape; watch transport_lease_overlong / transport_parked_commits
[2026-08-28T12:55:49Z ERROR fuse3::raw::connection::fuse_over_uring] transport payload lease held 1788 ms (≥ 1 s) — overlong handler invocation or a §5.4 severance escape; watch transport_lease_overlong / transport_parked_commits
[2026-08-28T12:55:49Z ERROR fuse3::raw::connection::fuse_over_uring] transport payload lease held 1777 ms (≥ 1 s) — overlong handler invocation or a §5.4 severance escape; watch transport_lease_overlong / transport_parked_commits
[2026-08-28T12:55:49Z ERROR fuse3::raw::connection::fuse_over_uring] transport payload lease held 1766 ms (≥ 1 s) — overlong handler invocation or a §5.4 severance escape; watch transport_lease_overlong / transport_parked_commits
[2026-08-28T12:55:49Z ERROR fuse3::raw::connection::fuse_over_uring] transport payload lease held 1765 ms (≥ 1 s) — overlong handler invocation or a §5.4 severance escape; watch transport_lease_overlong / transport_parked_commits
[2026-08-28T12:55:49Z ERROR fuse3::raw::connection::fuse_over_uring] transport payload lease held 1784 ms (≥ 1 s) — overlong handler invocation or a §5.4 severance escape; watch transport_lease_overlong / transport_parked_commits
[2026-08-28T12:55:49Z ERROR fuse3::raw::connection::fuse_over_uring] transport payload lease held 1720 ms (≥ 1 s) — overlong handler invocation or a §5.4 severance escape; watch transport_lease_overlong / transport_parked_commits
[2026-08-28T12:55:49Z ERROR fuse3::raw::connection::fuse_over_uring] transport payload lease held 1720 ms (≥ 1 s) — overlong handler invocation or a §5.4 severance escape; watch transport_lease_overlong / transport_parked_commits
[2026-08-28T12:55:49Z ERROR fuse3::raw::connection::fuse_over_uring] transport payload lease held 1718 ms (≥ 1 s) — overlong handler invocation or a §5.4 severance escape; watch transport_lease_overlong / transport_parked_commits
[2026-08-28T12:55:49Z ERROR fuse3::raw::connection::fuse_over_uring] transport payload lease held 1719 ms (≥ 1 s) — overlong handler invocation or a §5.4 severance escape; watch transport_lease_overlong / transport_parked_commits
[2026-08-28T12:55:49Z ERROR fuse3::raw::connection::fuse_over_uring] transport payload lease held 1679 ms (≥ 1 s) — overlong handler invocation or a §5.4 severance escape; watch transport_lease_overlong / transport_parked_commits
[2026-08-28T12:55:49Z ERROR fuse3::raw::connection::fuse_over_uring] transport payload lease held 1679 ms (≥ 1 s) — overlong handler invocation or a §5.4 severance escape; watch transport_lease_overlong / transport_parked_commits
[2026-08-28T12:55:49Z ERROR fuse3::raw::connection::fuse_over_uring] transport payload lease held 1669 ms (≥ 1 s) — overlong handler invocation or a §5.4 severance escape; watch transport_lease_overlong / transport_parked_commits
[2026-08-28T12:55:49Z ERROR fuse3::raw::connection::fuse_over_uring] transport payload lease held 1647 ms (≥ 1 s) — overlong handler invocation or a §5.4 severance escape; watch transport_lease_overlong / transport_parked_commits
[2026-08-28T12:55:49Z ERROR fuse3::raw::connection::fuse_over_uring] transport payload lease held 1590 ms (≥ 1 s) — overlong handler invocation or a §5.4 severance escape; watch transport_lease_overlong / transport_parked_commits
[2026-08-28T12:55:49Z ERROR fuse3::raw::connection::fuse_over_uring] transport payload lease held 1567 ms (≥ 1 s) — overlong handler invocation or a §5.4 severance escape; watch transport_lease_overlong / transport_parked_commits
[2026-08-28T12:55:49Z ERROR fuse3::raw::connection::fuse_over_uring] transport payload lease held 1590 ms (≥ 1 s) — overlong handler invocation or a §5.4 severance escape; watch transport_lease_overlong / transport_parked_commits
[2026-08-28T12:55:49Z ERROR fuse3::raw::connection::fuse_over_uring] transport payload lease held 1590 ms (≥ 1 s) — overlong handler invocation or a §5.4 severance escape; watch transport_lease_overlong / transport_parked_commits
[2026-08-28T12:55:49Z ERROR fuse3::raw::connection::fuse_over_uring] transport payload lease held 1510 ms (≥ 1 s) — overlong handler invocation or a §5.4 severance escape; watch transport_lease_overlong / transport_parked_commits
[2026-08-28T12:55:49Z ERROR fuse3::raw::connection::fuse_over_uring] transport payload lease held 1473 ms (≥ 1 s) — overlong handler invocation or a §5.4 severance escape; watch transport_lease_overlong / transport_parked_commits
[2026-08-28T12:55:49Z ERROR fuse3::raw::connection::fuse_over_uring] transport payload lease held 1374 ms (≥ 1 s) — overlong handler invocation or a §5.4 severance escape; watch transport_lease_overlong / transport_parked_commits
[2026-08-28T12:55:49Z ERROR fuse3::raw::connection::fuse_over_uring] transport payload lease held 1612 ms (≥ 1 s) — overlong handler invocation or a §5.4 severance escape; watch transport_lease_overlong / transport_parked_commits
[2026-08-28T12:55:49Z ERROR fuse3::raw::connection::fuse_over_uring] transport payload lease held 1612 ms (≥ 1 s) — overlong handler invocation or a §5.4 severance escape; watch transport_lease_overlong / transport_parked_commits
[2026-08-28T12:55:49Z ERROR fuse3::raw::connection::fuse_over_uring] transport payload lease held 1604 ms (≥ 1 s) — overlong handler invocation or a §5.4 severance escape; watch transport_lease_overlong / transport_parked_commits
[2026-08-28T12:55:49Z ERROR fuse3::raw::connection::fuse_over_uring] transport payload lease held 1600 ms (≥ 1 s) — overlong handler invocation or a §5.4 severance escape; watch transport_lease_overlong / transport_parked_commits
[2026-08-28T12:55:53Z ERROR fuse3::raw::connection::fuse_over_uring] transport payload lease held 1206 ms (≥ 1 s) — overlong handler invocation or a §5.4 severance escape; watch transport_lease_overlong / transport_parked_commits
[2026-08-28T12:55:53Z ERROR fuse3::raw::connection::fuse_over_uring] transport payload lease held 1190 ms (≥ 1 s) — overlong handler invocation or a §5.4 severance escape; watch transport_lease_overlong / transport_parked_commits
[2026-08-28T12:55:53Z ERROR fuse3::raw::connection::fuse_over_uring] transport payload lease held 1190 ms (≥ 1 s) — overlong handler invocation or a §5.4 severance escape; watch transport_lease_overlong / transport_parked_commits
[2026-08-28T12:55:53Z ERROR fuse3::raw::connection::fuse_over_uring] transport payload lease held 1190 ms (≥ 1 s) — overlong handler invocation or a §5.4 severance escape; watch transport_lease_overlong / transport_parked_commits
[2026-08-28T12:55:53Z ERROR fuse3::raw::connection::fuse_over_uring] transport payload lease held 1236 ms (≥ 1 s) — overlong handler invocation or a §5.4 severance escape; watch transport_lease_overlong / transport_parked_commits
[2026-08-28T12:55:53Z ERROR fuse3::raw::connection::fuse_over_uring] transport payload lease held 1220 ms (≥ 1 s) — overlong handler invocation or a §5.4 severance escape; watch transport_lease_overlong / transport_parked_commits
[2026-08-28T12:55:53Z ERROR fuse3::raw::connection::fuse_over_uring] transport payload lease held 1220 ms (≥ 1 s) — overlong handler invocation or a §5.4 severance escape; watch transport_lease_overlong / transport_parked_commits
[2026-08-28T12:55:53Z ERROR fuse3::raw::connection::fuse_over_uring] transport payload lease held 1230 ms (≥ 1 s) — overlong handler invocation or a §5.4 severance escape; watch transport_lease_overlong / transport_parked_commits
[2026-08-28T12:55:53Z ERROR fuse3::raw::connection::fuse_over_uring] transport payload lease held 1177 ms (≥ 1 s) — overlong handler invocation or a §5.4 severance escape; watch transport_lease_overlong / transport_parked_commits
[2026-08-28T12:55:53Z ERROR fuse3::raw::connection::fuse_over_uring] transport payload lease held 1255 ms (≥ 1 s) — overlong handler invocation or a §5.4 severance escape; watch transport_lease_overlong / transport_parked_commits
[2026-08-28T12:55:53Z ERROR fuse3::raw::connection::fuse_over_uring] transport payload lease held 1255 ms (≥ 1 s) — overlong handler invocation or a §5.4 severance escape; watch transport_lease_overlong / transport_parked_commits
[2026-08-28T12:55:53Z ERROR fuse3::raw::connection::fuse_over_uring] transport payload lease held 1255 ms (≥ 1 s) — overlong handler invocation or a §5.4 severance escape; watch transport_lease_overlong / transport_parked_commits
[2026-08-28T12:55:54Z ERROR fuse3::raw::connection::fuse_over_uring] transport payload lease held 1306 ms (≥ 1 s) — overlong handler invocation or a §5.4 severance escape; watch transport_lease_overlong / transport_parked_commits
[2026-08-28T12:55:54Z ERROR fuse3::raw::connection::fuse_over_uring] transport payload lease held 1294 ms (≥ 1 s) — overlong handler invocation or a §5.4 severance escape; watch transport_lease_overlong / transport_parked_commits
[2026-08-28T12:55:54Z ERROR fuse3::raw::connection::fuse_over_uring] transport payload lease held 1302 ms (≥ 1 s) — overlong handler invocation or a §5.4 severance escape; watch transport_lease_overlong / transport_parked_commits
[2026-08-28T12:55:54Z ERROR fuse3::raw::connection::fuse_over_uring] transport payload lease held 1309 ms (≥ 1 s) — overlong handler invocation or a §5.4 severance escape; watch transport_lease_overlong / transport_parked_commits
[2026-08-28T12:55:54Z ERROR fuse3::raw::connection::fuse_over_uring] transport payload lease held 1308 ms (≥ 1 s) — overlong handler invocation or a §5.4 severance escape; watch transport_lease_overlong / transport_parked_commits
[2026-08-28T12:55:54Z ERROR fuse3::raw::connection::fuse_over_uring] transport payload lease held 1308 ms (≥ 1 s) — overlong handler invocation or a §5.4 severance escape; watch transport_lease_overlong / transport_parked_commits
[2026-08-28T12:55:54Z ERROR fuse3::raw::connection::fuse_over_uring] transport payload lease held 1300 ms (≥ 1 s) — overlong handler invocation or a §5.4 severance escape; watch transport_lease_overlong / transport_parked_commits
[2026-08-28T12:55:54Z ERROR fuse3::raw::connection::fuse_over_uring] transport payload lease held 1286 ms (≥ 1 s) — overlong handler invocation or a §5.4 severance escape; watch transport_lease_overlong / transport_parked_commits
[2026-08-28T12:55:54Z ERROR fuse3::raw::connection::fuse_over_uring] transport payload lease held 1070 ms (≥ 1 s) — overlong handler invocation or a §5.4 severance escape; watch transport_lease_overlong / transport_parked_commits
[2026-08-28T12:55:54Z ERROR fuse3::raw::connection::fuse_over_uring] transport payload lease held 1070 ms (≥ 1 s) — overlong handler invocation or a §5.4 severance escape; watch transport_lease_overlong / transport_parked_commits
[2026-08-28T12:55:54Z ERROR fuse3::raw::connection::fuse_over_uring] transport payload lease held 1071 ms (≥ 1 s) — overlong handler invocation or a §5.4 severance escape; watch transport_lease_overlong / transport_parked_commits
[2026-08-28T12:55:54Z ERROR fuse3::raw::connection::fuse_over_uring] transport payload lease held 1492 ms (≥ 1 s) — overlong handler invocation or a §5.4 severance escape; watch transport_lease_overlong / transport_parked_commits
[2026-08-28T12:55:54Z ERROR fuse3::raw::connection::fuse_over_uring] transport payload lease held 1487 ms (≥ 1 s) — overlong handler invocation or a §5.4 severance escape; watch transport_lease_overlong / transport_parked_commits
[2026-08-28T12:55:54Z ERROR fuse3::raw::connection::fuse_over_uring] transport payload lease held 1491 ms (≥ 1 s) — overlong handler invocation or a §5.4 severance escape; watch transport_lease_overlong / transport_parked_commits
[2026-08-28T12:55:54Z ERROR fuse3::raw::connection::fuse_over_uring] transport payload lease held 1491 ms (≥ 1 s) — overlong handler invocation or a §5.4 severance escape; watch transport_lease_overlong / transport_parked_commits
[2026-08-28T12:55:54Z ERROR fuse3::raw::connection::fuse_over_uring] transport payload lease held 1474 ms (≥ 1 s) — overlong handler invocation or a §5.4 severance escape; watch transport_lease_overlong / transport_parked_commits
[2026-08-28T12:55:54Z ERROR fuse3::raw::connection::fuse_over_uring] transport payload lease held 1474 ms (≥ 1 s) — overlong handler invocation or a §5.4 severance escape; watch transport_lease_overlong / transport_parked_commits
[2026-08-28T12:55:54Z ERROR fuse3::raw::connection::fuse_over_uring] transport payload lease held 1474 ms (≥ 1 s) — overlong handler invocation or a §5.4 severance escape; watch transport_lease_overlong / transport_parked_commits
[2026-08-28T12:55:54Z ERROR fuse3::raw::connection::fuse_over_uring] transport payload lease held 1474 ms (≥ 1 s) — overlong handler invocation or a §5.4 severance escape; watch transport_lease_overlong / transport_parked_commits
[2026-08-28T12:55:54Z ERROR fuse3::raw::connection::fuse_over_uring] transport payload lease held 1480 ms (≥ 1 s) — overlong handler invocation or a §5.4 severance escape; watch transport_lease_overlong / transport_parked_commits
[2026-08-28T12:55:54Z ERROR fuse3::raw::connection::fuse_over_uring] transport payload lease held 1480 ms (≥ 1 s) — overlong handler invocation or a §5.4 severance escape; watch transport_lease_overlong / transport_parked_commits
[2026-08-28T12:55:54Z ERROR fuse3::raw::connection::fuse_over_uring] transport payload lease held 1480 ms (≥ 1 s) — overlong handler invocation or a §5.4 severance escape; watch transport_lease_overlong / transport_parked_commits
[2026-08-28T12:55:54Z ERROR fuse3::raw::connection::fuse_over_uring] transport payload lease held 1480 ms (≥ 1 s) — overlong handler invocation or a §5.4 severance escape; watch transport_lease_overlong / transport_parked_commits
[2026-08-28T12:55:54Z ERROR fuse3::raw::connection::fuse_over_uring] transport payload lease held 1360 ms (≥ 1 s) — overlong handler invocation or a §5.4 severance escape; watch transport_lease_overlong / transport_parked_commits
[2026-08-28T12:55:54Z ERROR fuse3::raw::connection::fuse_over_uring] transport payload lease held 1333 ms (≥ 1 s) — overlong handler invocation or a §5.4 severance escape; watch transport_lease_overlong / transport_parked_commits
[2026-08-28T12:55:54Z ERROR fuse3::raw::connection::fuse_over_uring] transport payload lease held 1360 ms (≥ 1 s) — overlong handler invocation or a §5.4 severance escape; watch transport_lease_overlong / transport_parked_commits
[2026-08-28T12:55:54Z ERROR fuse3::raw::connection::fuse_over_uring] transport payload lease held 1333 ms (≥ 1 s) — overlong handler invocation or a §5.4 severance escape; watch transport_lease_overlong / transport_parked_commits
[2026-08-28T12:55:54Z ERROR fuse3::raw::connection::fuse_over_uring] transport payload lease held 1289 ms (≥ 1 s) — overlong handler invocation or a §5.4 severance escape; watch transport_lease_overlong / transport_parked_commits
[2026-08-28T12:55:54Z ERROR fuse3::raw::connection::fuse_over_uring] transport payload lease held 1275 ms (≥ 1 s) — overlong handler invocation or a §5.4 severance escape; watch transport_lease_overlong / transport_parked_commits
[2026-08-28T12:55:54Z ERROR fuse3::raw::connection::fuse_over_uring] transport payload lease held 1275 ms (≥ 1 s) — overlong handler invocation or a §5.4 severance escape; watch transport_lease_overlong / transport_parked_commits
[2026-08-28T12:55:54Z ERROR fuse3::raw::connection::fuse_over_uring] transport payload lease held 1275 ms (≥ 1 s) — overlong handler invocation or a §5.4 severance escape; watch transport_lease_overlong / transport_parked_commits
[2026-08-28T12:55:54Z ERROR fuse3::raw::connection::fuse_over_uring] transport payload lease held 1233 ms (≥ 1 s) — overlong handler invocation or a §5.4 severance escape; watch transport_lease_overlong / transport_parked_commits
[2026-08-28T12:55:54Z ERROR fuse3::raw::connection::fuse_over_uring] transport payload lease held 1179 ms (≥ 1 s) — overlong handler invocation or a §5.4 severance escape; watch transport_lease_overlong / transport_parked_commits
[2026-08-28T12:55:54Z ERROR fuse3::raw::connection::fuse_over_uring] transport payload lease held 1175 ms (≥ 1 s) — overlong handler invocation or a §5.4 severance escape; watch transport_lease_overlong / transport_parked_commits
[2026-08-28T12:55:54Z ERROR fuse3::raw::connection::fuse_over_uring] transport payload lease held 1186 ms (≥ 1 s) — overlong handler invocation or a §5.4 severance escape; watch transport_lease_overlong / transport_parked_commits
[2026-08-28T12:56:00Z ERROR fuse3::raw::connection::fuse_over_uring] transport payload lease held 1071 ms (≥ 1 s) — overlong handler invocation or a §5.4 severance escape; watch transport_lease_overlong / transport_parked_commits
[2026-08-28T12:56:00Z ERROR fuse3::raw::connection::fuse_over_uring] transport payload lease held 1071 ms (≥ 1 s) — overlong handler invocation or a §5.4 severance escape; watch transport_lease_overlong / transport_parked_commits
[2026-08-28T12:56:00Z ERROR fuse3::raw::connection::fuse_over_uring] transport payload lease held 1071 ms (≥ 1 s) — overlong handler invocation or a §5.4 severance escape; watch transport_lease_overlong / transport_parked_commits
[2026-08-28T12:56:00Z ERROR fuse3::raw::connection::fuse_over_uring] transport payload lease held 1071 ms (≥ 1 s) — overlong handler invocation or a §5.4 severance escape; watch transport_lease_overlong / transport_parked_commits
[2026-08-28T12:56:00Z ERROR fuse3::raw::connection::fuse_over_uring] transport payload lease held 1215 ms (≥ 1 s) — overlong handler invocation or a §5.4 severance escape; watch transport_lease_overlong / transport_parked_commits
[2026-08-28T12:56:00Z ERROR fuse3::raw::connection::fuse_over_uring] transport payload lease held 1252 ms (≥ 1 s) — overlong handler invocation or a §5.4 severance escape; watch transport_lease_overlong / transport_parked_commits
[2026-08-28T12:56:00Z ERROR fuse3::raw::connection::fuse_over_uring] transport payload lease held 1252 ms (≥ 1 s) — overlong handler invocation or a §5.4 severance escape; watch transport_lease_overlong / transport_parked_commits
[2026-08-28T12:56:00Z ERROR fuse3::raw::connection::fuse_over_uring] transport payload lease held 1230 ms (≥ 1 s) — overlong handler invocation or a §5.4 severance escape; watch transport_lease_overlong / transport_parked_commits
[2026-08-28T12:56:00Z ERROR fuse3::raw::connection::fuse_over_uring] transport payload lease held 1190 ms (≥ 1 s) — overlong handler invocation or a §5.4 severance escape; watch transport_lease_overlong / transport_parked_commits
[2026-08-28T12:56:00Z ERROR fuse3::raw::connection::fuse_over_uring] transport payload lease held 1374 ms (≥ 1 s) — overlong handler invocation or a §5.4 severance escape; watch transport_lease_overlong / transport_parked_commits
[2026-08-28T12:56:00Z ERROR fuse3::raw::connection::fuse_over_uring] transport payload lease held 1373 ms (≥ 1 s) — overlong handler invocation or a §5.4 severance escape; watch transport_lease_overlong / transport_parked_commits
[2026-08-28T12:56:00Z ERROR fuse3::raw::connection::fuse_over_uring] transport payload lease held 1373 ms (≥ 1 s) — overlong handler invocation or a §5.4 severance escape; watch transport_lease_overlong / transport_parked_commits
[2026-08-28T12:56:00Z ERROR fuse3::raw::connection::fuse_over_uring] transport payload lease held 1354 ms (≥ 1 s) — overlong handler invocation or a §5.4 severance escape; watch transport_lease_overlong / transport_parked_commits
[2026-08-28T12:56:00Z ERROR fuse3::raw::connection::fuse_over_uring] transport payload lease held 1358 ms (≥ 1 s) — overlong handler invocation or a §5.4 severance escape; watch transport_lease_overlong / transport_parked_commits
[2026-08-28T12:56:00Z ERROR fuse3::raw::connection::fuse_over_uring] transport payload lease held 1358 ms (≥ 1 s) — overlong handler invocation or a §5.4 severance escape; watch transport_lease_overlong / transport_parked_commits
[2026-08-28T12:56:00Z ERROR fuse3::raw::connection::fuse_over_uring] transport payload lease held 1358 ms (≥ 1 s) — overlong handler invocation or a §5.4 severance escape; watch transport_lease_overlong / transport_parked_commits
[2026-08-28T12:56:00Z ERROR fuse3::raw::connection::fuse_over_uring] transport payload lease held 1582 ms (≥ 1 s) — overlong handler invocation or a §5.4 severance escape; watch transport_lease_overlong / transport_parked_commits
[2026-08-28T12:56:00Z ERROR fuse3::raw::connection::fuse_over_uring] transport payload lease held 1645 ms (≥ 1 s) — overlong handler invocation or a §5.4 severance escape; watch transport_lease_overlong / transport_parked_commits
[2026-08-28T12:56:00Z ERROR fuse3::raw::connection::fuse_over_uring] transport payload lease held 1645 ms (≥ 1 s) — overlong handler invocation or a §5.4 severance escape; watch transport_lease_overlong / transport_parked_commits
[2026-08-28T12:56:00Z ERROR fuse3::raw::connection::fuse_over_uring] transport payload lease held 1645 ms (≥ 1 s) — overlong handler invocation or a §5.4 severance escape; watch transport_lease_overlong / transport_parked_commits
[2026-08-28T12:56:00Z ERROR fuse3::raw::connection::fuse_over_uring] transport payload lease held 1645 ms (≥ 1 s) — overlong handler invocation or a §5.4 severance escape; watch transport_lease_overlong / transport_parked_commits
[2026-08-28T12:56:00Z ERROR fuse3::raw::connection::fuse_over_uring] transport payload lease held 1006 ms (≥ 1 s) — overlong handler invocation or a §5.4 severance escape; watch transport_lease_overlong / transport_parked_commits
[2026-08-28T12:56:00Z ERROR fuse3::raw::connection::fuse_over_uring] transport payload lease held 1066 ms (≥ 1 s) — overlong handler invocation or a §5.4 severance escape; watch transport_lease_overlong / transport_parked_commits
[2026-08-28T12:56:00Z ERROR fuse3::raw::connection::fuse_over_uring] transport payload lease held 1119 ms (≥ 1 s) — overlong handler invocation or a §5.4 severance escape; watch transport_lease_overlong / transport_parked_commits
[2026-08-28T12:56:00Z ERROR fuse3::raw::connection::fuse_over_uring] transport payload lease held 1152 ms (≥ 1 s) — overlong handler invocation or a §5.4 severance escape; watch transport_lease_overlong / transport_parked_commits
[2026-08-28T12:56:00Z ERROR fuse3::raw::connection::fuse_over_uring] transport payload lease held 1007 ms (≥ 1 s) — overlong handler invocation or a §5.4 severance escape; watch transport_lease_overlong / transport_parked_commits
[2026-08-28T12:56:00Z ERROR fuse3::raw::connection::fuse_over_uring] transport payload lease held 1009 ms (≥ 1 s) — overlong handler invocation or a §5.4 severance escape; watch transport_lease_overlong / transport_parked_commits
[2026-08-28T12:56:00Z ERROR fuse3::raw::connection::fuse_over_uring] transport payload lease held 1007 ms (≥ 1 s) — overlong handler invocation or a §5.4 severance escape; watch transport_lease_overlong / transport_parked_commits
[2026-08-28T12:56:00Z ERROR fuse3::raw::connection::fuse_over_uring] transport payload lease held 1008 ms (≥ 1 s) — overlong handler invocation or a §5.4 severance escape; watch transport_lease_overlong / transport_parked_commits
[2026-08-28T12:56:00Z ERROR fuse3::raw::connection::fuse_over_uring] transport payload lease held 1008 ms (≥ 1 s) — overlong handler invocation or a §5.4 severance escape; watch transport_lease_overlong / transport_parked_commits
[2026-08-28T12:56:00Z ERROR fuse3::raw::connection::fuse_over_uring] transport payload lease held 1122 ms (≥ 1 s) — overlong handler invocation or a §5.4 severance escape; watch transport_lease_overlong / transport_parked_commits
[2026-08-28T12:56:00Z ERROR fuse3::raw::connection::fuse_over_uring] transport payload lease held 1059 ms (≥ 1 s) — overlong handler invocation or a §5.4 severance escape; watch transport_lease_overlong / transport_parked_commits
[2026-08-28T12:56:00Z ERROR fuse3::raw::connection::fuse_over_uring] transport payload lease held 1077 ms (≥ 1 s) — overlong handler invocation or a §5.4 severance escape; watch transport_lease_overlong / transport_parked_commits
[2026-08-28T12:56:00Z ERROR fuse3::raw::connection::fuse_over_uring] transport payload lease held 1100 ms (≥ 1 s) — overlong handler invocation or a §5.4 severance escape; watch transport_lease_overlong / transport_parked_commits
[2026-08-28T12:56:00Z ERROR fuse3::raw::connection::fuse_over_uring] transport payload lease held 1038 ms (≥ 1 s) — overlong handler invocation or a §5.4 severance escape; watch transport_lease_overlong / transport_parked_commits
[2026-08-28T12:56:00Z ERROR fuse3::raw::connection::fuse_over_uring] transport payload lease held 1090 ms (≥ 1 s) — overlong handler invocation or a §5.4 severance escape; watch transport_lease_overlong / transport_parked_commits
[2026-08-28T12:56:00Z ERROR fuse3::raw::connection::fuse_over_uring] transport payload lease held 1111 ms (≥ 1 s) — overlong handler invocation or a §5.4 severance escape; watch transport_lease_overlong / transport_parked_commits
[2026-08-28T12:56:00Z ERROR fuse3::raw::connection::fuse_over_uring] transport payload lease held 1168 ms (≥ 1 s) — overlong handler invocation or a §5.4 severance escape; watch transport_lease_overlong / transport_parked_commits
[2026-08-28T12:56:00Z ERROR fuse3::raw::connection::fuse_over_uring] transport payload lease held 1124 ms (≥ 1 s) — overlong handler invocation or a §5.4 severance escape; watch transport_lease_overlong / transport_parked_commits
[2026-08-28T12:56:00Z ERROR fuse3::raw::connection::fuse_over_uring] transport payload lease held 1082 ms (≥ 1 s) — overlong handler invocation or a §5.4 severance escape; watch transport_lease_overlong / transport_parked_commits
[2026-08-28T12:56:00Z ERROR fuse3::raw::connection::fuse_over_uring] transport payload lease held 1050 ms (≥ 1 s) — overlong handler invocation or a §5.4 severance escape; watch transport_lease_overlong / transport_parked_commits
[2026-08-28T12:56:00Z ERROR fuse3::raw::connection::fuse_over_uring] transport payload lease held 1050 ms (≥ 1 s) — overlong handler invocation or a §5.4 severance escape; watch transport_lease_overlong / transport_parked_commits
[2026-08-28T12:56:00Z ERROR fuse3::raw::connection::fuse_over_uring] transport payload lease held 1220 ms (≥ 1 s) — overlong handler invocation or a §5.4 severance escape; watch transport_lease_overlong / transport_parked_commits
[2026-08-28T12:56:00Z ERROR fuse3::raw::connection::fuse_over_uring] transport payload lease held 1221 ms (≥ 1 s) — overlong handler invocation or a §5.4 severance escape; watch transport_lease_overlong / transport_parked_commits
[2026-08-28T12:56:00Z ERROR fuse3::raw::connection::fuse_over_uring] transport payload lease held 1221 ms (≥ 1 s) — overlong handler invocation or a §5.4 severance escape; watch transport_lease_overlong / transport_parked_commits
[2026-08-28T12:56:00Z ERROR fuse3::raw::connection::fuse_over_uring] transport payload lease held 1441 ms (≥ 1 s) — overlong handler invocation or a §5.4 severance escape; watch transport_lease_overlong / transport_parked_commits
[2026-08-28T12:56:00Z ERROR fuse3::raw::connection::fuse_over_uring] transport payload lease held 1441 ms (≥ 1 s) — overlong handler invocation or a §5.4 severance escape; watch transport_lease_overlong / transport_parked_commits
[2026-08-28T12:56:00Z ERROR fuse3::raw::connection::fuse_over_uring] transport payload lease held 1442 ms (≥ 1 s) — overlong handler invocation or a §5.4 severance escape; watch transport_lease_overlong / transport_parked_commits
[2026-08-28T12:56:00Z ERROR fuse3::raw::connection::fuse_over_uring] transport payload lease held 1121 ms (≥ 1 s) — overlong handler invocation or a §5.4 severance escape; watch transport_lease_overlong / transport_parked_commits
[2026-08-28T12:56:00Z ERROR fuse3::raw::connection::fuse_over_uring] transport payload lease held 1120 ms (≥ 1 s) — overlong handler invocation or a §5.4 severance escape; watch transport_lease_overlong / transport_parked_commits
[2026-08-28T12:56:00Z ERROR fuse3::raw::connection::fuse_over_uring] transport payload lease held 1122 ms (≥ 1 s) — overlong handler invocation or a §5.4 severance escape; watch transport_lease_overlong / transport_parked_commits
[2026-08-28T12:56:00Z ERROR fuse3::raw::connection::fuse_over_uring] transport payload lease held 1549 ms (≥ 1 s) — overlong handler invocation or a §5.4 severance escape; watch transport_lease_overlong / transport_parked_commits
[2026-08-28T12:56:00Z ERROR fuse3::raw::connection::fuse_over_uring] transport payload lease held 1549 ms (≥ 1 s) — overlong handler invocation or a §5.4 severance escape; watch transport_lease_overlong / transport_parked_commits
[2026-08-28T12:56:00Z ERROR fuse3::raw::connection::fuse_over_uring] transport payload lease held 1340 ms (≥ 1 s) — overlong handler invocation or a §5.4 severance escape; watch transport_lease_overlong / transport_parked_commits
[2026-08-28T12:56:00Z ERROR fuse3::raw::connection::fuse_over_uring] transport payload lease held 1339 ms (≥ 1 s) — overlong handler invocation or a §5.4 severance escape; watch transport_lease_overlong / transport_parked_commits
[2026-08-28T12:56:01Z WARN  squeezefs::block_allocator] co-writer: abandoning never-published block offset(s) leak-safe (volume 'nvme7n1', first offset 141083803648): the publish that would have named them failed or refused, and a co-writer may not mutate ownership accounting — the next derivation (mount recovery / fsck C6) returns them to the free supply (cowriter_unpublished_abandons; further offsets at debug level)
[2026-08-28T12:56:04Z ERROR fuse3::raw::connection::fuse_over_uring] transport payload lease held 1065 ms (≥ 1 s) — overlong handler invocation or a §5.4 severance escape; watch transport_lease_overlong / transport_parked_commits
[2026-08-28T12:56:04Z ERROR fuse3::raw::connection::fuse_over_uring] transport payload lease held 1065 ms (≥ 1 s) — overlong handler invocation or a §5.4 severance escape; watch transport_lease_overlong / transport_parked_commits
[2026-08-28T12:56:04Z ERROR fuse3::raw::connection::fuse_over_uring] transport payload lease held 1065 ms (≥ 1 s) — overlong handler invocation or a §5.4 severance escape; watch transport_lease_overlong / transport_parked_commits
[2026-08-28T12:56:04Z ERROR fuse3::raw::connection::fuse_over_uring] transport payload lease held 1007 ms (≥ 1 s) — overlong handler invocation or a §5.4 severance escape; watch transport_lease_overlong / transport_parked_commits
[2026-08-28T12:56:04Z ERROR fuse3::raw::connection::fuse_over_uring] transport payload lease held 1031 ms (≥ 1 s) — overlong handler invocation or a §5.4 severance escape; watch transport_lease_overlong / transport_parked_commits
[2026-08-28T12:56:04Z ERROR fuse3::raw::connection::fuse_over_uring] transport payload lease held 1045 ms (≥ 1 s) — overlong handler invocation or a §5.4 severance escape; watch transport_lease_overlong / transport_parked_commits
[2026-08-28T12:56:04Z ERROR fuse3::raw::connection::fuse_over_uring] transport payload lease held 1045 ms (≥ 1 s) — overlong handler invocation or a §5.4 severance escape; watch transport_lease_overlong / transport_parked_commits
[2026-08-28T12:56:04Z ERROR fuse3::raw::connection::fuse_over_uring] transport payload lease held 1046 ms (≥ 1 s) — overlong handler invocation or a §5.4 severance escape; watch transport_lease_overlong / transport_parked_commits
[2026-08-28T12:56:04Z ERROR fuse3::raw::connection::fuse_over_uring] transport payload lease held 1046 ms (≥ 1 s) — overlong handler invocation or a §5.4 severance escape; watch transport_lease_overlong / transport_parked_commits
[2026-08-28T12:56:04Z ERROR fuse3::raw::connection::fuse_over_uring] transport payload lease held 1059 ms (≥ 1 s) — overlong handler invocation or a §5.4 severance escape; watch transport_lease_overlong / transport_parked_commits
[2026-08-28T12:56:04Z ERROR fuse3::raw::connection::fuse_over_uring] transport payload lease held 1103 ms (≥ 1 s) — overlong handler invocation or a §5.4 severance escape; watch transport_lease_overlong / transport_parked_commits
[2026-08-28T12:56:04Z ERROR fuse3::raw::connection::fuse_over_uring] transport payload lease held 1018 ms (≥ 1 s) — overlong handler invocation or a §5.4 severance escape; watch transport_lease_overlong / transport_parked_commits
[2026-08-28T12:56:04Z ERROR fuse3::raw::connection::fuse_over_uring] transport payload lease held 1036 ms (≥ 1 s) — overlong handler invocation or a §5.4 severance escape; watch transport_lease_overlong / transport_parked_commits
[2026-08-28T12:56:04Z ERROR fuse3::raw::connection::fuse_over_uring] transport payload lease held 1136 ms (≥ 1 s) — overlong handler invocation or a §5.4 severance escape; watch transport_lease_overlong / transport_parked_commits
[2026-08-28T12:56:04Z ERROR fuse3::raw::connection::fuse_over_uring] transport payload lease held 1115 ms (≥ 1 s) — overlong handler invocation or a §5.4 severance escape; watch transport_lease_overlong / transport_parked_commits
[2026-08-28T12:56:04Z ERROR fuse3::raw::connection::fuse_over_uring] transport payload lease held 1108 ms (≥ 1 s) — overlong handler invocation or a §5.4 severance escape; watch transport_lease_overlong / transport_parked_commits
[2026-08-28T12:56:04Z ERROR fuse3::raw::connection::fuse_over_uring] transport payload lease held 1244 ms (≥ 1 s) — overlong handler invocation or a §5.4 severance escape; watch transport_lease_overlong / transport_parked_commits
[2026-08-28T12:56:04Z ERROR fuse3::raw::connection::fuse_over_uring] transport payload lease held 1243 ms (≥ 1 s) — overlong handler invocation or a §5.4 severance escape; watch transport_lease_overlong / transport_parked_commits
[2026-08-28T12:56:04Z ERROR fuse3::raw::connection::fuse_over_uring] transport payload lease held 1243 ms (≥ 1 s) — overlong handler invocation or a §5.4 severance escape; watch transport_lease_overlong / transport_parked_commits
[2026-08-28T12:56:04Z ERROR fuse3::raw::connection::fuse_over_uring] transport payload lease held 1409 ms (≥ 1 s) — overlong handler invocation or a §5.4 severance escape; watch transport_lease_overlong / transport_parked_commits
[2026-08-28T12:56:04Z ERROR fuse3::raw::connection::fuse_over_uring] transport payload lease held 1409 ms (≥ 1 s) — overlong handler invocation or a §5.4 severance escape; watch transport_lease_overlong / transport_parked_commits
[2026-08-28T12:56:04Z ERROR fuse3::raw::connection::fuse_over_uring] transport payload lease held 1409 ms (≥ 1 s) — overlong handler invocation or a §5.4 severance escape; watch transport_lease_overlong / transport_parked_commits
[2026-08-28T12:56:04Z ERROR fuse3::raw::connection::fuse_over_uring] transport payload lease held 1409 ms (≥ 1 s) — overlong handler invocation or a §5.4 severance escape; watch transport_lease_overlong / transport_parked_commits
[2026-08-28T12:56:09Z ERROR fuse3::raw::connection::fuse_over_uring] transport payload lease held 1050 ms (≥ 1 s) — overlong handler invocation or a §5.4 severance escape; watch transport_lease_overlong / transport_parked_commits
[2026-08-28T12:56:09Z ERROR fuse3::raw::connection::fuse_over_uring] transport payload lease held 1050 ms (≥ 1 s) — overlong handler invocation or a §5.4 severance escape; watch transport_lease_overlong / transport_parked_commits
[2026-08-28T12:56:09Z ERROR fuse3::raw::connection::fuse_over_uring] transport payload lease held 1038 ms (≥ 1 s) — overlong handler invocation or a §5.4 severance escape; watch transport_lease_overlong / transport_parked_commits
[2026-08-28T12:56:10Z ERROR fuse3::raw::connection::fuse_over_uring] transport payload lease held 1359 ms (≥ 1 s) — overlong handler invocation or a §5.4 severance escape; watch transport_lease_overlong / transport_parked_commits
[2026-08-28T12:56:10Z ERROR fuse3::raw::connection::fuse_over_uring] transport payload lease held 1489 ms (≥ 1 s) — overlong handler invocation or a §5.4 severance escape; watch transport_lease_overlong / transport_parked_commits
[2026-08-28T12:56:10Z ERROR fuse3::raw::connection::fuse_over_uring] transport payload lease held 1521 ms (≥ 1 s) — overlong handler invocation or a §5.4 severance escape; watch transport_lease_overlong / transport_parked_commits
[2026-08-28T12:56:10Z ERROR fuse3::raw::connection::fuse_over_uring] transport payload lease held 1499 ms (≥ 1 s) — overlong handler invocation or a §5.4 severance escape; watch transport_lease_overlong / transport_parked_commits
[2026-08-28T12:56:10Z ERROR fuse3::raw::connection::fuse_over_uring] transport payload lease held 1448 ms (≥ 1 s) — overlong handler invocation or a §5.4 severance escape; watch transport_lease_overlong / transport_parked_commits
[2026-08-28T12:56:10Z ERROR fuse3::raw::connection::fuse_over_uring] transport payload lease held 1426 ms (≥ 1 s) — overlong handler invocation or a §5.4 severance escape; watch transport_lease_overlong / transport_parked_commits
[2026-08-28T12:56:10Z ERROR fuse3::raw::connection::fuse_over_uring] transport payload lease held 1426 ms (≥ 1 s) — overlong handler invocation or a §5.4 severance escape; watch transport_lease_overlong / transport_parked_commits
[2026-08-28T12:56:10Z ERROR fuse3::raw::connection::fuse_over_uring] transport payload lease held 1426 ms (≥ 1 s) — overlong handler invocation or a §5.4 severance escape; watch transport_lease_overlong / transport_parked_commits
[2026-08-28T12:56:10Z ERROR fuse3::raw::connection::fuse_over_uring] transport payload lease held 1256 ms (≥ 1 s) — overlong handler invocation or a §5.4 severance escape; watch transport_lease_overlong / transport_parked_commits
[2026-08-28T12:56:10Z ERROR fuse3::raw::connection::fuse_over_uring] transport payload lease held 1256 ms (≥ 1 s) — overlong handler invocation or a §5.4 severance escape; watch transport_lease_overlong / transport_parked_commits
[2026-08-28T12:56:10Z ERROR fuse3::raw::connection::fuse_over_uring] transport payload lease held 1233 ms (≥ 1 s) — overlong handler invocation or a §5.4 severance escape; watch transport_lease_overlong / transport_parked_commits
[2026-08-28T12:56:10Z ERROR fuse3::raw::connection::fuse_over_uring] transport payload lease held 1233 ms (≥ 1 s) — overlong handler invocation or a §5.4 severance escape; watch transport_lease_overlong / transport_parked_commits
[2026-08-28T12:56:11Z ERROR fuse3::raw::connection::fuse_over_uring] transport payload lease held 1318 ms (≥ 1 s) — overlong handler invocation or a §5.4 severance escape; watch transport_lease_overlong / transport_parked_commits
[2026-08-28T12:56:11Z ERROR fuse3::raw::connection::fuse_over_uring] transport payload lease held 1449 ms (≥ 1 s) — overlong handler invocation or a §5.4 severance escape; watch transport_lease_overlong / transport_parked_commits
[2026-08-28T12:56:11Z ERROR fuse3::raw::connection::fuse_over_uring] transport payload lease held 1317 ms (≥ 1 s) — overlong handler invocation or a §5.4 severance escape; watch transport_lease_overlong / transport_parked_commits
[2026-08-28T12:56:11Z ERROR fuse3::raw::connection::fuse_over_uring] transport payload lease held 1317 ms (≥ 1 s) — overlong handler invocation or a §5.4 severance escape; watch transport_lease_overlong / transport_parked_commits
[2026-08-28T12:56:11Z ERROR fuse3::raw::connection::fuse_over_uring] transport payload lease held 1116 ms (≥ 1 s) — overlong handler invocation or a §5.4 severance escape; watch transport_lease_overlong / transport_parked_commits
[2026-08-28T12:56:11Z ERROR fuse3::raw::connection::fuse_over_uring] transport payload lease held 1289 ms (≥ 1 s) — overlong handler invocation or a §5.4 severance escape; watch transport_lease_overlong / transport_parked_commits
[2026-08-28T12:56:11Z ERROR fuse3::raw::connection::fuse_over_uring] transport payload lease held 1266 ms (≥ 1 s) — overlong handler invocation or a §5.4 severance escape; watch transport_lease_overlong / transport_parked_commits
[2026-08-28T12:56:11Z ERROR fuse3::raw::connection::fuse_over_uring] transport payload lease held 1266 ms (≥ 1 s) — overlong handler invocation or a §5.4 severance escape; watch transport_lease_overlong / transport_parked_commits
[2026-08-28T12:56:11Z ERROR fuse3::raw::connection::fuse_over_uring] transport payload lease held 1266 ms (≥ 1 s) — overlong handler invocation or a §5.4 severance escape; watch transport_lease_overlong / transport_parked_commits
[2026-08-28T12:56:11Z ERROR fuse3::raw::connection::fuse_over_uring] transport payload lease held 1079 ms (≥ 1 s) — overlong handler invocation or a §5.4 severance escape; watch transport_lease_overlong / transport_parked_commits
[2026-08-28T12:56:11Z ERROR fuse3::raw::connection::fuse_over_uring] transport payload lease held 1079 ms (≥ 1 s) — overlong handler invocation or a §5.4 severance escape; watch transport_lease_overlong / transport_parked_commits
[2026-08-28T12:56:11Z ERROR fuse3::raw::connection::fuse_over_uring] transport payload lease held 1080 ms (≥ 1 s) — overlong handler invocation or a §5.4 severance escape; watch transport_lease_overlong / transport_parked_commits
[2026-08-28T12:56:11Z ERROR fuse3::raw::connection::fuse_over_uring] transport payload lease held 1080 ms (≥ 1 s) — overlong handler invocation or a §5.4 severance escape; watch transport_lease_overlong / transport_parked_commits
[2026-08-28T12:56:11Z ERROR fuse3::raw::connection::fuse_over_uring] transport payload lease held 1060 ms (≥ 1 s) — overlong handler invocation or a §5.4 severance escape; watch transport_lease_overlong / transport_parked_commits
[2026-08-28T12:56:11Z ERROR fuse3::raw::connection::fuse_over_uring] transport payload lease held 1017 ms (≥ 1 s) — overlong handler invocation or a §5.4 severance escape; watch transport_lease_overlong / transport_parked_commits
[2026-08-28T12:56:11Z ERROR fuse3::raw::connection::fuse_over_uring] transport payload lease held 1017 ms (≥ 1 s) — overlong handler invocation or a §5.4 severance escape; watch transport_lease_overlong / transport_parked_commits
[2026-08-28T12:56:11Z ERROR fuse3::raw::connection::fuse_over_uring] transport payload lease held 1017 ms (≥ 1 s) — overlong handler invocation or a §5.4 severance escape; watch transport_lease_overlong / transport_parked_commits
[2026-08-28T12:56:11Z ERROR fuse3::raw::connection::fuse_over_uring] transport payload lease held 1017 ms (≥ 1 s) — overlong handler invocation or a §5.4 severance escape; watch transport_lease_overlong / transport_parked_commits
[2026-08-28T12:56:11Z ERROR fuse3::raw::connection::fuse_over_uring] transport payload lease held 1017 ms (≥ 1 s) — overlong handler invocation or a §5.4 severance escape; watch transport_lease_overlong / transport_parked_commits
[2026-08-28T12:56:11Z ERROR fuse3::raw::connection::fuse_over_uring] transport payload lease held 1017 ms (≥ 1 s) — overlong handler invocation or a §5.4 severance escape; watch transport_lease_overlong / transport_parked_commits
[2026-08-28T12:56:11Z ERROR fuse3::raw::connection::fuse_over_uring] transport payload lease held 1017 ms (≥ 1 s) — overlong handler invocation or a §5.4 severance escape; watch transport_lease_overlong / transport_parked_commits
[2026-08-28T12:56:11Z ERROR fuse3::raw::connection::fuse_over_uring] transport payload lease held 1017 ms (≥ 1 s) — overlong handler invocation or a §5.4 severance escape; watch transport_lease_overlong / transport_parked_commits
[2026-08-28T12:56:11Z ERROR fuse3::raw::connection::fuse_over_uring] transport payload lease held 1273 ms (≥ 1 s) — overlong handler invocation or a §5.4 severance escape; watch transport_lease_overlong / transport_parked_commits
[2026-08-28T12:56:11Z ERROR fuse3::raw::connection::fuse_over_uring] transport payload lease held 1273 ms (≥ 1 s) — overlong handler invocation or a §5.4 severance escape; watch transport_lease_overlong / transport_parked_commits
[2026-08-28T12:56:11Z ERROR fuse3::raw::connection::fuse_over_uring] transport payload lease held 1274 ms (≥ 1 s) — overlong handler invocation or a §5.4 severance escape; watch transport_lease_overlong / transport_parked_commits
[2026-08-28T12:56:11Z ERROR fuse3::raw::connection::fuse_over_uring] transport payload lease held 1272 ms (≥ 1 s) — overlong handler invocation or a §5.4 severance escape; watch transport_lease_overlong / transport_parked_commits
[2026-08-28T12:56:11Z ERROR fuse3::raw::connection::fuse_over_uring] transport payload lease held 1274 ms (≥ 1 s) — overlong handler invocation or a §5.4 severance escape; watch transport_lease_overlong / transport_parked_commits
[2026-08-28T12:56:11Z ERROR fuse3::raw::connection::fuse_over_uring] transport payload lease held 1273 ms (≥ 1 s) — overlong handler invocation or a §5.4 severance escape; watch transport_lease_overlong / transport_parked_commits
[2026-08-28T12:56:11Z ERROR fuse3::raw::connection::fuse_over_uring] transport payload lease held 1273 ms (≥ 1 s) — overlong handler invocation or a §5.4 severance escape; watch transport_lease_overlong / transport_parked_commits
[2026-08-28T12:56:11Z ERROR fuse3::raw::connection::fuse_over_uring] transport payload lease held 1272 ms (≥ 1 s) — overlong handler invocation or a §5.4 severance escape; watch transport_lease_overlong / transport_parked_commits
[2026-08-28T12:56:11Z ERROR fuse3::raw::connection::fuse_over_uring] transport payload lease held 1175 ms (≥ 1 s) — overlong handler invocation or a §5.4 severance escape; watch transport_lease_overlong / transport_parked_commits
[2026-08-28T12:56:11Z ERROR fuse3::raw::connection::fuse_over_uring] transport payload lease held 1175 ms (≥ 1 s) — overlong handler invocation or a §5.4 severance escape; watch transport_lease_overlong / transport_parked_commits
[2026-08-28T12:56:11Z WARN  squeezefs::block_allocator] co-writer: abandoning never-published block offset(s) leak-safe (volume 'nvme4n1', first offset 153700270080): the publish that would have named them failed or refused, and a co-writer may not mutate ownership accounting — the next derivation (mount recovery / fsck C6) returns them to the free supply (cowriter_unpublished_abandons; further offsets at debug level)
[2026-08-28T12:56:14Z ERROR fuse3::raw::connection::fuse_over_uring] transport payload lease held 1035 ms (≥ 1 s) — overlong handler invocation or a §5.4 severance escape; watch transport_lease_overlong / transport_parked_commits
[2026-08-28T12:56:14Z ERROR fuse3::raw::connection::fuse_over_uring] transport payload lease held 1035 ms (≥ 1 s) — overlong handler invocation or a §5.4 severance escape; watch transport_lease_overlong / transport_parked_commits
[2026-08-28T12:56:14Z ERROR fuse3::raw::connection::fuse_over_uring] transport payload lease held 1070 ms (≥ 1 s) — overlong handler invocation or a §5.4 severance escape; watch transport_lease_overlong / transport_parked_commits
[2026-08-28T12:56:14Z ERROR fuse3::raw::connection::fuse_over_uring] transport payload lease held 1066 ms (≥ 1 s) — overlong handler invocation or a §5.4 severance escape; watch transport_lease_overlong / transport_parked_commits
[2026-08-28T12:56:14Z ERROR fuse3::raw::connection::fuse_over_uring] transport payload lease held 1055 ms (≥ 1 s) — overlong handler invocation or a §5.4 severance escape; watch transport_lease_overlong / transport_parked_commits
[2026-08-28T12:56:14Z ERROR fuse3::raw::connection::fuse_over_uring] transport payload lease held 1007 ms (≥ 1 s) — overlong handler invocation or a §5.4 severance escape; watch transport_lease_overlong / transport_parked_commits
[2026-08-28T12:56:14Z ERROR fuse3::raw::connection::fuse_over_uring] transport payload lease held 1024 ms (≥ 1 s) — overlong handler invocation or a §5.4 severance escape; watch transport_lease_overlong / transport_parked_commits
[2026-08-28T12:56:14Z ERROR fuse3::raw::connection::fuse_over_uring] transport payload lease held 1023 ms (≥ 1 s) — overlong handler invocation or a §5.4 severance escape; watch transport_lease_overlong / transport_parked_commits
[2026-08-28T12:56:14Z ERROR fuse3::raw::connection::fuse_over_uring] transport payload lease held 1023 ms (≥ 1 s) — overlong handler invocation or a §5.4 severance escape; watch transport_lease_overlong / transport_parked_commits
[2026-08-28T12:56:14Z ERROR fuse3::raw::connection::fuse_over_uring] transport payload lease held 1023 ms (≥ 1 s) — overlong handler invocation or a §5.4 severance escape; watch transport_lease_overlong / transport_parked_commits
[2026-08-28T12:56:16Z ERROR fuse3::raw::connection::fuse_over_uring] transport payload lease held 1120 ms (≥ 1 s) — overlong handler invocation or a §5.4 severance escape; watch transport_lease_overlong / transport_parked_commits
[2026-08-28T12:56:16Z ERROR fuse3::raw::connection::fuse_over_uring] transport payload lease held 1120 ms (≥ 1 s) — overlong handler invocation or a §5.4 severance escape; watch transport_lease_overlong / transport_parked_commits
[2026-08-28T12:56:16Z ERROR fuse3::raw::connection::fuse_over_uring] transport payload lease held 1120 ms (≥ 1 s) — overlong handler invocation or a §5.4 severance escape; watch transport_lease_overlong / transport_parked_commits
[2026-08-28T12:56:16Z ERROR fuse3::raw::connection::fuse_over_uring] transport payload lease held 1099 ms (≥ 1 s) — overlong handler invocation or a §5.4 severance escape; watch transport_lease_overlong / transport_parked_commits
[2026-08-28T12:56:16Z ERROR fuse3::raw::connection::fuse_over_uring] transport payload lease held 1152 ms (≥ 1 s) — overlong handler invocation or a §5.4 severance escape; watch transport_lease_overlong / transport_parked_commits
[2026-08-28T12:56:16Z ERROR fuse3::raw::connection::fuse_over_uring] transport payload lease held 1152 ms (≥ 1 s) — overlong handler invocation or a §5.4 severance escape; watch transport_lease_overlong / transport_parked_commits
[2026-08-28T12:56:16Z ERROR fuse3::raw::connection::fuse_over_uring] transport payload lease held 1159 ms (≥ 1 s) — overlong handler invocation or a §5.4 severance escape; watch transport_lease_overlong / transport_parked_commits
[2026-08-28T12:56:16Z ERROR fuse3::raw::connection::fuse_over_uring] transport payload lease held 1105 ms (≥ 1 s) — overlong handler invocation or a §5.4 severance escape; watch transport_lease_overlong / transport_parked_commits
[2026-08-28T12:56:16Z ERROR fuse3::raw::connection::fuse_over_uring] transport payload lease held 1465 ms (≥ 1 s) — overlong handler invocation or a §5.4 severance escape; watch transport_lease_overlong / transport_parked_commits
[2026-08-28T12:56:16Z ERROR fuse3::raw::connection::fuse_over_uring] transport payload lease held 1446 ms (≥ 1 s) — overlong handler invocation or a §5.4 severance escape; watch transport_lease_overlong / transport_parked_commits
[2026-08-28T12:56:16Z ERROR fuse3::raw::connection::fuse_over_uring] transport payload lease held 1446 ms (≥ 1 s) — overlong handler invocation or a §5.4 severance escape; watch transport_lease_overlong / transport_parked_commits
[2026-08-28T12:56:16Z ERROR fuse3::raw::connection::fuse_over_uring] transport payload lease held 1297 ms (≥ 1 s) — overlong handler invocation or a §5.4 severance escape; watch transport_lease_overlong / transport_parked_commits
[2026-08-28T12:56:16Z ERROR fuse3::raw::connection::fuse_over_uring] transport payload lease held 1301 ms (≥ 1 s) — overlong handler invocation or a §5.4 severance escape; watch transport_lease_overlong / transport_parked_commits
[2026-08-28T12:56:16Z ERROR fuse3::raw::connection::fuse_over_uring] transport payload lease held 1301 ms (≥ 1 s) — overlong handler invocation or a §5.4 severance escape; watch transport_lease_overlong / transport_parked_commits
[2026-08-28T12:56:16Z ERROR fuse3::raw::connection::fuse_over_uring] transport payload lease held 1603 ms (≥ 1 s) — overlong handler invocation or a §5.4 severance escape; watch transport_lease_overlong / transport_parked_commits
[2026-08-28T12:56:16Z ERROR fuse3::raw::connection::fuse_over_uring] transport payload lease held 1603 ms (≥ 1 s) — overlong handler invocation or a §5.4 severance escape; watch transport_lease_overlong / transport_parked_commits
[2026-08-28T12:56:16Z ERROR fuse3::raw::connection::fuse_over_uring] transport payload lease held 1605 ms (≥ 1 s) — overlong handler invocation or a §5.4 severance escape; watch transport_lease_overlong / transport_parked_commits
[2026-08-28T12:56:16Z ERROR fuse3::raw::connection::fuse_over_uring] transport payload lease held 1605 ms (≥ 1 s) — overlong handler invocation or a §5.4 severance escape; watch transport_lease_overlong / transport_parked_commits
[2026-08-28T12:56:16Z ERROR fuse3::raw::connection::fuse_over_uring] transport payload lease held 1443 ms (≥ 1 s) — overlong handler invocation or a §5.4 severance escape; watch transport_lease_overlong / transport_parked_commits
[2026-08-28T12:56:19Z ERROR fuse3::raw::connection::fuse_over_uring] transport payload lease held 1056 ms (≥ 1 s) — overlong handler invocation or a §5.4 severance escape; watch transport_lease_overlong / transport_parked_commits
[2026-08-28T12:56:19Z ERROR fuse3::raw::connection::fuse_over_uring] transport payload lease held 1050 ms (≥ 1 s) — overlong handler invocation or a §5.4 severance escape; watch transport_lease_overlong / transport_parked_commits
[2026-08-28T12:56:19Z ERROR fuse3::raw::connection::fuse_over_uring] transport payload lease held 1049 ms (≥ 1 s) — overlong handler invocation or a §5.4 severance escape; watch transport_lease_overlong / transport_parked_commits
[2026-08-28T12:56:19Z ERROR fuse3::raw::connection::fuse_over_uring] transport payload lease held 1049 ms (≥ 1 s) — overlong handler invocation or a §5.4 severance escape; watch transport_lease_overlong / transport_parked_commits
[2026-08-28T12:56:20Z ERROR fuse3::raw::connection::fuse_over_uring] transport payload lease held 1278 ms (≥ 1 s) — overlong handler invocation or a §5.4 severance escape; watch transport_lease_overlong / transport_parked_commits
[2026-08-28T12:56:20Z ERROR fuse3::raw::connection::fuse_over_uring] transport payload lease held 1278 ms (≥ 1 s) — overlong handler invocation or a §5.4 severance escape; watch transport_lease_overlong / transport_parked_commits
[2026-08-28T12:56:20Z ERROR fuse3::raw::connection::fuse_over_uring] transport payload lease held 1265 ms (≥ 1 s) — overlong handler invocation or a §5.4 severance escape; watch transport_lease_overlong / transport_parked_commits
[2026-08-28T12:56:20Z ERROR fuse3::raw::connection::fuse_over_uring] transport payload lease held 1265 ms (≥ 1 s) — overlong handler invocation or a §5.4 severance escape; watch transport_lease_overlong / transport_parked_commits
[2026-08-28T12:56:20Z ERROR fuse3::raw::connection::fuse_over_uring] transport payload lease held 1253 ms (≥ 1 s) — overlong handler invocation or a §5.4 severance escape; watch transport_lease_overlong / transport_parked_commits
[2026-08-28T12:56:20Z ERROR fuse3::raw::connection::fuse_over_uring] transport payload lease held 1231 ms (≥ 1 s) — overlong handler invocation or a §5.4 severance escape; watch transport_lease_overlong / transport_parked_commits
[2026-08-28T12:56:22Z WARN  squeezefs::block_allocator] co-writer: abandoning never-published block offset(s) leak-safe (volume 'nvme4n1', first offset 164974559232): the publish that would have named them failed or refused, and a co-writer may not mutate ownership accounting — the next derivation (mount recovery / fsck C6) returns them to the free supply (cowriter_unpublished_abandons; further offsets at debug level)
[2026-08-28T12:56:26Z ERROR fuse3::raw::connection::fuse_over_uring] transport payload lease held 1058 ms (≥ 1 s) — overlong handler invocation or a §5.4 severance escape; watch transport_lease_overlong / transport_parked_commits
[2026-08-28T12:56:26Z ERROR fuse3::raw::connection::fuse_over_uring] transport payload lease held 1058 ms (≥ 1 s) — overlong handler invocation or a §5.4 severance escape; watch transport_lease_overlong / transport_parked_commits
[2026-08-28T12:56:26Z ERROR fuse3::raw::connection::fuse_over_uring] transport payload lease held 1058 ms (≥ 1 s) — overlong handler invocation or a §5.4 severance escape; watch transport_lease_overlong / transport_parked_commits
[2026-08-28T12:56:26Z ERROR fuse3::raw::connection::fuse_over_uring] transport payload lease held 1058 ms (≥ 1 s) — overlong handler invocation or a §5.4 severance escape; watch transport_lease_overlong / transport_parked_commits
[2026-08-28T12:56:26Z ERROR fuse3::raw::connection::fuse_over_uring] transport payload lease held 1005 ms (≥ 1 s) — overlong handler invocation or a §5.4 severance escape; watch transport_lease_overlong / transport_parked_commits
[2026-08-28T12:56:26Z ERROR fuse3::raw::connection::fuse_over_uring] transport payload lease held 1005 ms (≥ 1 s) — overlong handler invocation or a §5.4 severance escape; watch transport_lease_overlong / transport_parked_commits
[2026-08-28T12:56:26Z ERROR fuse3::raw::connection::fuse_over_uring] transport payload lease held 1005 ms (≥ 1 s) — overlong handler invocation or a §5.4 severance escape; watch transport_lease_overlong / transport_parked_commits
[2026-08-28T12:56:26Z ERROR fuse3::raw::connection::fuse_over_uring] transport payload lease held 1005 ms (≥ 1 s) — overlong handler invocation or a §5.4 severance escape; watch transport_lease_overlong / transport_parked_commits
[2026-08-28T12:56:26Z ERROR fuse3::raw::connection::fuse_over_uring] transport payload lease held 1033 ms (≥ 1 s) — overlong handler invocation or a §5.4 severance escape; watch transport_lease_overlong / transport_parked_commits
[2026-08-28T12:56:26Z ERROR fuse3::raw::connection::fuse_over_uring] transport payload lease held 1032 ms (≥ 1 s) — overlong handler invocation or a §5.4 severance escape; watch transport_lease_overlong / transport_parked_commits
[2026-08-28T12:56:26Z ERROR fuse3::raw::connection::fuse_over_uring] transport payload lease held 1032 ms (≥ 1 s) — overlong handler invocation or a §5.4 severance escape; watch transport_lease_overlong / transport_parked_commits
[2026-08-28T12:56:26Z ERROR fuse3::raw::connection::fuse_over_uring] transport payload lease held 1129 ms (≥ 1 s) — overlong handler invocation or a §5.4 severance escape; watch transport_lease_overlong / transport_parked_commits
[2026-08-28T12:56:26Z ERROR fuse3::raw::connection::fuse_over_uring] transport payload lease held 1128 ms (≥ 1 s) — overlong handler invocation or a §5.4 severance escape; watch transport_lease_overlong / transport_parked_commits
[2026-08-28T12:56:26Z ERROR fuse3::raw::connection::fuse_over_uring] transport payload lease held 1128 ms (≥ 1 s) — overlong handler invocation or a §5.4 severance escape; watch transport_lease_overlong / transport_parked_commits
[2026-08-28T12:56:26Z ERROR fuse3::raw::connection::fuse_over_uring] transport payload lease held 1128 ms (≥ 1 s) — overlong handler invocation or a §5.4 severance escape; watch transport_lease_overlong / transport_parked_commits
[2026-08-28T12:56:26Z ERROR fuse3::raw::connection::fuse_over_uring] transport payload lease held 1078 ms (≥ 1 s) — overlong handler invocation or a §5.4 severance escape; watch transport_lease_overlong / transport_parked_commits
[2026-08-28T12:56:26Z ERROR fuse3::raw::connection::fuse_over_uring] transport payload lease held 1078 ms (≥ 1 s) — overlong handler invocation or a §5.4 severance escape; watch transport_lease_overlong / transport_parked_commits
[2026-08-28T12:56:26Z ERROR fuse3::raw::connection::fuse_over_uring] transport payload lease held 1078 ms (≥ 1 s) — overlong handler invocation or a §5.4 severance escape; watch transport_lease_overlong / transport_parked_commits
[2026-08-28T12:56:26Z ERROR fuse3::raw::connection::fuse_over_uring] transport payload lease held 1109 ms (≥ 1 s) — overlong handler invocation or a §5.4 severance escape; watch transport_lease_overlong / transport_parked_commits
[2026-08-28T12:56:26Z ERROR fuse3::raw::connection::fuse_over_uring] transport payload lease held 1109 ms (≥ 1 s) — overlong handler invocation or a §5.4 severance escape; watch transport_lease_overlong / transport_parked_commits
[2026-08-28T12:56:26Z ERROR fuse3::raw::connection::fuse_over_uring] transport payload lease held 1109 ms (≥ 1 s) — overlong handler invocation or a §5.4 severance escape; watch transport_lease_overlong / transport_parked_commits
[2026-08-28T12:56:26Z ERROR fuse3::raw::connection::fuse_over_uring] transport payload lease held 1109 ms (≥ 1 s) — overlong handler invocation or a §5.4 severance escape; watch transport_lease_overlong / transport_parked_commits
[2026-08-28T12:56:31Z ERROR fuse3::raw::connection::fuse_over_uring] transport payload lease held 1028 ms (≥ 1 s) — overlong handler invocation or a §5.4 severance escape; watch transport_lease_overlong / transport_parked_commits
[2026-08-28T12:56:31Z ERROR fuse3::raw::connection::fuse_over_uring] transport payload lease held 1028 ms (≥ 1 s) — overlong handler invocation or a §5.4 severance escape; watch transport_lease_overlong / transport_parked_commits
[2026-08-28T12:56:31Z ERROR fuse3::raw::connection::fuse_over_uring] transport payload lease held 1027 ms (≥ 1 s) — overlong handler invocation or a §5.4 severance escape; watch transport_lease_overlong / transport_parked_commits
[2026-08-28T12:56:31Z ERROR fuse3::raw::connection::fuse_over_uring] transport payload lease held 1027 ms (≥ 1 s) — overlong handler invocation or a §5.4 severance escape; watch transport_lease_overlong / transport_parked_commits
[2026-08-28T12:56:31Z ERROR fuse3::raw::connection::fuse_over_uring] transport payload lease held 1053 ms (≥ 1 s) — overlong handler invocation or a §5.4 severance escape; watch transport_lease_overlong / transport_parked_commits
[2026-08-28T12:56:31Z ERROR fuse3::raw::connection::fuse_over_uring] transport payload lease held 1053 ms (≥ 1 s) — overlong handler invocation or a §5.4 severance escape; watch transport_lease_overlong / transport_parked_commits
[2026-08-28T12:56:31Z ERROR fuse3::raw::connection::fuse_over_uring] transport payload lease held 1053 ms (≥ 1 s) — overlong handler invocation or a §5.4 severance escape; watch transport_lease_overlong / transport_parked_commits
[2026-08-28T12:56:31Z ERROR fuse3::raw::connection::fuse_over_uring] transport payload lease held 1053 ms (≥ 1 s) — overlong handler invocation or a §5.4 severance escape; watch transport_lease_overlong / transport_parked_commits
[2026-08-28T12:56:31Z ERROR fuse3::raw::connection::fuse_over_uring] transport payload lease held 1153 ms (≥ 1 s) — overlong handler invocation or a §5.4 severance escape; watch transport_lease_overlong / transport_parked_commits
[2026-08-28T12:56:31Z ERROR fuse3::raw::connection::fuse_over_uring] transport payload lease held 1153 ms (≥ 1 s) — overlong handler invocation or a §5.4 severance escape; watch transport_lease_overlong / transport_parked_commits
[2026-08-28T12:56:31Z ERROR fuse3::raw::connection::fuse_over_uring] transport payload lease held 1320 ms (≥ 1 s) — overlong handler invocation or a §5.4 severance escape; watch transport_lease_overlong / transport_parked_commits
[2026-08-28T12:56:31Z ERROR fuse3::raw::connection::fuse_over_uring] transport payload lease held 1314 ms (≥ 1 s) — overlong handler invocation or a §5.4 severance escape; watch transport_lease_overlong / transport_parked_commits
[2026-08-28T12:56:31Z ERROR fuse3::raw::connection::fuse_over_uring] transport payload lease held 1314 ms (≥ 1 s) — overlong handler invocation or a §5.4 severance escape; watch transport_lease_overlong / transport_parked_commits
[2026-08-28T12:56:31Z ERROR fuse3::raw::connection::fuse_over_uring] transport payload lease held 1310 ms (≥ 1 s) — overlong handler invocation or a §5.4 severance escape; watch transport_lease_overlong / transport_parked_commits
[2026-08-28T12:56:31Z WARN  squeezefs::block_allocator] co-writer: abandoning never-published block offset(s) leak-safe (volume 'nvme7n1', first offset 176651501568): the publish that would have named them failed or refused, and a co-writer may not mutate ownership accounting — the next derivation (mount recovery / fsck C6) returns them to the free supply (cowriter_unpublished_abandons; further offsets at debug level)
[2026-08-28T12:56:31Z ERROR fuse3::raw::connection::fuse_over_uring] transport payload lease held 1830 ms (≥ 1 s) — overlong handler invocation or a §5.4 severance escape; watch transport_lease_overlong / transport_parked_commits
[2026-08-28T12:56:31Z ERROR fuse3::raw::connection::fuse_over_uring] transport payload lease held 1832 ms (≥ 1 s) — overlong handler invocation or a §5.4 severance escape; watch transport_lease_overlong / transport_parked_commits
[2026-08-28T12:56:31Z ERROR fuse3::raw::connection::fuse_over_uring] transport payload lease held 1832 ms (≥ 1 s) — overlong handler invocation or a §5.4 severance escape; watch transport_lease_overlong / transport_parked_commits
[2026-08-28T12:56:37Z ERROR fuse3::raw::connection::fuse_over_uring] transport payload lease held 1396 ms (≥ 1 s) — overlong handler invocation or a §5.4 severance escape; watch transport_lease_overlong / transport_parked_commits
[2026-08-28T12:56:37Z ERROR fuse3::raw::connection::fuse_over_uring] transport payload lease held 1395 ms (≥ 1 s) — overlong handler invocation or a §5.4 severance escape; watch transport_lease_overlong / transport_parked_commits
[2026-08-28T12:56:37Z ERROR fuse3::raw::connection::fuse_over_uring] transport payload lease held 1392 ms (≥ 1 s) — overlong handler invocation or a §5.4 severance escape; watch transport_lease_overlong / transport_parked_commits
[2026-08-28T12:56:37Z ERROR fuse3::raw::connection::fuse_over_uring] transport payload lease held 1097 ms (≥ 1 s) — overlong handler invocation or a §5.4 severance escape; watch transport_lease_overlong / transport_parked_commits
[2026-08-28T12:56:37Z ERROR fuse3::raw::connection::fuse_over_uring] transport payload lease held 1097 ms (≥ 1 s) — overlong handler invocation or a §5.4 severance escape; watch transport_lease_overlong / transport_parked_commits
[2026-08-28T12:56:37Z ERROR fuse3::raw::connection::fuse_over_uring] transport payload lease held 1097 ms (≥ 1 s) — overlong handler invocation or a §5.4 severance escape; watch transport_lease_overlong / transport_parked_commits
[2026-08-28T12:56:38Z ERROR fuse3::raw::connection::fuse_over_uring] transport payload lease held 1771 ms (≥ 1 s) — overlong handler invocation or a §5.4 severance escape; watch transport_lease_overlong / transport_parked_commits
[2026-08-28T12:56:38Z ERROR fuse3::raw::connection::fuse_over_uring] transport payload lease held 1771 ms (≥ 1 s) — overlong handler invocation or a §5.4 severance escape; watch transport_lease_overlong / transport_parked_commits
[2026-08-28T12:56:38Z ERROR fuse3::raw::connection::fuse_over_uring] transport payload lease held 1768 ms (≥ 1 s) — overlong handler invocation or a §5.4 severance escape; watch transport_lease_overlong / transport_parked_commits
[2026-08-28T12:56:38Z ERROR fuse3::raw::connection::fuse_over_uring] transport payload lease held 1716 ms (≥ 1 s) — overlong handler invocation or a §5.4 severance escape; watch transport_lease_overlong / transport_parked_commits
[2026-08-28T12:56:38Z ERROR fuse3::raw::connection::fuse_over_uring] transport payload lease held 1672 ms (≥ 1 s) — overlong handler invocation or a §5.4 severance escape; watch transport_lease_overlong / transport_parked_commits
[2026-08-28T12:56:38Z ERROR fuse3::raw::connection::fuse_over_uring] transport payload lease held 1603 ms (≥ 1 s) — overlong handler invocation or a §5.4 severance escape; watch transport_lease_overlong / transport_parked_commits
[2026-08-28T12:56:38Z ERROR fuse3::raw::connection::fuse_over_uring] transport payload lease held 1603 ms (≥ 1 s) — overlong handler invocation or a §5.4 severance escape; watch transport_lease_overlong / transport_parked_commits
[2026-08-28T12:56:42Z ERROR fuse3::raw::connection::fuse_over_uring] transport payload lease held 1011 ms (≥ 1 s) — overlong handler invocation or a §5.4 severance escape; watch transport_lease_overlong / transport_parked_commits
[2026-08-28T12:56:42Z ERROR fuse3::raw::connection::fuse_over_uring] transport payload lease held 1008 ms (≥ 1 s) — overlong handler invocation or a §5.4 severance escape; watch transport_lease_overlong / transport_parked_commits
[2026-08-28T12:56:42Z ERROR fuse3::raw::connection::fuse_over_uring] transport payload lease held 1213 ms (≥ 1 s) — overlong handler invocation or a §5.4 severance escape; watch transport_lease_overlong / transport_parked_commits
[2026-08-28T12:56:42Z ERROR fuse3::raw::connection::fuse_over_uring] transport payload lease held 1213 ms (≥ 1 s) — overlong handler invocation or a §5.4 severance escape; watch transport_lease_overlong / transport_parked_commits
[2026-08-28T12:56:42Z ERROR fuse3::raw::connection::fuse_over_uring] transport payload lease held 1214 ms (≥ 1 s) — overlong handler invocation or a §5.4 severance escape; watch transport_lease_overlong / transport_parked_commits
[2026-08-28T12:56:42Z ERROR fuse3::raw::connection::fuse_over_uring] transport payload lease held 1214 ms (≥ 1 s) — overlong handler invocation or a §5.4 severance escape; watch transport_lease_overlong / transport_parked_commits
[2026-08-28T12:56:42Z ERROR fuse3::raw::connection::fuse_over_uring] transport payload lease held 1332 ms (≥ 1 s) — overlong handler invocation or a §5.4 severance escape; watch transport_lease_overlong / transport_parked_commits
[2026-08-28T12:56:42Z ERROR fuse3::raw::connection::fuse_over_uring] transport payload lease held 1333 ms (≥ 1 s) — overlong handler invocation or a §5.4 severance escape; watch transport_lease_overlong / transport_parked_commits
[2026-08-28T12:56:42Z ERROR fuse3::raw::connection::fuse_over_uring] transport payload lease held 1331 ms (≥ 1 s) — overlong handler invocation or a §5.4 severance escape; watch transport_lease_overlong / transport_parked_commits
[2026-08-28T12:56:42Z ERROR fuse3::raw::connection::fuse_over_uring] transport payload lease held 1331 ms (≥ 1 s) — overlong handler invocation or a §5.4 severance escape; watch transport_lease_overlong / transport_parked_commits
[2026-08-28T12:56:47Z ERROR fuse3::raw::connection::fuse_over_uring] transport payload lease held 1065 ms (≥ 1 s) — overlong handler invocation or a §5.4 severance escape; watch transport_lease_overlong / transport_parked_commits
[2026-08-28T12:56:47Z ERROR fuse3::raw::connection::fuse_over_uring] transport payload lease held 1113 ms (≥ 1 s) — overlong handler invocation or a §5.4 severance escape; watch transport_lease_overlong / transport_parked_commits
[2026-08-28T12:56:47Z ERROR fuse3::raw::connection::fuse_over_uring] transport payload lease held 1113 ms (≥ 1 s) — overlong handler invocation or a §5.4 severance escape; watch transport_lease_overlong / transport_parked_commits
[2026-08-28T12:56:47Z ERROR fuse3::raw::connection::fuse_over_uring] transport payload lease held 1113 ms (≥ 1 s) — overlong handler invocation or a §5.4 severance escape; watch transport_lease_overlong / transport_parked_commits
[2026-08-28T12:56:47Z ERROR fuse3::raw::connection::fuse_over_uring] transport payload lease held 1155 ms (≥ 1 s) — overlong handler invocation or a §5.4 severance escape; watch transport_lease_overlong / transport_parked_commits
[2026-08-28T12:56:47Z ERROR fuse3::raw::connection::fuse_over_uring] transport payload lease held 1155 ms (≥ 1 s) — overlong handler invocation or a §5.4 severance escape; watch transport_lease_overlong / transport_parked_commits
[2026-08-28T12:56:47Z ERROR fuse3::raw::connection::fuse_over_uring] transport payload lease held 1150 ms (≥ 1 s) — overlong handler invocation or a §5.4 severance escape; watch transport_lease_overlong / transport_parked_commits
[2026-08-28T12:56:47Z ERROR fuse3::raw::connection::fuse_over_uring] transport payload lease held 1149 ms (≥ 1 s) — overlong handler invocation or a §5.4 severance escape; watch transport_lease_overlong / transport_parked_commits
[2026-08-28T12:56:47Z ERROR fuse3::raw::connection::fuse_over_uring] transport payload lease held 1121 ms (≥ 1 s) — overlong handler invocation or a §5.4 severance escape; watch transport_lease_overlong / transport_parked_commits
[2026-08-28T12:56:47Z ERROR fuse3::raw::connection::fuse_over_uring] transport payload lease held 1120 ms (≥ 1 s) — overlong handler invocation or a §5.4 severance escape; watch transport_lease_overlong / transport_parked_commits
[2026-08-28T12:56:47Z ERROR fuse3::raw::connection::fuse_over_uring] transport payload lease held 1153 ms (≥ 1 s) — overlong handler invocation or a §5.4 severance escape; watch transport_lease_overlong / transport_parked_commits
[2026-08-28T12:56:47Z ERROR fuse3::raw::connection::fuse_over_uring] transport payload lease held 1153 ms (≥ 1 s) — overlong handler invocation or a §5.4 severance escape; watch transport_lease_overlong / transport_parked_commits
[2026-08-28T12:56:47Z ERROR fuse3::raw::connection::fuse_over_uring] transport payload lease held 1122 ms (≥ 1 s) — overlong handler invocation or a §5.4 severance escape; watch transport_lease_overlong / transport_parked_commits
[2026-08-28T12:56:47Z ERROR fuse3::raw::connection::fuse_over_uring] transport payload lease held 1111 ms (≥ 1 s) — overlong handler invocation or a §5.4 severance escape; watch transport_lease_overlong / transport_parked_commits
[2026-08-28T12:56:47Z ERROR fuse3::raw::connection::fuse_over_uring] transport payload lease held 1118 ms (≥ 1 s) — overlong handler invocation or a §5.4 severance escape; watch transport_lease_overlong / transport_parked_commits
[2026-08-28T12:56:47Z ERROR fuse3::raw::connection::fuse_over_uring] transport payload lease held 1108 ms (≥ 1 s) — overlong handler invocation or a §5.4 severance escape; watch transport_lease_overlong / transport_parked_commits
[2026-08-28T12:56:48Z ERROR fuse3::raw::connection::fuse_over_uring] transport payload lease held 1561 ms (≥ 1 s) — overlong handler invocation or a §5.4 severance escape; watch transport_lease_overlong / transport_parked_commits
[2026-08-28T12:56:48Z ERROR fuse3::raw::connection::fuse_over_uring] transport payload lease held 1561 ms (≥ 1 s) — overlong handler invocation or a §5.4 severance escape; watch transport_lease_overlong / transport_parked_commits
[2026-08-28T12:56:48Z ERROR fuse3::raw::connection::fuse_over_uring] transport payload lease held 1556 ms (≥ 1 s) — overlong handler invocation or a §5.4 severance escape; watch transport_lease_overlong / transport_parked_commits
[2026-08-28T12:56:48Z ERROR fuse3::raw::connection::fuse_over_uring] transport payload lease held 1555 ms (≥ 1 s) — overlong handler invocation or a §5.4 severance escape; watch transport_lease_overlong / transport_parked_commits
[2026-08-28T12:56:48Z ERROR fuse3::raw::connection::fuse_over_uring] transport payload lease held 1462 ms (≥ 1 s) — overlong handler invocation or a §5.4 severance escape; watch transport_lease_overlong / transport_parked_commits
[2026-08-28T12:56:48Z ERROR fuse3::raw::connection::fuse_over_uring] transport payload lease held 1455 ms (≥ 1 s) — overlong handler invocation or a §5.4 severance escape; watch transport_lease_overlong / transport_parked_commits
[2026-08-28T12:56:48Z ERROR fuse3::raw::connection::fuse_over_uring] transport payload lease held 1462 ms (≥ 1 s) — overlong handler invocation or a §5.4 severance escape; watch transport_lease_overlong / transport_parked_commits
[2026-08-28T12:56:48Z ERROR fuse3::raw::connection::fuse_over_uring] transport payload lease held 1454 ms (≥ 1 s) — overlong handler invocation or a §5.4 severance escape; watch transport_lease_overlong / transport_parked_commits
[2026-08-28T12:56:48Z ERROR fuse3::raw::connection::fuse_over_uring] transport payload lease held 1350 ms (≥ 1 s) — overlong handler invocation or a §5.4 severance escape; watch transport_lease_overlong / transport_parked_commits
[2026-08-28T12:56:48Z ERROR fuse3::raw::connection::fuse_over_uring] transport payload lease held 1350 ms (≥ 1 s) — overlong handler invocation or a §5.4 severance escape; watch transport_lease_overlong / transport_parked_commits
[2026-08-28T12:56:48Z ERROR fuse3::raw::connection::fuse_over_uring] transport payload lease held 1350 ms (≥ 1 s) — overlong handler invocation or a §5.4 severance escape; watch transport_lease_overlong / transport_parked_commits
[2026-08-28T12:56:48Z ERROR fuse3::raw::connection::fuse_over_uring] transport payload lease held 1350 ms (≥ 1 s) — overlong handler invocation or a §5.4 severance escape; watch transport_lease_overlong / transport_parked_commits
[2026-08-28T12:56:48Z ERROR fuse3::raw::connection::fuse_over_uring] transport payload lease held 1373 ms (≥ 1 s) — overlong handler invocation or a §5.4 severance escape; watch transport_lease_overlong / transport_parked_commits
[2026-08-28T12:56:48Z ERROR fuse3::raw::connection::fuse_over_uring] transport payload lease held 1373 ms (≥ 1 s) — overlong handler invocation or a §5.4 severance escape; watch transport_lease_overlong / transport_parked_commits
[2026-08-28T12:56:48Z ERROR fuse3::raw::connection::fuse_over_uring] transport payload lease held 1373 ms (≥ 1 s) — overlong handler invocation or a §5.4 severance escape; watch transport_lease_overlong / transport_parked_commits
[2026-08-28T12:56:48Z ERROR fuse3::raw::connection::fuse_over_uring] transport payload lease held 1373 ms (≥ 1 s) — overlong handler invocation or a §5.4 severance escape; watch transport_lease_overlong / transport_parked_commits
[2026-08-28T12:56:48Z ERROR fuse3::raw::connection::fuse_over_uring] transport payload lease held 1391 ms (≥ 1 s) — overlong handler invocation or a §5.4 severance escape; watch transport_lease_overlong / transport_parked_commits
[2026-08-28T12:56:48Z ERROR fuse3::raw::connection::fuse_over_uring] transport payload lease held 1388 ms (≥ 1 s) — overlong handler invocation or a §5.4 severance escape; watch transport_lease_overlong / transport_parked_commits
[2026-08-28T12:56:48Z ERROR fuse3::raw::connection::fuse_over_uring] transport payload lease held 1391 ms (≥ 1 s) — overlong handler invocation or a §5.4 severance escape; watch transport_lease_overlong / transport_parked_commits
[2026-08-28T12:56:48Z ERROR fuse3::raw::connection::fuse_over_uring] transport payload lease held 1388 ms (≥ 1 s) — overlong handler invocation or a §5.4 severance escape; watch transport_lease_overlong / transport_parked_commits
[2026-08-28T12:56:48Z ERROR fuse3::raw::connection::fuse_over_uring] transport payload lease held 1401 ms (≥ 1 s) — overlong handler invocation or a §5.4 severance escape; watch transport_lease_overlong / transport_parked_commits
[2026-08-28T12:56:48Z ERROR fuse3::raw::connection::fuse_over_uring] transport payload lease held 1401 ms (≥ 1 s) — overlong handler invocation or a §5.4 severance escape; watch transport_lease_overlong / transport_parked_commits
[2026-08-28T12:56:48Z ERROR fuse3::raw::connection::fuse_over_uring] transport payload lease held 1401 ms (≥ 1 s) — overlong handler invocation or a §5.4 severance escape; watch transport_lease_overlong / transport_parked_commits
[2026-08-28T12:56:48Z ERROR fuse3::raw::connection::fuse_over_uring] transport payload lease held 1410 ms (≥ 1 s) — overlong handler invocation or a §5.4 severance escape; watch transport_lease_overlong / transport_parked_commits
[2026-08-28T12:56:48Z ERROR fuse3::raw::connection::fuse_over_uring] transport payload lease held 1393 ms (≥ 1 s) — overlong handler invocation or a §5.4 severance escape; watch transport_lease_overlong / transport_parked_commits
[2026-08-28T12:56:48Z ERROR fuse3::raw::connection::fuse_over_uring] transport payload lease held 1393 ms (≥ 1 s) — overlong handler invocation or a §5.4 severance escape; watch transport_lease_overlong / transport_parked_commits
[2026-08-28T12:56:48Z ERROR fuse3::raw::connection::fuse_over_uring] transport payload lease held 1393 ms (≥ 1 s) — overlong handler invocation or a §5.4 severance escape; watch transport_lease_overlong / transport_parked_commits
[2026-08-28T12:56:48Z ERROR fuse3::raw::connection::fuse_over_uring] transport payload lease held 1393 ms (≥ 1 s) — overlong handler invocation or a §5.4 severance escape; watch transport_lease_overlong / transport_parked_commits
[2026-08-28T12:56:48Z ERROR fuse3::raw::connection::fuse_over_uring] transport payload lease held 1399 ms (≥ 1 s) — overlong handler invocation or a §5.4 severance escape; watch transport_lease_overlong / transport_parked_commits
[2026-08-28T12:56:48Z ERROR fuse3::raw::connection::fuse_over_uring] transport payload lease held 1399 ms (≥ 1 s) — overlong handler invocation or a §5.4 severance escape; watch transport_lease_overlong / transport_parked_commits
[2026-08-28T12:56:48Z ERROR fuse3::raw::connection::fuse_over_uring] transport payload lease held 1410 ms (≥ 1 s) — overlong handler invocation or a §5.4 severance escape; watch transport_lease_overlong / transport_parked_commits
[2026-08-28T12:56:48Z ERROR fuse3::raw::connection::fuse_over_uring] transport payload lease held 1410 ms (≥ 1 s) — overlong handler invocation or a §5.4 severance escape; watch transport_lease_overlong / transport_parked_commits
[2026-08-28T12:56:48Z ERROR fuse3::raw::connection::fuse_over_uring] transport payload lease held 1384 ms (≥ 1 s) — overlong handler invocation or a §5.4 severance escape; watch transport_lease_overlong / transport_parked_commits
[2026-08-28T12:56:48Z ERROR fuse3::raw::connection::fuse_over_uring] transport payload lease held 1384 ms (≥ 1 s) — overlong handler invocation or a §5.4 severance escape; watch transport_lease_overlong / transport_parked_commits
[2026-08-28T12:56:48Z ERROR fuse3::raw::connection::fuse_over_uring] transport payload lease held 1384 ms (≥ 1 s) — overlong handler invocation or a §5.4 severance escape; watch transport_lease_overlong / transport_parked_commits
[2026-08-28T12:56:48Z ERROR fuse3::raw::connection::fuse_over_uring] transport payload lease held 1366 ms (≥ 1 s) — overlong handler invocation or a §5.4 severance escape; watch transport_lease_overlong / transport_parked_commits
[2026-08-28T12:56:48Z ERROR fuse3::raw::connection::fuse_over_uring] transport payload lease held 1380 ms (≥ 1 s) — overlong handler invocation or a §5.4 severance escape; watch transport_lease_overlong / transport_parked_commits
[2026-08-28T12:56:48Z ERROR fuse3::raw::connection::fuse_over_uring] transport payload lease held 1380 ms (≥ 1 s) — overlong handler invocation or a §5.4 severance escape; watch transport_lease_overlong / transport_parked_commits
[2026-08-28T12:56:48Z ERROR fuse3::raw::connection::fuse_over_uring] transport payload lease held 1380 ms (≥ 1 s) — overlong handler invocation or a §5.4 severance escape; watch transport_lease_overlong / transport_parked_commits
[2026-08-28T12:56:48Z ERROR fuse3::raw::connection::fuse_over_uring] transport payload lease held 1391 ms (≥ 1 s) — overlong handler invocation or a §5.4 severance escape; watch transport_lease_overlong / transport_parked_commits
[2026-08-28T12:56:48Z ERROR fuse3::raw::connection::fuse_over_uring] transport payload lease held 1391 ms (≥ 1 s) — overlong handler invocation or a §5.4 severance escape; watch transport_lease_overlong / transport_parked_commits
[2026-08-28T12:56:48Z ERROR fuse3::raw::connection::fuse_over_uring] transport payload lease held 1391 ms (≥ 1 s) — overlong handler invocation or a §5.4 severance escape; watch transport_lease_overlong / transport_parked_commits
[2026-08-28T12:56:48Z ERROR fuse3::raw::connection::fuse_over_uring] transport payload lease held 1350 ms (≥ 1 s) — overlong handler invocation or a §5.4 severance escape; watch transport_lease_overlong / transport_parked_commits
[2026-08-28T12:56:48Z ERROR fuse3::raw::connection::fuse_over_uring] transport payload lease held 1342 ms (≥ 1 s) — overlong handler invocation or a §5.4 severance escape; watch transport_lease_overlong / transport_parked_commits
[2026-08-28T12:56:48Z ERROR fuse3::raw::connection::fuse_over_uring] transport payload lease held 1342 ms (≥ 1 s) — overlong handler invocation or a §5.4 severance escape; watch transport_lease_overlong / transport_parked_commits
[2026-08-28T12:56:48Z ERROR fuse3::raw::connection::fuse_over_uring] transport payload lease held 1342 ms (≥ 1 s) — overlong handler invocation or a §5.4 severance escape; watch transport_lease_overlong / transport_parked_commits
[2026-08-28T12:56:48Z ERROR fuse3::raw::connection::fuse_over_uring] transport payload lease held 1345 ms (≥ 1 s) — overlong handler invocation or a §5.4 severance escape; watch transport_lease_overlong / transport_parked_commits
[2026-08-28T12:56:48Z ERROR fuse3::raw::connection::fuse_over_uring] transport payload lease held 1345 ms (≥ 1 s) — overlong handler invocation or a §5.4 severance escape; watch transport_lease_overlong / transport_parked_commits
[2026-08-28T12:56:48Z ERROR fuse3::raw::connection::fuse_over_uring] transport payload lease held 1354 ms (≥ 1 s) — overlong handler invocation or a §5.4 severance escape; watch transport_lease_overlong / transport_parked_commits
[2026-08-28T12:56:48Z ERROR fuse3::raw::connection::fuse_over_uring] transport payload lease held 1354 ms (≥ 1 s) — overlong handler invocation or a §5.4 severance escape; watch transport_lease_overlong / transport_parked_commits
[2026-08-28T12:56:48Z ERROR fuse3::raw::connection::fuse_over_uring] transport payload lease held 1309 ms (≥ 1 s) — overlong handler invocation or a §5.4 severance escape; watch transport_lease_overlong / transport_parked_commits
[2026-08-28T12:56:48Z ERROR fuse3::raw::connection::fuse_over_uring] transport payload lease held 1308 ms (≥ 1 s) — overlong handler invocation or a §5.4 severance escape; watch transport_lease_overlong / transport_parked_commits
[2026-08-28T12:56:48Z ERROR fuse3::raw::connection::fuse_over_uring] transport payload lease held 1288 ms (≥ 1 s) — overlong handler invocation or a §5.4 severance escape; watch transport_lease_overlong / transport_parked_commits
[2026-08-28T12:56:48Z ERROR fuse3::raw::connection::fuse_over_uring] transport payload lease held 1288 ms (≥ 1 s) — overlong handler invocation or a §5.4 severance escape; watch transport_lease_overlong / transport_parked_commits
[2026-08-28T12:56:48Z ERROR fuse3::raw::connection::fuse_over_uring] transport payload lease held 1126 ms (≥ 1 s) — overlong handler invocation or a §5.4 severance escape; watch transport_lease_overlong / transport_parked_commits
[2026-08-28T12:56:48Z ERROR fuse3::raw::connection::fuse_over_uring] transport payload lease held 1108 ms (≥ 1 s) — overlong handler invocation or a §5.4 severance escape; watch transport_lease_overlong / transport_parked_commits
[2026-08-28T12:56:48Z ERROR fuse3::raw::connection::fuse_over_uring] transport payload lease held 1108 ms (≥ 1 s) — overlong handler invocation or a §5.4 severance escape; watch transport_lease_overlong / transport_parked_commits
[2026-08-28T12:56:48Z ERROR fuse3::raw::connection::fuse_over_uring] transport payload lease held 1108 ms (≥ 1 s) — overlong handler invocation or a §5.4 severance escape; watch transport_lease_overlong / transport_parked_commits
[2026-08-28T12:56:48Z ERROR fuse3::raw::connection::fuse_over_uring] transport payload lease held 1589 ms (≥ 1 s) — overlong handler invocation or a §5.4 severance escape; watch transport_lease_overlong / transport_parked_commits
[2026-08-28T12:56:48Z ERROR fuse3::raw::connection::fuse_over_uring] transport payload lease held 1589 ms (≥ 1 s) — overlong handler invocation or a §5.4 severance escape; watch transport_lease_overlong / transport_parked_commits
[2026-08-28T12:56:48Z ERROR fuse3::raw::connection::fuse_over_uring] transport payload lease held 1565 ms (≥ 1 s) — overlong handler invocation or a §5.4 severance escape; watch transport_lease_overlong / transport_parked_commits
[2026-08-28T12:56:48Z ERROR fuse3::raw::connection::fuse_over_uring] transport payload lease held 1559 ms (≥ 1 s) — overlong handler invocation or a §5.4 severance escape; watch transport_lease_overlong / transport_parked_commits
[2026-08-28T12:56:48Z ERROR fuse3::raw::connection::fuse_over_uring] transport payload lease held 1559 ms (≥ 1 s) — overlong handler invocation or a §5.4 severance escape; watch transport_lease_overlong / transport_parked_commits
[2026-08-28T12:56:48Z ERROR fuse3::raw::connection::fuse_over_uring] transport payload lease held 1559 ms (≥ 1 s) — overlong handler invocation or a §5.4 severance escape; watch transport_lease_overlong / transport_parked_commits
[2026-08-28T12:56:48Z ERROR fuse3::raw::connection::fuse_over_uring] transport payload lease held 1564 ms (≥ 1 s) — overlong handler invocation or a §5.4 severance escape; watch transport_lease_overlong / transport_parked_commits
[2026-08-28T12:56:48Z ERROR fuse3::raw::connection::fuse_over_uring] transport payload lease held 1564 ms (≥ 1 s) — overlong handler invocation or a §5.4 severance escape; watch transport_lease_overlong / transport_parked_commits
[2026-08-28T12:56:48Z ERROR fuse3::raw::connection::fuse_over_uring] transport payload lease held 1567 ms (≥ 1 s) — overlong handler invocation or a §5.4 severance escape; watch transport_lease_overlong / transport_parked_commits
[2026-08-28T12:56:48Z ERROR fuse3::raw::connection::fuse_over_uring] transport payload lease held 1566 ms (≥ 1 s) — overlong handler invocation or a §5.4 severance escape; watch transport_lease_overlong / transport_parked_commits
[2026-08-28T12:56:52Z ERROR fuse3::raw::connection::fuse_over_uring] transport payload lease held 1302 ms (≥ 1 s) — overlong handler invocation or a §5.4 severance escape; watch transport_lease_overlong / transport_parked_commits
[2026-08-28T12:56:52Z ERROR fuse3::raw::connection::fuse_over_uring] transport payload lease held 1303 ms (≥ 1 s) — overlong handler invocation or a §5.4 severance escape; watch transport_lease_overlong / transport_parked_commits
[2026-08-28T12:56:52Z ERROR fuse3::raw::connection::fuse_over_uring] transport payload lease held 1382 ms (≥ 1 s) — overlong handler invocation or a §5.4 severance escape; watch transport_lease_overlong / transport_parked_commits
[2026-08-28T12:56:52Z ERROR fuse3::raw::connection::fuse_over_uring] transport payload lease held 1370 ms (≥ 1 s) — overlong handler invocation or a §5.4 severance escape; watch transport_lease_overlong / transport_parked_commits
[2026-08-28T12:56:52Z ERROR fuse3::raw::connection::fuse_over_uring] transport payload lease held 1370 ms (≥ 1 s) — overlong handler invocation or a §5.4 severance escape; watch transport_lease_overlong / transport_parked_commits
[2026-08-28T12:56:52Z ERROR fuse3::raw::connection::fuse_over_uring] transport payload lease held 1370 ms (≥ 1 s) — overlong handler invocation or a §5.4 severance escape; watch transport_lease_overlong / transport_parked_commits
[2026-08-28T12:56:52Z ERROR fuse3::raw::connection::fuse_over_uring] transport payload lease held 1440 ms (≥ 1 s) — overlong handler invocation or a §5.4 severance escape; watch transport_lease_overlong / transport_parked_commits
[2026-08-28T12:56:52Z ERROR fuse3::raw::connection::fuse_over_uring] transport payload lease held 1459 ms (≥ 1 s) — overlong handler invocation or a §5.4 severance escape; watch transport_lease_overlong / transport_parked_commits
[2026-08-28T12:56:52Z ERROR fuse3::raw::connection::fuse_over_uring] transport payload lease held 1462 ms (≥ 1 s) — overlong handler invocation or a §5.4 severance escape; watch transport_lease_overlong / transport_parked_commits
[2026-08-28T12:56:52Z ERROR fuse3::raw::connection::fuse_over_uring] transport payload lease held 1440 ms (≥ 1 s) — overlong handler invocation or a §5.4 severance escape; watch transport_lease_overlong / transport_parked_commits
[2026-08-28T12:56:53Z ERROR fuse3::raw::connection::fuse_over_uring] transport payload lease held 1455 ms (≥ 1 s) — overlong handler invocation or a §5.4 severance escape; watch transport_lease_overlong / transport_parked_commits
[2026-08-28T12:56:53Z ERROR fuse3::raw::connection::fuse_over_uring] transport payload lease held 1456 ms (≥ 1 s) — overlong handler invocation or a §5.4 severance escape; watch transport_lease_overlong / transport_parked_commits
[2026-08-28T12:56:53Z ERROR fuse3::raw::connection::fuse_over_uring] transport payload lease held 1456 ms (≥ 1 s) — overlong handler invocation or a §5.4 severance escape; watch transport_lease_overlong / transport_parked_commits
[2026-08-28T12:56:53Z ERROR fuse3::raw::connection::fuse_over_uring] transport payload lease held 1455 ms (≥ 1 s) — overlong handler invocation or a §5.4 severance escape; watch transport_lease_overlong / transport_parked_commits
[2026-08-28T12:56:53Z ERROR fuse3::raw::connection::fuse_over_uring] transport payload lease held 1361 ms (≥ 1 s) — overlong handler invocation or a §5.4 severance escape; watch transport_lease_overlong / transport_parked_commits
[2026-08-28T12:56:53Z ERROR fuse3::raw::connection::fuse_over_uring] transport payload lease held 1211 ms (≥ 1 s) — overlong handler invocation or a §5.4 severance escape; watch transport_lease_overlong / transport_parked_commits
[2026-08-28T12:56:53Z ERROR fuse3::raw::connection::fuse_over_uring] transport payload lease held 1210 ms (≥ 1 s) — overlong handler invocation or a §5.4 severance escape; watch transport_lease_overlong / transport_parked_commits
[2026-08-28T12:56:53Z ERROR fuse3::raw::connection::fuse_over_uring] transport payload lease held 1210 ms (≥ 1 s) — overlong handler invocation or a §5.4 severance escape; watch transport_lease_overlong / transport_parked_commits
[2026-08-28T12:56:53Z ERROR fuse3::raw::connection::fuse_over_uring] transport payload lease held 1192 ms (≥ 1 s) — overlong handler invocation or a §5.4 severance escape; watch transport_lease_overlong / transport_parked_commits
[2026-08-28T12:56:53Z ERROR fuse3::raw::connection::fuse_over_uring] transport payload lease held 1192 ms (≥ 1 s) — overlong handler invocation or a §5.4 severance escape; watch transport_lease_overlong / transport_parked_commits
[2026-08-28T12:56:53Z ERROR fuse3::raw::connection::fuse_over_uring] transport payload lease held 1193 ms (≥ 1 s) — overlong handler invocation or a §5.4 severance escape; watch transport_lease_overlong / transport_parked_commits
[2026-08-28T12:56:53Z ERROR fuse3::raw::connection::fuse_over_uring] transport payload lease held 1206 ms (≥ 1 s) — overlong handler invocation or a §5.4 severance escape; watch transport_lease_overlong / transport_parked_commits
[2026-08-28T12:56:53Z ERROR fuse3::raw::connection::fuse_over_uring] transport payload lease held 1204 ms (≥ 1 s) — overlong handler invocation or a §5.4 severance escape; watch transport_lease_overlong / transport_parked_commits
[2026-08-28T12:56:53Z ERROR fuse3::raw::connection::fuse_over_uring] transport payload lease held 1204 ms (≥ 1 s) — overlong handler invocation or a §5.4 severance escape; watch transport_lease_overlong / transport_parked_commits
[2026-08-28T12:56:53Z ERROR fuse3::raw::connection::fuse_over_uring] transport payload lease held 1652 ms (≥ 1 s) — overlong handler invocation or a §5.4 severance escape; watch transport_lease_overlong / transport_parked_commits
[2026-08-28T12:56:53Z ERROR fuse3::raw::connection::fuse_over_uring] transport payload lease held 1652 ms (≥ 1 s) — overlong handler invocation or a §5.4 severance escape; watch transport_lease_overlong / transport_parked_commits
[2026-08-28T12:56:53Z ERROR fuse3::raw::connection::fuse_over_uring] transport payload lease held 1652 ms (≥ 1 s) — overlong handler invocation or a §5.4 severance escape; watch transport_lease_overlong / transport_parked_commits
[2026-08-28T12:56:53Z ERROR fuse3::raw::connection::fuse_over_uring] transport payload lease held 1628 ms (≥ 1 s) — overlong handler invocation or a §5.4 severance escape; watch transport_lease_overlong / transport_parked_commits
[2026-08-28T12:56:53Z ERROR fuse3::raw::connection::fuse_over_uring] transport payload lease held 1586 ms (≥ 1 s) — overlong handler invocation or a §5.4 severance escape; watch transport_lease_overlong / transport_parked_commits
[2026-08-28T12:56:53Z ERROR fuse3::raw::connection::fuse_over_uring] transport payload lease held 1586 ms (≥ 1 s) — overlong handler invocation or a §5.4 severance escape; watch transport_lease_overlong / transport_parked_commits
[2026-08-28T12:56:53Z ERROR fuse3::raw::connection::fuse_over_uring] transport payload lease held 1585 ms (≥ 1 s) — overlong handler invocation or a §5.4 severance escape; watch transport_lease_overlong / transport_parked_commits
[2026-08-28T12:56:53Z ERROR fuse3::raw::connection::fuse_over_uring] transport payload lease held 1585 ms (≥ 1 s) — overlong handler invocation or a §5.4 severance escape; watch transport_lease_overlong / transport_parked_commits
[2026-08-28T12:56:53Z ERROR fuse3::raw::connection::fuse_over_uring] transport payload lease held 1382 ms (≥ 1 s) — overlong handler invocation or a §5.4 severance escape; watch transport_lease_overlong / transport_parked_commits
[2026-08-28T12:56:53Z ERROR fuse3::raw::connection::fuse_over_uring] transport payload lease held 1385 ms (≥ 1 s) — overlong handler invocation or a §5.4 severance escape; watch transport_lease_overlong / transport_parked_commits
[2026-08-28T12:56:53Z ERROR fuse3::raw::connection::fuse_over_uring] transport payload lease held 1385 ms (≥ 1 s) — overlong handler invocation or a §5.4 severance escape; watch transport_lease_overlong / transport_parked_commits
[2026-08-28T12:56:53Z ERROR fuse3::raw::connection::fuse_over_uring] transport payload lease held 1346 ms (≥ 1 s) — overlong handler invocation or a §5.4 severance escape; watch transport_lease_overlong / transport_parked_commits
[2026-08-28T12:56:53Z ERROR fuse3::raw::connection::fuse_over_uring] transport payload lease held 1346 ms (≥ 1 s) — overlong handler invocation or a §5.4 severance escape; watch transport_lease_overlong / transport_parked_commits
[2026-08-28T12:56:53Z ERROR fuse3::raw::connection::fuse_over_uring] transport payload lease held 1309 ms (≥ 1 s) — overlong handler invocation or a §5.4 severance escape; watch transport_lease_overlong / transport_parked_commits
[2026-08-28T12:56:53Z ERROR fuse3::raw::connection::fuse_over_uring] transport payload lease held 1309 ms (≥ 1 s) — overlong handler invocation or a §5.4 severance escape; watch transport_lease_overlong / transport_parked_commits
[2026-08-28T12:56:53Z ERROR fuse3::raw::connection::fuse_over_uring] transport payload lease held 1372 ms (≥ 1 s) — overlong handler invocation or a §5.4 severance escape; watch transport_lease_overlong / transport_parked_commits
[2026-08-28T12:56:53Z ERROR fuse3::raw::connection::fuse_over_uring] transport payload lease held 1372 ms (≥ 1 s) — overlong handler invocation or a §5.4 severance escape; watch transport_lease_overlong / transport_parked_commits
[2026-08-28T12:56:53Z ERROR fuse3::raw::connection::fuse_over_uring] transport payload lease held 1372 ms (≥ 1 s) — overlong handler invocation or a §5.4 severance escape; watch transport_lease_overlong / transport_parked_commits
[2026-08-28T12:56:53Z ERROR fuse3::raw::connection::fuse_over_uring] transport payload lease held 1334 ms (≥ 1 s) — overlong handler invocation or a §5.4 severance escape; watch transport_lease_overlong / transport_parked_commits
[2026-08-28T12:56:53Z ERROR fuse3::raw::connection::fuse_over_uring] transport payload lease held 1334 ms (≥ 1 s) — overlong handler invocation or a §5.4 severance escape; watch transport_lease_overlong / transport_parked_commits
[2026-08-28T12:56:53Z ERROR fuse3::raw::connection::fuse_over_uring] transport payload lease held 1335 ms (≥ 1 s) — overlong handler invocation or a §5.4 severance escape; watch transport_lease_overlong / transport_parked_commits
[2026-08-28T12:56:53Z WARN  squeezefs::block_allocator] co-writer: abandoning never-published block offset(s) leak-safe (volume 'nvme6n1', first offset 197656576000): the publish that would have named them failed or refused, and a co-writer may not mutate ownership accounting — the next derivation (mount recovery / fsck C6) returns them to the free supply (cowriter_unpublished_abandons; further offsets at debug level)
[2026-08-28T12:56:54Z ERROR fuse3::raw::connection::fuse_over_uring] transport payload lease held 1796 ms (≥ 1 s) — overlong handler invocation or a §5.4 severance escape; watch transport_lease_overlong / transport_parked_commits
[2026-08-28T12:56:54Z ERROR fuse3::raw::connection::fuse_over_uring] transport payload lease held 1790 ms (≥ 1 s) — overlong handler invocation or a §5.4 severance escape; watch transport_lease_overlong / transport_parked_commits
[2026-08-28T12:56:54Z ERROR fuse3::raw::connection::fuse_over_uring] transport payload lease held 1790 ms (≥ 1 s) — overlong handler invocation or a §5.4 severance escape; watch transport_lease_overlong / transport_parked_commits
[2026-08-28T12:56:54Z ERROR fuse3::raw::connection::fuse_over_uring] transport payload lease held 1594 ms (≥ 1 s) — overlong handler invocation or a §5.4 severance escape; watch transport_lease_overlong / transport_parked_commits
[2026-08-28T12:56:54Z ERROR fuse3::raw::connection::fuse_over_uring] transport payload lease held 1594 ms (≥ 1 s) — overlong handler invocation or a §5.4 severance escape; watch transport_lease_overlong / transport_parked_commits
[2026-08-28T12:56:54Z ERROR fuse3::raw::connection::fuse_over_uring] transport payload lease held 1594 ms (≥ 1 s) — overlong handler invocation or a §5.4 severance escape; watch transport_lease_overlong / transport_parked_commits
[2026-08-28T12:56:54Z ERROR fuse3::raw::connection::fuse_over_uring] transport payload lease held 1594 ms (≥ 1 s) — overlong handler invocation or a §5.4 severance escape; watch transport_lease_overlong / transport_parked_commits
[2026-08-28T12:56:54Z ERROR fuse3::raw::connection::fuse_over_uring] transport payload lease held 1600 ms (≥ 1 s) — overlong handler invocation or a §5.4 severance escape; watch transport_lease_overlong / transport_parked_commits
[2026-08-28T12:56:54Z ERROR fuse3::raw::connection::fuse_over_uring] transport payload lease held 1600 ms (≥ 1 s) — overlong handler invocation or a §5.4 severance escape; watch transport_lease_overlong / transport_parked_commits
[2026-08-28T12:56:54Z ERROR fuse3::raw::connection::fuse_over_uring] transport payload lease held 1601 ms (≥ 1 s) — overlong handler invocation or a §5.4 severance escape; watch transport_lease_overlong / transport_parked_commits
[2026-08-28T12:56:54Z ERROR fuse3::raw::connection::fuse_over_uring] transport payload lease held 1813 ms (≥ 1 s) — overlong handler invocation or a §5.4 severance escape; watch transport_lease_overlong / transport_parked_commits
[2026-08-28T12:56:54Z ERROR fuse3::raw::connection::fuse_over_uring] transport payload lease held 1814 ms (≥ 1 s) — overlong handler invocation or a §5.4 severance escape; watch transport_lease_overlong / transport_parked_commits
[2026-08-28T12:56:54Z ERROR fuse3::raw::connection::fuse_over_uring] transport payload lease held 1814 ms (≥ 1 s) — overlong handler invocation or a §5.4 severance escape; watch transport_lease_overlong / transport_parked_commits
[2026-08-28T12:56:57Z ERROR fuse3::raw::connection::fuse_over_uring] transport payload lease held 1026 ms (≥ 1 s) — overlong handler invocation or a §5.4 severance escape; watch transport_lease_overlong / transport_parked_commits
[2026-08-28T12:56:57Z ERROR fuse3::raw::connection::fuse_over_uring] transport payload lease held 1057 ms (≥ 1 s) — overlong handler invocation or a §5.4 severance escape; watch transport_lease_overlong / transport_parked_commits
[2026-08-28T12:56:57Z ERROR fuse3::raw::connection::fuse_over_uring] transport payload lease held 1049 ms (≥ 1 s) — overlong handler invocation or a §5.4 severance escape; watch transport_lease_overlong / transport_parked_commits
[2026-08-28T12:56:57Z ERROR fuse3::raw::connection::fuse_over_uring] transport payload lease held 1023 ms (≥ 1 s) — overlong handler invocation or a §5.4 severance escape; watch transport_lease_overlong / transport_parked_commits
[2026-08-28T12:56:57Z ERROR fuse3::raw::connection::fuse_over_uring] transport payload lease held 1051 ms (≥ 1 s) — overlong handler invocation or a §5.4 severance escape; watch transport_lease_overlong / transport_parked_commits
[2026-08-28T12:56:57Z ERROR fuse3::raw::connection::fuse_over_uring] transport payload lease held 1203 ms (≥ 1 s) — overlong handler invocation or a §5.4 severance escape; watch transport_lease_overlong / transport_parked_commits
[2026-08-28T12:56:57Z ERROR fuse3::raw::connection::fuse_over_uring] transport payload lease held 1187 ms (≥ 1 s) — overlong handler invocation or a §5.4 severance escape; watch transport_lease_overlong / transport_parked_commits
[2026-08-28T12:56:57Z ERROR fuse3::raw::connection::fuse_over_uring] transport payload lease held 1025 ms (≥ 1 s) — overlong handler invocation or a §5.4 severance escape; watch transport_lease_overlong / transport_parked_commits
[2026-08-28T12:56:57Z ERROR fuse3::raw::connection::fuse_over_uring] transport payload lease held 1035 ms (≥ 1 s) — overlong handler invocation or a §5.4 severance escape; watch transport_lease_overlong / transport_parked_commits
[2026-08-28T12:56:57Z ERROR fuse3::raw::connection::fuse_over_uring] transport payload lease held 1035 ms (≥ 1 s) — overlong handler invocation or a §5.4 severance escape; watch transport_lease_overlong / transport_parked_commits
[2026-08-28T12:56:57Z ERROR fuse3::raw::connection::fuse_over_uring] transport payload lease held 1035 ms (≥ 1 s) — overlong handler invocation or a §5.4 severance escape; watch transport_lease_overlong / transport_parked_commits
[2026-08-28T12:56:57Z ERROR fuse3::raw::connection::fuse_over_uring] transport payload lease held 1035 ms (≥ 1 s) — overlong handler invocation or a §5.4 severance escape; watch transport_lease_overlong / transport_parked_commits
[2026-08-28T12:56:57Z ERROR fuse3::raw::connection::fuse_over_uring] transport payload lease held 1391 ms (≥ 1 s) — overlong handler invocation or a §5.4 severance escape; watch transport_lease_overlong / transport_parked_commits
[2026-08-28T12:56:57Z ERROR fuse3::raw::connection::fuse_over_uring] transport payload lease held 1071 ms (≥ 1 s) — overlong handler invocation or a §5.4 severance escape; watch transport_lease_overlong / transport_parked_commits
[2026-08-28T12:56:57Z ERROR fuse3::raw::connection::fuse_over_uring] transport payload lease held 1071 ms (≥ 1 s) — overlong handler invocation or a §5.4 severance escape; watch transport_lease_overlong / transport_parked_commits
[2026-08-28T12:56:57Z ERROR fuse3::raw::connection::fuse_over_uring] transport payload lease held 1072 ms (≥ 1 s) — overlong handler invocation or a §5.4 severance escape; watch transport_lease_overlong / transport_parked_commits
[2026-08-28T12:56:57Z ERROR fuse3::raw::connection::fuse_over_uring] transport payload lease held 1302 ms (≥ 1 s) — overlong handler invocation or a §5.4 severance escape; watch transport_lease_overlong / transport_parked_commits
[2026-08-28T12:56:57Z ERROR fuse3::raw::connection::fuse_over_uring] transport payload lease held 1164 ms (≥ 1 s) — overlong handler invocation or a §5.4 severance escape; watch transport_lease_overlong / transport_parked_commits
[2026-08-28T12:56:57Z ERROR fuse3::raw::connection::fuse_over_uring] transport payload lease held 1164 ms (≥ 1 s) — overlong handler invocation or a §5.4 severance escape; watch transport_lease_overlong / transport_parked_commits
[2026-08-28T12:56:57Z ERROR fuse3::raw::connection::fuse_over_uring] transport payload lease held 1163 ms (≥ 1 s) — overlong handler invocation or a §5.4 severance escape; watch transport_lease_overlong / transport_parked_commits
[2026-08-28T12:56:57Z ERROR fuse3::raw::connection::fuse_over_uring] transport payload lease held 1187 ms (≥ 1 s) — overlong handler invocation or a §5.4 severance escape; watch transport_lease_overlong / transport_parked_commits
[2026-08-28T12:56:57Z ERROR fuse3::raw::connection::fuse_over_uring] transport payload lease held 1187 ms (≥ 1 s) — overlong handler invocation or a §5.4 severance escape; watch transport_lease_overlong / transport_parked_commits
[2026-08-28T12:56:57Z ERROR fuse3::raw::connection::fuse_over_uring] transport payload lease held 1369 ms (≥ 1 s) — overlong handler invocation or a §5.4 severance escape; watch transport_lease_overlong / transport_parked_commits
[2026-08-28T12:56:57Z ERROR fuse3::raw::connection::fuse_over_uring] transport payload lease held 1369 ms (≥ 1 s) — overlong handler invocation or a §5.4 severance escape; watch transport_lease_overlong / transport_parked_commits
[2026-08-28T12:56:57Z ERROR fuse3::raw::connection::fuse_over_uring] transport payload lease held 1369 ms (≥ 1 s) — overlong handler invocation or a §5.4 severance escape; watch transport_lease_overlong / transport_parked_commits
[2026-08-28T12:56:58Z ERROR fuse3::raw::connection::fuse_over_uring] transport payload lease held 1388 ms (≥ 1 s) — overlong handler invocation or a §5.4 severance escape; watch transport_lease_overlong / transport_parked_commits
[2026-08-28T12:56:58Z ERROR fuse3::raw::connection::fuse_over_uring] transport payload lease held 1371 ms (≥ 1 s) — overlong handler invocation or a §5.4 severance escape; watch transport_lease_overlong / transport_parked_commits
[2026-08-28T12:56:58Z ERROR fuse3::raw::connection::fuse_over_uring] transport payload lease held 1358 ms (≥ 1 s) — overlong handler invocation or a §5.4 severance escape; watch transport_lease_overlong / transport_parked_commits
[2026-08-28T12:56:58Z ERROR fuse3::raw::connection::fuse_over_uring] transport payload lease held 1362 ms (≥ 1 s) — overlong handler invocation or a §5.4 severance escape; watch transport_lease_overlong / transport_parked_commits
[2026-08-28T12:57:03Z ERROR fuse3::raw::connection::fuse_over_uring] transport payload lease held 1103 ms (≥ 1 s) — overlong handler invocation or a §5.4 severance escape; watch transport_lease_overlong / transport_parked_commits
[2026-08-28T12:57:03Z ERROR fuse3::raw::connection::fuse_over_uring] transport payload lease held 1103 ms (≥ 1 s) — overlong handler invocation or a §5.4 severance escape; watch transport_lease_overlong / transport_parked_commits
[2026-08-28T12:57:03Z ERROR fuse3::raw::connection::fuse_over_uring] transport payload lease held 1102 ms (≥ 1 s) — overlong handler invocation or a §5.4 severance escape; watch transport_lease_overlong / transport_parked_commits
[2026-08-28T12:57:03Z ERROR fuse3::raw::connection::fuse_over_uring] transport payload lease held 1056 ms (≥ 1 s) — overlong handler invocation or a §5.4 severance escape; watch transport_lease_overlong / transport_parked_commits
[2026-08-28T12:57:03Z ERROR fuse3::raw::connection::fuse_over_uring] transport payload lease held 1056 ms (≥ 1 s) — overlong handler invocation or a §5.4 severance escape; watch transport_lease_overlong / transport_parked_commits
[2026-08-28T12:57:03Z ERROR fuse3::raw::connection::fuse_over_uring] transport payload lease held 1056 ms (≥ 1 s) — overlong handler invocation or a §5.4 severance escape; watch transport_lease_overlong / transport_parked_commits
[2026-08-28T12:57:03Z ERROR fuse3::raw::connection::fuse_over_uring] transport payload lease held 1056 ms (≥ 1 s) — overlong handler invocation or a §5.4 severance escape; watch transport_lease_overlong / transport_parked_commits
[2026-08-28T12:57:03Z ERROR fuse3::raw::connection::fuse_over_uring] transport payload lease held 1203 ms (≥ 1 s) — overlong handler invocation or a §5.4 severance escape; watch transport_lease_overlong / transport_parked_commits
[2026-08-28T12:57:03Z ERROR fuse3::raw::connection::fuse_over_uring] transport payload lease held 1203 ms (≥ 1 s) — overlong handler invocation or a §5.4 severance escape; watch transport_lease_overlong / transport_parked_commits
[2026-08-28T12:57:03Z ERROR fuse3::raw::connection::fuse_over_uring] transport payload lease held 1203 ms (≥ 1 s) — overlong handler invocation or a §5.4 severance escape; watch transport_lease_overlong / transport_parked_commits
[2026-08-28T12:57:03Z ERROR fuse3::raw::connection::fuse_over_uring] transport payload lease held 1201 ms (≥ 1 s) — overlong handler invocation or a §5.4 severance escape; watch transport_lease_overlong / transport_parked_commits
[2026-08-28T12:57:03Z ERROR fuse3::raw::connection::fuse_over_uring] transport payload lease held 1201 ms (≥ 1 s) — overlong handler invocation or a §5.4 severance escape; watch transport_lease_overlong / transport_parked_commits
[2026-08-28T12:57:03Z ERROR fuse3::raw::connection::fuse_over_uring] transport payload lease held 1323 ms (≥ 1 s) — overlong handler invocation or a §5.4 severance escape; watch transport_lease_overlong / transport_parked_commits
[2026-08-28T12:57:03Z ERROR fuse3::raw::connection::fuse_over_uring] transport payload lease held 1323 ms (≥ 1 s) — overlong handler invocation or a §5.4 severance escape; watch transport_lease_overlong / transport_parked_commits
[2026-08-28T12:57:03Z ERROR fuse3::raw::connection::fuse_over_uring] transport payload lease held 1325 ms (≥ 1 s) — overlong handler invocation or a §5.4 severance escape; watch transport_lease_overlong / transport_parked_commits
[2026-08-28T12:57:07Z ERROR fuse3::raw::connection::fuse_over_uring] transport payload lease held 1000 ms (≥ 1 s) — overlong handler invocation or a §5.4 severance escape; watch transport_lease_overlong / transport_parked_commits
[2026-08-28T12:57:07Z ERROR fuse3::raw::connection::fuse_over_uring] transport payload lease held 1000 ms (≥ 1 s) — overlong handler invocation or a §5.4 severance escape; watch transport_lease_overlong / transport_parked_commits
[2026-08-28T12:57:09Z ERROR fuse3::raw::connection::fuse_over_uring] transport payload lease held 1005 ms (≥ 1 s) — overlong handler invocation or a §5.4 severance escape; watch transport_lease_overlong / transport_parked_commits
[2026-08-28T12:57:09Z ERROR fuse3::raw::connection::fuse_over_uring] transport payload lease held 1004 ms (≥ 1 s) — overlong handler invocation or a §5.4 severance escape; watch transport_lease_overlong / transport_parked_commits
[2026-08-28T12:57:09Z WARN  squeezefs::block_allocator] co-writer: abandoning never-published block offset(s) leak-safe (volume 'nvme6n1', first offset 216044404736): the publish that would have named them failed or refused, and a co-writer may not mutate ownership accounting — the next derivation (mount recovery / fsck C6) returns them to the free supply (cowriter_unpublished_abandons; further offsets at debug level)
[2026-08-28T12:57:11Z ERROR fuse3::raw::connection::fuse_over_uring] transport payload lease held 1009 ms (≥ 1 s) — overlong handler invocation or a §5.4 severance escape; watch transport_lease_overlong / transport_parked_commits
[2026-08-28T12:57:11Z ERROR fuse3::raw::connection::fuse_over_uring] transport payload lease held 1007 ms (≥ 1 s) — overlong handler invocation or a §5.4 severance escape; watch transport_lease_overlong / transport_parked_commits
[2026-08-28T12:57:11Z ERROR fuse3::raw::connection::fuse_over_uring] transport payload lease held 1001 ms (≥ 1 s) — overlong handler invocation or a §5.4 severance escape; watch transport_lease_overlong / transport_parked_commits
[2026-08-28T12:57:13Z ERROR fuse3::raw::connection::fuse_over_uring] transport payload lease held 2288 ms (≥ 1 s) — overlong handler invocation or a §5.4 severance escape; watch transport_lease_overlong / transport_parked_commits
[2026-08-28T12:57:13Z ERROR fuse3::raw::connection::fuse_over_uring] transport payload lease held 2288 ms (≥ 1 s) — overlong handler invocation or a §5.4 severance escape; watch transport_lease_overlong / transport_parked_commits
[2026-08-28T12:57:13Z ERROR fuse3::raw::connection::fuse_over_uring] transport payload lease held 2211 ms (≥ 1 s) — overlong handler invocation or a §5.4 severance escape; watch transport_lease_overlong / transport_parked_commits
[2026-08-28T12:57:13Z ERROR fuse3::raw::connection::fuse_over_uring] transport payload lease held 2199 ms (≥ 1 s) — overlong handler invocation or a §5.4 severance escape; watch transport_lease_overlong / transport_parked_commits
[2026-08-28T12:57:13Z ERROR fuse3::raw::connection::fuse_over_uring] transport payload lease held 2198 ms (≥ 1 s) — overlong handler invocation or a §5.4 severance escape; watch transport_lease_overlong / transport_parked_commits
[2026-08-28T12:57:13Z ERROR fuse3::raw::connection::fuse_over_uring] transport payload lease held 2199 ms (≥ 1 s) — overlong handler invocation or a §5.4 severance escape; watch transport_lease_overlong / transport_parked_commits
[2026-08-28T12:57:13Z ERROR fuse3::raw::connection::fuse_over_uring] transport payload lease held 2099 ms (≥ 1 s) — overlong handler invocation or a §5.4 severance escape; watch transport_lease_overlong / transport_parked_commits
[2026-08-28T12:57:13Z ERROR fuse3::raw::connection::fuse_over_uring] transport payload lease held 2070 ms (≥ 1 s) — overlong handler invocation or a §5.4 severance escape; watch transport_lease_overlong / transport_parked_commits
[2026-08-28T12:57:13Z ERROR fuse3::raw::connection::fuse_over_uring] transport payload lease held 2070 ms (≥ 1 s) — overlong handler invocation or a §5.4 severance escape; watch transport_lease_overlong / transport_parked_commits
[2026-08-28T12:57:13Z ERROR fuse3::raw::connection::fuse_over_uring] transport payload lease held 2070 ms (≥ 1 s) — overlong handler invocation or a §5.4 severance escape; watch transport_lease_overlong / transport_parked_commits
[2026-08-28T12:57:13Z ERROR fuse3::raw::connection::fuse_over_uring] transport payload lease held 1934 ms (≥ 1 s) — overlong handler invocation or a §5.4 severance escape; watch transport_lease_overlong / transport_parked_commits
[2026-08-28T12:57:13Z ERROR fuse3::raw::connection::fuse_over_uring] transport payload lease held 1945 ms (≥ 1 s) — overlong handler invocation or a §5.4 severance escape; watch transport_lease_overlong / transport_parked_commits
[2026-08-28T12:57:13Z ERROR fuse3::raw::connection::fuse_over_uring] transport payload lease held 1945 ms (≥ 1 s) — overlong handler invocation or a §5.4 severance escape; watch transport_lease_overlong / transport_parked_commits
[2026-08-28T12:57:13Z ERROR fuse3::raw::connection::fuse_over_uring] transport payload lease held 1945 ms (≥ 1 s) — overlong handler invocation or a §5.4 severance escape; watch transport_lease_overlong / transport_parked_commits
[2026-08-28T12:57:13Z ERROR fuse3::raw::connection::fuse_over_uring] transport payload lease held 1705 ms (≥ 1 s) — overlong handler invocation or a §5.4 severance escape; watch transport_lease_overlong / transport_parked_commits
[2026-08-28T12:57:13Z ERROR fuse3::raw::connection::fuse_over_uring] transport payload lease held 1702 ms (≥ 1 s) — overlong handler invocation or a §5.4 severance escape; watch transport_lease_overlong / transport_parked_commits
[2026-08-28T12:57:13Z ERROR fuse3::raw::connection::fuse_over_uring] transport payload lease held 1701 ms (≥ 1 s) — overlong handler invocation or a §5.4 severance escape; watch transport_lease_overlong / transport_parked_commits
[2026-08-28T12:57:13Z ERROR fuse3::raw::connection::fuse_over_uring] transport payload lease held 1698 ms (≥ 1 s) — overlong handler invocation or a §5.4 severance escape; watch transport_lease_overlong / transport_parked_commits
[2026-08-28T12:57:13Z ERROR fuse3::raw::connection::fuse_over_uring] transport payload lease held 1528 ms (≥ 1 s) — overlong handler invocation or a §5.4 severance escape; watch transport_lease_overlong / transport_parked_commits
[2026-08-28T12:57:13Z ERROR fuse3::raw::connection::fuse_over_uring] transport payload lease held 1516 ms (≥ 1 s) — overlong handler invocation or a §5.4 severance escape; watch transport_lease_overlong / transport_parked_commits
[2026-08-28T12:57:13Z ERROR fuse3::raw::connection::fuse_over_uring] transport payload lease held 1516 ms (≥ 1 s) — overlong handler invocation or a §5.4 severance escape; watch transport_lease_overlong / transport_parked_commits
[2026-08-28T12:57:13Z ERROR fuse3::raw::connection::fuse_over_uring] transport payload lease held 1516 ms (≥ 1 s) — overlong handler invocation or a §5.4 severance escape; watch transport_lease_overlong / transport_parked_commits
[2026-08-28T12:57:13Z ERROR fuse3::raw::connection::fuse_over_uring] transport payload lease held 1882 ms (≥ 1 s) — overlong handler invocation or a §5.4 severance escape; watch transport_lease_overlong / transport_parked_commits
[2026-08-28T12:57:13Z ERROR fuse3::raw::connection::fuse_over_uring] transport payload lease held 1894 ms (≥ 1 s) — overlong handler invocation or a §5.4 severance escape; watch transport_lease_overlong / transport_parked_commits
[2026-08-28T12:57:13Z ERROR fuse3::raw::connection::fuse_over_uring] transport payload lease held 1894 ms (≥ 1 s) — overlong handler invocation or a §5.4 severance escape; watch transport_lease_overlong / transport_parked_commits
[2026-08-28T12:57:13Z ERROR fuse3::raw::connection::fuse_over_uring] transport payload lease held 1894 ms (≥ 1 s) — overlong handler invocation or a §5.4 severance escape; watch transport_lease_overlong / transport_parked_commits
[2026-08-28T12:57:13Z ERROR fuse3::raw::connection::fuse_over_uring] transport payload lease held 1896 ms (≥ 1 s) — overlong handler invocation or a §5.4 severance escape; watch transport_lease_overlong / transport_parked_commits
[2026-08-28T12:57:13Z ERROR fuse3::raw::connection::fuse_over_uring] transport payload lease held 1896 ms (≥ 1 s) — overlong handler invocation or a §5.4 severance escape; watch transport_lease_overlong / transport_parked_commits
[2026-08-28T12:57:13Z ERROR fuse3::raw::connection::fuse_over_uring] transport payload lease held 1911 ms (≥ 1 s) — overlong handler invocation or a §5.4 severance escape; watch transport_lease_overlong / transport_parked_commits
[2026-08-28T12:57:13Z ERROR fuse3::raw::connection::fuse_over_uring] transport payload lease held 1911 ms (≥ 1 s) — overlong handler invocation or a §5.4 severance escape; watch transport_lease_overlong / transport_parked_commits
[2026-08-28T12:57:13Z ERROR fuse3::raw::connection::fuse_over_uring] transport payload lease held 1936 ms (≥ 1 s) — overlong handler invocation or a §5.4 severance escape; watch transport_lease_overlong / transport_parked_commits
[2026-08-28T12:57:13Z ERROR fuse3::raw::connection::fuse_over_uring] transport payload lease held 1933 ms (≥ 1 s) — overlong handler invocation or a §5.4 severance escape; watch transport_lease_overlong / transport_parked_commits
[2026-08-28T12:57:13Z ERROR fuse3::raw::connection::fuse_over_uring] transport payload lease held 1936 ms (≥ 1 s) — overlong handler invocation or a §5.4 severance escape; watch transport_lease_overlong / transport_parked_commits
[2026-08-28T12:57:13Z ERROR fuse3::raw::connection::fuse_over_uring] transport payload lease held 1928 ms (≥ 1 s) — overlong handler invocation or a §5.4 severance escape; watch transport_lease_overlong / transport_parked_commits
[2026-08-28T12:57:13Z ERROR fuse3::raw::connection::fuse_over_uring] transport payload lease held 1919 ms (≥ 1 s) — overlong handler invocation or a §5.4 severance escape; watch transport_lease_overlong / transport_parked_commits
[2026-08-28T12:57:13Z ERROR fuse3::raw::connection::fuse_over_uring] transport payload lease held 1919 ms (≥ 1 s) — overlong handler invocation or a §5.4 severance escape; watch transport_lease_overlong / transport_parked_commits
[2026-08-28T12:57:13Z ERROR fuse3::raw::connection::fuse_over_uring] transport payload lease held 1919 ms (≥ 1 s) — overlong handler invocation or a §5.4 severance escape; watch transport_lease_overlong / transport_parked_commits
[2026-08-28T12:57:13Z ERROR fuse3::raw::connection::fuse_over_uring] transport payload lease held 1919 ms (≥ 1 s) — overlong handler invocation or a §5.4 severance escape; watch transport_lease_overlong / transport_parked_commits
[2026-08-28T12:57:13Z ERROR fuse3::raw::connection::fuse_over_uring] transport payload lease held 1566 ms (≥ 1 s) — overlong handler invocation or a §5.4 severance escape; watch transport_lease_overlong / transport_parked_commits
[2026-08-28T12:57:13Z ERROR fuse3::raw::connection::fuse_over_uring] transport payload lease held 1565 ms (≥ 1 s) — overlong handler invocation or a §5.4 severance escape; watch transport_lease_overlong / transport_parked_commits
[2026-08-28T12:57:13Z ERROR fuse3::raw::connection::fuse_over_uring] transport payload lease held 1566 ms (≥ 1 s) — overlong handler invocation or a §5.4 severance escape; watch transport_lease_overlong / transport_parked_commits
[2026-08-28T12:57:13Z ERROR fuse3::raw::connection::fuse_over_uring] transport payload lease held 1566 ms (≥ 1 s) — overlong handler invocation or a §5.4 severance escape; watch transport_lease_overlong / transport_parked_commits
[2026-08-28T12:57:13Z ERROR fuse3::raw::connection::fuse_over_uring] transport payload lease held 1511 ms (≥ 1 s) — overlong handler invocation or a §5.4 severance escape; watch transport_lease_overlong / transport_parked_commits
[2026-08-28T12:57:13Z ERROR fuse3::raw::connection::fuse_over_uring] transport payload lease held 1492 ms (≥ 1 s) — overlong handler invocation or a §5.4 severance escape; watch transport_lease_overlong / transport_parked_commits
[2026-08-28T12:57:13Z ERROR fuse3::raw::connection::fuse_over_uring] transport payload lease held 1468 ms (≥ 1 s) — overlong handler invocation or a §5.4 severance escape; watch transport_lease_overlong / transport_parked_commits
[2026-08-28T12:57:13Z ERROR fuse3::raw::connection::fuse_over_uring] transport payload lease held 1467 ms (≥ 1 s) — overlong handler invocation or a §5.4 severance escape; watch transport_lease_overlong / transport_parked_commits
[2026-08-28T12:57:13Z ERROR fuse3::raw::connection::fuse_over_uring] transport payload lease held 1379 ms (≥ 1 s) — overlong handler invocation or a §5.4 severance escape; watch transport_lease_overlong / transport_parked_commits
[2026-08-28T12:57:13Z ERROR fuse3::raw::connection::fuse_over_uring] transport payload lease held 1317 ms (≥ 1 s) — overlong handler invocation or a §5.4 severance escape; watch transport_lease_overlong / transport_parked_commits
[2026-08-28T12:57:13Z ERROR fuse3::raw::connection::fuse_over_uring] transport payload lease held 1317 ms (≥ 1 s) — overlong handler invocation or a §5.4 severance escape; watch transport_lease_overlong / transport_parked_commits
[2026-08-28T12:57:13Z ERROR fuse3::raw::connection::fuse_over_uring] transport payload lease held 1317 ms (≥ 1 s) — overlong handler invocation or a §5.4 severance escape; watch transport_lease_overlong / transport_parked_commits
[2026-08-28T12:57:13Z ERROR fuse3::raw::connection::fuse_over_uring] transport payload lease held 1033 ms (≥ 1 s) — overlong handler invocation or a §5.4 severance escape; watch transport_lease_overlong / transport_parked_commits
[2026-08-28T12:57:18Z ERROR fuse3::raw::connection::fuse_over_uring] transport payload lease held 1142 ms (≥ 1 s) — overlong handler invocation or a §5.4 severance escape; watch transport_lease_overlong / transport_parked_commits
[2026-08-28T12:57:19Z ERROR fuse3::raw::connection::fuse_over_uring] transport payload lease held 1559 ms (≥ 1 s) — overlong handler invocation or a §5.4 severance escape; watch transport_lease_overlong / transport_parked_commits
[2026-08-28T12:57:19Z ERROR fuse3::raw::connection::fuse_over_uring] transport payload lease held 1559 ms (≥ 1 s) — overlong handler invocation or a §5.4 severance escape; watch transport_lease_overlong / transport_parked_commits
[2026-08-28T12:57:19Z ERROR fuse3::raw::connection::fuse_over_uring] transport payload lease held 1559 ms (≥ 1 s) — overlong handler invocation or a §5.4 severance escape; watch transport_lease_overlong / transport_parked_commits
[2026-08-28T12:57:19Z ERROR fuse3::raw::connection::fuse_over_uring] transport payload lease held 1515 ms (≥ 1 s) — overlong handler invocation or a §5.4 severance escape; watch transport_lease_overlong / transport_parked_commits
[2026-08-28T12:57:19Z ERROR fuse3::raw::connection::fuse_over_uring] transport payload lease held 1341 ms (≥ 1 s) — overlong handler invocation or a §5.4 severance escape; watch transport_lease_overlong / transport_parked_commits
[2026-08-28T12:57:19Z ERROR fuse3::raw::connection::fuse_over_uring] transport payload lease held 1341 ms (≥ 1 s) — overlong handler invocation or a §5.4 severance escape; watch transport_lease_overlong / transport_parked_commits
[2026-08-28T12:57:19Z ERROR fuse3::raw::connection::fuse_over_uring] transport payload lease held 1329 ms (≥ 1 s) — overlong handler invocation or a §5.4 severance escape; watch transport_lease_overlong / transport_parked_commits
[2026-08-28T12:57:19Z ERROR fuse3::raw::connection::fuse_over_uring] transport payload lease held 1307 ms (≥ 1 s) — overlong handler invocation or a §5.4 severance escape; watch transport_lease_overlong / transport_parked_commits
[2026-08-28T12:57:19Z ERROR fuse3::raw::connection::fuse_over_uring] transport payload lease held 1353 ms (≥ 1 s) — overlong handler invocation or a §5.4 severance escape; watch transport_lease_overlong / transport_parked_commits
[2026-08-28T12:57:19Z ERROR fuse3::raw::connection::fuse_over_uring] transport payload lease held 1353 ms (≥ 1 s) — overlong handler invocation or a §5.4 severance escape; watch transport_lease_overlong / transport_parked_commits
[2026-08-28T12:57:19Z ERROR fuse3::raw::connection::fuse_over_uring] transport payload lease held 1244 ms (≥ 1 s) — overlong handler invocation or a §5.4 severance escape; watch transport_lease_overlong / transport_parked_commits
[2026-08-28T12:57:19Z ERROR fuse3::raw::connection::fuse_over_uring] transport payload lease held 1231 ms (≥ 1 s) — overlong handler invocation or a §5.4 severance escape; watch transport_lease_overlong / transport_parked_commits
[2026-08-28T12:57:20Z ERROR fuse3::raw::connection::fuse_over_uring] transport payload lease held 1660 ms (≥ 1 s) — overlong handler invocation or a §5.4 severance escape; watch transport_lease_overlong / transport_parked_commits
[2026-08-28T12:57:20Z ERROR fuse3::raw::connection::fuse_over_uring] transport payload lease held 1645 ms (≥ 1 s) — overlong handler invocation or a §5.4 severance escape; watch transport_lease_overlong / transport_parked_commits
[2026-08-28T12:57:20Z ERROR fuse3::raw::connection::fuse_over_uring] transport payload lease held 1438 ms (≥ 1 s) — overlong handler invocation or a §5.4 severance escape; watch transport_lease_overlong / transport_parked_commits
[2026-08-28T12:57:20Z ERROR fuse3::raw::connection::fuse_over_uring] transport payload lease held 1434 ms (≥ 1 s) — overlong handler invocation or a §5.4 severance escape; watch transport_lease_overlong / transport_parked_commits
[2026-08-28T12:57:20Z ERROR fuse3::raw::connection::fuse_over_uring] transport payload lease held 1636 ms (≥ 1 s) — overlong handler invocation or a §5.4 severance escape; watch transport_lease_overlong / transport_parked_commits
[2026-08-28T12:57:20Z ERROR fuse3::raw::connection::fuse_over_uring] transport payload lease held 1438 ms (≥ 1 s) — overlong handler invocation or a §5.4 severance escape; watch transport_lease_overlong / transport_parked_commits
[2026-08-28T12:57:20Z ERROR fuse3::raw::connection::fuse_over_uring] transport payload lease held 1609 ms (≥ 1 s) — overlong handler invocation or a §5.4 severance escape; watch transport_lease_overlong / transport_parked_commits
[2026-08-28T12:57:20Z ERROR fuse3::raw::connection::fuse_over_uring] transport payload lease held 1434 ms (≥ 1 s) — overlong handler invocation or a §5.4 severance escape; watch transport_lease_overlong / transport_parked_commits
[2026-08-28T12:57:20Z ERROR fuse3::raw::connection::fuse_over_uring] transport payload lease held 1381 ms (≥ 1 s) — overlong handler invocation or a §5.4 severance escape; watch transport_lease_overlong / transport_parked_commits
[2026-08-28T12:57:20Z ERROR fuse3::raw::connection::fuse_over_uring] transport payload lease held 1381 ms (≥ 1 s) — overlong handler invocation or a §5.4 severance escape; watch transport_lease_overlong / transport_parked_commits
[2026-08-28T12:57:20Z ERROR fuse3::raw::connection::fuse_over_uring] transport payload lease held 1381 ms (≥ 1 s) — overlong handler invocation or a §5.4 severance escape; watch transport_lease_overlong / transport_parked_commits
[2026-08-28T12:57:20Z ERROR fuse3::raw::connection::fuse_over_uring] transport payload lease held 1381 ms (≥ 1 s) — overlong handler invocation or a §5.4 severance escape; watch transport_lease_overlong / transport_parked_commits
[2026-08-28T12:57:20Z ERROR fuse3::raw::connection::fuse_over_uring] transport payload lease held 1338 ms (≥ 1 s) — overlong handler invocation or a §5.4 severance escape; watch transport_lease_overlong / transport_parked_commits
[2026-08-28T12:57:20Z ERROR fuse3::raw::connection::fuse_over_uring] transport payload lease held 1330 ms (≥ 1 s) — overlong handler invocation or a §5.4 severance escape; watch transport_lease_overlong / transport_parked_commits
[2026-08-28T12:57:20Z ERROR fuse3::raw::connection::fuse_over_uring] transport payload lease held 1338 ms (≥ 1 s) — overlong handler invocation or a §5.4 severance escape; watch transport_lease_overlong / transport_parked_commits
[2026-08-28T12:57:20Z ERROR fuse3::raw::connection::fuse_over_uring] transport payload lease held 1290 ms (≥ 1 s) — overlong handler invocation or a §5.4 severance escape; watch transport_lease_overlong / transport_parked_commits
[2026-08-28T12:57:20Z ERROR fuse3::raw::connection::fuse_over_uring] transport payload lease held 2073 ms (≥ 1 s) — overlong handler invocation or a §5.4 severance escape; watch transport_lease_overlong / transport_parked_commits
[2026-08-28T12:57:21Z WARN  squeezefs::block_allocator] co-writer: abandoning never-published block offset(s) leak-safe (volume 'nvme4n1', first offset 229466177536): the publish that would have named them failed or refused, and a co-writer may not mutate ownership accounting — the next derivation (mount recovery / fsck C6) returns them to the free supply (cowriter_unpublished_abandons; further offsets at debug level)
[2026-08-28T12:57:22Z ERROR fuse3::raw::connection::fuse_over_uring] transport payload lease held 1034 ms (≥ 1 s) — overlong handler invocation or a §5.4 severance escape; watch transport_lease_overlong / transport_parked_commits
[2026-08-28T12:57:22Z ERROR fuse3::raw::connection::fuse_over_uring] transport payload lease held 1030 ms (≥ 1 s) — overlong handler invocation or a §5.4 severance escape; watch transport_lease_overlong / transport_parked_commits
[2026-08-28T12:57:22Z ERROR fuse3::raw::connection::fuse_over_uring] transport payload lease held 1023 ms (≥ 1 s) — overlong handler invocation or a §5.4 severance escape; watch transport_lease_overlong / transport_parked_commits
[2026-08-28T12:57:22Z ERROR fuse3::raw::connection::fuse_over_uring] transport payload lease held 1023 ms (≥ 1 s) — overlong handler invocation or a §5.4 severance escape; watch transport_lease_overlong / transport_parked_commits
[2026-08-28T12:57:22Z ERROR fuse3::raw::connection::fuse_over_uring] transport payload lease held 1045 ms (≥ 1 s) — overlong handler invocation or a §5.4 severance escape; watch transport_lease_overlong / transport_parked_commits
[2026-08-28T12:57:23Z ERROR fuse3::raw::connection::fuse_over_uring] transport payload lease held 1467 ms (≥ 1 s) — overlong handler invocation or a §5.4 severance escape; watch transport_lease_overlong / transport_parked_commits
[2026-08-28T12:57:23Z ERROR fuse3::raw::connection::fuse_over_uring] transport payload lease held 1438 ms (≥ 1 s) — overlong handler invocation or a §5.4 severance escape; watch transport_lease_overlong / transport_parked_commits
[2026-08-28T12:57:23Z ERROR fuse3::raw::connection::fuse_over_uring] transport payload lease held 1291 ms (≥ 1 s) — overlong handler invocation or a §5.4 severance escape; watch transport_lease_overlong / transport_parked_commits
[2026-08-28T12:57:23Z ERROR fuse3::raw::connection::fuse_over_uring] transport payload lease held 1280 ms (≥ 1 s) — overlong handler invocation or a §5.4 severance escape; watch transport_lease_overlong / transport_parked_commits
[2026-08-28T12:57:23Z ERROR fuse3::raw::connection::fuse_over_uring] transport payload lease held 1279 ms (≥ 1 s) — overlong handler invocation or a §5.4 severance escape; watch transport_lease_overlong / transport_parked_commits
[2026-08-28T12:57:23Z ERROR fuse3::raw::connection::fuse_over_uring] transport payload lease held 1279 ms (≥ 1 s) — overlong handler invocation or a §5.4 severance escape; watch transport_lease_overlong / transport_parked_commits
[2026-08-28T12:57:23Z ERROR fuse3::raw::connection::fuse_over_uring] transport payload lease held 1219 ms (≥ 1 s) — overlong handler invocation or a §5.4 severance escape; watch transport_lease_overlong / transport_parked_commits
[2026-08-28T12:57:23Z ERROR fuse3::raw::connection::fuse_over_uring] transport payload lease held 1219 ms (≥ 1 s) — overlong handler invocation or a §5.4 severance escape; watch transport_lease_overlong / transport_parked_commits
[2026-08-28T12:57:23Z ERROR fuse3::raw::connection::fuse_over_uring] transport payload lease held 1113 ms (≥ 1 s) — overlong handler invocation or a §5.4 severance escape; watch transport_lease_overlong / transport_parked_commits
[2026-08-28T12:57:23Z ERROR fuse3::raw::connection::fuse_over_uring] transport payload lease held 1151 ms (≥ 1 s) — overlong handler invocation or a §5.4 severance escape; watch transport_lease_overlong / transport_parked_commits
[2026-08-28T12:57:23Z ERROR fuse3::raw::connection::fuse_over_uring] transport payload lease held 1151 ms (≥ 1 s) — overlong handler invocation or a §5.4 severance escape; watch transport_lease_overlong / transport_parked_commits
[2026-08-28T12:57:23Z ERROR fuse3::raw::connection::fuse_over_uring] transport payload lease held 1151 ms (≥ 1 s) — overlong handler invocation or a §5.4 severance escape; watch transport_lease_overlong / transport_parked_commits
[2026-08-28T12:57:23Z ERROR fuse3::raw::connection::fuse_over_uring] transport payload lease held 1060 ms (≥ 1 s) — overlong handler invocation or a §5.4 severance escape; watch transport_lease_overlong / transport_parked_commits
[2026-08-28T12:57:23Z ERROR fuse3::raw::connection::fuse_over_uring] transport payload lease held 1060 ms (≥ 1 s) — overlong handler invocation or a §5.4 severance escape; watch transport_lease_overlong / transport_parked_commits
[2026-08-28T12:57:23Z ERROR fuse3::raw::connection::fuse_over_uring] transport payload lease held 1060 ms (≥ 1 s) — overlong handler invocation or a §5.4 severance escape; watch transport_lease_overlong / transport_parked_commits
[2026-08-28T12:57:23Z ERROR fuse3::raw::connection::fuse_over_uring] transport payload lease held 1055 ms (≥ 1 s) — overlong handler invocation or a §5.4 severance escape; watch transport_lease_overlong / transport_parked_commits
[2026-08-28T12:57:23Z ERROR fuse3::raw::connection::fuse_over_uring] transport payload lease held 1026 ms (≥ 1 s) — overlong handler invocation or a §5.4 severance escape; watch transport_lease_overlong / transport_parked_commits
[2026-08-28T12:57:23Z ERROR fuse3::raw::connection::fuse_over_uring] transport payload lease held 1025 ms (≥ 1 s) — overlong handler invocation or a §5.4 severance escape; watch transport_lease_overlong / transport_parked_commits
[2026-08-28T12:57:23Z ERROR fuse3::raw::connection::fuse_over_uring] transport payload lease held 1025 ms (≥ 1 s) — overlong handler invocation or a §5.4 severance escape; watch transport_lease_overlong / transport_parked_commits
[2026-08-28T12:57:23Z ERROR fuse3::raw::connection::fuse_over_uring] transport payload lease held 1025 ms (≥ 1 s) — overlong handler invocation or a §5.4 severance escape; watch transport_lease_overlong / transport_parked_commits
[2026-08-28T12:57:23Z ERROR fuse3::raw::connection::fuse_over_uring] transport payload lease held 1328 ms (≥ 1 s) — overlong handler invocation or a §5.4 severance escape; watch transport_lease_overlong / transport_parked_commits
[2026-08-28T12:57:23Z ERROR fuse3::raw::connection::fuse_over_uring] transport payload lease held 1328 ms (≥ 1 s) — overlong handler invocation or a §5.4 severance escape; watch transport_lease_overlong / transport_parked_commits
[2026-08-28T12:57:23Z ERROR fuse3::raw::connection::fuse_over_uring] transport payload lease held 1286 ms (≥ 1 s) — overlong handler invocation or a §5.4 severance escape; watch transport_lease_overlong / transport_parked_commits
[2026-08-28T12:57:24Z ERROR fuse3::raw::connection::fuse_over_uring] transport payload lease held 1018 ms (≥ 1 s) — overlong handler invocation or a §5.4 severance escape; watch transport_lease_overlong / transport_parked_commits
[2026-08-28T12:57:24Z ERROR fuse3::raw::connection::fuse_over_uring] transport payload lease held 1017 ms (≥ 1 s) — overlong handler invocation or a §5.4 severance escape; watch transport_lease_overlong / transport_parked_commits
[2026-08-28T12:57:24Z ERROR fuse3::raw::connection::fuse_over_uring] transport payload lease held 1017 ms (≥ 1 s) — overlong handler invocation or a §5.4 severance escape; watch transport_lease_overlong / transport_parked_commits
[2026-08-28T12:57:24Z ERROR fuse3::raw::connection::fuse_over_uring] transport payload lease held 1016 ms (≥ 1 s) — overlong handler invocation or a §5.4 severance escape; watch transport_lease_overlong / transport_parked_commits
[2026-08-28T12:57:25Z ERROR fuse3::raw::connection::fuse_over_uring] transport payload lease held 1404 ms (≥ 1 s) — overlong handler invocation or a §5.4 severance escape; watch transport_lease_overlong / transport_parked_commits
[2026-08-28T12:57:25Z ERROR fuse3::raw::connection::fuse_over_uring] transport payload lease held 1404 ms (≥ 1 s) — overlong handler invocation or a §5.4 severance escape; watch transport_lease_overlong / transport_parked_commits
[2026-08-28T12:57:25Z ERROR fuse3::raw::connection::fuse_over_uring] transport payload lease held 1405 ms (≥ 1 s) — overlong handler invocation or a §5.4 severance escape; watch transport_lease_overlong / transport_parked_commits
[2026-08-28T12:57:28Z ERROR fuse3::raw::connection::fuse_over_uring] transport payload lease held 1264 ms (≥ 1 s) — overlong handler invocation or a §5.4 severance escape; watch transport_lease_overlong / transport_parked_commits
[2026-08-28T12:57:28Z ERROR fuse3::raw::connection::fuse_over_uring] transport payload lease held 1031 ms (≥ 1 s) — overlong handler invocation or a §5.4 severance escape; watch transport_lease_overlong / transport_parked_commits
[2026-08-28T12:57:28Z ERROR fuse3::raw::connection::fuse_over_uring] transport payload lease held 1018 ms (≥ 1 s) — overlong handler invocation or a §5.4 severance escape; watch transport_lease_overlong / transport_parked_commits
[2026-08-28T12:57:28Z ERROR fuse3::raw::connection::fuse_over_uring] transport payload lease held 1121 ms (≥ 1 s) — overlong handler invocation or a §5.4 severance escape; watch transport_lease_overlong / transport_parked_commits
[2026-08-28T12:57:28Z ERROR fuse3::raw::connection::fuse_over_uring] transport payload lease held 1119 ms (≥ 1 s) — overlong handler invocation or a §5.4 severance escape; watch transport_lease_overlong / transport_parked_commits
[2026-08-28T12:57:28Z ERROR fuse3::raw::connection::fuse_over_uring] transport payload lease held 1119 ms (≥ 1 s) — overlong handler invocation or a §5.4 severance escape; watch transport_lease_overlong / transport_parked_commits
[2026-08-28T12:57:28Z ERROR fuse3::raw::connection::fuse_over_uring] transport payload lease held 1119 ms (≥ 1 s) — overlong handler invocation or a §5.4 severance escape; watch transport_lease_overlong / transport_parked_commits
[2026-08-28T12:57:28Z ERROR fuse3::raw::connection::fuse_over_uring] transport payload lease held 1034 ms (≥ 1 s) — overlong handler invocation or a §5.4 severance escape; watch transport_lease_overlong / transport_parked_commits
[2026-08-28T12:57:28Z ERROR fuse3::raw::connection::fuse_over_uring] transport payload lease held 1126 ms (≥ 1 s) — overlong handler invocation or a §5.4 severance escape; watch transport_lease_overlong / transport_parked_commits
[2026-08-28T12:57:28Z ERROR fuse3::raw::connection::fuse_over_uring] transport payload lease held 1125 ms (≥ 1 s) — overlong handler invocation or a §5.4 severance escape; watch transport_lease_overlong / transport_parked_commits
[2026-08-28T12:57:28Z ERROR fuse3::raw::connection::fuse_over_uring] transport payload lease held 1125 ms (≥ 1 s) — overlong handler invocation or a §5.4 severance escape; watch transport_lease_overlong / transport_parked_commits
[2026-08-28T12:57:28Z ERROR fuse3::raw::connection::fuse_over_uring] transport payload lease held 1125 ms (≥ 1 s) — overlong handler invocation or a §5.4 severance escape; watch transport_lease_overlong / transport_parked_commits
[2026-08-28T12:57:29Z ERROR fuse3::raw::connection::fuse_over_uring] transport payload lease held 1214 ms (≥ 1 s) — overlong handler invocation or a §5.4 severance escape; watch transport_lease_overlong / transport_parked_commits
[2026-08-28T12:57:29Z ERROR fuse3::raw::connection::fuse_over_uring] transport payload lease held 1214 ms (≥ 1 s) — overlong handler invocation or a §5.4 severance escape; watch transport_lease_overlong / transport_parked_commits
[2026-08-28T12:57:29Z ERROR fuse3::raw::connection::fuse_over_uring] transport payload lease held 1214 ms (≥ 1 s) — overlong handler invocation or a §5.4 severance escape; watch transport_lease_overlong / transport_parked_commits
[2026-08-28T12:57:29Z ERROR fuse3::raw::connection::fuse_over_uring] transport payload lease held 1223 ms (≥ 1 s) — overlong handler invocation or a §5.4 severance escape; watch transport_lease_overlong / transport_parked_commits
[2026-08-28T12:57:29Z ERROR fuse3::raw::connection::fuse_over_uring] transport payload lease held 1223 ms (≥ 1 s) — overlong handler invocation or a §5.4 severance escape; watch transport_lease_overlong / transport_parked_commits
[2026-08-28T12:57:29Z ERROR fuse3::raw::connection::fuse_over_uring] transport payload lease held 1224 ms (≥ 1 s) — overlong handler invocation or a §5.4 severance escape; watch transport_lease_overlong / transport_parked_commits
[2026-08-28T12:57:29Z ERROR fuse3::raw::connection::fuse_over_uring] transport payload lease held 1224 ms (≥ 1 s) — overlong handler invocation or a §5.4 severance escape; watch transport_lease_overlong / transport_parked_commits
[2026-08-28T12:57:29Z ERROR fuse3::raw::connection::fuse_over_uring] transport payload lease held 1139 ms (≥ 1 s) — overlong handler invocation or a §5.4 severance escape; watch transport_lease_overlong / transport_parked_commits
[2026-08-28T12:57:29Z ERROR fuse3::raw::connection::fuse_over_uring] transport payload lease held 1140 ms (≥ 1 s) — overlong handler invocation or a §5.4 severance escape; watch transport_lease_overlong / transport_parked_commits
[2026-08-28T12:57:29Z ERROR fuse3::raw::connection::fuse_over_uring] transport payload lease held 1140 ms (≥ 1 s) — overlong handler invocation or a §5.4 severance escape; watch transport_lease_overlong / transport_parked_commits
[2026-08-28T12:57:29Z ERROR fuse3::raw::connection::fuse_over_uring] transport payload lease held 1140 ms (≥ 1 s) — overlong handler invocation or a §5.4 severance escape; watch transport_lease_overlong / transport_parked_commits
[2026-08-28T12:57:29Z WARN  squeezefs::block_allocator] co-writer: abandoning never-published block offset(s) leak-safe (volume 'nvme4n1', first offset 240740466688): the publish that would have named them failed or refused, and a co-writer may not mutate ownership accounting — the next derivation (mount recovery / fsck C6) returns them to the free supply (cowriter_unpublished_abandons; further offsets at debug level)
[2026-08-28T12:57:29Z ERROR fuse3::raw::connection::fuse_over_uring] transport payload lease held 2531 ms (≥ 1 s) — overlong handler invocation or a §5.4 severance escape; watch transport_lease_overlong / transport_parked_commits
[2026-08-28T12:57:29Z ERROR fuse3::raw::connection::fuse_over_uring] transport payload lease held 2532 ms (≥ 1 s) — overlong handler invocation or a §5.4 severance escape; watch transport_lease_overlong / transport_parked_commits
[2026-08-28T12:57:29Z ERROR fuse3::raw::connection::fuse_over_uring] transport payload lease held 2532 ms (≥ 1 s) — overlong handler invocation or a §5.4 severance escape; watch transport_lease_overlong / transport_parked_commits
[2026-08-28T12:57:29Z ERROR fuse3::raw::connection::fuse_over_uring] transport payload lease held 2522 ms (≥ 1 s) — overlong handler invocation or a §5.4 severance escape; watch transport_lease_overlong / transport_parked_commits
[2026-08-28T12:57:30Z ERROR fuse3::raw::connection::fuse_over_uring] transport payload lease held 2349 ms (≥ 1 s) — overlong handler invocation or a §5.4 severance escape; watch transport_lease_overlong / transport_parked_commits
[2026-08-28T12:57:30Z ERROR fuse3::raw::connection::fuse_over_uring] transport payload lease held 2352 ms (≥ 1 s) — overlong handler invocation or a §5.4 severance escape; watch transport_lease_overlong / transport_parked_commits
[2026-08-28T12:57:30Z ERROR fuse3::raw::connection::fuse_over_uring] transport payload lease held 2352 ms (≥ 1 s) — overlong handler invocation or a §5.4 severance escape; watch transport_lease_overlong / transport_parked_commits
[2026-08-28T12:57:35Z ERROR fuse3::raw::connection::fuse_over_uring] transport payload lease held 1027 ms (≥ 1 s) — overlong handler invocation or a §5.4 severance escape; watch transport_lease_overlong / transport_parked_commits
[2026-08-28T12:57:35Z ERROR fuse3::raw::connection::fuse_over_uring] transport payload lease held 1017 ms (≥ 1 s) — overlong handler invocation or a §5.4 severance escape; watch transport_lease_overlong / transport_parked_commits
[2026-08-28T12:57:35Z ERROR fuse3::raw::connection::fuse_over_uring] transport payload lease held 1017 ms (≥ 1 s) — overlong handler invocation or a §5.4 severance escape; watch transport_lease_overlong / transport_parked_commits
[2026-08-28T12:57:35Z ERROR fuse3::raw::connection::fuse_over_uring] transport payload lease held 1018 ms (≥ 1 s) — overlong handler invocation or a §5.4 severance escape; watch transport_lease_overlong / transport_parked_commits
[2026-08-28T12:57:35Z ERROR fuse3::raw::connection::fuse_over_uring] transport payload lease held 1009 ms (≥ 1 s) — overlong handler invocation or a §5.4 severance escape; watch transport_lease_overlong / transport_parked_commits
[2026-08-28T12:57:35Z ERROR fuse3::raw::connection::fuse_over_uring] transport payload lease held 1009 ms (≥ 1 s) — overlong handler invocation or a §5.4 severance escape; watch transport_lease_overlong / transport_parked_commits
[2026-08-28T12:57:35Z ERROR fuse3::raw::connection::fuse_over_uring] transport payload lease held 1003 ms (≥ 1 s) — overlong handler invocation or a §5.4 severance escape; watch transport_lease_overlong / transport_parked_commits
[2026-08-28T12:58:07Z ERROR fuse3::raw::connection::fuse_over_uring] transport payload lease held 1160 ms (≥ 1 s) — overlong handler invocation or a §5.4 severance escape; watch transport_lease_overlong / transport_parked_commits
[2026-08-28T12:58:07Z ERROR fuse3::raw::connection::fuse_over_uring] transport payload lease held 1155 ms (≥ 1 s) — overlong handler invocation or a §5.4 severance escape; watch transport_lease_overlong / transport_parked_commits
[2026-08-28T12:58:07Z ERROR fuse3::raw::connection::fuse_over_uring] transport payload lease held 1152 ms (≥ 1 s) — overlong handler invocation or a §5.4 severance escape; watch transport_lease_overlong / transport_parked_commits
[2026-08-28T12:58:07Z ERROR fuse3::raw::connection::fuse_over_uring] transport payload lease held 1118 ms (≥ 1 s) — overlong handler invocation or a §5.4 severance escape; watch transport_lease_overlong / transport_parked_commits
[2026-08-28T12:58:07Z ERROR fuse3::raw::connection::fuse_over_uring] transport payload lease held 1116 ms (≥ 1 s) — overlong handler invocation or a §5.4 severance escape; watch transport_lease_overlong / transport_parked_commits
[2026-08-28T12:58:07Z ERROR fuse3::raw::connection::fuse_over_uring] transport payload lease held 1114 ms (≥ 1 s) — overlong handler invocation or a §5.4 severance escape; watch transport_lease_overlong / transport_parked_commits
[2026-08-28T12:58:07Z ERROR fuse3::raw::connection::fuse_over_uring] transport payload lease held 1114 ms (≥ 1 s) — overlong handler invocation or a §5.4 severance escape; watch transport_lease_overlong / transport_parked_commits
[2026-08-28T12:58:07Z ERROR fuse3::raw::connection::fuse_over_uring] transport payload lease held 1114 ms (≥ 1 s) — overlong handler invocation or a §5.4 severance escape; watch transport_lease_overlong / transport_parked_commits
[2026-08-28T12:58:07Z ERROR fuse3::raw::connection::fuse_over_uring] transport payload lease held 1114 ms (≥ 1 s) — overlong handler invocation or a §5.4 severance escape; watch transport_lease_overlong / transport_parked_commits
[2026-08-28T12:58:07Z ERROR fuse3::raw::connection::fuse_over_uring] transport payload lease held 1111 ms (≥ 1 s) — overlong handler invocation or a §5.4 severance escape; watch transport_lease_overlong / transport_parked_commits
[2026-08-28T12:58:07Z ERROR fuse3::raw::connection::fuse_over_uring] transport payload lease held 1111 ms (≥ 1 s) — overlong handler invocation or a §5.4 severance escape; watch transport_lease_overlong / transport_parked_commits
[2026-08-28T12:58:07Z ERROR fuse3::raw::connection::fuse_over_uring] transport payload lease held 1113 ms (≥ 1 s) — overlong handler invocation or a §5.4 severance escape; watch transport_lease_overlong / transport_parked_commits
[2026-08-28T12:58:07Z ERROR fuse3::raw::connection::fuse_over_uring] transport payload lease held 1113 ms (≥ 1 s) — overlong handler invocation or a §5.4 severance escape; watch transport_lease_overlong / transport_parked_commits
[2026-08-28T12:58:07Z ERROR fuse3::raw::connection::fuse_over_uring] transport payload lease held 1115 ms (≥ 1 s) — overlong handler invocation or a §5.4 severance escape; watch transport_lease_overlong / transport_parked_commits
[2026-08-28T12:58:07Z ERROR fuse3::raw::connection::fuse_over_uring] transport payload lease held 1115 ms (≥ 1 s) — overlong handler invocation or a §5.4 severance escape; watch transport_lease_overlong / transport_parked_commits
[2026-08-28T12:58:07Z ERROR fuse3::raw::connection::fuse_over_uring] transport payload lease held 1095 ms (≥ 1 s) — overlong handler invocation or a §5.4 severance escape; watch transport_lease_overlong / transport_parked_commits
[2026-08-28T12:58:07Z ERROR fuse3::raw::connection::fuse_over_uring] transport payload lease held 1094 ms (≥ 1 s) — overlong handler invocation or a §5.4 severance escape; watch transport_lease_overlong / transport_parked_commits
[2026-08-28T12:58:07Z ERROR fuse3::raw::connection::fuse_over_uring] transport payload lease held 1093 ms (≥ 1 s) — overlong handler invocation or a §5.4 severance escape; watch transport_lease_overlong / transport_parked_commits
[2026-08-28T12:58:07Z ERROR fuse3::raw::connection::fuse_over_uring] transport payload lease held 1094 ms (≥ 1 s) — overlong handler invocation or a §5.4 severance escape; watch transport_lease_overlong / transport_parked_commits
[2026-08-28T12:58:07Z ERROR fuse3::raw::connection::fuse_over_uring] transport payload lease held 1066 ms (≥ 1 s) — overlong handler invocation or a §5.4 severance escape; watch transport_lease_overlong / transport_parked_commits
[2026-08-28T12:58:07Z ERROR fuse3::raw::connection::fuse_over_uring] transport payload lease held 1047 ms (≥ 1 s) — overlong handler invocation or a §5.4 severance escape; watch transport_lease_overlong / transport_parked_commits
[2026-08-28T12:58:07Z ERROR fuse3::raw::connection::fuse_over_uring] transport payload lease held 1048 ms (≥ 1 s) — overlong handler invocation or a §5.4 severance escape; watch transport_lease_overlong / transport_parked_commits
[2026-08-28T12:58:07Z ERROR fuse3::raw::connection::fuse_over_uring] transport payload lease held 1048 ms (≥ 1 s) — overlong handler invocation or a §5.4 severance escape; watch transport_lease_overlong / transport_parked_commits
[2026-08-28T12:58:16Z ERROR fuse3::raw::connection::fuse_over_uring] transport payload lease held 1005 ms (≥ 1 s) — overlong handler invocation or a §5.4 severance escape; watch transport_lease_overlong / transport_parked_commits
[2026-08-28T12:58:16Z ERROR fuse3::raw::connection::fuse_over_uring] transport payload lease held 1005 ms (≥ 1 s) — overlong handler invocation or a §5.4 severance escape; watch transport_lease_overlong / transport_parked_commits
[2026-08-28T12:58:16Z ERROR fuse3::raw::connection::fuse_over_uring] transport payload lease held 1179 ms (≥ 1 s) — overlong handler invocation or a §5.4 severance escape; watch transport_lease_overlong / transport_parked_commits
[2026-08-28T12:58:16Z ERROR fuse3::raw::connection::fuse_over_uring] transport payload lease held 1179 ms (≥ 1 s) — overlong handler invocation or a §5.4 severance escape; watch transport_lease_overlong / transport_parked_commits
[2026-08-28T12:58:16Z ERROR fuse3::raw::connection::fuse_over_uring] transport payload lease held 1159 ms (≥ 1 s) — overlong handler invocation or a §5.4 severance escape; watch transport_lease_overlong / transport_parked_commits
[2026-08-28T12:58:16Z ERROR fuse3::raw::connection::fuse_over_uring] transport payload lease held 1159 ms (≥ 1 s) — overlong handler invocation or a §5.4 severance escape; watch transport_lease_overlong / transport_parked_commits
[2026-08-28T12:58:30Z ERROR fuse3::raw::connection::fuse_over_uring] transport payload lease held 1075 ms (≥ 1 s) — overlong handler invocation or a §5.4 severance escape; watch transport_lease_overlong / transport_parked_commits
[2026-08-28T12:58:30Z ERROR fuse3::raw::connection::fuse_over_uring] transport payload lease held 1074 ms (≥ 1 s) — overlong handler invocation or a §5.4 severance escape; watch transport_lease_overlong / transport_parked_commits
[2026-08-28T12:58:30Z ERROR fuse3::raw::connection::fuse_over_uring] transport payload lease held 1075 ms (≥ 1 s) — overlong handler invocation or a §5.4 severance escape; watch transport_lease_overlong / transport_parked_commits
[2026-08-28T12:58:31Z ERROR fuse3::raw::connection::fuse_over_uring] transport payload lease held 1393 ms (≥ 1 s) — overlong handler invocation or a §5.4 severance escape; watch transport_lease_overlong / transport_parked_commits
[2026-08-28T12:58:31Z ERROR fuse3::raw::connection::fuse_over_uring] transport payload lease held 1174 ms (≥ 1 s) — overlong handler invocation or a §5.4 severance escape; watch transport_lease_overlong / transport_parked_commits
[2026-08-28T12:58:31Z ERROR fuse3::raw::connection::fuse_over_uring] transport payload lease held 1186 ms (≥ 1 s) — overlong handler invocation or a §5.4 severance escape; watch transport_lease_overlong / transport_parked_commits
[2026-08-28T12:58:31Z ERROR fuse3::raw::connection::fuse_over_uring] transport payload lease held 1187 ms (≥ 1 s) — overlong handler invocation or a §5.4 severance escape; watch transport_lease_overlong / transport_parked_commits
[2026-08-28T12:58:31Z ERROR fuse3::raw::connection::fuse_over_uring] transport payload lease held 1170 ms (≥ 1 s) — overlong handler invocation or a §5.4 severance escape; watch transport_lease_overlong / transport_parked_commits
[2026-08-28T12:58:31Z ERROR fuse3::raw::connection::fuse_over_uring] transport payload lease held 1132 ms (≥ 1 s) — overlong handler invocation or a §5.4 severance escape; watch transport_lease_overlong / transport_parked_commits
[2026-08-28T12:58:31Z ERROR fuse3::raw::connection::fuse_over_uring] transport payload lease held 1131 ms (≥ 1 s) — overlong handler invocation or a §5.4 severance escape; watch transport_lease_overlong / transport_parked_commits
[2026-08-28T12:58:31Z ERROR fuse3::raw::connection::fuse_over_uring] transport payload lease held 1131 ms (≥ 1 s) — overlong handler invocation or a §5.4 severance escape; watch transport_lease_overlong / transport_parked_commits
[2026-08-28T12:58:31Z ERROR fuse3::raw::connection::fuse_over_uring] transport payload lease held 1045 ms (≥ 1 s) — overlong handler invocation or a §5.4 severance escape; watch transport_lease_overlong / transport_parked_commits
[2026-08-28T12:58:32Z ERROR fuse3::raw::connection::fuse_over_uring] transport payload lease held 1034 ms (≥ 1 s) — overlong handler invocation or a §5.4 severance escape; watch transport_lease_overlong / transport_parked_commits
[2026-08-28T12:58:32Z ERROR fuse3::raw::connection::fuse_over_uring] transport payload lease held 1019 ms (≥ 1 s) — overlong handler invocation or a §5.4 severance escape; watch transport_lease_overlong / transport_parked_commits
[2026-08-28T12:58:32Z ERROR fuse3::raw::connection::fuse_over_uring] transport payload lease held 1019 ms (≥ 1 s) — overlong handler invocation or a §5.4 severance escape; watch transport_lease_overlong / transport_parked_commits
[2026-08-28T12:58:32Z ERROR fuse3::raw::connection::fuse_over_uring] transport payload lease held 1019 ms (≥ 1 s) — overlong handler invocation or a §5.4 severance escape; watch transport_lease_overlong / transport_parked_commits
[2026-08-28T12:58:35Z ERROR fuse3::raw::connection::fuse_over_uring] transport payload lease held 1286 ms (≥ 1 s) — overlong handler invocation or a §5.4 severance escape; watch transport_lease_overlong / transport_parked_commits
[2026-08-28T12:58:35Z ERROR fuse3::raw::connection::fuse_over_uring] transport payload lease held 1279 ms (≥ 1 s) — overlong handler invocation or a §5.4 severance escape; watch transport_lease_overlong / transport_parked_commits
[2026-08-28T12:58:35Z ERROR fuse3::raw::connection::fuse_over_uring] transport payload lease held 1279 ms (≥ 1 s) — overlong handler invocation or a §5.4 severance escape; watch transport_lease_overlong / transport_parked_commits
[2026-08-28T12:58:35Z ERROR fuse3::raw::connection::fuse_over_uring] transport payload lease held 1279 ms (≥ 1 s) — overlong handler invocation or a §5.4 severance escape; watch transport_lease_overlong / transport_parked_commits
[2026-08-28T12:58:35Z ERROR fuse3::raw::connection::fuse_over_uring] transport payload lease held 1243 ms (≥ 1 s) — overlong handler invocation or a §5.4 severance escape; watch transport_lease_overlong / transport_parked_commits
[2026-08-28T12:58:35Z ERROR fuse3::raw::connection::fuse_over_uring] transport payload lease held 1243 ms (≥ 1 s) — overlong handler invocation or a §5.4 severance escape; watch transport_lease_overlong / transport_parked_commits
[2026-08-28T12:58:35Z ERROR fuse3::raw::connection::fuse_over_uring] transport payload lease held 1243 ms (≥ 1 s) — overlong handler invocation or a §5.4 severance escape; watch transport_lease_overlong / transport_parked_commits
[2026-08-28T12:58:35Z ERROR fuse3::raw::connection::fuse_over_uring] transport payload lease held 1243 ms (≥ 1 s) — overlong handler invocation or a §5.4 severance escape; watch transport_lease_overlong / transport_parked_commits
[2026-08-28T12:58:35Z ERROR fuse3::raw::connection::fuse_over_uring] transport payload lease held 1210 ms (≥ 1 s) — overlong handler invocation or a §5.4 severance escape; watch transport_lease_overlong / transport_parked_commits
[2026-08-28T12:58:35Z ERROR fuse3::raw::connection::fuse_over_uring] transport payload lease held 1218 ms (≥ 1 s) — overlong handler invocation or a §5.4 severance escape; watch transport_lease_overlong / transport_parked_commits
[2026-08-28T12:58:35Z ERROR fuse3::raw::connection::fuse_over_uring] transport payload lease held 1214 ms (≥ 1 s) — overlong handler invocation or a §5.4 severance escape; watch transport_lease_overlong / transport_parked_commits
[2026-08-28T12:58:35Z ERROR fuse3::raw::connection::fuse_over_uring] transport payload lease held 1219 ms (≥ 1 s) — overlong handler invocation or a §5.4 severance escape; watch transport_lease_overlong / transport_parked_commits
[2026-08-28T12:58:35Z ERROR fuse3::raw::connection::fuse_over_uring] transport payload lease held 1228 ms (≥ 1 s) — overlong handler invocation or a §5.4 severance escape; watch transport_lease_overlong / transport_parked_commits
[2026-08-28T12:58:35Z ERROR fuse3::raw::connection::fuse_over_uring] transport payload lease held 1228 ms (≥ 1 s) — overlong handler invocation or a §5.4 severance escape; watch transport_lease_overlong / transport_parked_commits
[2026-08-28T12:58:35Z ERROR fuse3::raw::connection::fuse_over_uring] transport payload lease held 1228 ms (≥ 1 s) — overlong handler invocation or a §5.4 severance escape; watch transport_lease_overlong / transport_parked_commits
[2026-08-28T12:58:35Z ERROR fuse3::raw::connection::fuse_over_uring] transport payload lease held 1228 ms (≥ 1 s) — overlong handler invocation or a §5.4 severance escape; watch transport_lease_overlong / transport_parked_commits
[2026-08-28T12:58:35Z ERROR fuse3::raw::connection::fuse_over_uring] transport payload lease held 1238 ms (≥ 1 s) — overlong handler invocation or a §5.4 severance escape; watch transport_lease_overlong / transport_parked_commits
[2026-08-28T12:58:35Z ERROR fuse3::raw::connection::fuse_over_uring] transport payload lease held 1238 ms (≥ 1 s) — overlong handler invocation or a §5.4 severance escape; watch transport_lease_overlong / transport_parked_commits
[2026-08-28T12:58:35Z ERROR fuse3::raw::connection::fuse_over_uring] transport payload lease held 1217 ms (≥ 1 s) — overlong handler invocation or a §5.4 severance escape; watch transport_lease_overlong / transport_parked_commits
[2026-08-28T12:58:35Z ERROR fuse3::raw::connection::fuse_over_uring] transport payload lease held 1217 ms (≥ 1 s) — overlong handler invocation or a §5.4 severance escape; watch transport_lease_overlong / transport_parked_commits
[2026-08-28T12:58:35Z ERROR fuse3::raw::connection::fuse_over_uring] transport payload lease held 1217 ms (≥ 1 s) — overlong handler invocation or a §5.4 severance escape; watch transport_lease_overlong / transport_parked_commits
[2026-08-28T12:58:35Z ERROR fuse3::raw::connection::fuse_over_uring] transport payload lease held 1207 ms (≥ 1 s) — overlong handler invocation or a §5.4 severance escape; watch transport_lease_overlong / transport_parked_commits
[2026-08-28T12:58:35Z ERROR fuse3::raw::connection::fuse_over_uring] transport payload lease held 1207 ms (≥ 1 s) — overlong handler invocation or a §5.4 severance escape; watch transport_lease_overlong / transport_parked_commits
[2026-08-28T12:58:35Z ERROR fuse3::raw::connection::fuse_over_uring] transport payload lease held 1207 ms (≥ 1 s) — overlong handler invocation or a §5.4 severance escape; watch transport_lease_overlong / transport_parked_commits
[2026-08-28T12:58:35Z ERROR fuse3::raw::connection::fuse_over_uring] transport payload lease held 1174 ms (≥ 1 s) — overlong handler invocation or a §5.4 severance escape; watch transport_lease_overlong / transport_parked_commits
[2026-08-28T12:58:35Z ERROR fuse3::raw::connection::fuse_over_uring] transport payload lease held 1174 ms (≥ 1 s) — overlong handler invocation or a §5.4 severance escape; watch transport_lease_overlong / transport_parked_commits
[2026-08-28T12:58:35Z ERROR fuse3::raw::connection::fuse_over_uring] transport payload lease held 1174 ms (≥ 1 s) — overlong handler invocation or a §5.4 severance escape; watch transport_lease_overlong / transport_parked_commits
[2026-08-28T12:58:35Z ERROR fuse3::raw::connection::fuse_over_uring] transport payload lease held 1174 ms (≥ 1 s) — overlong handler invocation or a §5.4 severance escape; watch transport_lease_overlong / transport_parked_commits
[2026-08-28T12:58:35Z ERROR fuse3::raw::connection::fuse_over_uring] transport payload lease held 1150 ms (≥ 1 s) — overlong handler invocation or a §5.4 severance escape; watch transport_lease_overlong / transport_parked_commits
[2026-08-28T12:58:35Z ERROR fuse3::raw::connection::fuse_over_uring] transport payload lease held 1143 ms (≥ 1 s) — overlong handler invocation or a §5.4 severance escape; watch transport_lease_overlong / transport_parked_commits
[2026-08-28T12:58:35Z ERROR fuse3::raw::connection::fuse_over_uring] transport payload lease held 1147 ms (≥ 1 s) — overlong handler invocation or a §5.4 severance escape; watch transport_lease_overlong / transport_parked_commits
[2026-08-28T12:58:35Z ERROR fuse3::raw::connection::fuse_over_uring] transport payload lease held 1129 ms (≥ 1 s) — overlong handler invocation or a §5.4 severance escape; watch transport_lease_overlong / transport_parked_commits
[2026-08-28T12:58:35Z ERROR fuse3::raw::connection::fuse_over_uring] transport payload lease held 1133 ms (≥ 1 s) — overlong handler invocation or a §5.4 severance escape; watch transport_lease_overlong / transport_parked_commits
[2026-08-28T12:58:35Z ERROR fuse3::raw::connection::fuse_over_uring] transport payload lease held 1133 ms (≥ 1 s) — overlong handler invocation or a §5.4 severance escape; watch transport_lease_overlong / transport_parked_commits
[2026-08-28T12:58:35Z ERROR fuse3::raw::connection::fuse_over_uring] transport payload lease held 1122 ms (≥ 1 s) — overlong handler invocation or a §5.4 severance escape; watch transport_lease_overlong / transport_parked_commits
[2026-08-28T12:58:35Z ERROR fuse3::raw::connection::fuse_over_uring] transport payload lease held 1122 ms (≥ 1 s) — overlong handler invocation or a §5.4 severance escape; watch transport_lease_overlong / transport_parked_commits
[2026-08-28T12:58:36Z ERROR fuse3::raw::connection::fuse_over_uring] transport payload lease held 1103 ms (≥ 1 s) — overlong handler invocation or a §5.4 severance escape; watch transport_lease_overlong / transport_parked_commits
[2026-08-28T12:58:36Z ERROR fuse3::raw::connection::fuse_over_uring] transport payload lease held 1096 ms (≥ 1 s) — overlong handler invocation or a §5.4 severance escape; watch transport_lease_overlong / transport_parked_commits
[2026-08-28T12:58:36Z ERROR fuse3::raw::connection::fuse_over_uring] transport payload lease held 1095 ms (≥ 1 s) — overlong handler invocation or a §5.4 severance escape; watch transport_lease_overlong / transport_parked_commits
[2026-08-28T12:58:36Z ERROR fuse3::raw::connection::fuse_over_uring] transport payload lease held 1095 ms (≥ 1 s) — overlong handler invocation or a §5.4 severance escape; watch transport_lease_overlong / transport_parked_commits
[2026-08-28T12:58:36Z ERROR fuse3::raw::connection::fuse_over_uring] transport payload lease held 1086 ms (≥ 1 s) — overlong handler invocation or a §5.4 severance escape; watch transport_lease_overlong / transport_parked_commits
[2026-08-28T12:58:36Z ERROR fuse3::raw::connection::fuse_over_uring] transport payload lease held 1085 ms (≥ 1 s) — overlong handler invocation or a §5.4 severance escape; watch transport_lease_overlong / transport_parked_commits
[2026-08-28T12:58:36Z ERROR fuse3::raw::connection::fuse_over_uring] transport payload lease held 1085 ms (≥ 1 s) — overlong handler invocation or a §5.4 severance escape; watch transport_lease_overlong / transport_parked_commits
[2026-08-28T12:58:36Z ERROR fuse3::raw::connection::fuse_over_uring] transport payload lease held 1080 ms (≥ 1 s) — overlong handler invocation or a §5.4 severance escape; watch transport_lease_overlong / transport_parked_commits
[2026-08-28T12:58:45Z ERROR fuse3::raw::connection::fuse_over_uring] transport payload lease held 1118 ms (≥ 1 s) — overlong handler invocation or a §5.4 severance escape; watch transport_lease_overlong / transport_parked_commits
[2026-08-28T12:58:45Z ERROR fuse3::raw::connection::fuse_over_uring] transport payload lease held 1100 ms (≥ 1 s) — overlong handler invocation or a §5.4 severance escape; watch transport_lease_overlong / transport_parked_commits
[2026-08-28T12:58:45Z ERROR fuse3::raw::connection::fuse_over_uring] transport payload lease held 1115 ms (≥ 1 s) — overlong handler invocation or a §5.4 severance escape; watch transport_lease_overlong / transport_parked_commits
[2026-08-28T12:58:45Z ERROR fuse3::raw::connection::fuse_over_uring] transport payload lease held 1111 ms (≥ 1 s) — overlong handler invocation or a §5.4 severance escape; watch transport_lease_overlong / transport_parked_commits
[2026-08-28T12:58:45Z ERROR fuse3::raw::connection::fuse_over_uring] transport payload lease held 1114 ms (≥ 1 s) — overlong handler invocation or a §5.4 severance escape; watch transport_lease_overlong / transport_parked_commits
[2026-08-28T12:58:45Z ERROR fuse3::raw::connection::fuse_over_uring] transport payload lease held 1110 ms (≥ 1 s) — overlong handler invocation or a §5.4 severance escape; watch transport_lease_overlong / transport_parked_commits
[2026-08-28T12:58:45Z ERROR fuse3::raw::connection::fuse_over_uring] transport payload lease held 1099 ms (≥ 1 s) — overlong handler invocation or a §5.4 severance escape; watch transport_lease_overlong / transport_parked_commits
[2026-08-28T12:58:45Z ERROR fuse3::raw::connection::fuse_over_uring] transport payload lease held 1108 ms (≥ 1 s) — overlong handler invocation or a §5.4 severance escape; watch transport_lease_overlong / transport_parked_commits
[2026-08-28T12:58:45Z ERROR fuse3::raw::connection::fuse_over_uring] transport payload lease held 1069 ms (≥ 1 s) — overlong handler invocation or a §5.4 severance escape; watch transport_lease_overlong / transport_parked_commits
[2026-08-28T12:58:45Z ERROR fuse3::raw::connection::fuse_over_uring] transport payload lease held 1065 ms (≥ 1 s) — overlong handler invocation or a §5.4 severance escape; watch transport_lease_overlong / transport_parked_commits
[2026-08-28T12:58:45Z ERROR fuse3::raw::connection::fuse_over_uring] transport payload lease held 1036 ms (≥ 1 s) — overlong handler invocation or a §5.4 severance escape; watch transport_lease_overlong / transport_parked_commits
[2026-08-28T12:58:45Z ERROR fuse3::raw::connection::fuse_over_uring] transport payload lease held 1070 ms (≥ 1 s) — overlong handler invocation or a §5.4 severance escape; watch transport_lease_overlong / transport_parked_commits
[2026-08-28T12:58:45Z ERROR fuse3::raw::connection::fuse_over_uring] transport payload lease held 1067 ms (≥ 1 s) — overlong handler invocation or a §5.4 severance escape; watch transport_lease_overlong / transport_parked_commits
[2026-08-28T12:58:45Z ERROR fuse3::raw::connection::fuse_over_uring] transport payload lease held 1068 ms (≥ 1 s) — overlong handler invocation or a §5.4 severance escape; watch transport_lease_overlong / transport_parked_commits
[2026-08-28T12:58:45Z ERROR fuse3::raw::connection::fuse_over_uring] transport payload lease held 1073 ms (≥ 1 s) — overlong handler invocation or a §5.4 severance escape; watch transport_lease_overlong / transport_parked_commits
[2026-08-28T12:58:46Z ERROR fuse3::raw::connection::fuse_over_uring] transport payload lease held 1267 ms (≥ 1 s) — overlong handler invocation or a §5.4 severance escape; watch transport_lease_overlong / transport_parked_commits
[2026-08-28T12:58:46Z ERROR fuse3::raw::connection::fuse_over_uring] transport payload lease held 1211 ms (≥ 1 s) — overlong handler invocation or a §5.4 severance escape; watch transport_lease_overlong / transport_parked_commits
[2026-08-28T12:58:46Z ERROR fuse3::raw::connection::fuse_over_uring] transport payload lease held 1211 ms (≥ 1 s) — overlong handler invocation or a §5.4 severance escape; watch transport_lease_overlong / transport_parked_commits
[2026-08-28T12:58:46Z ERROR fuse3::raw::connection::fuse_over_uring] transport payload lease held 1211 ms (≥ 1 s) — overlong handler invocation or a §5.4 severance escape; watch transport_lease_overlong / transport_parked_commits
