SqueezeFS version 1.2.1 (4ca040aa7d07 / 4ca040aa7d07775d834451ed00171ca61f89eb2a) built 1980-01-01T00:00:00Z profile release
======================================================================
  Mount Configuration Summary
----------------------------------------------------------------------
  Volume Name:         squeezefs
  Capacity:            64.00 GiB
  Block Size:          4.00 MiB
  Compression:         none
  Encryption:          none
----------------------------------------------------------------------
Metadata Volumes:
  - [enabled] /dev/nvme1n1 (health: 1000)
  - [enabled] /dev/nvme2n1 (health: 1000)
Data Volumes:
  - [enabled] /dev/nvme3n1 (health: 1000)
  - [enabled] /dev/nvme4n1 (health: 1000)
----------------------------------------------------------------------
Cache/Staging:
  Memory Cache Size:   1GB
  Disk Cache Size:     10GB
  Staging Paths:       none (cache-less)
----------------------------------------------------------------------
Mount Options:
  Mountpoint:          "/mnt/sqz-mwfleet/m56"
  Writeback Cache:     enabled
  Allow Other:         enabled
======================================================================
[2026-09-06T01:56:19Z INFO  squeezefs] root subprocess PATH sanitized (VAL-7i): dropped relative/empty/group-or-world-writable entries; using '/run/wrappers/bin:/run/current-system/sw/bin:/nix/store/7a60q5dgnv6z96c279rc1nalyiw4mgqn-bash-interactive-5.3p15/bin:/nix/store/fpig164lz7fcipbndn61sfd2y2yq363n-patchelf-0.15.2/bin:/nix/store/w88q44gqd1qg5wmkk7v0h97rpiqvam0l-gcc-wrapper-15.3.0/bin:/nix/store/4yxdxw3kppr2pbic95p4mri520rkdag2-gcc-15.3.0/bin:/nix/store/axmdd5wlxg1c9dbblvj09pjhkawqxmqx-glibc-2.42-84-bin/bin:/nix/store/3qgy8q2j64v2m9jy3a5jmssacbblhd4r-coreutils-9.11/bin:/nix/store/rm982p6i9ry7rwq5jn638kdpv0a2331f-binutils-wrapper-2.46/bin:/nix/store/5pa1282x1sasbwhmnah6bny1g9pc2lj1-binutils-2.46/bin:/nix/store/dv55qwamlq68hdiprg1v104ymwh1c27r-cargo-1.97.1/bin:/nix/store/yaa1sq5g4jar7rvlspy7kk2wd98nj6qh-rustc-wrapper-1.97.1/bin:/nix/store/47k26k98v32x56rxiqawdk5qk0r0b6w1-rustfmt-1.97.1/bin:/nix/store/n4c4rzywa0wsfy239bqkgsx8lfhsfmwx-clippy-1.97.1/bin:/nix/store/bvzzl57kpmvzb6aj0v0yc45gvw8ggf2a-go-task-3.53.1/bin:/nix/store/3mkwfy7wnzdngx7nj8nvs60jj2r4gmmc-cargo-audit-0.22.2/bin:/nix/store/7fx93fz9c809w8yjxb0934zw6xcjis58-pkg-config-wrapper-0.29.2/bin:/nix/store/w021fbcg4z6vxihnp6gb6vijyifl051f-clang-wrapper-21.1.8/bin:/nix/store/603yaax3l2jmc0hfv6g3hgjr1qk5jfxk-clang-21.1.8/bin:/nix/store/vs80ag6hsr58wv5fn3nlq8qi32x9hwfi-binutils-wrapper-2.46/bin:/nix/store/06w7nc3znmzbw227ksbcj3kzv2dvnqpd-clang-21.1.8-dev/bin:/nix/store/cfmpcnlljlda8w2y0pw6shpbf7y84nz9-openmpi-5.0.10-dev/bin:/nix/store/b60ygklpk7cznna4bs0dcm6h6ncyh26z-openmpi-5.0.10/bin:/nix/store/b5bpi6zfajzzrwwpgba2q6li3nnya4bs-python3-3.14.7/bin:/nix/store/nsz342365nfvnvyfcjvds75rzw6rx520-nvme-cli-2.16/bin:/nix/store/f7cmpy9nszykh5gfjpxh5ks3pa78nssr-awscli2-2.35.11/bin:/nix/store/lbx1ba84hzgw5ixy47nmzvdmjp8ayqi4-liburing-2.14-bin/bin:/nix/store/wjvj88kk8gv0742k1lwazpxr7lnzgi1a-e2fsprogs-1.47.4-bin/bin:/nix/store/65ql38i4yki6adklv0d83amba6c5cd9i-util-linux-minimal-2.42.2-bin/bin:/nix/store/c4bh8ipd5jwxq44g4m630jswac1bqa6d-xfsprogs-7.1.1-bin/bin:/nix/store/yljbd9wmqsdg89pprp6r7ml0c5a109f7-btrfs-progs-7.1/bin:/nix/store/qhi7wvkfj6k2p38ds1ahc2bldypj5fr0-f2fs-tools-1.16.0/bin:/nix/store/xkwpln569xr659h2vzqv498cm2nvbwx7-exfatprogs-1.4.3/bin:/nix/store/zwv3i1aawb8zmxj029x7lyd0an5q4nj6-util-linux-2.42.2-bin/bin:/nix/store/ync7h8cyhw4nzw2laba4wra6b8mcn9by-compiler-rt-libc-21.1.8/bin:/nix/store/i4kjidyvl8ciwbcwm75g75sriq3knav0-findutils-4.11.0/bin:/nix/store/xw09m9cnc9ayb2j53y2rj8jhm1h7kkxa-diffutils-3.12/bin:/nix/store/4nylac9gazdpsid79qyk0jpqm312b2jx-gnused-4.10/bin:/nix/store/yhr4ps9rdmb55pgqaq246vlh7xfac1dx-gnugrep-3.12/bin:/nix/store/bpy2ps3f0f3gvgvqjwgqriw1j1n840wd-gawk-5.4.1/bin:/nix/store/w2mbg6mcq7k3j088sbwfziy8vsdhyk7v-gnutar-1.35/bin:/nix/store/sd9qcv5s2gxvd6hpp5hk5cixq2bd4jd1-gzip-1.14/bin:/nix/store/622jkvg8hgffly7dca6iif9drvimingx-bzip2-1.0.8-bin/bin:/nix/store/hd36xbvbc0vrn9f9idrfwxznri0ax427-gnumake-4.4.1/bin:/nix/store/9ipfvwnqp1q8ijnmi5sxvlx9r8w34lw3-bash-5.3p15/bin:/nix/store/1rcr9yyj9qlgm3dyin1j37xl7q84h15i-patch-2.8/bin:/nix/store/0fb3jrf20z28598alm6g7rrsw6dz2cqj-xz-5.8.3-bin/bin:/nix/store/xcab8m6wdrd30l10bw3hkz32yiibynzv-file-5.48/bin:/home/justin/.local/share/flatpak/exports/bin:/nix/store/444h3sfs9fk7fi8hif6wgg11rkc24vjd-ghostty-1.3.1/bin'
Mounting as a CO-WRITER (DLM stage S9): this mount holds NO metadata authority — every metadata mutation ships to the authority that holds the D0 claim — and writes data only under custody that authority grants. Admission runs a five-rung ladder and refuses loudly naming the rung; see docs/operations.md §Multi-writer co-writer mounts.
[2026-09-06T01:56:19Z INFO  squeezefs::nvme_dev] data volume /dev/nvme3n1: write_cache=write-through (durability barrier: io_uring Fsync/DATASYNC per device, coalesced)
[2026-09-06T01:56:19Z INFO  squeezefs] writer-scoped staging ENGAGED: client scope w_1c4e7f3e0e89c39d.m2ca15b23 (staging generation "v3:78d92c4688d04d14a57eec741f6054ff|v3:aeda952c8562497686dd35b6cb706697@node:1c4e7f3e0e89c39d.m2ca15b23") — staging keys carry the scope and this client's staging roots are bound to it
[2026-09-06T01:56:19Z INFO  squeezefs::cache::gds] GPU Direct Storage: No discrete GPU environment found. GDS bypassed.
[2026-09-06T01:56:19Z INFO  squeezefs] Registering data volume 'nvme3n1' at path /dev/nvme3n1 (state active)
[2026-09-06T01:56:19Z INFO  squeezefs] Registering data volume 'nvme4n1' at path /dev/nvme4n1 (state active)
[2026-09-06T01:56:19Z INFO  squeezefs::nvme_dev] data volume /dev/nvme4n1: write_cache=write-through (durability barrier: io_uring Fsync/DATASYNC per device, coalesced)
[2026-09-06T01:56:19Z INFO  squeezefs::nvme_dev] NvmeBlockDev /dev/nvme3n1: read submission fan-out armed (16 lanes)
[2026-09-06T01:56:19Z INFO  squeezefs::nvme_dev] NvmeBlockDev /dev/nvme3n1: write submission fan-out armed (16 lanes, 4194304 B affinity grain)
[2026-09-06T01:56:19Z INFO  squeezefs::nvme_dev] NvmeBlockDev /dev/nvme4n1: read submission fan-out armed (16 lanes)
[2026-09-06T01:56:19Z INFO  squeezefs::nvme_dev] NvmeBlockDev /dev/nvme4n1: write submission fan-out armed (16 lanes, 4194304 B affinity grain)
[2026-09-06T01:56:19Z WARN  squeezefs::data_custody] data-plane WERO ADOPTED (co-located co-writer, 2 namespace(s), authority key 0x7bf844171bc97242): this mount shares its authority's PR arbitration domain, so the standing hold is its fenceability evidence and NOTHING was registered — the stated honest residual (docs/operations.md §Multi-writer co-writer mounts): on this shape the metadata read-only half is enforced by this mount's own code, not by the device, and its death is proven by the same-host dead-pid ladder, never by a PR preempt
[2026-09-06T01:56:19Z INFO  squeezefs::membership] membership member 'node_1c4e7f3e0e89c39d.m2ca15b23' (writer) holds lease epoch 7 in term 3: owner deadline 45000 ms, MY deadline 42956 ms (T_owner − 2·skew_max − D_purge, anchored on my send instant), renewing every 10000 ms
[2026-09-06T01:56:19Z INFO  squeezefs::membership] membership MEMBER armed: writer 'node_1c4e7f3e0e89c39d.m2ca15b23' holds a lease from owner '810d3307-ec2c-4c33-a5f8-d42fea0e0425' at 192.168.86.52:39703 — visible in `squeezefs clients` with ZERO metadata writes, and the same channel §6.8 item 3's freed-offset acknowledgements ride (DLM S6)
[2026-09-06T01:56:19Z WARN  squeezefs::cowriter] CO-WRITER ADMITTED (DLM S9) over 2 volume(s): node 'node_1c4e7f3e0e89c39d.m2ca15b23', authority claim 'aef75a27-2f4f-4346-ba47-4ac39e92b54e' in era 3, membership owner '810d3307-ec2c-4c33-a5f8-d42fea0e0425' at 192.168.86.52:39703 (member epoch 7), custody at 192.168.86.52:45999, device registrant key 0x7bf844171bc97242 on 2 namespace(s). This mount holds NO metadata authority — every metadata mutation ships — and writes data only under custody the authority grants
[2026-09-06T01:56:19Z INFO  squeezefs::meta_backend::kv::backend] meta volume /dev/nvme1n1: co-writer mount — a LOCAL exclusive holder (the authority's write mount, or a guarded offline verb) holds this volume on this host; the co-writer takes no lock and refuses nothing
[2026-09-06T01:56:19Z WARN  squeezefs::meta_backend::kv::backend] meta volume /dev/nvme1n1: mounted CO-WRITER (DLM S9) under authority claim 'aef75a27-2f4f-4346-ba47-4ac39e92b54e' (era 3). No writer_claim, no metadata-namespace reservation, no checkpoint task — this mount appends to none of this volume's single-appender structures and ships every metadata mutation. Guarantee class: co-writer
[2026-09-06T01:56:19Z INFO  squeezefs::meta_backend::kv::backend] meta volume /dev/nvme2n1: co-writer mount — a LOCAL exclusive holder (the authority's write mount, or a guarded offline verb) holds this volume on this host; the co-writer takes no lock and refuses nothing
[2026-09-06T01:56:19Z WARN  squeezefs::meta_backend::kv::backend] meta volume /dev/nvme2n1: mounted CO-WRITER (DLM S9) under authority claim 'aef75a27-2f4f-4346-ba47-4ac39e92b54e' (era 3). No writer_claim, no metadata-namespace reservation, no checkpoint task — this mount appends to none of this volume's single-appender structures and ships every metadata mutation. Guarantee class: co-writer
[2026-09-06T01:56:19Z INFO  squeezefs] meta volume /dev/nvme1n1: format=3 ledger_seq=12 replay_entries=0 replay_dropped_torn=0 replay_ms=3 free_extents=4026 next_ino=2 meta_volume_atomicity=cow-checksummed meta_volume_atomicity_physical=atomic4k writer_guard_mode=co-writer
[2026-09-06T01:56:19Z INFO  squeezefs] meta volume /dev/nvme2n1: format=3 ledger_seq=7 replay_entries=0 replay_dropped_torn=0 replay_ms=2 free_extents=4026 next_ino=2 meta_volume_atomicity=cow-checksummed meta_volume_atomicity_physical=atomic4k writer_guard_mode=co-writer
[2026-09-06T01:56:19Z INFO  squeezefs::fuse_client] Dynamic reclaim concurrency limit configured: 32
[2026-09-06T01:56:19Z INFO  squeezefs] co-writer mount: block-ownership recovery skipped entirely (this mount allocates nothing outside a granted lane and frees nothing locally; the walk's free-completing arm must never run on a snapshot view)
[2026-09-06T01:56:19Z INFO  squeezefs] co-writer mount: job fabric, job wire and the frag-gauge worker are NOT armed (maintenance coordination is the slot-0 volume owner's; this mount cannot write their durable records)
[2026-09-06T01:56:19Z INFO  squeezefs::multi_writer] multi-writer: this mount is a CO-WRITER (SQUEEZEFS_MW_ROLE=co-writer), so the AUTHORITY arm is not run — the co-writer arm installs the client halves of the same three planes (ownership + publish + custody) after its admission ladder passes
[2026-09-06T01:56:19Z WARN  squeezefs::meta_ship::owners] metadata function shipping ARMED (DLM S8): 0 of 2 volumes owned locally, 2 shipped to 1 peer(s) ["aef75a27-2f4f-4346-ba47-4ac39e92b54e"]; 0 slots home locally. Metadata verbs on a foreign volume now travel to its owner; the DATA plane still refuses foreign-home custody loud (S9 ships that half)
[2026-09-06T01:56:19Z INFO  squeezefs::membership] membership member 'node_1c4e7f3e0e89c39d.m2ca15b23' (writer) holds lease epoch 7 in term 3: owner deadline 45000 ms, MY deadline 42956 ms (T_owner − 2·skew_max − D_purge, anchored on my send instant), renewing every 10000 ms
[2026-09-06T01:56:19Z INFO  squeezefs::dlm] fencing: durable writer term 3 adopted (was 0); every token this process mints now dominates every earlier era's (spec §6.7 decision 4)
[2026-09-06T01:56:19Z INFO  squeezefs::block_allocator] data-plane allocation partition engaged on volume 'nvme3n1': lane 1 of 16, reservation grain 64 blocks, 7680 block(s) of this device belong to other lanes (alloc_lane_stranded_bytes)
[2026-09-06T01:56:19Z WARN  squeezefs::alloc_lane_grant] data-plane allocation lane ENGAGED on volume 'nvme3n1': lane 1 of 16, resuming at block 1 (floor OPENED by the authority (this mount never walks)). Fresh allocation is this mount's residue class; frees stay lane-blind
[2026-09-06T01:56:19Z INFO  squeezefs::block_allocator] data-plane allocation partition engaged on volume 'nvme4n1': lane 1 of 16, reservation grain 64 blocks, 7680 block(s) of this device belong to other lanes (alloc_lane_stranded_bytes)
[2026-09-06T01:56:19Z WARN  squeezefs::alloc_lane_grant] data-plane allocation lane ENGAGED on volume 'nvme4n1': lane 1 of 16, resuming at block 1 (floor OPENED by the authority (this mount never walks)). Fresh allocation is this mount's residue class; frees stay lane-blind
[2026-09-06T01:56:19Z WARN  squeezefs::alloc_lane_grant] data-plane allocation lane ENGAGED on volume 'nvme3n1': lane 1 of 16, resuming at block 1 (floor OPENED by the authority (this mount never walks)). Fresh allocation is this mount's residue class; frees stay lane-blind
[2026-09-06T01:56:19Z WARN  squeezefs::cowriter] CO-WRITER ARMED (DLM S9): metadata verbs ship to 'aef75a27-2f4f-4346-ba47-4ac39e92b54e' at 192.168.86.52:45999, write custody is acquired there, fresh blocks are placed in allocation lane 1 of 16 (durable reservations committed by the authority ahead of every hand-out), and this mount's own free/reclaim accounting stays closed. Data DMA is authorized locally under the custody epoch — only custody travels, never data
[2026-09-06T01:56:19Z INFO  squeezefs] fleet jobs: member worker armed (KD-MW-16 — fleet read shards; SQUEEZEFS_FLEET_JOBS=0 opts out)
Mounting Squeezefs at "/mnt/sqz-mwfleet/m56"...
[2026-09-06T01:56:19Z INFO  squeezefs::fuse_client] Transport payload-buffer cap: 10544 MiB (memory budget 84352 MiB)
[2026-09-06T01:56:19Z WARN  squeezefs::ipc_host] SQUEEZEFS_IPC_ALLOW_DEV is set — the KD-7 build-commit skew gate is RELAXED for this mount (degenerate `unknown`/`-dirty` identities will be admitted, counted in ipc_binds_dev_override). Dev boxes only: a mismatched daemon/shim pair is undefined behavior.
[2026-09-06T01:56:19Z INFO  squeezefs::ipc_host] ipc host: path ctl socket at /run/squeezefs/sqz-il0-1320077-2890f3a7.sock
[2026-09-06T01:56:19Z INFO  squeezefs::fuse_client] IPC session host armed (socket sqz-il0-1320077-2890f3a7, session shm cap 10544 MiB)
[2026-09-06T01:56:19Z INFO  squeezefs::fuse_client] SqueezeFS version 1.2.1 (4ca040aa7d07 / 4ca040aa7d07775d834451ed00171ca61f89eb2a) built 1980-01-01T00:00:00Z profile release initializing mount
[2026-09-06T01:56:19Z INFO  squeezefs::fuse_client] FUSE Daemon: Mounting squeezefs at "/mnt/sqz-mwfleet/m56"...
[2026-09-06T01:56:19Z INFO  squeezefs::fuse_client] FUSE Daemon: Metadata connection active.
[2026-09-06T01:56:19Z INFO  squeezefs::fuse_client] device-overlay armed: transport streaming holds enabled (SQUEEZEFS_DEVICE_OVERLAY)
[92mOK[0m Squeezefs is ready at "/mnt/sqz-mwfleet/m56"
[2026-09-06T01:56:19Z INFO  squeezefs::fuse_client] FUSE Daemon: Initialized Squeezefs Filesystem mount (version 1.2.1 (4ca040aa7d07 / 4ca040aa7d07775d834451ed00171ca61f89eb2a) built 1980-01-01T00:00:00Z profile release).
squeezefs: mount ready (version 1.2.1 (4ca040aa7d07 / 4ca040aa7d07775d834451ed00171ca61f89eb2a) built 1980-01-01T00:00:00Z profile release, exe hint: rebuild target/release and reinstall)
[2026-09-06T01:56:19Z INFO  squeezefs::fuse_client] FUSE kernel protocol 7.45 (init flags 0x400007ff73fffffb): FOPEN_NOFLUSH advertised + honored on non-writeback opens (kernel ≥ 7.35) (D2.a; under writeback cache the elision switch is the clean-FLUSH ENOSYS latch — uapi: NOFLUSH applies 'unless FUSE_WRITEBACK_CACHE'); UNKNOWN init capability bits 0x4000040000000000 advertised — investigate whether an atomic-open-class capability is among them (D2.d adoption follow-up)
squeezefs: FUSE kernel 7.45 — FOPEN_NOFLUSH advertised (wb-cache elision = clean-FLUSH ENOSYS latch); UNKNOWN init capability bits 0x4000040000000000 advertised — investigate whether an atomic-open-class capability is among them (D2.d adoption follow-up)
[2026-09-06T01:56:19Z INFO  squeezefs::fuse_client] FUSE_HANDLE_KILLPRIV_V2 negotiated (kernel killpriv probe deleted; daemon owns suid/sgid/caps clearing) for this mount
[2026-09-06T01:56:19Z INFO  squeezefs::fuse_client] IPC session host: mount st_dev resolved (103)
[2026-09-06T01:56:19Z INFO  squeezefs::fuse_client] co-writer mount: writeback flusher, extent-record recovery, fold worker and reclaim pool are NOT armed (nothing here can be dirty, staged or freed by this mount)
[2026-09-06T01:56:19Z WARN  squeezefs::ro_coherence] reader data plane armed (DLM S5): block allocation, terminal frees, device reclaim, the W1 in-place patch and in-place overwrites are all refused on this mount; the reclaim queue is latched halted
[2026-09-06T01:56:19Z INFO  squeezefs::meta_backend::kv::node_cache] node cache armed for coherent reads at checkpoint epoch 12 (tail 10321): cached nodes are dropped on every epoch step, and this mount may not write
[2026-09-06T01:56:19Z INFO  squeezefs::meta_backend::kv::node_cache] node cache armed for coherent reads at checkpoint epoch 7 (tail 8256): cached nodes are dropped on every epoch step, and this mount may not write
[2026-09-06T01:56:19Z INFO  squeezefs::ro_coherence] reader coherence armed on 2/2 volume(s): staleness bound 2s (poll 1s + the writer's ≤1 s checkpoint ceiling), R-6 purge sink installed
[2026-09-06T01:56:19Z INFO  squeezefs::ro_coherence] reader revalidation armed: 2 volume(s), every 1s (the derived cadence — one ledger read per volume per pass; staleness bound 2s)
[2026-09-06T01:56:19Z INFO  fuse3::raw::connection::fuse_over_uring] fuse-over-uring queue-ring setup probe: SINGLE_ISSUER+DEFER_TASKRUN available
[2026-09-06T01:56:20Z INFO  squeezefs::fleet_worker] fleet worker: member 'node_1c4e7f3e0e89c39d.m2ca15b23' enrolled at coordinator 192.168.86.52:37101 (KD-MW-16 fleet read shards)
FUSE-over-io_uring registered: queues=32 depth=32 payload_sz=1048576 max_write=1048576 max_pages=256 buffers=kmbuf-bufring+zero-copy+retention kmbuf_ops=38/39 (7.1-sqz) fd=137 sqpoll=off drain_groups=32(width<=1)
[2026-09-06T01:56:20Z INFO  fuse3::raw::connection::fuse_over_uring] FUSE-over-io_uring registered: queues=32 depth=32 payload_sz=1048576 max_write=1048576 max_pages=256 buffers=kmbuf-bufring+zero-copy+retention kmbuf_ops=38/39 (7.1-sqz) fd=137 sqpoll=off drain_groups=32(width<=1)
FUSE-over-io_uring session path armed (ready=true, queues=32)
FUSE-over-io_uring transport armed for this session
[2026-09-06T01:56:20Z INFO  fuse3::raw::session] FUSE-over-io_uring transport armed for this session
FUSE-over-io_uring: classical sideband servicer armed (primary session; FORGET/INTERRUPT/resend + switchover stragglers)
[2026-09-06T01:56:23Z WARN  squeezefs::block_allocator] co-writer: abandoning never-published block offset(s) leak-safe (volume 'nvme3n1', first offset 541065216): the publish that would have named them failed or refused, and a co-writer may not mutate ownership accounting — the next derivation (mount recovery / fsck C6) returns them to the free supply (cowriter_unpublished_abandons; further offsets at debug level)
[2026-09-06T01:56:36Z ERROR squeezefs::meta_ship::publish] S9: the authority refused 1 shipped free(s) (vol_tag 0xad7b1d37b0829b08, request 190): already free/graced/quarantined — the double-release lineage, surfaced on the authority's own tripwire
[2026-09-06T01:56:39Z ERROR squeezefs::meta_ship::publish] S9: the authority refused 1 shipped free(s) (vol_tag 0xc5e11286df218556, request 198): already free/graced/quarantined — the double-release lineage, surfaced on the authority's own tripwire
[2026-09-06T01:56:39Z ERROR squeezefs::meta_ship::publish] S9: the authority refused 1 shipped free(s) (vol_tag 0xc5e11286df218556, request 202): already free/graced/quarantined — the double-release lineage, surfaced on the authority's own tripwire
[2026-09-06T01:56:39Z ERROR squeezefs::meta_ship::publish] S9: the authority refused 1 shipped free(s) (vol_tag 0xc5e11286df218556, request 206): already free/graced/quarantined — the double-release lineage, surfaced on the authority's own tripwire
[2026-09-06T01:56:39Z ERROR squeezefs::meta_ship::publish] S9: the authority refused 1 shipped free(s) (vol_tag 0xad7b1d37b0829b08, request 210): already free/graced/quarantined — the double-release lineage, surfaced on the authority's own tripwire
[2026-09-06T01:56:39Z ERROR squeezefs::meta_ship::publish] S9: the authority refused 1 shipped free(s) (vol_tag 0xad7b1d37b0829b08, request 214): already free/graced/quarantined — the double-release lineage, surfaced on the authority's own tripwire
[2026-09-06T01:56:39Z ERROR squeezefs::meta_ship::publish] S9: the authority refused 1 shipped free(s) (vol_tag 0xad7b1d37b0829b08, request 218): already free/graced/quarantined — the double-release lineage, surfaced on the authority's own tripwire
[2026-09-06T01:56:39Z ERROR squeezefs::meta_ship::publish] S9: the authority refused 1 shipped free(s) (vol_tag 0xad7b1d37b0829b08, request 222): already free/graced/quarantined — the double-release lineage, surfaced on the authority's own tripwire
[2026-09-06T01:56:39Z ERROR squeezefs::meta_ship::publish] S9: the authority refused 1 shipped free(s) (vol_tag 0xad7b1d37b0829b08, request 226): already free/graced/quarantined — the double-release lineage, surfaced on the authority's own tripwire
[2026-09-06T01:56:40Z ERROR squeezefs::meta_ship::publish] S9: the authority refused 1 shipped free(s) (vol_tag 0xad7b1d37b0829b08, request 230): already free/graced/quarantined — the double-release lineage, surfaced on the authority's own tripwire
[2026-09-06T01:56:40Z ERROR squeezefs::meta_ship::publish] S9: the authority refused 1 shipped free(s) (vol_tag 0xad7b1d37b0829b08, request 234): already free/graced/quarantined — the double-release lineage, surfaced on the authority's own tripwire
[2026-09-06T01:56:40Z ERROR squeezefs::meta_ship::publish] S9: the authority refused 1 shipped free(s) (vol_tag 0xad7b1d37b0829b08, request 238): already free/graced/quarantined — the double-release lineage, surfaced on the authority's own tripwire
[2026-09-06T01:56:40Z ERROR squeezefs::meta_ship::publish] S9: the authority refused 1 shipped free(s) (vol_tag 0xad7b1d37b0829b08, request 245): already free/graced/quarantined — the double-release lineage, surfaced on the authority's own tripwire
[2026-09-06T01:56:40Z ERROR squeezefs::meta_ship::publish] S9: the authority refused 1 shipped free(s) (vol_tag 0xad7b1d37b0829b08, request 247): already free/graced/quarantined — the double-release lineage, surfaced on the authority's own tripwire
[2026-09-06T01:56:40Z ERROR squeezefs::meta_ship::publish] S9: the authority refused 1 shipped free(s) (vol_tag 0xad7b1d37b0829b08, request 260): already free/graced/quarantined — the double-release lineage, surfaced on the authority's own tripwire
[2026-09-06T01:56:40Z ERROR squeezefs::meta_ship::publish] S9: the authority refused 1 shipped free(s) (vol_tag 0xad7b1d37b0829b08, request 267): already free/graced/quarantined — the double-release lineage, surfaced on the authority's own tripwire
[2026-09-06T01:56:43Z ERROR squeezefs::block_allocator] I/O error: data volume 'nvme4n1' full: 8178 of 8192 blocks allocated — lane 1 of 16 is exhausted while 0 free block(s) belong to lanes this mount does not own (alloc_lane_enospc_refusals; reach them by adopting a lane whose holder is proven dead, or grow the volume set — docs/operations.md §Multi-writer capacity planning)
[2026-09-06T01:56:44Z ERROR squeezefs::block_allocator] I/O error: data volume 'nvme3n1' full: 8178 of 8192 blocks allocated — lane 1 of 16 is exhausted while 0 free block(s) belong to lanes this mount does not own (alloc_lane_enospc_refusals; reach them by adopting a lane whose holder is proven dead, or grow the volume set — docs/operations.md §Multi-writer capacity planning)
[2026-09-06T01:56:44Z ERROR squeezefs::block_allocator] bounded allocation refusing StorageFull after 1012 ms parked with 0 offset(s) still in grace locally (lane harvest horizon 13467 ms): the pressure deadline never fenced within the wall backstop (1000 ms). The refusal is honest and terminal for this write; investigate the membership plane (finding 29)
[2026-09-06T01:56:44Z ERROR squeezefs::block_allocator] bounded allocation refusing StorageFull after 1010 ms parked with 0 offset(s) still in grace locally (lane harvest horizon 13469 ms): the pressure deadline never fenced within the wall backstop (1000 ms). The refusal is honest and terminal for this write; investigate the membership plane (finding 29)
[2026-09-06T01:56:44Z ERROR squeezefs::block_allocator] bounded allocation refusing StorageFull after 1028 ms parked with 0 offset(s) still in grace locally (lane harvest horizon 13475 ms): the pressure deadline never fenced within the wall backstop (1000 ms). The refusal is honest and terminal for this write; investigate the membership plane (finding 29)
[2026-09-06T01:56:44Z ERROR squeezefs::block_allocator] bounded allocation refusing StorageFull after 1012 ms parked with 0 offset(s) still in grace locally (lane harvest horizon 13475 ms): the pressure deadline never fenced within the wall backstop (1000 ms). The refusal is honest and terminal for this write; investigate the membership plane (finding 29)
[2026-09-06T01:56:44Z ERROR squeezefs::block_allocator] bounded allocation refusing StorageFull after 1021 ms parked with 0 offset(s) still in grace locally (lane harvest horizon 13479 ms): the pressure deadline never fenced within the wall backstop (1000 ms). The refusal is honest and terminal for this write; investigate the membership plane (finding 29)
[2026-09-06T01:56:44Z ERROR squeezefs::block_allocator] bounded allocation refusing StorageFull after 1005 ms parked with 0 offset(s) still in grace locally (lane harvest horizon 13484 ms): the pressure deadline never fenced within the wall backstop (1000 ms). The refusal is honest and terminal for this write; investigate the membership plane (finding 29)
[2026-09-06T01:56:44Z ERROR squeezefs::block_allocator] bounded allocation refusing StorageFull after 1005 ms parked with 0 offset(s) still in grace locally (lane harvest horizon 13498 ms): the pressure deadline never fenced within the wall backstop (1000 ms). The refusal is honest and terminal for this write; investigate the membership plane (finding 29)
[2026-09-06T01:56:44Z ERROR squeezefs::block_allocator] bounded allocation refusing StorageFull after 1004 ms parked with 0 offset(s) still in grace locally (lane harvest horizon 13499 ms): the pressure deadline never fenced within the wall backstop (1000 ms). The refusal is honest and terminal for this write; investigate the membership plane (finding 29)
[2026-09-06T01:56:44Z ERROR squeezefs::block_allocator] bounded allocation refusing StorageFull after 1004 ms parked with 0 offset(s) still in grace locally (lane harvest horizon 13499 ms): the pressure deadline never fenced within the wall backstop (1000 ms). The refusal is honest and terminal for this write; investigate the membership plane (finding 29)
[2026-09-06T01:56:44Z ERROR squeezefs::block_allocator] bounded allocation refusing StorageFull after 1013 ms parked with 0 offset(s) still in grace locally (lane harvest horizon 13507 ms): the pressure deadline never fenced within the wall backstop (1000 ms). The refusal is honest and terminal for this write; investigate the membership plane (finding 29)
[2026-09-06T01:56:44Z ERROR squeezefs::block_allocator] bounded allocation refusing StorageFull after 1017 ms parked with 0 offset(s) still in grace locally (lane harvest horizon 13516 ms): the pressure deadline never fenced within the wall backstop (1000 ms). The refusal is honest and terminal for this write; investigate the membership plane (finding 29)
[2026-09-06T01:56:44Z ERROR squeezefs::block_allocator] bounded allocation refusing StorageFull after 1024 ms parked with 0 offset(s) still in grace locally (lane harvest horizon 13517 ms): the pressure deadline never fenced within the wall backstop (1000 ms). The refusal is honest and terminal for this write; investigate the membership plane (finding 29)
[2026-09-06T01:56:44Z ERROR squeezefs::block_allocator] bounded allocation refusing StorageFull after 1023 ms parked with 0 offset(s) still in grace locally (lane harvest horizon 13517 ms): the pressure deadline never fenced within the wall backstop (1000 ms). The refusal is honest and terminal for this write; investigate the membership plane (finding 29)
[2026-09-06T01:56:44Z ERROR squeezefs::block_allocator] bounded allocation refusing StorageFull after 1022 ms parked with 0 offset(s) still in grace locally (lane harvest horizon 13517 ms): the pressure deadline never fenced within the wall backstop (1000 ms). The refusal is honest and terminal for this write; investigate the membership plane (finding 29)
[2026-09-06T01:56:44Z ERROR squeezefs::block_allocator] bounded allocation refusing StorageFull after 1022 ms parked with 0 offset(s) still in grace locally (lane harvest horizon 13517 ms): the pressure deadline never fenced within the wall backstop (1000 ms). The refusal is honest and terminal for this write; investigate the membership plane (finding 29)
[2026-09-06T01:56:44Z ERROR squeezefs::block_allocator] bounded allocation refusing StorageFull after 1017 ms parked with 0 offset(s) still in grace locally (lane harvest horizon 13517 ms): the pressure deadline never fenced within the wall backstop (1000 ms). The refusal is honest and terminal for this write; investigate the membership plane (finding 29)
[2026-09-06T01:56:44Z ERROR squeezefs::block_allocator] bounded allocation refusing StorageFull after 1022 ms parked with 0 offset(s) still in grace locally (lane harvest horizon 13517 ms): the pressure deadline never fenced within the wall backstop (1000 ms). The refusal is honest and terminal for this write; investigate the membership plane (finding 29)
[2026-09-06T01:56:45Z ERROR squeezefs::block_allocator] I/O error: data volume 'nvme4n1' full: 8178 of 8192 blocks allocated — lane 1 of 16 is exhausted while 0 free block(s) belong to lanes this mount does not own (alloc_lane_enospc_refusals; reach them by adopting a lane whose holder is proven dead, or grow the volume set — docs/operations.md §Multi-writer capacity planning)
[2026-09-06T01:56:45Z ERROR squeezefs::block_allocator] bounded allocation refusing StorageFull after 1013 ms parked with 0 offset(s) still in grace locally (lane harvest horizon 14481 ms): the pressure deadline never fenced within the wall backstop (1000 ms). The refusal is honest and terminal for this write; investigate the membership plane (finding 29)
[2026-09-06T01:56:45Z WARN  squeezefs::routing] rewrite epoch close for ino 2 failed transiently (Io(Custom { kind: StorageFull, error: "I/O error: data volume 'nvme4n1' full: 8178 of 8192 blocks allocated — lane 1 of 16 is exhausted while 0 free block(s) belong to lanes this mount does not own (alloc_lane_enospc_refusals; reach them by adopting a lane whose holder is proven dead, or grow the volume set — docs/operations.md §Multi-writer capacity planning)" })); the epoch stays registered (never-lossy) — the next close trigger retries
[2026-09-06T01:56:45Z ERROR squeezefs::block_allocator] bounded allocation refusing StorageFull after 1011 ms parked with 0 offset(s) still in grace locally (lane harvest horizon 14482 ms): the pressure deadline never fenced within the wall backstop (1000 ms). The refusal is honest and terminal for this write; investigate the membership plane (finding 29)
[2026-09-06T01:56:45Z ERROR squeezefs::block_allocator] bounded allocation refusing StorageFull after 1010 ms parked with 0 offset(s) still in grace locally (lane harvest horizon 14492 ms): the pressure deadline never fenced within the wall backstop (1000 ms). The refusal is honest and terminal for this write; investigate the membership plane (finding 29)
[2026-09-06T01:56:45Z ERROR squeezefs::block_allocator] bounded allocation refusing StorageFull after 1015 ms parked with 0 offset(s) still in grace locally (lane harvest horizon 14494 ms): the pressure deadline never fenced within the wall backstop (1000 ms). The refusal is honest and terminal for this write; investigate the membership plane (finding 29)
[2026-09-06T01:56:45Z ERROR squeezefs::block_allocator] bounded allocation refusing StorageFull after 1014 ms parked with 0 offset(s) still in grace locally (lane harvest horizon 14494 ms): the pressure deadline never fenced within the wall backstop (1000 ms). The refusal is honest and terminal for this write; investigate the membership plane (finding 29)
[2026-09-06T01:56:45Z ERROR squeezefs::block_allocator] bounded allocation refusing StorageFull after 1016 ms parked with 0 offset(s) still in grace locally (lane harvest horizon 14503 ms): the pressure deadline never fenced within the wall backstop (1000 ms). The refusal is honest and terminal for this write; investigate the membership plane (finding 29)
[2026-09-06T01:56:45Z ERROR squeezefs::block_allocator] bounded allocation refusing StorageFull after 1014 ms parked with 0 offset(s) still in grace locally (lane harvest horizon 14514 ms): the pressure deadline never fenced within the wall backstop (1000 ms). The refusal is honest and terminal for this write; investigate the membership plane (finding 29)
[2026-09-06T01:56:45Z ERROR squeezefs::block_allocator] bounded allocation refusing StorageFull after 1008 ms parked with 0 offset(s) still in grace locally (lane harvest horizon 14516 ms): the pressure deadline never fenced within the wall backstop (1000 ms). The refusal is honest and terminal for this write; investigate the membership plane (finding 29)
[2026-09-06T01:56:45Z ERROR squeezefs::block_allocator] bounded allocation refusing StorageFull after 1018 ms parked with 0 offset(s) still in grace locally (lane harvest horizon 14518 ms): the pressure deadline never fenced within the wall backstop (1000 ms). The refusal is honest and terminal for this write; investigate the membership plane (finding 29)
[2026-09-06T01:56:45Z ERROR squeezefs::block_allocator] bounded allocation refusing StorageFull after 1016 ms parked with 0 offset(s) still in grace locally (lane harvest horizon 14518 ms): the pressure deadline never fenced within the wall backstop (1000 ms). The refusal is honest and terminal for this write; investigate the membership plane (finding 29)
[2026-09-06T01:56:45Z ERROR squeezefs::block_allocator] bounded allocation refusing StorageFull after 1017 ms parked with 0 offset(s) still in grace locally (lane harvest horizon 14518 ms): the pressure deadline never fenced within the wall backstop (1000 ms). The refusal is honest and terminal for this write; investigate the membership plane (finding 29)
[2026-09-06T01:56:45Z ERROR squeezefs::block_allocator] bounded allocation refusing StorageFull after 1017 ms parked with 0 offset(s) still in grace locally (lane harvest horizon 14519 ms): the pressure deadline never fenced within the wall backstop (1000 ms). The refusal is honest and terminal for this write; investigate the membership plane (finding 29)
[2026-09-06T01:56:45Z ERROR squeezefs::block_allocator] bounded allocation refusing StorageFull after 1011 ms parked with 0 offset(s) still in grace locally (lane harvest horizon 14520 ms): the pressure deadline never fenced within the wall backstop (1000 ms). The refusal is honest and terminal for this write; investigate the membership plane (finding 29)
[2026-09-06T01:56:45Z ERROR squeezefs::block_allocator] bounded allocation refusing StorageFull after 1012 ms parked with 0 offset(s) still in grace locally (lane harvest horizon 14531 ms): the pressure deadline never fenced within the wall backstop (1000 ms). The refusal is honest and terminal for this write; investigate the membership plane (finding 29)
[2026-09-06T01:56:45Z ERROR squeezefs::block_allocator] bounded allocation refusing StorageFull after 1010 ms parked with 0 offset(s) still in grace locally (lane harvest horizon 14531 ms): the pressure deadline never fenced within the wall backstop (1000 ms). The refusal is honest and terminal for this write; investigate the membership plane (finding 29)
[2026-09-06T01:56:45Z ERROR squeezefs::block_allocator] bounded allocation refusing StorageFull after 1011 ms parked with 0 offset(s) still in grace locally (lane harvest horizon 14532 ms): the pressure deadline never fenced within the wall backstop (1000 ms). The refusal is honest and terminal for this write; investigate the membership plane (finding 29)
[2026-09-06T01:56:45Z ERROR squeezefs::block_allocator] bounded allocation refusing StorageFull after 1012 ms parked with 0 offset(s) still in grace locally (lane harvest horizon 14533 ms): the pressure deadline never fenced within the wall backstop (1000 ms). The refusal is honest and terminal for this write; investigate the membership plane (finding 29)
[2026-09-06T01:56:45Z ERROR squeezefs::block_allocator] bounded allocation refusing StorageFull after 1014 ms parked with 0 offset(s) still in grace locally (lane harvest horizon 14534 ms): the pressure deadline never fenced within the wall backstop (1000 ms). The refusal is honest and terminal for this write; investigate the membership plane (finding 29)
[2026-09-06T01:56:45Z ERROR squeezefs::block_allocator] bounded allocation refusing StorageFull after 1012 ms parked with 0 offset(s) still in grace locally (lane harvest horizon 14531 ms): the pressure deadline never fenced within the wall backstop (1000 ms). The refusal is honest and terminal for this write; investigate the membership plane (finding 29)
[2026-09-06T01:56:45Z ERROR squeezefs::block_allocator] bounded allocation refusing StorageFull after 1012 ms parked with 0 offset(s) still in grace locally (lane harvest horizon 14534 ms): the pressure deadline never fenced within the wall backstop (1000 ms). The refusal is honest and terminal for this write; investigate the membership plane (finding 29)
[2026-09-06T01:56:45Z ERROR squeezefs::block_allocator] bounded allocation refusing StorageFull after 1012 ms parked with 0 offset(s) still in grace locally (lane harvest horizon 14533 ms): the pressure deadline never fenced within the wall backstop (1000 ms). The refusal is honest and terminal for this write; investigate the membership plane (finding 29)
[2026-09-06T01:56:45Z ERROR squeezefs::block_allocator] bounded allocation refusing StorageFull after 1012 ms parked with 0 offset(s) still in grace locally (lane harvest horizon 14533 ms): the pressure deadline never fenced within the wall backstop (1000 ms). The refusal is honest and terminal for this write; investigate the membership plane (finding 29)
[2026-09-06T01:56:45Z ERROR squeezefs::block_allocator] bounded allocation refusing StorageFull after 1014 ms parked with 0 offset(s) still in grace locally (lane harvest horizon 14533 ms): the pressure deadline never fenced within the wall backstop (1000 ms). The refusal is honest and terminal for this write; investigate the membership plane (finding 29)
[2026-09-06T01:56:45Z ERROR squeezefs::block_allocator] bounded allocation refusing StorageFull after 1013 ms parked with 0 offset(s) still in grace locally (lane harvest horizon 14534 ms): the pressure deadline never fenced within the wall backstop (1000 ms). The refusal is honest and terminal for this write; investigate the membership plane (finding 29)
[2026-09-06T01:56:46Z ERROR squeezefs::block_allocator] I/O error: data volume 'nvme3n1' full: 8178 of 8192 blocks allocated — lane 1 of 16 is exhausted while 0 free block(s) belong to lanes this mount does not own (alloc_lane_enospc_refusals; reach them by adopting a lane whose holder is proven dead, or grow the volume set — docs/operations.md §Multi-writer capacity planning)
[2026-09-06T01:56:46Z ERROR squeezefs::block_allocator] bounded allocation refusing StorageFull after 1008 ms parked with 0 offset(s) still in grace locally (lane harvest horizon 15492 ms): the pressure deadline never fenced within the wall backstop (1000 ms). The refusal is honest and terminal for this write; investigate the membership plane (finding 29)
[2026-09-06T01:56:46Z WARN  squeezefs::routing] rewrite epoch close for ino 2 failed transiently (Io(Custom { kind: StorageFull, error: "I/O error: data volume 'nvme3n1' full: 8178 of 8192 blocks allocated — lane 1 of 16 is exhausted while 0 free block(s) belong to lanes this mount does not own (alloc_lane_enospc_refusals; reach them by adopting a lane whose holder is proven dead, or grow the volume set — docs/operations.md §Multi-writer capacity planning)" })); the epoch stays registered (never-lossy) — the next close trigger retries
[2026-09-06T01:56:46Z ERROR squeezefs::block_allocator] bounded allocation refusing StorageFull after 1013 ms parked with 0 offset(s) still in grace locally (lane harvest horizon 15495 ms): the pressure deadline never fenced within the wall backstop (1000 ms). The refusal is honest and terminal for this write; investigate the membership plane (finding 29)
[2026-09-06T01:56:46Z WARN  squeezefs::fuse_client] write-through failed for ino 2 block 2203 (Io(Custom { kind: StorageFull, error: "I/O error: data volume 'nvme4n1' full: 8178 of 8192 blocks allocated — lane 1 of 16 is exhausted while 0 free block(s) belong to lanes this mount does not own (alloc_lane_enospc_refusals; reach them by adopting a lane whose holder is proven dead, or grow the volume set — docs/operations.md §Multi-writer capacity planning)" })); falling back to staging
[2026-09-06T01:56:46Z ERROR squeezefs::block_allocator] bounded allocation refusing StorageFull after 1009 ms parked with 0 offset(s) still in grace locally (lane harvest horizon 15502 ms): the pressure deadline never fenced within the wall backstop (1000 ms). The refusal is honest and terminal for this write; investigate the membership plane (finding 29)
[2026-09-06T01:56:46Z WARN  squeezefs::fuse_client] write-through failed for ino 2 block 2299 (Io(Custom { kind: StorageFull, error: "I/O error: data volume 'nvme4n1' full: 8178 of 8192 blocks allocated — lane 1 of 16 is exhausted while 0 free block(s) belong to lanes this mount does not own (alloc_lane_enospc_refusals; reach them by adopting a lane whose holder is proven dead, or grow the volume set — docs/operations.md §Multi-writer capacity planning)" })); falling back to staging
[2026-09-06T01:56:46Z ERROR squeezefs::block_allocator] bounded allocation refusing StorageFull after 1009 ms parked with 0 offset(s) still in grace locally (lane harvest horizon 15504 ms): the pressure deadline never fenced within the wall backstop (1000 ms). The refusal is honest and terminal for this write; investigate the membership plane (finding 29)
[2026-09-06T01:56:46Z WARN  squeezefs::fuse_client] write-through failed for ino 2 block 2264 (Io(Custom { kind: StorageFull, error: "I/O error: data volume 'nvme3n1' full: 8178 of 8192 blocks allocated — lane 1 of 16 is exhausted while 0 free block(s) belong to lanes this mount does not own (alloc_lane_enospc_refusals; reach them by adopting a lane whose holder is proven dead, or grow the volume set — docs/operations.md §Multi-writer capacity planning)" })); falling back to staging
[2026-09-06T01:56:46Z ERROR squeezefs::block_allocator] bounded allocation refusing StorageFull after 1010 ms parked with 0 offset(s) still in grace locally (lane harvest horizon 15505 ms): the pressure deadline never fenced within the wall backstop (1000 ms). The refusal is honest and terminal for this write; investigate the membership plane (finding 29)
[2026-09-06T01:56:46Z WARN  squeezefs::fuse_client] write-through failed for ino 2 block 2361 (Io(Custom { kind: StorageFull, error: "I/O error: data volume 'nvme4n1' full: 8178 of 8192 blocks allocated — lane 1 of 16 is exhausted while 0 free block(s) belong to lanes this mount does not own (alloc_lane_enospc_refusals; reach them by adopting a lane whose holder is proven dead, or grow the volume set — docs/operations.md §Multi-writer capacity planning)" })); falling back to staging
[2026-09-06T01:56:46Z ERROR squeezefs::block_allocator] bounded allocation refusing StorageFull after 1012 ms parked with 0 offset(s) still in grace locally (lane harvest horizon 15515 ms): the pressure deadline never fenced within the wall backstop (1000 ms). The refusal is honest and terminal for this write; investigate the membership plane (finding 29)
[2026-09-06T01:56:46Z WARN  squeezefs::fuse_client] write-through failed for ino 2 block 2266 (Io(Custom { kind: StorageFull, error: "I/O error: data volume 'nvme3n1' full: 8178 of 8192 blocks allocated — lane 1 of 16 is exhausted while 0 free block(s) belong to lanes this mount does not own (alloc_lane_enospc_refusals; reach them by adopting a lane whose holder is proven dead, or grow the volume set — docs/operations.md §Multi-writer capacity planning)" })); falling back to staging
[2026-09-06T01:56:46Z ERROR squeezefs::block_allocator] bounded allocation refusing StorageFull after 1008 ms parked with 0 offset(s) still in grace locally (lane harvest horizon 15527 ms): the pressure deadline never fenced within the wall backstop (1000 ms). The refusal is honest and terminal for this write; investigate the membership plane (finding 29)
[2026-09-06T01:56:46Z ERROR squeezefs::block_allocator] bounded allocation refusing StorageFull after 1008 ms parked with 0 offset(s) still in grace locally (lane harvest horizon 15527 ms): the pressure deadline never fenced within the wall backstop (1000 ms). The refusal is honest and terminal for this write; investigate the membership plane (finding 29)
[2026-09-06T01:56:46Z WARN  squeezefs::fuse_client] write-through failed for ino 2 block 2362 (Io(Custom { kind: StorageFull, error: "I/O error: data volume 'nvme3n1' full: 8178 of 8192 blocks allocated — lane 1 of 16 is exhausted while 0 free block(s) belong to lanes this mount does not own (alloc_lane_enospc_refusals; reach them by adopting a lane whose holder is proven dead, or grow the volume set — docs/operations.md §Multi-writer capacity planning)" })); falling back to staging
[2026-09-06T01:56:46Z ERROR squeezefs::block_allocator] bounded allocation refusing StorageFull after 1008 ms parked with 0 offset(s) still in grace locally (lane harvest horizon 15527 ms): the pressure deadline never fenced within the wall backstop (1000 ms). The refusal is honest and terminal for this write; investigate the membership plane (finding 29)
[2026-09-06T01:56:46Z WARN  squeezefs::fuse_client] write-through failed for ino 2 block 2363 (Io(Custom { kind: StorageFull, error: "I/O error: data volume 'nvme4n1' full: 8178 of 8192 blocks allocated — lane 1 of 16 is exhausted while 0 free block(s) belong to lanes this mount does not own (alloc_lane_enospc_refusals; reach them by adopting a lane whose holder is proven dead, or grow the volume set — docs/operations.md §Multi-writer capacity planning)" })); falling back to staging
[2026-09-06T01:56:46Z ERROR fuse3::raw::connection::fuse_over_uring] transport payload lease held 1005 ms (≥ 1 s) — overlong handler invocation or a §5.4 severance escape; watch transport_lease_overlong / transport_parked_commits
[2026-09-06T01:56:46Z ERROR fuse3::raw::connection::fuse_over_uring] transport payload lease held 2006 ms (≥ 1 s) — overlong handler invocation or a §5.4 severance escape; watch transport_lease_overlong / transport_parked_commits
[2026-09-06T01:56:46Z ERROR squeezefs::block_allocator] bounded allocation refusing StorageFull after 1014 ms parked with 0 offset(s) still in grace locally (lane harvest horizon 15533 ms): the pressure deadline never fenced within the wall backstop (1000 ms). The refusal is honest and terminal for this write; investigate the membership plane (finding 29)
[2026-09-06T01:56:46Z ERROR squeezefs::block_allocator] bounded allocation refusing StorageFull after 1011 ms parked with 0 offset(s) still in grace locally (lane harvest horizon 15533 ms): the pressure deadline never fenced within the wall backstop (1000 ms). The refusal is honest and terminal for this write; investigate the membership plane (finding 29)
[2026-09-06T01:56:46Z WARN  squeezefs::fuse_client] write-through failed for ino 2 block 2330 (Io(Custom { kind: StorageFull, error: "I/O error: data volume 'nvme3n1' full: 8178 of 8192 blocks allocated — lane 1 of 16 is exhausted while 0 free block(s) belong to lanes this mount does not own (alloc_lane_enospc_refusals; reach them by adopting a lane whose holder is proven dead, or grow the volume set — docs/operations.md §Multi-writer capacity planning)" })); falling back to staging
[2026-09-06T01:56:46Z ERROR squeezefs::block_allocator] bounded allocation refusing StorageFull after 1013 ms parked with 0 offset(s) still in grace locally (lane harvest horizon 15533 ms): the pressure deadline never fenced within the wall backstop (1000 ms). The refusal is honest and terminal for this write; investigate the membership plane (finding 29)
[2026-09-06T01:56:46Z WARN  squeezefs::fuse_client] write-through failed for ino 2 block 2298 (Io(Custom { kind: StorageFull, error: "I/O error: data volume 'nvme4n1' full: 8178 of 8192 blocks allocated — lane 1 of 16 is exhausted while 0 free block(s) belong to lanes this mount does not own (alloc_lane_enospc_refusals; reach them by adopting a lane whose holder is proven dead, or grow the volume set — docs/operations.md §Multi-writer capacity planning)" })); falling back to staging
[2026-09-06T01:56:46Z ERROR squeezefs::block_allocator] bounded allocation refusing StorageFull after 1011 ms parked with 0 offset(s) still in grace locally (lane harvest horizon 15542 ms): the pressure deadline never fenced within the wall backstop (1000 ms). The refusal is honest and terminal for this write; investigate the membership plane (finding 29)
[2026-09-06T01:56:46Z WARN  squeezefs::fuse_client] write-through failed for ino 2 block 2392 (Io(Custom { kind: StorageFull, error: "I/O error: data volume 'nvme4n1' full: 8178 of 8192 blocks allocated — lane 1 of 16 is exhausted while 0 free block(s) belong to lanes this mount does not own (alloc_lane_enospc_refusals; reach them by adopting a lane whose holder is proven dead, or grow the volume set — docs/operations.md §Multi-writer capacity planning)" })); falling back to staging
[2026-09-06T01:56:46Z ERROR squeezefs::block_allocator] bounded allocation refusing StorageFull after 1010 ms parked with 0 offset(s) still in grace locally (lane harvest horizon 15542 ms): the pressure deadline never fenced within the wall backstop (1000 ms). The refusal is honest and terminal for this write; investigate the membership plane (finding 29)
[2026-09-06T01:56:46Z WARN  squeezefs::fuse_client] write-through failed for ino 2 block 2328 (Io(Custom { kind: StorageFull, error: "I/O error: data volume 'nvme3n1' full: 8178 of 8192 blocks allocated — lane 1 of 16 is exhausted while 0 free block(s) belong to lanes this mount does not own (alloc_lane_enospc_refusals; reach them by adopting a lane whose holder is proven dead, or grow the volume set — docs/operations.md §Multi-writer capacity planning)" })); falling back to staging
[2026-09-06T01:56:46Z ERROR fuse3::raw::connection::fuse_over_uring] transport payload lease held 1024 ms (≥ 1 s) — overlong handler invocation or a §5.4 severance escape; watch transport_lease_overlong / transport_parked_commits
[2026-09-06T01:56:46Z ERROR squeezefs::block_allocator] bounded allocation refusing StorageFull after 1010 ms parked with 0 offset(s) still in grace locally (lane harvest horizon 15543 ms): the pressure deadline never fenced within the wall backstop (1000 ms). The refusal is honest and terminal for this write; investigate the membership plane (finding 29)
[2026-09-06T01:56:46Z WARN  squeezefs::fuse_client] write-through failed for ino 2 block 2360 (Io(Custom { kind: StorageFull, error: "I/O error: data volume 'nvme4n1' full: 8178 of 8192 blocks allocated — lane 1 of 16 is exhausted while 0 free block(s) belong to lanes this mount does not own (alloc_lane_enospc_refusals; reach them by adopting a lane whose holder is proven dead, or grow the volume set — docs/operations.md §Multi-writer capacity planning)" })); falling back to staging
[2026-09-06T01:56:46Z ERROR squeezefs::block_allocator] bounded allocation refusing StorageFull after 1012 ms parked with 0 offset(s) still in grace locally (lane harvest horizon 15546 ms): the pressure deadline never fenced within the wall backstop (1000 ms). The refusal is honest and terminal for this write; investigate the membership plane (finding 29)
[2026-09-06T01:56:46Z WARN  squeezefs::fuse_client] write-through failed for ino 2 block 2393 (Io(Custom { kind: StorageFull, error: "I/O error: data volume 'nvme3n1' full: 8178 of 8192 blocks allocated — lane 1 of 16 is exhausted while 0 free block(s) belong to lanes this mount does not own (alloc_lane_enospc_refusals; reach them by adopting a lane whose holder is proven dead, or grow the volume set — docs/operations.md §Multi-writer capacity planning)" })); falling back to staging
[2026-09-06T01:56:46Z ERROR squeezefs::block_allocator] bounded allocation refusing StorageFull after 1014 ms parked with 0 offset(s) still in grace locally (lane harvest horizon 15548 ms): the pressure deadline never fenced within the wall backstop (1000 ms). The refusal is honest and terminal for this write; investigate the membership plane (finding 29)
[2026-09-06T01:56:46Z WARN  squeezefs::fuse_client] write-through failed for ino 2 block 2395 (Io(Custom { kind: StorageFull, error: "I/O error: data volume 'nvme4n1' full: 8178 of 8192 blocks allocated — lane 1 of 16 is exhausted while 0 free block(s) belong to lanes this mount does not own (alloc_lane_enospc_refusals; reach them by adopting a lane whose holder is proven dead, or grow the volume set — docs/operations.md §Multi-writer capacity planning)" })); falling back to staging
[2026-09-06T01:56:46Z ERROR squeezefs::block_allocator] bounded allocation refusing StorageFull after 1015 ms parked with 0 offset(s) still in grace locally (lane harvest horizon 15549 ms): the pressure deadline never fenced within the wall backstop (1000 ms). The refusal is honest and terminal for this write; investigate the membership plane (finding 29)
[2026-09-06T01:56:46Z WARN  squeezefs::fuse_client] write-through failed for ino 2 block 2394 (Io(Custom { kind: StorageFull, error: "I/O error: data volume 'nvme3n1' full: 8178 of 8192 blocks allocated — lane 1 of 16 is exhausted while 0 free block(s) belong to lanes this mount does not own (alloc_lane_enospc_refusals; reach them by adopting a lane whose holder is proven dead, or grow the volume set — docs/operations.md §Multi-writer capacity planning)" })); falling back to staging
[2026-09-06T01:56:47Z ERROR squeezefs::block_allocator] I/O error: data volume 'nvme3n1' full: 8178 of 8192 blocks allocated — lane 1 of 16 is exhausted while 0 free block(s) belong to lanes this mount does not own (alloc_lane_enospc_refusals; reach them by adopting a lane whose holder is proven dead, or grow the volume set — docs/operations.md §Multi-writer capacity planning)
[2026-09-06T01:56:47Z ERROR squeezefs::block_allocator] bounded allocation refusing StorageFull after 1003 ms parked with 0 offset(s) still in grace locally (lane harvest horizon 16496 ms): the pressure deadline never fenced within the wall backstop (1000 ms). The refusal is honest and terminal for this write; investigate the membership plane (finding 29)
[2026-09-06T01:56:47Z WARN  squeezefs::fuse_client] write-through failed for ino 2 block 2331 (Io(Custom { kind: StorageFull, error: "I/O error: data volume 'nvme4n1' full: 8178 of 8192 blocks allocated — lane 1 of 16 is exhausted while 0 free block(s) belong to lanes this mount does not own (alloc_lane_enospc_refusals; reach them by adopting a lane whose holder is proven dead, or grow the volume set — docs/operations.md §Multi-writer capacity planning)" })); falling back to staging
[2026-09-06T01:56:47Z ERROR squeezefs::block_allocator] bounded allocation refusing StorageFull after 1003 ms parked with 0 offset(s) still in grace locally (lane harvest horizon 16499 ms): the pressure deadline never fenced within the wall backstop (1000 ms). The refusal is honest and terminal for this write; investigate the membership plane (finding 29)
[2026-09-06T01:56:47Z ERROR squeezefs::block_allocator] bounded allocation refusing StorageFull after 1003 ms parked with 0 offset(s) still in grace locally (lane harvest horizon 16505 ms): the pressure deadline never fenced within the wall backstop (1000 ms). The refusal is honest and terminal for this write; investigate the membership plane (finding 29)
[2026-09-06T01:56:47Z ERROR squeezefs::block_allocator] bounded allocation refusing StorageFull after 1003 ms parked with 0 offset(s) still in grace locally (lane harvest horizon 16508 ms): the pressure deadline never fenced within the wall backstop (1000 ms). The refusal is honest and terminal for this write; investigate the membership plane (finding 29)
[2026-09-06T01:56:47Z ERROR squeezefs::block_allocator] bounded allocation refusing StorageFull after 1003 ms parked with 0 offset(s) still in grace locally (lane harvest horizon 16509 ms): the pressure deadline never fenced within the wall backstop (1000 ms). The refusal is honest and terminal for this write; investigate the membership plane (finding 29)
[2026-09-06T01:56:47Z ERROR squeezefs::block_allocator] bounded allocation refusing StorageFull after 1003 ms parked with 0 offset(s) still in grace locally (lane harvest horizon 16519 ms): the pressure deadline never fenced within the wall backstop (1000 ms). The refusal is honest and terminal for this write; investigate the membership plane (finding 29)
[2026-09-06T01:56:47Z ERROR squeezefs::block_allocator] bounded allocation refusing StorageFull after 1005 ms parked with 0 offset(s) still in grace locally (lane harvest horizon 16532 ms): the pressure deadline never fenced within the wall backstop (1000 ms). The refusal is honest and terminal for this write; investigate the membership plane (finding 29)
[2026-09-06T01:56:47Z ERROR squeezefs::block_allocator] bounded allocation refusing StorageFull after 1005 ms parked with 0 offset(s) still in grace locally (lane harvest horizon 16533 ms): the pressure deadline never fenced within the wall backstop (1000 ms). The refusal is honest and terminal for this write; investigate the membership plane (finding 29)
[2026-09-06T01:56:47Z ERROR squeezefs::block_allocator] bounded allocation refusing StorageFull after 1005 ms parked with 0 offset(s) still in grace locally (lane harvest horizon 16539 ms): the pressure deadline never fenced within the wall backstop (1000 ms). The refusal is honest and terminal for this write; investigate the membership plane (finding 29)
[2026-09-06T01:56:47Z ERROR squeezefs::block_allocator] bounded allocation refusing StorageFull after 1005 ms parked with 0 offset(s) still in grace locally (lane harvest horizon 16539 ms): the pressure deadline never fenced within the wall backstop (1000 ms). The refusal is honest and terminal for this write; investigate the membership plane (finding 29)
[2026-09-06T01:56:47Z ERROR squeezefs::block_allocator] bounded allocation refusing StorageFull after 1004 ms parked with 0 offset(s) still in grace locally (lane harvest horizon 16547 ms): the pressure deadline never fenced within the wall backstop (1000 ms). The refusal is honest and terminal for this write; investigate the membership plane (finding 29)
[2026-09-06T01:56:47Z ERROR squeezefs::block_allocator] bounded allocation refusing StorageFull after 1004 ms parked with 0 offset(s) still in grace locally (lane harvest horizon 16547 ms): the pressure deadline never fenced within the wall backstop (1000 ms). The refusal is honest and terminal for this write; investigate the membership plane (finding 29)
[2026-09-06T01:56:47Z ERROR squeezefs::block_allocator] bounded allocation refusing StorageFull after 1003 ms parked with 0 offset(s) still in grace locally (lane harvest horizon 16557 ms): the pressure deadline never fenced within the wall backstop (1000 ms). The refusal is honest and terminal for this write; investigate the membership plane (finding 29)
[2026-09-06T01:56:47Z ERROR squeezefs::fuse_client] FUSE Fsync failed for ino 2: Io(Custom { kind: StorageFull, error: "I/O error: data volume 'nvme4n1' full: 8178 of 8192 blocks allocated — lane 1 of 16 is exhausted while 0 free block(s) belong to lanes this mount does not own (alloc_lane_enospc_refusals; reach them by adopting a lane whose holder is proven dead, or grow the volume set — docs/operations.md §Multi-writer capacity planning)" })
[2026-09-06T01:56:47Z ERROR squeezefs::fuse_client] Squeezefs operational error: Io(Custom { kind: StorageFull, error: "I/O error: data volume 'nvme4n1' full: 8178 of 8192 blocks allocated — lane 1 of 16 is exhausted while 0 free block(s) belong to lanes this mount does not own (alloc_lane_enospc_refusals; reach them by adopting a lane whose holder is proven dead, or grow the volume set — docs/operations.md §Multi-writer capacity planning)" })
[2026-09-06T01:56:48Z ERROR squeezefs::block_allocator] I/O error: data volume 'nvme4n1' full: 8178 of 8192 blocks allocated — lane 1 of 16 is exhausted while 0 free block(s) belong to lanes this mount does not own (alloc_lane_enospc_refusals; reach them by adopting a lane whose holder is proven dead, or grow the volume set — docs/operations.md §Multi-writer capacity planning)
[2026-09-06T01:56:48Z ERROR squeezefs::block_allocator] bounded allocation refusing StorageFull after 1003 ms parked with 0 offset(s) still in grace locally (lane harvest horizon 17503 ms): the pressure deadline never fenced within the wall backstop (1000 ms). The refusal is honest and terminal for this write; investigate the membership plane (finding 29)
[2026-09-06T01:56:48Z WARN  squeezefs::routing] rewrite epoch close for ino 2 failed transiently (Io(Custom { kind: StorageFull, error: "I/O error: data volume 'nvme3n1' full: 8178 of 8192 blocks allocated — lane 1 of 16 is exhausted while 0 free block(s) belong to lanes this mount does not own (alloc_lane_enospc_refusals; reach them by adopting a lane whose holder is proven dead, or grow the volume set — docs/operations.md §Multi-writer capacity planning)" })); the epoch stays registered (never-lossy) — the next close trigger retries
[2026-09-06T01:56:48Z ERROR squeezefs::block_allocator] bounded allocation refusing StorageFull after 1004 ms parked with 0 offset(s) still in grace locally (lane harvest horizon 17510 ms): the pressure deadline never fenced within the wall backstop (1000 ms). The refusal is honest and terminal for this write; investigate the membership plane (finding 29)
[2026-09-06T01:56:48Z WARN  squeezefs::fuse_client] write-through failed for ino 2 block 2488 (Io(Custom { kind: StorageFull, error: "I/O error: data volume 'nvme4n1' full: 8178 of 8192 blocks allocated — lane 1 of 16 is exhausted while 0 free block(s) belong to lanes this mount does not own (alloc_lane_enospc_refusals; reach them by adopting a lane whose holder is proven dead, or grow the volume set — docs/operations.md §Multi-writer capacity planning)" })); falling back to staging
[2026-09-06T01:56:48Z ERROR squeezefs::block_allocator] bounded allocation refusing StorageFull after 1003 ms parked with 0 offset(s) still in grace locally (lane harvest horizon 17512 ms): the pressure deadline never fenced within the wall backstop (1000 ms). The refusal is honest and terminal for this write; investigate the membership plane (finding 29)
[2026-09-06T01:56:48Z WARN  squeezefs::fuse_client] write-through failed for ino 2 block 2456 (Io(Custom { kind: StorageFull, error: "I/O error: data volume 'nvme3n1' full: 8178 of 8192 blocks allocated — lane 1 of 16 is exhausted while 0 free block(s) belong to lanes this mount does not own (alloc_lane_enospc_refusals; reach them by adopting a lane whose holder is proven dead, or grow the volume set — docs/operations.md §Multi-writer capacity planning)" })); falling back to staging
[2026-09-06T01:56:48Z ERROR squeezefs::block_allocator] bounded allocation refusing StorageFull after 1003 ms parked with 0 offset(s) still in grace locally (lane harvest horizon 17512 ms): the pressure deadline never fenced within the wall backstop (1000 ms). The refusal is honest and terminal for this write; investigate the membership plane (finding 29)
[2026-09-06T01:56:48Z WARN  squeezefs::fuse_client] write-through failed for ino 2 block 2520 (Io(Custom { kind: StorageFull, error: "I/O error: data volume 'nvme4n1' full: 8178 of 8192 blocks allocated — lane 1 of 16 is exhausted while 0 free block(s) belong to lanes this mount does not own (alloc_lane_enospc_refusals; reach them by adopting a lane whose holder is proven dead, or grow the volume set — docs/operations.md §Multi-writer capacity planning)" })); falling back to staging
[2026-09-06T01:56:48Z ERROR squeezefs::block_allocator] bounded allocation refusing StorageFull after 1004 ms parked with 0 offset(s) still in grace locally (lane harvest horizon 17523 ms): the pressure deadline never fenced within the wall backstop (1000 ms). The refusal is honest and terminal for this write; investigate the membership plane (finding 29)
[2026-09-06T01:56:48Z WARN  squeezefs::fuse_client] write-through failed for ino 2 block 2491 (Io(Custom { kind: StorageFull, error: "I/O error: data volume 'nvme3n1' full: 8178 of 8192 blocks allocated — lane 1 of 16 is exhausted while 0 free block(s) belong to lanes this mount does not own (alloc_lane_enospc_refusals; reach them by adopting a lane whose holder is proven dead, or grow the volume set — docs/operations.md §Multi-writer capacity planning)" })); falling back to staging
[2026-09-06T01:56:48Z ERROR squeezefs::block_allocator] bounded allocation refusing StorageFull after 1004 ms parked with 0 offset(s) still in grace locally (lane harvest horizon 17536 ms): the pressure deadline never fenced within the wall backstop (1000 ms). The refusal is honest and terminal for this write; investigate the membership plane (finding 29)
[2026-09-06T01:56:48Z WARN  squeezefs::fuse_client] write-through failed for ino 2 block 2424 (Io(Custom { kind: StorageFull, error: "I/O error: data volume 'nvme4n1' full: 8178 of 8192 blocks allocated — lane 1 of 16 is exhausted while 0 free block(s) belong to lanes this mount does not own (alloc_lane_enospc_refusals; reach them by adopting a lane whose holder is proven dead, or grow the volume set — docs/operations.md §Multi-writer capacity planning)" })); falling back to staging
[2026-09-06T01:56:48Z ERROR squeezefs::block_allocator] bounded allocation refusing StorageFull after 1004 ms parked with 0 offset(s) still in grace locally (lane harvest horizon 17537 ms): the pressure deadline never fenced within the wall backstop (1000 ms). The refusal is honest and terminal for this write; investigate the membership plane (finding 29)
[2026-09-06T01:56:48Z WARN  squeezefs::fuse_client] write-through failed for ino 2 block 2459 (Io(Custom { kind: StorageFull, error: "I/O error: data volume 'nvme3n1' full: 8178 of 8192 blocks allocated — lane 1 of 16 is exhausted while 0 free block(s) belong to lanes this mount does not own (alloc_lane_enospc_refusals; reach them by adopting a lane whose holder is proven dead, or grow the volume set — docs/operations.md §Multi-writer capacity planning)" })); falling back to staging
[2026-09-06T01:56:48Z ERROR squeezefs::block_allocator] bounded allocation refusing StorageFull after 1004 ms parked with 0 offset(s) still in grace locally (lane harvest horizon 17543 ms): the pressure deadline never fenced within the wall backstop (1000 ms). The refusal is honest and terminal for this write; investigate the membership plane (finding 29)
[2026-09-06T01:56:48Z ERROR squeezefs::block_allocator] bounded allocation refusing StorageFull after 1004 ms parked with 0 offset(s) still in grace locally (lane harvest horizon 17543 ms): the pressure deadline never fenced within the wall backstop (1000 ms). The refusal is honest and terminal for this write; investigate the membership plane (finding 29)
[2026-09-06T01:56:48Z WARN  squeezefs::fuse_client] write-through failed for ino 2 block 2521 (Io(Custom { kind: StorageFull, error: "I/O error: data volume 'nvme4n1' full: 8178 of 8192 blocks allocated — lane 1 of 16 is exhausted while 0 free block(s) belong to lanes this mount does not own (alloc_lane_enospc_refusals; reach them by adopting a lane whose holder is proven dead, or grow the volume set — docs/operations.md §Multi-writer capacity planning)" })); falling back to staging
[2026-09-06T01:56:48Z WARN  squeezefs::fuse_client] write-through failed for ino 2 block 2523 (Io(Custom { kind: StorageFull, error: "I/O error: data volume 'nvme3n1' full: 8178 of 8192 blocks allocated — lane 1 of 16 is exhausted while 0 free block(s) belong to lanes this mount does not own (alloc_lane_enospc_refusals; reach them by adopting a lane whose holder is proven dead, or grow the volume set — docs/operations.md §Multi-writer capacity planning)" })); falling back to staging
[2026-09-06T01:56:48Z ERROR squeezefs::block_allocator] bounded allocation refusing StorageFull after 1004 ms parked with 0 offset(s) still in grace locally (lane harvest horizon 17552 ms): the pressure deadline never fenced within the wall backstop (1000 ms). The refusal is honest and terminal for this write; investigate the membership plane (finding 29)
[2026-09-06T01:56:48Z ERROR squeezefs::block_allocator] bounded allocation refusing StorageFull after 1004 ms parked with 0 offset(s) still in grace locally (lane harvest horizon 17552 ms): the pressure deadline never fenced within the wall backstop (1000 ms). The refusal is honest and terminal for this write; investigate the membership plane (finding 29)
[2026-09-06T01:56:48Z WARN  squeezefs::fuse_client] write-through failed for ino 2 block 2427 (Io(Custom { kind: StorageFull, error: "I/O error: data volume 'nvme3n1' full: 8178 of 8192 blocks allocated — lane 1 of 16 is exhausted while 0 free block(s) belong to lanes this mount does not own (alloc_lane_enospc_refusals; reach them by adopting a lane whose holder is proven dead, or grow the volume set — docs/operations.md §Multi-writer capacity planning)" })); falling back to staging
[2026-09-06T01:56:48Z WARN  squeezefs::fuse_client] write-through failed for ino 2 block 2553 (Io(Custom { kind: StorageFull, error: "I/O error: data volume 'nvme4n1' full: 8178 of 8192 blocks allocated — lane 1 of 16 is exhausted while 0 free block(s) belong to lanes this mount does not own (alloc_lane_enospc_refusals; reach them by adopting a lane whose holder is proven dead, or grow the volume set — docs/operations.md §Multi-writer capacity planning)" })); falling back to staging
[2026-09-06T01:56:48Z ERROR squeezefs::block_allocator] bounded allocation refusing StorageFull after 1004 ms parked with 0 offset(s) still in grace locally (lane harvest horizon 17569 ms): the pressure deadline never fenced within the wall backstop (1000 ms). The refusal is honest and terminal for this write; investigate the membership plane (finding 29)
[2026-09-06T01:56:48Z ERROR squeezefs::block_allocator] bounded allocation refusing StorageFull after 1004 ms parked with 0 offset(s) still in grace locally (lane harvest horizon 17569 ms): the pressure deadline never fenced within the wall backstop (1000 ms). The refusal is honest and terminal for this write; investigate the membership plane (finding 29)
[2026-09-06T01:56:48Z ERROR squeezefs::block_allocator] bounded allocation refusing StorageFull after 1004 ms parked with 0 offset(s) still in grace locally (lane harvest horizon 17569 ms): the pressure deadline never fenced within the wall backstop (1000 ms). The refusal is honest and terminal for this write; investigate the membership plane (finding 29)
[2026-09-06T01:56:48Z ERROR squeezefs::block_allocator] bounded allocation refusing StorageFull after 1004 ms parked with 0 offset(s) still in grace locally (lane harvest horizon 17569 ms): the pressure deadline never fenced within the wall backstop (1000 ms). The refusal is honest and terminal for this write; investigate the membership plane (finding 29)
[2026-09-06T01:56:48Z ERROR squeezefs::block_allocator] bounded allocation refusing StorageFull after 1003 ms parked with 0 offset(s) still in grace locally (lane harvest horizon 17569 ms): the pressure deadline never fenced within the wall backstop (1000 ms). The refusal is honest and terminal for this write; investigate the membership plane (finding 29)
[2026-09-06T01:56:48Z ERROR squeezefs::block_allocator] bounded allocation refusing StorageFull after 1004 ms parked with 0 offset(s) still in grace locally (lane harvest horizon 17573 ms): the pressure deadline never fenced within the wall backstop (1000 ms). The refusal is honest and terminal for this write; investigate the membership plane (finding 29)
[2026-09-06T01:56:49Z ERROR squeezefs::meta_ship::publish] S9: the authority refused 1 shipped free(s) (vol_tag 0xc5e11286df218556, request 2292): already free/graced/quarantined — the double-release lineage, surfaced on the authority's own tripwire
[2026-09-06T01:56:49Z ERROR squeezefs::meta_ship::publish] S9: the authority refused 1 shipped free(s) (vol_tag 0xc5e11286df218556, request 2296): already free/graced/quarantined — the double-release lineage, surfaced on the authority's own tripwire
[2026-09-06T01:56:49Z ERROR squeezefs::meta_ship::publish] S9: the authority refused 1 shipped free(s) (vol_tag 0xc5e11286df218556, request 2300): already free/graced/quarantined — the double-release lineage, surfaced on the authority's own tripwire
[2026-09-06T01:56:49Z ERROR squeezefs::meta_ship::publish] S9: the authority refused 1 shipped free(s) (vol_tag 0xc5e11286df218556, request 2304): already free/graced/quarantined — the double-release lineage, surfaced on the authority's own tripwire
[2026-09-06T01:56:49Z ERROR squeezefs::meta_ship::publish] S9: the authority refused 1 shipped free(s) (vol_tag 0xad7b1d37b0829b08, request 2308): already free/graced/quarantined — the double-release lineage, surfaced on the authority's own tripwire
[2026-09-06T01:56:49Z ERROR squeezefs::meta_ship::publish] S9: the authority refused 1 shipped free(s) (vol_tag 0xad7b1d37b0829b08, request 2312): already free/graced/quarantined — the double-release lineage, surfaced on the authority's own tripwire
[2026-09-06T01:56:49Z ERROR squeezefs::meta_ship::publish] S9: the authority refused 1 shipped free(s) (vol_tag 0xad7b1d37b0829b08, request 2317): already free/graced/quarantined — the double-release lineage, surfaced on the authority's own tripwire
[2026-09-06T01:56:49Z ERROR squeezefs::meta_ship::publish] S9: the authority refused 1 shipped free(s) (vol_tag 0xad7b1d37b0829b08, request 2321): already free/graced/quarantined — the double-release lineage, surfaced on the authority's own tripwire
[2026-09-06T01:56:49Z ERROR squeezefs::meta_ship::publish] S9: the authority refused 1 shipped free(s) (vol_tag 0xad7b1d37b0829b08, request 2327): already free/graced/quarantined — the double-release lineage, surfaced on the authority's own tripwire
[2026-09-06T01:56:49Z ERROR squeezefs::block_allocator] I/O error: data volume 'nvme3n1' full: 8178 of 8192 blocks allocated — lane 1 of 16 is exhausted while 0 free block(s) belong to lanes this mount does not own (alloc_lane_enospc_refusals; reach them by adopting a lane whose holder is proven dead, or grow the volume set — docs/operations.md §Multi-writer capacity planning)
[2026-09-06T01:56:49Z ERROR squeezefs::meta_ship::publish] S9: the authority refused 1 shipped free(s) (vol_tag 0xad7b1d37b0829b08, request 2331): already free/graced/quarantined — the double-release lineage, surfaced on the authority's own tripwire
[2026-09-06T01:56:50Z ERROR squeezefs::meta_ship::publish] S9: the authority refused 1 shipped free(s) (vol_tag 0xad7b1d37b0829b08, request 2343): already free/graced/quarantined — the double-release lineage, surfaced on the authority's own tripwire
[2026-09-06T01:56:50Z ERROR squeezefs::meta_ship::publish] S9: the authority refused 1 shipped free(s) (vol_tag 0xad7b1d37b0829b08, request 2348): already free/graced/quarantined — the double-release lineage, surfaced on the authority's own tripwire
[2026-09-06T01:56:50Z ERROR squeezefs::meta_ship::publish] S9: the authority refused 1 shipped free(s) (vol_tag 0xad7b1d37b0829b08, request 2352): already free/graced/quarantined — the double-release lineage, surfaced on the authority's own tripwire
[2026-09-06T01:56:50Z ERROR squeezefs::meta_ship::publish] S9: the authority refused 1 shipped free(s) (vol_tag 0xad7b1d37b0829b08, request 2357): already free/graced/quarantined — the double-release lineage, surfaced on the authority's own tripwire
[2026-09-06T01:56:50Z ERROR squeezefs::meta_ship::publish] S9: the authority refused 1 shipped free(s) (vol_tag 0xad7b1d37b0829b08, request 2361): already free/graced/quarantined — the double-release lineage, surfaced on the authority's own tripwire
[2026-09-06T01:56:50Z ERROR squeezefs::meta_ship::publish] S9: the authority refused 1 shipped free(s) (vol_tag 0xad7b1d37b0829b08, request 2365): already free/graced/quarantined — the double-release lineage, surfaced on the authority's own tripwire
[2026-09-06T01:56:50Z ERROR squeezefs::meta_ship::publish] S9: the authority refused 1 shipped free(s) (vol_tag 0xad7b1d37b0829b08, request 2369): already free/graced/quarantined — the double-release lineage, surfaced on the authority's own tripwire
[2026-09-06T01:56:50Z ERROR squeezefs::meta_ship::publish] S9: the authority refused 1 shipped free(s) (vol_tag 0xad7b1d37b0829b08, request 2374): already free/graced/quarantined — the double-release lineage, surfaced on the authority's own tripwire
[2026-09-06T01:56:50Z ERROR squeezefs::meta_ship::publish] S9: the authority refused 1 shipped free(s) (vol_tag 0xad7b1d37b0829b08, request 2379): already free/graced/quarantined — the double-release lineage, surfaced on the authority's own tripwire
[2026-09-06T01:56:50Z ERROR squeezefs::meta_ship::publish] S9: the authority refused 1 shipped free(s) (vol_tag 0xad7b1d37b0829b08, request 2383): already free/graced/quarantined — the double-release lineage, surfaced on the authority's own tripwire
[2026-09-06T01:56:50Z ERROR squeezefs::meta_ship::publish] S9: the authority refused 1 shipped free(s) (vol_tag 0xad7b1d37b0829b08, request 2388): already free/graced/quarantined — the double-release lineage, surfaced on the authority's own tripwire
[2026-09-06T01:56:50Z ERROR squeezefs::meta_ship::publish] S9: the authority refused 1 shipped free(s) (vol_tag 0xad7b1d37b0829b08, request 2392): already free/graced/quarantined — the double-release lineage, surfaced on the authority's own tripwire
[2026-09-06T01:56:51Z ERROR squeezefs::meta_ship::publish] S9: the authority refused 1 shipped free(s) (vol_tag 0xad7b1d37b0829b08, request 2396): already free/graced/quarantined — the double-release lineage, surfaced on the authority's own tripwire
[2026-09-06T01:56:51Z ERROR squeezefs::meta_ship::publish] S9: the authority refused 1 shipped free(s) (vol_tag 0xad7b1d37b0829b08, request 2400): already free/graced/quarantined — the double-release lineage, surfaced on the authority's own tripwire
[2026-09-06T01:56:51Z ERROR squeezefs::meta_ship::publish] S9: the authority refused 1 shipped free(s) (vol_tag 0xad7b1d37b0829b08, request 2405): already free/graced/quarantined — the double-release lineage, surfaced on the authority's own tripwire
[2026-09-06T01:56:51Z ERROR squeezefs::meta_ship::publish] S9: the authority refused 1 shipped free(s) (vol_tag 0xad7b1d37b0829b08, request 2409): already free/graced/quarantined — the double-release lineage, surfaced on the authority's own tripwire
[2026-09-06T01:56:51Z ERROR squeezefs::meta_ship::publish] S9: the authority refused 1 shipped free(s) (vol_tag 0xad7b1d37b0829b08, request 2413): already free/graced/quarantined — the double-release lineage, surfaced on the authority's own tripwire
[2026-09-06T01:56:51Z ERROR squeezefs::meta_ship::publish] S9: the authority refused 1 shipped free(s) (vol_tag 0xad7b1d37b0829b08, request 2417): already free/graced/quarantined — the double-release lineage, surfaced on the authority's own tripwire
[2026-09-06T01:56:51Z ERROR squeezefs::meta_ship::publish] S9: the authority refused 1 shipped free(s) (vol_tag 0xad7b1d37b0829b08, request 2421): already free/graced/quarantined — the double-release lineage, surfaced on the authority's own tripwire
[2026-09-06T01:56:51Z ERROR squeezefs::meta_ship::publish] S9: the authority refused 1 shipped free(s) (vol_tag 0xad7b1d37b0829b08, request 2425): already free/graced/quarantined — the double-release lineage, surfaced on the authority's own tripwire
[2026-09-06T01:56:51Z ERROR squeezefs::meta_ship::publish] S9: the authority refused 1 shipped free(s) (vol_tag 0xad7b1d37b0829b08, request 2429): already free/graced/quarantined — the double-release lineage, surfaced on the authority's own tripwire
[2026-09-06T01:56:51Z ERROR squeezefs::meta_ship::publish] S9: the authority refused 1 shipped free(s) (vol_tag 0xad7b1d37b0829b08, request 2433): already free/graced/quarantined — the double-release lineage, surfaced on the authority's own tripwire
[2026-09-06T01:56:51Z ERROR squeezefs::meta_ship::publish] S9: the authority refused 1 shipped free(s) (vol_tag 0xad7b1d37b0829b08, request 2437): already free/graced/quarantined — the double-release lineage, surfaced on the authority's own tripwire
[2026-09-06T01:56:51Z ERROR squeezefs::meta_ship::publish] S9: the authority refused 1 shipped free(s) (vol_tag 0xad7b1d37b0829b08, request 2441): already free/graced/quarantined — the double-release lineage, surfaced on the authority's own tripwire
[2026-09-06T01:56:51Z ERROR squeezefs::meta_ship::publish] S9: the authority refused 1 shipped free(s) (vol_tag 0xad7b1d37b0829b08, request 2445): already free/graced/quarantined — the double-release lineage, surfaced on the authority's own tripwire
[2026-09-06T01:56:51Z ERROR squeezefs::meta_ship::publish] S9: the authority refused 1 shipped free(s) (vol_tag 0xad7b1d37b0829b08, request 2448): already free/graced/quarantined — the double-release lineage, surfaced on the authority's own tripwire
[2026-09-06T01:56:51Z ERROR squeezefs::meta_ship::publish] S9: the authority refused 1 shipped free(s) (vol_tag 0xad7b1d37b0829b08, request 2458): already free/graced/quarantined — the double-release lineage, surfaced on the authority's own tripwire
[2026-09-06T01:57:23Z ERROR fuse3::raw::connection::fuse_over_uring] transport payload lease held 1189 ms (≥ 1 s) — overlong handler invocation or a §5.4 severance escape; watch transport_lease_overlong / transport_parked_commits
[2026-09-06T01:57:23Z ERROR fuse3::raw::connection::fuse_over_uring] transport payload lease held 1187 ms (≥ 1 s) — overlong handler invocation or a §5.4 severance escape; watch transport_lease_overlong / transport_parked_commits
[2026-09-06T01:57:23Z ERROR fuse3::raw::connection::fuse_over_uring] transport payload lease held 1188 ms (≥ 1 s) — overlong handler invocation or a §5.4 severance escape; watch transport_lease_overlong / transport_parked_commits
[2026-09-06T01:57:23Z ERROR fuse3::raw::connection::fuse_over_uring] transport payload lease held 1187 ms (≥ 1 s) — overlong handler invocation or a §5.4 severance escape; watch transport_lease_overlong / transport_parked_commits
[2026-09-06T01:57:23Z ERROR squeezefs::fuse_client] Squeezefs operational error: Refused { errno: 5, msg: "Lock expired or invalid fencing token: 3298534888079 (expected >= 3298534888081)" }
[2026-09-06T01:57:24Z ERROR squeezefs::meta_ship::publish] S9: the authority refused 1 shipped free(s) (vol_tag 0xad7b1d37b0829b08, request 2470): already free/graced/quarantined — the double-release lineage, surfaced on the authority's own tripwire
[2026-09-06T01:57:24Z ERROR squeezefs::meta_ship::publish] S9: the authority refused 1 shipped free(s) (vol_tag 0xad7b1d37b0829b08, request 2474): already free/graced/quarantined — the double-release lineage, surfaced on the authority's own tripwire
[2026-09-06T01:57:24Z ERROR squeezefs::meta_ship::publish] S9: the authority refused 1 shipped free(s) (vol_tag 0xc5e11286df218556, request 2478): already free/graced/quarantined — the double-release lineage, surfaced on the authority's own tripwire
[2026-09-06T01:57:24Z ERROR squeezefs::meta_ship::publish] S9: the authority refused 1 shipped free(s) (vol_tag 0xc5e11286df218556, request 2482): already free/graced/quarantined — the double-release lineage, surfaced on the authority's own tripwire
[2026-09-06T01:57:24Z ERROR squeezefs::meta_ship::publish] S9: the authority refused 1 shipped free(s) (vol_tag 0xc5e11286df218556, request 2486): already free/graced/quarantined — the double-release lineage, surfaced on the authority's own tripwire
[2026-09-06T01:57:24Z ERROR squeezefs::meta_ship::publish] S9: the authority refused 1 shipped free(s) (vol_tag 0xc5e11286df218556, request 2490): already free/graced/quarantined — the double-release lineage, surfaced on the authority's own tripwire
[2026-09-06T01:57:24Z ERROR squeezefs::meta_ship::publish] S9: the authority refused 1 shipped free(s) (vol_tag 0xc5e11286df218556, request 2494): already free/graced/quarantined — the double-release lineage, surfaced on the authority's own tripwire
[2026-09-06T01:57:24Z ERROR squeezefs::meta_ship::publish] S9: the authority refused 1 shipped free(s) (vol_tag 0xc5e11286df218556, request 2499): already free/graced/quarantined — the double-release lineage, surfaced on the authority's own tripwire
[2026-09-06T01:57:24Z ERROR squeezefs::meta_ship::publish] S9: the authority refused 1 shipped free(s) (vol_tag 0xc5e11286df218556, request 2507): already free/graced/quarantined — the double-release lineage, surfaced on the authority's own tripwire
[2026-09-06T01:57:24Z ERROR squeezefs::meta_ship::publish] S9: the authority refused 1 shipped free(s) (vol_tag 0xc5e11286df218556, request 2508): already free/graced/quarantined — the double-release lineage, surfaced on the authority's own tripwire
[2026-09-06T01:57:24Z ERROR squeezefs::meta_ship::publish] S9: the authority refused 1 shipped free(s) (vol_tag 0xc5e11286df218556, request 2511): already free/graced/quarantined — the double-release lineage, surfaced on the authority's own tripwire
[2026-09-06T01:57:24Z ERROR squeezefs::meta_ship::publish] S9: the authority refused 1 shipped free(s) (vol_tag 0xc5e11286df218556, request 2515): already free/graced/quarantined — the double-release lineage, surfaced on the authority's own tripwire
[2026-09-06T01:57:24Z ERROR squeezefs::meta_ship::publish] S9: the authority refused 1 shipped free(s) (vol_tag 0xc5e11286df218556, request 2520): already free/graced/quarantined — the double-release lineage, surfaced on the authority's own tripwire
[2026-09-06T01:57:25Z ERROR squeezefs::meta_ship::publish] S9: the authority refused 1 shipped free(s) (vol_tag 0xc5e11286df218556, request 2523): already free/graced/quarantined — the double-release lineage, surfaced on the authority's own tripwire
[2026-09-06T01:58:04Z ERROR fuse3::raw::connection::fuse_over_uring] transport payload lease held 1279 ms (≥ 1 s) — overlong handler invocation or a §5.4 severance escape; watch transport_lease_overlong / transport_parked_commits
[2026-09-06T01:58:04Z ERROR fuse3::raw::connection::fuse_over_uring] transport payload lease held 1320 ms (≥ 1 s) — overlong handler invocation or a §5.4 severance escape; watch transport_lease_overlong / transport_parked_commits
[2026-09-06T01:58:04Z ERROR fuse3::raw::connection::fuse_over_uring] transport payload lease held 1347 ms (≥ 1 s) — overlong handler invocation or a §5.4 severance escape; watch transport_lease_overlong / transport_parked_commits
[2026-09-06T01:58:06Z ERROR squeezefs::meta_ship::publish] S9: the authority refused 1 shipped free(s) (vol_tag 0xc5e11286df218556, request 2535): already free/graced/quarantined — the double-release lineage, surfaced on the authority's own tripwire
[2026-09-06T01:58:06Z ERROR squeezefs::meta_ship::publish] S9: the authority refused 1 shipped free(s) (vol_tag 0xc5e11286df218556, request 2539): already free/graced/quarantined — the double-release lineage, surfaced on the authority's own tripwire
[2026-09-06T01:58:06Z ERROR squeezefs::meta_ship::publish] S9: the authority refused 1 shipped free(s) (vol_tag 0xc5e11286df218556, request 2544): already free/graced/quarantined — the double-release lineage, surfaced on the authority's own tripwire
[2026-09-06T01:58:06Z ERROR squeezefs::meta_ship::publish] S9: the authority refused 1 shipped free(s) (vol_tag 0xc5e11286df218556, request 2548): already free/graced/quarantined — the double-release lineage, surfaced on the authority's own tripwire
[2026-09-06T01:58:06Z ERROR squeezefs::meta_ship::publish] S9: the authority refused 1 shipped free(s) (vol_tag 0xc5e11286df218556, request 2552): already free/graced/quarantined — the double-release lineage, surfaced on the authority's own tripwire
[2026-09-06T01:58:06Z ERROR squeezefs::meta_ship::publish] S9: the authority refused 1 shipped free(s) (vol_tag 0xc5e11286df218556, request 2556): already free/graced/quarantined — the double-release lineage, surfaced on the authority's own tripwire
[2026-09-06T01:58:06Z ERROR squeezefs::meta_ship::publish] S9: the authority refused 1 shipped free(s) (vol_tag 0xc5e11286df218556, request 2560): already free/graced/quarantined — the double-release lineage, surfaced on the authority's own tripwire
[2026-09-06T01:58:06Z ERROR squeezefs::meta_ship::publish] S9: the authority refused 1 shipped free(s) (vol_tag 0xc5e11286df218556, request 2564): already free/graced/quarantined — the double-release lineage, surfaced on the authority's own tripwire
[2026-09-06T01:58:06Z ERROR squeezefs::meta_ship::publish] S9: the authority refused 1 shipped free(s) (vol_tag 0xc5e11286df218556, request 2568): already free/graced/quarantined — the double-release lineage, surfaced on the authority's own tripwire
[2026-09-06T01:58:06Z ERROR squeezefs::meta_ship::publish] S9: the authority refused 1 shipped free(s) (vol_tag 0xc5e11286df218556, request 2574): already free/graced/quarantined — the double-release lineage, surfaced on the authority's own tripwire
[2026-09-06T01:58:06Z ERROR squeezefs::meta_ship::publish] S9: the authority refused 1 shipped free(s) (vol_tag 0xc5e11286df218556, request 2575): already free/graced/quarantined — the double-release lineage, surfaced on the authority's own tripwire
[2026-09-06T01:58:07Z ERROR squeezefs::meta_ship::publish] S9: the authority refused 1 shipped free(s) (vol_tag 0xc5e11286df218556, request 2582): already free/graced/quarantined — the double-release lineage, surfaced on the authority's own tripwire
[2026-09-06T01:58:07Z ERROR squeezefs::meta_ship::publish] S9: the authority refused 1 shipped free(s) (vol_tag 0xc5e11286df218556, request 2591): already free/graced/quarantined — the double-release lineage, surfaced on the authority's own tripwire
[2026-09-06T01:58:17Z ERROR squeezefs::block_allocator] I/O error: data volume 'nvme4n1' full: 8178 of 8192 blocks allocated — lane 1 of 16 is exhausted while 0 free block(s) belong to lanes this mount does not own (alloc_lane_enospc_refusals; reach them by adopting a lane whose holder is proven dead, or grow the volume set — docs/operations.md §Multi-writer capacity planning)
[2026-09-06T01:58:18Z ERROR squeezefs::block_allocator] I/O error: data volume 'nvme4n1' full: 8178 of 8192 blocks allocated — lane 1 of 16 is exhausted while 0 free block(s) belong to lanes this mount does not own (alloc_lane_enospc_refusals; reach them by adopting a lane whose holder is proven dead, or grow the volume set — docs/operations.md §Multi-writer capacity planning)
[2026-09-06T01:58:18Z ERROR squeezefs::block_allocator] bounded allocation refusing StorageFull after 1030 ms parked with 0 offset(s) still in grace locally (lane harvest horizon 10065 ms): the pressure deadline never fenced within the wall backstop (1000 ms). The refusal is honest and terminal for this write; investigate the membership plane (finding 29)
[2026-09-06T01:58:18Z ERROR squeezefs::block_allocator] bounded allocation refusing StorageFull after 1031 ms parked with 0 offset(s) still in grace locally (lane harvest horizon 10065 ms): the pressure deadline never fenced within the wall backstop (1000 ms). The refusal is honest and terminal for this write; investigate the membership plane (finding 29)
[2026-09-06T01:58:18Z ERROR squeezefs::block_allocator] bounded allocation refusing StorageFull after 1027 ms parked with 0 offset(s) still in grace locally (lane harvest horizon 10065 ms): the pressure deadline never fenced within the wall backstop (1000 ms). The refusal is honest and terminal for this write; investigate the membership plane (finding 29)
[2026-09-06T01:58:18Z ERROR squeezefs::block_allocator] bounded allocation refusing StorageFull after 1035 ms parked with 0 offset(s) still in grace locally (lane harvest horizon 10070 ms): the pressure deadline never fenced within the wall backstop (1000 ms). The refusal is honest and terminal for this write; investigate the membership plane (finding 29)
[2026-09-06T01:58:18Z ERROR squeezefs::block_allocator] bounded allocation refusing StorageFull after 1034 ms parked with 0 offset(s) still in grace locally (lane harvest horizon 10070 ms): the pressure deadline never fenced within the wall backstop (1000 ms). The refusal is honest and terminal for this write; investigate the membership plane (finding 29)
[2026-09-06T01:58:18Z ERROR squeezefs::block_allocator] bounded allocation refusing StorageFull after 1021 ms parked with 0 offset(s) still in grace locally (lane harvest horizon 10077 ms): the pressure deadline never fenced within the wall backstop (1000 ms). The refusal is honest and terminal for this write; investigate the membership plane (finding 29)
[2026-09-06T01:58:18Z ERROR squeezefs::block_allocator] bounded allocation refusing StorageFull after 1021 ms parked with 0 offset(s) still in grace locally (lane harvest horizon 10077 ms): the pressure deadline never fenced within the wall backstop (1000 ms). The refusal is honest and terminal for this write; investigate the membership plane (finding 29)
[2026-09-06T01:58:18Z ERROR squeezefs::block_allocator] bounded allocation refusing StorageFull after 1022 ms parked with 0 offset(s) still in grace locally (lane harvest horizon 10080 ms): the pressure deadline never fenced within the wall backstop (1000 ms). The refusal is honest and terminal for this write; investigate the membership plane (finding 29)
[2026-09-06T01:58:18Z ERROR squeezefs::block_allocator] bounded allocation refusing StorageFull after 1030 ms parked with 0 offset(s) still in grace locally (lane harvest horizon 10082 ms): the pressure deadline never fenced within the wall backstop (1000 ms). The refusal is honest and terminal for this write; investigate the membership plane (finding 29)
[2026-09-06T01:58:18Z ERROR fuse3::raw::connection::fuse_over_uring] transport payload lease held 1032 ms (≥ 1 s) — overlong handler invocation or a §5.4 severance escape; watch transport_lease_overlong / transport_parked_commits
[2026-09-06T01:58:18Z ERROR squeezefs::block_allocator] bounded allocation refusing StorageFull after 1025 ms parked with 0 offset(s) still in grace locally (lane harvest horizon 10099 ms): the pressure deadline never fenced within the wall backstop (1000 ms). The refusal is honest and terminal for this write; investigate the membership plane (finding 29)
[2026-09-06T01:58:18Z ERROR squeezefs::block_allocator] bounded allocation refusing StorageFull after 1029 ms parked with 0 offset(s) still in grace locally (lane harvest horizon 10116 ms): the pressure deadline never fenced within the wall backstop (1000 ms). The refusal is honest and terminal for this write; investigate the membership plane (finding 29)
[2026-09-06T01:58:18Z ERROR squeezefs::block_allocator] bounded allocation refusing StorageFull after 1020 ms parked with 0 offset(s) still in grace locally (lane harvest horizon 10230 ms): the pressure deadline never fenced within the wall backstop (1000 ms). The refusal is honest and terminal for this write; investigate the membership plane (finding 29)
[2026-09-06T01:58:19Z ERROR squeezefs::block_allocator] I/O error: data volume 'nvme4n1' full: 8178 of 8192 blocks allocated — lane 1 of 16 is exhausted while 0 free block(s) belong to lanes this mount does not own (alloc_lane_enospc_refusals; reach them by adopting a lane whose holder is proven dead, or grow the volume set — docs/operations.md §Multi-writer capacity planning)
[2026-09-06T01:58:19Z ERROR squeezefs::block_allocator] bounded allocation refusing StorageFull after 1011 ms parked with 0 offset(s) still in grace locally (lane harvest horizon 9078 ms): the pressure deadline never fenced within the wall backstop (1000 ms). The refusal is honest and terminal for this write; investigate the membership plane (finding 29)
[2026-09-06T01:58:19Z ERROR squeezefs::block_allocator] bounded allocation refusing StorageFull after 1014 ms parked with 0 offset(s) still in grace locally (lane harvest horizon 9082 ms): the pressure deadline never fenced within the wall backstop (1000 ms). The refusal is honest and terminal for this write; investigate the membership plane (finding 29)
[2026-09-06T01:58:19Z ERROR squeezefs::block_allocator] bounded allocation refusing StorageFull after 1014 ms parked with 0 offset(s) still in grace locally (lane harvest horizon 9082 ms): the pressure deadline never fenced within the wall backstop (1000 ms). The refusal is honest and terminal for this write; investigate the membership plane (finding 29)
[2026-09-06T01:58:19Z ERROR squeezefs::block_allocator] bounded allocation refusing StorageFull after 1014 ms parked with 0 offset(s) still in grace locally (lane harvest horizon 9083 ms): the pressure deadline never fenced within the wall backstop (1000 ms). The refusal is honest and terminal for this write; investigate the membership plane (finding 29)
[2026-09-06T01:58:19Z ERROR squeezefs::block_allocator] bounded allocation refusing StorageFull after 1014 ms parked with 0 offset(s) still in grace locally (lane harvest horizon 9083 ms): the pressure deadline never fenced within the wall backstop (1000 ms). The refusal is honest and terminal for this write; investigate the membership plane (finding 29)
[2026-09-06T01:58:19Z ERROR squeezefs::block_allocator] bounded allocation refusing StorageFull after 1010 ms parked with 0 offset(s) still in grace locally (lane harvest horizon 9083 ms): the pressure deadline never fenced within the wall backstop (1000 ms). The refusal is honest and terminal for this write; investigate the membership plane (finding 29)
[2026-09-06T01:58:19Z ERROR squeezefs::block_allocator] bounded allocation refusing StorageFull after 1010 ms parked with 0 offset(s) still in grace locally (lane harvest horizon 9083 ms): the pressure deadline never fenced within the wall backstop (1000 ms). The refusal is honest and terminal for this write; investigate the membership plane (finding 29)
[2026-09-06T01:58:19Z ERROR squeezefs::block_allocator] bounded allocation refusing StorageFull after 1015 ms parked with 0 offset(s) still in grace locally (lane harvest horizon 9093 ms): the pressure deadline never fenced within the wall backstop (1000 ms). The refusal is honest and terminal for this write; investigate the membership plane (finding 29)
[2026-09-06T01:58:19Z ERROR squeezefs::block_allocator] bounded allocation refusing StorageFull after 1017 ms parked with 0 offset(s) still in grace locally (lane harvest horizon 9093 ms): the pressure deadline never fenced within the wall backstop (1000 ms). The refusal is honest and terminal for this write; investigate the membership plane (finding 29)
[2026-09-06T01:58:19Z WARN  squeezefs::routing] rewrite epoch close for ino 2 failed transiently (Io(Custom { kind: StorageFull, error: "I/O error: data volume 'nvme4n1' full: 8178 of 8192 blocks allocated — lane 1 of 16 is exhausted while 0 free block(s) belong to lanes this mount does not own (alloc_lane_enospc_refusals; reach them by adopting a lane whose holder is proven dead, or grow the volume set — docs/operations.md §Multi-writer capacity planning)" })); the epoch stays registered (never-lossy) — the next close trigger retries
[2026-09-06T01:58:19Z ERROR squeezefs::block_allocator] bounded allocation refusing StorageFull after 1018 ms parked with 0 offset(s) still in grace locally (lane harvest horizon 9095 ms): the pressure deadline never fenced within the wall backstop (1000 ms). The refusal is honest and terminal for this write; investigate the membership plane (finding 29)
[2026-09-06T01:58:19Z ERROR squeezefs::block_allocator] bounded allocation refusing StorageFull after 1014 ms parked with 0 offset(s) still in grace locally (lane harvest horizon 9095 ms): the pressure deadline never fenced within the wall backstop (1000 ms). The refusal is honest and terminal for this write; investigate the membership plane (finding 29)
[2026-09-06T01:58:19Z ERROR fuse3::raw::connection::fuse_over_uring] transport payload lease held 1013 ms (≥ 1 s) — overlong handler invocation or a §5.4 severance escape; watch transport_lease_overlong / transport_parked_commits
[2026-09-06T01:58:19Z ERROR squeezefs::block_allocator] bounded allocation refusing StorageFull after 1017 ms parked with 0 offset(s) still in grace locally (lane harvest horizon 9099 ms): the pressure deadline never fenced within the wall backstop (1000 ms). The refusal is honest and terminal for this write; investigate the membership plane (finding 29)
[2026-09-06T01:58:19Z ERROR squeezefs::block_allocator] bounded allocation refusing StorageFull after 1019 ms parked with 0 offset(s) still in grace locally (lane harvest horizon 9102 ms): the pressure deadline never fenced within the wall backstop (1000 ms). The refusal is honest and terminal for this write; investigate the membership plane (finding 29)
[2026-09-06T01:58:19Z ERROR squeezefs::block_allocator] bounded allocation refusing StorageFull after 1014 ms parked with 0 offset(s) still in grace locally (lane harvest horizon 9114 ms): the pressure deadline never fenced within the wall backstop (1000 ms). The refusal is honest and terminal for this write; investigate the membership plane (finding 29)
[2026-09-06T01:58:19Z ERROR squeezefs::block_allocator] bounded allocation refusing StorageFull after 1020 ms parked with 0 offset(s) still in grace locally (lane harvest horizon 9119 ms): the pressure deadline never fenced within the wall backstop (1000 ms). The refusal is honest and terminal for this write; investigate the membership plane (finding 29)
[2026-09-06T01:58:19Z ERROR squeezefs::block_allocator] bounded allocation refusing StorageFull after 1015 ms parked with 0 offset(s) still in grace locally (lane harvest horizon 9133 ms): the pressure deadline never fenced within the wall backstop (1000 ms). The refusal is honest and terminal for this write; investigate the membership plane (finding 29)
[2026-09-06T01:58:19Z ERROR squeezefs::block_allocator] bounded allocation refusing StorageFull after 1014 ms parked with 0 offset(s) still in grace locally (lane harvest horizon 9133 ms): the pressure deadline never fenced within the wall backstop (1000 ms). The refusal is honest and terminal for this write; investigate the membership plane (finding 29)
[2026-09-06T01:58:19Z ERROR squeezefs::block_allocator] bounded allocation refusing StorageFull after 1010 ms parked with 0 offset(s) still in grace locally (lane harvest horizon 9243 ms): the pressure deadline never fenced within the wall backstop (1000 ms). The refusal is honest and terminal for this write; investigate the membership plane (finding 29)
[2026-09-06T01:58:19Z ERROR squeezefs::block_allocator] bounded allocation refusing StorageFull after 1012 ms parked with 0 offset(s) still in grace locally (lane harvest horizon 9245 ms): the pressure deadline never fenced within the wall backstop (1000 ms). The refusal is honest and terminal for this write; investigate the membership plane (finding 29)
[2026-09-06T01:58:19Z ERROR squeezefs::block_allocator] bounded allocation refusing StorageFull after 1012 ms parked with 0 offset(s) still in grace locally (lane harvest horizon 9246 ms): the pressure deadline never fenced within the wall backstop (1000 ms). The refusal is honest and terminal for this write; investigate the membership plane (finding 29)
[2026-09-06T01:58:19Z ERROR squeezefs::block_allocator] bounded allocation refusing StorageFull after 1014 ms parked with 0 offset(s) still in grace locally (lane harvest horizon 9247 ms): the pressure deadline never fenced within the wall backstop (1000 ms). The refusal is honest and terminal for this write; investigate the membership plane (finding 29)
[2026-09-06T01:58:19Z ERROR squeezefs::block_allocator] bounded allocation refusing StorageFull after 1011 ms parked with 0 offset(s) still in grace locally (lane harvest horizon 9247 ms): the pressure deadline never fenced within the wall backstop (1000 ms). The refusal is honest and terminal for this write; investigate the membership plane (finding 29)
[2026-09-06T01:58:19Z ERROR squeezefs::block_allocator] bounded allocation refusing StorageFull after 1015 ms parked with 0 offset(s) still in grace locally (lane harvest horizon 9249 ms): the pressure deadline never fenced within the wall backstop (1000 ms). The refusal is honest and terminal for this write; investigate the membership plane (finding 29)
[2026-09-06T01:58:19Z ERROR squeezefs::block_allocator] bounded allocation refusing StorageFull after 1016 ms parked with 0 offset(s) still in grace locally (lane harvest horizon 9249 ms): the pressure deadline never fenced within the wall backstop (1000 ms). The refusal is honest and terminal for this write; investigate the membership plane (finding 29)
[2026-09-06T01:58:19Z ERROR squeezefs::block_allocator] bounded allocation refusing StorageFull after 1014 ms parked with 0 offset(s) still in grace locally (lane harvest horizon 9250 ms): the pressure deadline never fenced within the wall backstop (1000 ms). The refusal is honest and terminal for this write; investigate the membership plane (finding 29)
[2026-09-06T01:58:19Z ERROR squeezefs::block_allocator] bounded allocation refusing StorageFull after 1014 ms parked with 0 offset(s) still in grace locally (lane harvest horizon 9250 ms): the pressure deadline never fenced within the wall backstop (1000 ms). The refusal is honest and terminal for this write; investigate the membership plane (finding 29)
[2026-09-06T01:58:19Z ERROR squeezefs::block_allocator] bounded allocation refusing StorageFull after 1018 ms parked with 0 offset(s) still in grace locally (lane harvest horizon 9252 ms): the pressure deadline never fenced within the wall backstop (1000 ms). The refusal is honest and terminal for this write; investigate the membership plane (finding 29)
[2026-09-06T01:58:19Z ERROR squeezefs::block_allocator] bounded allocation refusing StorageFull after 1018 ms parked with 0 offset(s) still in grace locally (lane harvest horizon 9252 ms): the pressure deadline never fenced within the wall backstop (1000 ms). The refusal is honest and terminal for this write; investigate the membership plane (finding 29)
[2026-09-06T01:58:19Z ERROR squeezefs::block_allocator] bounded allocation refusing StorageFull after 1015 ms parked with 0 offset(s) still in grace locally (lane harvest horizon 9252 ms): the pressure deadline never fenced within the wall backstop (1000 ms). The refusal is honest and terminal for this write; investigate the membership plane (finding 29)
[2026-09-06T01:58:19Z ERROR squeezefs::block_allocator] bounded allocation refusing StorageFull after 1020 ms parked with 0 offset(s) still in grace locally (lane harvest horizon 9254 ms): the pressure deadline never fenced within the wall backstop (1000 ms). The refusal is honest and terminal for this write; investigate the membership plane (finding 29)
[2026-09-06T01:58:19Z ERROR squeezefs::block_allocator] bounded allocation refusing StorageFull after 1021 ms parked with 0 offset(s) still in grace locally (lane harvest horizon 9256 ms): the pressure deadline never fenced within the wall backstop (1000 ms). The refusal is honest and terminal for this write; investigate the membership plane (finding 29)
[2026-09-06T01:58:19Z ERROR squeezefs::block_allocator] bounded allocation refusing StorageFull after 1019 ms parked with 0 offset(s) still in grace locally (lane harvest horizon 9256 ms): the pressure deadline never fenced within the wall backstop (1000 ms). The refusal is honest and terminal for this write; investigate the membership plane (finding 29)
[2026-09-06T01:58:19Z ERROR squeezefs::block_allocator] bounded allocation refusing StorageFull after 1020 ms parked with 0 offset(s) still in grace locally (lane harvest horizon 9256 ms): the pressure deadline never fenced within the wall backstop (1000 ms). The refusal is honest and terminal for this write; investigate the membership plane (finding 29)
[2026-09-06T01:58:19Z ERROR squeezefs::block_allocator] bounded allocation refusing StorageFull after 1020 ms parked with 0 offset(s) still in grace locally (lane harvest horizon 9257 ms): the pressure deadline never fenced within the wall backstop (1000 ms). The refusal is honest and terminal for this write; investigate the membership plane (finding 29)
[2026-09-06T01:58:19Z ERROR squeezefs::block_allocator] bounded allocation refusing StorageFull after 1021 ms parked with 0 offset(s) still in grace locally (lane harvest horizon 9257 ms): the pressure deadline never fenced within the wall backstop (1000 ms). The refusal is honest and terminal for this write; investigate the membership plane (finding 29)
[2026-09-06T01:58:19Z ERROR squeezefs::block_allocator] bounded allocation refusing StorageFull after 1020 ms parked with 0 offset(s) still in grace locally (lane harvest horizon 9257 ms): the pressure deadline never fenced within the wall backstop (1000 ms). The refusal is honest and terminal for this write; investigate the membership plane (finding 29)
[2026-09-06T01:58:20Z ERROR squeezefs::block_allocator] I/O error: data volume 'nvme4n1' full: 8178 of 8192 blocks allocated — lane 1 of 16 is exhausted while 0 free block(s) belong to lanes this mount does not own (alloc_lane_enospc_refusals; reach them by adopting a lane whose holder is proven dead, or grow the volume set — docs/operations.md §Multi-writer capacity planning)
[2026-09-06T01:58:20Z ERROR squeezefs::block_allocator] bounded allocation refusing StorageFull after 1014 ms parked with 0 offset(s) still in grace locally (lane harvest horizon 9097 ms): the pressure deadline never fenced within the wall backstop (1000 ms). The refusal is honest and terminal for this write; investigate the membership plane (finding 29)
[2026-09-06T01:58:20Z WARN  squeezefs::fuse_client] write-through failed for ino 2 block 1275 (Io(Custom { kind: StorageFull, error: "I/O error: data volume 'nvme4n1' full: 8178 of 8192 blocks allocated — lane 1 of 16 is exhausted while 0 free block(s) belong to lanes this mount does not own (alloc_lane_enospc_refusals; reach them by adopting a lane whose holder is proven dead, or grow the volume set — docs/operations.md §Multi-writer capacity planning)" })); falling back to staging
[2026-09-06T01:58:20Z ERROR squeezefs::block_allocator] bounded allocation refusing StorageFull after 1015 ms parked with 0 offset(s) still in grace locally (lane harvest horizon 9099 ms): the pressure deadline never fenced within the wall backstop (1000 ms). The refusal is honest and terminal for this write; investigate the membership plane (finding 29)
[2026-09-06T01:58:20Z WARN  squeezefs::fuse_client] write-through failed for ino 2 block 1403 (Io(Custom { kind: StorageFull, error: "I/O error: data volume 'nvme4n1' full: 8178 of 8192 blocks allocated — lane 1 of 16 is exhausted while 0 free block(s) belong to lanes this mount does not own (alloc_lane_enospc_refusals; reach them by adopting a lane whose holder is proven dead, or grow the volume set — docs/operations.md §Multi-writer capacity planning)" })); falling back to staging
[2026-09-06T01:58:20Z ERROR squeezefs::block_allocator] bounded allocation refusing StorageFull after 1015 ms parked with 0 offset(s) still in grace locally (lane harvest horizon 9099 ms): the pressure deadline never fenced within the wall backstop (1000 ms). The refusal is honest and terminal for this write; investigate the membership plane (finding 29)
[2026-09-06T01:58:20Z WARN  squeezefs::fuse_client] write-through failed for ino 2 block 1402 (Io(Custom { kind: StorageFull, error: "I/O error: data volume 'nvme4n1' full: 8178 of 8192 blocks allocated — lane 1 of 16 is exhausted while 0 free block(s) belong to lanes this mount does not own (alloc_lane_enospc_refusals; reach them by adopting a lane whose holder is proven dead, or grow the volume set — docs/operations.md §Multi-writer capacity planning)" })); falling back to staging
[2026-09-06T01:58:20Z ERROR squeezefs::block_allocator] bounded allocation refusing StorageFull after 1015 ms parked with 0 offset(s) still in grace locally (lane harvest horizon 9099 ms): the pressure deadline never fenced within the wall backstop (1000 ms). The refusal is honest and terminal for this write; investigate the membership plane (finding 29)
[2026-09-06T01:58:20Z WARN  squeezefs::fuse_client] write-through failed for ino 2 block 1211 (Io(Custom { kind: StorageFull, error: "I/O error: data volume 'nvme4n1' full: 8178 of 8192 blocks allocated — lane 1 of 16 is exhausted while 0 free block(s) belong to lanes this mount does not own (alloc_lane_enospc_refusals; reach them by adopting a lane whose holder is proven dead, or grow the volume set — docs/operations.md §Multi-writer capacity planning)" })); falling back to staging
[2026-09-06T01:58:20Z ERROR squeezefs::block_allocator] bounded allocation refusing StorageFull after 1019 ms parked with 0 offset(s) still in grace locally (lane harvest horizon 9104 ms): the pressure deadline never fenced within the wall backstop (1000 ms). The refusal is honest and terminal for this write; investigate the membership plane (finding 29)
[2026-09-06T01:58:20Z ERROR squeezefs::block_allocator] bounded allocation refusing StorageFull after 1019 ms parked with 0 offset(s) still in grace locally (lane harvest horizon 9104 ms): the pressure deadline never fenced within the wall backstop (1000 ms). The refusal is honest and terminal for this write; investigate the membership plane (finding 29)
[2026-09-06T01:58:20Z WARN  squeezefs::fuse_client] write-through failed for ino 2 block 1243 (Io(Custom { kind: StorageFull, error: "I/O error: data volume 'nvme4n1' full: 8178 of 8192 blocks allocated — lane 1 of 16 is exhausted while 0 free block(s) belong to lanes this mount does not own (alloc_lane_enospc_refusals; reach them by adopting a lane whose holder is proven dead, or grow the volume set — docs/operations.md §Multi-writer capacity planning)" })); falling back to staging
[2026-09-06T01:58:20Z ERROR squeezefs::block_allocator] bounded allocation refusing StorageFull after 1019 ms parked with 0 offset(s) still in grace locally (lane harvest horizon 9107 ms): the pressure deadline never fenced within the wall backstop (1000 ms). The refusal is honest and terminal for this write; investigate the membership plane (finding 29)
[2026-09-06T01:58:20Z ERROR squeezefs::block_allocator] bounded allocation refusing StorageFull after 1029 ms parked with 0 offset(s) still in grace locally (lane harvest horizon 9137 ms): the pressure deadline never fenced within the wall backstop (1000 ms). The refusal is honest and terminal for this write; investigate the membership plane (finding 29)
[2026-09-06T01:58:20Z WARN  squeezefs::fuse_client] write-through failed for ino 2 block 1465 (Io(Custom { kind: StorageFull, error: "I/O error: data volume 'nvme4n1' full: 8178 of 8192 blocks allocated — lane 1 of 16 is exhausted while 0 free block(s) belong to lanes this mount does not own (alloc_lane_enospc_refusals; reach them by adopting a lane whose holder is proven dead, or grow the volume set — docs/operations.md §Multi-writer capacity planning)" })); falling back to staging
[2026-09-06T01:58:20Z ERROR squeezefs::block_allocator] bounded allocation refusing StorageFull after 1027 ms parked with 0 offset(s) still in grace locally (lane harvest horizon 9132 ms): the pressure deadline never fenced within the wall backstop (1000 ms). The refusal is honest and terminal for this write; investigate the membership plane (finding 29)
[2026-09-06T01:58:20Z WARN  squeezefs::routing] rewrite epoch close for ino 2 failed transiently (Io(Custom { kind: StorageFull, error: "I/O error: data volume 'nvme4n1' full: 8178 of 8192 blocks allocated — lane 1 of 16 is exhausted while 0 free block(s) belong to lanes this mount does not own (alloc_lane_enospc_refusals; reach them by adopting a lane whose holder is proven dead, or grow the volume set — docs/operations.md §Multi-writer capacity planning)" })); the epoch stays registered (never-lossy) — the next close trigger retries
[2026-09-06T01:58:20Z ERROR squeezefs::block_allocator] bounded allocation refusing StorageFull after 1027 ms parked with 0 offset(s) still in grace locally (lane harvest horizon 9138 ms): the pressure deadline never fenced within the wall backstop (1000 ms). The refusal is honest and terminal for this write; investigate the membership plane (finding 29)
[2026-09-06T01:58:20Z ERROR squeezefs::block_allocator] bounded allocation refusing StorageFull after 1028 ms parked with 0 offset(s) still in grace locally (lane harvest horizon 9138 ms): the pressure deadline never fenced within the wall backstop (1000 ms). The refusal is honest and terminal for this write; investigate the membership plane (finding 29)
[2026-09-06T01:58:20Z ERROR squeezefs::block_allocator] bounded allocation refusing StorageFull after 1019 ms parked with 0 offset(s) still in grace locally (lane harvest horizon 9135 ms): the pressure deadline never fenced within the wall backstop (1000 ms). The refusal is honest and terminal for this write; investigate the membership plane (finding 29)
[2026-09-06T01:58:20Z WARN  squeezefs::fuse_client] write-through failed for ino 2 block 1497 (Io(Custom { kind: StorageFull, error: "I/O error: data volume 'nvme4n1' full: 8178 of 8192 blocks allocated — lane 1 of 16 is exhausted while 0 free block(s) belong to lanes this mount does not own (alloc_lane_enospc_refusals; reach them by adopting a lane whose holder is proven dead, or grow the volume set — docs/operations.md §Multi-writer capacity planning)" })); falling back to staging
[2026-09-06T01:58:20Z ERROR squeezefs::block_allocator] bounded allocation refusing StorageFull after 1040 ms parked with 0 offset(s) still in grace locally (lane harvest horizon 9139 ms): the pressure deadline never fenced within the wall backstop (1000 ms). The refusal is honest and terminal for this write; investigate the membership plane (finding 29)
[2026-09-06T01:58:20Z WARN  squeezefs::fuse_client] write-through failed for ino 2 block 1434 (Io(Custom { kind: StorageFull, error: "I/O error: data volume 'nvme4n1' full: 8178 of 8192 blocks allocated — lane 1 of 16 is exhausted while 0 free block(s) belong to lanes this mount does not own (alloc_lane_enospc_refusals; reach them by adopting a lane whose holder is proven dead, or grow the volume set — docs/operations.md §Multi-writer capacity planning)" })); falling back to staging
[2026-09-06T01:58:20Z ERROR fuse3::raw::connection::fuse_over_uring] transport payload lease held 1031 ms (≥ 1 s) — overlong handler invocation or a §5.4 severance escape; watch transport_lease_overlong / transport_parked_commits
[2026-09-06T01:58:20Z ERROR squeezefs::block_allocator] bounded allocation refusing StorageFull after 1027 ms parked with 0 offset(s) still in grace locally (lane harvest horizon 9161 ms): the pressure deadline never fenced within the wall backstop (1000 ms). The refusal is honest and terminal for this write; investigate the membership plane (finding 29)
[2026-09-06T01:58:20Z WARN  squeezefs::fuse_client] write-through failed for ino 2 block 1498 (Io(Custom { kind: StorageFull, error: "I/O error: data volume 'nvme4n1' full: 8178 of 8192 blocks allocated — lane 1 of 16 is exhausted while 0 free block(s) belong to lanes this mount does not own (alloc_lane_enospc_refusals; reach them by adopting a lane whose holder is proven dead, or grow the volume set — docs/operations.md §Multi-writer capacity planning)" })); falling back to staging
[2026-09-06T01:58:20Z ERROR squeezefs::block_allocator] bounded allocation refusing StorageFull after 1002 ms parked with 0 offset(s) still in grace locally (lane harvest horizon 9259 ms): the pressure deadline never fenced within the wall backstop (1000 ms). The refusal is honest and terminal for this write; investigate the membership plane (finding 29)
[2026-09-06T01:58:20Z ERROR squeezefs::block_allocator] bounded allocation refusing StorageFull after 1015 ms parked with 0 offset(s) still in grace locally (lane harvest horizon 9264 ms): the pressure deadline never fenced within the wall backstop (1000 ms). The refusal is honest and terminal for this write; investigate the membership plane (finding 29)
[2026-09-06T01:58:20Z WARN  squeezefs::fuse_client] write-through failed for ino 2 block 1529 (Io(Custom { kind: StorageFull, error: "I/O error: data volume 'nvme4n1' full: 8178 of 8192 blocks allocated — lane 1 of 16 is exhausted while 0 free block(s) belong to lanes this mount does not own (alloc_lane_enospc_refusals; reach them by adopting a lane whose holder is proven dead, or grow the volume set — docs/operations.md §Multi-writer capacity planning)" })); falling back to staging
[2026-09-06T01:58:20Z ERROR squeezefs::block_allocator] bounded allocation refusing StorageFull after 1028 ms parked with 0 offset(s) still in grace locally (lane harvest horizon 9284 ms): the pressure deadline never fenced within the wall backstop (1000 ms). The refusal is honest and terminal for this write; investigate the membership plane (finding 29)
[2026-09-06T01:58:20Z ERROR squeezefs::block_allocator] bounded allocation refusing StorageFull after 1039 ms parked with 0 offset(s) still in grace locally (lane harvest horizon 9284 ms): the pressure deadline never fenced within the wall backstop (1000 ms). The refusal is honest and terminal for this write; investigate the membership plane (finding 29)
[2026-09-06T01:58:20Z WARN  squeezefs::fuse_client] write-through failed for ino 2 block 1435 (Io(Custom { kind: StorageFull, error: "I/O error: data volume 'nvme4n1' full: 8178 of 8192 blocks allocated — lane 1 of 16 is exhausted while 0 free block(s) belong to lanes this mount does not own (alloc_lane_enospc_refusals; reach them by adopting a lane whose holder is proven dead, or grow the volume set — docs/operations.md §Multi-writer capacity planning)" })); falling back to staging
[2026-09-06T01:58:20Z ERROR fuse3::raw::connection::fuse_over_uring] transport payload lease held 1022 ms (≥ 1 s) — overlong handler invocation or a §5.4 severance escape; watch transport_lease_overlong / transport_parked_commits
[2026-09-06T01:58:20Z ERROR squeezefs::block_allocator] bounded allocation refusing StorageFull after 1025 ms parked with 0 offset(s) still in grace locally (lane harvest horizon 9288 ms): the pressure deadline never fenced within the wall backstop (1000 ms). The refusal is honest and terminal for this write; investigate the membership plane (finding 29)
[2026-09-06T01:58:20Z ERROR fuse3::raw::connection::fuse_over_uring] transport payload lease held 1025 ms (≥ 1 s) — overlong handler invocation or a §5.4 severance escape; watch transport_lease_overlong / transport_parked_commits
[2026-09-06T01:58:20Z ERROR squeezefs::block_allocator] bounded allocation refusing StorageFull after 1043 ms parked with 0 offset(s) still in grace locally (lane harvest horizon 9294 ms): the pressure deadline never fenced within the wall backstop (1000 ms). The refusal is honest and terminal for this write; investigate the membership plane (finding 29)
[2026-09-06T01:58:20Z ERROR squeezefs::block_allocator] bounded allocation refusing StorageFull after 1041 ms parked with 0 offset(s) still in grace locally (lane harvest horizon 9296 ms): the pressure deadline never fenced within the wall backstop (1000 ms). The refusal is honest and terminal for this write; investigate the membership plane (finding 29)
[2026-09-06T01:58:20Z ERROR squeezefs::block_allocator] bounded allocation refusing StorageFull after 1046 ms parked with 0 offset(s) still in grace locally (lane harvest horizon 9303 ms): the pressure deadline never fenced within the wall backstop (1000 ms). The refusal is honest and terminal for this write; investigate the membership plane (finding 29)
[2026-09-06T01:58:20Z ERROR fuse3::raw::connection::fuse_over_uring] transport payload lease held 1047 ms (≥ 1 s) — overlong handler invocation or a §5.4 severance escape; watch transport_lease_overlong / transport_parked_commits
[2026-09-06T01:58:20Z ERROR squeezefs::block_allocator] bounded allocation refusing StorageFull after 1053 ms parked with 0 offset(s) still in grace locally (lane harvest horizon 9312 ms): the pressure deadline never fenced within the wall backstop (1000 ms). The refusal is honest and terminal for this write; investigate the membership plane (finding 29)
[2026-09-06T01:58:20Z ERROR squeezefs::block_allocator] bounded allocation refusing StorageFull after 1052 ms parked with 0 offset(s) still in grace locally (lane harvest horizon 9312 ms): the pressure deadline never fenced within the wall backstop (1000 ms). The refusal is honest and terminal for this write; investigate the membership plane (finding 29)
[2026-09-06T01:58:20Z ERROR squeezefs::block_allocator] bounded allocation refusing StorageFull after 1030 ms parked with 0 offset(s) still in grace locally (lane harvest horizon 9401 ms): the pressure deadline never fenced within the wall backstop (1000 ms). The refusal is honest and terminal for this write; investigate the membership plane (finding 29)
[2026-09-06T01:58:20Z ERROR squeezefs::block_allocator] bounded allocation refusing StorageFull after 1028 ms parked with 0 offset(s) still in grace locally (lane harvest horizon 9386 ms): the pressure deadline never fenced within the wall backstop (1000 ms). The refusal is honest and terminal for this write; investigate the membership plane (finding 29)
[2026-09-06T01:58:20Z ERROR fuse3::raw::connection::fuse_over_uring] transport payload lease held 1120 ms (≥ 1 s) — overlong handler invocation or a §5.4 severance escape; watch transport_lease_overlong / transport_parked_commits
[2026-09-06T01:58:20Z ERROR squeezefs::block_allocator] bounded allocation refusing StorageFull after 1028 ms parked with 0 offset(s) still in grace locally (lane harvest horizon 9406 ms): the pressure deadline never fenced within the wall backstop (1000 ms). The refusal is honest and terminal for this write; investigate the membership plane (finding 29)
[2026-09-06T01:58:20Z ERROR fuse3::raw::connection::fuse_over_uring] transport payload lease held 1127 ms (≥ 1 s) — overlong handler invocation or a §5.4 severance escape; watch transport_lease_overlong / transport_parked_commits
[2026-09-06T01:58:20Z ERROR fuse3::raw::connection::fuse_over_uring] transport payload lease held 1131 ms (≥ 1 s) — overlong handler invocation or a §5.4 severance escape; watch transport_lease_overlong / transport_parked_commits
[2026-09-06T01:58:20Z ERROR fuse3::raw::connection::fuse_over_uring] transport payload lease held 1129 ms (≥ 1 s) — overlong handler invocation or a §5.4 severance escape; watch transport_lease_overlong / transport_parked_commits
[2026-09-06T01:58:20Z ERROR squeezefs::block_allocator] bounded allocation refusing StorageFull after 1033 ms parked with 0 offset(s) still in grace locally (lane harvest horizon 9386 ms): the pressure deadline never fenced within the wall backstop (1000 ms). The refusal is honest and terminal for this write; investigate the membership plane (finding 29)
[2026-09-06T01:58:20Z ERROR squeezefs::block_allocator] bounded allocation refusing StorageFull after 1030 ms parked with 0 offset(s) still in grace locally (lane harvest horizon 9386 ms): the pressure deadline never fenced within the wall backstop (1000 ms). The refusal is honest and terminal for this write; investigate the membership plane (finding 29)
[2026-09-06T01:58:20Z ERROR squeezefs::block_allocator] bounded allocation refusing StorageFull after 1035 ms parked with 0 offset(s) still in grace locally (lane harvest horizon 9387 ms): the pressure deadline never fenced within the wall backstop (1000 ms). The refusal is honest and terminal for this write; investigate the membership plane (finding 29)
[2026-09-06T01:58:20Z ERROR squeezefs::block_allocator] bounded allocation refusing StorageFull after 1037 ms parked with 0 offset(s) still in grace locally (lane harvest horizon 9389 ms): the pressure deadline never fenced within the wall backstop (1000 ms). The refusal is honest and terminal for this write; investigate the membership plane (finding 29)
[2026-09-06T01:58:20Z ERROR squeezefs::block_allocator] bounded allocation refusing StorageFull after 1047 ms parked with 0 offset(s) still in grace locally (lane harvest horizon 9402 ms): the pressure deadline never fenced within the wall backstop (1000 ms). The refusal is honest and terminal for this write; investigate the membership plane (finding 29)
[2026-09-06T01:58:21Z ERROR squeezefs::meta_ship::publish] S9: the authority refused 1 shipped free(s) (vol_tag 0xad7b1d37b0829b08, request 4284): already free/graced/quarantined — the double-release lineage, surfaced on the authority's own tripwire
[2026-09-06T01:58:21Z ERROR squeezefs::meta_ship::publish] S9: the authority refused 1 shipped free(s) (vol_tag 0xad7b1d37b0829b08, request 4288): already free/graced/quarantined — the double-release lineage, surfaced on the authority's own tripwire
[2026-09-06T01:58:21Z ERROR squeezefs::meta_ship::publish] S9: the authority refused 1 shipped free(s) (vol_tag 0xad7b1d37b0829b08, request 4293): already free/graced/quarantined — the double-release lineage, surfaced on the authority's own tripwire
[2026-09-06T01:58:21Z ERROR squeezefs::meta_ship::publish] S9: the authority refused 1 shipped free(s) (vol_tag 0xad7b1d37b0829b08, request 4297): already free/graced/quarantined — the double-release lineage, surfaced on the authority's own tripwire
[2026-09-06T01:58:21Z ERROR squeezefs::meta_ship::publish] S9: the authority refused 1 shipped free(s) (vol_tag 0xad7b1d37b0829b08, request 4301): already free/graced/quarantined — the double-release lineage, surfaced on the authority's own tripwire
[2026-09-06T01:58:21Z ERROR squeezefs::meta_ship::publish] S9: the authority refused 1 shipped free(s) (vol_tag 0xad7b1d37b0829b08, request 4306): already free/graced/quarantined — the double-release lineage, surfaced on the authority's own tripwire
[2026-09-06T01:58:21Z ERROR squeezefs::meta_ship::publish] S9: the authority refused 1 shipped free(s) (vol_tag 0xad7b1d37b0829b08, request 4311): already free/graced/quarantined — the double-release lineage, surfaced on the authority's own tripwire
[2026-09-06T01:58:21Z ERROR squeezefs::meta_ship::publish] S9: the authority refused 1 shipped free(s) (vol_tag 0xad7b1d37b0829b08, request 4315): already free/graced/quarantined — the double-release lineage, surfaced on the authority's own tripwire
[2026-09-06T01:58:22Z ERROR squeezefs::meta_ship::publish] S9: the authority refused 1 shipped free(s) (vol_tag 0xad7b1d37b0829b08, request 4319): already free/graced/quarantined — the double-release lineage, surfaced on the authority's own tripwire
[2026-09-06T01:58:22Z ERROR squeezefs::meta_ship::publish] S9: the authority refused 1 shipped free(s) (vol_tag 0xad7b1d37b0829b08, request 4323): already free/graced/quarantined — the double-release lineage, surfaced on the authority's own tripwire
[2026-09-06T01:58:22Z ERROR squeezefs::meta_ship::publish] S9: the authority refused 1 shipped free(s) (vol_tag 0xad7b1d37b0829b08, request 4327): already free/graced/quarantined — the double-release lineage, surfaced on the authority's own tripwire
[2026-09-06T01:58:22Z ERROR squeezefs::meta_ship::publish] S9: the authority refused 1 shipped free(s) (vol_tag 0xad7b1d37b0829b08, request 4331): already free/graced/quarantined — the double-release lineage, surfaced on the authority's own tripwire
[2026-09-06T01:58:22Z ERROR squeezefs::meta_ship::publish] S9: the authority refused 1 shipped free(s) (vol_tag 0xad7b1d37b0829b08, request 4335): already free/graced/quarantined — the double-release lineage, surfaced on the authority's own tripwire
[2026-09-06T01:58:22Z ERROR squeezefs::meta_ship::publish] S9: the authority refused 1 shipped free(s) (vol_tag 0xad7b1d37b0829b08, request 4339): already free/graced/quarantined — the double-release lineage, surfaced on the authority's own tripwire
[2026-09-06T01:58:22Z ERROR squeezefs::meta_ship::publish] S9: the authority refused 1 shipped free(s) (vol_tag 0xad7b1d37b0829b08, request 4343): already free/graced/quarantined — the double-release lineage, surfaced on the authority's own tripwire
[2026-09-06T01:58:22Z ERROR squeezefs::meta_ship::publish] S9: the authority refused 1 shipped free(s) (vol_tag 0xad7b1d37b0829b08, request 4347): already free/graced/quarantined — the double-release lineage, surfaced on the authority's own tripwire
[2026-09-06T01:58:22Z ERROR squeezefs::meta_ship::publish] S9: the authority refused 1 shipped free(s) (vol_tag 0xad7b1d37b0829b08, request 4351): already free/graced/quarantined — the double-release lineage, surfaced on the authority's own tripwire
[2026-09-06T01:58:22Z ERROR squeezefs::meta_ship::publish] S9: the authority refused 1 shipped free(s) (vol_tag 0xad7b1d37b0829b08, request 4355): already free/graced/quarantined — the double-release lineage, surfaced on the authority's own tripwire
[2026-09-06T01:58:22Z ERROR squeezefs::meta_ship::publish] S9: the authority refused 1 shipped free(s) (vol_tag 0xad7b1d37b0829b08, request 4359): already free/graced/quarantined — the double-release lineage, surfaced on the authority's own tripwire
[2026-09-06T01:58:22Z ERROR squeezefs::meta_ship::publish] S9: the authority refused 1 shipped free(s) (vol_tag 0xad7b1d37b0829b08, request 4363): already free/graced/quarantined — the double-release lineage, surfaced on the authority's own tripwire
[2026-09-06T01:58:22Z ERROR squeezefs::meta_ship::publish] S9: the authority refused 1 shipped free(s) (vol_tag 0xad7b1d37b0829b08, request 4367): already free/graced/quarantined — the double-release lineage, surfaced on the authority's own tripwire
[2026-09-06T01:58:22Z ERROR squeezefs::meta_ship::publish] S9: the authority refused 1 shipped free(s) (vol_tag 0xad7b1d37b0829b08, request 4372): already free/graced/quarantined — the double-release lineage, surfaced on the authority's own tripwire
[2026-09-06T01:58:22Z ERROR squeezefs::meta_ship::publish] S9: the authority refused 1 shipped free(s) (vol_tag 0xad7b1d37b0829b08, request 4375): already free/graced/quarantined — the double-release lineage, surfaced on the authority's own tripwire
[2026-09-06T01:58:23Z ERROR squeezefs::meta_ship::publish] S9: the authority refused 1 shipped free(s) (vol_tag 0xad7b1d37b0829b08, request 4383): already free/graced/quarantined — the double-release lineage, surfaced on the authority's own tripwire
[2026-09-06T01:58:23Z ERROR squeezefs::meta_ship::publish] S9: the authority refused 1 shipped free(s) (vol_tag 0xad7b1d37b0829b08, request 4384): already free/graced/quarantined — the double-release lineage, surfaced on the authority's own tripwire
[2026-09-06T01:58:23Z ERROR squeezefs::meta_ship::publish] S9: the authority refused 1 shipped free(s) (vol_tag 0xad7b1d37b0829b08, request 4388): already free/graced/quarantined — the double-release lineage, surfaced on the authority's own tripwire
[2026-09-06T01:58:23Z ERROR squeezefs::meta_ship::publish] S9: the authority refused 1 shipped free(s) (vol_tag 0xad7b1d37b0829b08, request 4392): already free/graced/quarantined — the double-release lineage, surfaced on the authority's own tripwire
[2026-09-06T01:58:23Z ERROR squeezefs::meta_ship::publish] S9: the authority refused 1 shipped free(s) (vol_tag 0xad7b1d37b0829b08, request 4396): already free/graced/quarantined — the double-release lineage, surfaced on the authority's own tripwire
[2026-09-06T01:58:23Z ERROR squeezefs::meta_ship::publish] S9: the authority refused 1 shipped free(s) (vol_tag 0xad7b1d37b0829b08, request 4400): already free/graced/quarantined — the double-release lineage, surfaced on the authority's own tripwire
[2026-09-06T01:58:23Z ERROR squeezefs::meta_ship::publish] S9: the authority refused 1 shipped free(s) (vol_tag 0xad7b1d37b0829b08, request 4404): already free/graced/quarantined — the double-release lineage, surfaced on the authority's own tripwire
[2026-09-06T01:58:23Z ERROR squeezefs::meta_ship::publish] S9: the authority refused 1 shipped free(s) (vol_tag 0xad7b1d37b0829b08, request 4413): already free/graced/quarantined — the double-release lineage, surfaced on the authority's own tripwire
[2026-09-06T01:58:24Z ERROR squeezefs::meta_ship::publish] S9: the authority refused 1 shipped free(s) (vol_tag 0xad7b1d37b0829b08, request 4417): already free/graced/quarantined — the double-release lineage, surfaced on the authority's own tripwire
[2026-09-06T01:58:24Z ERROR squeezefs::meta_ship::publish] S9: the authority refused 1 shipped free(s) (vol_tag 0xad7b1d37b0829b08, request 4425): already free/graced/quarantined — the double-release lineage, surfaced on the authority's own tripwire
[2026-09-06T01:58:24Z ERROR squeezefs::meta_ship::publish] S9: the authority refused 1 shipped free(s) (vol_tag 0xad7b1d37b0829b08, request 4428): already free/graced/quarantined — the double-release lineage, surfaced on the authority's own tripwire
[2026-09-06T01:58:26Z ERROR fuse3::raw::connection::fuse_over_uring] transport payload lease held 1265 ms (≥ 1 s) — overlong handler invocation or a §5.4 severance escape; watch transport_lease_overlong / transport_parked_commits
[2026-09-06T01:58:26Z ERROR fuse3::raw::connection::fuse_over_uring] transport payload lease held 1256 ms (≥ 1 s) — overlong handler invocation or a §5.4 severance escape; watch transport_lease_overlong / transport_parked_commits
[2026-09-06T01:58:26Z ERROR fuse3::raw::connection::fuse_over_uring] transport payload lease held 1245 ms (≥ 1 s) — overlong handler invocation or a §5.4 severance escape; watch transport_lease_overlong / transport_parked_commits
[2026-09-06T01:58:26Z ERROR fuse3::raw::connection::fuse_over_uring] transport payload lease held 1242 ms (≥ 1 s) — overlong handler invocation or a §5.4 severance escape; watch transport_lease_overlong / transport_parked_commits
[2026-09-06T01:58:28Z ERROR squeezefs::meta_ship::publish] S9: the authority refused 1 shipped free(s) (vol_tag 0xad7b1d37b0829b08, request 4436): already free/graced/quarantined — the double-release lineage, surfaced on the authority's own tripwire
[2026-09-06T01:58:28Z ERROR squeezefs::meta_ship::publish] S9: the authority refused 1 shipped free(s) (vol_tag 0xad7b1d37b0829b08, request 4440): already free/graced/quarantined — the double-release lineage, surfaced on the authority's own tripwire
[2026-09-06T01:58:28Z ERROR squeezefs::meta_ship::publish] S9: the authority refused 1 shipped free(s) (vol_tag 0xad7b1d37b0829b08, request 4444): already free/graced/quarantined — the double-release lineage, surfaced on the authority's own tripwire
[2026-09-06T01:58:28Z ERROR squeezefs::block_allocator] I/O error: data volume 'nvme3n1' full: 8178 of 8192 blocks allocated — lane 1 of 16 is exhausted while 0 free block(s) belong to lanes this mount does not own (alloc_lane_enospc_refusals; reach them by adopting a lane whose holder is proven dead, or grow the volume set — docs/operations.md §Multi-writer capacity planning)
[2026-09-06T01:58:28Z ERROR squeezefs::meta_ship::publish] S9: the authority refused 1 shipped free(s) (vol_tag 0xad7b1d37b0829b08, request 4450): already free/graced/quarantined — the double-release lineage, surfaced on the authority's own tripwire
[2026-09-06T01:58:29Z ERROR squeezefs::meta_ship::publish] S9: the authority refused 1 shipped free(s) (vol_tag 0xad7b1d37b0829b08, request 4473): already free/graced/quarantined — the double-release lineage, surfaced on the authority's own tripwire
[2026-09-06T01:58:29Z ERROR squeezefs::block_allocator] I/O error: data volume 'nvme3n1' full: 8178 of 8192 blocks allocated — lane 1 of 16 is exhausted while 0 free block(s) belong to lanes this mount does not own (alloc_lane_enospc_refusals; reach them by adopting a lane whose holder is proven dead, or grow the volume set — docs/operations.md §Multi-writer capacity planning)
[2026-09-06T01:58:30Z ERROR squeezefs::block_allocator] bounded allocation refusing StorageFull after 1018 ms parked with 0 offset(s) still in grace locally (lane harvest horizon 10336 ms): the pressure deadline never fenced within the wall backstop (1000 ms). The refusal is honest and terminal for this write; investigate the membership plane (finding 29)
[2026-09-06T01:58:30Z WARN  squeezefs::block_allocator] co-writer: abandoning never-published block offset(s) leak-safe (volume 'nvme3n1', first offset 22418554880): the publish that would have named them failed or refused, and a co-writer may not mutate ownership accounting — the next derivation (mount recovery / fsck C6) returns them to the free supply (cowriter_unpublished_abandons; further offsets at debug level)
[2026-09-06T01:58:30Z ERROR squeezefs::block_allocator] I/O error: data volume 'nvme3n1' full: 8178 of 8192 blocks allocated — lane 1 of 16 is exhausted while 0 free block(s) belong to lanes this mount does not own (alloc_lane_enospc_refusals; reach them by adopting a lane whose holder is proven dead, or grow the volume set — docs/operations.md §Multi-writer capacity planning)
[2026-09-06T01:58:31Z ERROR squeezefs::meta_ship::publish] S9: the authority refused 1 shipped free(s) (vol_tag 0xad7b1d37b0829b08, request 4520): already free/graced/quarantined — the double-release lineage, surfaced on the authority's own tripwire
[2026-09-06T01:58:31Z ERROR squeezefs::meta_ship::publish] S9: the authority refused 1 shipped free(s) (vol_tag 0xad7b1d37b0829b08, request 4524): already free/graced/quarantined — the double-release lineage, surfaced on the authority's own tripwire
[2026-09-06T01:58:31Z ERROR squeezefs::meta_ship::publish] S9: the authority refused 1 shipped free(s) (vol_tag 0xad7b1d37b0829b08, request 4528): already free/graced/quarantined — the double-release lineage, surfaced on the authority's own tripwire
[2026-09-06T01:58:31Z ERROR squeezefs::meta_ship::publish] S9: the authority refused 1 shipped free(s) (vol_tag 0xad7b1d37b0829b08, request 4533): already free/graced/quarantined — the double-release lineage, surfaced on the authority's own tripwire
[2026-09-06T01:58:31Z ERROR squeezefs::meta_ship::publish] S9: the authority refused 1 shipped free(s) (vol_tag 0xad7b1d37b0829b08, request 4537): already free/graced/quarantined — the double-release lineage, surfaced on the authority's own tripwire
[2026-09-06T01:58:31Z ERROR squeezefs::meta_ship::publish] S9: the authority refused 1 shipped free(s) (vol_tag 0xad7b1d37b0829b08, request 4541): already free/graced/quarantined — the double-release lineage, surfaced on the authority's own tripwire
[2026-09-06T01:58:31Z ERROR squeezefs::meta_ship::publish] S9: the authority refused 1 shipped free(s) (vol_tag 0xad7b1d37b0829b08, request 4545): already free/graced/quarantined — the double-release lineage, surfaced on the authority's own tripwire
[2026-09-06T01:58:31Z ERROR squeezefs::meta_ship::publish] S9: the authority refused 1 shipped free(s) (vol_tag 0xad7b1d37b0829b08, request 4549): already free/graced/quarantined — the double-release lineage, surfaced on the authority's own tripwire
[2026-09-06T01:58:31Z ERROR squeezefs::meta_ship::publish] S9: the authority refused 1 shipped free(s) (vol_tag 0xad7b1d37b0829b08, request 4553): already free/graced/quarantined — the double-release lineage, surfaced on the authority's own tripwire
[2026-09-06T01:58:31Z ERROR squeezefs::meta_ship::publish] S9: the authority refused 1 shipped free(s) (vol_tag 0xad7b1d37b0829b08, request 4558): already free/graced/quarantined — the double-release lineage, surfaced on the authority's own tripwire
[2026-09-06T01:58:31Z ERROR squeezefs::meta_ship::publish] S9: the authority refused 1 shipped free(s) (vol_tag 0xad7b1d37b0829b08, request 4562): already free/graced/quarantined — the double-release lineage, surfaced on the authority's own tripwire
[2026-09-06T01:58:32Z ERROR squeezefs::meta_ship::publish] S9: the authority refused 1 shipped free(s) (vol_tag 0xc5e11286df218556, request 4573): already free/graced/quarantined — the double-release lineage, surfaced on the authority's own tripwire
[2026-09-06T01:59:07Z ERROR squeezefs::meta_ship::publish] S9: the authority refused 1 shipped free(s) (vol_tag 0xc5e11286df218556, request 4577): already free/graced/quarantined — the double-release lineage, surfaced on the authority's own tripwire
[2026-09-06T01:59:12Z ERROR squeezefs::meta_ship::publish] S9: the authority refused 1 shipped free(s) (vol_tag 0xad7b1d37b0829b08, request 4586): already free/graced/quarantined — the double-release lineage, surfaced on the authority's own tripwire
[2026-09-06T01:59:12Z ERROR squeezefs::meta_ship::publish] S9: the authority refused 1 shipped free(s) (vol_tag 0xad7b1d37b0829b08, request 4589): already free/graced/quarantined — the double-release lineage, surfaced on the authority's own tripwire
[2026-09-06T01:59:12Z ERROR squeezefs::meta_ship::publish] S9: the authority refused 1 shipped free(s) (vol_tag 0xad7b1d37b0829b08, request 4594): already free/graced/quarantined — the double-release lineage, surfaced on the authority's own tripwire
[2026-09-06T01:59:12Z ERROR squeezefs::meta_ship::publish] S9: the authority refused 1 shipped free(s) (vol_tag 0xad7b1d37b0829b08, request 4598): already free/graced/quarantined — the double-release lineage, surfaced on the authority's own tripwire
[2026-09-06T01:59:12Z ERROR squeezefs::meta_ship::publish] S9: the authority refused 1 shipped free(s) (vol_tag 0xad7b1d37b0829b08, request 4603): already free/graced/quarantined — the double-release lineage, surfaced on the authority's own tripwire
[2026-09-06T01:59:12Z ERROR squeezefs::meta_ship::publish] S9: the authority refused 1 shipped free(s) (vol_tag 0xad7b1d37b0829b08, request 4606): already free/graced/quarantined — the double-release lineage, surfaced on the authority's own tripwire
[2026-09-06T01:59:12Z ERROR squeezefs::meta_ship::publish] S9: the authority refused 1 shipped free(s) (vol_tag 0xad7b1d37b0829b08, request 4610): already free/graced/quarantined — the double-release lineage, surfaced on the authority's own tripwire
[2026-09-06T01:59:12Z ERROR squeezefs::meta_ship::publish] S9: the authority refused 1 shipped free(s) (vol_tag 0xad7b1d37b0829b08, request 4614): already free/graced/quarantined — the double-release lineage, surfaced on the authority's own tripwire
[2026-09-06T01:59:12Z ERROR squeezefs::meta_ship::publish] S9: the authority refused 1 shipped free(s) (vol_tag 0xad7b1d37b0829b08, request 4618): already free/graced/quarantined — the double-release lineage, surfaced on the authority's own tripwire
[2026-09-06T01:59:12Z ERROR squeezefs::meta_ship::publish] S9: the authority refused 1 shipped free(s) (vol_tag 0xad7b1d37b0829b08, request 4623): already free/graced/quarantined — the double-release lineage, surfaced on the authority's own tripwire
[2026-09-06T01:59:12Z ERROR squeezefs::meta_ship::publish] S9: the authority refused 1 shipped free(s) (vol_tag 0xad7b1d37b0829b08, request 4627): already free/graced/quarantined — the double-release lineage, surfaced on the authority's own tripwire
[2026-09-06T01:59:12Z ERROR squeezefs::meta_ship::publish] S9: the authority refused 1 shipped free(s) (vol_tag 0xad7b1d37b0829b08, request 4631): already free/graced/quarantined — the double-release lineage, surfaced on the authority's own tripwire
[2026-09-06T01:59:12Z ERROR squeezefs::meta_ship::publish] S9: the authority refused 1 shipped free(s) (vol_tag 0xad7b1d37b0829b08, request 4636): already free/graced/quarantined — the double-release lineage, surfaced on the authority's own tripwire
[2026-09-06T01:59:12Z ERROR squeezefs::meta_ship::publish] S9: the authority refused 1 shipped free(s) (vol_tag 0xad7b1d37b0829b08, request 4640): already free/graced/quarantined — the double-release lineage, surfaced on the authority's own tripwire
[2026-09-06T01:59:12Z ERROR squeezefs::meta_ship::publish] S9: the authority refused 1 shipped free(s) (vol_tag 0xad7b1d37b0829b08, request 4644): already free/graced/quarantined — the double-release lineage, surfaced on the authority's own tripwire
[2026-09-06T01:59:12Z ERROR squeezefs::meta_ship::publish] S9: the authority refused 1 shipped free(s) (vol_tag 0xad7b1d37b0829b08, request 4648): already free/graced/quarantined — the double-release lineage, surfaced on the authority's own tripwire
[2026-09-06T01:59:12Z ERROR squeezefs::meta_ship::publish] S9: the authority refused 1 shipped free(s) (vol_tag 0xad7b1d37b0829b08, request 4653): already free/graced/quarantined — the double-release lineage, surfaced on the authority's own tripwire
[2026-09-06T01:59:13Z ERROR squeezefs::meta_ship::publish] S9: the authority refused 1 shipped free(s) (vol_tag 0xc5e11286df218556, request 4663): already free/graced/quarantined — the double-release lineage, surfaced on the authority's own tripwire
[2026-09-06T01:59:13Z ERROR squeezefs::meta_ship::publish] S9: the authority refused 1 shipped free(s) (vol_tag 0xc5e11286df218556, request 4666): already free/graced/quarantined — the double-release lineage, surfaced on the authority's own tripwire
[2026-09-06T01:59:13Z ERROR squeezefs::meta_ship::publish] S9: the authority refused 1 shipped free(s) (vol_tag 0xc5e11286df218556, request 4671): already free/graced/quarantined — the double-release lineage, surfaced on the authority's own tripwire
[2026-09-06T01:59:55Z ERROR fuse3::raw::connection::fuse_over_uring] transport payload lease held 1310 ms (≥ 1 s) — overlong handler invocation or a §5.4 severance escape; watch transport_lease_overlong / transport_parked_commits
[2026-09-06T01:59:56Z ERROR squeezefs::meta_ship::publish] S9: the authority refused 1 shipped free(s) (vol_tag 0xad7b1d37b0829b08, request 4686): already free/graced/quarantined — the double-release lineage, surfaced on the authority's own tripwire
[2026-09-06T01:59:56Z ERROR squeezefs::meta_ship::publish] S9: the authority refused 1 shipped free(s) (vol_tag 0xad7b1d37b0829b08, request 4690): already free/graced/quarantined — the double-release lineage, surfaced on the authority's own tripwire
[2026-09-06T01:59:57Z ERROR squeezefs::meta_ship::publish] S9: the authority refused 1 shipped free(s) (vol_tag 0xad7b1d37b0829b08, request 4695): already free/graced/quarantined — the double-release lineage, surfaced on the authority's own tripwire
[2026-09-06T01:59:57Z ERROR squeezefs::meta_ship::publish] S9: the authority refused 1 shipped free(s) (vol_tag 0xad7b1d37b0829b08, request 4699): already free/graced/quarantined — the double-release lineage, surfaced on the authority's own tripwire
[2026-09-06T01:59:57Z ERROR squeezefs::meta_ship::publish] S9: the authority refused 1 shipped free(s) (vol_tag 0xad7b1d37b0829b08, request 4703): already free/graced/quarantined — the double-release lineage, surfaced on the authority's own tripwire
[2026-09-06T01:59:57Z ERROR squeezefs::meta_ship::publish] S9: the authority refused 1 shipped free(s) (vol_tag 0xad7b1d37b0829b08, request 4707): already free/graced/quarantined — the double-release lineage, surfaced on the authority's own tripwire
[2026-09-06T01:59:57Z ERROR squeezefs::meta_ship::publish] S9: the authority refused 1 shipped free(s) (vol_tag 0xad7b1d37b0829b08, request 4711): already free/graced/quarantined — the double-release lineage, surfaced on the authority's own tripwire
[2026-09-06T01:59:57Z ERROR squeezefs::meta_ship::publish] S9: the authority refused 1 shipped free(s) (vol_tag 0xad7b1d37b0829b08, request 4715): already free/graced/quarantined — the double-release lineage, surfaced on the authority's own tripwire
[2026-09-06T01:59:57Z ERROR squeezefs::meta_ship::publish] S9: the authority refused 1 shipped free(s) (vol_tag 0xad7b1d37b0829b08, request 4720): already free/graced/quarantined — the double-release lineage, surfaced on the authority's own tripwire
[2026-09-06T01:59:57Z ERROR squeezefs::meta_ship::publish] S9: the authority refused 1 shipped free(s) (vol_tag 0xad7b1d37b0829b08, request 4725): already free/graced/quarantined — the double-release lineage, surfaced on the authority's own tripwire
[2026-09-06T01:59:57Z ERROR squeezefs::meta_ship::publish] S9: the authority refused 1 shipped free(s) (vol_tag 0xad7b1d37b0829b08, request 4729): already free/graced/quarantined — the double-release lineage, surfaced on the authority's own tripwire
[2026-09-06T01:59:57Z ERROR squeezefs::meta_ship::publish] S9: the authority refused 1 shipped free(s) (vol_tag 0xad7b1d37b0829b08, request 4741): already free/graced/quarantined — the double-release lineage, surfaced on the authority's own tripwire
[2026-09-06T01:59:57Z ERROR squeezefs::meta_ship::publish] S9: the authority refused 1 shipped free(s) (vol_tag 0xad7b1d37b0829b08, request 4751): already free/graced/quarantined — the double-release lineage, surfaced on the authority's own tripwire
[2026-09-06T02:00:13Z ERROR fuse3::raw::connection::fuse_over_uring] transport payload lease held 1382 ms (≥ 1 s) — overlong handler invocation or a §5.4 severance escape; watch transport_lease_overlong / transport_parked_commits
[2026-09-06T02:00:13Z ERROR squeezefs::meta_ship::publish] S9: the authority refused 1 shipped free(s) (vol_tag 0xad7b1d37b0829b08, request 4764): already free/graced/quarantined — the double-release lineage, surfaced on the authority's own tripwire
[2026-09-06T02:00:13Z ERROR squeezefs::meta_ship::publish] S9: the authority refused 1 shipped free(s) (vol_tag 0xad7b1d37b0829b08, request 4768): already free/graced/quarantined — the double-release lineage, surfaced on the authority's own tripwire
[2026-09-06T02:00:13Z ERROR squeezefs::meta_ship::publish] S9: the authority refused 1 shipped free(s) (vol_tag 0xad7b1d37b0829b08, request 4773): already free/graced/quarantined — the double-release lineage, surfaced on the authority's own tripwire
[2026-09-06T02:00:14Z ERROR squeezefs::meta_ship::publish] S9: the authority refused 1 shipped free(s) (vol_tag 0xad7b1d37b0829b08, request 4778): already free/graced/quarantined — the double-release lineage, surfaced on the authority's own tripwire
[2026-09-06T02:00:14Z ERROR squeezefs::meta_ship::publish] S9: the authority refused 1 shipped free(s) (vol_tag 0xad7b1d37b0829b08, request 4782): already free/graced/quarantined — the double-release lineage, surfaced on the authority's own tripwire
[2026-09-06T02:00:14Z ERROR squeezefs::meta_ship::publish] S9: the authority refused 1 shipped free(s) (vol_tag 0xad7b1d37b0829b08, request 4786): already free/graced/quarantined — the double-release lineage, surfaced on the authority's own tripwire
[2026-09-06T02:00:14Z ERROR squeezefs::meta_ship::publish] S9: the authority refused 1 shipped free(s) (vol_tag 0xad7b1d37b0829b08, request 4789): already free/graced/quarantined — the double-release lineage, surfaced on the authority's own tripwire
[2026-09-06T02:00:14Z ERROR squeezefs::meta_ship::publish] S9: the authority refused 1 shipped free(s) (vol_tag 0xad7b1d37b0829b08, request 4793): already free/graced/quarantined — the double-release lineage, surfaced on the authority's own tripwire
[2026-09-06T02:00:14Z ERROR squeezefs::meta_ship::publish] S9: the authority refused 1 shipped free(s) (vol_tag 0xad7b1d37b0829b08, request 4797): already free/graced/quarantined — the double-release lineage, surfaced on the authority's own tripwire
[2026-09-06T02:00:14Z ERROR squeezefs::meta_ship::publish] S9: the authority refused 1 shipped free(s) (vol_tag 0xad7b1d37b0829b08, request 4801): already free/graced/quarantined — the double-release lineage, surfaced on the authority's own tripwire
[2026-09-06T02:00:14Z ERROR squeezefs::meta_ship::publish] S9: the authority refused 1 shipped free(s) (vol_tag 0xad7b1d37b0829b08, request 4806): already free/graced/quarantined — the double-release lineage, surfaced on the authority's own tripwire
[2026-09-06T02:00:14Z ERROR squeezefs::block_allocator] I/O error: data volume 'nvme3n1' full: 8178 of 8192 blocks allocated — lane 1 of 16 is exhausted while 0 free block(s) belong to lanes this mount does not own (alloc_lane_enospc_refusals; reach them by adopting a lane whose holder is proven dead, or grow the volume set — docs/operations.md §Multi-writer capacity planning)
[2026-09-06T02:00:14Z ERROR squeezefs::meta_ship::publish] S9: the authority refused 1 shipped free(s) (vol_tag 0xad7b1d37b0829b08, request 4817): already free/graced/quarantined — the double-release lineage, surfaced on the authority's own tripwire
[2026-09-06T02:00:14Z ERROR squeezefs::meta_ship::publish] S9: the authority refused 1 shipped free(s) (vol_tag 0xad7b1d37b0829b08, request 4826): already free/graced/quarantined — the double-release lineage, surfaced on the authority's own tripwire
[2026-09-06T02:00:15Z ERROR squeezefs::block_allocator] I/O error: data volume 'nvme3n1' full: 8178 of 8192 blocks allocated — lane 1 of 16 is exhausted while 0 free block(s) belong to lanes this mount does not own (alloc_lane_enospc_refusals; reach them by adopting a lane whose holder is proven dead, or grow the volume set — docs/operations.md §Multi-writer capacity planning)
[2026-09-06T02:00:15Z ERROR squeezefs::block_allocator] bounded allocation refusing StorageFull after 1012 ms parked with 0 offset(s) still in grace locally (lane harvest horizon 9622 ms): the pressure deadline never fenced within the wall backstop (1000 ms). The refusal is honest and terminal for this write; investigate the membership plane (finding 29)
[2026-09-06T02:00:15Z ERROR squeezefs::block_allocator] bounded allocation refusing StorageFull after 1013 ms parked with 0 offset(s) still in grace locally (lane harvest horizon 9623 ms): the pressure deadline never fenced within the wall backstop (1000 ms). The refusal is honest and terminal for this write; investigate the membership plane (finding 29)
[2026-09-06T02:00:15Z ERROR squeezefs::block_allocator] bounded allocation refusing StorageFull after 1015 ms parked with 0 offset(s) still in grace locally (lane harvest horizon 9623 ms): the pressure deadline never fenced within the wall backstop (1000 ms). The refusal is honest and terminal for this write; investigate the membership plane (finding 29)
[2026-09-06T02:00:15Z ERROR squeezefs::block_allocator] bounded allocation refusing StorageFull after 1014 ms parked with 0 offset(s) still in grace locally (lane harvest horizon 9625 ms): the pressure deadline never fenced within the wall backstop (1000 ms). The refusal is honest and terminal for this write; investigate the membership plane (finding 29)
[2026-09-06T02:00:15Z ERROR squeezefs::block_allocator] bounded allocation refusing StorageFull after 1015 ms parked with 0 offset(s) still in grace locally (lane harvest horizon 9625 ms): the pressure deadline never fenced within the wall backstop (1000 ms). The refusal is honest and terminal for this write; investigate the membership plane (finding 29)
[2026-09-06T02:00:15Z ERROR squeezefs::block_allocator] bounded allocation refusing StorageFull after 1014 ms parked with 0 offset(s) still in grace locally (lane harvest horizon 9625 ms): the pressure deadline never fenced within the wall backstop (1000 ms). The refusal is honest and terminal for this write; investigate the membership plane (finding 29)
[2026-09-06T02:00:15Z ERROR squeezefs::block_allocator] bounded allocation refusing StorageFull after 1009 ms parked with 0 offset(s) still in grace locally (lane harvest horizon 9627 ms): the pressure deadline never fenced within the wall backstop (1000 ms). The refusal is honest and terminal for this write; investigate the membership plane (finding 29)
[2026-09-06T02:00:15Z ERROR squeezefs::block_allocator] bounded allocation refusing StorageFull after 1019 ms parked with 0 offset(s) still in grace locally (lane harvest horizon 9628 ms): the pressure deadline never fenced within the wall backstop (1000 ms). The refusal is honest and terminal for this write; investigate the membership plane (finding 29)
[2026-09-06T02:00:15Z ERROR squeezefs::block_allocator] bounded allocation refusing StorageFull after 1019 ms parked with 0 offset(s) still in grace locally (lane harvest horizon 9628 ms): the pressure deadline never fenced within the wall backstop (1000 ms). The refusal is honest and terminal for this write; investigate the membership plane (finding 29)
[2026-09-06T02:00:15Z ERROR squeezefs::block_allocator] bounded allocation refusing StorageFull after 1011 ms parked with 0 offset(s) still in grace locally (lane harvest horizon 9630 ms): the pressure deadline never fenced within the wall backstop (1000 ms). The refusal is honest and terminal for this write; investigate the membership plane (finding 29)
[2026-09-06T02:00:15Z ERROR squeezefs::block_allocator] bounded allocation refusing StorageFull after 1013 ms parked with 0 offset(s) still in grace locally (lane harvest horizon 9631 ms): the pressure deadline never fenced within the wall backstop (1000 ms). The refusal is honest and terminal for this write; investigate the membership plane (finding 29)
[2026-09-06T02:00:15Z ERROR squeezefs::block_allocator] bounded allocation refusing StorageFull after 1014 ms parked with 0 offset(s) still in grace locally (lane harvest horizon 9633 ms): the pressure deadline never fenced within the wall backstop (1000 ms). The refusal is honest and terminal for this write; investigate the membership plane (finding 29)
[2026-09-06T02:00:15Z WARN  squeezefs::block_allocator] co-writer: abandoning never-published block offset(s) leak-safe (volume 'nvme4n1', first offset 27250393088): the publish that would have named them failed or refused, and a co-writer may not mutate ownership accounting — the next derivation (mount recovery / fsck C6) returns them to the free supply (cowriter_unpublished_abandons; further offsets at debug level)
[2026-09-06T02:00:15Z ERROR squeezefs::meta_ship::publish] S9: the authority refused 1 shipped free(s) (vol_tag 0xc5e11286df218556, request 5075): already free/graced/quarantined — the double-release lineage, surfaced on the authority's own tripwire
[2026-09-06T02:00:15Z ERROR squeezefs::meta_ship::publish] S9: the authority refused 1 shipped free(s) (vol_tag 0xc5e11286df218556, request 5079): already free/graced/quarantined — the double-release lineage, surfaced on the authority's own tripwire
[2026-09-06T02:00:15Z ERROR squeezefs::meta_ship::publish] S9: the authority refused 1 shipped free(s) (vol_tag 0xc5e11286df218556, request 5083): already free/graced/quarantined — the double-release lineage, surfaced on the authority's own tripwire
[2026-09-06T02:00:15Z ERROR squeezefs::meta_ship::publish] S9: the authority refused 1 shipped free(s) (vol_tag 0xc5e11286df218556, request 5089): already free/graced/quarantined — the double-release lineage, surfaced on the authority's own tripwire
[2026-09-06T02:00:15Z ERROR squeezefs::meta_ship::publish] S9: the authority refused 1 shipped free(s) (vol_tag 0xc5e11286df218556, request 5094): already free/graced/quarantined — the double-release lineage, surfaced on the authority's own tripwire
[2026-09-06T02:00:16Z ERROR squeezefs::meta_ship::publish] S9: the authority refused 1 shipped free(s) (vol_tag 0xc5e11286df218556, request 5099): already free/graced/quarantined — the double-release lineage, surfaced on the authority's own tripwire
[2026-09-06T02:00:16Z ERROR squeezefs::meta_ship::publish] S9: the authority refused 1 shipped free(s) (vol_tag 0xc5e11286df218556, request 5103): already free/graced/quarantined — the double-release lineage, surfaced on the authority's own tripwire
[2026-09-06T02:00:28Z ERROR fuse3::raw::connection::fuse_over_uring] transport payload lease held 1088 ms (≥ 1 s) — overlong handler invocation or a §5.4 severance escape; watch transport_lease_overlong / transport_parked_commits
[2026-09-06T02:00:28Z ERROR fuse3::raw::connection::fuse_over_uring] transport payload lease held 1088 ms (≥ 1 s) — overlong handler invocation or a §5.4 severance escape; watch transport_lease_overlong / transport_parked_commits
[2026-09-06T02:00:28Z ERROR fuse3::raw::connection::fuse_over_uring] transport payload lease held 1100 ms (≥ 1 s) — overlong handler invocation or a §5.4 severance escape; watch transport_lease_overlong / transport_parked_commits
[2026-09-06T02:00:28Z ERROR fuse3::raw::connection::fuse_over_uring] transport payload lease held 1078 ms (≥ 1 s) — overlong handler invocation or a §5.4 severance escape; watch transport_lease_overlong / transport_parked_commits
[2026-09-06T02:00:30Z ERROR squeezefs::meta_ship::publish] S9: the authority refused 1 shipped free(s) (vol_tag 0xc5e11286df218556, request 5127): already free/graced/quarantined — the double-release lineage, surfaced on the authority's own tripwire
[2026-09-06T02:00:30Z ERROR squeezefs::meta_ship::publish] S9: the authority refused 1 shipped free(s) (vol_tag 0xc5e11286df218556, request 5131): already free/graced/quarantined — the double-release lineage, surfaced on the authority's own tripwire
[2026-09-06T02:00:31Z ERROR squeezefs::meta_ship::publish] S9: the authority refused 1 shipped free(s) (vol_tag 0xc5e11286df218556, request 5137): already free/graced/quarantined — the double-release lineage, surfaced on the authority's own tripwire
[2026-09-06T02:00:31Z ERROR squeezefs::meta_ship::publish] S9: the authority refused 1 shipped free(s) (vol_tag 0xc5e11286df218556, request 5141): already free/graced/quarantined — the double-release lineage, surfaced on the authority's own tripwire
[2026-09-06T02:00:31Z ERROR squeezefs::meta_ship::publish] S9: the authority refused 1 shipped free(s) (vol_tag 0xc5e11286df218556, request 5145): already free/graced/quarantined — the double-release lineage, surfaced on the authority's own tripwire
[2026-09-06T02:00:31Z ERROR squeezefs::meta_ship::publish] S9: the authority refused 1 shipped free(s) (vol_tag 0xc5e11286df218556, request 5149): already free/graced/quarantined — the double-release lineage, surfaced on the authority's own tripwire
[2026-09-06T02:00:31Z ERROR squeezefs::meta_ship::publish] S9: the authority refused 1 shipped free(s) (vol_tag 0xc5e11286df218556, request 5153): already free/graced/quarantined — the double-release lineage, surfaced on the authority's own tripwire
[2026-09-06T02:00:31Z ERROR squeezefs::meta_ship::publish] S9: the authority refused 1 shipped free(s) (vol_tag 0xc5e11286df218556, request 5156): already free/graced/quarantined — the double-release lineage, surfaced on the authority's own tripwire
[2026-09-06T02:00:31Z ERROR squeezefs::meta_ship::publish] S9: the authority refused 1 shipped free(s) (vol_tag 0xc5e11286df218556, request 5160): already free/graced/quarantined — the double-release lineage, surfaced on the authority's own tripwire
[2026-09-06T02:00:31Z ERROR squeezefs::meta_ship::publish] S9: the authority refused 1 shipped free(s) (vol_tag 0xc5e11286df218556, request 5164): already free/graced/quarantined — the double-release lineage, surfaced on the authority's own tripwire
[2026-09-06T02:00:31Z ERROR squeezefs::meta_ship::publish] S9: the authority refused 1 shipped free(s) (vol_tag 0xc5e11286df218556, request 5169): already free/graced/quarantined — the double-release lineage, surfaced on the authority's own tripwire
[2026-09-06T02:00:31Z ERROR squeezefs::meta_ship::publish] S9: the authority refused 1 shipped free(s) (vol_tag 0xc5e11286df218556, request 5176): already free/graced/quarantined — the double-release lineage, surfaced on the authority's own tripwire
[2026-09-06T02:00:31Z ERROR squeezefs::meta_ship::publish] S9: the authority refused 1 shipped free(s) (vol_tag 0xc5e11286df218556, request 5174): already free/graced/quarantined — the double-release lineage, surfaced on the authority's own tripwire
[2026-09-06T02:00:31Z ERROR squeezefs::meta_ship::publish] S9: the authority refused 1 shipped free(s) (vol_tag 0xc5e11286df218556, request 5181): already free/graced/quarantined — the double-release lineage, surfaced on the authority's own tripwire
[2026-09-06T02:00:31Z ERROR squeezefs::meta_ship::publish] S9: the authority refused 1 shipped free(s) (vol_tag 0xc5e11286df218556, request 5192): already free/graced/quarantined — the double-release lineage, surfaced on the authority's own tripwire
[2026-09-06T02:00:39Z ERROR squeezefs::meta_ship::publish] S9: the authority refused 1 shipped free(s) (vol_tag 0xc5e11286df218556, request 5196): already free/graced/quarantined — the double-release lineage, surfaced on the authority's own tripwire
[2026-09-06T02:00:41Z ERROR squeezefs::block_allocator] I/O error: data volume 'nvme4n1' full: 8178 of 8192 blocks allocated — lane 1 of 16 is exhausted while 0 free block(s) belong to lanes this mount does not own (alloc_lane_enospc_refusals; reach them by adopting a lane whose holder is proven dead, or grow the volume set — docs/operations.md §Multi-writer capacity planning)
[2026-09-06T02:00:42Z ERROR squeezefs::block_allocator] I/O error: data volume 'nvme4n1' full: 8178 of 8192 blocks allocated — lane 1 of 16 is exhausted while 0 free block(s) belong to lanes this mount does not own (alloc_lane_enospc_refusals; reach them by adopting a lane whose holder is proven dead, or grow the volume set — docs/operations.md §Multi-writer capacity planning)
[2026-09-06T02:00:42Z ERROR squeezefs::block_allocator] bounded allocation refusing StorageFull after 1019 ms parked with 0 offset(s) still in grace locally (lane harvest horizon 10652 ms): the pressure deadline never fenced within the wall backstop (1000 ms). The refusal is honest and terminal for this write; investigate the membership plane (finding 29)
[2026-09-06T02:00:42Z ERROR squeezefs::block_allocator] bounded allocation refusing StorageFull after 1004 ms parked with 0 offset(s) still in grace locally (lane harvest horizon 10653 ms): the pressure deadline never fenced within the wall backstop (1000 ms). The refusal is honest and terminal for this write; investigate the membership plane (finding 29)
[2026-09-06T02:00:42Z ERROR squeezefs::block_allocator] bounded allocation refusing StorageFull after 1024 ms parked with 0 offset(s) still in grace locally (lane harvest horizon 10700 ms): the pressure deadline never fenced within the wall backstop (1000 ms). The refusal is honest and terminal for this write; investigate the membership plane (finding 29)
[2026-09-06T02:00:42Z ERROR squeezefs::block_allocator] bounded allocation refusing StorageFull after 1037 ms parked with 0 offset(s) still in grace locally (lane harvest horizon 9957 ms): the pressure deadline never fenced within the wall backstop (1000 ms). The refusal is honest and terminal for this write; investigate the membership plane (finding 29)
[2026-09-06T02:00:43Z ERROR squeezefs::block_allocator] bounded allocation refusing StorageFull after 1049 ms parked with 0 offset(s) still in grace locally (lane harvest horizon 10032 ms): the pressure deadline never fenced within the wall backstop (1000 ms). The refusal is honest and terminal for this write; investigate the membership plane (finding 29)
[2026-09-06T02:00:43Z ERROR squeezefs::block_allocator] bounded allocation refusing StorageFull after 1025 ms parked with 0 offset(s) still in grace locally (lane harvest horizon 10169 ms): the pressure deadline never fenced within the wall backstop (1000 ms). The refusal is honest and terminal for this write; investigate the membership plane (finding 29)
[2026-09-06T02:00:43Z ERROR squeezefs::block_allocator] I/O error: data volume 'nvme4n1' full: 8178 of 8192 blocks allocated — lane 1 of 16 is exhausted while 0 free block(s) belong to lanes this mount does not own (alloc_lane_enospc_refusals; reach them by adopting a lane whose holder is proven dead, or grow the volume set — docs/operations.md §Multi-writer capacity planning)
[2026-09-06T02:00:43Z ERROR squeezefs::block_allocator] bounded allocation refusing StorageFull after 1017 ms parked with 0 offset(s) still in grace locally (lane harvest horizon 10427 ms): the pressure deadline never fenced within the wall backstop (1000 ms). The refusal is honest and terminal for this write; investigate the membership plane (finding 29)
[2026-09-06T02:00:43Z ERROR squeezefs::block_allocator] bounded allocation refusing StorageFull after 1015 ms parked with 0 offset(s) still in grace locally (lane harvest horizon 10670 ms): the pressure deadline never fenced within the wall backstop (1000 ms). The refusal is honest and terminal for this write; investigate the membership plane (finding 29)
[2026-09-06T02:00:43Z ERROR squeezefs::block_allocator] bounded allocation refusing StorageFull after 1017 ms parked with 0 offset(s) still in grace locally (lane harvest horizon 10673 ms): the pressure deadline never fenced within the wall backstop (1000 ms). The refusal is honest and terminal for this write; investigate the membership plane (finding 29)
[2026-09-06T02:00:43Z ERROR squeezefs::block_allocator] bounded allocation refusing StorageFull after 1022 ms parked with 0 offset(s) still in grace locally (lane harvest horizon 10676 ms): the pressure deadline never fenced within the wall backstop (1000 ms). The refusal is honest and terminal for this write; investigate the membership plane (finding 29)
[2026-09-06T02:00:43Z ERROR squeezefs::block_allocator] bounded allocation refusing StorageFull after 1020 ms parked with 0 offset(s) still in grace locally (lane harvest horizon 10676 ms): the pressure deadline never fenced within the wall backstop (1000 ms). The refusal is honest and terminal for this write; investigate the membership plane (finding 29)
[2026-09-06T02:00:43Z ERROR squeezefs::block_allocator] bounded allocation refusing StorageFull after 1019 ms parked with 0 offset(s) still in grace locally (lane harvest horizon 10721 ms): the pressure deadline never fenced within the wall backstop (1000 ms). The refusal is honest and terminal for this write; investigate the membership plane (finding 29)
[2026-09-06T02:00:43Z ERROR squeezefs::block_allocator] bounded allocation refusing StorageFull after 1020 ms parked with 0 offset(s) still in grace locally (lane harvest horizon 10722 ms): the pressure deadline never fenced within the wall backstop (1000 ms). The refusal is honest and terminal for this write; investigate the membership plane (finding 29)
[2026-09-06T02:00:43Z ERROR squeezefs::block_allocator] bounded allocation refusing StorageFull after 1016 ms parked with 0 offset(s) still in grace locally (lane harvest horizon 9976 ms): the pressure deadline never fenced within the wall backstop (1000 ms). The refusal is honest and terminal for this write; investigate the membership plane (finding 29)
[2026-09-06T02:00:43Z ERROR squeezefs::block_allocator] bounded allocation refusing StorageFull after 1017 ms parked with 0 offset(s) still in grace locally (lane harvest horizon 9976 ms): the pressure deadline never fenced within the wall backstop (1000 ms). The refusal is honest and terminal for this write; investigate the membership plane (finding 29)
[2026-09-06T02:00:44Z ERROR squeezefs::block_allocator] bounded allocation refusing StorageFull after 1015 ms parked with 0 offset(s) still in grace locally (lane harvest horizon 10051 ms): the pressure deadline never fenced within the wall backstop (1000 ms). The refusal is honest and terminal for this write; investigate the membership plane (finding 29)
[2026-09-06T02:00:44Z ERROR squeezefs::block_allocator] bounded allocation refusing StorageFull after 1018 ms parked with 0 offset(s) still in grace locally (lane harvest horizon 10051 ms): the pressure deadline never fenced within the wall backstop (1000 ms). The refusal is honest and terminal for this write; investigate the membership plane (finding 29)
[2026-09-06T02:00:44Z ERROR squeezefs::block_allocator] bounded allocation refusing StorageFull after 1022 ms parked with 0 offset(s) still in grace locally (lane harvest horizon 10193 ms): the pressure deadline never fenced within the wall backstop (1000 ms). The refusal is honest and terminal for this write; investigate the membership plane (finding 29)
[2026-09-06T02:00:44Z ERROR squeezefs::block_allocator] bounded allocation refusing StorageFull after 1021 ms parked with 0 offset(s) still in grace locally (lane harvest horizon 10193 ms): the pressure deadline never fenced within the wall backstop (1000 ms). The refusal is honest and terminal for this write; investigate the membership plane (finding 29)
[2026-09-06T02:00:44Z ERROR squeezefs::block_allocator] I/O error: data volume 'nvme4n1' full: 8178 of 8192 blocks allocated — lane 1 of 16 is exhausted while 0 free block(s) belong to lanes this mount does not own (alloc_lane_enospc_refusals; reach them by adopting a lane whose holder is proven dead, or grow the volume set — docs/operations.md §Multi-writer capacity planning)
[2026-09-06T02:00:44Z ERROR squeezefs::block_allocator] bounded allocation refusing StorageFull after 1011 ms parked with 0 offset(s) still in grace locally (lane harvest horizon 10440 ms): the pressure deadline never fenced within the wall backstop (1000 ms). The refusal is honest and terminal for this write; investigate the membership plane (finding 29)
[2026-09-06T02:00:44Z ERROR squeezefs::block_allocator] bounded allocation refusing StorageFull after 1015 ms parked with 0 offset(s) still in grace locally (lane harvest horizon 10449 ms): the pressure deadline never fenced within the wall backstop (1000 ms). The refusal is honest and terminal for this write; investigate the membership plane (finding 29)
[2026-09-06T02:00:44Z ERROR squeezefs::block_allocator] bounded allocation refusing StorageFull after 1016 ms parked with 0 offset(s) still in grace locally (lane harvest horizon 10689 ms): the pressure deadline never fenced within the wall backstop (1000 ms). The refusal is honest and terminal for this write; investigate the membership plane (finding 29)
[2026-09-06T02:00:44Z ERROR squeezefs::block_allocator] bounded allocation refusing StorageFull after 1016 ms parked with 0 offset(s) still in grace locally (lane harvest horizon 10692 ms): the pressure deadline never fenced within the wall backstop (1000 ms). The refusal is honest and terminal for this write; investigate the membership plane (finding 29)
[2026-09-06T02:00:44Z ERROR squeezefs::block_allocator] bounded allocation refusing StorageFull after 1022 ms parked with 0 offset(s) still in grace locally (lane harvest horizon 10704 ms): the pressure deadline never fenced within the wall backstop (1000 ms). The refusal is honest and terminal for this write; investigate the membership plane (finding 29)
[2026-09-06T02:00:44Z ERROR squeezefs::block_allocator] bounded allocation refusing StorageFull after 1023 ms parked with 0 offset(s) still in grace locally (lane harvest horizon 10704 ms): the pressure deadline never fenced within the wall backstop (1000 ms). The refusal is honest and terminal for this write; investigate the membership plane (finding 29)
[2026-09-06T02:00:44Z ERROR squeezefs::block_allocator] bounded allocation refusing StorageFull after 1073 ms parked with 0 offset(s) still in grace locally (lane harvest horizon 10801 ms): the pressure deadline never fenced within the wall backstop (1000 ms). The refusal is honest and terminal for this write; investigate the membership plane (finding 29)
[2026-09-06T02:00:44Z ERROR squeezefs::block_allocator] bounded allocation refusing StorageFull after 1027 ms parked with 0 offset(s) still in grace locally (lane harvest horizon 10801 ms): the pressure deadline never fenced within the wall backstop (1000 ms). The refusal is honest and terminal for this write; investigate the membership plane (finding 29)
[2026-09-06T02:00:44Z ERROR squeezefs::block_allocator] bounded allocation refusing StorageFull after 1026 ms parked with 0 offset(s) still in grace locally (lane harvest horizon 10801 ms): the pressure deadline never fenced within the wall backstop (1000 ms). The refusal is honest and terminal for this write; investigate the membership plane (finding 29)
[2026-09-06T02:00:44Z ERROR squeezefs::block_allocator] bounded allocation refusing StorageFull after 1026 ms parked with 0 offset(s) still in grace locally (lane harvest horizon 10801 ms): the pressure deadline never fenced within the wall backstop (1000 ms). The refusal is honest and terminal for this write; investigate the membership plane (finding 29)
[2026-09-06T02:00:44Z ERROR squeezefs::block_allocator] bounded allocation refusing StorageFull after 1025 ms parked with 0 offset(s) still in grace locally (lane harvest horizon 10802 ms): the pressure deadline never fenced within the wall backstop (1000 ms). The refusal is honest and terminal for this write; investigate the membership plane (finding 29)
[2026-09-06T02:00:44Z ERROR squeezefs::block_allocator] bounded allocation refusing StorageFull after 1025 ms parked with 0 offset(s) still in grace locally (lane harvest horizon 10802 ms): the pressure deadline never fenced within the wall backstop (1000 ms). The refusal is honest and terminal for this write; investigate the membership plane (finding 29)
[2026-09-06T02:00:44Z WARN  squeezefs::fuse_client] write-through failed for ino 2 block 1435 (Io(Custom { kind: StorageFull, error: "I/O error: data volume 'nvme4n1' full: 8178 of 8192 blocks allocated — lane 1 of 16 is exhausted while 0 free block(s) belong to lanes this mount does not own (alloc_lane_enospc_refusals; reach them by adopting a lane whose holder is proven dead, or grow the volume set — docs/operations.md §Multi-writer capacity planning)" })); falling back to staging
[2026-09-06T02:00:44Z WARN  squeezefs::routing] rewrite epoch close for ino 2 failed transiently (Io(Custom { kind: StorageFull, error: "I/O error: data volume 'nvme4n1' full: 8178 of 8192 blocks allocated — lane 1 of 16 is exhausted while 0 free block(s) belong to lanes this mount does not own (alloc_lane_enospc_refusals; reach them by adopting a lane whose holder is proven dead, or grow the volume set — docs/operations.md §Multi-writer capacity planning)" })); the epoch stays registered (never-lossy) — the next close trigger retries
[2026-09-06T02:00:44Z ERROR squeezefs::block_allocator] bounded allocation refusing StorageFull after 1026 ms parked with 0 offset(s) still in grace locally (lane harvest horizon 10802 ms): the pressure deadline never fenced within the wall backstop (1000 ms). The refusal is honest and terminal for this write; investigate the membership plane (finding 29)
[2026-09-06T02:00:44Z ERROR squeezefs::block_allocator] bounded allocation refusing StorageFull after 1077 ms parked with 0 offset(s) still in grace locally (lane harvest horizon 10799 ms): the pressure deadline never fenced within the wall backstop (1000 ms). The refusal is honest and terminal for this write; investigate the membership plane (finding 29)
[2026-09-06T02:00:44Z ERROR squeezefs::block_allocator] bounded allocation refusing StorageFull after 1072 ms parked with 0 offset(s) still in grace locally (lane harvest horizon 10801 ms): the pressure deadline never fenced within the wall backstop (1000 ms). The refusal is honest and terminal for this write; investigate the membership plane (finding 29)
[2026-09-06T02:00:44Z ERROR squeezefs::block_allocator] bounded allocation refusing StorageFull after 1028 ms parked with 0 offset(s) still in grace locally (lane harvest horizon 10794 ms): the pressure deadline never fenced within the wall backstop (1000 ms). The refusal is honest and terminal for this write; investigate the membership plane (finding 29)
[2026-09-06T02:00:44Z ERROR squeezefs::block_allocator] bounded allocation refusing StorageFull after 1074 ms parked with 0 offset(s) still in grace locally (lane harvest horizon 10794 ms): the pressure deadline never fenced within the wall backstop (1000 ms). The refusal is honest and terminal for this write; investigate the membership plane (finding 29)
[2026-09-06T02:00:44Z ERROR squeezefs::block_allocator] bounded allocation refusing StorageFull after 1029 ms parked with 0 offset(s) still in grace locally (lane harvest horizon 10773 ms): the pressure deadline never fenced within the wall backstop (1000 ms). The refusal is honest and terminal for this write; investigate the membership plane (finding 29)
[2026-09-06T02:00:44Z ERROR squeezefs::block_allocator] bounded allocation refusing StorageFull after 1037 ms parked with 0 offset(s) still in grace locally (lane harvest horizon 10814 ms): the pressure deadline never fenced within the wall backstop (1000 ms). The refusal is honest and terminal for this write; investigate the membership plane (finding 29)
[2026-09-06T02:00:44Z ERROR squeezefs::block_allocator] bounded allocation refusing StorageFull after 1040 ms parked with 0 offset(s) still in grace locally (lane harvest horizon 10817 ms): the pressure deadline never fenced within the wall backstop (1000 ms). The refusal is honest and terminal for this write; investigate the membership plane (finding 29)
[2026-09-06T02:00:45Z ERROR squeezefs::block_allocator] bounded allocation refusing StorageFull after 1022 ms parked with 0 offset(s) still in grace locally (lane harvest horizon 10999 ms): the pressure deadline never fenced within the wall backstop (1000 ms). The refusal is honest and terminal for this write; investigate the membership plane (finding 29)
[2026-09-06T02:00:45Z WARN  squeezefs::fuse_client] write-through failed for ino 2 block 1464 (Io(Custom { kind: StorageFull, error: "I/O error: data volume 'nvme4n1' full: 8178 of 8192 blocks allocated — lane 1 of 16 is exhausted while 0 free block(s) belong to lanes this mount does not own (alloc_lane_enospc_refusals; reach them by adopting a lane whose holder is proven dead, or grow the volume set — docs/operations.md §Multi-writer capacity planning)" })); falling back to staging
[2026-09-06T02:00:45Z ERROR squeezefs::block_allocator] bounded allocation refusing StorageFull after 1024 ms parked with 0 offset(s) still in grace locally (lane harvest horizon 11002 ms): the pressure deadline never fenced within the wall backstop (1000 ms). The refusal is honest and terminal for this write; investigate the membership plane (finding 29)
[2026-09-06T02:00:45Z ERROR squeezefs::block_allocator] bounded allocation refusing StorageFull after 1025 ms parked with 0 offset(s) still in grace locally (lane harvest horizon 11076 ms): the pressure deadline never fenced within the wall backstop (1000 ms). The refusal is honest and terminal for this write; investigate the membership plane (finding 29)
[2026-09-06T02:00:45Z WARN  squeezefs::fuse_client] write-through failed for ino 2 block 1467 (Io(Custom { kind: StorageFull, error: "I/O error: data volume 'nvme4n1' full: 8178 of 8192 blocks allocated — lane 1 of 16 is exhausted while 0 free block(s) belong to lanes this mount does not own (alloc_lane_enospc_refusals; reach them by adopting a lane whose holder is proven dead, or grow the volume set — docs/operations.md §Multi-writer capacity planning)" })); falling back to staging
[2026-09-06T02:00:45Z ERROR squeezefs::block_allocator] bounded allocation refusing StorageFull after 1041 ms parked with 0 offset(s) still in grace locally (lane harvest horizon 11094 ms): the pressure deadline never fenced within the wall backstop (1000 ms). The refusal is honest and terminal for this write; investigate the membership plane (finding 29)
[2026-09-06T02:00:45Z ERROR squeezefs::block_allocator] bounded allocation refusing StorageFull after 1021 ms parked with 0 offset(s) still in grace locally (lane harvest horizon 11215 ms): the pressure deadline never fenced within the wall backstop (1000 ms). The refusal is honest and terminal for this write; investigate the membership plane (finding 29)
[2026-09-06T02:00:45Z ERROR squeezefs::block_allocator] bounded allocation refusing StorageFull after 1039 ms parked with 0 offset(s) still in grace locally (lane harvest horizon 11233 ms): the pressure deadline never fenced within the wall backstop (1000 ms). The refusal is honest and terminal for this write; investigate the membership plane (finding 29)
[2026-09-06T02:00:45Z WARN  squeezefs::fuse_client] write-through failed for ino 2 block 1496 (Io(Custom { kind: StorageFull, error: "I/O error: data volume 'nvme4n1' full: 8178 of 8192 blocks allocated — lane 1 of 16 is exhausted while 0 free block(s) belong to lanes this mount does not own (alloc_lane_enospc_refusals; reach them by adopting a lane whose holder is proven dead, or grow the volume set — docs/operations.md §Multi-writer capacity planning)" })); falling back to staging
[2026-09-06T02:00:45Z ERROR squeezefs::block_allocator] I/O error: data volume 'nvme4n1' full: 8178 of 8192 blocks allocated — lane 1 of 16 is exhausted while 0 free block(s) belong to lanes this mount does not own (alloc_lane_enospc_refusals; reach them by adopting a lane whose holder is proven dead, or grow the volume set — docs/operations.md §Multi-writer capacity planning)
[2026-09-06T02:00:45Z ERROR squeezefs::block_allocator] bounded allocation refusing StorageFull after 1024 ms parked with 0 offset(s) still in grace locally (lane harvest horizon 11468 ms): the pressure deadline never fenced within the wall backstop (1000 ms). The refusal is honest and terminal for this write; investigate the membership plane (finding 29)
[2026-09-06T02:00:45Z ERROR squeezefs::block_allocator] bounded allocation refusing StorageFull after 1040 ms parked with 0 offset(s) still in grace locally (lane harvest horizon 11488 ms): the pressure deadline never fenced within the wall backstop (1000 ms). The refusal is honest and terminal for this write; investigate the membership plane (finding 29)
[2026-09-06T02:00:45Z WARN  squeezefs::fuse_client] write-through failed for ino 2 block 1528 (Io(Custom { kind: StorageFull, error: "I/O error: data volume 'nvme4n1' full: 8178 of 8192 blocks allocated — lane 1 of 16 is exhausted while 0 free block(s) belong to lanes this mount does not own (alloc_lane_enospc_refusals; reach them by adopting a lane whose holder is proven dead, or grow the volume set — docs/operations.md §Multi-writer capacity planning)" })); falling back to staging
[2026-09-06T02:00:45Z ERROR squeezefs::block_allocator] bounded allocation refusing StorageFull after 1025 ms parked with 0 offset(s) still in grace locally (lane harvest horizon 11715 ms): the pressure deadline never fenced within the wall backstop (1000 ms). The refusal is honest and terminal for this write; investigate the membership plane (finding 29)
[2026-09-06T02:00:45Z WARN  squeezefs::fuse_client] write-through failed for ino 2 block 1560 (Io(Custom { kind: StorageFull, error: "I/O error: data volume 'nvme4n1' full: 8178 of 8192 blocks allocated — lane 1 of 16 is exhausted while 0 free block(s) belong to lanes this mount does not own (alloc_lane_enospc_refusals; reach them by adopting a lane whose holder is proven dead, or grow the volume set — docs/operations.md §Multi-writer capacity planning)" })); falling back to staging
[2026-09-06T02:00:45Z ERROR squeezefs::block_allocator] bounded allocation refusing StorageFull after 1027 ms parked with 0 offset(s) still in grace locally (lane harvest horizon 11719 ms): the pressure deadline never fenced within the wall backstop (1000 ms). The refusal is honest and terminal for this write; investigate the membership plane (finding 29)
[2026-09-06T02:00:45Z WARN  squeezefs::fuse_client] write-through failed for ino 2 block 1499 (Io(Custom { kind: StorageFull, error: "I/O error: data volume 'nvme4n1' full: 8178 of 8192 blocks allocated — lane 1 of 16 is exhausted while 0 free block(s) belong to lanes this mount does not own (alloc_lane_enospc_refusals; reach them by adopting a lane whose holder is proven dead, or grow the volume set — docs/operations.md §Multi-writer capacity planning)" })); falling back to staging
[2026-09-06T02:00:45Z ERROR squeezefs::block_allocator] bounded allocation refusing StorageFull after 1034 ms parked with 0 offset(s) still in grace locally (lane harvest horizon 11747 ms): the pressure deadline never fenced within the wall backstop (1000 ms). The refusal is honest and terminal for this write; investigate the membership plane (finding 29)
[2026-09-06T02:00:45Z ERROR squeezefs::block_allocator] bounded allocation refusing StorageFull after 1019 ms parked with 0 offset(s) still in grace locally (lane harvest horizon 11769 ms): the pressure deadline never fenced within the wall backstop (1000 ms). The refusal is honest and terminal for this write; investigate the membership plane (finding 29)
[2026-09-06T02:00:45Z WARN  squeezefs::fuse_client] write-through failed for ino 2 block 1433 (Io(Custom { kind: StorageFull, error: "I/O error: data volume 'nvme4n1' full: 8178 of 8192 blocks allocated — lane 1 of 16 is exhausted while 0 free block(s) belong to lanes this mount does not own (alloc_lane_enospc_refusals; reach them by adopting a lane whose holder is proven dead, or grow the volume set — docs/operations.md §Multi-writer capacity planning)" })); falling back to staging
[2026-09-06T02:00:45Z ERROR fuse3::raw::connection::fuse_over_uring] transport payload lease held 1005 ms (≥ 1 s) — overlong handler invocation or a §5.4 severance escape; watch transport_lease_overlong / transport_parked_commits
[2026-09-06T02:00:45Z ERROR squeezefs::block_allocator] bounded allocation refusing StorageFull after 1023 ms parked with 0 offset(s) still in grace locally (lane harvest horizon 11775 ms): the pressure deadline never fenced within the wall backstop (1000 ms). The refusal is honest and terminal for this write; investigate the membership plane (finding 29)
[2026-09-06T02:00:45Z WARN  squeezefs::fuse_client] write-through failed for ino 2 block 1563 (Io(Custom { kind: StorageFull, error: "I/O error: data volume 'nvme4n1' full: 8178 of 8192 blocks allocated — lane 1 of 16 is exhausted while 0 free block(s) belong to lanes this mount does not own (alloc_lane_enospc_refusals; reach them by adopting a lane whose holder is proven dead, or grow the volume set — docs/operations.md §Multi-writer capacity planning)" })); falling back to staging
[2026-09-06T02:00:45Z ERROR fuse3::raw::connection::fuse_over_uring] transport payload lease held 1005 ms (≥ 1 s) — overlong handler invocation or a §5.4 severance escape; watch transport_lease_overlong / transport_parked_commits
[2026-09-06T02:00:45Z ERROR squeezefs::block_allocator] bounded allocation refusing StorageFull after 1018 ms parked with 0 offset(s) still in grace locally (lane harvest horizon 11775 ms): the pressure deadline never fenced within the wall backstop (1000 ms). The refusal is honest and terminal for this write; investigate the membership plane (finding 29)
[2026-09-06T02:00:45Z ERROR squeezefs::block_allocator] bounded allocation refusing StorageFull after 1023 ms parked with 0 offset(s) still in grace locally (lane harvest horizon 11775 ms): the pressure deadline never fenced within the wall backstop (1000 ms). The refusal is honest and terminal for this write; investigate the membership plane (finding 29)
[2026-09-06T02:00:45Z WARN  squeezefs::routing] rewrite epoch close for ino 2 failed transiently (Io(Custom { kind: StorageFull, error: "I/O error: data volume 'nvme4n1' full: 8178 of 8192 blocks allocated — lane 1 of 16 is exhausted while 0 free block(s) belong to lanes this mount does not own (alloc_lane_enospc_refusals; reach them by adopting a lane whose holder is proven dead, or grow the volume set — docs/operations.md §Multi-writer capacity planning)" })); the epoch stays registered (never-lossy) — the next close trigger retries
[2026-09-06T02:00:45Z ERROR squeezefs::block_allocator] bounded allocation refusing StorageFull after 1023 ms parked with 0 offset(s) still in grace locally (lane harvest horizon 11780 ms): the pressure deadline never fenced within the wall backstop (1000 ms). The refusal is honest and terminal for this write; investigate the membership plane (finding 29)
[2026-09-06T02:00:45Z ERROR squeezefs::block_allocator] bounded allocation refusing StorageFull after 1023 ms parked with 0 offset(s) still in grace locally (lane harvest horizon 11781 ms): the pressure deadline never fenced within the wall backstop (1000 ms). The refusal is honest and terminal for this write; investigate the membership plane (finding 29)
[2026-09-06T02:00:45Z ERROR squeezefs::block_allocator] bounded allocation refusing StorageFull after 1022 ms parked with 0 offset(s) still in grace locally (lane harvest horizon 11792 ms): the pressure deadline never fenced within the wall backstop (1000 ms). The refusal is honest and terminal for this write; investigate the membership plane (finding 29)
[2026-09-06T02:00:45Z ERROR squeezefs::block_allocator] bounded allocation refusing StorageFull after 1021 ms parked with 0 offset(s) still in grace locally (lane harvest horizon 11794 ms): the pressure deadline never fenced within the wall backstop (1000 ms). The refusal is honest and terminal for this write; investigate the membership plane (finding 29)
[2026-09-06T02:00:45Z ERROR squeezefs::block_allocator] bounded allocation refusing StorageFull after 1021 ms parked with 0 offset(s) still in grace locally (lane harvest horizon 11795 ms): the pressure deadline never fenced within the wall backstop (1000 ms). The refusal is honest and terminal for this write; investigate the membership plane (finding 29)
[2026-09-06T02:00:45Z ERROR squeezefs::block_allocator] bounded allocation refusing StorageFull after 1026 ms parked with 0 offset(s) still in grace locally (lane harvest horizon 11796 ms): the pressure deadline never fenced within the wall backstop (1000 ms). The refusal is honest and terminal for this write; investigate the membership plane (finding 29)
[2026-09-06T02:00:46Z ERROR squeezefs::block_allocator] bounded allocation refusing StorageFull after 1021 ms parked with 0 offset(s) still in grace locally (lane harvest horizon 9721 ms): the pressure deadline never fenced within the wall backstop (1000 ms). The refusal is honest and terminal for this write; investigate the membership plane (finding 29)
[2026-09-06T02:00:46Z ERROR squeezefs::block_allocator] bounded allocation refusing StorageFull after 1024 ms parked with 0 offset(s) still in grace locally (lane harvest horizon 9725 ms): the pressure deadline never fenced within the wall backstop (1000 ms). The refusal is honest and terminal for this write; investigate the membership plane (finding 29)
[2026-09-06T02:00:46Z ERROR squeezefs::block_allocator] bounded allocation refusing StorageFull after 1021 ms parked with 0 offset(s) still in grace locally (lane harvest horizon 9725 ms): the pressure deadline never fenced within the wall backstop (1000 ms). The refusal is honest and terminal for this write; investigate the membership plane (finding 29)
[2026-09-06T02:00:46Z WARN  squeezefs::fuse_client] write-through failed for ino 2 block 1595 (Io(Custom { kind: StorageFull, error: "I/O error: data volume 'nvme4n1' full: 8178 of 8192 blocks allocated — lane 1 of 16 is exhausted while 0 free block(s) belong to lanes this mount does not own (alloc_lane_enospc_refusals; reach them by adopting a lane whose holder is proven dead, or grow the volume set — docs/operations.md §Multi-writer capacity planning)" })); falling back to staging
[2026-09-06T02:00:46Z ERROR squeezefs::block_allocator] bounded allocation refusing StorageFull after 1021 ms parked with 0 offset(s) still in grace locally (lane harvest horizon 9798 ms): the pressure deadline never fenced within the wall backstop (1000 ms). The refusal is honest and terminal for this write; investigate the membership plane (finding 29)
[2026-09-06T02:00:46Z ERROR squeezefs::block_allocator] bounded allocation refusing StorageFull after 1028 ms parked with 0 offset(s) still in grace locally (lane harvest horizon 9823 ms): the pressure deadline never fenced within the wall backstop (1000 ms). The refusal is honest and terminal for this write; investigate the membership plane (finding 29)
[2026-09-06T02:00:46Z WARN  squeezefs::fuse_client] write-through failed for ino 2 block 1658 (Io(Custom { kind: StorageFull, error: "I/O error: data volume 'nvme4n1' full: 8178 of 8192 blocks allocated — lane 1 of 16 is exhausted while 0 free block(s) belong to lanes this mount does not own (alloc_lane_enospc_refusals; reach them by adopting a lane whose holder is proven dead, or grow the volume set — docs/operations.md §Multi-writer capacity planning)" })); falling back to staging
[2026-09-06T02:00:46Z ERROR squeezefs::block_allocator] bounded allocation refusing StorageFull after 1019 ms parked with 0 offset(s) still in grace locally (lane harvest horizon 9935 ms): the pressure deadline never fenced within the wall backstop (1000 ms). The refusal is honest and terminal for this write; investigate the membership plane (finding 29)
[2026-09-06T02:00:46Z WARN  squeezefs::fuse_client] write-through failed for ino 2 block 1690 (Io(Custom { kind: StorageFull, error: "I/O error: data volume 'nvme4n1' full: 8178 of 8192 blocks allocated — lane 1 of 16 is exhausted while 0 free block(s) belong to lanes this mount does not own (alloc_lane_enospc_refusals; reach them by adopting a lane whose holder is proven dead, or grow the volume set — docs/operations.md §Multi-writer capacity planning)" })); falling back to staging
[2026-09-06T02:00:46Z ERROR squeezefs::block_allocator] bounded allocation refusing StorageFull after 1023 ms parked with 0 offset(s) still in grace locally (lane harvest horizon 9955 ms): the pressure deadline never fenced within the wall backstop (1000 ms). The refusal is honest and terminal for this write; investigate the membership plane (finding 29)
[2026-09-06T02:00:46Z ERROR squeezefs::block_allocator] I/O error: data volume 'nvme4n1' full: 8178 of 8192 blocks allocated — lane 1 of 16 is exhausted while 0 free block(s) belong to lanes this mount does not own (alloc_lane_enospc_refusals; reach them by adopting a lane whose holder is proven dead, or grow the volume set — docs/operations.md §Multi-writer capacity planning)
[2026-09-06T02:00:46Z ERROR squeezefs::block_allocator] bounded allocation refusing StorageFull after 1029 ms parked with 0 offset(s) still in grace locally (lane harvest horizon 10200 ms): the pressure deadline never fenced within the wall backstop (1000 ms). The refusal is honest and terminal for this write; investigate the membership plane (finding 29)
[2026-09-06T02:00:46Z WARN  squeezefs::fuse_client] write-through failed for ino 2 block 1722 (Io(Custom { kind: StorageFull, error: "I/O error: data volume 'nvme4n1' full: 8178 of 8192 blocks allocated — lane 1 of 16 is exhausted while 0 free block(s) belong to lanes this mount does not own (alloc_lane_enospc_refusals; reach them by adopting a lane whose holder is proven dead, or grow the volume set — docs/operations.md §Multi-writer capacity planning)" })); falling back to staging
[2026-09-06T02:00:46Z ERROR squeezefs::block_allocator] bounded allocation refusing StorageFull after 1050 ms parked with 0 offset(s) still in grace locally (lane harvest horizon 10241 ms): the pressure deadline never fenced within the wall backstop (1000 ms). The refusal is honest and terminal for this write; investigate the membership plane (finding 29)
[2026-09-06T02:00:46Z ERROR squeezefs::block_allocator] bounded allocation refusing StorageFull after 1006 ms parked with 0 offset(s) still in grace locally (lane harvest horizon 10422 ms): the pressure deadline never fenced within the wall backstop (1000 ms). The refusal is honest and terminal for this write; investigate the membership plane (finding 29)
[2026-09-06T02:00:46Z ERROR squeezefs::block_allocator] bounded allocation refusing StorageFull after 1006 ms parked with 0 offset(s) still in grace locally (lane harvest horizon 10423 ms): the pressure deadline never fenced within the wall backstop (1000 ms). The refusal is honest and terminal for this write; investigate the membership plane (finding 29)
[2026-09-06T02:00:46Z ERROR squeezefs::block_allocator] bounded allocation refusing StorageFull after 1027 ms parked with 0 offset(s) still in grace locally (lane harvest horizon 10447 ms): the pressure deadline never fenced within the wall backstop (1000 ms). The refusal is honest and terminal for this write; investigate the membership plane (finding 29)
[2026-09-06T02:00:46Z WARN  squeezefs::fuse_client] write-through failed for ino 2 block 1432 (Io(Custom { kind: StorageFull, error: "I/O error: data volume 'nvme4n1' full: 8178 of 8192 blocks allocated — lane 1 of 16 is exhausted while 0 free block(s) belong to lanes this mount does not own (alloc_lane_enospc_refusals; reach them by adopting a lane whose holder is proven dead, or grow the volume set — docs/operations.md §Multi-writer capacity planning)" })); falling back to staging
[2026-09-06T02:00:46Z ERROR squeezefs::block_allocator] bounded allocation refusing StorageFull after 1032 ms parked with 0 offset(s) still in grace locally (lane harvest horizon 10452 ms): the pressure deadline never fenced within the wall backstop (1000 ms). The refusal is honest and terminal for this write; investigate the membership plane (finding 29)
[2026-09-06T02:00:46Z ERROR squeezefs::block_allocator] bounded allocation refusing StorageFull after 1031 ms parked with 0 offset(s) still in grace locally (lane harvest horizon 10478 ms): the pressure deadline never fenced within the wall backstop (1000 ms). The refusal is honest and terminal for this write; investigate the membership plane (finding 29)
[2026-09-06T02:00:46Z WARN  squeezefs::fuse_client] write-through failed for ino 2 block 1786 (Io(Custom { kind: StorageFull, error: "I/O error: data volume 'nvme4n1' full: 8178 of 8192 blocks allocated — lane 1 of 16 is exhausted while 0 free block(s) belong to lanes this mount does not own (alloc_lane_enospc_refusals; reach them by adopting a lane whose holder is proven dead, or grow the volume set — docs/operations.md §Multi-writer capacity planning)" })); falling back to staging
[2026-09-06T02:00:46Z ERROR squeezefs::block_allocator] bounded allocation refusing StorageFull after 1031 ms parked with 0 offset(s) still in grace locally (lane harvest horizon 10507 ms): the pressure deadline never fenced within the wall backstop (1000 ms). The refusal is honest and terminal for this write; investigate the membership plane (finding 29)
[2026-09-06T02:00:46Z ERROR squeezefs::block_allocator] bounded allocation refusing StorageFull after 1026 ms parked with 0 offset(s) still in grace locally (lane harvest horizon 10507 ms): the pressure deadline never fenced within the wall backstop (1000 ms). The refusal is honest and terminal for this write; investigate the membership plane (finding 29)
[2026-09-06T02:00:46Z ERROR squeezefs::block_allocator] bounded allocation refusing StorageFull after 1035 ms parked with 0 offset(s) still in grace locally (lane harvest horizon 10509 ms): the pressure deadline never fenced within the wall backstop (1000 ms). The refusal is honest and terminal for this write; investigate the membership plane (finding 29)
[2026-09-06T02:00:46Z ERROR squeezefs::block_allocator] bounded allocation refusing StorageFull after 1036 ms parked with 0 offset(s) still in grace locally (lane harvest horizon 10521 ms): the pressure deadline never fenced within the wall backstop (1000 ms). The refusal is honest and terminal for this write; investigate the membership plane (finding 29)
[2026-09-06T02:00:46Z ERROR squeezefs::block_allocator] bounded allocation refusing StorageFull after 1043 ms parked with 0 offset(s) still in grace locally (lane harvest horizon 10524 ms): the pressure deadline never fenced within the wall backstop (1000 ms). The refusal is honest and terminal for this write; investigate the membership plane (finding 29)
[2026-09-06T02:00:46Z WARN  squeezefs::routing] rewrite epoch close for ino 2 failed transiently (Io(Custom { kind: StorageFull, error: "I/O error: data volume 'nvme4n1' full: 8178 of 8192 blocks allocated — lane 1 of 16 is exhausted while 0 free block(s) belong to lanes this mount does not own (alloc_lane_enospc_refusals; reach them by adopting a lane whose holder is proven dead, or grow the volume set — docs/operations.md §Multi-writer capacity planning)" })); the epoch stays registered (never-lossy) — the next close trigger retries
[2026-09-06T02:00:46Z ERROR squeezefs::block_allocator] bounded allocation refusing StorageFull after 1050 ms parked with 0 offset(s) still in grace locally (lane harvest horizon 10526 ms): the pressure deadline never fenced within the wall backstop (1000 ms). The refusal is honest and terminal for this write; investigate the membership plane (finding 29)
[2026-09-06T02:00:46Z WARN  squeezefs::fuse_client] write-through failed for ino 2 block 1531 (Io(Custom { kind: StorageFull, error: "I/O error: data volume 'nvme4n1' full: 8178 of 8192 blocks allocated — lane 1 of 16 is exhausted while 0 free block(s) belong to lanes this mount does not own (alloc_lane_enospc_refusals; reach them by adopting a lane whose holder is proven dead, or grow the volume set — docs/operations.md §Multi-writer capacity planning)" })); falling back to staging
[2026-09-06T02:00:46Z ERROR fuse3::raw::connection::fuse_over_uring] transport payload lease held 1033 ms (≥ 1 s) — overlong handler invocation or a §5.4 severance escape; watch transport_lease_overlong / transport_parked_commits
[2026-09-06T02:00:46Z ERROR fuse3::raw::connection::fuse_over_uring] transport payload lease held 2074 ms (≥ 1 s) — overlong handler invocation or a §5.4 severance escape; watch transport_lease_overlong / transport_parked_commits
[2026-09-06T02:00:48Z ERROR squeezefs::meta_ship::publish] S9: the authority refused 1 shipped free(s) (vol_tag 0xad7b1d37b0829b08, request 6883): already free/graced/quarantined — the double-release lineage, surfaced on the authority's own tripwire
[2026-09-06T02:00:48Z ERROR squeezefs::meta_ship::publish] S9: the authority refused 1 shipped free(s) (vol_tag 0xad7b1d37b0829b08, request 6887): already free/graced/quarantined — the double-release lineage, surfaced on the authority's own tripwire
[2026-09-06T02:00:48Z ERROR squeezefs::meta_ship::publish] S9: the authority refused 1 shipped free(s) (vol_tag 0xad7b1d37b0829b08, request 6891): already free/graced/quarantined — the double-release lineage, surfaced on the authority's own tripwire
[2026-09-06T02:00:48Z ERROR squeezefs::meta_ship::publish] S9: the authority refused 1 shipped free(s) (vol_tag 0xad7b1d37b0829b08, request 6895): already free/graced/quarantined — the double-release lineage, surfaced on the authority's own tripwire
[2026-09-06T02:00:48Z ERROR squeezefs::meta_ship::publish] S9: the authority refused 1 shipped free(s) (vol_tag 0xad7b1d37b0829b08, request 6899): already free/graced/quarantined — the double-release lineage, surfaced on the authority's own tripwire
[2026-09-06T02:00:48Z ERROR squeezefs::meta_ship::publish] S9: the authority refused 1 shipped free(s) (vol_tag 0xad7b1d37b0829b08, request 6903): already free/graced/quarantined — the double-release lineage, surfaced on the authority's own tripwire
[2026-09-06T02:00:48Z ERROR squeezefs::meta_ship::publish] S9: the authority refused 1 shipped free(s) (vol_tag 0xad7b1d37b0829b08, request 6907): already free/graced/quarantined — the double-release lineage, surfaced on the authority's own tripwire
[2026-09-06T02:00:48Z ERROR squeezefs::meta_ship::publish] S9: the authority refused 1 shipped free(s) (vol_tag 0xad7b1d37b0829b08, request 6911): already free/graced/quarantined — the double-release lineage, surfaced on the authority's own tripwire
[2026-09-06T02:00:48Z ERROR squeezefs::meta_ship::publish] S9: the authority refused 1 shipped free(s) (vol_tag 0xad7b1d37b0829b08, request 6915): already free/graced/quarantined — the double-release lineage, surfaced on the authority's own tripwire
[2026-09-06T02:00:48Z ERROR squeezefs::meta_ship::publish] S9: the authority refused 1 shipped free(s) (vol_tag 0xad7b1d37b0829b08, request 6919): already free/graced/quarantined — the double-release lineage, surfaced on the authority's own tripwire
[2026-09-06T02:00:48Z ERROR squeezefs::meta_ship::publish] S9: the authority refused 1 shipped free(s) (vol_tag 0xad7b1d37b0829b08, request 6923): already free/graced/quarantined — the double-release lineage, surfaced on the authority's own tripwire
[2026-09-06T02:00:48Z ERROR squeezefs::meta_ship::publish] S9: the authority refused 1 shipped free(s) (vol_tag 0xad7b1d37b0829b08, request 6927): already free/graced/quarantined — the double-release lineage, surfaced on the authority's own tripwire
[2026-09-06T02:00:48Z ERROR squeezefs::meta_ship::publish] S9: the authority refused 1 shipped free(s) (vol_tag 0xad7b1d37b0829b08, request 6931): already free/graced/quarantined — the double-release lineage, surfaced on the authority's own tripwire
[2026-09-06T02:00:49Z ERROR squeezefs::meta_ship::publish] S9: the authority refused 1 shipped free(s) (vol_tag 0xad7b1d37b0829b08, request 6935): already free/graced/quarantined — the double-release lineage, surfaced on the authority's own tripwire
[2026-09-06T02:00:49Z ERROR squeezefs::meta_ship::publish] S9: the authority refused 1 shipped free(s) (vol_tag 0xad7b1d37b0829b08, request 6939): already free/graced/quarantined — the double-release lineage, surfaced on the authority's own tripwire
[2026-09-06T02:00:49Z ERROR squeezefs::meta_ship::publish] S9: the authority refused 1 shipped free(s) (vol_tag 0xad7b1d37b0829b08, request 6943): already free/graced/quarantined — the double-release lineage, surfaced on the authority's own tripwire
[2026-09-06T02:00:49Z ERROR squeezefs::meta_ship::publish] S9: the authority refused 1 shipped free(s) (vol_tag 0xad7b1d37b0829b08, request 6947): already free/graced/quarantined — the double-release lineage, surfaced on the authority's own tripwire
[2026-09-06T02:00:49Z ERROR squeezefs::meta_ship::publish] S9: the authority refused 1 shipped free(s) (vol_tag 0xad7b1d37b0829b08, request 6951): already free/graced/quarantined — the double-release lineage, surfaced on the authority's own tripwire
[2026-09-06T02:00:49Z ERROR squeezefs::meta_ship::publish] S9: the authority refused 1 shipped free(s) (vol_tag 0xad7b1d37b0829b08, request 6955): already free/graced/quarantined — the double-release lineage, surfaced on the authority's own tripwire
[2026-09-06T02:00:49Z ERROR squeezefs::meta_ship::publish] S9: the authority refused 1 shipped free(s) (vol_tag 0xad7b1d37b0829b08, request 6959): already free/graced/quarantined — the double-release lineage, surfaced on the authority's own tripwire
[2026-09-06T02:00:49Z ERROR squeezefs::meta_ship::publish] S9: the authority refused 1 shipped free(s) (vol_tag 0xad7b1d37b0829b08, request 6963): already free/graced/quarantined — the double-release lineage, surfaced on the authority's own tripwire
[2026-09-06T02:00:49Z ERROR squeezefs::meta_ship::publish] S9: the authority refused 1 shipped free(s) (vol_tag 0xad7b1d37b0829b08, request 6967): already free/graced/quarantined — the double-release lineage, surfaced on the authority's own tripwire
[2026-09-06T02:00:49Z ERROR squeezefs::meta_ship::publish] S9: the authority refused 1 shipped free(s) (vol_tag 0xad7b1d37b0829b08, request 6971): already free/graced/quarantined — the double-release lineage, surfaced on the authority's own tripwire
[2026-09-06T02:00:49Z ERROR squeezefs::meta_ship::publish] S9: the authority refused 1 shipped free(s) (vol_tag 0xad7b1d37b0829b08, request 6975): already free/graced/quarantined — the double-release lineage, surfaced on the authority's own tripwire
[2026-09-06T02:00:49Z ERROR squeezefs::meta_ship::publish] S9: the authority refused 1 shipped free(s) (vol_tag 0xad7b1d37b0829b08, request 6979): already free/graced/quarantined — the double-release lineage, surfaced on the authority's own tripwire
[2026-09-06T02:00:49Z ERROR squeezefs::meta_ship::publish] S9: the authority refused 1 shipped free(s) (vol_tag 0xad7b1d37b0829b08, request 6983): already free/graced/quarantined — the double-release lineage, surfaced on the authority's own tripwire
[2026-09-06T02:00:49Z ERROR squeezefs::meta_ship::publish] S9: the authority refused 1 shipped free(s) (vol_tag 0xad7b1d37b0829b08, request 6987): already free/graced/quarantined — the double-release lineage, surfaced on the authority's own tripwire
[2026-09-06T02:00:49Z ERROR squeezefs::meta_ship::publish] S9: the authority refused 1 shipped free(s) (vol_tag 0xad7b1d37b0829b08, request 6991): already free/graced/quarantined — the double-release lineage, surfaced on the authority's own tripwire
[2026-09-06T02:00:50Z ERROR squeezefs::meta_ship::publish] S9: the authority refused 1 shipped free(s) (vol_tag 0xad7b1d37b0829b08, request 6995): already free/graced/quarantined — the double-release lineage, surfaced on the authority's own tripwire
[2026-09-06T02:00:50Z ERROR squeezefs::meta_ship::publish] S9: the authority refused 1 shipped free(s) (vol_tag 0xad7b1d37b0829b08, request 6999): already free/graced/quarantined — the double-release lineage, surfaced on the authority's own tripwire
[2026-09-06T02:00:50Z ERROR squeezefs::meta_ship::publish] S9: the authority refused 1 shipped free(s) (vol_tag 0xad7b1d37b0829b08, request 7003): already free/graced/quarantined — the double-release lineage, surfaced on the authority's own tripwire
[2026-09-06T02:00:50Z ERROR squeezefs::meta_ship::publish] S9: the authority refused 1 shipped free(s) (vol_tag 0xad7b1d37b0829b08, request 7007): already free/graced/quarantined — the double-release lineage, surfaced on the authority's own tripwire
[2026-09-06T02:00:50Z ERROR squeezefs::meta_ship::publish] S9: the authority refused 1 shipped free(s) (vol_tag 0xad7b1d37b0829b08, request 7012): already free/graced/quarantined — the double-release lineage, surfaced on the authority's own tripwire
[2026-09-06T02:00:50Z ERROR squeezefs::meta_ship::publish] S9: the authority refused 1 shipped free(s) (vol_tag 0xad7b1d37b0829b08, request 7015): already free/graced/quarantined — the double-release lineage, surfaced on the authority's own tripwire
[2026-09-06T02:00:51Z ERROR squeezefs::meta_ship::publish] S9: the authority refused 1 shipped free(s) (vol_tag 0xad7b1d37b0829b08, request 7020): already free/graced/quarantined — the double-release lineage, surfaced on the authority's own tripwire
[2026-09-06T02:00:51Z ERROR squeezefs::meta_ship::publish] S9: the authority refused 1 shipped free(s) (vol_tag 0xad7b1d37b0829b08, request 7024): already free/graced/quarantined — the double-release lineage, surfaced on the authority's own tripwire
[2026-09-06T02:00:51Z ERROR squeezefs::meta_ship::publish] S9: the authority refused 1 shipped free(s) (vol_tag 0xad7b1d37b0829b08, request 7029): already free/graced/quarantined — the double-release lineage, surfaced on the authority's own tripwire
[2026-09-06T02:00:51Z ERROR squeezefs::meta_ship::publish] S9: the authority refused 1 shipped free(s) (vol_tag 0xad7b1d37b0829b08, request 7033): already free/graced/quarantined — the double-release lineage, surfaced on the authority's own tripwire
[2026-09-06T02:01:24Z ERROR squeezefs::meta_ship::publish] S9: the authority refused 1 shipped free(s) (vol_tag 0xad7b1d37b0829b08, request 7036): already free/graced/quarantined — the double-release lineage, surfaced on the authority's own tripwire
[2026-09-06T02:01:26Z ERROR squeezefs::meta_ship::publish] S9: the authority refused 1 shipped free(s) (vol_tag 0xad7b1d37b0829b08, request 7042): already free/graced/quarantined — the double-release lineage, surfaced on the authority's own tripwire
[2026-09-06T02:01:26Z ERROR squeezefs::meta_ship::publish] S9: the authority refused 1 shipped free(s) (vol_tag 0xad7b1d37b0829b08, request 7046): already free/graced/quarantined — the double-release lineage, surfaced on the authority's own tripwire
[2026-09-06T02:01:26Z ERROR squeezefs::meta_ship::publish] S9: the authority refused 1 shipped free(s) (vol_tag 0xad7b1d37b0829b08, request 7050): already free/graced/quarantined — the double-release lineage, surfaced on the authority's own tripwire
[2026-09-06T02:01:26Z ERROR squeezefs::meta_ship::publish] S9: the authority refused 1 shipped free(s) (vol_tag 0xad7b1d37b0829b08, request 7054): already free/graced/quarantined — the double-release lineage, surfaced on the authority's own tripwire
[2026-09-06T02:01:26Z ERROR squeezefs::meta_ship::publish] S9: the authority refused 1 shipped free(s) (vol_tag 0xad7b1d37b0829b08, request 7058): already free/graced/quarantined — the double-release lineage, surfaced on the authority's own tripwire
[2026-09-06T02:01:26Z ERROR squeezefs::meta_ship::publish] S9: the authority refused 1 shipped free(s) (vol_tag 0xad7b1d37b0829b08, request 7062): already free/graced/quarantined — the double-release lineage, surfaced on the authority's own tripwire
[2026-09-06T02:01:26Z ERROR squeezefs::meta_ship::publish] S9: the authority refused 1 shipped free(s) (vol_tag 0xad7b1d37b0829b08, request 7066): already free/graced/quarantined — the double-release lineage, surfaced on the authority's own tripwire
[2026-09-06T02:01:26Z ERROR squeezefs::meta_ship::publish] S9: the authority refused 1 shipped free(s) (vol_tag 0xad7b1d37b0829b08, request 7070): already free/graced/quarantined — the double-release lineage, surfaced on the authority's own tripwire
[2026-09-06T02:01:26Z ERROR squeezefs::meta_ship::publish] S9: the authority refused 1 shipped free(s) (vol_tag 0xad7b1d37b0829b08, request 7075): already free/graced/quarantined — the double-release lineage, surfaced on the authority's own tripwire
[2026-09-06T02:01:26Z ERROR squeezefs::meta_ship::publish] S9: the authority refused 1 shipped free(s) (vol_tag 0xad7b1d37b0829b08, request 7080): already free/graced/quarantined — the double-release lineage, surfaced on the authority's own tripwire
[2026-09-06T02:01:26Z ERROR squeezefs::meta_ship::publish] S9: the authority refused 1 shipped free(s) (vol_tag 0xad7b1d37b0829b08, request 7083): already free/graced/quarantined — the double-release lineage, surfaced on the authority's own tripwire
[2026-09-06T02:01:27Z ERROR squeezefs::meta_ship::publish] S9: the authority refused 1 shipped free(s) (vol_tag 0xad7b1d37b0829b08, request 7091): already free/graced/quarantined — the double-release lineage, surfaced on the authority's own tripwire
[2026-09-06T02:01:27Z ERROR squeezefs::meta_ship::publish] S9: the authority refused 1 shipped free(s) (vol_tag 0xad7b1d37b0829b08, request 7096): already free/graced/quarantined — the double-release lineage, surfaced on the authority's own tripwire
[2026-09-06T02:01:27Z ERROR squeezefs::meta_ship::publish] S9: the authority refused 1 shipped free(s) (vol_tag 0xad7b1d37b0829b08, request 7100): already free/graced/quarantined — the double-release lineage, surfaced on the authority's own tripwire
[2026-09-06T02:01:27Z ERROR squeezefs::meta_ship::publish] S9: the authority refused 1 shipped free(s) (vol_tag 0xad7b1d37b0829b08, request 7105): already free/graced/quarantined — the double-release lineage, surfaced on the authority's own tripwire
[2026-09-06T02:01:27Z ERROR squeezefs::meta_ship::publish] S9: the authority refused 1 shipped free(s) (vol_tag 0xad7b1d37b0829b08, request 7108): already free/graced/quarantined — the double-release lineage, surfaced on the authority's own tripwire
[2026-09-06T02:01:27Z ERROR squeezefs::meta_ship::publish] S9: the authority refused 1 shipped free(s) (vol_tag 0xad7b1d37b0829b08, request 7113): already free/graced/quarantined — the double-release lineage, surfaced on the authority's own tripwire
[2026-09-06T02:01:27Z ERROR squeezefs::block_allocator] I/O error: data volume 'nvme3n1' full: 8178 of 8192 blocks allocated — lane 1 of 16 is exhausted while 0 free block(s) belong to lanes this mount does not own (alloc_lane_enospc_refusals; reach them by adopting a lane whose holder is proven dead, or grow the volume set — docs/operations.md §Multi-writer capacity planning)
[2026-09-06T02:01:28Z ERROR squeezefs::block_allocator] I/O error: data volume 'nvme3n1' full: 8178 of 8192 blocks allocated — lane 1 of 16 is exhausted while 0 free block(s) belong to lanes this mount does not own (alloc_lane_enospc_refusals; reach them by adopting a lane whose holder is proven dead, or grow the volume set — docs/operations.md §Multi-writer capacity planning)
[2026-09-06T02:01:28Z ERROR squeezefs::block_allocator] bounded allocation refusing StorageFull after 1008 ms parked with 0 offset(s) still in grace locally (lane harvest horizon 18943 ms): the pressure deadline never fenced within the wall backstop (1000 ms). The refusal is honest and terminal for this write; investigate the membership plane (finding 29)
[2026-09-06T02:01:29Z ERROR squeezefs::block_allocator] I/O error: data volume 'nvme3n1' full: 8178 of 8192 blocks allocated — lane 1 of 16 is exhausted while 0 free block(s) belong to lanes this mount does not own (alloc_lane_enospc_refusals; reach them by adopting a lane whose holder is proven dead, or grow the volume set — docs/operations.md §Multi-writer capacity planning)
[2026-09-06T02:01:29Z ERROR squeezefs::block_allocator] bounded allocation refusing StorageFull after 1000 ms parked with 0 offset(s) still in grace locally (lane harvest horizon 19942 ms): the pressure deadline never fenced within the wall backstop (1000 ms). The refusal is honest and terminal for this write; investigate the membership plane (finding 29)
[2026-09-06T02:01:29Z WARN  squeezefs::fuse_client] fsync durable upload failed for ino 2 block 2459 (Io(Custom { kind: StorageFull, error: "I/O error: data volume 'nvme3n1' full: 8178 of 8192 blocks allocated — lane 1 of 16 is exhausted while 0 free block(s) belong to lanes this mount does not own (alloc_lane_enospc_refusals; reach them by adopting a lane whose holder is proven dead, or grow the volume set — docs/operations.md §Multi-writer capacity planning)" })); preserving the acked bytes in staging and failing the fsync
[2026-09-06T02:01:30Z ERROR squeezefs::block_allocator] I/O error: data volume 'nvme3n1' full: 8178 of 8192 blocks allocated — lane 1 of 16 is exhausted while 0 free block(s) belong to lanes this mount does not own (alloc_lane_enospc_refusals; reach them by adopting a lane whose holder is proven dead, or grow the volume set — docs/operations.md §Multi-writer capacity planning)
[2026-09-06T02:01:30Z ERROR squeezefs::block_allocator] bounded allocation refusing StorageFull after 1020 ms parked with 0 offset(s) still in grace locally (lane harvest horizon 20963 ms): the pressure deadline never fenced within the wall backstop (1000 ms). The refusal is honest and terminal for this write; investigate the membership plane (finding 29)
[2026-09-06T02:01:30Z ERROR squeezefs::fuse_client] FUSE Fsync failed for ino 2: Io(Custom { kind: StorageFull, error: "I/O error: data volume 'nvme3n1' full: 8178 of 8192 blocks allocated — lane 1 of 16 is exhausted while 0 free block(s) belong to lanes this mount does not own (alloc_lane_enospc_refusals; reach them by adopting a lane whose holder is proven dead, or grow the volume set — docs/operations.md §Multi-writer capacity planning)" })
[2026-09-06T02:01:30Z ERROR squeezefs::fuse_client] Squeezefs operational error: Io(Custom { kind: StorageFull, error: "I/O error: data volume 'nvme3n1' full: 8178 of 8192 blocks allocated — lane 1 of 16 is exhausted while 0 free block(s) belong to lanes this mount does not own (alloc_lane_enospc_refusals; reach them by adopting a lane whose holder is proven dead, or grow the volume set — docs/operations.md §Multi-writer capacity planning)" })
[2026-09-06T02:01:31Z ERROR squeezefs::block_allocator] I/O error: data volume 'nvme3n1' full: 8178 of 8192 blocks allocated — lane 1 of 16 is exhausted while 0 free block(s) belong to lanes this mount does not own (alloc_lane_enospc_refusals; reach them by adopting a lane whose holder is proven dead, or grow the volume set — docs/operations.md §Multi-writer capacity planning)
[2026-09-06T02:01:31Z ERROR squeezefs::block_allocator] bounded allocation refusing StorageFull after 1017 ms parked with 0 offset(s) still in grace locally (lane harvest horizon 21995 ms): the pressure deadline never fenced within the wall backstop (1000 ms). The refusal is honest and terminal for this write; investigate the membership plane (finding 29)
[2026-09-06T02:01:31Z WARN  squeezefs::block_allocator] co-writer: abandoning never-published block offset(s) leak-safe (volume 'nvme4n1', first offset 4366270464): the publish that would have named them failed or refused, and a co-writer may not mutate ownership accounting — the next derivation (mount recovery / fsck C6) returns them to the free supply (cowriter_unpublished_abandons; further offsets at debug level)
[2026-09-06T02:01:32Z ERROR squeezefs::block_allocator] I/O error: data volume 'nvme3n1' full: 8178 of 8192 blocks allocated — lane 1 of 16 is exhausted while 0 free block(s) belong to lanes this mount does not own (alloc_lane_enospc_refusals; reach them by adopting a lane whose holder is proven dead, or grow the volume set — docs/operations.md §Multi-writer capacity planning)
[2026-09-06T02:01:32Z ERROR squeezefs::block_allocator] bounded allocation refusing StorageFull after 1017 ms parked with 0 offset(s) still in grace locally (lane harvest horizon 23027 ms): the pressure deadline never fenced within the wall backstop (1000 ms). The refusal is honest and terminal for this write; investigate the membership plane (finding 29)
[2026-09-06T02:01:33Z ERROR squeezefs::block_allocator] I/O error: data volume 'nvme3n1' full: 8178 of 8192 blocks allocated — lane 1 of 16 is exhausted while 0 free block(s) belong to lanes this mount does not own (alloc_lane_enospc_refusals; reach them by adopting a lane whose holder is proven dead, or grow the volume set — docs/operations.md §Multi-writer capacity planning)
[2026-09-06T02:01:33Z ERROR squeezefs::block_allocator] bounded allocation refusing StorageFull after 1015 ms parked with 0 offset(s) still in grace locally (lane harvest horizon 13916 ms): the pressure deadline never fenced within the wall backstop (1000 ms). The refusal is honest and terminal for this write; investigate the membership plane (finding 29)
[2026-09-06T02:01:34Z ERROR squeezefs::block_allocator] I/O error: data volume 'nvme3n1' full: 8178 of 8192 blocks allocated — lane 1 of 16 is exhausted while 0 free block(s) belong to lanes this mount does not own (alloc_lane_enospc_refusals; reach them by adopting a lane whose holder is proven dead, or grow the volume set — docs/operations.md §Multi-writer capacity planning)
[2026-09-06T02:01:34Z ERROR squeezefs::block_allocator] bounded allocation refusing StorageFull after 1013 ms parked with 0 offset(s) still in grace locally (lane harvest horizon 14950 ms): the pressure deadline never fenced within the wall backstop (1000 ms). The refusal is honest and terminal for this write; investigate the membership plane (finding 29)
[2026-09-06T02:01:36Z ERROR squeezefs::block_allocator] I/O error: data volume 'nvme3n1' full: 8178 of 8192 blocks allocated — lane 1 of 16 is exhausted while 0 free block(s) belong to lanes this mount does not own (alloc_lane_enospc_refusals; reach them by adopting a lane whose holder is proven dead, or grow the volume set — docs/operations.md §Multi-writer capacity planning)
[2026-09-06T02:01:36Z ERROR squeezefs::block_allocator] bounded allocation refusing StorageFull after 1015 ms parked with 0 offset(s) still in grace locally (lane harvest horizon 15944 ms): the pressure deadline never fenced within the wall backstop (1000 ms). The refusal is honest and terminal for this write; investigate the membership plane (finding 29)
[2026-09-06T02:01:39Z ERROR squeezefs::meta_ship::publish] S9: the authority refused 1 shipped free(s) (vol_tag 0xc5e11286df218556, request 7312): already free/graced/quarantined — the double-release lineage, surfaced on the authority's own tripwire
[2026-09-06T02:01:48Z ERROR squeezefs::meta_ship::publish] S9: the authority refused 1 shipped free(s) (vol_tag 0xc5e11286df218556, request 7318): already free/graced/quarantined — the double-release lineage, surfaced on the authority's own tripwire
[2026-09-06T02:01:50Z ERROR squeezefs::meta_ship::publish] S9: the authority refused 1 shipped free(s) (vol_tag 0xc5e11286df218556, request 7325): already free/graced/quarantined — the double-release lineage, surfaced on the authority's own tripwire
[2026-09-06T02:01:51Z ERROR squeezefs::meta_ship::publish] S9: the authority refused 1 shipped free(s) (vol_tag 0xc5e11286df218556, request 7330): already free/graced/quarantined — the double-release lineage, surfaced on the authority's own tripwire
[2026-09-06T02:01:52Z ERROR fuse3::raw::connection::fuse_over_uring] transport payload lease held 1050 ms (≥ 1 s) — overlong handler invocation or a §5.4 severance escape; watch transport_lease_overlong / transport_parked_commits
[2026-09-06T02:01:52Z ERROR fuse3::raw::connection::fuse_over_uring] transport payload lease held 1439 ms (≥ 1 s) — overlong handler invocation or a §5.4 severance escape; watch transport_lease_overlong / transport_parked_commits
[2026-09-06T02:01:52Z ERROR squeezefs::meta_ship::publish] S9: the authority refused 1 shipped free(s) (vol_tag 0xad7b1d37b0829b08, request 7334): already free/graced/quarantined — the double-release lineage, surfaced on the authority's own tripwire
[2026-09-06T02:01:52Z ERROR fuse3::raw::connection::fuse_over_uring] transport payload lease held 1434 ms (≥ 1 s) — overlong handler invocation or a §5.4 severance escape; watch transport_lease_overlong / transport_parked_commits
[2026-09-06T02:01:52Z ERROR fuse3::raw::connection::fuse_over_uring] transport payload lease held 1455 ms (≥ 1 s) — overlong handler invocation or a §5.4 severance escape; watch transport_lease_overlong / transport_parked_commits
[2026-09-06T02:01:52Z ERROR fuse3::raw::connection::fuse_over_uring] transport payload lease held 1453 ms (≥ 1 s) — overlong handler invocation or a §5.4 severance escape; watch transport_lease_overlong / transport_parked_commits
[2026-09-06T02:01:52Z ERROR squeezefs::meta_ship::publish] S9: the authority refused 1 shipped free(s) (vol_tag 0xad7b1d37b0829b08, request 7339): already free/graced/quarantined — the double-release lineage, surfaced on the authority's own tripwire
[2026-09-06T02:01:52Z ERROR squeezefs::meta_ship::publish] S9: the authority refused 1 shipped free(s) (vol_tag 0xc5e11286df218556, request 7343): already free/graced/quarantined — the double-release lineage, surfaced on the authority's own tripwire
[2026-09-06T02:01:52Z ERROR squeezefs::meta_ship::publish] S9: the authority refused 1 shipped free(s) (vol_tag 0xc5e11286df218556, request 7347): already free/graced/quarantined — the double-release lineage, surfaced on the authority's own tripwire
[2026-09-06T02:01:52Z ERROR squeezefs::meta_ship::publish] S9: the authority refused 1 shipped free(s) (vol_tag 0xad7b1d37b0829b08, request 7351): already free/graced/quarantined — the double-release lineage, surfaced on the authority's own tripwire
[2026-09-06T02:01:52Z ERROR squeezefs::meta_ship::publish] S9: the authority refused 1 shipped free(s) (vol_tag 0xc5e11286df218556, request 7355): already free/graced/quarantined — the double-release lineage, surfaced on the authority's own tripwire
[2026-09-06T02:01:52Z ERROR squeezefs::meta_ship::publish] S9: the authority refused 1 shipped free(s) (vol_tag 0xc5e11286df218556, request 7360): already free/graced/quarantined — the double-release lineage, surfaced on the authority's own tripwire
[2026-09-06T02:01:52Z ERROR squeezefs::meta_ship::publish] S9: the authority refused 1 shipped free(s) (vol_tag 0xc5e11286df218556, request 7364): already free/graced/quarantined — the double-release lineage, surfaced on the authority's own tripwire
[2026-09-06T02:01:53Z ERROR squeezefs::meta_ship::publish] S9: the authority refused 1 shipped free(s) (vol_tag 0xad7b1d37b0829b08, request 7374): already free/graced/quarantined — the double-release lineage, surfaced on the authority's own tripwire
[2026-09-06T02:01:53Z ERROR squeezefs::meta_ship::publish] S9: the authority refused 1 shipped free(s) (vol_tag 0xad7b1d37b0829b08, request 7378): already free/graced/quarantined — the double-release lineage, surfaced on the authority's own tripwire
[2026-09-06T02:01:53Z ERROR squeezefs::meta_ship::publish] S9: the authority refused 1 shipped free(s) (vol_tag 0xad7b1d37b0829b08, request 7382): already free/graced/quarantined — the double-release lineage, surfaced on the authority's own tripwire
[2026-09-06T02:01:53Z ERROR squeezefs::meta_ship::publish] S9: the authority refused 1 shipped free(s) (vol_tag 0xad7b1d37b0829b08, request 7387): already free/graced/quarantined — the double-release lineage, surfaced on the authority's own tripwire
[2026-09-06T02:01:53Z ERROR squeezefs::meta_ship::publish] S9: the authority refused 1 shipped free(s) (vol_tag 0xad7b1d37b0829b08, request 7390): already free/graced/quarantined — the double-release lineage, surfaced on the authority's own tripwire
[2026-09-06T02:01:53Z ERROR squeezefs::meta_ship::publish] S9: the authority refused 1 shipped free(s) (vol_tag 0xc5e11286df218556, request 7396): already free/graced/quarantined — the double-release lineage, surfaced on the authority's own tripwire
[2026-09-06T02:01:53Z ERROR squeezefs::meta_ship::publish] S9: the authority refused 1 shipped free(s) (vol_tag 0xc5e11286df218556, request 7400): already free/graced/quarantined — the double-release lineage, surfaced on the authority's own tripwire
[2026-09-06T02:01:53Z ERROR squeezefs::meta_ship::publish] S9: the authority refused 1 shipped free(s) (vol_tag 0xad7b1d37b0829b08, request 7408): already free/graced/quarantined — the double-release lineage, surfaced on the authority's own tripwire
[2026-09-06T02:01:53Z ERROR squeezefs::block_allocator] I/O error: data volume 'nvme3n1' full: 8178 of 8192 blocks allocated — lane 1 of 16 is exhausted while 0 free block(s) belong to lanes this mount does not own (alloc_lane_enospc_refusals; reach them by adopting a lane whose holder is proven dead, or grow the volume set — docs/operations.md §Multi-writer capacity planning)
[2026-09-06T02:01:53Z ERROR squeezefs::meta_ship::publish] S9: the authority refused 1 shipped free(s) (vol_tag 0xad7b1d37b0829b08, request 7412): already free/graced/quarantined — the double-release lineage, surfaced on the authority's own tripwire
[2026-09-06T02:01:54Z ERROR squeezefs::block_allocator] I/O error: data volume 'nvme3n1' full: 8178 of 8192 blocks allocated — lane 1 of 16 is exhausted while 0 free block(s) belong to lanes this mount does not own (alloc_lane_enospc_refusals; reach them by adopting a lane whose holder is proven dead, or grow the volume set — docs/operations.md §Multi-writer capacity planning)
[2026-09-06T02:01:54Z ERROR squeezefs::block_allocator] bounded allocation refusing StorageFull after 1013 ms parked with 0 offset(s) still in grace locally (lane harvest horizon 9187 ms): the pressure deadline never fenced within the wall backstop (1000 ms). The refusal is honest and terminal for this write; investigate the membership plane (finding 29)
[2026-09-06T02:01:54Z WARN  squeezefs::block_allocator] co-writer: abandoning never-published block offset(s) leak-safe (volume 'nvme4n1', first offset 13291749376): the publish that would have named them failed or refused, and a co-writer may not mutate ownership accounting — the next derivation (mount recovery / fsck C6) returns them to the free supply (cowriter_unpublished_abandons; further offsets at debug level)
[2026-09-06T02:01:54Z ERROR squeezefs::fuse_client] FUSE Fsync failed for ino 2: Io(Custom { kind: StorageFull, error: "I/O error: data volume 'nvme3n1' full: 8178 of 8192 blocks allocated — lane 1 of 16 is exhausted while 0 free block(s) belong to lanes this mount does not own (alloc_lane_enospc_refusals; reach them by adopting a lane whose holder is proven dead, or grow the volume set — docs/operations.md §Multi-writer capacity planning)" })
[2026-09-06T02:01:54Z ERROR squeezefs::fuse_client] Squeezefs operational error: Io(Custom { kind: StorageFull, error: "I/O error: data volume 'nvme3n1' full: 8178 of 8192 blocks allocated — lane 1 of 16 is exhausted while 0 free block(s) belong to lanes this mount does not own (alloc_lane_enospc_refusals; reach them by adopting a lane whose holder is proven dead, or grow the volume set — docs/operations.md §Multi-writer capacity planning)" })
[2026-09-06T02:01:54Z ERROR squeezefs::meta_ship::publish] S9: the authority refused 1 shipped free(s) (vol_tag 0xad7b1d37b0829b08, request 7449): already free/graced/quarantined — the double-release lineage, surfaced on the authority's own tripwire
[2026-09-06T02:01:55Z ERROR squeezefs::block_allocator] I/O error: data volume 'nvme3n1' full: 8178 of 8192 blocks allocated — lane 1 of 16 is exhausted while 0 free block(s) belong to lanes this mount does not own (alloc_lane_enospc_refusals; reach them by adopting a lane whose holder is proven dead, or grow the volume set — docs/operations.md §Multi-writer capacity planning)
[2026-09-06T02:01:55Z ERROR squeezefs::block_allocator] bounded allocation refusing StorageFull after 1014 ms parked with 0 offset(s) still in grace locally (lane harvest horizon 9158 ms): the pressure deadline never fenced within the wall backstop (1000 ms). The refusal is honest and terminal for this write; investigate the membership plane (finding 29)
[2026-09-06T02:01:55Z ERROR squeezefs::block_allocator] bounded allocation refusing StorageFull after 1011 ms parked with 0 offset(s) still in grace locally (lane harvest horizon 9159 ms): the pressure deadline never fenced within the wall backstop (1000 ms). The refusal is honest and terminal for this write; investigate the membership plane (finding 29)
[2026-09-06T02:01:55Z ERROR squeezefs::block_allocator] bounded allocation refusing StorageFull after 1009 ms parked with 0 offset(s) still in grace locally (lane harvest horizon 9164 ms): the pressure deadline never fenced within the wall backstop (1000 ms). The refusal is honest and terminal for this write; investigate the membership plane (finding 29)
[2026-09-06T02:01:55Z ERROR squeezefs::block_allocator] bounded allocation refusing StorageFull after 1011 ms parked with 0 offset(s) still in grace locally (lane harvest horizon 9166 ms): the pressure deadline never fenced within the wall backstop (1000 ms). The refusal is honest and terminal for this write; investigate the membership plane (finding 29)
[2026-09-06T02:01:55Z ERROR squeezefs::block_allocator] bounded allocation refusing StorageFull after 1013 ms parked with 0 offset(s) still in grace locally (lane harvest horizon 9239 ms): the pressure deadline never fenced within the wall backstop (1000 ms). The refusal is honest and terminal for this write; investigate the membership plane (finding 29)
[2026-09-06T02:01:56Z ERROR squeezefs::block_allocator] I/O error: data volume 'nvme3n1' full: 8178 of 8192 blocks allocated — lane 1 of 16 is exhausted while 0 free block(s) belong to lanes this mount does not own (alloc_lane_enospc_refusals; reach them by adopting a lane whose holder is proven dead, or grow the volume set — docs/operations.md §Multi-writer capacity planning)
[2026-09-06T02:01:56Z ERROR squeezefs::block_allocator] bounded allocation refusing StorageFull after 1012 ms parked with 0 offset(s) still in grace locally (lane harvest horizon 9175 ms): the pressure deadline never fenced within the wall backstop (1000 ms). The refusal is honest and terminal for this write; investigate the membership plane (finding 29)
[2026-09-06T02:01:56Z ERROR squeezefs::block_allocator] bounded allocation refusing StorageFull after 1008 ms parked with 0 offset(s) still in grace locally (lane harvest horizon 9177 ms): the pressure deadline never fenced within the wall backstop (1000 ms). The refusal is honest and terminal for this write; investigate the membership plane (finding 29)
[2026-09-06T02:01:56Z ERROR squeezefs::block_allocator] bounded allocation refusing StorageFull after 1010 ms parked with 0 offset(s) still in grace locally (lane harvest horizon 9216 ms): the pressure deadline never fenced within the wall backstop (1000 ms). The refusal is honest and terminal for this write; investigate the membership plane (finding 29)
[2026-09-06T02:01:56Z WARN  squeezefs::fuse_client] flush write-through failed for ino 2 block 2360 (Io(Custom { kind: Other, error: "coalesced publish failed: I/O error: I/O error: data volume 'nvme3n1' full: 8178 of 8192 blocks allocated — lane 1 of 16 is exhausted while 0 free block(s) belong to lanes this mount does not own (alloc_lane_enospc_refusals; reach them by adopting a lane whose holder is proven dead, or grow the volume set — docs/operations.md §Multi-writer capacity planning)" })); degrading to the staging leg (fsync durability bar)
[2026-09-06T02:01:56Z ERROR squeezefs::meta_ship::publish] S9: the authority refused 1 shipped free(s) (vol_tag 0xc5e11286df218556, request 7617): already free/graced/quarantined — the double-release lineage, surfaced on the authority's own tripwire
[2026-09-06T02:01:57Z ERROR squeezefs::meta_ship::publish] S9: the authority refused 1 shipped free(s) (vol_tag 0xc5e11286df218556, request 7620): already free/graced/quarantined — the double-release lineage, surfaced on the authority's own tripwire
[2026-09-06T02:01:57Z ERROR squeezefs::routing] rewrite epoch for ino 2 FENCED at close: publishing nothing, freeing nothing (successor accounting — the remount law, W5); acked un-fsynced rewrite bytes discard with the fenced era
[2026-09-06T02:01:57Z ERROR squeezefs::meta_ship::publish] S9: the authority refused 1 shipped free(s) (vol_tag 0xc5e11286df218556, request 7626): already free/graced/quarantined — the double-release lineage, surfaced on the authority's own tripwire
[2026-09-06T02:01:57Z ERROR squeezefs::fuse_client] FUSE Fsync failed for ino 2: FencingTokenExpired { token: 3298534897593, expected: 3298534897625 }
[2026-09-06T02:01:57Z ERROR squeezefs::fuse_client] Squeezefs operational error: FencingTokenExpired { token: 3298534897593, expected: 3298534897625 }
[2026-09-06T02:02:04Z ERROR fuse3::raw::connection::fuse_over_uring] transport payload lease held 1090 ms (≥ 1 s) — overlong handler invocation or a §5.4 severance escape; watch transport_lease_overlong / transport_parked_commits
[2026-09-06T02:02:06Z ERROR squeezefs::meta_ship::publish] S9: the authority refused 1 shipped free(s) (vol_tag 0xad7b1d37b0829b08, request 7641): already free/graced/quarantined — the double-release lineage, surfaced on the authority's own tripwire
[2026-09-06T02:02:06Z ERROR squeezefs::meta_ship::publish] S9: the authority refused 1 shipped free(s) (vol_tag 0xad7b1d37b0829b08, request 7644): already free/graced/quarantined — the double-release lineage, surfaced on the authority's own tripwire
[2026-09-06T02:02:06Z ERROR squeezefs::meta_ship::publish] S9: the authority refused 1 shipped free(s) (vol_tag 0xad7b1d37b0829b08, request 7649): already free/graced/quarantined — the double-release lineage, surfaced on the authority's own tripwire
[2026-09-06T02:02:06Z ERROR squeezefs::meta_ship::publish] S9: the authority refused 1 shipped free(s) (vol_tag 0xad7b1d37b0829b08, request 7653): already free/graced/quarantined — the double-release lineage, surfaced on the authority's own tripwire
[2026-09-06T02:02:06Z ERROR squeezefs::meta_ship::publish] S9: the authority refused 1 shipped free(s) (vol_tag 0xad7b1d37b0829b08, request 7657): already free/graced/quarantined — the double-release lineage, surfaced on the authority's own tripwire
[2026-09-06T02:02:06Z ERROR squeezefs::meta_ship::publish] S9: the authority refused 1 shipped free(s) (vol_tag 0xad7b1d37b0829b08, request 7660): already free/graced/quarantined — the double-release lineage, surfaced on the authority's own tripwire
[2026-09-06T02:02:06Z ERROR squeezefs::meta_ship::publish] S9: the authority refused 1 shipped free(s) (vol_tag 0xad7b1d37b0829b08, request 7665): already free/graced/quarantined — the double-release lineage, surfaced on the authority's own tripwire
[2026-09-06T02:02:06Z ERROR squeezefs::meta_ship::publish] S9: the authority refused 1 shipped free(s) (vol_tag 0xad7b1d37b0829b08, request 7668): already free/graced/quarantined — the double-release lineage, surfaced on the authority's own tripwire
[2026-09-06T02:02:07Z ERROR squeezefs::meta_ship::publish] S9: the authority refused 1 shipped free(s) (vol_tag 0xad7b1d37b0829b08, request 7674): already free/graced/quarantined — the double-release lineage, surfaced on the authority's own tripwire
[2026-09-06T02:02:07Z ERROR squeezefs::meta_ship::publish] S9: the authority refused 1 shipped free(s) (vol_tag 0xad7b1d37b0829b08, request 7678): already free/graced/quarantined — the double-release lineage, surfaced on the authority's own tripwire
[2026-09-06T02:02:07Z ERROR squeezefs::meta_ship::publish] S9: the authority refused 1 shipped free(s) (vol_tag 0xad7b1d37b0829b08, request 7682): already free/graced/quarantined — the double-release lineage, surfaced on the authority's own tripwire
[2026-09-06T02:02:07Z ERROR squeezefs::meta_ship::publish] S9: the authority refused 1 shipped free(s) (vol_tag 0xad7b1d37b0829b08, request 7685): already free/graced/quarantined — the double-release lineage, surfaced on the authority's own tripwire
[2026-09-06T02:02:07Z ERROR squeezefs::meta_ship::publish] S9: the authority refused 1 shipped free(s) (vol_tag 0xad7b1d37b0829b08, request 7689): already free/graced/quarantined — the double-release lineage, surfaced on the authority's own tripwire
[2026-09-06T02:02:07Z ERROR squeezefs::meta_ship::publish] S9: the authority refused 1 shipped free(s) (vol_tag 0xad7b1d37b0829b08, request 7693): already free/graced/quarantined — the double-release lineage, surfaced on the authority's own tripwire
[2026-09-06T02:02:07Z ERROR squeezefs::block_allocator] CLAIM ANOMALY: offset 138412032 claimed from the free list while a refcount entry lingers (count=Some(1))
[2026-09-06T02:02:07Z ERROR squeezefs::meta_ship::publish] S9: the authority refused 1 shipped free(s) (vol_tag 0xad7b1d37b0829b08, request 7697): already free/graced/quarantined — the double-release lineage, surfaced on the authority's own tripwire
[2026-09-06T02:02:07Z ERROR squeezefs::meta_ship::publish] S9: the authority refused 1 shipped free(s) (vol_tag 0xad7b1d37b0829b08, request 7701): already free/graced/quarantined — the double-release lineage, surfaced on the authority's own tripwire
[2026-09-06T02:02:07Z ERROR squeezefs::meta_ship::publish] S9: the authority refused 1 shipped free(s) (vol_tag 0xad7b1d37b0829b08, request 7706): already free/graced/quarantined — the double-release lineage, surfaced on the authority's own tripwire
[2026-09-06T02:02:07Z ERROR squeezefs::meta_ship::publish] S9: the authority refused 1 shipped free(s) (vol_tag 0xad7b1d37b0829b08, request 7710): already free/graced/quarantined — the double-release lineage, surfaced on the authority's own tripwire
[2026-09-06T02:02:07Z ERROR squeezefs::meta_ship::publish] S9: the authority refused 1 shipped free(s) (vol_tag 0xad7b1d37b0829b08, request 7718): already free/graced/quarantined — the double-release lineage, surfaced on the authority's own tripwire
[2026-09-06T02:02:07Z ERROR squeezefs::meta_ship::publish] S9: the authority refused 1 shipped free(s) (vol_tag 0xad7b1d37b0829b08, request 7721): already free/graced/quarantined — the double-release lineage, surfaced on the authority's own tripwire
[2026-09-06T02:02:07Z ERROR squeezefs::meta_ship::publish] S9: the authority refused 1 shipped free(s) (vol_tag 0xad7b1d37b0829b08, request 7726): already free/graced/quarantined — the double-release lineage, surfaced on the authority's own tripwire
[2026-09-06T02:02:07Z ERROR squeezefs::meta_ship::publish] S9: the authority refused 1 shipped free(s) (vol_tag 0xad7b1d37b0829b08, request 7733): already free/graced/quarantined — the double-release lineage, surfaced on the authority's own tripwire
[2026-09-06T02:02:17Z ERROR fuse3::raw::connection::fuse_over_uring] transport payload lease held 1149 ms (≥ 1 s) — overlong handler invocation or a §5.4 severance escape; watch transport_lease_overlong / transport_parked_commits
[2026-09-06T02:02:17Z ERROR fuse3::raw::connection::fuse_over_uring] transport payload lease held 1081 ms (≥ 1 s) — overlong handler invocation or a §5.4 severance escape; watch transport_lease_overlong / transport_parked_commits
[2026-09-06T02:02:17Z ERROR fuse3::raw::connection::fuse_over_uring] transport payload lease held 1091 ms (≥ 1 s) — overlong handler invocation or a §5.4 severance escape; watch transport_lease_overlong / transport_parked_commits
[2026-09-06T02:02:17Z ERROR squeezefs::meta_ship::publish] S9: the authority refused 1 shipped free(s) (vol_tag 0xad7b1d37b0829b08, request 7751): already free/graced/quarantined — the double-release lineage, surfaced on the authority's own tripwire
[2026-09-06T02:02:19Z ERROR squeezefs::meta_ship::publish] S9: the authority refused 1 shipped free(s) (vol_tag 0xad7b1d37b0829b08, request 7756): already free/graced/quarantined — the double-release lineage, surfaced on the authority's own tripwire
[2026-09-06T02:02:19Z ERROR squeezefs::meta_ship::publish] S9: the authority refused 1 shipped free(s) (vol_tag 0xad7b1d37b0829b08, request 7760): already free/graced/quarantined — the double-release lineage, surfaced on the authority's own tripwire
[2026-09-06T02:02:19Z ERROR squeezefs::meta_ship::publish] S9: the authority refused 1 shipped free(s) (vol_tag 0xad7b1d37b0829b08, request 7765): already free/graced/quarantined — the double-release lineage, surfaced on the authority's own tripwire
[2026-09-06T02:02:19Z ERROR squeezefs::meta_ship::publish] S9: the authority refused 1 shipped free(s) (vol_tag 0xad7b1d37b0829b08, request 7768): already free/graced/quarantined — the double-release lineage, surfaced on the authority's own tripwire
[2026-09-06T02:02:19Z ERROR squeezefs::meta_ship::publish] S9: the authority refused 1 shipped free(s) (vol_tag 0xad7b1d37b0829b08, request 7774): already free/graced/quarantined — the double-release lineage, surfaced on the authority's own tripwire
[2026-09-06T02:02:20Z ERROR squeezefs::meta_ship::publish] S9: the authority refused 1 shipped free(s) (vol_tag 0xad7b1d37b0829b08, request 7777): already free/graced/quarantined — the double-release lineage, surfaced on the authority's own tripwire
[2026-09-06T02:02:20Z ERROR squeezefs::meta_ship::publish] S9: the authority refused 1 shipped free(s) (vol_tag 0xad7b1d37b0829b08, request 7781): already free/graced/quarantined — the double-release lineage, surfaced on the authority's own tripwire
[2026-09-06T02:02:20Z ERROR squeezefs::meta_ship::publish] S9: the authority refused 1 shipped free(s) (vol_tag 0xad7b1d37b0829b08, request 7785): already free/graced/quarantined — the double-release lineage, surfaced on the authority's own tripwire
[2026-09-06T02:02:20Z ERROR squeezefs::meta_ship::publish] S9: the authority refused 1 shipped free(s) (vol_tag 0xad7b1d37b0829b08, request 7790): already free/graced/quarantined — the double-release lineage, surfaced on the authority's own tripwire
[2026-09-06T02:02:20Z ERROR squeezefs::meta_ship::publish] S9: the authority refused 1 shipped free(s) (vol_tag 0xad7b1d37b0829b08, request 7793): already free/graced/quarantined — the double-release lineage, surfaced on the authority's own tripwire
[2026-09-06T02:02:20Z ERROR squeezefs::meta_ship::publish] S9: the authority refused 1 shipped free(s) (vol_tag 0xad7b1d37b0829b08, request 7797): already free/graced/quarantined — the double-release lineage, surfaced on the authority's own tripwire
[2026-09-06T02:02:20Z ERROR squeezefs::meta_ship::publish] S9: the authority refused 1 shipped free(s) (vol_tag 0xad7b1d37b0829b08, request 7802): already free/graced/quarantined — the double-release lineage, surfaced on the authority's own tripwire
[2026-09-06T02:02:20Z ERROR squeezefs::meta_ship::publish] S9: the authority refused 1 shipped free(s) (vol_tag 0xad7b1d37b0829b08, request 7805): already free/graced/quarantined — the double-release lineage, surfaced on the authority's own tripwire
[2026-09-06T02:02:20Z ERROR squeezefs::meta_ship::publish] S9: the authority refused 1 shipped free(s) (vol_tag 0xad7b1d37b0829b08, request 7810): already free/graced/quarantined — the double-release lineage, surfaced on the authority's own tripwire
[2026-09-06T02:02:20Z ERROR squeezefs::meta_ship::publish] S9: the authority refused 1 shipped free(s) (vol_tag 0xad7b1d37b0829b08, request 7816): already free/graced/quarantined — the double-release lineage, surfaced on the authority's own tripwire
[2026-09-06T02:02:20Z ERROR squeezefs::meta_ship::publish] S9: the authority refused 1 shipped free(s) (vol_tag 0xad7b1d37b0829b08, request 7819): already free/graced/quarantined — the double-release lineage, surfaced on the authority's own tripwire
[2026-09-06T02:02:20Z ERROR squeezefs::meta_ship::publish] S9: the authority refused 1 shipped free(s) (vol_tag 0xad7b1d37b0829b08, request 7824): already free/graced/quarantined — the double-release lineage, surfaced on the authority's own tripwire
[2026-09-06T02:02:21Z ERROR squeezefs::meta_ship::publish] S9: the authority refused 1 shipped free(s) (vol_tag 0xad7b1d37b0829b08, request 7834): already free/graced/quarantined — the double-release lineage, surfaced on the authority's own tripwire
[2026-09-06T02:02:57Z ERROR fuse3::raw::connection::fuse_over_uring] transport payload lease held 1695 ms (≥ 1 s) — overlong handler invocation or a §5.4 severance escape; watch transport_lease_overlong / transport_parked_commits
[2026-09-06T02:02:57Z ERROR fuse3::raw::connection::fuse_over_uring] transport payload lease held 1693 ms (≥ 1 s) — overlong handler invocation or a §5.4 severance escape; watch transport_lease_overlong / transport_parked_commits
[2026-09-06T02:02:58Z ERROR squeezefs::block_allocator] I/O error: data volume 'nvme3n1' full: 8178 of 8192 blocks allocated — lane 1 of 16 is exhausted while 0 free block(s) belong to lanes this mount does not own (alloc_lane_enospc_refusals; reach them by adopting a lane whose holder is proven dead, or grow the volume set — docs/operations.md §Multi-writer capacity planning)
[2026-09-06T02:02:58Z ERROR fuse3::raw::connection::fuse_over_uring] transport payload lease held 1052 ms (≥ 1 s) — overlong handler invocation or a §5.4 severance escape; watch transport_lease_overlong / transport_parked_commits
[2026-09-06T02:02:59Z ERROR squeezefs::block_allocator] I/O error: data volume 'nvme3n1' full: 8178 of 8192 blocks allocated — lane 1 of 16 is exhausted while 0 free block(s) belong to lanes this mount does not own (alloc_lane_enospc_refusals; reach them by adopting a lane whose holder is proven dead, or grow the volume set — docs/operations.md §Multi-writer capacity planning)
[2026-09-06T02:02:59Z ERROR squeezefs::block_allocator] bounded allocation refusing StorageFull after 1017 ms parked with 0 offset(s) still in grace locally (lane harvest horizon 16497 ms): the pressure deadline never fenced within the wall backstop (1000 ms). The refusal is honest and terminal for this write; investigate the membership plane (finding 29)
[2026-09-06T02:02:59Z ERROR squeezefs::block_allocator] bounded allocation refusing StorageFull after 1017 ms parked with 0 offset(s) still in grace locally (lane harvest horizon 16504 ms): the pressure deadline never fenced within the wall backstop (1000 ms). The refusal is honest and terminal for this write; investigate the membership plane (finding 29)
[2026-09-06T02:02:59Z ERROR squeezefs::block_allocator] bounded allocation refusing StorageFull after 1024 ms parked with 0 offset(s) still in grace locally (lane harvest horizon 16516 ms): the pressure deadline never fenced within the wall backstop (1000 ms). The refusal is honest and terminal for this write; investigate the membership plane (finding 29)
[2026-09-06T02:02:59Z ERROR squeezefs::block_allocator] bounded allocation refusing StorageFull after 1024 ms parked with 0 offset(s) still in grace locally (lane harvest horizon 16536 ms): the pressure deadline never fenced within the wall backstop (1000 ms). The refusal is honest and terminal for this write; investigate the membership plane (finding 29)
[2026-09-06T02:02:59Z ERROR squeezefs::block_allocator] bounded allocation refusing StorageFull after 1024 ms parked with 0 offset(s) still in grace locally (lane harvest horizon 16537 ms): the pressure deadline never fenced within the wall backstop (1000 ms). The refusal is honest and terminal for this write; investigate the membership plane (finding 29)
[2026-09-06T02:02:59Z ERROR squeezefs::block_allocator] bounded allocation refusing StorageFull after 1016 ms parked with 0 offset(s) still in grace locally (lane harvest horizon 16541 ms): the pressure deadline never fenced within the wall backstop (1000 ms). The refusal is honest and terminal for this write; investigate the membership plane (finding 29)
[2026-09-06T02:02:59Z ERROR fuse3::raw::connection::fuse_over_uring] transport payload lease held 1027 ms (≥ 1 s) — overlong handler invocation or a §5.4 severance escape; watch transport_lease_overlong / transport_parked_commits
[2026-09-06T02:02:59Z ERROR squeezefs::block_allocator] bounded allocation refusing StorageFull after 1025 ms parked with 0 offset(s) still in grace locally (lane harvest horizon 16550 ms): the pressure deadline never fenced within the wall backstop (1000 ms). The refusal is honest and terminal for this write; investigate the membership plane (finding 29)
[2026-09-06T02:02:59Z ERROR squeezefs::block_allocator] bounded allocation refusing StorageFull after 1025 ms parked with 0 offset(s) still in grace locally (lane harvest horizon 16550 ms): the pressure deadline never fenced within the wall backstop (1000 ms). The refusal is honest and terminal for this write; investigate the membership plane (finding 29)
[2026-09-06T02:02:59Z ERROR squeezefs::block_allocator] bounded allocation refusing StorageFull after 1016 ms parked with 0 offset(s) still in grace locally (lane harvest horizon 17284 ms): the pressure deadline never fenced within the wall backstop (1000 ms). The refusal is honest and terminal for this write; investigate the membership plane (finding 29)
[2026-09-06T02:03:00Z ERROR squeezefs::block_allocator] I/O error: data volume 'nvme3n1' full: 8178 of 8192 blocks allocated — lane 1 of 16 is exhausted while 0 free block(s) belong to lanes this mount does not own (alloc_lane_enospc_refusals; reach them by adopting a lane whose holder is proven dead, or grow the volume set — docs/operations.md §Multi-writer capacity planning)
[2026-09-06T02:03:00Z ERROR squeezefs::block_allocator] bounded allocation refusing StorageFull after 1022 ms parked with 0 offset(s) still in grace locally (lane harvest horizon 17521 ms): the pressure deadline never fenced within the wall backstop (1000 ms). The refusal is honest and terminal for this write; investigate the membership plane (finding 29)
[2026-09-06T02:03:00Z ERROR squeezefs::block_allocator] bounded allocation refusing StorageFull after 1022 ms parked with 0 offset(s) still in grace locally (lane harvest horizon 17522 ms): the pressure deadline never fenced within the wall backstop (1000 ms). The refusal is honest and terminal for this write; investigate the membership plane (finding 29)
[2026-09-06T02:03:00Z ERROR squeezefs::block_allocator] bounded allocation refusing StorageFull after 1021 ms parked with 0 offset(s) still in grace locally (lane harvest horizon 17532 ms): the pressure deadline never fenced within the wall backstop (1000 ms). The refusal is honest and terminal for this write; investigate the membership plane (finding 29)
[2026-09-06T02:03:00Z ERROR squeezefs::block_allocator] bounded allocation refusing StorageFull after 1022 ms parked with 0 offset(s) still in grace locally (lane harvest horizon 17532 ms): the pressure deadline never fenced within the wall backstop (1000 ms). The refusal is honest and terminal for this write; investigate the membership plane (finding 29)
[2026-09-06T02:03:00Z ERROR squeezefs::block_allocator] bounded allocation refusing StorageFull after 1018 ms parked with 0 offset(s) still in grace locally (lane harvest horizon 17536 ms): the pressure deadline never fenced within the wall backstop (1000 ms). The refusal is honest and terminal for this write; investigate the membership plane (finding 29)
[2026-09-06T02:03:00Z ERROR squeezefs::block_allocator] bounded allocation refusing StorageFull after 1020 ms parked with 0 offset(s) still in grace locally (lane harvest horizon 17538 ms): the pressure deadline never fenced within the wall backstop (1000 ms). The refusal is honest and terminal for this write; investigate the membership plane (finding 29)
[2026-09-06T02:03:00Z ERROR squeezefs::block_allocator] bounded allocation refusing StorageFull after 1014 ms parked with 0 offset(s) still in grace locally (lane harvest horizon 17557 ms): the pressure deadline never fenced within the wall backstop (1000 ms). The refusal is honest and terminal for this write; investigate the membership plane (finding 29)
[2026-09-06T02:03:00Z ERROR squeezefs::block_allocator] bounded allocation refusing StorageFull after 1026 ms parked with 0 offset(s) still in grace locally (lane harvest horizon 17568 ms): the pressure deadline never fenced within the wall backstop (1000 ms). The refusal is honest and terminal for this write; investigate the membership plane (finding 29)
[2026-09-06T02:03:00Z ERROR squeezefs::block_allocator] bounded allocation refusing StorageFull after 1031 ms parked with 0 offset(s) still in grace locally (lane harvest horizon 17572 ms): the pressure deadline never fenced within the wall backstop (1000 ms). The refusal is honest and terminal for this write; investigate the membership plane (finding 29)
[2026-09-06T02:03:00Z ERROR squeezefs::block_allocator] bounded allocation refusing StorageFull after 1019 ms parked with 0 offset(s) still in grace locally (lane harvest horizon 17582 ms): the pressure deadline never fenced within the wall backstop (1000 ms). The refusal is honest and terminal for this write; investigate the membership plane (finding 29)
[2026-09-06T02:03:00Z ERROR squeezefs::block_allocator] bounded allocation refusing StorageFull after 1032 ms parked with 0 offset(s) still in grace locally (lane harvest horizon 17587 ms): the pressure deadline never fenced within the wall backstop (1000 ms). The refusal is honest and terminal for this write; investigate the membership plane (finding 29)
[2026-09-06T02:03:00Z ERROR squeezefs::block_allocator] bounded allocation refusing StorageFull after 1034 ms parked with 0 offset(s) still in grace locally (lane harvest horizon 17587 ms): the pressure deadline never fenced within the wall backstop (1000 ms). The refusal is honest and terminal for this write; investigate the membership plane (finding 29)
[2026-09-06T02:03:00Z ERROR squeezefs::block_allocator] bounded allocation refusing StorageFull after 1032 ms parked with 0 offset(s) still in grace locally (lane harvest horizon 17587 ms): the pressure deadline never fenced within the wall backstop (1000 ms). The refusal is honest and terminal for this write; investigate the membership plane (finding 29)
[2026-09-06T02:03:00Z ERROR squeezefs::block_allocator] bounded allocation refusing StorageFull after 1045 ms parked with 0 offset(s) still in grace locally (lane harvest horizon 17589 ms): the pressure deadline never fenced within the wall backstop (1000 ms). The refusal is honest and terminal for this write; investigate the membership plane (finding 29)
[2026-09-06T02:03:00Z ERROR squeezefs::block_allocator] bounded allocation refusing StorageFull after 1013 ms parked with 0 offset(s) still in grace locally (lane harvest horizon 18300 ms): the pressure deadline never fenced within the wall backstop (1000 ms). The refusal is honest and terminal for this write; investigate the membership plane (finding 29)
[2026-09-06T02:03:00Z ERROR squeezefs::block_allocator] bounded allocation refusing StorageFull after 1012 ms parked with 0 offset(s) still in grace locally (lane harvest horizon 18300 ms): the pressure deadline never fenced within the wall backstop (1000 ms). The refusal is honest and terminal for this write; investigate the membership plane (finding 29)
[2026-09-06T02:03:01Z ERROR squeezefs::block_allocator] I/O error: data volume 'nvme3n1' full: 8178 of 8192 blocks allocated — lane 1 of 16 is exhausted while 0 free block(s) belong to lanes this mount does not own (alloc_lane_enospc_refusals; reach them by adopting a lane whose holder is proven dead, or grow the volume set — docs/operations.md §Multi-writer capacity planning)
[2026-09-06T02:03:01Z ERROR squeezefs::block_allocator] bounded allocation refusing StorageFull after 1008 ms parked with 0 offset(s) still in grace locally (lane harvest horizon 18530 ms): the pressure deadline never fenced within the wall backstop (1000 ms). The refusal is honest and terminal for this write; investigate the membership plane (finding 29)
[2026-09-06T02:03:01Z WARN  squeezefs::routing] rewrite epoch close for ino 2 failed transiently (Io(Custom { kind: StorageFull, error: "I/O error: data volume 'nvme3n1' full: 8178 of 8192 blocks allocated — lane 1 of 16 is exhausted while 0 free block(s) belong to lanes this mount does not own (alloc_lane_enospc_refusals; reach them by adopting a lane whose holder is proven dead, or grow the volume set — docs/operations.md §Multi-writer capacity planning)" })); the epoch stays registered (never-lossy) — the next close trigger retries
[2026-09-06T02:03:01Z ERROR squeezefs::block_allocator] bounded allocation refusing StorageFull after 1012 ms parked with 0 offset(s) still in grace locally (lane harvest horizon 18535 ms): the pressure deadline never fenced within the wall backstop (1000 ms). The refusal is honest and terminal for this write; investigate the membership plane (finding 29)
[2026-09-06T02:03:01Z ERROR squeezefs::block_allocator] bounded allocation refusing StorageFull after 1012 ms parked with 0 offset(s) still in grace locally (lane harvest horizon 18535 ms): the pressure deadline never fenced within the wall backstop (1000 ms). The refusal is honest and terminal for this write; investigate the membership plane (finding 29)
[2026-09-06T02:03:01Z ERROR squeezefs::block_allocator] bounded allocation refusing StorageFull after 1009 ms parked with 0 offset(s) still in grace locally (lane harvest horizon 18542 ms): the pressure deadline never fenced within the wall backstop (1000 ms). The refusal is honest and terminal for this write; investigate the membership plane (finding 29)
[2026-09-06T02:03:01Z WARN  squeezefs::fuse_client] write-through failed for ino 2 block 1370 (Io(Custom { kind: StorageFull, error: "I/O error: data volume 'nvme3n1' full: 8178 of 8192 blocks allocated — lane 1 of 16 is exhausted while 0 free block(s) belong to lanes this mount does not own (alloc_lane_enospc_refusals; reach them by adopting a lane whose holder is proven dead, or grow the volume set — docs/operations.md §Multi-writer capacity planning)" })); falling back to staging
[2026-09-06T02:03:01Z ERROR squeezefs::block_allocator] bounded allocation refusing StorageFull after 1013 ms parked with 0 offset(s) still in grace locally (lane harvest horizon 18546 ms): the pressure deadline never fenced within the wall backstop (1000 ms). The refusal is honest and terminal for this write; investigate the membership plane (finding 29)
[2026-09-06T02:03:01Z ERROR squeezefs::block_allocator] bounded allocation refusing StorageFull after 1014 ms parked with 0 offset(s) still in grace locally (lane harvest horizon 18547 ms): the pressure deadline never fenced within the wall backstop (1000 ms). The refusal is honest and terminal for this write; investigate the membership plane (finding 29)
[2026-09-06T02:03:01Z ERROR squeezefs::block_allocator] bounded allocation refusing StorageFull after 1010 ms parked with 0 offset(s) still in grace locally (lane harvest horizon 18550 ms): the pressure deadline never fenced within the wall backstop (1000 ms). The refusal is honest and terminal for this write; investigate the membership plane (finding 29)
[2026-09-06T02:03:01Z ERROR squeezefs::block_allocator] bounded allocation refusing StorageFull after 1015 ms parked with 0 offset(s) still in grace locally (lane harvest horizon 18551 ms): the pressure deadline never fenced within the wall backstop (1000 ms). The refusal is honest and terminal for this write; investigate the membership plane (finding 29)
[2026-09-06T02:03:01Z WARN  squeezefs::fuse_client] write-through failed for ino 2 block 1371 (Io(Custom { kind: StorageFull, error: "I/O error: data volume 'nvme3n1' full: 8178 of 8192 blocks allocated — lane 1 of 16 is exhausted while 0 free block(s) belong to lanes this mount does not own (alloc_lane_enospc_refusals; reach them by adopting a lane whose holder is proven dead, or grow the volume set — docs/operations.md §Multi-writer capacity planning)" })); falling back to staging
[2026-09-06T02:03:01Z ERROR squeezefs::block_allocator] bounded allocation refusing StorageFull after 1009 ms parked with 0 offset(s) still in grace locally (lane harvest horizon 18551 ms): the pressure deadline never fenced within the wall backstop (1000 ms). The refusal is honest and terminal for this write; investigate the membership plane (finding 29)
[2026-09-06T02:03:01Z ERROR squeezefs::block_allocator] bounded allocation refusing StorageFull after 1008 ms parked with 0 offset(s) still in grace locally (lane harvest horizon 18528 ms): the pressure deadline never fenced within the wall backstop (1000 ms). The refusal is honest and terminal for this write; investigate the membership plane (finding 29)
[2026-09-06T02:03:01Z WARN  squeezefs::fuse_client] write-through failed for ino 2 block 1434 (Io(Custom { kind: StorageFull, error: "I/O error: data volume 'nvme3n1' full: 8178 of 8192 blocks allocated — lane 1 of 16 is exhausted while 0 free block(s) belong to lanes this mount does not own (alloc_lane_enospc_refusals; reach them by adopting a lane whose holder is proven dead, or grow the volume set — docs/operations.md §Multi-writer capacity planning)" })); falling back to staging
[2026-09-06T02:03:01Z ERROR squeezefs::block_allocator] bounded allocation refusing StorageFull after 1008 ms parked with 0 offset(s) still in grace locally (lane harvest horizon 18541 ms): the pressure deadline never fenced within the wall backstop (1000 ms). The refusal is honest and terminal for this write; investigate the membership plane (finding 29)
[2026-09-06T02:03:01Z ERROR squeezefs::block_allocator] bounded allocation refusing StorageFull after 1009 ms parked with 0 offset(s) still in grace locally (lane harvest horizon 18542 ms): the pressure deadline never fenced within the wall backstop (1000 ms). The refusal is honest and terminal for this write; investigate the membership plane (finding 29)
[2026-09-06T02:03:01Z ERROR squeezefs::block_allocator] bounded allocation refusing StorageFull after 1012 ms parked with 0 offset(s) still in grace locally (lane harvest horizon 18547 ms): the pressure deadline never fenced within the wall backstop (1000 ms). The refusal is honest and terminal for this write; investigate the membership plane (finding 29)
[2026-09-06T02:03:01Z ERROR squeezefs::block_allocator] bounded allocation refusing StorageFull after 1011 ms parked with 0 offset(s) still in grace locally (lane harvest horizon 18548 ms): the pressure deadline never fenced within the wall backstop (1000 ms). The refusal is honest and terminal for this write; investigate the membership plane (finding 29)
[2026-09-06T02:03:01Z ERROR squeezefs::block_allocator] bounded allocation refusing StorageFull after 1010 ms parked with 0 offset(s) still in grace locally (lane harvest horizon 18554 ms): the pressure deadline never fenced within the wall backstop (1000 ms). The refusal is honest and terminal for this write; investigate the membership plane (finding 29)
[2026-09-06T02:03:01Z WARN  squeezefs::fuse_client] write-through failed for ino 2 block 1403 (Io(Custom { kind: StorageFull, error: "I/O error: data volume 'nvme3n1' full: 8178 of 8192 blocks allocated — lane 1 of 16 is exhausted while 0 free block(s) belong to lanes this mount does not own (alloc_lane_enospc_refusals; reach them by adopting a lane whose holder is proven dead, or grow the volume set — docs/operations.md §Multi-writer capacity planning)" })); falling back to staging
[2026-09-06T02:03:01Z ERROR squeezefs::block_allocator] bounded allocation refusing StorageFull after 1009 ms parked with 0 offset(s) still in grace locally (lane harvest horizon 18557 ms): the pressure deadline never fenced within the wall backstop (1000 ms). The refusal is honest and terminal for this write; investigate the membership plane (finding 29)
[2026-09-06T02:03:01Z WARN  squeezefs::fuse_client] write-through failed for ino 2 block 1433 (Io(Custom { kind: StorageFull, error: "I/O error: data volume 'nvme3n1' full: 8178 of 8192 blocks allocated — lane 1 of 16 is exhausted while 0 free block(s) belong to lanes this mount does not own (alloc_lane_enospc_refusals; reach them by adopting a lane whose holder is proven dead, or grow the volume set — docs/operations.md §Multi-writer capacity planning)" })); falling back to staging
[2026-09-06T02:03:01Z ERROR squeezefs::block_allocator] bounded allocation refusing StorageFull after 1009 ms parked with 0 offset(s) still in grace locally (lane harvest horizon 18558 ms): the pressure deadline never fenced within the wall backstop (1000 ms). The refusal is honest and terminal for this write; investigate the membership plane (finding 29)
[2026-09-06T02:03:01Z WARN  squeezefs::fuse_client] write-through failed for ino 2 block 1402 (Io(Custom { kind: StorageFull, error: "I/O error: data volume 'nvme3n1' full: 8178 of 8192 blocks allocated — lane 1 of 16 is exhausted while 0 free block(s) belong to lanes this mount does not own (alloc_lane_enospc_refusals; reach them by adopting a lane whose holder is proven dead, or grow the volume set — docs/operations.md §Multi-writer capacity planning)" })); falling back to staging
[2026-09-06T02:03:01Z ERROR squeezefs::block_allocator] bounded allocation refusing StorageFull after 1012 ms parked with 0 offset(s) still in grace locally (lane harvest horizon 18563 ms): the pressure deadline never fenced within the wall backstop (1000 ms). The refusal is honest and terminal for this write; investigate the membership plane (finding 29)
[2026-09-06T02:03:01Z ERROR squeezefs::block_allocator] bounded allocation refusing StorageFull after 1014 ms parked with 0 offset(s) still in grace locally (lane harvest horizon 18564 ms): the pressure deadline never fenced within the wall backstop (1000 ms). The refusal is honest and terminal for this write; investigate the membership plane (finding 29)
[2026-09-06T02:03:01Z ERROR squeezefs::block_allocator] bounded allocation refusing StorageFull after 1013 ms parked with 0 offset(s) still in grace locally (lane harvest horizon 18564 ms): the pressure deadline never fenced within the wall backstop (1000 ms). The refusal is honest and terminal for this write; investigate the membership plane (finding 29)
[2026-09-06T02:03:01Z ERROR squeezefs::block_allocator] bounded allocation refusing StorageFull after 1014 ms parked with 0 offset(s) still in grace locally (lane harvest horizon 18564 ms): the pressure deadline never fenced within the wall backstop (1000 ms). The refusal is honest and terminal for this write; investigate the membership plane (finding 29)
[2026-09-06T02:03:01Z ERROR squeezefs::block_allocator] bounded allocation refusing StorageFull after 1012 ms parked with 0 offset(s) still in grace locally (lane harvest horizon 19274 ms): the pressure deadline never fenced within the wall backstop (1000 ms). The refusal is honest and terminal for this write; investigate the membership plane (finding 29)
[2026-09-06T02:03:01Z WARN  squeezefs::fuse_client] write-through failed for ino 2 block 1435 (Io(Custom { kind: StorageFull, error: "I/O error: data volume 'nvme3n1' full: 8178 of 8192 blocks allocated — lane 1 of 16 is exhausted while 0 free block(s) belong to lanes this mount does not own (alloc_lane_enospc_refusals; reach them by adopting a lane whose holder is proven dead, or grow the volume set — docs/operations.md §Multi-writer capacity planning)" })); falling back to staging
[2026-09-06T02:03:02Z ERROR squeezefs::block_allocator] bounded allocation refusing StorageFull after 1038 ms parked with 0 offset(s) still in grace locally (lane harvest horizon 19301 ms): the pressure deadline never fenced within the wall backstop (1000 ms). The refusal is honest and terminal for this write; investigate the membership plane (finding 29)
[2026-09-06T02:03:02Z ERROR squeezefs::meta_ship::publish] S9: the authority refused 1 shipped free(s) (vol_tag 0xc5e11286df218556, request 8865): already free/graced/quarantined — the double-release lineage, surfaced on the authority's own tripwire
[2026-09-06T02:03:02Z ERROR squeezefs::meta_ship::publish] S9: the authority refused 1 shipped free(s) (vol_tag 0xc5e11286df218556, request 8869): already free/graced/quarantined — the double-release lineage, surfaced on the authority's own tripwire
[2026-09-06T02:03:02Z ERROR squeezefs::meta_ship::publish] S9: the authority refused 1 shipped free(s) (vol_tag 0xc5e11286df218556, request 8873): already free/graced/quarantined — the double-release lineage, surfaced on the authority's own tripwire
[2026-09-06T02:03:02Z ERROR squeezefs::meta_ship::publish] S9: the authority refused 1 shipped free(s) (vol_tag 0xc5e11286df218556, request 8877): already free/graced/quarantined — the double-release lineage, surfaced on the authority's own tripwire
[2026-09-06T02:03:02Z ERROR squeezefs::meta_ship::publish] S9: the authority refused 1 shipped free(s) (vol_tag 0xc5e11286df218556, request 8881): already free/graced/quarantined — the double-release lineage, surfaced on the authority's own tripwire
[2026-09-06T02:03:02Z ERROR squeezefs::meta_ship::publish] S9: the authority refused 1 shipped free(s) (vol_tag 0xc5e11286df218556, request 8885): already free/graced/quarantined — the double-release lineage, surfaced on the authority's own tripwire
[2026-09-06T02:03:02Z ERROR squeezefs::meta_ship::publish] S9: the authority refused 1 shipped free(s) (vol_tag 0xc5e11286df218556, request 8889): already free/graced/quarantined — the double-release lineage, surfaced on the authority's own tripwire
[2026-09-06T02:03:02Z ERROR squeezefs::meta_ship::publish] S9: the authority refused 1 shipped free(s) (vol_tag 0xc5e11286df218556, request 8893): already free/graced/quarantined — the double-release lineage, surfaced on the authority's own tripwire
[2026-09-06T02:03:02Z ERROR squeezefs::meta_ship::publish] S9: the authority refused 1 shipped free(s) (vol_tag 0xc5e11286df218556, request 8897): already free/graced/quarantined — the double-release lineage, surfaced on the authority's own tripwire
[2026-09-06T02:03:02Z ERROR squeezefs::meta_ship::publish] S9: the authority refused 1 shipped free(s) (vol_tag 0xc5e11286df218556, request 8901): already free/graced/quarantined — the double-release lineage, surfaced on the authority's own tripwire
[2026-09-06T02:03:02Z ERROR squeezefs::meta_ship::publish] S9: the authority refused 1 shipped free(s) (vol_tag 0xc5e11286df218556, request 8905): already free/graced/quarantined — the double-release lineage, surfaced on the authority's own tripwire
[2026-09-06T02:03:02Z ERROR squeezefs::meta_ship::publish] S9: the authority refused 1 shipped free(s) (vol_tag 0xc5e11286df218556, request 8909): already free/graced/quarantined — the double-release lineage, surfaced on the authority's own tripwire
[2026-09-06T02:03:02Z ERROR squeezefs::meta_ship::publish] S9: the authority refused 1 shipped free(s) (vol_tag 0xc5e11286df218556, request 8913): already free/graced/quarantined — the double-release lineage, surfaced on the authority's own tripwire
[2026-09-06T02:03:02Z ERROR squeezefs::meta_ship::publish] S9: the authority refused 1 shipped free(s) (vol_tag 0xc5e11286df218556, request 8917): already free/graced/quarantined — the double-release lineage, surfaced on the authority's own tripwire
[2026-09-06T02:03:02Z ERROR squeezefs::meta_ship::publish] S9: the authority refused 1 shipped free(s) (vol_tag 0xc5e11286df218556, request 8921): already free/graced/quarantined — the double-release lineage, surfaced on the authority's own tripwire
[2026-09-06T02:03:02Z ERROR squeezefs::meta_ship::publish] S9: the authority refused 1 shipped free(s) (vol_tag 0xc5e11286df218556, request 8925): already free/graced/quarantined — the double-release lineage, surfaced on the authority's own tripwire
[2026-09-06T02:03:02Z ERROR squeezefs::meta_ship::publish] S9: the authority refused 1 shipped free(s) (vol_tag 0xc5e11286df218556, request 8929): already free/graced/quarantined — the double-release lineage, surfaced on the authority's own tripwire
[2026-09-06T02:03:02Z ERROR squeezefs::meta_ship::publish] S9: the authority refused 1 shipped free(s) (vol_tag 0xc5e11286df218556, request 8934): already free/graced/quarantined — the double-release lineage, surfaced on the authority's own tripwire
[2026-09-06T02:03:02Z ERROR squeezefs::meta_ship::publish] S9: the authority refused 1 shipped free(s) (vol_tag 0xc5e11286df218556, request 8937): already free/graced/quarantined — the double-release lineage, surfaced on the authority's own tripwire
[2026-09-06T02:03:03Z ERROR squeezefs::meta_ship::publish] S9: the authority refused 1 shipped free(s) (vol_tag 0xc5e11286df218556, request 8942): already free/graced/quarantined — the double-release lineage, surfaced on the authority's own tripwire
[2026-09-06T02:03:03Z ERROR squeezefs::meta_ship::publish] S9: the authority refused 1 shipped free(s) (vol_tag 0xc5e11286df218556, request 8950): already free/graced/quarantined — the double-release lineage, surfaced on the authority's own tripwire
[2026-09-06T02:03:03Z ERROR squeezefs::meta_ship::publish] S9: the authority refused 1 shipped free(s) (vol_tag 0xc5e11286df218556, request 8964): already free/graced/quarantined — the double-release lineage, surfaced on the authority's own tripwire
[2026-09-06T02:03:10Z ERROR squeezefs::meta_ship::publish] S9: the authority refused 1 shipped free(s) (vol_tag 0xc5e11286df218556, request 8968): already free/graced/quarantined — the double-release lineage, surfaced on the authority's own tripwire
[2026-09-06T02:03:12Z ERROR squeezefs::block_allocator] I/O error: data volume 'nvme4n1' full: 8178 of 8192 blocks allocated — lane 1 of 16 is exhausted while 0 free block(s) belong to lanes this mount does not own (alloc_lane_enospc_refusals; reach them by adopting a lane whose holder is proven dead, or grow the volume set — docs/operations.md §Multi-writer capacity planning)
[2026-09-06T02:03:12Z ERROR squeezefs::meta_ship::publish] S9: the authority refused 1 shipped free(s) (vol_tag 0xc5e11286df218556, request 8985): already free/graced/quarantined — the double-release lineage, surfaced on the authority's own tripwire
[2026-09-06T02:03:12Z ERROR squeezefs::meta_ship::publish] S9: the authority refused 1 shipped free(s) (vol_tag 0xc5e11286df218556, request 8989): already free/graced/quarantined — the double-release lineage, surfaced on the authority's own tripwire
[2026-09-06T02:03:12Z ERROR squeezefs::meta_ship::publish] S9: the authority refused 1 shipped free(s) (vol_tag 0xc5e11286df218556, request 8993): already free/graced/quarantined — the double-release lineage, surfaced on the authority's own tripwire
[2026-09-06T02:03:12Z ERROR squeezefs::meta_ship::publish] S9: the authority refused 1 shipped free(s) (vol_tag 0xc5e11286df218556, request 8997): already free/graced/quarantined — the double-release lineage, surfaced on the authority's own tripwire
[2026-09-06T02:03:12Z ERROR squeezefs::meta_ship::publish] S9: the authority refused 1 shipped free(s) (vol_tag 0xc5e11286df218556, request 9001): already free/graced/quarantined — the double-release lineage, surfaced on the authority's own tripwire
[2026-09-06T02:03:12Z ERROR squeezefs::meta_ship::publish] S9: the authority refused 1 shipped free(s) (vol_tag 0xc5e11286df218556, request 9006): already free/graced/quarantined — the double-release lineage, surfaced on the authority's own tripwire
[2026-09-06T02:03:13Z ERROR squeezefs::meta_ship::publish] S9: the authority refused 1 shipped free(s) (vol_tag 0xc5e11286df218556, request 9010): already free/graced/quarantined — the double-release lineage, surfaced on the authority's own tripwire
[2026-09-06T02:03:13Z ERROR squeezefs::meta_ship::publish] S9: the authority refused 1 shipped free(s) (vol_tag 0xc5e11286df218556, request 9015): already free/graced/quarantined — the double-release lineage, surfaced on the authority's own tripwire
[2026-09-06T02:03:13Z ERROR squeezefs::meta_ship::publish] S9: the authority refused 1 shipped free(s) (vol_tag 0xc5e11286df218556, request 9019): already free/graced/quarantined — the double-release lineage, surfaced on the authority's own tripwire
[2026-09-06T02:03:13Z ERROR squeezefs::meta_ship::publish] S9: the authority refused 1 shipped free(s) (vol_tag 0xc5e11286df218556, request 9023): already free/graced/quarantined — the double-release lineage, surfaced on the authority's own tripwire
[2026-09-06T02:03:13Z ERROR squeezefs::meta_ship::publish] S9: the authority refused 1 shipped free(s) (vol_tag 0xc5e11286df218556, request 9027): already free/graced/quarantined — the double-release lineage, surfaced on the authority's own tripwire
[2026-09-06T02:03:13Z ERROR squeezefs::meta_ship::publish] S9: the authority refused 1 shipped free(s) (vol_tag 0xc5e11286df218556, request 9031): already free/graced/quarantined — the double-release lineage, surfaced on the authority's own tripwire
[2026-09-06T02:03:13Z ERROR squeezefs::meta_ship::publish] S9: the authority refused 1 shipped free(s) (vol_tag 0xc5e11286df218556, request 9035): already free/graced/quarantined — the double-release lineage, surfaced on the authority's own tripwire
[2026-09-06T02:03:13Z ERROR squeezefs::meta_ship::publish] S9: the authority refused 1 shipped free(s) (vol_tag 0xc5e11286df218556, request 9039): already free/graced/quarantined — the double-release lineage, surfaced on the authority's own tripwire
[2026-09-06T02:03:13Z ERROR squeezefs::block_allocator] I/O error: data volume 'nvme4n1' full: 8178 of 8192 blocks allocated — lane 1 of 16 is exhausted while 0 free block(s) belong to lanes this mount does not own (alloc_lane_enospc_refusals; reach them by adopting a lane whose holder is proven dead, or grow the volume set — docs/operations.md §Multi-writer capacity planning)
[2026-09-06T02:03:14Z ERROR squeezefs::block_allocator] I/O error: data volume 'nvme4n1' full: 8178 of 8192 blocks allocated — lane 1 of 16 is exhausted while 0 free block(s) belong to lanes this mount does not own (alloc_lane_enospc_refusals; reach them by adopting a lane whose holder is proven dead, or grow the volume set — docs/operations.md §Multi-writer capacity planning)
[2026-09-06T02:03:14Z ERROR squeezefs::block_allocator] bounded allocation refusing StorageFull after 1011 ms parked with 0 offset(s) still in grace locally (lane harvest horizon 8979 ms): the pressure deadline never fenced within the wall backstop (1000 ms). The refusal is honest and terminal for this write; investigate the membership plane (finding 29)
[2026-09-06T02:03:14Z WARN  squeezefs::block_allocator] co-writer: abandoning never-published block offset(s) leak-safe (volume 'nvme4n1', first offset 13425967104): the publish that would have named them failed or refused, and a co-writer may not mutate ownership accounting — the next derivation (mount recovery / fsck C6) returns them to the free supply (cowriter_unpublished_abandons; further offsets at debug level)
[2026-09-06T02:03:15Z ERROR squeezefs::block_allocator] I/O error: data volume 'nvme4n1' full: 8178 of 8192 blocks allocated — lane 1 of 16 is exhausted while 0 free block(s) belong to lanes this mount does not own (alloc_lane_enospc_refusals; reach them by adopting a lane whose holder is proven dead, or grow the volume set — docs/operations.md §Multi-writer capacity planning)
[2026-09-06T02:03:15Z ERROR squeezefs::block_allocator] bounded allocation refusing StorageFull after 1012 ms parked with 0 offset(s) still in grace locally (lane harvest horizon 8990 ms): the pressure deadline never fenced within the wall backstop (1000 ms). The refusal is honest and terminal for this write; investigate the membership plane (finding 29)
[2026-09-06T02:03:15Z WARN  squeezefs::fuse_client] fsync durable upload failed for ino 2 block 792 (Io(Custom { kind: StorageFull, error: "I/O error: data volume 'nvme4n1' full: 8178 of 8192 blocks allocated — lane 1 of 16 is exhausted while 0 free block(s) belong to lanes this mount does not own (alloc_lane_enospc_refusals; reach them by adopting a lane whose holder is proven dead, or grow the volume set — docs/operations.md §Multi-writer capacity planning)" })); preserving the acked bytes in staging and failing the fsync
[2026-09-06T02:03:16Z ERROR squeezefs::block_allocator] I/O error: data volume 'nvme4n1' full: 8178 of 8192 blocks allocated — lane 1 of 16 is exhausted while 0 free block(s) belong to lanes this mount does not own (alloc_lane_enospc_refusals; reach them by adopting a lane whose holder is proven dead, or grow the volume set — docs/operations.md §Multi-writer capacity planning)
[2026-09-06T02:03:16Z ERROR squeezefs::block_allocator] bounded allocation refusing StorageFull after 1012 ms parked with 0 offset(s) still in grace locally (lane harvest horizon 9001 ms): the pressure deadline never fenced within the wall backstop (1000 ms). The refusal is honest and terminal for this write; investigate the membership plane (finding 29)
[2026-09-06T02:03:16Z ERROR squeezefs::fuse_client] FUSE Fsync failed for ino 2: Io(Custom { kind: StorageFull, error: "I/O error: data volume 'nvme4n1' full: 8178 of 8192 blocks allocated — lane 1 of 16 is exhausted while 0 free block(s) belong to lanes this mount does not own (alloc_lane_enospc_refusals; reach them by adopting a lane whose holder is proven dead, or grow the volume set — docs/operations.md §Multi-writer capacity planning)" })
[2026-09-06T02:03:16Z ERROR squeezefs::fuse_client] Squeezefs operational error: Io(Custom { kind: StorageFull, error: "I/O error: data volume 'nvme4n1' full: 8178 of 8192 blocks allocated — lane 1 of 16 is exhausted while 0 free block(s) belong to lanes this mount does not own (alloc_lane_enospc_refusals; reach them by adopting a lane whose holder is proven dead, or grow the volume set — docs/operations.md §Multi-writer capacity planning)" })
[2026-09-06T02:03:17Z ERROR squeezefs::block_allocator] I/O error: data volume 'nvme4n1' full: 8178 of 8192 blocks allocated — lane 1 of 16 is exhausted while 0 free block(s) belong to lanes this mount does not own (alloc_lane_enospc_refusals; reach them by adopting a lane whose holder is proven dead, or grow the volume set — docs/operations.md §Multi-writer capacity planning)
[2026-09-06T02:03:17Z ERROR squeezefs::block_allocator] bounded allocation refusing StorageFull after 1013 ms parked with 0 offset(s) still in grace locally (lane harvest horizon 9020 ms): the pressure deadline never fenced within the wall backstop (1000 ms). The refusal is honest and terminal for this write; investigate the membership plane (finding 29)
[2026-09-06T02:03:17Z ERROR squeezefs::block_allocator] bounded allocation refusing StorageFull after 1018 ms parked with 0 offset(s) still in grace locally (lane harvest horizon 9032 ms): the pressure deadline never fenced within the wall backstop (1000 ms). The refusal is honest and terminal for this write; investigate the membership plane (finding 29)
[2026-09-06T02:03:17Z ERROR fuse3::raw::connection::fuse_over_uring] transport payload lease held 1026 ms (≥ 1 s) — overlong handler invocation or a §5.4 severance escape; watch transport_lease_overlong / transport_parked_commits
[2026-09-06T02:03:17Z ERROR fuse3::raw::connection::fuse_over_uring] transport payload lease held 1027 ms (≥ 1 s) — overlong handler invocation or a §5.4 severance escape; watch transport_lease_overlong / transport_parked_commits
[2026-09-06T02:03:17Z ERROR fuse3::raw::connection::fuse_over_uring] transport payload lease held 1027 ms (≥ 1 s) — overlong handler invocation or a §5.4 severance escape; watch transport_lease_overlong / transport_parked_commits
[2026-09-06T02:03:17Z ERROR fuse3::raw::connection::fuse_over_uring] transport payload lease held 1023 ms (≥ 1 s) — overlong handler invocation or a §5.4 severance escape; watch transport_lease_overlong / transport_parked_commits
[2026-09-06T02:03:18Z ERROR squeezefs::block_allocator] I/O error: data volume 'nvme4n1' full: 8178 of 8192 blocks allocated — lane 1 of 16 is exhausted while 0 free block(s) belong to lanes this mount does not own (alloc_lane_enospc_refusals; reach them by adopting a lane whose holder is proven dead, or grow the volume set — docs/operations.md §Multi-writer capacity planning)
[2026-09-06T02:03:18Z ERROR squeezefs::block_allocator] bounded allocation refusing StorageFull after 1014 ms parked with 0 offset(s) still in grace locally (lane harvest horizon 9049 ms): the pressure deadline never fenced within the wall backstop (1000 ms). The refusal is honest and terminal for this write; investigate the membership plane (finding 29)
[2026-09-06T02:03:18Z ERROR squeezefs::block_allocator] bounded allocation refusing StorageFull after 1016 ms parked with 0 offset(s) still in grace locally (lane harvest horizon 9069 ms): the pressure deadline never fenced within the wall backstop (1000 ms). The refusal is honest and terminal for this write; investigate the membership plane (finding 29)
[2026-09-06T02:03:18Z WARN  squeezefs::fuse_client] flush write-through failed for ino 2 block 2136 (Io(Custom { kind: Other, error: "coalesced publish failed: I/O error: I/O error: data volume 'nvme4n1' full: 8178 of 8192 blocks allocated — lane 1 of 16 is exhausted while 0 free block(s) belong to lanes this mount does not own (alloc_lane_enospc_refusals; reach them by adopting a lane whose holder is proven dead, or grow the volume set — docs/operations.md §Multi-writer capacity planning)" })); degrading to the staging leg (fsync durability bar)
[2026-09-06T02:03:19Z ERROR squeezefs::block_allocator] I/O error: data volume 'nvme4n1' full: 8178 of 8192 blocks allocated — lane 1 of 16 is exhausted while 0 free block(s) belong to lanes this mount does not own (alloc_lane_enospc_refusals; reach them by adopting a lane whose holder is proven dead, or grow the volume set — docs/operations.md §Multi-writer capacity planning)
[2026-09-06T02:03:19Z ERROR squeezefs::block_allocator] bounded allocation refusing StorageFull after 1012 ms parked with 0 offset(s) still in grace locally (lane harvest horizon 9083 ms): the pressure deadline never fenced within the wall backstop (1000 ms). The refusal is honest and terminal for this write; investigate the membership plane (finding 29)
[2026-09-06T02:03:19Z WARN  squeezefs::routing] rewrite epoch close for ino 2 failed transiently (Io(Custom { kind: StorageFull, error: "I/O error: data volume 'nvme4n1' full: 8178 of 8192 blocks allocated — lane 1 of 16 is exhausted while 0 free block(s) belong to lanes this mount does not own (alloc_lane_enospc_refusals; reach them by adopting a lane whose holder is proven dead, or grow the volume set — docs/operations.md §Multi-writer capacity planning)" })); the epoch stays registered (never-lossy) — the next close trigger retries
[2026-09-06T02:03:19Z ERROR squeezefs::meta_ship::publish] S9: the authority refused 1 shipped free(s) (vol_tag 0xc5e11286df218556, request 9219): already free/graced/quarantined — the double-release lineage, surfaced on the authority's own tripwire
[2026-09-06T02:03:20Z ERROR squeezefs::block_allocator] I/O error: data volume 'nvme4n1' full: 8178 of 8192 blocks allocated — lane 1 of 16 is exhausted while 0 free block(s) belong to lanes this mount does not own (alloc_lane_enospc_refusals; reach them by adopting a lane whose holder is proven dead, or grow the volume set — docs/operations.md §Multi-writer capacity planning)
[2026-09-06T02:03:20Z ERROR squeezefs::block_allocator] bounded allocation refusing StorageFull after 1013 ms parked with 0 offset(s) still in grace locally (lane harvest horizon 9107 ms): the pressure deadline never fenced within the wall backstop (1000 ms). The refusal is honest and terminal for this write; investigate the membership plane (finding 29)
[2026-09-06T02:03:21Z ERROR squeezefs::block_allocator] CLAIM ANOMALY: offset 8862564352 claimed from the free list while a refcount entry lingers (count=Some(1))
[2026-09-06T02:03:21Z ERROR squeezefs::meta_ship::publish] S9: the authority refused 1 shipped free(s) (vol_tag 0xad7b1d37b0829b08, request 9263): already free/graced/quarantined — the double-release lineage, surfaced on the authority's own tripwire
[2026-09-06T02:03:21Z ERROR squeezefs::meta_ship::publish] S9: the authority refused 1 shipped free(s) (vol_tag 0xc5e11286df218556, request 9267): already free/graced/quarantined — the double-release lineage, surfaced on the authority's own tripwire
[2026-09-06T02:03:21Z ERROR squeezefs::meta_ship::publish] S9: the authority refused 1 shipped free(s) (vol_tag 0xad7b1d37b0829b08, request 9274): already free/graced/quarantined — the double-release lineage, surfaced on the authority's own tripwire
[2026-09-06T02:03:21Z ERROR squeezefs::meta_ship::publish] S9: the authority refused 1 shipped free(s) (vol_tag 0xad7b1d37b0829b08, request 9281): already free/graced/quarantined — the double-release lineage, surfaced on the authority's own tripwire
