SqueezeFS version 1.2.1 (4ca040aa7d07 / 4ca040aa7d07775d834451ed00171ca61f89eb2a) built 1980-01-01T00:00:00Z profile release
======================================================================
  Mount Configuration Summary
----------------------------------------------------------------------
  Volume Name:         squeezefs
  Capacity:            64.00 GiB
  Block Size:          4.00 MiB
  Compression:         none
  Encryption:          none
----------------------------------------------------------------------
Metadata Volumes:
  - [enabled] /dev/nvme1n1 (health: 1000)
  - [enabled] /dev/nvme2n1 (health: 1000)
Data Volumes:
  - [enabled] /dev/nvme3n1 (health: 1000)
  - [enabled] /dev/nvme4n1 (health: 1000)
----------------------------------------------------------------------
Cache/Staging:
  Memory Cache Size:   1GB
  Disk Cache Size:     10GB
  Staging Paths:       none (cache-less)
----------------------------------------------------------------------
Mount Options:
  Mountpoint:          "/mnt/sqz-mwfleet/m57"
  Writeback Cache:     enabled
  Allow Other:         enabled
======================================================================
[2026-09-06T01:56:20Z INFO  squeezefs] root subprocess PATH sanitized (VAL-7i): dropped relative/empty/group-or-world-writable entries; using '/run/wrappers/bin:/run/current-system/sw/bin:/nix/store/7a60q5dgnv6z96c279rc1nalyiw4mgqn-bash-interactive-5.3p15/bin:/nix/store/fpig164lz7fcipbndn61sfd2y2yq363n-patchelf-0.15.2/bin:/nix/store/w88q44gqd1qg5wmkk7v0h97rpiqvam0l-gcc-wrapper-15.3.0/bin:/nix/store/4yxdxw3kppr2pbic95p4mri520rkdag2-gcc-15.3.0/bin:/nix/store/axmdd5wlxg1c9dbblvj09pjhkawqxmqx-glibc-2.42-84-bin/bin:/nix/store/3qgy8q2j64v2m9jy3a5jmssacbblhd4r-coreutils-9.11/bin:/nix/store/rm982p6i9ry7rwq5jn638kdpv0a2331f-binutils-wrapper-2.46/bin:/nix/store/5pa1282x1sasbwhmnah6bny1g9pc2lj1-binutils-2.46/bin:/nix/store/dv55qwamlq68hdiprg1v104ymwh1c27r-cargo-1.97.1/bin:/nix/store/yaa1sq5g4jar7rvlspy7kk2wd98nj6qh-rustc-wrapper-1.97.1/bin:/nix/store/47k26k98v32x56rxiqawdk5qk0r0b6w1-rustfmt-1.97.1/bin:/nix/store/n4c4rzywa0wsfy239bqkgsx8lfhsfmwx-clippy-1.97.1/bin:/nix/store/bvzzl57kpmvzb6aj0v0yc45gvw8ggf2a-go-task-3.53.1/bin:/nix/store/3mkwfy7wnzdngx7nj8nvs60jj2r4gmmc-cargo-audit-0.22.2/bin:/nix/store/7fx93fz9c809w8yjxb0934zw6xcjis58-pkg-config-wrapper-0.29.2/bin:/nix/store/w021fbcg4z6vxihnp6gb6vijyifl051f-clang-wrapper-21.1.8/bin:/nix/store/603yaax3l2jmc0hfv6g3hgjr1qk5jfxk-clang-21.1.8/bin:/nix/store/vs80ag6hsr58wv5fn3nlq8qi32x9hwfi-binutils-wrapper-2.46/bin:/nix/store/06w7nc3znmzbw227ksbcj3kzv2dvnqpd-clang-21.1.8-dev/bin:/nix/store/cfmpcnlljlda8w2y0pw6shpbf7y84nz9-openmpi-5.0.10-dev/bin:/nix/store/b60ygklpk7cznna4bs0dcm6h6ncyh26z-openmpi-5.0.10/bin:/nix/store/b5bpi6zfajzzrwwpgba2q6li3nnya4bs-python3-3.14.7/bin:/nix/store/nsz342365nfvnvyfcjvds75rzw6rx520-nvme-cli-2.16/bin:/nix/store/f7cmpy9nszykh5gfjpxh5ks3pa78nssr-awscli2-2.35.11/bin:/nix/store/lbx1ba84hzgw5ixy47nmzvdmjp8ayqi4-liburing-2.14-bin/bin:/nix/store/wjvj88kk8gv0742k1lwazpxr7lnzgi1a-e2fsprogs-1.47.4-bin/bin:/nix/store/65ql38i4yki6adklv0d83amba6c5cd9i-util-linux-minimal-2.42.2-bin/bin:/nix/store/c4bh8ipd5jwxq44g4m630jswac1bqa6d-xfsprogs-7.1.1-bin/bin:/nix/store/yljbd9wmqsdg89pprp6r7ml0c5a109f7-btrfs-progs-7.1/bin:/nix/store/qhi7wvkfj6k2p38ds1ahc2bldypj5fr0-f2fs-tools-1.16.0/bin:/nix/store/xkwpln569xr659h2vzqv498cm2nvbwx7-exfatprogs-1.4.3/bin:/nix/store/zwv3i1aawb8zmxj029x7lyd0an5q4nj6-util-linux-2.42.2-bin/bin:/nix/store/ync7h8cyhw4nzw2laba4wra6b8mcn9by-compiler-rt-libc-21.1.8/bin:/nix/store/i4kjidyvl8ciwbcwm75g75sriq3knav0-findutils-4.11.0/bin:/nix/store/xw09m9cnc9ayb2j53y2rj8jhm1h7kkxa-diffutils-3.12/bin:/nix/store/4nylac9gazdpsid79qyk0jpqm312b2jx-gnused-4.10/bin:/nix/store/yhr4ps9rdmb55pgqaq246vlh7xfac1dx-gnugrep-3.12/bin:/nix/store/bpy2ps3f0f3gvgvqjwgqriw1j1n840wd-gawk-5.4.1/bin:/nix/store/w2mbg6mcq7k3j088sbwfziy8vsdhyk7v-gnutar-1.35/bin:/nix/store/sd9qcv5s2gxvd6hpp5hk5cixq2bd4jd1-gzip-1.14/bin:/nix/store/622jkvg8hgffly7dca6iif9drvimingx-bzip2-1.0.8-bin/bin:/nix/store/hd36xbvbc0vrn9f9idrfwxznri0ax427-gnumake-4.4.1/bin:/nix/store/9ipfvwnqp1q8ijnmi5sxvlx9r8w34lw3-bash-5.3p15/bin:/nix/store/1rcr9yyj9qlgm3dyin1j37xl7q84h15i-patch-2.8/bin:/nix/store/0fb3jrf20z28598alm6g7rrsw6dz2cqj-xz-5.8.3-bin/bin:/nix/store/xcab8m6wdrd30l10bw3hkz32yiibynzv-file-5.48/bin:/home/justin/.local/share/flatpak/exports/bin:/nix/store/444h3sfs9fk7fi8hif6wgg11rkc24vjd-ghostty-1.3.1/bin'
Mounting as a CO-WRITER (DLM stage S9): this mount holds NO metadata authority — every metadata mutation ships to the authority that holds the D0 claim — and writes data only under custody that authority grants. Admission runs a five-rung ladder and refuses loudly naming the rung; see docs/operations.md §Multi-writer co-writer mounts.
[2026-09-06T01:56:20Z INFO  squeezefs::nvme_dev] data volume /dev/nvme3n1: write_cache=write-through (durability barrier: io_uring Fsync/DATASYNC per device, coalesced)
[2026-09-06T01:56:20Z INFO  squeezefs] writer-scoped staging ENGAGED: client scope w_1c4e7f3e0e89c39d.mcf8ed29a (staging generation "v3:78d92c4688d04d14a57eec741f6054ff|v3:aeda952c8562497686dd35b6cb706697@node:1c4e7f3e0e89c39d.mcf8ed29a") — staging keys carry the scope and this client's staging roots are bound to it
[2026-09-06T01:56:20Z INFO  squeezefs::cache::gds] GPU Direct Storage: No discrete GPU environment found. GDS bypassed.
[2026-09-06T01:56:20Z INFO  squeezefs] Registering data volume 'nvme3n1' at path /dev/nvme3n1 (state active)
[2026-09-06T01:56:20Z INFO  squeezefs] Registering data volume 'nvme4n1' at path /dev/nvme4n1 (state active)
[2026-09-06T01:56:20Z INFO  squeezefs::nvme_dev] data volume /dev/nvme4n1: write_cache=write-through (durability barrier: io_uring Fsync/DATASYNC per device, coalesced)
[2026-09-06T01:56:20Z INFO  squeezefs::nvme_dev] NvmeBlockDev /dev/nvme3n1: read submission fan-out armed (16 lanes)
[2026-09-06T01:56:20Z INFO  squeezefs::nvme_dev] NvmeBlockDev /dev/nvme3n1: write submission fan-out armed (16 lanes, 4194304 B affinity grain)
[2026-09-06T01:56:20Z INFO  squeezefs::nvme_dev] NvmeBlockDev /dev/nvme4n1: read submission fan-out armed (16 lanes)
[2026-09-06T01:56:20Z INFO  squeezefs::nvme_dev] NvmeBlockDev /dev/nvme4n1: write submission fan-out armed (16 lanes, 4194304 B affinity grain)
[2026-09-06T01:56:20Z WARN  squeezefs::data_custody] data-plane WERO ADOPTED (co-located co-writer, 2 namespace(s), authority key 0x7bf844171bc97242): this mount shares its authority's PR arbitration domain, so the standing hold is its fenceability evidence and NOTHING was registered — the stated honest residual (docs/operations.md §Multi-writer co-writer mounts): on this shape the metadata read-only half is enforced by this mount's own code, not by the device, and its death is proven by the same-host dead-pid ladder, never by a PR preempt
[2026-09-06T01:56:20Z INFO  squeezefs::membership] membership member 'node_1c4e7f3e0e89c39d.mcf8ed29a' (writer) holds lease epoch 8 in term 3: owner deadline 45000 ms, MY deadline 42956 ms (T_owner − 2·skew_max − D_purge, anchored on my send instant), renewing every 10000 ms
[2026-09-06T01:56:20Z INFO  squeezefs::membership] membership MEMBER armed: writer 'node_1c4e7f3e0e89c39d.mcf8ed29a' holds a lease from owner '810d3307-ec2c-4c33-a5f8-d42fea0e0425' at 192.168.86.52:39703 — visible in `squeezefs clients` with ZERO metadata writes, and the same channel §6.8 item 3's freed-offset acknowledgements ride (DLM S6)
[2026-09-06T01:56:20Z WARN  squeezefs::cowriter] CO-WRITER ADMITTED (DLM S9) over 2 volume(s): node 'node_1c4e7f3e0e89c39d.mcf8ed29a', authority claim 'aef75a27-2f4f-4346-ba47-4ac39e92b54e' in era 3, membership owner '810d3307-ec2c-4c33-a5f8-d42fea0e0425' at 192.168.86.52:39703 (member epoch 8), custody at 192.168.86.52:45999, device registrant key 0x7bf844171bc97242 on 2 namespace(s). This mount holds NO metadata authority — every metadata mutation ships — and writes data only under custody the authority grants
[2026-09-06T01:56:20Z INFO  squeezefs::meta_backend::kv::backend] meta volume /dev/nvme1n1: co-writer mount — a LOCAL exclusive holder (the authority's write mount, or a guarded offline verb) holds this volume on this host; the co-writer takes no lock and refuses nothing
[2026-09-06T01:56:20Z WARN  squeezefs::meta_backend::kv::backend] meta volume /dev/nvme1n1: mounted CO-WRITER (DLM S9) under authority claim 'aef75a27-2f4f-4346-ba47-4ac39e92b54e' (era 3). No writer_claim, no metadata-namespace reservation, no checkpoint task — this mount appends to none of this volume's single-appender structures and ships every metadata mutation. Guarantee class: co-writer
[2026-09-06T01:56:20Z INFO  squeezefs::meta_backend::kv::backend] meta volume /dev/nvme2n1: co-writer mount — a LOCAL exclusive holder (the authority's write mount, or a guarded offline verb) holds this volume on this host; the co-writer takes no lock and refuses nothing
[2026-09-06T01:56:20Z WARN  squeezefs::meta_backend::kv::backend] meta volume /dev/nvme2n1: mounted CO-WRITER (DLM S9) under authority claim 'aef75a27-2f4f-4346-ba47-4ac39e92b54e' (era 3). No writer_claim, no metadata-namespace reservation, no checkpoint task — this mount appends to none of this volume's single-appender structures and ships every metadata mutation. Guarantee class: co-writer
[2026-09-06T01:56:20Z INFO  squeezefs] meta volume /dev/nvme1n1: format=3 ledger_seq=12 replay_entries=1 replay_dropped_torn=0 replay_ms=3 free_extents=4026 next_ino=2 meta_volume_atomicity=cow-checksummed meta_volume_atomicity_physical=atomic4k writer_guard_mode=co-writer
[2026-09-06T01:56:20Z INFO  squeezefs] meta volume /dev/nvme2n1: format=3 ledger_seq=7 replay_entries=0 replay_dropped_torn=0 replay_ms=2 free_extents=4026 next_ino=2 meta_volume_atomicity=cow-checksummed meta_volume_atomicity_physical=atomic4k writer_guard_mode=co-writer
[2026-09-06T01:56:20Z INFO  squeezefs::fuse_client] Dynamic reclaim concurrency limit configured: 32
[2026-09-06T01:56:20Z INFO  squeezefs] co-writer mount: block-ownership recovery skipped entirely (this mount allocates nothing outside a granted lane and frees nothing locally; the walk's free-completing arm must never run on a snapshot view)
[2026-09-06T01:56:20Z INFO  squeezefs] co-writer mount: job fabric, job wire and the frag-gauge worker are NOT armed (maintenance coordination is the slot-0 volume owner's; this mount cannot write their durable records)
[2026-09-06T01:56:20Z INFO  squeezefs::multi_writer] multi-writer: this mount is a CO-WRITER (SQUEEZEFS_MW_ROLE=co-writer), so the AUTHORITY arm is not run — the co-writer arm installs the client halves of the same three planes (ownership + publish + custody) after its admission ladder passes
[2026-09-06T01:56:20Z WARN  squeezefs::meta_ship::owners] metadata function shipping ARMED (DLM S8): 0 of 2 volumes owned locally, 2 shipped to 1 peer(s) ["aef75a27-2f4f-4346-ba47-4ac39e92b54e"]; 0 slots home locally. Metadata verbs on a foreign volume now travel to its owner; the DATA plane still refuses foreign-home custody loud (S9 ships that half)
[2026-09-06T01:56:20Z INFO  squeezefs::membership] membership member 'node_1c4e7f3e0e89c39d.mcf8ed29a' (writer) holds lease epoch 8 in term 3: owner deadline 45000 ms, MY deadline 42956 ms (T_owner − 2·skew_max − D_purge, anchored on my send instant), renewing every 10000 ms
[2026-09-06T01:56:20Z INFO  squeezefs::dlm] fencing: durable writer term 3 adopted (was 0); every token this process mints now dominates every earlier era's (spec §6.7 decision 4)
[2026-09-06T01:56:20Z INFO  squeezefs::block_allocator] data-plane allocation partition engaged on volume 'nvme3n1': lane 6 of 16, reservation grain 64 blocks, 7680 block(s) of this device belong to other lanes (alloc_lane_stranded_bytes)
[2026-09-06T01:56:20Z WARN  squeezefs::alloc_lane_grant] data-plane allocation lane ENGAGED on volume 'nvme3n1': lane 6 of 16, resuming at block 6 (floor OPENED by the authority (this mount never walks)). Fresh allocation is this mount's residue class; frees stay lane-blind
[2026-09-06T01:56:20Z WARN  squeezefs::alloc_lane_grant] data-plane allocation lane ENGAGED on volume 'nvme3n1': lane 6 of 16, resuming at block 6 (floor OPENED by the authority (this mount never walks)). Fresh allocation is this mount's residue class; frees stay lane-blind
[2026-09-06T01:56:20Z INFO  squeezefs::block_allocator] data-plane allocation partition engaged on volume 'nvme4n1': lane 6 of 16, reservation grain 64 blocks, 7680 block(s) of this device belong to other lanes (alloc_lane_stranded_bytes)
[2026-09-06T01:56:20Z WARN  squeezefs::alloc_lane_grant] data-plane allocation lane ENGAGED on volume 'nvme4n1': lane 6 of 16, resuming at block 6 (floor OPENED by the authority (this mount never walks)). Fresh allocation is this mount's residue class; frees stay lane-blind
[2026-09-06T01:56:20Z WARN  squeezefs::cowriter] CO-WRITER ARMED (DLM S9): metadata verbs ship to 'aef75a27-2f4f-4346-ba47-4ac39e92b54e' at 192.168.86.52:45999, write custody is acquired there, fresh blocks are placed in allocation lane 6 of 16 (durable reservations committed by the authority ahead of every hand-out), and this mount's own free/reclaim accounting stays closed. Data DMA is authorized locally under the custody epoch — only custody travels, never data
[2026-09-06T01:56:20Z INFO  squeezefs] fleet jobs: member worker armed (KD-MW-16 — fleet read shards; SQUEEZEFS_FLEET_JOBS=0 opts out)
Mounting Squeezefs at "/mnt/sqz-mwfleet/m57"...
[2026-09-06T01:56:20Z INFO  squeezefs::fuse_client] Transport payload-buffer cap: 10544 MiB (memory budget 84352 MiB)
[2026-09-06T01:56:20Z WARN  squeezefs::ipc_host] SQUEEZEFS_IPC_ALLOW_DEV is set — the KD-7 build-commit skew gate is RELAXED for this mount (degenerate `unknown`/`-dirty` identities will be admitted, counted in ipc_binds_dev_override). Dev boxes only: a mismatched daemon/shim pair is undefined behavior.
[2026-09-06T01:56:20Z INFO  squeezefs::ipc_host] ipc host: path ctl socket at /run/squeezefs/sqz-il0-1320237-99761d7d.sock
[2026-09-06T01:56:20Z INFO  squeezefs::fuse_client] IPC session host armed (socket sqz-il0-1320237-99761d7d, session shm cap 10544 MiB)
[2026-09-06T01:56:20Z INFO  squeezefs::fuse_client] SqueezeFS version 1.2.1 (4ca040aa7d07 / 4ca040aa7d07775d834451ed00171ca61f89eb2a) built 1980-01-01T00:00:00Z profile release initializing mount
[2026-09-06T01:56:20Z INFO  squeezefs::fuse_client] FUSE Daemon: Mounting squeezefs at "/mnt/sqz-mwfleet/m57"...
[2026-09-06T01:56:20Z INFO  squeezefs::fuse_client] FUSE Daemon: Metadata connection active.
[2026-09-06T01:56:20Z INFO  squeezefs::fuse_client] device-overlay armed: transport streaming holds enabled (SQUEEZEFS_DEVICE_OVERLAY)
[92mOK[0m Squeezefs is ready at "/mnt/sqz-mwfleet/m57"
[2026-09-06T01:56:20Z INFO  squeezefs::fuse_client] FUSE Daemon: Initialized Squeezefs Filesystem mount (version 1.2.1 (4ca040aa7d07 / 4ca040aa7d07775d834451ed00171ca61f89eb2a) built 1980-01-01T00:00:00Z profile release).
squeezefs: mount ready (version 1.2.1 (4ca040aa7d07 / 4ca040aa7d07775d834451ed00171ca61f89eb2a) built 1980-01-01T00:00:00Z profile release, exe hint: rebuild target/release and reinstall)
[2026-09-06T01:56:20Z INFO  squeezefs::fuse_client] FUSE kernel protocol 7.45 (init flags 0x400007ff73fffffb): FOPEN_NOFLUSH advertised + honored on non-writeback opens (kernel ≥ 7.35) (D2.a; under writeback cache the elision switch is the clean-FLUSH ENOSYS latch — uapi: NOFLUSH applies 'unless FUSE_WRITEBACK_CACHE'); UNKNOWN init capability bits 0x4000040000000000 advertised — investigate whether an atomic-open-class capability is among them (D2.d adoption follow-up)
squeezefs: FUSE kernel 7.45 — FOPEN_NOFLUSH advertised (wb-cache elision = clean-FLUSH ENOSYS latch); UNKNOWN init capability bits 0x4000040000000000 advertised — investigate whether an atomic-open-class capability is among them (D2.d adoption follow-up)
[2026-09-06T01:56:20Z INFO  squeezefs::fuse_client] FUSE_HANDLE_KILLPRIV_V2 negotiated (kernel killpriv probe deleted; daemon owns suid/sgid/caps clearing) for this mount
[2026-09-06T01:56:20Z INFO  squeezefs::fuse_client] IPC session host: mount st_dev resolved (104)
[2026-09-06T01:56:20Z INFO  squeezefs::fuse_client] co-writer mount: writeback flusher, extent-record recovery, fold worker and reclaim pool are NOT armed (nothing here can be dirty, staged or freed by this mount)
[2026-09-06T01:56:20Z WARN  squeezefs::ro_coherence] reader data plane armed (DLM S5): block allocation, terminal frees, device reclaim, the W1 in-place patch and in-place overwrites are all refused on this mount; the reclaim queue is latched halted
[2026-09-06T01:56:20Z INFO  squeezefs::meta_backend::kv::node_cache] node cache armed for coherent reads at checkpoint epoch 12 (tail 10321): cached nodes are dropped on every epoch step, and this mount may not write
[2026-09-06T01:56:20Z INFO  squeezefs::meta_backend::kv::node_cache] node cache armed for coherent reads at checkpoint epoch 7 (tail 8256): cached nodes are dropped on every epoch step, and this mount may not write
[2026-09-06T01:56:20Z INFO  squeezefs::ro_coherence] reader coherence armed on 2/2 volume(s): staleness bound 2s (poll 1s + the writer's ≤1 s checkpoint ceiling), R-6 purge sink installed
[2026-09-06T01:56:20Z INFO  squeezefs::ro_coherence] reader revalidation armed: 2 volume(s), every 1s (the derived cadence — one ledger read per volume per pass; staleness bound 2s)
[2026-09-06T01:56:20Z INFO  fuse3::raw::connection::fuse_over_uring] fuse-over-uring queue-ring setup probe: SINGLE_ISSUER+DEFER_TASKRUN available
[2026-09-06T01:56:20Z INFO  squeezefs::fleet_worker] fleet worker: member 'node_1c4e7f3e0e89c39d.mcf8ed29a' enrolled at coordinator 192.168.86.52:37101 (KD-MW-16 fleet read shards)
FUSE-over-io_uring registered: queues=32 depth=32 payload_sz=1048576 max_write=1048576 max_pages=256 buffers=kmbuf-bufring+zero-copy+retention kmbuf_ops=38/39 (7.1-sqz) fd=137 sqpoll=off drain_groups=32(width<=1)
[2026-09-06T01:56:20Z INFO  fuse3::raw::connection::fuse_over_uring] FUSE-over-io_uring registered: queues=32 depth=32 payload_sz=1048576 max_write=1048576 max_pages=256 buffers=kmbuf-bufring+zero-copy+retention kmbuf_ops=38/39 (7.1-sqz) fd=137 sqpoll=off drain_groups=32(width<=1)
FUSE-over-io_uring session path armed (ready=true, queues=32)
FUSE-over-io_uring transport armed for this session
[2026-09-06T01:56:20Z INFO  fuse3::raw::session] FUSE-over-io_uring transport armed for this session
FUSE-over-io_uring: classical sideband servicer armed (primary session; FORGET/INTERRUPT/resend + switchover stragglers)
[2026-09-06T01:56:32Z ERROR squeezefs::fuse_client] Squeezefs operational error: Refused { errno: 5, msg: "Lock expired or invalid fencing token: 3298534883845 (expected >= 3298534883847)" }
[2026-09-06T01:56:39Z ERROR squeezefs::meta_ship::publish] S9: the authority refused 1 shipped free(s) (vol_tag 0xad7b1d37b0829b08, request 169): already free/graced/quarantined — the double-release lineage, surfaced on the authority's own tripwire
[2026-09-06T01:56:39Z ERROR squeezefs::meta_ship::publish] S9: the authority refused 1 shipped free(s) (vol_tag 0xad7b1d37b0829b08, request 173): already free/graced/quarantined — the double-release lineage, surfaced on the authority's own tripwire
[2026-09-06T01:56:39Z ERROR squeezefs::meta_ship::publish] S9: the authority refused 1 shipped free(s) (vol_tag 0xad7b1d37b0829b08, request 178): already free/graced/quarantined — the double-release lineage, surfaced on the authority's own tripwire
[2026-09-06T01:56:39Z ERROR squeezefs::meta_ship::publish] S9: the authority refused 1 shipped free(s) (vol_tag 0xad7b1d37b0829b08, request 182): already free/graced/quarantined — the double-release lineage, surfaced on the authority's own tripwire
[2026-09-06T01:56:39Z ERROR squeezefs::meta_ship::publish] S9: the authority refused 1 shipped free(s) (vol_tag 0xad7b1d37b0829b08, request 186): already free/graced/quarantined — the double-release lineage, surfaced on the authority's own tripwire
[2026-09-06T01:56:39Z ERROR squeezefs::meta_ship::publish] S9: the authority refused 1 shipped free(s) (vol_tag 0xad7b1d37b0829b08, request 190): already free/graced/quarantined — the double-release lineage, surfaced on the authority's own tripwire
[2026-09-06T01:56:39Z ERROR squeezefs::meta_ship::publish] S9: the authority refused 1 shipped free(s) (vol_tag 0xad7b1d37b0829b08, request 194): already free/graced/quarantined — the double-release lineage, surfaced on the authority's own tripwire
[2026-09-06T01:56:39Z ERROR squeezefs::meta_ship::publish] S9: the authority refused 1 shipped free(s) (vol_tag 0xad7b1d37b0829b08, request 198): already free/graced/quarantined — the double-release lineage, surfaced on the authority's own tripwire
[2026-09-06T01:56:39Z ERROR squeezefs::meta_ship::publish] S9: the authority refused 1 shipped free(s) (vol_tag 0xad7b1d37b0829b08, request 202): already free/graced/quarantined — the double-release lineage, surfaced on the authority's own tripwire
[2026-09-06T01:56:39Z ERROR squeezefs::meta_ship::publish] S9: the authority refused 1 shipped free(s) (vol_tag 0xad7b1d37b0829b08, request 206): already free/graced/quarantined — the double-release lineage, surfaced on the authority's own tripwire
[2026-09-06T01:56:39Z ERROR squeezefs::meta_ship::publish] S9: the authority refused 1 shipped free(s) (vol_tag 0xad7b1d37b0829b08, request 210): already free/graced/quarantined — the double-release lineage, surfaced on the authority's own tripwire
[2026-09-06T01:56:40Z ERROR squeezefs::meta_ship::publish] S9: the authority refused 1 shipped free(s) (vol_tag 0xad7b1d37b0829b08, request 214): already free/graced/quarantined — the double-release lineage, surfaced on the authority's own tripwire
[2026-09-06T01:56:40Z ERROR squeezefs::meta_ship::publish] S9: the authority refused 1 shipped free(s) (vol_tag 0xad7b1d37b0829b08, request 220): already free/graced/quarantined — the double-release lineage, surfaced on the authority's own tripwire
[2026-09-06T01:56:40Z ERROR squeezefs::meta_ship::publish] S9: the authority refused 1 shipped free(s) (vol_tag 0xad7b1d37b0829b08, request 221): already free/graced/quarantined — the double-release lineage, surfaced on the authority's own tripwire
[2026-09-06T01:56:40Z ERROR squeezefs::meta_ship::publish] S9: the authority refused 1 shipped free(s) (vol_tag 0xc5e11286df218556, request 228): already free/graced/quarantined — the double-release lineage, surfaced on the authority's own tripwire
[2026-09-06T01:56:40Z ERROR squeezefs::meta_ship::publish] S9: the authority refused 1 shipped free(s) (vol_tag 0xad7b1d37b0829b08, request 239): already free/graced/quarantined — the double-release lineage, surfaced on the authority's own tripwire
[2026-09-06T01:56:40Z ERROR squeezefs::meta_ship::publish] S9: the authority refused 1 shipped free(s) (vol_tag 0xad7b1d37b0829b08, request 241): already free/graced/quarantined — the double-release lineage, surfaced on the authority's own tripwire
[2026-09-06T01:56:40Z ERROR squeezefs::meta_ship::publish] S9: the authority refused 1 shipped free(s) (vol_tag 0xc5e11286df218556, request 245): already free/graced/quarantined — the double-release lineage, surfaced on the authority's own tripwire
[2026-09-06T01:56:43Z ERROR squeezefs::block_allocator] I/O error: data volume 'nvme3n1' full: 8183 of 8192 blocks allocated — lane 6 of 16 is exhausted while 0 free block(s) belong to lanes this mount does not own (alloc_lane_enospc_refusals; reach them by adopting a lane whose holder is proven dead, or grow the volume set — docs/operations.md §Multi-writer capacity planning)
[2026-09-06T01:56:44Z ERROR squeezefs::block_allocator] I/O error: data volume 'nvme4n1' full: 8183 of 8192 blocks allocated — lane 6 of 16 is exhausted while 0 free block(s) belong to lanes this mount does not own (alloc_lane_enospc_refusals; reach them by adopting a lane whose holder is proven dead, or grow the volume set — docs/operations.md §Multi-writer capacity planning)
[2026-09-06T01:56:44Z ERROR squeezefs::block_allocator] bounded allocation refusing StorageFull after 1004 ms parked with 0 offset(s) still in grace locally (lane harvest horizon 13563 ms): the pressure deadline never fenced within the wall backstop (1000 ms). The refusal is honest and terminal for this write; investigate the membership plane (finding 29)
[2026-09-06T01:56:44Z ERROR squeezefs::block_allocator] bounded allocation refusing StorageFull after 1005 ms parked with 0 offset(s) still in grace locally (lane harvest horizon 13563 ms): the pressure deadline never fenced within the wall backstop (1000 ms). The refusal is honest and terminal for this write; investigate the membership plane (finding 29)
[2026-09-06T01:56:44Z ERROR squeezefs::block_allocator] bounded allocation refusing StorageFull after 1024 ms parked with 0 offset(s) still in grace locally (lane harvest horizon 13564 ms): the pressure deadline never fenced within the wall backstop (1000 ms). The refusal is honest and terminal for this write; investigate the membership plane (finding 29)
[2026-09-06T01:56:44Z ERROR squeezefs::block_allocator] bounded allocation refusing StorageFull after 1007 ms parked with 0 offset(s) still in grace locally (lane harvest horizon 13564 ms): the pressure deadline never fenced within the wall backstop (1000 ms). The refusal is honest and terminal for this write; investigate the membership plane (finding 29)
[2026-09-06T01:56:44Z ERROR squeezefs::block_allocator] bounded allocation refusing StorageFull after 1023 ms parked with 0 offset(s) still in grace locally (lane harvest horizon 13564 ms): the pressure deadline never fenced within the wall backstop (1000 ms). The refusal is honest and terminal for this write; investigate the membership plane (finding 29)
[2026-09-06T01:56:44Z ERROR squeezefs::block_allocator] bounded allocation refusing StorageFull after 1023 ms parked with 0 offset(s) still in grace locally (lane harvest horizon 13565 ms): the pressure deadline never fenced within the wall backstop (1000 ms). The refusal is honest and terminal for this write; investigate the membership plane (finding 29)
[2026-09-06T01:56:44Z ERROR squeezefs::block_allocator] bounded allocation refusing StorageFull after 1021 ms parked with 0 offset(s) still in grace locally (lane harvest horizon 13565 ms): the pressure deadline never fenced within the wall backstop (1000 ms). The refusal is honest and terminal for this write; investigate the membership plane (finding 29)
[2026-09-06T01:56:44Z ERROR squeezefs::block_allocator] bounded allocation refusing StorageFull after 1020 ms parked with 0 offset(s) still in grace locally (lane harvest horizon 13565 ms): the pressure deadline never fenced within the wall backstop (1000 ms). The refusal is honest and terminal for this write; investigate the membership plane (finding 29)
[2026-09-06T01:56:44Z ERROR squeezefs::block_allocator] bounded allocation refusing StorageFull after 1022 ms parked with 0 offset(s) still in grace locally (lane harvest horizon 13565 ms): the pressure deadline never fenced within the wall backstop (1000 ms). The refusal is honest and terminal for this write; investigate the membership plane (finding 29)
[2026-09-06T01:56:44Z ERROR squeezefs::block_allocator] bounded allocation refusing StorageFull after 1022 ms parked with 0 offset(s) still in grace locally (lane harvest horizon 13565 ms): the pressure deadline never fenced within the wall backstop (1000 ms). The refusal is honest and terminal for this write; investigate the membership plane (finding 29)
[2026-09-06T01:56:44Z ERROR squeezefs::block_allocator] bounded allocation refusing StorageFull after 1003 ms parked with 0 offset(s) still in grace locally (lane harvest horizon 13566 ms): the pressure deadline never fenced within the wall backstop (1000 ms). The refusal is honest and terminal for this write; investigate the membership plane (finding 29)
[2026-09-06T01:56:44Z ERROR squeezefs::block_allocator] bounded allocation refusing StorageFull after 1023 ms parked with 0 offset(s) still in grace locally (lane harvest horizon 13566 ms): the pressure deadline never fenced within the wall backstop (1000 ms). The refusal is honest and terminal for this write; investigate the membership plane (finding 29)
[2026-09-06T01:56:44Z ERROR squeezefs::block_allocator] bounded allocation refusing StorageFull after 1021 ms parked with 0 offset(s) still in grace locally (lane harvest horizon 13566 ms): the pressure deadline never fenced within the wall backstop (1000 ms). The refusal is honest and terminal for this write; investigate the membership plane (finding 29)
[2026-09-06T01:56:45Z ERROR squeezefs::block_allocator] I/O error: data volume 'nvme3n1' full: 8183 of 8192 blocks allocated — lane 6 of 16 is exhausted while 0 free block(s) belong to lanes this mount does not own (alloc_lane_enospc_refusals; reach them by adopting a lane whose holder is proven dead, or grow the volume set — docs/operations.md §Multi-writer capacity planning)
[2026-09-06T01:56:45Z ERROR squeezefs::block_allocator] bounded allocation refusing StorageFull after 1008 ms parked with 0 offset(s) still in grace locally (lane harvest horizon 14577 ms): the pressure deadline never fenced within the wall backstop (1000 ms). The refusal is honest and terminal for this write; investigate the membership plane (finding 29)
[2026-09-06T01:56:45Z ERROR squeezefs::block_allocator] bounded allocation refusing StorageFull after 1009 ms parked with 0 offset(s) still in grace locally (lane harvest horizon 14578 ms): the pressure deadline never fenced within the wall backstop (1000 ms). The refusal is honest and terminal for this write; investigate the membership plane (finding 29)
[2026-09-06T01:56:45Z ERROR squeezefs::block_allocator] bounded allocation refusing StorageFull after 1009 ms parked with 0 offset(s) still in grace locally (lane harvest horizon 14578 ms): the pressure deadline never fenced within the wall backstop (1000 ms). The refusal is honest and terminal for this write; investigate the membership plane (finding 29)
[2026-09-06T01:56:45Z ERROR squeezefs::block_allocator] bounded allocation refusing StorageFull after 1009 ms parked with 0 offset(s) still in grace locally (lane harvest horizon 14578 ms): the pressure deadline never fenced within the wall backstop (1000 ms). The refusal is honest and terminal for this write; investigate the membership plane (finding 29)
[2026-09-06T01:56:45Z ERROR squeezefs::block_allocator] bounded allocation refusing StorageFull after 1012 ms parked with 0 offset(s) still in grace locally (lane harvest horizon 14578 ms): the pressure deadline never fenced within the wall backstop (1000 ms). The refusal is honest and terminal for this write; investigate the membership plane (finding 29)
[2026-09-06T01:56:45Z ERROR squeezefs::block_allocator] bounded allocation refusing StorageFull after 1013 ms parked with 0 offset(s) still in grace locally (lane harvest horizon 14579 ms): the pressure deadline never fenced within the wall backstop (1000 ms). The refusal is honest and terminal for this write; investigate the membership plane (finding 29)
[2026-09-06T01:56:45Z ERROR squeezefs::block_allocator] bounded allocation refusing StorageFull after 1010 ms parked with 0 offset(s) still in grace locally (lane harvest horizon 14580 ms): the pressure deadline never fenced within the wall backstop (1000 ms). The refusal is honest and terminal for this write; investigate the membership plane (finding 29)
[2026-09-06T01:56:45Z ERROR squeezefs::block_allocator] bounded allocation refusing StorageFull after 1015 ms parked with 0 offset(s) still in grace locally (lane harvest horizon 14581 ms): the pressure deadline never fenced within the wall backstop (1000 ms). The refusal is honest and terminal for this write; investigate the membership plane (finding 29)
[2026-09-06T01:56:45Z ERROR squeezefs::block_allocator] bounded allocation refusing StorageFull after 1012 ms parked with 0 offset(s) still in grace locally (lane harvest horizon 14581 ms): the pressure deadline never fenced within the wall backstop (1000 ms). The refusal is honest and terminal for this write; investigate the membership plane (finding 29)
[2026-09-06T01:56:45Z ERROR squeezefs::block_allocator] bounded allocation refusing StorageFull after 1016 ms parked with 0 offset(s) still in grace locally (lane harvest horizon 14582 ms): the pressure deadline never fenced within the wall backstop (1000 ms). The refusal is honest and terminal for this write; investigate the membership plane (finding 29)
[2026-09-06T01:56:45Z ERROR squeezefs::block_allocator] bounded allocation refusing StorageFull after 1014 ms parked with 0 offset(s) still in grace locally (lane harvest horizon 14583 ms): the pressure deadline never fenced within the wall backstop (1000 ms). The refusal is honest and terminal for this write; investigate the membership plane (finding 29)
[2026-09-06T01:56:45Z ERROR squeezefs::block_allocator] bounded allocation refusing StorageFull after 1017 ms parked with 0 offset(s) still in grace locally (lane harvest horizon 14588 ms): the pressure deadline never fenced within the wall backstop (1000 ms). The refusal is honest and terminal for this write; investigate the membership plane (finding 29)
[2026-09-06T01:56:45Z ERROR squeezefs::block_allocator] bounded allocation refusing StorageFull after 1018 ms parked with 0 offset(s) still in grace locally (lane harvest horizon 14587 ms): the pressure deadline never fenced within the wall backstop (1000 ms). The refusal is honest and terminal for this write; investigate the membership plane (finding 29)
[2026-09-06T01:56:45Z ERROR squeezefs::block_allocator] bounded allocation refusing StorageFull after 1017 ms parked with 0 offset(s) still in grace locally (lane harvest horizon 14587 ms): the pressure deadline never fenced within the wall backstop (1000 ms). The refusal is honest and terminal for this write; investigate the membership plane (finding 29)
[2026-09-06T01:56:45Z ERROR squeezefs::block_allocator] bounded allocation refusing StorageFull after 1021 ms parked with 0 offset(s) still in grace locally (lane harvest horizon 14587 ms): the pressure deadline never fenced within the wall backstop (1000 ms). The refusal is honest and terminal for this write; investigate the membership plane (finding 29)
[2026-09-06T01:56:45Z ERROR squeezefs::block_allocator] bounded allocation refusing StorageFull after 1019 ms parked with 0 offset(s) still in grace locally (lane harvest horizon 14587 ms): the pressure deadline never fenced within the wall backstop (1000 ms). The refusal is honest and terminal for this write; investigate the membership plane (finding 29)
[2026-09-06T01:56:45Z ERROR squeezefs::block_allocator] bounded allocation refusing StorageFull after 1017 ms parked with 0 offset(s) still in grace locally (lane harvest horizon 14587 ms): the pressure deadline never fenced within the wall backstop (1000 ms). The refusal is honest and terminal for this write; investigate the membership plane (finding 29)
[2026-09-06T01:56:45Z ERROR squeezefs::block_allocator] bounded allocation refusing StorageFull after 1022 ms parked with 0 offset(s) still in grace locally (lane harvest horizon 14588 ms): the pressure deadline never fenced within the wall backstop (1000 ms). The refusal is honest and terminal for this write; investigate the membership plane (finding 29)
[2026-09-06T01:56:45Z ERROR squeezefs::block_allocator] bounded allocation refusing StorageFull after 1020 ms parked with 0 offset(s) still in grace locally (lane harvest horizon 14588 ms): the pressure deadline never fenced within the wall backstop (1000 ms). The refusal is honest and terminal for this write; investigate the membership plane (finding 29)
[2026-09-06T01:56:45Z ERROR squeezefs::block_allocator] bounded allocation refusing StorageFull after 1020 ms parked with 0 offset(s) still in grace locally (lane harvest horizon 14589 ms): the pressure deadline never fenced within the wall backstop (1000 ms). The refusal is honest and terminal for this write; investigate the membership plane (finding 29)
[2026-09-06T01:56:46Z ERROR squeezefs::block_allocator] I/O error: data volume 'nvme4n1' full: 8183 of 8192 blocks allocated — lane 6 of 16 is exhausted while 0 free block(s) belong to lanes this mount does not own (alloc_lane_enospc_refusals; reach them by adopting a lane whose holder is proven dead, or grow the volume set — docs/operations.md §Multi-writer capacity planning)
[2026-09-06T01:56:46Z ERROR squeezefs::block_allocator] bounded allocation refusing StorageFull after 1011 ms parked with 0 offset(s) still in grace locally (lane harvest horizon 15591 ms): the pressure deadline never fenced within the wall backstop (1000 ms). The refusal is honest and terminal for this write; investigate the membership plane (finding 29)
[2026-09-06T01:56:46Z ERROR squeezefs::block_allocator] bounded allocation refusing StorageFull after 1010 ms parked with 0 offset(s) still in grace locally (lane harvest horizon 15591 ms): the pressure deadline never fenced within the wall backstop (1000 ms). The refusal is honest and terminal for this write; investigate the membership plane (finding 29)
[2026-09-06T01:56:46Z ERROR squeezefs::block_allocator] bounded allocation refusing StorageFull after 1011 ms parked with 0 offset(s) still in grace locally (lane harvest horizon 15591 ms): the pressure deadline never fenced within the wall backstop (1000 ms). The refusal is honest and terminal for this write; investigate the membership plane (finding 29)
[2026-09-06T01:56:46Z WARN  squeezefs::fuse_client] write-through failed for ino 2 block 2364 (Io(Custom { kind: StorageFull, error: "I/O error: data volume 'nvme3n1' full: 8183 of 8192 blocks allocated — lane 6 of 16 is exhausted while 0 free block(s) belong to lanes this mount does not own (alloc_lane_enospc_refusals; reach them by adopting a lane whose holder is proven dead, or grow the volume set — docs/operations.md §Multi-writer capacity planning)" })); falling back to staging
[2026-09-06T01:56:46Z WARN  squeezefs::routing] rewrite epoch close for ino 2 failed transiently (Io(Custom { kind: StorageFull, error: "I/O error: data volume 'nvme4n1' full: 8183 of 8192 blocks allocated — lane 6 of 16 is exhausted while 0 free block(s) belong to lanes this mount does not own (alloc_lane_enospc_refusals; reach them by adopting a lane whose holder is proven dead, or grow the volume set — docs/operations.md §Multi-writer capacity planning)" })); the epoch stays registered (never-lossy) — the next close trigger retries
[2026-09-06T01:56:46Z ERROR squeezefs::block_allocator] bounded allocation refusing StorageFull after 1010 ms parked with 0 offset(s) still in grace locally (lane harvest horizon 15593 ms): the pressure deadline never fenced within the wall backstop (1000 ms). The refusal is honest and terminal for this write; investigate the membership plane (finding 29)
[2026-09-06T01:56:46Z WARN  squeezefs::fuse_client] write-through failed for ino 2 block 2335 (Io(Custom { kind: StorageFull, error: "I/O error: data volume 'nvme3n1' full: 8183 of 8192 blocks allocated — lane 6 of 16 is exhausted while 0 free block(s) belong to lanes this mount does not own (alloc_lane_enospc_refusals; reach them by adopting a lane whose holder is proven dead, or grow the volume set — docs/operations.md §Multi-writer capacity planning)" })); falling back to staging
[2026-09-06T01:56:46Z ERROR fuse3::raw::connection::fuse_over_uring] transport payload lease held 1001 ms (≥ 1 s) — overlong handler invocation or a §5.4 severance escape; watch transport_lease_overlong / transport_parked_commits
[2026-09-06T01:56:46Z ERROR squeezefs::block_allocator] bounded allocation refusing StorageFull after 1009 ms parked with 0 offset(s) still in grace locally (lane harvest horizon 15597 ms): the pressure deadline never fenced within the wall backstop (1000 ms). The refusal is honest and terminal for this write; investigate the membership plane (finding 29)
[2026-09-06T01:56:46Z WARN  squeezefs::fuse_client] write-through failed for ino 2 block 2303 (Io(Custom { kind: StorageFull, error: "I/O error: data volume 'nvme4n1' full: 8183 of 8192 blocks allocated — lane 6 of 16 is exhausted while 0 free block(s) belong to lanes this mount does not own (alloc_lane_enospc_refusals; reach them by adopting a lane whose holder is proven dead, or grow the volume set — docs/operations.md §Multi-writer capacity planning)" })); falling back to staging
[2026-09-06T01:56:46Z ERROR squeezefs::block_allocator] bounded allocation refusing StorageFull after 1009 ms parked with 0 offset(s) still in grace locally (lane harvest horizon 15597 ms): the pressure deadline never fenced within the wall backstop (1000 ms). The refusal is honest and terminal for this write; investigate the membership plane (finding 29)
[2026-09-06T01:56:46Z WARN  squeezefs::fuse_client] write-through failed for ino 2 block 2492 (Io(Custom { kind: StorageFull, error: "I/O error: data volume 'nvme3n1' full: 8183 of 8192 blocks allocated — lane 6 of 16 is exhausted while 0 free block(s) belong to lanes this mount does not own (alloc_lane_enospc_refusals; reach them by adopting a lane whose holder is proven dead, or grow the volume set — docs/operations.md §Multi-writer capacity planning)" })); falling back to staging
[2026-09-06T01:56:46Z ERROR squeezefs::block_allocator] bounded allocation refusing StorageFull after 1010 ms parked with 0 offset(s) still in grace locally (lane harvest horizon 15597 ms): the pressure deadline never fenced within the wall backstop (1000 ms). The refusal is honest and terminal for this write; investigate the membership plane (finding 29)
[2026-09-06T01:56:46Z WARN  squeezefs::fuse_client] write-through failed for ino 2 block 2333 (Io(Custom { kind: StorageFull, error: "I/O error: data volume 'nvme4n1' full: 8183 of 8192 blocks allocated — lane 6 of 16 is exhausted while 0 free block(s) belong to lanes this mount does not own (alloc_lane_enospc_refusals; reach them by adopting a lane whose holder is proven dead, or grow the volume set — docs/operations.md §Multi-writer capacity planning)" })); falling back to staging
[2026-09-06T01:56:46Z ERROR fuse3::raw::connection::fuse_over_uring] transport payload lease held 1002 ms (≥ 1 s) — overlong handler invocation or a §5.4 severance escape; watch transport_lease_overlong / transport_parked_commits
[2026-09-06T01:56:46Z ERROR fuse3::raw::connection::fuse_over_uring] transport payload lease held 1000 ms (≥ 1 s) — overlong handler invocation or a §5.4 severance escape; watch transport_lease_overlong / transport_parked_commits
[2026-09-06T01:56:46Z ERROR squeezefs::block_allocator] bounded allocation refusing StorageFull after 1015 ms parked with 0 offset(s) still in grace locally (lane harvest horizon 15597 ms): the pressure deadline never fenced within the wall backstop (1000 ms). The refusal is honest and terminal for this write; investigate the membership plane (finding 29)
[2026-09-06T01:56:46Z ERROR squeezefs::block_allocator] bounded allocation refusing StorageFull after 1010 ms parked with 0 offset(s) still in grace locally (lane harvest horizon 15597 ms): the pressure deadline never fenced within the wall backstop (1000 ms). The refusal is honest and terminal for this write; investigate the membership plane (finding 29)
[2026-09-06T01:56:46Z WARN  squeezefs::fuse_client] write-through failed for ino 2 block 2557 (Io(Custom { kind: StorageFull, error: "I/O error: data volume 'nvme4n1' full: 8183 of 8192 blocks allocated — lane 6 of 16 is exhausted while 0 free block(s) belong to lanes this mount does not own (alloc_lane_enospc_refusals; reach them by adopting a lane whose holder is proven dead, or grow the volume set — docs/operations.md §Multi-writer capacity planning)" })); falling back to staging
[2026-09-06T01:56:46Z WARN  squeezefs::fuse_client] write-through failed for ino 2 block 2365 (Io(Custom { kind: StorageFull, error: "I/O error: data volume 'nvme3n1' full: 8183 of 8192 blocks allocated — lane 6 of 16 is exhausted while 0 free block(s) belong to lanes this mount does not own (alloc_lane_enospc_refusals; reach them by adopting a lane whose holder is proven dead, or grow the volume set — docs/operations.md §Multi-writer capacity planning)" })); falling back to staging
[2026-09-06T01:56:46Z ERROR squeezefs::block_allocator] bounded allocation refusing StorageFull after 1011 ms parked with 0 offset(s) still in grace locally (lane harvest horizon 15597 ms): the pressure deadline never fenced within the wall backstop (1000 ms). The refusal is honest and terminal for this write; investigate the membership plane (finding 29)
[2026-09-06T01:56:46Z WARN  squeezefs::fuse_client] write-through failed for ino 2 block 2332 (Io(Custom { kind: StorageFull, error: "I/O error: data volume 'nvme4n1' full: 8183 of 8192 blocks allocated — lane 6 of 16 is exhausted while 0 free block(s) belong to lanes this mount does not own (alloc_lane_enospc_refusals; reach them by adopting a lane whose holder is proven dead, or grow the volume set — docs/operations.md §Multi-writer capacity planning)" })); falling back to staging
[2026-09-06T01:56:46Z ERROR squeezefs::block_allocator] bounded allocation refusing StorageFull after 1008 ms parked with 0 offset(s) still in grace locally (lane harvest horizon 15597 ms): the pressure deadline never fenced within the wall backstop (1000 ms). The refusal is honest and terminal for this write; investigate the membership plane (finding 29)
[2026-09-06T01:56:46Z ERROR squeezefs::block_allocator] bounded allocation refusing StorageFull after 1008 ms parked with 0 offset(s) still in grace locally (lane harvest horizon 15597 ms): the pressure deadline never fenced within the wall backstop (1000 ms). The refusal is honest and terminal for this write; investigate the membership plane (finding 29)
[2026-09-06T01:56:46Z WARN  squeezefs::fuse_client] write-through failed for ino 2 block 2524 (Io(Custom { kind: StorageFull, error: "I/O error: data volume 'nvme4n1' full: 8183 of 8192 blocks allocated — lane 6 of 16 is exhausted while 0 free block(s) belong to lanes this mount does not own (alloc_lane_enospc_refusals; reach them by adopting a lane whose holder is proven dead, or grow the volume set — docs/operations.md §Multi-writer capacity planning)" })); falling back to staging
[2026-09-06T01:56:46Z WARN  squeezefs::fuse_client] write-through failed for ino 2 block 2271 (Io(Custom { kind: StorageFull, error: "I/O error: data volume 'nvme3n1' full: 8183 of 8192 blocks allocated — lane 6 of 16 is exhausted while 0 free block(s) belong to lanes this mount does not own (alloc_lane_enospc_refusals; reach them by adopting a lane whose holder is proven dead, or grow the volume set — docs/operations.md §Multi-writer capacity planning)" })); falling back to staging
[2026-09-06T01:56:46Z ERROR squeezefs::block_allocator] bounded allocation refusing StorageFull after 1014 ms parked with 0 offset(s) still in grace locally (lane harvest horizon 15597 ms): the pressure deadline never fenced within the wall backstop (1000 ms). The refusal is honest and terminal for this write; investigate the membership plane (finding 29)
[2026-09-06T01:56:46Z WARN  squeezefs::fuse_client] write-through failed for ino 2 block 2300 (Io(Custom { kind: StorageFull, error: "I/O error: data volume 'nvme4n1' full: 8183 of 8192 blocks allocated — lane 6 of 16 is exhausted while 0 free block(s) belong to lanes this mount does not own (alloc_lane_enospc_refusals; reach them by adopting a lane whose holder is proven dead, or grow the volume set — docs/operations.md §Multi-writer capacity planning)" })); falling back to staging
[2026-09-06T01:56:46Z ERROR squeezefs::block_allocator] bounded allocation refusing StorageFull after 1012 ms parked with 0 offset(s) still in grace locally (lane harvest horizon 15597 ms): the pressure deadline never fenced within the wall backstop (1000 ms). The refusal is honest and terminal for this write; investigate the membership plane (finding 29)
[2026-09-06T01:56:46Z ERROR squeezefs::block_allocator] bounded allocation refusing StorageFull after 1011 ms parked with 0 offset(s) still in grace locally (lane harvest horizon 15599 ms): the pressure deadline never fenced within the wall backstop (1000 ms). The refusal is honest and terminal for this write; investigate the membership plane (finding 29)
[2026-09-06T01:56:46Z ERROR squeezefs::block_allocator] bounded allocation refusing StorageFull after 1011 ms parked with 0 offset(s) still in grace locally (lane harvest horizon 15606 ms): the pressure deadline never fenced within the wall backstop (1000 ms). The refusal is honest and terminal for this write; investigate the membership plane (finding 29)
[2026-09-06T01:56:46Z ERROR squeezefs::block_allocator] bounded allocation refusing StorageFull after 1017 ms parked with 0 offset(s) still in grace locally (lane harvest horizon 15612 ms): the pressure deadline never fenced within the wall backstop (1000 ms). The refusal is honest and terminal for this write; investigate the membership plane (finding 29)
[2026-09-06T01:56:47Z ERROR squeezefs::block_allocator] bounded allocation refusing StorageFull after 1005 ms parked with 0 offset(s) still in grace locally (lane harvest horizon 16597 ms): the pressure deadline never fenced within the wall backstop (1000 ms). The refusal is honest and terminal for this write; investigate the membership plane (finding 29)
[2026-09-06T01:56:47Z ERROR squeezefs::block_allocator] I/O error: data volume 'nvme4n1' full: 8183 of 8192 blocks allocated — lane 6 of 16 is exhausted while 0 free block(s) belong to lanes this mount does not own (alloc_lane_enospc_refusals; reach them by adopting a lane whose holder is proven dead, or grow the volume set — docs/operations.md §Multi-writer capacity planning)
[2026-09-06T01:56:47Z ERROR squeezefs::block_allocator] bounded allocation refusing StorageFull after 1005 ms parked with 0 offset(s) still in grace locally (lane harvest horizon 16597 ms): the pressure deadline never fenced within the wall backstop (1000 ms). The refusal is honest and terminal for this write; investigate the membership plane (finding 29)
[2026-09-06T01:56:47Z WARN  squeezefs::fuse_client] write-through failed for ino 2 block 2556 (Io(Custom { kind: StorageFull, error: "I/O error: data volume 'nvme4n1' full: 8183 of 8192 blocks allocated — lane 6 of 16 is exhausted while 0 free block(s) belong to lanes this mount does not own (alloc_lane_enospc_refusals; reach them by adopting a lane whose holder is proven dead, or grow the volume set — docs/operations.md §Multi-writer capacity planning)" })); falling back to staging
[2026-09-06T01:56:47Z ERROR squeezefs::block_allocator] bounded allocation refusing StorageFull after 1004 ms parked with 0 offset(s) still in grace locally (lane harvest horizon 16597 ms): the pressure deadline never fenced within the wall backstop (1000 ms). The refusal is honest and terminal for this write; investigate the membership plane (finding 29)
[2026-09-06T01:56:47Z ERROR squeezefs::block_allocator] bounded allocation refusing StorageFull after 1004 ms parked with 0 offset(s) still in grace locally (lane harvest horizon 16601 ms): the pressure deadline never fenced within the wall backstop (1000 ms). The refusal is honest and terminal for this write; investigate the membership plane (finding 29)
[2026-09-06T01:56:47Z ERROR squeezefs::block_allocator] bounded allocation refusing StorageFull after 1003 ms parked with 0 offset(s) still in grace locally (lane harvest horizon 16601 ms): the pressure deadline never fenced within the wall backstop (1000 ms). The refusal is honest and terminal for this write; investigate the membership plane (finding 29)
[2026-09-06T01:56:47Z WARN  squeezefs::fuse_client] flush write-through failed for ino 2 block 2397 (Io(Custom { kind: StorageFull, error: "I/O error: data volume 'nvme3n1' full: 8183 of 8192 blocks allocated — lane 6 of 16 is exhausted while 0 free block(s) belong to lanes this mount does not own (alloc_lane_enospc_refusals; reach them by adopting a lane whose holder is proven dead, or grow the volume set — docs/operations.md §Multi-writer capacity planning)" })); degrading to the staging leg (fsync durability bar)
[2026-09-06T01:56:47Z ERROR squeezefs::block_allocator] bounded allocation refusing StorageFull after 1004 ms parked with 0 offset(s) still in grace locally (lane harvest horizon 16601 ms): the pressure deadline never fenced within the wall backstop (1000 ms). The refusal is honest and terminal for this write; investigate the membership plane (finding 29)
[2026-09-06T01:56:47Z ERROR squeezefs::block_allocator] bounded allocation refusing StorageFull after 1004 ms parked with 0 offset(s) still in grace locally (lane harvest horizon 16601 ms): the pressure deadline never fenced within the wall backstop (1000 ms). The refusal is honest and terminal for this write; investigate the membership plane (finding 29)
[2026-09-06T01:56:47Z ERROR squeezefs::block_allocator] bounded allocation refusing StorageFull after 1003 ms parked with 0 offset(s) still in grace locally (lane harvest horizon 16601 ms): the pressure deadline never fenced within the wall backstop (1000 ms). The refusal is honest and terminal for this write; investigate the membership plane (finding 29)
[2026-09-06T01:56:47Z ERROR squeezefs::block_allocator] bounded allocation refusing StorageFull after 1004 ms parked with 0 offset(s) still in grace locally (lane harvest horizon 16601 ms): the pressure deadline never fenced within the wall backstop (1000 ms). The refusal is honest and terminal for this write; investigate the membership plane (finding 29)
[2026-09-06T01:56:47Z WARN  squeezefs::routing] rewrite epoch close for ino 2 failed transiently (Io(Custom { kind: StorageFull, error: "I/O error: data volume 'nvme4n1' full: 8183 of 8192 blocks allocated — lane 6 of 16 is exhausted while 0 free block(s) belong to lanes this mount does not own (alloc_lane_enospc_refusals; reach them by adopting a lane whose holder is proven dead, or grow the volume set — docs/operations.md §Multi-writer capacity planning)" })); the epoch stays registered (never-lossy) — the next close trigger retries
[2026-09-06T01:56:47Z ERROR squeezefs::block_allocator] bounded allocation refusing StorageFull after 1004 ms parked with 0 offset(s) still in grace locally (lane harvest horizon 16603 ms): the pressure deadline never fenced within the wall backstop (1000 ms). The refusal is honest and terminal for this write; investigate the membership plane (finding 29)
[2026-09-06T01:56:47Z WARN  squeezefs::fuse_client] write-through failed for ino 2 block 2428 (Io(Custom { kind: StorageFull, error: "I/O error: data volume 'nvme3n1' full: 8183 of 8192 blocks allocated — lane 6 of 16 is exhausted while 0 free block(s) belong to lanes this mount does not own (alloc_lane_enospc_refusals; reach them by adopting a lane whose holder is proven dead, or grow the volume set — docs/operations.md §Multi-writer capacity planning)" })); falling back to staging
[2026-09-06T01:56:47Z ERROR squeezefs::block_allocator] bounded allocation refusing StorageFull after 1003 ms parked with 0 offset(s) still in grace locally (lane harvest horizon 16610 ms): the pressure deadline never fenced within the wall backstop (1000 ms). The refusal is honest and terminal for this write; investigate the membership plane (finding 29)
[2026-09-06T01:56:47Z WARN  squeezefs::fuse_client] write-through failed for ino 2 block 2429 (Io(Custom { kind: StorageFull, error: "I/O error: data volume 'nvme4n1' full: 8183 of 8192 blocks allocated — lane 6 of 16 is exhausted while 0 free block(s) belong to lanes this mount does not own (alloc_lane_enospc_refusals; reach them by adopting a lane whose holder is proven dead, or grow the volume set — docs/operations.md §Multi-writer capacity planning)" })); falling back to staging
[2026-09-06T01:56:47Z ERROR squeezefs::block_allocator] bounded allocation refusing StorageFull after 1004 ms parked with 0 offset(s) still in grace locally (lane harvest horizon 16616 ms): the pressure deadline never fenced within the wall backstop (1000 ms). The refusal is honest and terminal for this write; investigate the membership plane (finding 29)
[2026-09-06T01:56:47Z WARN  squeezefs::fuse_client] write-through failed for ino 2 block 2460 (Io(Custom { kind: StorageFull, error: "I/O error: data volume 'nvme3n1' full: 8183 of 8192 blocks allocated — lane 6 of 16 is exhausted while 0 free block(s) belong to lanes this mount does not own (alloc_lane_enospc_refusals; reach them by adopting a lane whose holder is proven dead, or grow the volume set — docs/operations.md §Multi-writer capacity planning)" })); falling back to staging
[2026-09-06T01:56:48Z ERROR squeezefs::block_allocator] bounded allocation refusing StorageFull after 1005 ms parked with 0 offset(s) still in grace locally (lane harvest horizon 17602 ms): the pressure deadline never fenced within the wall backstop (1000 ms). The refusal is honest and terminal for this write; investigate the membership plane (finding 29)
[2026-09-06T01:56:48Z ERROR squeezefs::block_allocator] I/O error: data volume 'nvme3n1' full: 8183 of 8192 blocks allocated — lane 6 of 16 is exhausted while 0 free block(s) belong to lanes this mount does not own (alloc_lane_enospc_refusals; reach them by adopting a lane whose holder is proven dead, or grow the volume set — docs/operations.md §Multi-writer capacity planning)
[2026-09-06T01:56:48Z ERROR squeezefs::block_allocator] bounded allocation refusing StorageFull after 1005 ms parked with 0 offset(s) still in grace locally (lane harvest horizon 17602 ms): the pressure deadline never fenced within the wall backstop (1000 ms). The refusal is honest and terminal for this write; investigate the membership plane (finding 29)
[2026-09-06T01:56:48Z WARN  squeezefs::fuse_client] write-through failed for ino 2 block 2367 (Io(Custom { kind: StorageFull, error: "I/O error: data volume 'nvme4n1' full: 8183 of 8192 blocks allocated — lane 6 of 16 is exhausted while 0 free block(s) belong to lanes this mount does not own (alloc_lane_enospc_refusals; reach them by adopting a lane whose holder is proven dead, or grow the volume set — docs/operations.md §Multi-writer capacity planning)" })); falling back to staging
[2026-09-06T01:56:48Z WARN  squeezefs::fuse_client] write-through failed for ino 2 block 2461 (Io(Custom { kind: StorageFull, error: "I/O error: data volume 'nvme3n1' full: 8183 of 8192 blocks allocated — lane 6 of 16 is exhausted while 0 free block(s) belong to lanes this mount does not own (alloc_lane_enospc_refusals; reach them by adopting a lane whose holder is proven dead, or grow the volume set — docs/operations.md §Multi-writer capacity planning)" })); falling back to staging
[2026-09-06T01:56:48Z ERROR squeezefs::block_allocator] bounded allocation refusing StorageFull after 1004 ms parked with 0 offset(s) still in grace locally (lane harvest horizon 17605 ms): the pressure deadline never fenced within the wall backstop (1000 ms). The refusal is honest and terminal for this write; investigate the membership plane (finding 29)
[2026-09-06T01:56:48Z WARN  squeezefs::fuse_client] write-through failed for ino 2 block 2493 (Io(Custom { kind: StorageFull, error: "I/O error: data volume 'nvme4n1' full: 8183 of 8192 blocks allocated — lane 6 of 16 is exhausted while 0 free block(s) belong to lanes this mount does not own (alloc_lane_enospc_refusals; reach them by adopting a lane whose holder is proven dead, or grow the volume set — docs/operations.md §Multi-writer capacity planning)" })); falling back to staging
[2026-09-06T01:56:48Z ERROR squeezefs::block_allocator] bounded allocation refusing StorageFull after 1003 ms parked with 0 offset(s) still in grace locally (lane harvest horizon 17605 ms): the pressure deadline never fenced within the wall backstop (1000 ms). The refusal is honest and terminal for this write; investigate the membership plane (finding 29)
[2026-09-06T01:56:48Z ERROR squeezefs::block_allocator] bounded allocation refusing StorageFull after 1004 ms parked with 0 offset(s) still in grace locally (lane harvest horizon 17606 ms): the pressure deadline never fenced within the wall backstop (1000 ms). The refusal is honest and terminal for this write; investigate the membership plane (finding 29)
[2026-09-06T01:56:48Z WARN  squeezefs::fuse_client] write-through failed for ino 2 block 2396 (Io(Custom { kind: StorageFull, error: "I/O error: data volume 'nvme3n1' full: 8183 of 8192 blocks allocated — lane 6 of 16 is exhausted while 0 free block(s) belong to lanes this mount does not own (alloc_lane_enospc_refusals; reach them by adopting a lane whose holder is proven dead, or grow the volume set — docs/operations.md §Multi-writer capacity planning)" })); falling back to staging
[2026-09-06T01:56:48Z ERROR squeezefs::block_allocator] bounded allocation refusing StorageFull after 1004 ms parked with 0 offset(s) still in grace locally (lane harvest horizon 17606 ms): the pressure deadline never fenced within the wall backstop (1000 ms). The refusal is honest and terminal for this write; investigate the membership plane (finding 29)
[2026-09-06T01:56:48Z WARN  squeezefs::fuse_client] write-through failed for ino 2 block 2525 (Io(Custom { kind: StorageFull, error: "I/O error: data volume 'nvme4n1' full: 8183 of 8192 blocks allocated — lane 6 of 16 is exhausted while 0 free block(s) belong to lanes this mount does not own (alloc_lane_enospc_refusals; reach them by adopting a lane whose holder is proven dead, or grow the volume set — docs/operations.md §Multi-writer capacity planning)" })); falling back to staging
[2026-09-06T01:56:48Z ERROR squeezefs::block_allocator] bounded allocation refusing StorageFull after 1004 ms parked with 0 offset(s) still in grace locally (lane harvest horizon 17606 ms): the pressure deadline never fenced within the wall backstop (1000 ms). The refusal is honest and terminal for this write; investigate the membership plane (finding 29)
[2026-09-06T01:56:48Z WARN  squeezefs::fuse_client] write-through failed for ino 2 block 2399 (Io(Custom { kind: StorageFull, error: "I/O error: data volume 'nvme4n1' full: 8183 of 8192 blocks allocated — lane 6 of 16 is exhausted while 0 free block(s) belong to lanes this mount does not own (alloc_lane_enospc_refusals; reach them by adopting a lane whose holder is proven dead, or grow the volume set — docs/operations.md §Multi-writer capacity planning)" })); falling back to staging
[2026-09-06T01:56:56Z WARN  fuse3::raw::connection::fuse_over_uring] fuse-over-uring qid=2 ent=13: unique=8340 delivered 9543 ms ago and still unreplied — the caller is in uninterruptible sleep (transport_slots_overdue; not-fused, fused_ready_total=0, zc_bridge_pends=0, scan_passes=872, scan_pends_seen=3982, scan_orphans_seen=0, pend_max_age_ms=0, cancel_latched=0, park_backstop_ticks=534, zc_msgs_sent=3618, zc_msgs_taken=3618)
[2026-09-06T01:57:01Z WARN  fuse3::raw::connection::fuse_over_uring] fuse-over-uring qid=2 ent=13: unique=8340 delivered 14563 ms ago and still unreplied — the caller is in uninterruptible sleep (transport_slots_overdue; not-fused, fused_ready_total=0, zc_bridge_pends=0, scan_passes=872, scan_pends_seen=3982, scan_orphans_seen=0, pend_max_age_ms=0, cancel_latched=0, park_backstop_ticks=534, zc_msgs_sent=3618, zc_msgs_taken=3618)
[2026-09-06T01:57:06Z WARN  fuse3::raw::connection::fuse_over_uring] fuse-over-uring qid=2 ent=13: unique=8340 delivered 19583 ms ago and still unreplied — the caller is in uninterruptible sleep (transport_slots_overdue; not-fused, fused_ready_total=0, zc_bridge_pends=0, scan_passes=872, scan_pends_seen=3982, scan_orphans_seen=0, pend_max_age_ms=0, cancel_latched=0, park_backstop_ticks=534, zc_msgs_sent=3618, zc_msgs_taken=3618)
[2026-09-06T01:57:11Z WARN  fuse3::raw::connection::fuse_over_uring] fuse-over-uring qid=2 ent=13: unique=8340 delivered 24603 ms ago and still unreplied — the caller is in uninterruptible sleep (transport_slots_overdue; not-fused, fused_ready_total=0, zc_bridge_pends=0, scan_passes=872, scan_pends_seen=3982, scan_orphans_seen=0, pend_max_age_ms=0, cancel_latched=0, park_backstop_ticks=534, zc_msgs_sent=3618, zc_msgs_taken=3618)
[2026-09-06T01:57:15Z ERROR squeezefs::fuse_client] FUSE op watchdog: fsync (ino 2) in flight for 30000 ms (> 30000 ms), parked past station [entry] — op is NOT cancelled (D1.b semantics: no ETIMEDOUT synthesis); investigate the volume/device if this repeats
[2026-09-06T01:57:15Z ERROR squeezefs::fuse_client] wedge census: meta_conveyor_passes=0 meta_conveyor_queued=0 meta_conveyor_windows_inflight=0 meta_conveyor_durability_passes=0 meta_commit_parked=0 meta_publish_parked=0 meta_journal_entries=0 meta_checkpoints=0 pipeline_inflight_blocks=1 pipeline_admission_waits=158 reclaim_queue_bytes=0 rewrite_open_epochs=1 transport_leases_outstanding=0 transport_parked_commits=82 transport_unparked_commits=82 lock_ticked_reregisters=14 lane_exec_tick_rescues=5 lane_exec_task_panics=0
[2026-09-06T01:57:16Z WARN  fuse3::raw::connection::fuse_over_uring] fuse-over-uring qid=2 ent=13: unique=8340 delivered 29623 ms ago and still unreplied — the caller is in uninterruptible sleep (transport_slots_overdue; not-fused, fused_ready_total=0, zc_bridge_pends=0, scan_passes=872, scan_pends_seen=3982, scan_orphans_seen=0, pend_max_age_ms=0, cancel_latched=0, park_backstop_ticks=534, zc_msgs_sent=3618, zc_msgs_taken=3618)
[2026-09-06T01:57:18Z ERROR squeezefs::meta_ship::publish] S9: the authority refused 1 shipped free(s) (vol_tag 0xad7b1d37b0829b08, request 1735): already free/graced/quarantined — the double-release lineage, surfaced on the authority's own tripwire
[2026-09-06T01:57:18Z ERROR squeezefs::meta_ship::publish] S9: the authority refused 1 shipped free(s) (vol_tag 0xad7b1d37b0829b08, request 1739): already free/graced/quarantined — the double-release lineage, surfaced on the authority's own tripwire
[2026-09-06T01:57:18Z ERROR squeezefs::meta_ship::publish] S9: the authority refused 1 shipped free(s) (vol_tag 0xad7b1d37b0829b08, request 1743): already free/graced/quarantined — the double-release lineage, surfaced on the authority's own tripwire
[2026-09-06T01:57:18Z ERROR squeezefs::meta_ship::publish] S9: the authority refused 1 shipped free(s) (vol_tag 0xad7b1d37b0829b08, request 1747): already free/graced/quarantined — the double-release lineage, surfaced on the authority's own tripwire
[2026-09-06T01:57:19Z ERROR squeezefs::meta_ship::publish] S9: the authority refused 1 shipped free(s) (vol_tag 0xad7b1d37b0829b08, request 1751): already free/graced/quarantined — the double-release lineage, surfaced on the authority's own tripwire
[2026-09-06T01:57:19Z ERROR squeezefs::meta_ship::publish] S9: the authority refused 1 shipped free(s) (vol_tag 0xad7b1d37b0829b08, request 1755): already free/graced/quarantined — the double-release lineage, surfaced on the authority's own tripwire
[2026-09-06T01:57:19Z ERROR squeezefs::meta_ship::publish] S9: the authority refused 1 shipped free(s) (vol_tag 0xad7b1d37b0829b08, request 1765): already free/graced/quarantined — the double-release lineage, surfaced on the authority's own tripwire
[2026-09-06T01:57:19Z ERROR squeezefs::meta_ship::publish] S9: the authority refused 1 shipped free(s) (vol_tag 0xad7b1d37b0829b08, request 1772): already free/graced/quarantined — the double-release lineage, surfaced on the authority's own tripwire
[2026-09-06T01:57:19Z ERROR squeezefs::meta_ship::publish] S9: the authority refused 1 shipped free(s) (vol_tag 0xad7b1d37b0829b08, request 1776): already free/graced/quarantined — the double-release lineage, surfaced on the authority's own tripwire
[2026-09-06T01:57:19Z ERROR squeezefs::meta_ship::publish] S9: the authority refused 1 shipped free(s) (vol_tag 0xad7b1d37b0829b08, request 1785): already free/graced/quarantined — the double-release lineage, surfaced on the authority's own tripwire
[2026-09-06T01:57:19Z ERROR squeezefs::meta_ship::publish] S9: the authority refused 1 shipped free(s) (vol_tag 0xad7b1d37b0829b08, request 1789): already free/graced/quarantined — the double-release lineage, surfaced on the authority's own tripwire
[2026-09-06T01:57:19Z ERROR squeezefs::meta_ship::publish] S9: the authority refused 1 shipped free(s) (vol_tag 0xad7b1d37b0829b08, request 1799): already free/graced/quarantined — the double-release lineage, surfaced on the authority's own tripwire
[2026-09-06T01:57:19Z ERROR squeezefs::meta_ship::publish] S9: the authority refused 1 shipped free(s) (vol_tag 0xad7b1d37b0829b08, request 1803): already free/graced/quarantined — the double-release lineage, surfaced on the authority's own tripwire
[2026-09-06T01:57:19Z ERROR squeezefs::meta_ship::publish] S9: the authority refused 1 shipped free(s) (vol_tag 0xad7b1d37b0829b08, request 1807): already free/graced/quarantined — the double-release lineage, surfaced on the authority's own tripwire
[2026-09-06T01:57:19Z ERROR squeezefs::meta_ship::publish] S9: the authority refused 1 shipped free(s) (vol_tag 0xad7b1d37b0829b08, request 1811): already free/graced/quarantined — the double-release lineage, surfaced on the authority's own tripwire
[2026-09-06T01:57:19Z ERROR squeezefs::meta_ship::publish] S9: the authority refused 1 shipped free(s) (vol_tag 0xad7b1d37b0829b08, request 1818): already free/graced/quarantined — the double-release lineage, surfaced on the authority's own tripwire
[2026-09-06T01:57:19Z ERROR squeezefs::meta_ship::publish] S9: the authority refused 1 shipped free(s) (vol_tag 0xad7b1d37b0829b08, request 1822): already free/graced/quarantined — the double-release lineage, surfaced on the authority's own tripwire
[2026-09-06T01:57:19Z ERROR squeezefs::meta_ship::publish] S9: the authority refused 1 shipped free(s) (vol_tag 0xad7b1d37b0829b08, request 1826): already free/graced/quarantined — the double-release lineage, surfaced on the authority's own tripwire
[2026-09-06T01:57:20Z ERROR squeezefs::meta_ship::publish] S9: the authority refused 1 shipped free(s) (vol_tag 0xad7b1d37b0829b08, request 1830): already free/graced/quarantined — the double-release lineage, surfaced on the authority's own tripwire
[2026-09-06T01:57:20Z ERROR squeezefs::meta_ship::publish] S9: the authority refused 1 shipped free(s) (vol_tag 0xad7b1d37b0829b08, request 1834): already free/graced/quarantined — the double-release lineage, surfaced on the authority's own tripwire
[2026-09-06T01:57:20Z ERROR squeezefs::meta_ship::publish] S9: the authority refused 1 shipped free(s) (vol_tag 0xad7b1d37b0829b08, request 1841): already free/graced/quarantined — the double-release lineage, surfaced on the authority's own tripwire
[2026-09-06T01:57:20Z ERROR squeezefs::meta_ship::publish] S9: the authority refused 1 shipped free(s) (vol_tag 0xad7b1d37b0829b08, request 1848): already free/graced/quarantined — the double-release lineage, surfaced on the authority's own tripwire
[2026-09-06T01:57:24Z ERROR squeezefs::meta_ship::publish] S9: the authority refused 1 shipped free(s) (vol_tag 0xad7b1d37b0829b08, request 1868): already free/graced/quarantined — the double-release lineage, surfaced on the authority's own tripwire
[2026-09-06T01:57:24Z ERROR squeezefs::meta_ship::publish] S9: the authority refused 1 shipped free(s) (vol_tag 0xad7b1d37b0829b08, request 1874): already free/graced/quarantined — the double-release lineage, surfaced on the authority's own tripwire
[2026-09-06T01:57:24Z ERROR squeezefs::meta_ship::publish] S9: the authority refused 1 shipped free(s) (vol_tag 0xad7b1d37b0829b08, request 1877): already free/graced/quarantined — the double-release lineage, surfaced on the authority's own tripwire
[2026-09-06T01:57:24Z ERROR squeezefs::meta_ship::publish] S9: the authority refused 1 shipped free(s) (vol_tag 0xad7b1d37b0829b08, request 1882): already free/graced/quarantined — the double-release lineage, surfaced on the authority's own tripwire
[2026-09-06T01:57:24Z ERROR squeezefs::meta_ship::publish] S9: the authority refused 1 shipped free(s) (vol_tag 0xad7b1d37b0829b08, request 1886): already free/graced/quarantined — the double-release lineage, surfaced on the authority's own tripwire
[2026-09-06T01:57:24Z ERROR squeezefs::meta_ship::publish] S9: the authority refused 1 shipped free(s) (vol_tag 0xad7b1d37b0829b08, request 1890): already free/graced/quarantined — the double-release lineage, surfaced on the authority's own tripwire
[2026-09-06T01:57:24Z ERROR squeezefs::block_allocator] I/O error: data volume 'nvme4n1' full: 8183 of 8192 blocks allocated — lane 6 of 16 is exhausted while 0 free block(s) belong to lanes this mount does not own (alloc_lane_enospc_refusals; reach them by adopting a lane whose holder is proven dead, or grow the volume set — docs/operations.md §Multi-writer capacity planning)
[2026-09-06T01:57:24Z ERROR squeezefs::meta_ship::publish] S9: the authority refused 1 shipped free(s) (vol_tag 0xad7b1d37b0829b08, request 1895): already free/graced/quarantined — the double-release lineage, surfaced on the authority's own tripwire
[2026-09-06T01:57:25Z ERROR squeezefs::block_allocator] I/O error: data volume 'nvme4n1' full: 8183 of 8192 blocks allocated — lane 6 of 16 is exhausted while 0 free block(s) belong to lanes this mount does not own (alloc_lane_enospc_refusals; reach them by adopting a lane whose holder is proven dead, or grow the volume set — docs/operations.md §Multi-writer capacity planning)
[2026-09-06T01:57:25Z ERROR squeezefs::block_allocator] bounded allocation refusing StorageFull after 1017 ms parked with 0 offset(s) still in grace locally (lane harvest horizon 20796 ms): the pressure deadline never fenced within the wall backstop (1000 ms). The refusal is honest and terminal for this write; investigate the membership plane (finding 29)
[2026-09-06T01:57:25Z ERROR squeezefs::fuse_client] FUSE Fsync failed for ino 2: Io(Custom { kind: StorageFull, error: "I/O error: data volume 'nvme4n1' full: 8183 of 8192 blocks allocated — lane 6 of 16 is exhausted while 0 free block(s) belong to lanes this mount does not own (alloc_lane_enospc_refusals; reach them by adopting a lane whose holder is proven dead, or grow the volume set — docs/operations.md §Multi-writer capacity planning)" })
[2026-09-06T01:57:25Z ERROR squeezefs::fuse_client] Squeezefs operational error: Io(Custom { kind: StorageFull, error: "I/O error: data volume 'nvme4n1' full: 8183 of 8192 blocks allocated — lane 6 of 16 is exhausted while 0 free block(s) belong to lanes this mount does not own (alloc_lane_enospc_refusals; reach them by adopting a lane whose holder is proven dead, or grow the volume set — docs/operations.md §Multi-writer capacity planning)" })
[2026-09-06T01:57:25Z ERROR squeezefs::meta_ship::publish] S9: the authority refused 1 shipped free(s) (vol_tag 0xad7b1d37b0829b08, request 1921): already free/graced/quarantined — the double-release lineage, surfaced on the authority's own tripwire
[2026-09-06T01:57:25Z ERROR squeezefs::meta_ship::publish] S9: the authority refused 1 shipped free(s) (vol_tag 0xad7b1d37b0829b08, request 1925): already free/graced/quarantined — the double-release lineage, surfaced on the authority's own tripwire
[2026-09-06T01:57:26Z ERROR squeezefs::block_allocator] I/O error: data volume 'nvme3n1' full: 8183 of 8192 blocks allocated — lane 6 of 16 is exhausted while 0 free block(s) belong to lanes this mount does not own (alloc_lane_enospc_refusals; reach them by adopting a lane whose holder is proven dead, or grow the volume set — docs/operations.md §Multi-writer capacity planning)
[2026-09-06T01:57:26Z ERROR squeezefs::block_allocator] bounded allocation refusing StorageFull after 1008 ms parked with 0 offset(s) still in grace locally (lane harvest horizon 18013 ms): the pressure deadline never fenced within the wall backstop (1000 ms). The refusal is honest and terminal for this write; investigate the membership plane (finding 29)
[2026-09-06T01:57:26Z ERROR squeezefs::block_allocator] bounded allocation refusing StorageFull after 1009 ms parked with 0 offset(s) still in grace locally (lane harvest horizon 18014 ms): the pressure deadline never fenced within the wall backstop (1000 ms). The refusal is honest and terminal for this write; investigate the membership plane (finding 29)
[2026-09-06T01:57:26Z ERROR squeezefs::block_allocator] bounded allocation refusing StorageFull after 1010 ms parked with 0 offset(s) still in grace locally (lane harvest horizon 18015 ms): the pressure deadline never fenced within the wall backstop (1000 ms). The refusal is honest and terminal for this write; investigate the membership plane (finding 29)
[2026-09-06T01:57:26Z ERROR squeezefs::block_allocator] bounded allocation refusing StorageFull after 1008 ms parked with 0 offset(s) still in grace locally (lane harvest horizon 18026 ms): the pressure deadline never fenced within the wall backstop (1000 ms). The refusal is honest and terminal for this write; investigate the membership plane (finding 29)
[2026-09-06T01:57:26Z WARN  squeezefs::block_allocator] co-writer: abandoning never-published block offset(s) leak-safe (volume 'nvme3n1', first offset 8346664960): the publish that would have named them failed or refused, and a co-writer may not mutate ownership accounting — the next derivation (mount recovery / fsck C6) returns them to the free supply (cowriter_unpublished_abandons; further offsets at debug level)
[2026-09-06T01:57:26Z ERROR squeezefs::block_allocator] bounded allocation refusing StorageFull after 1012 ms parked with 0 offset(s) still in grace locally (lane harvest horizon 18052 ms): the pressure deadline never fenced within the wall backstop (1000 ms). The refusal is honest and terminal for this write; investigate the membership plane (finding 29)
[2026-09-06T01:57:26Z ERROR squeezefs::block_allocator] bounded allocation refusing StorageFull after 1012 ms parked with 0 offset(s) still in grace locally (lane harvest horizon 18052 ms): the pressure deadline never fenced within the wall backstop (1000 ms). The refusal is honest and terminal for this write; investigate the membership plane (finding 29)
[2026-09-06T01:57:26Z ERROR squeezefs::block_allocator] bounded allocation refusing StorageFull after 1009 ms parked with 0 offset(s) still in grace locally (lane harvest horizon 18072 ms): the pressure deadline never fenced within the wall backstop (1000 ms). The refusal is honest and terminal for this write; investigate the membership plane (finding 29)
[2026-09-06T01:57:27Z ERROR squeezefs::block_allocator] I/O error: data volume 'nvme3n1' full: 8183 of 8192 blocks allocated — lane 6 of 16 is exhausted while 0 free block(s) belong to lanes this mount does not own (alloc_lane_enospc_refusals; reach them by adopting a lane whose holder is proven dead, or grow the volume set — docs/operations.md §Multi-writer capacity planning)
[2026-09-06T01:57:27Z ERROR squeezefs::block_allocator] bounded allocation refusing StorageFull after 1028 ms parked with 0 offset(s) still in grace locally (lane harvest horizon 12974 ms): the pressure deadline never fenced within the wall backstop (1000 ms). The refusal is honest and terminal for this write; investigate the membership plane (finding 29)
[2026-09-06T01:57:27Z ERROR squeezefs::block_allocator] bounded allocation refusing StorageFull after 1038 ms parked with 0 offset(s) still in grace locally (lane harvest horizon 12988 ms): the pressure deadline never fenced within the wall backstop (1000 ms). The refusal is honest and terminal for this write; investigate the membership plane (finding 29)
[2026-09-06T01:57:27Z ERROR squeezefs::block_allocator] bounded allocation refusing StorageFull after 1044 ms parked with 0 offset(s) still in grace locally (lane harvest horizon 12992 ms): the pressure deadline never fenced within the wall backstop (1000 ms). The refusal is honest and terminal for this write; investigate the membership plane (finding 29)
[2026-09-06T01:57:27Z ERROR squeezefs::block_allocator] bounded allocation refusing StorageFull after 1017 ms parked with 0 offset(s) still in grace locally (lane harvest horizon 12999 ms): the pressure deadline never fenced within the wall backstop (1000 ms). The refusal is honest and terminal for this write; investigate the membership plane (finding 29)
[2026-09-06T01:57:27Z ERROR squeezefs::block_allocator] bounded allocation refusing StorageFull after 1017 ms parked with 0 offset(s) still in grace locally (lane harvest horizon 12999 ms): the pressure deadline never fenced within the wall backstop (1000 ms). The refusal is honest and terminal for this write; investigate the membership plane (finding 29)
[2026-09-06T01:57:27Z ERROR squeezefs::block_allocator] bounded allocation refusing StorageFull after 1021 ms parked with 0 offset(s) still in grace locally (lane harvest horizon 13026 ms): the pressure deadline never fenced within the wall backstop (1000 ms). The refusal is honest and terminal for this write; investigate the membership plane (finding 29)
[2026-09-06T01:57:27Z WARN  squeezefs::fuse_client] flush write-through failed for ino 2 block 2495 (Io(Custom { kind: StorageFull, error: "I/O error: data volume 'nvme3n1' full: 8183 of 8192 blocks allocated — lane 6 of 16 is exhausted while 0 free block(s) belong to lanes this mount does not own (alloc_lane_enospc_refusals; reach them by adopting a lane whose holder is proven dead, or grow the volume set — docs/operations.md §Multi-writer capacity planning)" })); degrading to the staging leg (fsync durability bar)
[2026-09-06T01:57:27Z ERROR squeezefs::block_allocator] bounded allocation refusing StorageFull after 1046 ms parked with 0 offset(s) still in grace locally (lane harvest horizon 13049 ms): the pressure deadline never fenced within the wall backstop (1000 ms). The refusal is honest and terminal for this write; investigate the membership plane (finding 29)
[2026-09-06T01:57:28Z ERROR squeezefs::block_allocator] I/O error: data volume 'nvme3n1' full: 8183 of 8192 blocks allocated — lane 6 of 16 is exhausted while 0 free block(s) belong to lanes this mount does not own (alloc_lane_enospc_refusals; reach them by adopting a lane whose holder is proven dead, or grow the volume set — docs/operations.md §Multi-writer capacity planning)
[2026-09-06T01:57:28Z ERROR squeezefs::block_allocator] bounded allocation refusing StorageFull after 1009 ms parked with 0 offset(s) still in grace locally (lane harvest horizon 13986 ms): the pressure deadline never fenced within the wall backstop (1000 ms). The refusal is honest and terminal for this write; investigate the membership plane (finding 29)
[2026-09-06T01:57:28Z WARN  squeezefs::routing] rewrite epoch close for ino 2 failed transiently (Io(Custom { kind: StorageFull, error: "I/O error: data volume 'nvme3n1' full: 8183 of 8192 blocks allocated — lane 6 of 16 is exhausted while 0 free block(s) belong to lanes this mount does not own (alloc_lane_enospc_refusals; reach them by adopting a lane whose holder is proven dead, or grow the volume set — docs/operations.md §Multi-writer capacity planning)" })); the epoch stays registered (never-lossy) — the next close trigger retries
[2026-09-06T01:57:28Z ERROR squeezefs::block_allocator] bounded allocation refusing StorageFull after 1033 ms parked with 0 offset(s) still in grace locally (lane harvest horizon 14033 ms): the pressure deadline never fenced within the wall backstop (1000 ms). The refusal is honest and terminal for this write; investigate the membership plane (finding 29)
[2026-09-06T01:57:28Z WARN  squeezefs::fuse_client] write-through failed for ino 2 block 2556 (Io(Custom { kind: StorageFull, error: "I/O error: data volume 'nvme3n1' full: 8183 of 8192 blocks allocated — lane 6 of 16 is exhausted while 0 free block(s) belong to lanes this mount does not own (alloc_lane_enospc_refusals; reach them by adopting a lane whose holder is proven dead, or grow the volume set — docs/operations.md §Multi-writer capacity planning)" })); falling back to staging
[2026-09-06T01:57:28Z ERROR squeezefs::block_allocator] bounded allocation refusing StorageFull after 1007 ms parked with 0 offset(s) still in grace locally (lane harvest horizon 14033 ms): the pressure deadline never fenced within the wall backstop (1000 ms). The refusal is honest and terminal for this write; investigate the membership plane (finding 29)
[2026-09-06T01:57:28Z ERROR squeezefs::block_allocator] bounded allocation refusing StorageFull after 1035 ms parked with 0 offset(s) still in grace locally (lane harvest horizon 14035 ms): the pressure deadline never fenced within the wall backstop (1000 ms). The refusal is honest and terminal for this write; investigate the membership plane (finding 29)
[2026-09-06T01:57:28Z WARN  squeezefs::fuse_client] write-through failed for ino 2 block 2527 (Io(Custom { kind: StorageFull, error: "I/O error: data volume 'nvme3n1' full: 8183 of 8192 blocks allocated — lane 6 of 16 is exhausted while 0 free block(s) belong to lanes this mount does not own (alloc_lane_enospc_refusals; reach them by adopting a lane whose holder is proven dead, or grow the volume set — docs/operations.md §Multi-writer capacity planning)" })); falling back to staging
[2026-09-06T01:57:28Z ERROR squeezefs::block_allocator] bounded allocation refusing StorageFull after 1044 ms parked with 0 offset(s) still in grace locally (lane harvest horizon 14036 ms): the pressure deadline never fenced within the wall backstop (1000 ms). The refusal is honest and terminal for this write; investigate the membership plane (finding 29)
[2026-09-06T01:57:28Z WARN  squeezefs::fuse_client] write-through failed for ino 2 block 2524 (Io(Custom { kind: StorageFull, error: "I/O error: data volume 'nvme3n1' full: 8183 of 8192 blocks allocated — lane 6 of 16 is exhausted while 0 free block(s) belong to lanes this mount does not own (alloc_lane_enospc_refusals; reach them by adopting a lane whose holder is proven dead, or grow the volume set — docs/operations.md §Multi-writer capacity planning)" })); falling back to staging
[2026-09-06T01:57:29Z ERROR squeezefs::block_allocator] bounded allocation refusing StorageFull after 1035 ms parked with 0 offset(s) still in grace locally (lane harvest horizon 14085 ms): the pressure deadline never fenced within the wall backstop (1000 ms). The refusal is honest and terminal for this write; investigate the membership plane (finding 29)
[2026-09-06T01:57:29Z WARN  squeezefs::fuse_client] write-through failed for ino 2 block 2559 (Io(Custom { kind: StorageFull, error: "I/O error: data volume 'nvme3n1' full: 8183 of 8192 blocks allocated — lane 6 of 16 is exhausted while 0 free block(s) belong to lanes this mount does not own (alloc_lane_enospc_refusals; reach them by adopting a lane whose holder is proven dead, or grow the volume set — docs/operations.md §Multi-writer capacity planning)" })); falling back to staging
[2026-09-06T01:57:29Z ERROR squeezefs::block_allocator] I/O error: data volume 'nvme3n1' full: 8183 of 8192 blocks allocated — lane 6 of 16 is exhausted while 0 free block(s) belong to lanes this mount does not own (alloc_lane_enospc_refusals; reach them by adopting a lane whose holder is proven dead, or grow the volume set — docs/operations.md §Multi-writer capacity planning)
[2026-09-06T01:57:29Z ERROR squeezefs::block_allocator] bounded allocation refusing StorageFull after 1012 ms parked with 0 offset(s) still in grace locally (lane harvest horizon 14997 ms): the pressure deadline never fenced within the wall backstop (1000 ms). The refusal is honest and terminal for this write; investigate the membership plane (finding 29)
[2026-09-06T01:57:29Z WARN  squeezefs::fuse_client] write-through failed for ino 2 block 2494 (Io(Custom { kind: StorageFull, error: "I/O error: data volume 'nvme3n1' full: 8183 of 8192 blocks allocated — lane 6 of 16 is exhausted while 0 free block(s) belong to lanes this mount does not own (alloc_lane_enospc_refusals; reach them by adopting a lane whose holder is proven dead, or grow the volume set — docs/operations.md §Multi-writer capacity planning)" })); falling back to staging
[2026-09-06T01:57:29Z ERROR squeezefs::block_allocator] bounded allocation refusing StorageFull after 1011 ms parked with 0 offset(s) still in grace locally (lane harvest horizon 15045 ms): the pressure deadline never fenced within the wall backstop (1000 ms). The refusal is honest and terminal for this write; investigate the membership plane (finding 29)
[2026-09-06T01:57:29Z WARN  squeezefs::fuse_client] flush write-through failed for ino 2 block 2495 (Io(Custom { kind: StorageFull, error: "I/O error: data volume 'nvme3n1' full: 8183 of 8192 blocks allocated — lane 6 of 16 is exhausted while 0 free block(s) belong to lanes this mount does not own (alloc_lane_enospc_refusals; reach them by adopting a lane whose holder is proven dead, or grow the volume set — docs/operations.md §Multi-writer capacity planning)" })); degrading to the staging leg (fsync durability bar)
[2026-09-06T01:57:30Z ERROR squeezefs::block_allocator] I/O error: data volume 'nvme3n1' full: 8183 of 8192 blocks allocated — lane 6 of 16 is exhausted while 0 free block(s) belong to lanes this mount does not own (alloc_lane_enospc_refusals; reach them by adopting a lane whose holder is proven dead, or grow the volume set — docs/operations.md §Multi-writer capacity planning)
[2026-09-06T01:57:31Z ERROR squeezefs::block_allocator] bounded allocation refusing StorageFull after 1013 ms parked with 0 offset(s) still in grace locally (lane harvest horizon 16059 ms): the pressure deadline never fenced within the wall backstop (1000 ms). The refusal is honest and terminal for this write; investigate the membership plane (finding 29)
[2026-09-06T01:57:36Z WARN  fuse3::raw::connection::fuse_over_uring] fuse-over-uring qid=26 ent=10: unique=11126 delivered 9297 ms ago and still unreplied — the caller is in uninterruptible sleep (transport_slots_overdue; not-fused, fused_ready_total=0, zc_bridge_pends=0, scan_passes=1158, scan_pends_seen=6359, scan_orphans_seen=0, pend_max_age_ms=0, cancel_latched=0, park_backstop_ticks=669, zc_msgs_sent=4942, zc_msgs_taken=4942)
[2026-09-06T01:57:41Z WARN  fuse3::raw::connection::fuse_over_uring] fuse-over-uring qid=26 ent=10: unique=11126 delivered 14317 ms ago and still unreplied — the caller is in uninterruptible sleep (transport_slots_overdue; not-fused, fused_ready_total=0, zc_bridge_pends=0, scan_passes=1158, scan_pends_seen=6359, scan_orphans_seen=0, pend_max_age_ms=0, cancel_latched=0, park_backstop_ticks=669, zc_msgs_sent=4942, zc_msgs_taken=4942)
[2026-09-06T01:57:46Z WARN  fuse3::raw::connection::fuse_over_uring] fuse-over-uring qid=26 ent=10: unique=11126 delivered 19337 ms ago and still unreplied — the caller is in uninterruptible sleep (transport_slots_overdue; not-fused, fused_ready_total=0, zc_bridge_pends=0, scan_passes=1158, scan_pends_seen=6359, scan_orphans_seen=0, pend_max_age_ms=0, cancel_latched=0, park_backstop_ticks=669, zc_msgs_sent=4942, zc_msgs_taken=4942)
[2026-09-06T01:57:51Z WARN  fuse3::raw::connection::fuse_over_uring] fuse-over-uring qid=26 ent=10: unique=11126 delivered 24360 ms ago and still unreplied — the caller is in uninterruptible sleep (transport_slots_overdue; not-fused, fused_ready_total=0, zc_bridge_pends=0, scan_passes=1158, scan_pends_seen=6359, scan_orphans_seen=0, pend_max_age_ms=0, cancel_latched=0, park_backstop_ticks=669, zc_msgs_sent=4942, zc_msgs_taken=4942)
[2026-09-06T01:57:55Z ERROR squeezefs::fuse_client] FUSE op watchdog: fsync (ino 2) in flight for 30000 ms (> 30000 ms), parked past station [entry] — op is NOT cancelled (D1.b semantics: no ETIMEDOUT synthesis); investigate the volume/device if this repeats
[2026-09-06T01:57:55Z ERROR squeezefs::fuse_client] wedge census: meta_conveyor_passes=0 meta_conveyor_queued=0 meta_conveyor_windows_inflight=0 meta_conveyor_durability_passes=0 meta_commit_parked=0 meta_publish_parked=0 meta_journal_entries=0 meta_checkpoints=0 pipeline_inflight_blocks=1 pipeline_admission_waits=365 reclaim_queue_bytes=0 rewrite_open_epochs=1 transport_leases_outstanding=0 transport_parked_commits=84 transport_unparked_commits=84 lock_ticked_reregisters=42 lane_exec_tick_rescues=13 lane_exec_task_panics=0
[2026-09-06T01:57:56Z WARN  fuse3::raw::connection::fuse_over_uring] fuse-over-uring qid=26 ent=10: unique=11126 delivered 29380 ms ago and still unreplied — the caller is in uninterruptible sleep (transport_slots_overdue; not-fused, fused_ready_total=0, zc_bridge_pends=0, scan_passes=1158, scan_pends_seen=6359, scan_orphans_seen=0, pend_max_age_ms=0, cancel_latched=0, park_backstop_ticks=669, zc_msgs_sent=4942, zc_msgs_taken=4942)
[2026-09-06T01:57:58Z ERROR squeezefs::meta_ship::publish] S9: the authority refused 1 shipped free(s) (vol_tag 0xad7b1d37b0829b08, request 2419): already free/graced/quarantined — the double-release lineage, surfaced on the authority's own tripwire
[2026-09-06T01:58:00Z ERROR squeezefs::fuse_client] FUSE op watchdog: fsync (ino 2) in flight for 35000 ms (> 30000 ms), parked past station [entry] — op is NOT cancelled (D1.b semantics: no ETIMEDOUT synthesis); investigate the volume/device if this repeats
[2026-09-06T01:58:00Z ERROR squeezefs::fuse_client] lock-wait census: block/flush_exit ino 2 key 2495 waited 31576 ms — stripe last-holder site=flush_exit ino 2 block 2495
[2026-09-06T01:58:00Z ERROR squeezefs::fuse_client] lock-wait census: block/pipeline_upload ino 2 key 2495 waited 32624 ms — stripe last-holder site=flush_exit ino 2 block 2495
[2026-09-06T01:58:00Z ERROR squeezefs::fuse_client] wedge census: meta_conveyor_passes=0 meta_conveyor_queued=0 meta_conveyor_windows_inflight=0 meta_conveyor_durability_passes=0 meta_commit_parked=0 meta_publish_parked=0 meta_journal_entries=0 meta_checkpoints=0 pipeline_inflight_blocks=1 pipeline_admission_waits=365 reclaim_queue_bytes=0 rewrite_open_epochs=0 transport_leases_outstanding=0 transport_parked_commits=84 transport_unparked_commits=84 lock_ticked_reregisters=47 lane_exec_tick_rescues=14 lane_exec_task_panics=0
[2026-09-06T01:58:01Z ERROR squeezefs::meta_ship::publish] S9: the authority refused 1 shipped free(s) (vol_tag 0xad7b1d37b0829b08, request 2423): already free/graced/quarantined — the double-release lineage, surfaced on the authority's own tripwire
[2026-09-06T01:58:01Z ERROR squeezefs::meta_ship::publish] S9: the authority refused 1 shipped free(s) (vol_tag 0xad7b1d37b0829b08, request 2427): already free/graced/quarantined — the double-release lineage, surfaced on the authority's own tripwire
[2026-09-06T01:58:01Z WARN  fuse3::raw::connection::fuse_over_uring] fuse-over-uring qid=26 ent=10: unique=11126 delivered 34400 ms ago and still unreplied — the caller is in uninterruptible sleep (transport_slots_overdue; not-fused, fused_ready_total=0, zc_bridge_pends=0, scan_passes=1158, scan_pends_seen=6359, scan_orphans_seen=0, pend_max_age_ms=0, cancel_latched=0, park_backstop_ticks=669, zc_msgs_sent=4942, zc_msgs_taken=4942)
[2026-09-06T01:58:01Z ERROR squeezefs::meta_ship::publish] S9: the authority refused 1 shipped free(s) (vol_tag 0xad7b1d37b0829b08, request 2431): already free/graced/quarantined — the double-release lineage, surfaced on the authority's own tripwire
[2026-09-06T01:58:01Z ERROR squeezefs::meta_ship::publish] S9: the authority refused 1 shipped free(s) (vol_tag 0xad7b1d37b0829b08, request 2435): already free/graced/quarantined — the double-release lineage, surfaced on the authority's own tripwire
[2026-09-06T01:58:01Z ERROR squeezefs::meta_ship::publish] S9: the authority refused 1 shipped free(s) (vol_tag 0xad7b1d37b0829b08, request 2439): already free/graced/quarantined — the double-release lineage, surfaced on the authority's own tripwire
[2026-09-06T01:58:02Z ERROR squeezefs::meta_ship::publish] S9: the authority refused 1 shipped free(s) (vol_tag 0xad7b1d37b0829b08, request 2446): already free/graced/quarantined — the double-release lineage, surfaced on the authority's own tripwire
[2026-09-06T01:58:02Z ERROR squeezefs::meta_ship::publish] S9: the authority refused 1 shipped free(s) (vol_tag 0xad7b1d37b0829b08, request 2454): already free/graced/quarantined — the double-release lineage, surfaced on the authority's own tripwire
[2026-09-06T01:58:02Z ERROR squeezefs::meta_ship::publish] S9: the authority refused 1 shipped free(s) (vol_tag 0xad7b1d37b0829b08, request 2457): already free/graced/quarantined — the double-release lineage, surfaced on the authority's own tripwire
[2026-09-06T01:58:05Z ERROR fuse3::raw::connection::fuse_over_uring] transport payload lease held 1595 ms (≥ 1 s) — overlong handler invocation or a §5.4 severance escape; watch transport_lease_overlong / transport_parked_commits
[2026-09-06T01:58:05Z ERROR fuse3::raw::connection::fuse_over_uring] transport payload lease held 1772 ms (≥ 1 s) — overlong handler invocation or a §5.4 severance escape; watch transport_lease_overlong / transport_parked_commits
[2026-09-06T01:58:05Z ERROR fuse3::raw::connection::fuse_over_uring] transport payload lease held 1773 ms (≥ 1 s) — overlong handler invocation or a §5.4 severance escape; watch transport_lease_overlong / transport_parked_commits
[2026-09-06T01:58:06Z ERROR squeezefs::meta_ship::publish] S9: the authority refused 1 shipped free(s) (vol_tag 0xad7b1d37b0829b08, request 2468): already free/graced/quarantined — the double-release lineage, surfaced on the authority's own tripwire
[2026-09-06T01:58:06Z ERROR squeezefs::meta_ship::publish] S9: the authority refused 1 shipped free(s) (vol_tag 0xad7b1d37b0829b08, request 2472): already free/graced/quarantined — the double-release lineage, surfaced on the authority's own tripwire
[2026-09-06T01:58:06Z ERROR squeezefs::meta_ship::publish] S9: the authority refused 1 shipped free(s) (vol_tag 0xad7b1d37b0829b08, request 2477): already free/graced/quarantined — the double-release lineage, surfaced on the authority's own tripwire
[2026-09-06T01:58:06Z ERROR squeezefs::meta_ship::publish] S9: the authority refused 1 shipped free(s) (vol_tag 0xad7b1d37b0829b08, request 2482): already free/graced/quarantined — the double-release lineage, surfaced on the authority's own tripwire
[2026-09-06T01:58:06Z ERROR squeezefs::meta_ship::publish] S9: the authority refused 1 shipped free(s) (vol_tag 0xad7b1d37b0829b08, request 2485): already free/graced/quarantined — the double-release lineage, surfaced on the authority's own tripwire
[2026-09-06T01:58:06Z ERROR squeezefs::meta_ship::publish] S9: the authority refused 1 shipped free(s) (vol_tag 0xad7b1d37b0829b08, request 2490): already free/graced/quarantined — the double-release lineage, surfaced on the authority's own tripwire
[2026-09-06T01:58:06Z ERROR squeezefs::meta_ship::publish] S9: the authority refused 1 shipped free(s) (vol_tag 0xad7b1d37b0829b08, request 2494): already free/graced/quarantined — the double-release lineage, surfaced on the authority's own tripwire
[2026-09-06T01:58:06Z ERROR squeezefs::meta_ship::publish] S9: the authority refused 1 shipped free(s) (vol_tag 0xad7b1d37b0829b08, request 2498): already free/graced/quarantined — the double-release lineage, surfaced on the authority's own tripwire
[2026-09-06T01:58:07Z ERROR squeezefs::meta_ship::publish] S9: the authority refused 1 shipped free(s) (vol_tag 0xad7b1d37b0829b08, request 2502): already free/graced/quarantined — the double-release lineage, surfaced on the authority's own tripwire
[2026-09-06T01:58:07Z ERROR squeezefs::block_allocator] I/O error: data volume 'nvme3n1' full: 8183 of 8192 blocks allocated — lane 6 of 16 is exhausted while 0 free block(s) belong to lanes this mount does not own (alloc_lane_enospc_refusals; reach them by adopting a lane whose holder is proven dead, or grow the volume set — docs/operations.md §Multi-writer capacity planning)
[2026-09-06T01:58:07Z ERROR squeezefs::meta_ship::publish] S9: the authority refused 1 shipped free(s) (vol_tag 0xad7b1d37b0829b08, request 2506): already free/graced/quarantined — the double-release lineage, surfaced on the authority's own tripwire
[2026-09-06T01:58:08Z ERROR squeezefs::block_allocator] I/O error: data volume 'nvme3n1' full: 8183 of 8192 blocks allocated — lane 6 of 16 is exhausted while 0 free block(s) belong to lanes this mount does not own (alloc_lane_enospc_refusals; reach them by adopting a lane whose holder is proven dead, or grow the volume set — docs/operations.md §Multi-writer capacity planning)
[2026-09-06T01:58:08Z ERROR squeezefs::block_allocator] bounded allocation refusing StorageFull after 1021 ms parked with 0 offset(s) still in grace locally (lane harvest horizon 16484 ms): the pressure deadline never fenced within the wall backstop (1000 ms). The refusal is honest and terminal for this write; investigate the membership plane (finding 29)
[2026-09-06T01:58:08Z ERROR squeezefs::fuse_client] FUSE Fsync failed for ino 2: Io(Custom { kind: StorageFull, error: "I/O error: data volume 'nvme3n1' full: 8183 of 8192 blocks allocated — lane 6 of 16 is exhausted while 0 free block(s) belong to lanes this mount does not own (alloc_lane_enospc_refusals; reach them by adopting a lane whose holder is proven dead, or grow the volume set — docs/operations.md §Multi-writer capacity planning)" })
[2026-09-06T01:58:08Z ERROR squeezefs::fuse_client] Squeezefs operational error: Io(Custom { kind: StorageFull, error: "I/O error: data volume 'nvme3n1' full: 8183 of 8192 blocks allocated — lane 6 of 16 is exhausted while 0 free block(s) belong to lanes this mount does not own (alloc_lane_enospc_refusals; reach them by adopting a lane whose holder is proven dead, or grow the volume set — docs/operations.md §Multi-writer capacity planning)" })
[2026-09-06T01:58:09Z ERROR squeezefs::block_allocator] I/O error: data volume 'nvme3n1' full: 8183 of 8192 blocks allocated — lane 6 of 16 is exhausted while 0 free block(s) belong to lanes this mount does not own (alloc_lane_enospc_refusals; reach them by adopting a lane whose holder is proven dead, or grow the volume set — docs/operations.md §Multi-writer capacity planning)
[2026-09-06T01:58:09Z ERROR squeezefs::block_allocator] bounded allocation refusing StorageFull after 1011 ms parked with 0 offset(s) still in grace locally (lane harvest horizon 17498 ms): the pressure deadline never fenced within the wall backstop (1000 ms). The refusal is honest and terminal for this write; investigate the membership plane (finding 29)
[2026-09-06T01:58:09Z ERROR squeezefs::block_allocator] bounded allocation refusing StorageFull after 1013 ms parked with 0 offset(s) still in grace locally (lane harvest horizon 17499 ms): the pressure deadline never fenced within the wall backstop (1000 ms). The refusal is honest and terminal for this write; investigate the membership plane (finding 29)
[2026-09-06T01:58:09Z ERROR squeezefs::block_allocator] bounded allocation refusing StorageFull after 1015 ms parked with 0 offset(s) still in grace locally (lane harvest horizon 17502 ms): the pressure deadline never fenced within the wall backstop (1000 ms). The refusal is honest and terminal for this write; investigate the membership plane (finding 29)
[2026-09-06T01:58:09Z ERROR squeezefs::block_allocator] bounded allocation refusing StorageFull after 1015 ms parked with 0 offset(s) still in grace locally (lane harvest horizon 17514 ms): the pressure deadline never fenced within the wall backstop (1000 ms). The refusal is honest and terminal for this write; investigate the membership plane (finding 29)
[2026-09-06T01:58:09Z ERROR fuse3::raw::connection::fuse_over_uring] transport payload lease held 1028 ms (≥ 1 s) — overlong handler invocation or a §5.4 severance escape; watch transport_lease_overlong / transport_parked_commits
[2026-09-06T01:58:09Z ERROR fuse3::raw::connection::fuse_over_uring] transport payload lease held 1028 ms (≥ 1 s) — overlong handler invocation or a §5.4 severance escape; watch transport_lease_overlong / transport_parked_commits
[2026-09-06T01:58:09Z ERROR fuse3::raw::connection::fuse_over_uring] transport payload lease held 1029 ms (≥ 1 s) — overlong handler invocation or a §5.4 severance escape; watch transport_lease_overlong / transport_parked_commits
[2026-09-06T01:58:09Z ERROR fuse3::raw::connection::fuse_over_uring] transport payload lease held 1029 ms (≥ 1 s) — overlong handler invocation or a §5.4 severance escape; watch transport_lease_overlong / transport_parked_commits
[2026-09-06T01:58:10Z ERROR squeezefs::block_allocator] I/O error: data volume 'nvme3n1' full: 8183 of 8192 blocks allocated — lane 6 of 16 is exhausted while 0 free block(s) belong to lanes this mount does not own (alloc_lane_enospc_refusals; reach them by adopting a lane whose holder is proven dead, or grow the volume set — docs/operations.md §Multi-writer capacity planning)
[2026-09-06T01:58:10Z ERROR squeezefs::block_allocator] bounded allocation refusing StorageFull after 1023 ms parked with 0 offset(s) still in grace locally (lane harvest horizon 18225 ms): the pressure deadline never fenced within the wall backstop (1000 ms). The refusal is honest and terminal for this write; investigate the membership plane (finding 29)
[2026-09-06T01:58:10Z ERROR squeezefs::block_allocator] bounded allocation refusing StorageFull after 1028 ms parked with 0 offset(s) still in grace locally (lane harvest horizon 18250 ms): the pressure deadline never fenced within the wall backstop (1000 ms). The refusal is honest and terminal for this write; investigate the membership plane (finding 29)
[2026-09-06T01:58:10Z ERROR squeezefs::block_allocator] bounded allocation refusing StorageFull after 1042 ms parked with 0 offset(s) still in grace locally (lane harvest horizon 18250 ms): the pressure deadline never fenced within the wall backstop (1000 ms). The refusal is honest and terminal for this write; investigate the membership plane (finding 29)
[2026-09-06T01:58:10Z ERROR squeezefs::block_allocator] bounded allocation refusing StorageFull after 1029 ms parked with 0 offset(s) still in grace locally (lane harvest horizon 18246 ms): the pressure deadline never fenced within the wall backstop (1000 ms). The refusal is honest and terminal for this write; investigate the membership plane (finding 29)
[2026-09-06T01:58:10Z WARN  squeezefs::fuse_client] flush write-through failed for ino 2 block 2526 (Io(Custom { kind: StorageFull, error: "I/O error: data volume 'nvme3n1' full: 8183 of 8192 blocks allocated — lane 6 of 16 is exhausted while 0 free block(s) belong to lanes this mount does not own (alloc_lane_enospc_refusals; reach them by adopting a lane whose holder is proven dead, or grow the volume set — docs/operations.md §Multi-writer capacity planning)" })); degrading to the staging leg (fsync durability bar)
[2026-09-06T01:58:10Z ERROR squeezefs::block_allocator] bounded allocation refusing StorageFull after 1045 ms parked with 0 offset(s) still in grace locally (lane harvest horizon 18253 ms): the pressure deadline never fenced within the wall backstop (1000 ms). The refusal is honest and terminal for this write; investigate the membership plane (finding 29)
[2026-09-06T01:58:11Z ERROR squeezefs::meta_ship::publish] S9: the authority refused 1 shipped free(s) (vol_tag 0xad7b1d37b0829b08, request 2784): already free/graced/quarantined — the double-release lineage, surfaced on the authority's own tripwire
[2026-09-06T01:58:11Z ERROR squeezefs::meta_ship::publish] S9: the authority refused 1 shipped free(s) (vol_tag 0xad7b1d37b0829b08, request 2786): already free/graced/quarantined — the double-release lineage, surfaced on the authority's own tripwire
[2026-09-06T01:58:11Z ERROR squeezefs::meta_ship::publish] S9: the authority refused 1 shipped free(s) (vol_tag 0xc5e11286df218556, request 2790): already free/graced/quarantined — the double-release lineage, surfaced on the authority's own tripwire
[2026-09-06T01:58:11Z ERROR squeezefs::meta_ship::publish] S9: the authority refused 1 shipped free(s) (vol_tag 0xc5e11286df218556, request 2794): already free/graced/quarantined — the double-release lineage, surfaced on the authority's own tripwire
[2026-09-06T01:58:12Z ERROR squeezefs::meta_ship::publish] S9: the authority refused 1 shipped free(s) (vol_tag 0xad7b1d37b0829b08, request 2803): already free/graced/quarantined — the double-release lineage, surfaced on the authority's own tripwire
[2026-09-06T01:58:12Z ERROR squeezefs::block_allocator] I/O error: data volume 'nvme3n1' full: 8183 of 8192 blocks allocated — lane 6 of 16 is exhausted while 0 free block(s) belong to lanes this mount does not own (alloc_lane_enospc_refusals; reach them by adopting a lane whose holder is proven dead, or grow the volume set — docs/operations.md §Multi-writer capacity planning)
[2026-09-06T01:58:13Z ERROR squeezefs::block_allocator] I/O error: data volume 'nvme3n1' full: 8183 of 8192 blocks allocated — lane 6 of 16 is exhausted while 0 free block(s) belong to lanes this mount does not own (alloc_lane_enospc_refusals; reach them by adopting a lane whose holder is proven dead, or grow the volume set — docs/operations.md §Multi-writer capacity planning)
[2026-09-06T01:58:13Z ERROR squeezefs::block_allocator] bounded allocation refusing StorageFull after 1009 ms parked with 0 offset(s) still in grace locally (lane harvest horizon 9553 ms): the pressure deadline never fenced within the wall backstop (1000 ms). The refusal is honest and terminal for this write; investigate the membership plane (finding 29)
[2026-09-06T01:58:14Z ERROR squeezefs::block_allocator] I/O error: data volume 'nvme3n1' full: 8183 of 8192 blocks allocated — lane 6 of 16 is exhausted while 0 free block(s) belong to lanes this mount does not own (alloc_lane_enospc_refusals; reach them by adopting a lane whose holder is proven dead, or grow the volume set — docs/operations.md §Multi-writer capacity planning)
[2026-09-06T01:58:14Z ERROR squeezefs::block_allocator] bounded allocation refusing StorageFull after 1008 ms parked with 0 offset(s) still in grace locally (lane harvest horizon 8873 ms): the pressure deadline never fenced within the wall backstop (1000 ms). The refusal is honest and terminal for this write; investigate the membership plane (finding 29)
[2026-09-06T01:58:14Z WARN  squeezefs::fuse_client] flush write-through failed for ino 2 block 2557 (Io(Custom { kind: StorageFull, error: "I/O error: data volume 'nvme3n1' full: 8183 of 8192 blocks allocated — lane 6 of 16 is exhausted while 0 free block(s) belong to lanes this mount does not own (alloc_lane_enospc_refusals; reach them by adopting a lane whose holder is proven dead, or grow the volume set — docs/operations.md §Multi-writer capacity planning)" })); degrading to the staging leg (fsync durability bar)
[2026-09-06T01:58:14Z WARN  squeezefs::block_allocator] co-writer: abandoning never-published block offset(s) leak-safe (volume 'nvme4n1', first offset 4521459712): the publish that would have named them failed or refused, and a co-writer may not mutate ownership accounting — the next derivation (mount recovery / fsck C6) returns them to the free supply (cowriter_unpublished_abandons; further offsets at debug level)
[2026-09-06T01:58:16Z ERROR squeezefs::block_allocator] I/O error: data volume 'nvme3n1' full: 8183 of 8192 blocks allocated — lane 6 of 16 is exhausted while 0 free block(s) belong to lanes this mount does not own (alloc_lane_enospc_refusals; reach them by adopting a lane whose holder is proven dead, or grow the volume set — docs/operations.md §Multi-writer capacity planning)
[2026-09-06T01:58:16Z ERROR fuse3::raw::connection::fuse_over_uring] transport payload lease held 1702 ms (≥ 1 s) — overlong handler invocation or a §5.4 severance escape; watch transport_lease_overlong / transport_parked_commits
[2026-09-06T01:58:17Z ERROR squeezefs::block_allocator] I/O error: data volume 'nvme3n1' full: 8183 of 8192 blocks allocated — lane 6 of 16 is exhausted while 0 free block(s) belong to lanes this mount does not own (alloc_lane_enospc_refusals; reach them by adopting a lane whose holder is proven dead, or grow the volume set — docs/operations.md §Multi-writer capacity planning)
[2026-09-06T01:58:17Z ERROR squeezefs::block_allocator] bounded allocation refusing StorageFull after 1002 ms parked with 0 offset(s) still in grace locally (lane harvest horizon 9353 ms): the pressure deadline never fenced within the wall backstop (1000 ms). The refusal is honest and terminal for this write; investigate the membership plane (finding 29)
[2026-09-06T01:58:17Z ERROR squeezefs::block_allocator] bounded allocation refusing StorageFull after 1007 ms parked with 0 offset(s) still in grace locally (lane harvest horizon 9359 ms): the pressure deadline never fenced within the wall backstop (1000 ms). The refusal is honest and terminal for this write; investigate the membership plane (finding 29)
[2026-09-06T01:58:17Z ERROR squeezefs::block_allocator] bounded allocation refusing StorageFull after 1024 ms parked with 0 offset(s) still in grace locally (lane harvest horizon 9377 ms): the pressure deadline never fenced within the wall backstop (1000 ms). The refusal is honest and terminal for this write; investigate the membership plane (finding 29)
[2026-09-06T01:58:17Z ERROR squeezefs::block_allocator] bounded allocation refusing StorageFull after 1020 ms parked with 0 offset(s) still in grace locally (lane harvest horizon 9379 ms): the pressure deadline never fenced within the wall backstop (1000 ms). The refusal is honest and terminal for this write; investigate the membership plane (finding 29)
[2026-09-06T01:58:17Z ERROR squeezefs::block_allocator] bounded allocation refusing StorageFull after 1037 ms parked with 0 offset(s) still in grace locally (lane harvest horizon 9390 ms): the pressure deadline never fenced within the wall backstop (1000 ms). The refusal is honest and terminal for this write; investigate the membership plane (finding 29)
[2026-09-06T01:58:17Z ERROR squeezefs::block_allocator] bounded allocation refusing StorageFull after 1038 ms parked with 0 offset(s) still in grace locally (lane harvest horizon 9390 ms): the pressure deadline never fenced within the wall backstop (1000 ms). The refusal is honest and terminal for this write; investigate the membership plane (finding 29)
[2026-09-06T01:58:17Z ERROR squeezefs::block_allocator] bounded allocation refusing StorageFull after 1036 ms parked with 0 offset(s) still in grace locally (lane harvest horizon 9392 ms): the pressure deadline never fenced within the wall backstop (1000 ms). The refusal is honest and terminal for this write; investigate the membership plane (finding 29)
[2026-09-06T01:58:17Z ERROR squeezefs::block_allocator] bounded allocation refusing StorageFull after 1019 ms parked with 0 offset(s) still in grace locally (lane harvest horizon 9399 ms): the pressure deadline never fenced within the wall backstop (1000 ms). The refusal is honest and terminal for this write; investigate the membership plane (finding 29)
[2026-09-06T01:58:18Z ERROR squeezefs::block_allocator] I/O error: data volume 'nvme3n1' full: 8183 of 8192 blocks allocated — lane 6 of 16 is exhausted while 0 free block(s) belong to lanes this mount does not own (alloc_lane_enospc_refusals; reach them by adopting a lane whose holder is proven dead, or grow the volume set — docs/operations.md §Multi-writer capacity planning)
[2026-09-06T01:58:18Z ERROR squeezefs::block_allocator] bounded allocation refusing StorageFull after 1016 ms parked with 0 offset(s) still in grace locally (lane harvest horizon 10375 ms): the pressure deadline never fenced within the wall backstop (1000 ms). The refusal is honest and terminal for this write; investigate the membership plane (finding 29)
[2026-09-06T01:58:18Z ERROR squeezefs::block_allocator] bounded allocation refusing StorageFull after 1013 ms parked with 0 offset(s) still in grace locally (lane harvest horizon 10385 ms): the pressure deadline never fenced within the wall backstop (1000 ms). The refusal is honest and terminal for this write; investigate the membership plane (finding 29)
[2026-09-06T01:58:18Z ERROR squeezefs::block_allocator] bounded allocation refusing StorageFull after 1015 ms parked with 0 offset(s) still in grace locally (lane harvest horizon 10386 ms): the pressure deadline never fenced within the wall backstop (1000 ms). The refusal is honest and terminal for this write; investigate the membership plane (finding 29)
[2026-09-06T01:58:18Z ERROR squeezefs::block_allocator] bounded allocation refusing StorageFull after 1014 ms parked with 0 offset(s) still in grace locally (lane harvest horizon 10386 ms): the pressure deadline never fenced within the wall backstop (1000 ms). The refusal is honest and terminal for this write; investigate the membership plane (finding 29)
[2026-09-06T01:58:18Z ERROR fuse3::raw::connection::fuse_over_uring] transport payload lease held 1015 ms (≥ 1 s) — overlong handler invocation or a §5.4 severance escape; watch transport_lease_overlong / transport_parked_commits
[2026-09-06T01:58:18Z ERROR fuse3::raw::connection::fuse_over_uring] transport payload lease held 1002 ms (≥ 1 s) — overlong handler invocation or a §5.4 severance escape; watch transport_lease_overlong / transport_parked_commits
[2026-09-06T01:58:18Z ERROR squeezefs::block_allocator] bounded allocation refusing StorageFull after 1014 ms parked with 0 offset(s) still in grace locally (lane harvest horizon 10404 ms): the pressure deadline never fenced within the wall backstop (1000 ms). The refusal is honest and terminal for this write; investigate the membership plane (finding 29)
[2026-09-06T01:58:18Z ERROR squeezefs::block_allocator] bounded allocation refusing StorageFull after 1013 ms parked with 0 offset(s) still in grace locally (lane harvest horizon 10417 ms): the pressure deadline never fenced within the wall backstop (1000 ms). The refusal is honest and terminal for this write; investigate the membership plane (finding 29)
[2026-09-06T01:58:18Z ERROR squeezefs::block_allocator] bounded allocation refusing StorageFull after 1015 ms parked with 0 offset(s) still in grace locally (lane harvest horizon 10428 ms): the pressure deadline never fenced within the wall backstop (1000 ms). The refusal is honest and terminal for this write; investigate the membership plane (finding 29)
[2026-09-06T01:58:18Z ERROR squeezefs::block_allocator] bounded allocation refusing StorageFull after 1016 ms parked with 0 offset(s) still in grace locally (lane harvest horizon 10434 ms): the pressure deadline never fenced within the wall backstop (1000 ms). The refusal is honest and terminal for this write; investigate the membership plane (finding 29)
[2026-09-06T01:58:18Z ERROR squeezefs::block_allocator] bounded allocation refusing StorageFull after 1016 ms parked with 0 offset(s) still in grace locally (lane harvest horizon 10435 ms): the pressure deadline never fenced within the wall backstop (1000 ms). The refusal is honest and terminal for this write; investigate the membership plane (finding 29)
[2026-09-06T01:58:18Z ERROR squeezefs::block_allocator] bounded allocation refusing StorageFull after 1016 ms parked with 0 offset(s) still in grace locally (lane harvest horizon 10436 ms): the pressure deadline never fenced within the wall backstop (1000 ms). The refusal is honest and terminal for this write; investigate the membership plane (finding 29)
[2026-09-06T01:58:18Z ERROR squeezefs::block_allocator] bounded allocation refusing StorageFull after 1011 ms parked with 0 offset(s) still in grace locally (lane harvest horizon 10436 ms): the pressure deadline never fenced within the wall backstop (1000 ms). The refusal is honest and terminal for this write; investigate the membership plane (finding 29)
[2026-09-06T01:58:18Z ERROR squeezefs::block_allocator] bounded allocation refusing StorageFull after 1014 ms parked with 0 offset(s) still in grace locally (lane harvest horizon 10450 ms): the pressure deadline never fenced within the wall backstop (1000 ms). The refusal is honest and terminal for this write; investigate the membership plane (finding 29)
[2026-09-06T01:58:18Z ERROR squeezefs::block_allocator] bounded allocation refusing StorageFull after 1017 ms parked with 0 offset(s) still in grace locally (lane harvest horizon 10451 ms): the pressure deadline never fenced within the wall backstop (1000 ms). The refusal is honest and terminal for this write; investigate the membership plane (finding 29)
[2026-09-06T01:58:18Z ERROR squeezefs::block_allocator] bounded allocation refusing StorageFull after 1014 ms parked with 0 offset(s) still in grace locally (lane harvest horizon 10453 ms): the pressure deadline never fenced within the wall backstop (1000 ms). The refusal is honest and terminal for this write; investigate the membership plane (finding 29)
[2026-09-06T01:58:18Z ERROR squeezefs::block_allocator] bounded allocation refusing StorageFull after 1020 ms parked with 0 offset(s) still in grace locally (lane harvest horizon 10454 ms): the pressure deadline never fenced within the wall backstop (1000 ms). The refusal is honest and terminal for this write; investigate the membership plane (finding 29)
[2026-09-06T01:58:19Z ERROR squeezefs::block_allocator] I/O error: data volume 'nvme3n1' full: 8183 of 8192 blocks allocated — lane 6 of 16 is exhausted while 0 free block(s) belong to lanes this mount does not own (alloc_lane_enospc_refusals; reach them by adopting a lane whose holder is proven dead, or grow the volume set — docs/operations.md §Multi-writer capacity planning)
[2026-09-06T01:58:19Z ERROR squeezefs::block_allocator] bounded allocation refusing StorageFull after 1011 ms parked with 0 offset(s) still in grace locally (lane harvest horizon 9388 ms): the pressure deadline never fenced within the wall backstop (1000 ms). The refusal is honest and terminal for this write; investigate the membership plane (finding 29)
[2026-09-06T01:58:19Z ERROR squeezefs::block_allocator] bounded allocation refusing StorageFull after 1011 ms parked with 0 offset(s) still in grace locally (lane harvest horizon 9388 ms): the pressure deadline never fenced within the wall backstop (1000 ms). The refusal is honest and terminal for this write; investigate the membership plane (finding 29)
[2026-09-06T01:58:19Z ERROR squeezefs::block_allocator] bounded allocation refusing StorageFull after 1014 ms parked with 0 offset(s) still in grace locally (lane harvest horizon 9399 ms): the pressure deadline never fenced within the wall backstop (1000 ms). The refusal is honest and terminal for this write; investigate the membership plane (finding 29)
[2026-09-06T01:58:19Z WARN  squeezefs::routing] rewrite epoch close for ino 2 failed transiently (Io(Custom { kind: StorageFull, error: "I/O error: data volume 'nvme3n1' full: 8183 of 8192 blocks allocated — lane 6 of 16 is exhausted while 0 free block(s) belong to lanes this mount does not own (alloc_lane_enospc_refusals; reach them by adopting a lane whose holder is proven dead, or grow the volume set — docs/operations.md §Multi-writer capacity planning)" })); the epoch stays registered (never-lossy) — the next close trigger retries
[2026-09-06T01:58:19Z ERROR squeezefs::block_allocator] bounded allocation refusing StorageFull after 1020 ms parked with 0 offset(s) still in grace locally (lane harvest horizon 9408 ms): the pressure deadline never fenced within the wall backstop (1000 ms). The refusal is honest and terminal for this write; investigate the membership plane (finding 29)
[2026-09-06T01:58:19Z ERROR squeezefs::block_allocator] bounded allocation refusing StorageFull after 1024 ms parked with 0 offset(s) still in grace locally (lane harvest horizon 9408 ms): the pressure deadline never fenced within the wall backstop (1000 ms). The refusal is honest and terminal for this write; investigate the membership plane (finding 29)
[2026-09-06T01:58:19Z WARN  squeezefs::fuse_client] write-through failed for ino 2 block 1628 (Io(Custom { kind: StorageFull, error: "I/O error: data volume 'nvme3n1' full: 8183 of 8192 blocks allocated — lane 6 of 16 is exhausted while 0 free block(s) belong to lanes this mount does not own (alloc_lane_enospc_refusals; reach them by adopting a lane whose holder is proven dead, or grow the volume set — docs/operations.md §Multi-writer capacity planning)" })); falling back to staging
[2026-09-06T01:58:19Z ERROR squeezefs::block_allocator] bounded allocation refusing StorageFull after 1023 ms parked with 0 offset(s) still in grace locally (lane harvest horizon 9412 ms): the pressure deadline never fenced within the wall backstop (1000 ms). The refusal is honest and terminal for this write; investigate the membership plane (finding 29)
[2026-09-06T01:58:19Z ERROR squeezefs::block_allocator] bounded allocation refusing StorageFull after 1016 ms parked with 0 offset(s) still in grace locally (lane harvest horizon 9422 ms): the pressure deadline never fenced within the wall backstop (1000 ms). The refusal is honest and terminal for this write; investigate the membership plane (finding 29)
[2026-09-06T01:58:19Z ERROR squeezefs::block_allocator] bounded allocation refusing StorageFull after 1017 ms parked with 0 offset(s) still in grace locally (lane harvest horizon 9436 ms): the pressure deadline never fenced within the wall backstop (1000 ms). The refusal is honest and terminal for this write; investigate the membership plane (finding 29)
[2026-09-06T01:58:19Z ERROR squeezefs::block_allocator] bounded allocation refusing StorageFull after 1018 ms parked with 0 offset(s) still in grace locally (lane harvest horizon 9437 ms): the pressure deadline never fenced within the wall backstop (1000 ms). The refusal is honest and terminal for this write; investigate the membership plane (finding 29)
[2026-09-06T01:58:19Z ERROR squeezefs::block_allocator] bounded allocation refusing StorageFull after 1014 ms parked with 0 offset(s) still in grace locally (lane harvest horizon 9443 ms): the pressure deadline never fenced within the wall backstop (1000 ms). The refusal is honest and terminal for this write; investigate the membership plane (finding 29)
[2026-09-06T01:58:19Z ERROR squeezefs::block_allocator] bounded allocation refusing StorageFull after 1011 ms parked with 0 offset(s) still in grace locally (lane harvest horizon 9446 ms): the pressure deadline never fenced within the wall backstop (1000 ms). The refusal is honest and terminal for this write; investigate the membership plane (finding 29)
[2026-09-06T01:58:19Z WARN  squeezefs::fuse_client] write-through failed for ino 2 block 1789 (Io(Custom { kind: StorageFull, error: "I/O error: data volume 'nvme3n1' full: 8183 of 8192 blocks allocated — lane 6 of 16 is exhausted while 0 free block(s) belong to lanes this mount does not own (alloc_lane_enospc_refusals; reach them by adopting a lane whose holder is proven dead, or grow the volume set — docs/operations.md §Multi-writer capacity planning)" })); falling back to staging
[2026-09-06T01:58:19Z ERROR squeezefs::block_allocator] bounded allocation refusing StorageFull after 1013 ms parked with 0 offset(s) still in grace locally (lane harvest horizon 9449 ms): the pressure deadline never fenced within the wall backstop (1000 ms). The refusal is honest and terminal for this write; investigate the membership plane (finding 29)
[2026-09-06T01:58:19Z ERROR squeezefs::block_allocator] bounded allocation refusing StorageFull after 1020 ms parked with 0 offset(s) still in grace locally (lane harvest horizon 9451 ms): the pressure deadline never fenced within the wall backstop (1000 ms). The refusal is honest and terminal for this write; investigate the membership plane (finding 29)
[2026-09-06T01:58:19Z ERROR squeezefs::block_allocator] bounded allocation refusing StorageFull after 1017 ms parked with 0 offset(s) still in grace locally (lane harvest horizon 9450 ms): the pressure deadline never fenced within the wall backstop (1000 ms). The refusal is honest and terminal for this write; investigate the membership plane (finding 29)
[2026-09-06T01:58:19Z WARN  squeezefs::fuse_client] write-through failed for ino 2 block 1693 (Io(Custom { kind: StorageFull, error: "I/O error: data volume 'nvme3n1' full: 8183 of 8192 blocks allocated — lane 6 of 16 is exhausted while 0 free block(s) belong to lanes this mount does not own (alloc_lane_enospc_refusals; reach them by adopting a lane whose holder is proven dead, or grow the volume set — docs/operations.md §Multi-writer capacity planning)" })); falling back to staging
[2026-09-06T01:58:19Z ERROR squeezefs::block_allocator] bounded allocation refusing StorageFull after 1013 ms parked with 0 offset(s) still in grace locally (lane harvest horizon 9452 ms): the pressure deadline never fenced within the wall backstop (1000 ms). The refusal is honest and terminal for this write; investigate the membership plane (finding 29)
[2026-09-06T01:58:19Z ERROR squeezefs::block_allocator] bounded allocation refusing StorageFull after 1014 ms parked with 0 offset(s) still in grace locally (lane harvest horizon 9452 ms): the pressure deadline never fenced within the wall backstop (1000 ms). The refusal is honest and terminal for this write; investigate the membership plane (finding 29)
[2026-09-06T01:58:19Z ERROR squeezefs::block_allocator] bounded allocation refusing StorageFull after 1023 ms parked with 0 offset(s) still in grace locally (lane harvest horizon 9462 ms): the pressure deadline never fenced within the wall backstop (1000 ms). The refusal is honest and terminal for this write; investigate the membership plane (finding 29)
[2026-09-06T01:58:19Z ERROR squeezefs::block_allocator] bounded allocation refusing StorageFull after 1013 ms parked with 0 offset(s) still in grace locally (lane harvest horizon 9463 ms): the pressure deadline never fenced within the wall backstop (1000 ms). The refusal is honest and terminal for this write; investigate the membership plane (finding 29)
[2026-09-06T01:58:19Z ERROR squeezefs::block_allocator] bounded allocation refusing StorageFull after 1012 ms parked with 0 offset(s) still in grace locally (lane harvest horizon 9463 ms): the pressure deadline never fenced within the wall backstop (1000 ms). The refusal is honest and terminal for this write; investigate the membership plane (finding 29)
[2026-09-06T01:58:19Z WARN  squeezefs::fuse_client] write-through failed for ino 2 block 1757 (Io(Custom { kind: StorageFull, error: "I/O error: data volume 'nvme3n1' full: 8183 of 8192 blocks allocated — lane 6 of 16 is exhausted while 0 free block(s) belong to lanes this mount does not own (alloc_lane_enospc_refusals; reach them by adopting a lane whose holder is proven dead, or grow the volume set — docs/operations.md §Multi-writer capacity planning)" })); falling back to staging
[2026-09-06T01:58:19Z WARN  squeezefs::fuse_client] write-through failed for ino 2 block 1725 (Io(Custom { kind: StorageFull, error: "I/O error: data volume 'nvme3n1' full: 8183 of 8192 blocks allocated — lane 6 of 16 is exhausted while 0 free block(s) belong to lanes this mount does not own (alloc_lane_enospc_refusals; reach them by adopting a lane whose holder is proven dead, or grow the volume set — docs/operations.md §Multi-writer capacity planning)" })); falling back to staging
[2026-09-06T01:58:19Z ERROR squeezefs::block_allocator] bounded allocation refusing StorageFull after 1010 ms parked with 0 offset(s) still in grace locally (lane harvest horizon 9463 ms): the pressure deadline never fenced within the wall backstop (1000 ms). The refusal is honest and terminal for this write; investigate the membership plane (finding 29)
[2026-09-06T01:58:19Z WARN  squeezefs::fuse_client] write-through failed for ino 2 block 1821 (Io(Custom { kind: StorageFull, error: "I/O error: data volume 'nvme3n1' full: 8183 of 8192 blocks allocated — lane 6 of 16 is exhausted while 0 free block(s) belong to lanes this mount does not own (alloc_lane_enospc_refusals; reach them by adopting a lane whose holder is proven dead, or grow the volume set — docs/operations.md §Multi-writer capacity planning)" })); falling back to staging
[2026-09-06T01:58:19Z ERROR squeezefs::block_allocator] bounded allocation refusing StorageFull after 1012 ms parked with 0 offset(s) still in grace locally (lane harvest horizon 9467 ms): the pressure deadline never fenced within the wall backstop (1000 ms). The refusal is honest and terminal for this write; investigate the membership plane (finding 29)
[2026-09-06T01:58:19Z ERROR squeezefs::block_allocator] bounded allocation refusing StorageFull after 1015 ms parked with 0 offset(s) still in grace locally (lane harvest horizon 9471 ms): the pressure deadline never fenced within the wall backstop (1000 ms). The refusal is honest and terminal for this write; investigate the membership plane (finding 29)
[2026-09-06T01:58:20Z ERROR squeezefs::block_allocator] I/O error: data volume 'nvme3n1' full: 8183 of 8192 blocks allocated — lane 6 of 16 is exhausted while 0 free block(s) belong to lanes this mount does not own (alloc_lane_enospc_refusals; reach them by adopting a lane whose holder is proven dead, or grow the volume set — docs/operations.md §Multi-writer capacity planning)
[2026-09-06T01:58:20Z ERROR squeezefs::block_allocator] bounded allocation refusing StorageFull after 1021 ms parked with 0 offset(s) still in grace locally (lane harvest horizon 9422 ms): the pressure deadline never fenced within the wall backstop (1000 ms). The refusal is honest and terminal for this write; investigate the membership plane (finding 29)
[2026-09-06T01:58:20Z WARN  squeezefs::fuse_client] write-through failed for ino 2 block 1596 (Io(Custom { kind: StorageFull, error: "I/O error: data volume 'nvme3n1' full: 8183 of 8192 blocks allocated — lane 6 of 16 is exhausted while 0 free block(s) belong to lanes this mount does not own (alloc_lane_enospc_refusals; reach them by adopting a lane whose holder is proven dead, or grow the volume set — docs/operations.md §Multi-writer capacity planning)" })); falling back to staging
[2026-09-06T01:58:20Z ERROR squeezefs::block_allocator] bounded allocation refusing StorageFull after 1029 ms parked with 0 offset(s) still in grace locally (lane harvest horizon 9422 ms): the pressure deadline never fenced within the wall backstop (1000 ms). The refusal is honest and terminal for this write; investigate the membership plane (finding 29)
[2026-09-06T01:58:20Z ERROR squeezefs::block_allocator] bounded allocation refusing StorageFull after 1037 ms parked with 0 offset(s) still in grace locally (lane harvest horizon 9430 ms): the pressure deadline never fenced within the wall backstop (1000 ms). The refusal is honest and terminal for this write; investigate the membership plane (finding 29)
[2026-09-06T01:58:20Z ERROR squeezefs::block_allocator] bounded allocation refusing StorageFull after 1038 ms parked with 0 offset(s) still in grace locally (lane harvest horizon 9431 ms): the pressure deadline never fenced within the wall backstop (1000 ms). The refusal is honest and terminal for this write; investigate the membership plane (finding 29)
[2026-09-06T01:58:20Z ERROR squeezefs::block_allocator] bounded allocation refusing StorageFull after 1039 ms parked with 0 offset(s) still in grace locally (lane harvest horizon 9432 ms): the pressure deadline never fenced within the wall backstop (1000 ms). The refusal is honest and terminal for this write; investigate the membership plane (finding 29)
[2026-09-06T01:58:20Z ERROR squeezefs::block_allocator] bounded allocation refusing StorageFull after 1020 ms parked with 0 offset(s) still in grace locally (lane harvest horizon 9435 ms): the pressure deadline never fenced within the wall backstop (1000 ms). The refusal is honest and terminal for this write; investigate the membership plane (finding 29)
[2026-09-06T01:58:20Z WARN  squeezefs::routing] rewrite epoch close for ino 2 failed transiently (Io(Custom { kind: StorageFull, error: "I/O error: data volume 'nvme3n1' full: 8183 of 8192 blocks allocated — lane 6 of 16 is exhausted while 0 free block(s) belong to lanes this mount does not own (alloc_lane_enospc_refusals; reach them by adopting a lane whose holder is proven dead, or grow the volume set — docs/operations.md §Multi-writer capacity planning)" })); the epoch stays registered (never-lossy) — the next close trigger retries
[2026-09-06T01:58:20Z ERROR squeezefs::block_allocator] bounded allocation refusing StorageFull after 1045 ms parked with 0 offset(s) still in grace locally (lane harvest horizon 9437 ms): the pressure deadline never fenced within the wall backstop (1000 ms). The refusal is honest and terminal for this write; investigate the membership plane (finding 29)
[2026-09-06T01:58:20Z ERROR squeezefs::block_allocator] bounded allocation refusing StorageFull after 1043 ms parked with 0 offset(s) still in grace locally (lane harvest horizon 9438 ms): the pressure deadline never fenced within the wall backstop (1000 ms). The refusal is honest and terminal for this write; investigate the membership plane (finding 29)
[2026-09-06T01:58:20Z ERROR squeezefs::block_allocator] bounded allocation refusing StorageFull after 1042 ms parked with 0 offset(s) still in grace locally (lane harvest horizon 9438 ms): the pressure deadline never fenced within the wall backstop (1000 ms). The refusal is honest and terminal for this write; investigate the membership plane (finding 29)
[2026-09-06T01:58:20Z ERROR squeezefs::block_allocator] bounded allocation refusing StorageFull after 1002 ms parked with 0 offset(s) still in grace locally (lane harvest horizon 9441 ms): the pressure deadline never fenced within the wall backstop (1000 ms). The refusal is honest and terminal for this write; investigate the membership plane (finding 29)
[2026-09-06T01:58:20Z WARN  squeezefs::fuse_client] write-through failed for ino 2 block 1951 (Io(Custom { kind: StorageFull, error: "I/O error: data volume 'nvme3n1' full: 8183 of 8192 blocks allocated — lane 6 of 16 is exhausted while 0 free block(s) belong to lanes this mount does not own (alloc_lane_enospc_refusals; reach them by adopting a lane whose holder is proven dead, or grow the volume set — docs/operations.md §Multi-writer capacity planning)" })); falling back to staging
[2026-09-06T01:58:20Z ERROR squeezefs::block_allocator] bounded allocation refusing StorageFull after 1051 ms parked with 0 offset(s) still in grace locally (lane harvest horizon 9444 ms): the pressure deadline never fenced within the wall backstop (1000 ms). The refusal is honest and terminal for this write; investigate the membership plane (finding 29)
[2026-09-06T01:58:20Z WARN  squeezefs::fuse_client] write-through failed for ino 2 block 1887 (Io(Custom { kind: StorageFull, error: "I/O error: data volume 'nvme3n1' full: 8183 of 8192 blocks allocated — lane 6 of 16 is exhausted while 0 free block(s) belong to lanes this mount does not own (alloc_lane_enospc_refusals; reach them by adopting a lane whose holder is proven dead, or grow the volume set — docs/operations.md §Multi-writer capacity planning)" })); falling back to staging
[2026-09-06T01:58:20Z ERROR squeezefs::block_allocator] bounded allocation refusing StorageFull after 1047 ms parked with 0 offset(s) still in grace locally (lane harvest horizon 9445 ms): the pressure deadline never fenced within the wall backstop (1000 ms). The refusal is honest and terminal for this write; investigate the membership plane (finding 29)
[2026-09-06T01:58:20Z ERROR squeezefs::block_allocator] bounded allocation refusing StorageFull after 1055 ms parked with 0 offset(s) still in grace locally (lane harvest horizon 9448 ms): the pressure deadline never fenced within the wall backstop (1000 ms). The refusal is honest and terminal for this write; investigate the membership plane (finding 29)
[2026-09-06T01:58:20Z ERROR squeezefs::block_allocator] bounded allocation refusing StorageFull after 1003 ms parked with 0 offset(s) still in grace locally (lane harvest horizon 9467 ms): the pressure deadline never fenced within the wall backstop (1000 ms). The refusal is honest and terminal for this write; investigate the membership plane (finding 29)
[2026-09-06T01:58:20Z WARN  squeezefs::fuse_client] write-through failed for ino 2 block 2014 (Io(Custom { kind: StorageFull, error: "I/O error: data volume 'nvme3n1' full: 8183 of 8192 blocks allocated — lane 6 of 16 is exhausted while 0 free block(s) belong to lanes this mount does not own (alloc_lane_enospc_refusals; reach them by adopting a lane whose holder is proven dead, or grow the volume set — docs/operations.md §Multi-writer capacity planning)" })); falling back to staging
[2026-09-06T01:58:20Z ERROR squeezefs::block_allocator] bounded allocation refusing StorageFull after 1019 ms parked with 0 offset(s) still in grace locally (lane harvest horizon 9485 ms): the pressure deadline never fenced within the wall backstop (1000 ms). The refusal is honest and terminal for this write; investigate the membership plane (finding 29)
[2026-09-06T01:58:20Z ERROR squeezefs::block_allocator] bounded allocation refusing StorageFull after 1012 ms parked with 0 offset(s) still in grace locally (lane harvest horizon 9485 ms): the pressure deadline never fenced within the wall backstop (1000 ms). The refusal is honest and terminal for this write; investigate the membership plane (finding 29)
[2026-09-06T01:58:20Z WARN  squeezefs::fuse_client] write-through failed for ino 2 block 2015 (Io(Custom { kind: StorageFull, error: "I/O error: data volume 'nvme3n1' full: 8183 of 8192 blocks allocated — lane 6 of 16 is exhausted while 0 free block(s) belong to lanes this mount does not own (alloc_lane_enospc_refusals; reach them by adopting a lane whose holder is proven dead, or grow the volume set — docs/operations.md §Multi-writer capacity planning)" })); falling back to staging
[2026-09-06T01:58:20Z ERROR squeezefs::block_allocator] bounded allocation refusing StorageFull after 1020 ms parked with 0 offset(s) still in grace locally (lane harvest horizon 9485 ms): the pressure deadline never fenced within the wall backstop (1000 ms). The refusal is honest and terminal for this write; investigate the membership plane (finding 29)
[2026-09-06T01:58:20Z ERROR squeezefs::block_allocator] bounded allocation refusing StorageFull after 1033 ms parked with 0 offset(s) still in grace locally (lane harvest horizon 9497 ms): the pressure deadline never fenced within the wall backstop (1000 ms). The refusal is honest and terminal for this write; investigate the membership plane (finding 29)
[2026-09-06T01:58:21Z ERROR squeezefs::block_allocator] I/O error: data volume 'nvme3n1' full: 8183 of 8192 blocks allocated — lane 6 of 16 is exhausted while 0 free block(s) belong to lanes this mount does not own (alloc_lane_enospc_refusals; reach them by adopting a lane whose holder is proven dead, or grow the volume set — docs/operations.md §Multi-writer capacity planning)
[2026-09-06T01:58:21Z ERROR squeezefs::block_allocator] bounded allocation refusing StorageFull after 1016 ms parked with 0 offset(s) still in grace locally (lane harvest horizon 9461 ms): the pressure deadline never fenced within the wall backstop (1000 ms). The refusal is honest and terminal for this write; investigate the membership plane (finding 29)
[2026-09-06T01:58:21Z ERROR squeezefs::block_allocator] bounded allocation refusing StorageFull after 1013 ms parked with 0 offset(s) still in grace locally (lane harvest horizon 9462 ms): the pressure deadline never fenced within the wall backstop (1000 ms). The refusal is honest and terminal for this write; investigate the membership plane (finding 29)
[2026-09-06T01:58:21Z ERROR squeezefs::block_allocator] bounded allocation refusing StorageFull after 1015 ms parked with 0 offset(s) still in grace locally (lane harvest horizon 9477 ms): the pressure deadline never fenced within the wall backstop (1000 ms). The refusal is honest and terminal for this write; investigate the membership plane (finding 29)
[2026-09-06T01:58:21Z ERROR squeezefs::block_allocator] bounded allocation refusing StorageFull after 1018 ms parked with 0 offset(s) still in grace locally (lane harvest horizon 9479 ms): the pressure deadline never fenced within the wall backstop (1000 ms). The refusal is honest and terminal for this write; investigate the membership plane (finding 29)
[2026-09-06T01:58:21Z ERROR squeezefs::block_allocator] bounded allocation refusing StorageFull after 1024 ms parked with 0 offset(s) still in grace locally (lane harvest horizon 9491 ms): the pressure deadline never fenced within the wall backstop (1000 ms). The refusal is honest and terminal for this write; investigate the membership plane (finding 29)
[2026-09-06T01:58:21Z ERROR squeezefs::block_allocator] bounded allocation refusing StorageFull after 1055 ms parked with 0 offset(s) still in grace locally (lane harvest horizon 9517 ms): the pressure deadline never fenced within the wall backstop (1000 ms). The refusal is honest and terminal for this write; investigate the membership plane (finding 29)
[2026-09-06T01:58:21Z ERROR squeezefs::meta_ship::publish] S9: the authority refused 1 shipped free(s) (vol_tag 0xc5e11286df218556, request 4462): already free/graced/quarantined — the double-release lineage, surfaced on the authority's own tripwire
[2026-09-06T01:58:21Z ERROR squeezefs::meta_ship::publish] S9: the authority refused 1 shipped free(s) (vol_tag 0xc5e11286df218556, request 4466): already free/graced/quarantined — the double-release lineage, surfaced on the authority's own tripwire
[2026-09-06T01:58:22Z ERROR squeezefs::meta_ship::publish] S9: the authority refused 1 shipped free(s) (vol_tag 0xc5e11286df218556, request 4470): already free/graced/quarantined — the double-release lineage, surfaced on the authority's own tripwire
[2026-09-06T01:58:22Z ERROR squeezefs::meta_ship::publish] S9: the authority refused 1 shipped free(s) (vol_tag 0xc5e11286df218556, request 4474): already free/graced/quarantined — the double-release lineage, surfaced on the authority's own tripwire
[2026-09-06T01:58:22Z ERROR squeezefs::meta_ship::publish] S9: the authority refused 1 shipped free(s) (vol_tag 0xc5e11286df218556, request 4478): already free/graced/quarantined — the double-release lineage, surfaced on the authority's own tripwire
[2026-09-06T01:58:22Z ERROR squeezefs::meta_ship::publish] S9: the authority refused 1 shipped free(s) (vol_tag 0xc5e11286df218556, request 4482): already free/graced/quarantined — the double-release lineage, surfaced on the authority's own tripwire
[2026-09-06T01:58:22Z ERROR squeezefs::meta_ship::publish] S9: the authority refused 1 shipped free(s) (vol_tag 0xc5e11286df218556, request 4486): already free/graced/quarantined — the double-release lineage, surfaced on the authority's own tripwire
[2026-09-06T01:58:22Z ERROR squeezefs::meta_ship::publish] S9: the authority refused 1 shipped free(s) (vol_tag 0xc5e11286df218556, request 4490): already free/graced/quarantined — the double-release lineage, surfaced on the authority's own tripwire
[2026-09-06T01:58:22Z ERROR squeezefs::meta_ship::publish] S9: the authority refused 1 shipped free(s) (vol_tag 0xc5e11286df218556, request 4494): already free/graced/quarantined — the double-release lineage, surfaced on the authority's own tripwire
[2026-09-06T01:58:22Z ERROR squeezefs::meta_ship::publish] S9: the authority refused 1 shipped free(s) (vol_tag 0xc5e11286df218556, request 4498): already free/graced/quarantined — the double-release lineage, surfaced on the authority's own tripwire
[2026-09-06T01:58:22Z ERROR squeezefs::meta_ship::publish] S9: the authority refused 1 shipped free(s) (vol_tag 0xc5e11286df218556, request 4502): already free/graced/quarantined — the double-release lineage, surfaced on the authority's own tripwire
[2026-09-06T01:58:22Z ERROR squeezefs::meta_ship::publish] S9: the authority refused 1 shipped free(s) (vol_tag 0xc5e11286df218556, request 4506): already free/graced/quarantined — the double-release lineage, surfaced on the authority's own tripwire
[2026-09-06T01:58:22Z ERROR squeezefs::meta_ship::publish] S9: the authority refused 1 shipped free(s) (vol_tag 0xc5e11286df218556, request 4511): already free/graced/quarantined — the double-release lineage, surfaced on the authority's own tripwire
[2026-09-06T01:58:22Z ERROR squeezefs::meta_ship::publish] S9: the authority refused 1 shipped free(s) (vol_tag 0xc5e11286df218556, request 4515): already free/graced/quarantined — the double-release lineage, surfaced on the authority's own tripwire
[2026-09-06T01:58:22Z ERROR squeezefs::meta_ship::publish] S9: the authority refused 1 shipped free(s) (vol_tag 0xc5e11286df218556, request 4521): already free/graced/quarantined — the double-release lineage, surfaced on the authority's own tripwire
[2026-09-06T01:58:22Z ERROR squeezefs::meta_ship::publish] S9: the authority refused 1 shipped free(s) (vol_tag 0xc5e11286df218556, request 4525): already free/graced/quarantined — the double-release lineage, surfaced on the authority's own tripwire
[2026-09-06T01:58:23Z ERROR squeezefs::meta_ship::publish] S9: the authority refused 1 shipped free(s) (vol_tag 0xc5e11286df218556, request 4529): already free/graced/quarantined — the double-release lineage, surfaced on the authority's own tripwire
[2026-09-06T01:58:23Z ERROR squeezefs::meta_ship::publish] S9: the authority refused 1 shipped free(s) (vol_tag 0xc5e11286df218556, request 4533): already free/graced/quarantined — the double-release lineage, surfaced on the authority's own tripwire
[2026-09-06T01:58:23Z ERROR squeezefs::meta_ship::publish] S9: the authority refused 1 shipped free(s) (vol_tag 0xc5e11286df218556, request 4537): already free/graced/quarantined — the double-release lineage, surfaced on the authority's own tripwire
[2026-09-06T01:58:23Z ERROR squeezefs::meta_ship::publish] S9: the authority refused 1 shipped free(s) (vol_tag 0xc5e11286df218556, request 4541): already free/graced/quarantined — the double-release lineage, surfaced on the authority's own tripwire
[2026-09-06T01:58:23Z ERROR squeezefs::meta_ship::publish] S9: the authority refused 1 shipped free(s) (vol_tag 0xc5e11286df218556, request 4545): already free/graced/quarantined — the double-release lineage, surfaced on the authority's own tripwire
[2026-09-06T01:58:23Z ERROR squeezefs::meta_ship::publish] S9: the authority refused 1 shipped free(s) (vol_tag 0xc5e11286df218556, request 4550): already free/graced/quarantined — the double-release lineage, surfaced on the authority's own tripwire
[2026-09-06T01:58:23Z ERROR squeezefs::meta_ship::publish] S9: the authority refused 1 shipped free(s) (vol_tag 0xc5e11286df218556, request 4553): already free/graced/quarantined — the double-release lineage, surfaced on the authority's own tripwire
[2026-09-06T01:58:24Z ERROR squeezefs::meta_ship::publish] S9: the authority refused 1 shipped free(s) (vol_tag 0xc5e11286df218556, request 4564): already free/graced/quarantined — the double-release lineage, surfaced on the authority's own tripwire
[2026-09-06T01:58:24Z ERROR squeezefs::meta_ship::publish] S9: the authority refused 1 shipped free(s) (vol_tag 0xc5e11286df218556, request 4567): already free/graced/quarantined — the double-release lineage, surfaced on the authority's own tripwire
[2026-09-06T01:58:26Z ERROR squeezefs::meta_ship::publish] S9: the authority refused 1 shipped free(s) (vol_tag 0xc5e11286df218556, request 4579): already free/graced/quarantined — the double-release lineage, surfaced on the authority's own tripwire
[2026-09-06T01:58:26Z ERROR squeezefs::meta_ship::publish] S9: the authority refused 1 shipped free(s) (vol_tag 0xc5e11286df218556, request 4583): already free/graced/quarantined — the double-release lineage, surfaced on the authority's own tripwire
[2026-09-06T01:58:26Z ERROR squeezefs::meta_ship::publish] S9: the authority refused 1 shipped free(s) (vol_tag 0xc5e11286df218556, request 4587): already free/graced/quarantined — the double-release lineage, surfaced on the authority's own tripwire
[2026-09-06T01:58:26Z ERROR squeezefs::meta_ship::publish] S9: the authority refused 1 shipped free(s) (vol_tag 0xc5e11286df218556, request 4592): already free/graced/quarantined — the double-release lineage, surfaced on the authority's own tripwire
[2026-09-06T01:58:26Z ERROR squeezefs::meta_ship::publish] S9: the authority refused 1 shipped free(s) (vol_tag 0xc5e11286df218556, request 4596): already free/graced/quarantined — the double-release lineage, surfaced on the authority's own tripwire
[2026-09-06T01:58:26Z ERROR squeezefs::meta_ship::publish] S9: the authority refused 1 shipped free(s) (vol_tag 0xc5e11286df218556, request 4600): already free/graced/quarantined — the double-release lineage, surfaced on the authority's own tripwire
[2026-09-06T01:58:26Z ERROR squeezefs::meta_ship::publish] S9: the authority refused 1 shipped free(s) (vol_tag 0xc5e11286df218556, request 4604): already free/graced/quarantined — the double-release lineage, surfaced on the authority's own tripwire
[2026-09-06T01:58:26Z ERROR squeezefs::meta_ship::publish] S9: the authority refused 1 shipped free(s) (vol_tag 0xc5e11286df218556, request 4608): already free/graced/quarantined — the double-release lineage, surfaced on the authority's own tripwire
[2026-09-06T01:58:27Z ERROR squeezefs::meta_ship::publish] S9: the authority refused 1 shipped free(s) (vol_tag 0xc5e11286df218556, request 4612): already free/graced/quarantined — the double-release lineage, surfaced on the authority's own tripwire
[2026-09-06T01:58:27Z ERROR squeezefs::meta_ship::publish] S9: the authority refused 1 shipped free(s) (vol_tag 0xc5e11286df218556, request 4616): already free/graced/quarantined — the double-release lineage, surfaced on the authority's own tripwire
[2026-09-06T01:58:27Z ERROR squeezefs::meta_ship::publish] S9: the authority refused 1 shipped free(s) (vol_tag 0xc5e11286df218556, request 4620): already free/graced/quarantined — the double-release lineage, surfaced on the authority's own tripwire
[2026-09-06T01:58:27Z ERROR squeezefs::meta_ship::publish] S9: the authority refused 1 shipped free(s) (vol_tag 0xc5e11286df218556, request 4624): already free/graced/quarantined — the double-release lineage, surfaced on the authority's own tripwire
[2026-09-06T01:58:27Z ERROR squeezefs::meta_ship::publish] S9: the authority refused 1 shipped free(s) (vol_tag 0xc5e11286df218556, request 4628): already free/graced/quarantined — the double-release lineage, surfaced on the authority's own tripwire
[2026-09-06T01:58:27Z ERROR squeezefs::meta_ship::publish] S9: the authority refused 1 shipped free(s) (vol_tag 0xc5e11286df218556, request 4634): already free/graced/quarantined — the double-release lineage, surfaced on the authority's own tripwire
[2026-09-06T01:58:27Z ERROR squeezefs::meta_ship::publish] S9: the authority refused 1 shipped free(s) (vol_tag 0xc5e11286df218556, request 4637): already free/graced/quarantined — the double-release lineage, surfaced on the authority's own tripwire
[2026-09-06T01:58:27Z ERROR squeezefs::meta_ship::publish] S9: the authority refused 1 shipped free(s) (vol_tag 0xc5e11286df218556, request 4641): already free/graced/quarantined — the double-release lineage, surfaced on the authority's own tripwire
[2026-09-06T01:58:28Z ERROR squeezefs::meta_ship::publish] S9: the authority refused 1 shipped free(s) (vol_tag 0xc5e11286df218556, request 4645): already free/graced/quarantined — the double-release lineage, surfaced on the authority's own tripwire
[2026-09-06T01:58:28Z ERROR squeezefs::meta_ship::publish] S9: the authority refused 1 shipped free(s) (vol_tag 0xc5e11286df218556, request 4649): already free/graced/quarantined — the double-release lineage, surfaced on the authority's own tripwire
[2026-09-06T01:58:28Z ERROR squeezefs::meta_ship::publish] S9: the authority refused 1 shipped free(s) (vol_tag 0xc5e11286df218556, request 4653): already free/graced/quarantined — the double-release lineage, surfaced on the authority's own tripwire
[2026-09-06T01:58:28Z ERROR squeezefs::meta_ship::publish] S9: the authority refused 1 shipped free(s) (vol_tag 0xc5e11286df218556, request 4657): already free/graced/quarantined — the double-release lineage, surfaced on the authority's own tripwire
[2026-09-06T01:58:28Z ERROR squeezefs::meta_ship::publish] S9: the authority refused 1 shipped free(s) (vol_tag 0xc5e11286df218556, request 4662): already free/graced/quarantined — the double-release lineage, surfaced on the authority's own tripwire
[2026-09-06T01:58:28Z ERROR squeezefs::meta_ship::publish] S9: the authority refused 1 shipped free(s) (vol_tag 0xc5e11286df218556, request 4666): already free/graced/quarantined — the double-release lineage, surfaced on the authority's own tripwire
[2026-09-06T01:58:28Z ERROR squeezefs::meta_ship::publish] S9: the authority refused 1 shipped free(s) (vol_tag 0xc5e11286df218556, request 4669): already free/graced/quarantined — the double-release lineage, surfaced on the authority's own tripwire
[2026-09-06T01:58:28Z ERROR squeezefs::meta_ship::publish] S9: the authority refused 1 shipped free(s) (vol_tag 0xc5e11286df218556, request 4675): already free/graced/quarantined — the double-release lineage, surfaced on the authority's own tripwire
[2026-09-06T01:58:28Z ERROR squeezefs::block_allocator] I/O error: data volume 'nvme4n1' full: 8183 of 8192 blocks allocated — lane 6 of 16 is exhausted while 0 free block(s) belong to lanes this mount does not own (alloc_lane_enospc_refusals; reach them by adopting a lane whose holder is proven dead, or grow the volume set — docs/operations.md §Multi-writer capacity planning)
[2026-09-06T01:58:28Z ERROR squeezefs::meta_ship::publish] S9: the authority refused 1 shipped free(s) (vol_tag 0xc5e11286df218556, request 4686): already free/graced/quarantined — the double-release lineage, surfaced on the authority's own tripwire
[2026-09-06T01:58:29Z ERROR squeezefs::block_allocator] I/O error: data volume 'nvme4n1' full: 8183 of 8192 blocks allocated — lane 6 of 16 is exhausted while 0 free block(s) belong to lanes this mount does not own (alloc_lane_enospc_refusals; reach them by adopting a lane whose holder is proven dead, or grow the volume set — docs/operations.md §Multi-writer capacity planning)
[2026-09-06T01:58:29Z ERROR squeezefs::block_allocator] bounded allocation refusing StorageFull after 1013 ms parked with 0 offset(s) still in grace locally (lane harvest horizon 9774 ms): the pressure deadline never fenced within the wall backstop (1000 ms). The refusal is honest and terminal for this write; investigate the membership plane (finding 29)
[2026-09-06T01:58:29Z ERROR squeezefs::block_allocator] bounded allocation refusing StorageFull after 1013 ms parked with 0 offset(s) still in grace locally (lane harvest horizon 9775 ms): the pressure deadline never fenced within the wall backstop (1000 ms). The refusal is honest and terminal for this write; investigate the membership plane (finding 29)
[2026-09-06T01:58:29Z ERROR squeezefs::block_allocator] bounded allocation refusing StorageFull after 1011 ms parked with 0 offset(s) still in grace locally (lane harvest horizon 9775 ms): the pressure deadline never fenced within the wall backstop (1000 ms). The refusal is honest and terminal for this write; investigate the membership plane (finding 29)
[2026-09-06T01:58:29Z ERROR squeezefs::block_allocator] bounded allocation refusing StorageFull after 1014 ms parked with 0 offset(s) still in grace locally (lane harvest horizon 9776 ms): the pressure deadline never fenced within the wall backstop (1000 ms). The refusal is honest and terminal for this write; investigate the membership plane (finding 29)
[2026-09-06T01:58:29Z ERROR squeezefs::block_allocator] bounded allocation refusing StorageFull after 1011 ms parked with 0 offset(s) still in grace locally (lane harvest horizon 9776 ms): the pressure deadline never fenced within the wall backstop (1000 ms). The refusal is honest and terminal for this write; investigate the membership plane (finding 29)
[2026-09-06T01:58:29Z ERROR squeezefs::block_allocator] bounded allocation refusing StorageFull after 1016 ms parked with 0 offset(s) still in grace locally (lane harvest horizon 9777 ms): the pressure deadline never fenced within the wall backstop (1000 ms). The refusal is honest and terminal for this write; investigate the membership plane (finding 29)
[2026-09-06T01:58:29Z ERROR squeezefs::block_allocator] bounded allocation refusing StorageFull after 1016 ms parked with 0 offset(s) still in grace locally (lane harvest horizon 9777 ms): the pressure deadline never fenced within the wall backstop (1000 ms). The refusal is honest and terminal for this write; investigate the membership plane (finding 29)
[2026-09-06T01:58:29Z ERROR squeezefs::block_allocator] bounded allocation refusing StorageFull after 1017 ms parked with 0 offset(s) still in grace locally (lane harvest horizon 9778 ms): the pressure deadline never fenced within the wall backstop (1000 ms). The refusal is honest and terminal for this write; investigate the membership plane (finding 29)
[2026-09-06T01:58:29Z ERROR squeezefs::block_allocator] bounded allocation refusing StorageFull after 1013 ms parked with 0 offset(s) still in grace locally (lane harvest horizon 9810 ms): the pressure deadline never fenced within the wall backstop (1000 ms). The refusal is honest and terminal for this write; investigate the membership plane (finding 29)
[2026-09-06T01:58:29Z ERROR squeezefs::block_allocator] bounded allocation refusing StorageFull after 1013 ms parked with 0 offset(s) still in grace locally (lane harvest horizon 9809 ms): the pressure deadline never fenced within the wall backstop (1000 ms). The refusal is honest and terminal for this write; investigate the membership plane (finding 29)
[2026-09-06T01:58:29Z ERROR squeezefs::block_allocator] bounded allocation refusing StorageFull after 1008 ms parked with 0 offset(s) still in grace locally (lane harvest horizon 9825 ms): the pressure deadline never fenced within the wall backstop (1000 ms). The refusal is honest and terminal for this write; investigate the membership plane (finding 29)
[2026-09-06T01:58:29Z ERROR squeezefs::block_allocator] bounded allocation refusing StorageFull after 1010 ms parked with 0 offset(s) still in grace locally (lane harvest horizon 9828 ms): the pressure deadline never fenced within the wall backstop (1000 ms). The refusal is honest and terminal for this write; investigate the membership plane (finding 29)
[2026-09-06T01:58:29Z ERROR squeezefs::block_allocator] bounded allocation refusing StorageFull after 1012 ms parked with 0 offset(s) still in grace locally (lane harvest horizon 9866 ms): the pressure deadline never fenced within the wall backstop (1000 ms). The refusal is honest and terminal for this write; investigate the membership plane (finding 29)
[2026-09-06T01:58:29Z WARN  squeezefs::block_allocator] co-writer: abandoning never-published block offset(s) leak-safe (volume 'nvme4n1', first offset 30626807808): the publish that would have named them failed or refused, and a co-writer may not mutate ownership accounting — the next derivation (mount recovery / fsck C6) returns them to the free supply (cowriter_unpublished_abandons; further offsets at debug level)
[2026-09-06T01:58:29Z ERROR squeezefs::block_allocator] bounded allocation refusing StorageFull after 1014 ms parked with 0 offset(s) still in grace locally (lane harvest horizon 9877 ms): the pressure deadline never fenced within the wall backstop (1000 ms). The refusal is honest and terminal for this write; investigate the membership plane (finding 29)
[2026-09-06T01:58:29Z ERROR squeezefs::block_allocator] bounded allocation refusing StorageFull after 1015 ms parked with 0 offset(s) still in grace locally (lane harvest horizon 9926 ms): the pressure deadline never fenced within the wall backstop (1000 ms). The refusal is honest and terminal for this write; investigate the membership plane (finding 29)
[2026-09-06T01:58:29Z ERROR squeezefs::block_allocator] bounded allocation refusing StorageFull after 1013 ms parked with 0 offset(s) still in grace locally (lane harvest horizon 9927 ms): the pressure deadline never fenced within the wall backstop (1000 ms). The refusal is honest and terminal for this write; investigate the membership plane (finding 29)
[2026-09-06T01:58:29Z ERROR squeezefs::block_allocator] bounded allocation refusing StorageFull after 1014 ms parked with 0 offset(s) still in grace locally (lane harvest horizon 9927 ms): the pressure deadline never fenced within the wall backstop (1000 ms). The refusal is honest and terminal for this write; investigate the membership plane (finding 29)
[2026-09-06T01:58:29Z ERROR squeezefs::block_allocator] bounded allocation refusing StorageFull after 1014 ms parked with 0 offset(s) still in grace locally (lane harvest horizon 9927 ms): the pressure deadline never fenced within the wall backstop (1000 ms). The refusal is honest and terminal for this write; investigate the membership plane (finding 29)
[2026-09-06T01:58:29Z ERROR squeezefs::block_allocator] bounded allocation refusing StorageFull after 1015 ms parked with 0 offset(s) still in grace locally (lane harvest horizon 9929 ms): the pressure deadline never fenced within the wall backstop (1000 ms). The refusal is honest and terminal for this write; investigate the membership plane (finding 29)
[2026-09-06T01:58:29Z ERROR squeezefs::block_allocator] bounded allocation refusing StorageFull after 1014 ms parked with 0 offset(s) still in grace locally (lane harvest horizon 9929 ms): the pressure deadline never fenced within the wall backstop (1000 ms). The refusal is honest and terminal for this write; investigate the membership plane (finding 29)
[2026-09-06T01:58:29Z ERROR squeezefs::block_allocator] bounded allocation refusing StorageFull after 1014 ms parked with 0 offset(s) still in grace locally (lane harvest horizon 9929 ms): the pressure deadline never fenced within the wall backstop (1000 ms). The refusal is honest and terminal for this write; investigate the membership plane (finding 29)
[2026-09-06T01:58:29Z ERROR squeezefs::block_allocator] bounded allocation refusing StorageFull after 1017 ms parked with 0 offset(s) still in grace locally (lane harvest horizon 9929 ms): the pressure deadline never fenced within the wall backstop (1000 ms). The refusal is honest and terminal for this write; investigate the membership plane (finding 29)
[2026-09-06T01:58:29Z ERROR squeezefs::block_allocator] bounded allocation refusing StorageFull after 1017 ms parked with 0 offset(s) still in grace locally (lane harvest horizon 9931 ms): the pressure deadline never fenced within the wall backstop (1000 ms). The refusal is honest and terminal for this write; investigate the membership plane (finding 29)
[2026-09-06T01:58:29Z ERROR squeezefs::block_allocator] bounded allocation refusing StorageFull after 1016 ms parked with 0 offset(s) still in grace locally (lane harvest horizon 9931 ms): the pressure deadline never fenced within the wall backstop (1000 ms). The refusal is honest and terminal for this write; investigate the membership plane (finding 29)
[2026-09-06T01:58:29Z ERROR squeezefs::block_allocator] bounded allocation refusing StorageFull after 1017 ms parked with 0 offset(s) still in grace locally (lane harvest horizon 9931 ms): the pressure deadline never fenced within the wall backstop (1000 ms). The refusal is honest and terminal for this write; investigate the membership plane (finding 29)
[2026-09-06T01:58:29Z ERROR squeezefs::block_allocator] bounded allocation refusing StorageFull after 1022 ms parked with 0 offset(s) still in grace locally (lane harvest horizon 9934 ms): the pressure deadline never fenced within the wall backstop (1000 ms). The refusal is honest and terminal for this write; investigate the membership plane (finding 29)
[2026-09-06T01:58:29Z ERROR squeezefs::block_allocator] bounded allocation refusing StorageFull after 1009 ms parked with 0 offset(s) still in grace locally (lane harvest horizon 9943 ms): the pressure deadline never fenced within the wall backstop (1000 ms). The refusal is honest and terminal for this write; investigate the membership plane (finding 29)
[2026-09-06T01:58:29Z ERROR squeezefs::block_allocator] bounded allocation refusing StorageFull after 1011 ms parked with 0 offset(s) still in grace locally (lane harvest horizon 9944 ms): the pressure deadline never fenced within the wall backstop (1000 ms). The refusal is honest and terminal for this write; investigate the membership plane (finding 29)
[2026-09-06T01:58:30Z ERROR squeezefs::block_allocator] I/O error: data volume 'nvme4n1' full: 8183 of 8192 blocks allocated — lane 6 of 16 is exhausted while 0 free block(s) belong to lanes this mount does not own (alloc_lane_enospc_refusals; reach them by adopting a lane whose holder is proven dead, or grow the volume set — docs/operations.md §Multi-writer capacity planning)
[2026-09-06T01:58:30Z ERROR squeezefs::block_allocator] bounded allocation refusing StorageFull after 1010 ms parked with 0 offset(s) still in grace locally (lane harvest horizon 10791 ms): the pressure deadline never fenced within the wall backstop (1000 ms). The refusal is honest and terminal for this write; investigate the membership plane (finding 29)
[2026-09-06T01:58:30Z ERROR squeezefs::block_allocator] bounded allocation refusing StorageFull after 1011 ms parked with 0 offset(s) still in grace locally (lane harvest horizon 10793 ms): the pressure deadline never fenced within the wall backstop (1000 ms). The refusal is honest and terminal for this write; investigate the membership plane (finding 29)
[2026-09-06T01:58:30Z ERROR squeezefs::block_allocator] bounded allocation refusing StorageFull after 1012 ms parked with 0 offset(s) still in grace locally (lane harvest horizon 10793 ms): the pressure deadline never fenced within the wall backstop (1000 ms). The refusal is honest and terminal for this write; investigate the membership plane (finding 29)
[2026-09-06T01:58:30Z ERROR squeezefs::block_allocator] bounded allocation refusing StorageFull after 1008 ms parked with 0 offset(s) still in grace locally (lane harvest horizon 10799 ms): the pressure deadline never fenced within the wall backstop (1000 ms). The refusal is honest and terminal for this write; investigate the membership plane (finding 29)
[2026-09-06T01:58:30Z ERROR squeezefs::block_allocator] bounded allocation refusing StorageFull after 1012 ms parked with 0 offset(s) still in grace locally (lane harvest horizon 10800 ms): the pressure deadline never fenced within the wall backstop (1000 ms). The refusal is honest and terminal for this write; investigate the membership plane (finding 29)
[2026-09-06T01:58:30Z ERROR squeezefs::block_allocator] bounded allocation refusing StorageFull after 1009 ms parked with 0 offset(s) still in grace locally (lane harvest horizon 10800 ms): the pressure deadline never fenced within the wall backstop (1000 ms). The refusal is honest and terminal for this write; investigate the membership plane (finding 29)
[2026-09-06T01:58:30Z ERROR squeezefs::block_allocator] bounded allocation refusing StorageFull after 1013 ms parked with 0 offset(s) still in grace locally (lane harvest horizon 10800 ms): the pressure deadline never fenced within the wall backstop (1000 ms). The refusal is honest and terminal for this write; investigate the membership plane (finding 29)
[2026-09-06T01:58:30Z ERROR squeezefs::block_allocator] bounded allocation refusing StorageFull after 1011 ms parked with 0 offset(s) still in grace locally (lane harvest horizon 10801 ms): the pressure deadline never fenced within the wall backstop (1000 ms). The refusal is honest and terminal for this write; investigate the membership plane (finding 29)
[2026-09-06T01:58:30Z ERROR squeezefs::block_allocator] bounded allocation refusing StorageFull after 1013 ms parked with 0 offset(s) still in grace locally (lane harvest horizon 10830 ms): the pressure deadline never fenced within the wall backstop (1000 ms). The refusal is honest and terminal for this write; investigate the membership plane (finding 29)
[2026-09-06T01:58:30Z ERROR squeezefs::block_allocator] bounded allocation refusing StorageFull after 1012 ms parked with 0 offset(s) still in grace locally (lane harvest horizon 10830 ms): the pressure deadline never fenced within the wall backstop (1000 ms). The refusal is honest and terminal for this write; investigate the membership plane (finding 29)
[2026-09-06T01:58:30Z ERROR squeezefs::block_allocator] bounded allocation refusing StorageFull after 1009 ms parked with 0 offset(s) still in grace locally (lane harvest horizon 10842 ms): the pressure deadline never fenced within the wall backstop (1000 ms). The refusal is honest and terminal for this write; investigate the membership plane (finding 29)
[2026-09-06T01:58:30Z ERROR squeezefs::block_allocator] bounded allocation refusing StorageFull after 1012 ms parked with 0 offset(s) still in grace locally (lane harvest horizon 10843 ms): the pressure deadline never fenced within the wall backstop (1000 ms). The refusal is honest and terminal for this write; investigate the membership plane (finding 29)
[2026-09-06T01:58:30Z ERROR squeezefs::block_allocator] bounded allocation refusing StorageFull after 1010 ms parked with 0 offset(s) still in grace locally (lane harvest horizon 10879 ms): the pressure deadline never fenced within the wall backstop (1000 ms). The refusal is honest and terminal for this write; investigate the membership plane (finding 29)
[2026-09-06T01:58:30Z ERROR squeezefs::block_allocator] bounded allocation refusing StorageFull after 1012 ms parked with 0 offset(s) still in grace locally (lane harvest horizon 10893 ms): the pressure deadline never fenced within the wall backstop (1000 ms). The refusal is honest and terminal for this write; investigate the membership plane (finding 29)
[2026-09-06T01:58:30Z ERROR squeezefs::block_allocator] bounded allocation refusing StorageFull after 1010 ms parked with 0 offset(s) still in grace locally (lane harvest horizon 10941 ms): the pressure deadline never fenced within the wall backstop (1000 ms). The refusal is honest and terminal for this write; investigate the membership plane (finding 29)
[2026-09-06T01:58:30Z ERROR squeezefs::block_allocator] bounded allocation refusing StorageFull after 1010 ms parked with 0 offset(s) still in grace locally (lane harvest horizon 10945 ms): the pressure deadline never fenced within the wall backstop (1000 ms). The refusal is honest and terminal for this write; investigate the membership plane (finding 29)
[2026-09-06T01:58:30Z ERROR squeezefs::block_allocator] bounded allocation refusing StorageFull after 1011 ms parked with 0 offset(s) still in grace locally (lane harvest horizon 10945 ms): the pressure deadline never fenced within the wall backstop (1000 ms). The refusal is honest and terminal for this write; investigate the membership plane (finding 29)
[2026-09-06T01:58:30Z ERROR squeezefs::block_allocator] bounded allocation refusing StorageFull after 1010 ms parked with 0 offset(s) still in grace locally (lane harvest horizon 10945 ms): the pressure deadline never fenced within the wall backstop (1000 ms). The refusal is honest and terminal for this write; investigate the membership plane (finding 29)
[2026-09-06T01:58:30Z ERROR squeezefs::block_allocator] bounded allocation refusing StorageFull after 1009 ms parked with 0 offset(s) still in grace locally (lane harvest horizon 10949 ms): the pressure deadline never fenced within the wall backstop (1000 ms). The refusal is honest and terminal for this write; investigate the membership plane (finding 29)
[2026-09-06T01:58:30Z ERROR squeezefs::block_allocator] bounded allocation refusing StorageFull after 1010 ms parked with 0 offset(s) still in grace locally (lane harvest horizon 10952 ms): the pressure deadline never fenced within the wall backstop (1000 ms). The refusal is honest and terminal for this write; investigate the membership plane (finding 29)
[2026-09-06T01:58:30Z ERROR squeezefs::block_allocator] bounded allocation refusing StorageFull after 1015 ms parked with 0 offset(s) still in grace locally (lane harvest horizon 10953 ms): the pressure deadline never fenced within the wall backstop (1000 ms). The refusal is honest and terminal for this write; investigate the membership plane (finding 29)
[2026-09-06T01:58:31Z ERROR fuse3::raw::connection::fuse_over_uring] transport payload lease held 1420 ms (≥ 1 s) — overlong handler invocation or a §5.4 severance escape; watch transport_lease_overlong / transport_parked_commits
[2026-09-06T01:58:31Z ERROR fuse3::raw::connection::fuse_over_uring] transport payload lease held 1415 ms (≥ 1 s) — overlong handler invocation or a §5.4 severance escape; watch transport_lease_overlong / transport_parked_commits
[2026-09-06T01:58:31Z ERROR fuse3::raw::connection::fuse_over_uring] transport payload lease held 1414 ms (≥ 1 s) — overlong handler invocation or a §5.4 severance escape; watch transport_lease_overlong / transport_parked_commits
[2026-09-06T01:58:31Z ERROR fuse3::raw::connection::fuse_over_uring] transport payload lease held 1423 ms (≥ 1 s) — overlong handler invocation or a §5.4 severance escape; watch transport_lease_overlong / transport_parked_commits
[2026-09-06T01:58:31Z ERROR fuse3::raw::connection::fuse_over_uring] transport payload lease held 1419 ms (≥ 1 s) — overlong handler invocation or a §5.4 severance escape; watch transport_lease_overlong / transport_parked_commits
[2026-09-06T01:58:31Z ERROR fuse3::raw::connection::fuse_over_uring] transport payload lease held 1418 ms (≥ 1 s) — overlong handler invocation or a §5.4 severance escape; watch transport_lease_overlong / transport_parked_commits
[2026-09-06T01:58:31Z ERROR fuse3::raw::connection::fuse_over_uring] transport payload lease held 1419 ms (≥ 1 s) — overlong handler invocation or a §5.4 severance escape; watch transport_lease_overlong / transport_parked_commits
[2026-09-06T01:58:31Z ERROR fuse3::raw::connection::fuse_over_uring] transport payload lease held 1437 ms (≥ 1 s) — overlong handler invocation or a §5.4 severance escape; watch transport_lease_overlong / transport_parked_commits
[2026-09-06T01:58:31Z ERROR fuse3::raw::connection::fuse_over_uring] transport payload lease held 1449 ms (≥ 1 s) — overlong handler invocation or a §5.4 severance escape; watch transport_lease_overlong / transport_parked_commits
[2026-09-06T01:58:31Z ERROR fuse3::raw::connection::fuse_over_uring] transport payload lease held 1442 ms (≥ 1 s) — overlong handler invocation or a §5.4 severance escape; watch transport_lease_overlong / transport_parked_commits
[2026-09-06T01:58:31Z ERROR fuse3::raw::connection::fuse_over_uring] transport payload lease held 1449 ms (≥ 1 s) — overlong handler invocation or a §5.4 severance escape; watch transport_lease_overlong / transport_parked_commits
[2026-09-06T01:58:31Z ERROR fuse3::raw::connection::fuse_over_uring] transport payload lease held 1448 ms (≥ 1 s) — overlong handler invocation or a §5.4 severance escape; watch transport_lease_overlong / transport_parked_commits
[2026-09-06T01:58:31Z ERROR squeezefs::block_allocator] I/O error: data volume 'nvme4n1' full: 8183 of 8192 blocks allocated — lane 6 of 16 is exhausted while 0 free block(s) belong to lanes this mount does not own (alloc_lane_enospc_refusals; reach them by adopting a lane whose holder is proven dead, or grow the volume set — docs/operations.md §Multi-writer capacity planning)
[2026-09-06T01:58:32Z ERROR squeezefs::meta_ship::publish] S9: the authority refused 1 shipped free(s) (vol_tag 0xad7b1d37b0829b08, request 5864): already free/graced/quarantined — the double-release lineage, surfaced on the authority's own tripwire
[2026-09-06T01:58:32Z ERROR squeezefs::meta_ship::publish] S9: the authority refused 1 shipped free(s) (vol_tag 0xc5e11286df218556, request 5871): already free/graced/quarantined — the double-release lineage, surfaced on the authority's own tripwire
[2026-09-06T01:58:32Z ERROR squeezefs::meta_ship::publish] S9: the authority refused 1 shipped free(s) (vol_tag 0xc5e11286df218556, request 5877): already free/graced/quarantined — the double-release lineage, surfaced on the authority's own tripwire
[2026-09-06T01:58:32Z ERROR squeezefs::meta_ship::publish] S9: the authority refused 1 shipped free(s) (vol_tag 0xc5e11286df218556, request 5882): already free/graced/quarantined — the double-release lineage, surfaced on the authority's own tripwire
[2026-09-06T01:59:07Z ERROR squeezefs::meta_ship::publish] S9: the authority refused 1 shipped free(s) (vol_tag 0xc5e11286df218556, request 5887): already free/graced/quarantined — the double-release lineage, surfaced on the authority's own tripwire
[2026-09-06T01:59:12Z ERROR squeezefs::meta_ship::publish] S9: the authority refused 1 shipped free(s) (vol_tag 0xad7b1d37b0829b08, request 5896): already free/graced/quarantined — the double-release lineage, surfaced on the authority's own tripwire
[2026-09-06T01:59:12Z ERROR squeezefs::meta_ship::publish] S9: the authority refused 1 shipped free(s) (vol_tag 0xad7b1d37b0829b08, request 5899): already free/graced/quarantined — the double-release lineage, surfaced on the authority's own tripwire
[2026-09-06T01:59:12Z ERROR squeezefs::meta_ship::publish] S9: the authority refused 1 shipped free(s) (vol_tag 0xad7b1d37b0829b08, request 5904): already free/graced/quarantined — the double-release lineage, surfaced on the authority's own tripwire
[2026-09-06T01:59:12Z ERROR squeezefs::meta_ship::publish] S9: the authority refused 1 shipped free(s) (vol_tag 0xad7b1d37b0829b08, request 5907): already free/graced/quarantined — the double-release lineage, surfaced on the authority's own tripwire
[2026-09-06T01:59:12Z ERROR squeezefs::meta_ship::publish] S9: the authority refused 1 shipped free(s) (vol_tag 0xad7b1d37b0829b08, request 5911): already free/graced/quarantined — the double-release lineage, surfaced on the authority's own tripwire
[2026-09-06T01:59:12Z ERROR squeezefs::meta_ship::publish] S9: the authority refused 1 shipped free(s) (vol_tag 0xad7b1d37b0829b08, request 5915): already free/graced/quarantined — the double-release lineage, surfaced on the authority's own tripwire
[2026-09-06T01:59:12Z ERROR squeezefs::meta_ship::publish] S9: the authority refused 1 shipped free(s) (vol_tag 0xad7b1d37b0829b08, request 5919): already free/graced/quarantined — the double-release lineage, surfaced on the authority's own tripwire
[2026-09-06T01:59:12Z ERROR squeezefs::meta_ship::publish] S9: the authority refused 1 shipped free(s) (vol_tag 0xad7b1d37b0829b08, request 5923): already free/graced/quarantined — the double-release lineage, surfaced on the authority's own tripwire
[2026-09-06T01:59:12Z ERROR squeezefs::meta_ship::publish] S9: the authority refused 1 shipped free(s) (vol_tag 0xad7b1d37b0829b08, request 5927): already free/graced/quarantined — the double-release lineage, surfaced on the authority's own tripwire
[2026-09-06T01:59:12Z ERROR squeezefs::meta_ship::publish] S9: the authority refused 1 shipped free(s) (vol_tag 0xad7b1d37b0829b08, request 5931): already free/graced/quarantined — the double-release lineage, surfaced on the authority's own tripwire
[2026-09-06T01:59:12Z ERROR squeezefs::meta_ship::publish] S9: the authority refused 1 shipped free(s) (vol_tag 0xad7b1d37b0829b08, request 5937): already free/graced/quarantined — the double-release lineage, surfaced on the authority's own tripwire
[2026-09-06T01:59:12Z ERROR squeezefs::meta_ship::publish] S9: the authority refused 1 shipped free(s) (vol_tag 0xad7b1d37b0829b08, request 5941): already free/graced/quarantined — the double-release lineage, surfaced on the authority's own tripwire
[2026-09-06T01:59:12Z ERROR squeezefs::meta_ship::publish] S9: the authority refused 1 shipped free(s) (vol_tag 0xad7b1d37b0829b08, request 5946): already free/graced/quarantined — the double-release lineage, surfaced on the authority's own tripwire
[2026-09-06T01:59:12Z ERROR squeezefs::meta_ship::publish] S9: the authority refused 1 shipped free(s) (vol_tag 0xad7b1d37b0829b08, request 5950): already free/graced/quarantined — the double-release lineage, surfaced on the authority's own tripwire
[2026-09-06T01:59:12Z ERROR squeezefs::meta_ship::publish] S9: the authority refused 1 shipped free(s) (vol_tag 0xad7b1d37b0829b08, request 5953): already free/graced/quarantined — the double-release lineage, surfaced on the authority's own tripwire
[2026-09-06T01:59:12Z ERROR squeezefs::meta_ship::publish] S9: the authority refused 1 shipped free(s) (vol_tag 0xad7b1d37b0829b08, request 5957): already free/graced/quarantined — the double-release lineage, surfaced on the authority's own tripwire
[2026-09-06T01:59:12Z ERROR squeezefs::meta_ship::publish] S9: the authority refused 1 shipped free(s) (vol_tag 0xad7b1d37b0829b08, request 5961): already free/graced/quarantined — the double-release lineage, surfaced on the authority's own tripwire
[2026-09-06T01:59:12Z ERROR squeezefs::meta_ship::publish] S9: the authority refused 1 shipped free(s) (vol_tag 0xad7b1d37b0829b08, request 5966): already free/graced/quarantined — the double-release lineage, surfaced on the authority's own tripwire
[2026-09-06T01:59:13Z ERROR squeezefs::meta_ship::publish] S9: the authority refused 1 shipped free(s) (vol_tag 0xad7b1d37b0829b08, request 5969): already free/graced/quarantined — the double-release lineage, surfaced on the authority's own tripwire
[2026-09-06T01:59:13Z ERROR squeezefs::meta_ship::publish] S9: the authority refused 1 shipped free(s) (vol_tag 0xad7b1d37b0829b08, request 5974): already free/graced/quarantined — the double-release lineage, surfaced on the authority's own tripwire
[2026-09-06T01:59:13Z ERROR squeezefs::meta_ship::publish] S9: the authority refused 1 shipped free(s) (vol_tag 0xad7b1d37b0829b08, request 5981): already free/graced/quarantined — the double-release lineage, surfaced on the authority's own tripwire
[2026-09-06T01:59:54Z ERROR squeezefs::fuse_client] Squeezefs operational error: Refused { errno: 5, msg: "Lock expired or invalid fencing token: 3298534892690 (expected >= 3298534892769)" }
[2026-09-06T01:59:54Z ERROR fuse3::raw::connection::fuse_over_uring] transport payload lease held 1041 ms (≥ 1 s) — overlong handler invocation or a §5.4 severance escape; watch transport_lease_overlong / transport_parked_commits
[2026-09-06T01:59:54Z ERROR squeezefs::fuse_client] Squeezefs operational error: Refused { errno: 5, msg: "Lock expired or invalid fencing token: 3298534892728 (expected >= 3298534892769)" }
[2026-09-06T01:59:55Z ERROR squeezefs::block_allocator] I/O error: data volume 'nvme3n1' full: 8183 of 8192 blocks allocated — lane 6 of 16 is exhausted while 0 free block(s) belong to lanes this mount does not own (alloc_lane_enospc_refusals; reach them by adopting a lane whose holder is proven dead, or grow the volume set — docs/operations.md §Multi-writer capacity planning)
[2026-09-06T01:59:56Z ERROR squeezefs::block_allocator] I/O error: data volume 'nvme3n1' full: 8183 of 8192 blocks allocated — lane 6 of 16 is exhausted while 0 free block(s) belong to lanes this mount does not own (alloc_lane_enospc_refusals; reach them by adopting a lane whose holder is proven dead, or grow the volume set — docs/operations.md §Multi-writer capacity planning)
[2026-09-06T01:59:56Z ERROR squeezefs::block_allocator] bounded allocation refusing StorageFull after 1045 ms parked with 0 offset(s) still in grace locally (lane harvest horizon 21145 ms): the pressure deadline never fenced within the wall backstop (1000 ms). The refusal is honest and terminal for this write; investigate the membership plane (finding 29)
[2026-09-06T01:59:56Z ERROR squeezefs::block_allocator] bounded allocation refusing StorageFull after 1031 ms parked with 0 offset(s) still in grace locally (lane harvest horizon 21157 ms): the pressure deadline never fenced within the wall backstop (1000 ms). The refusal is honest and terminal for this write; investigate the membership plane (finding 29)
[2026-09-06T01:59:56Z ERROR squeezefs::block_allocator] bounded allocation refusing StorageFull after 1029 ms parked with 0 offset(s) still in grace locally (lane harvest horizon 21157 ms): the pressure deadline never fenced within the wall backstop (1000 ms). The refusal is honest and terminal for this write; investigate the membership plane (finding 29)
[2026-09-06T01:59:56Z ERROR squeezefs::block_allocator] bounded allocation refusing StorageFull after 1029 ms parked with 0 offset(s) still in grace locally (lane harvest horizon 21152 ms): the pressure deadline never fenced within the wall backstop (1000 ms). The refusal is honest and terminal for this write; investigate the membership plane (finding 29)
[2026-09-06T01:59:56Z ERROR fuse3::raw::connection::fuse_over_uring] transport payload lease held 1041 ms (≥ 1 s) — overlong handler invocation or a §5.4 severance escape; watch transport_lease_overlong / transport_parked_commits
[2026-09-06T01:59:56Z ERROR fuse3::raw::connection::fuse_over_uring] transport payload lease held 1041 ms (≥ 1 s) — overlong handler invocation or a §5.4 severance escape; watch transport_lease_overlong / transport_parked_commits
[2026-09-06T01:59:56Z ERROR fuse3::raw::connection::fuse_over_uring] transport payload lease held 1041 ms (≥ 1 s) — overlong handler invocation or a §5.4 severance escape; watch transport_lease_overlong / transport_parked_commits
[2026-09-06T01:59:56Z ERROR fuse3::raw::connection::fuse_over_uring] transport payload lease held 1040 ms (≥ 1 s) — overlong handler invocation or a §5.4 severance escape; watch transport_lease_overlong / transport_parked_commits
[2026-09-06T01:59:56Z ERROR squeezefs::block_allocator] bounded allocation refusing StorageFull after 1039 ms parked with 0 offset(s) still in grace locally (lane harvest horizon 21160 ms): the pressure deadline never fenced within the wall backstop (1000 ms). The refusal is honest and terminal for this write; investigate the membership plane (finding 29)
[2026-09-06T01:59:56Z ERROR squeezefs::block_allocator] bounded allocation refusing StorageFull after 1027 ms parked with 0 offset(s) still in grace locally (lane harvest horizon 21168 ms): the pressure deadline never fenced within the wall backstop (1000 ms). The refusal is honest and terminal for this write; investigate the membership plane (finding 29)
[2026-09-06T01:59:56Z ERROR squeezefs::block_allocator] bounded allocation refusing StorageFull after 1053 ms parked with 0 offset(s) still in grace locally (lane harvest horizon 21186 ms): the pressure deadline never fenced within the wall backstop (1000 ms). The refusal is honest and terminal for this write; investigate the membership plane (finding 29)
[2026-09-06T01:59:56Z ERROR squeezefs::block_allocator] bounded allocation refusing StorageFull after 1021 ms parked with 0 offset(s) still in grace locally (lane harvest horizon 21187 ms): the pressure deadline never fenced within the wall backstop (1000 ms). The refusal is honest and terminal for this write; investigate the membership plane (finding 29)
[2026-09-06T01:59:56Z ERROR squeezefs::block_allocator] bounded allocation refusing StorageFull after 1044 ms parked with 0 offset(s) still in grace locally (lane harvest horizon 21187 ms): the pressure deadline never fenced within the wall backstop (1000 ms). The refusal is honest and terminal for this write; investigate the membership plane (finding 29)
[2026-09-06T01:59:56Z ERROR fuse3::raw::connection::fuse_over_uring] transport payload lease held 1058 ms (≥ 1 s) — overlong handler invocation or a §5.4 severance escape; watch transport_lease_overlong / transport_parked_commits
[2026-09-06T01:59:56Z ERROR squeezefs::block_allocator] bounded allocation refusing StorageFull after 1043 ms parked with 0 offset(s) still in grace locally (lane harvest horizon 21192 ms): the pressure deadline never fenced within the wall backstop (1000 ms). The refusal is honest and terminal for this write; investigate the membership plane (finding 29)
[2026-09-06T01:59:56Z ERROR fuse3::raw::connection::fuse_over_uring] transport payload lease held 1058 ms (≥ 1 s) — overlong handler invocation or a §5.4 severance escape; watch transport_lease_overlong / transport_parked_commits
[2026-09-06T01:59:56Z ERROR fuse3::raw::connection::fuse_over_uring] transport payload lease held 1059 ms (≥ 1 s) — overlong handler invocation or a §5.4 severance escape; watch transport_lease_overlong / transport_parked_commits
[2026-09-06T01:59:56Z ERROR fuse3::raw::connection::fuse_over_uring] transport payload lease held 1064 ms (≥ 1 s) — overlong handler invocation or a §5.4 severance escape; watch transport_lease_overlong / transport_parked_commits
[2026-09-06T01:59:56Z ERROR fuse3::raw::connection::fuse_over_uring] transport payload lease held 1075 ms (≥ 1 s) — overlong handler invocation or a §5.4 severance escape; watch transport_lease_overlong / transport_parked_commits
[2026-09-06T01:59:56Z ERROR fuse3::raw::connection::fuse_over_uring] transport payload lease held 1060 ms (≥ 1 s) — overlong handler invocation or a §5.4 severance escape; watch transport_lease_overlong / transport_parked_commits
[2026-09-06T01:59:56Z ERROR squeezefs::block_allocator] bounded allocation refusing StorageFull after 1005 ms parked with 0 offset(s) still in grace locally (lane harvest horizon 21189 ms): the pressure deadline never fenced within the wall backstop (1000 ms). The refusal is honest and terminal for this write; investigate the membership plane (finding 29)
[2026-09-06T01:59:56Z ERROR squeezefs::block_allocator] bounded allocation refusing StorageFull after 1023 ms parked with 0 offset(s) still in grace locally (lane harvest horizon 21191 ms): the pressure deadline never fenced within the wall backstop (1000 ms). The refusal is honest and terminal for this write; investigate the membership plane (finding 29)
[2026-09-06T01:59:56Z ERROR fuse3::raw::connection::fuse_over_uring] transport payload lease held 1066 ms (≥ 1 s) — overlong handler invocation or a §5.4 severance escape; watch transport_lease_overlong / transport_parked_commits
[2026-09-06T01:59:56Z ERROR squeezefs::block_allocator] bounded allocation refusing StorageFull after 1030 ms parked with 0 offset(s) still in grace locally (lane harvest horizon 21200 ms): the pressure deadline never fenced within the wall backstop (1000 ms). The refusal is honest and terminal for this write; investigate the membership plane (finding 29)
[2026-09-06T01:59:56Z ERROR squeezefs::block_allocator] bounded allocation refusing StorageFull after 1005 ms parked with 0 offset(s) still in grace locally (lane harvest horizon 21200 ms): the pressure deadline never fenced within the wall backstop (1000 ms). The refusal is honest and terminal for this write; investigate the membership plane (finding 29)
[2026-09-06T01:59:56Z ERROR squeezefs::block_allocator] bounded allocation refusing StorageFull after 1020 ms parked with 0 offset(s) still in grace locally (lane harvest horizon 21207 ms): the pressure deadline never fenced within the wall backstop (1000 ms). The refusal is honest and terminal for this write; investigate the membership plane (finding 29)
[2026-09-06T01:59:56Z ERROR squeezefs::block_allocator] bounded allocation refusing StorageFull after 1026 ms parked with 0 offset(s) still in grace locally (lane harvest horizon 21207 ms): the pressure deadline never fenced within the wall backstop (1000 ms). The refusal is honest and terminal for this write; investigate the membership plane (finding 29)
[2026-09-06T01:59:56Z ERROR squeezefs::block_allocator] bounded allocation refusing StorageFull after 1046 ms parked with 0 offset(s) still in grace locally (lane harvest horizon 21210 ms): the pressure deadline never fenced within the wall backstop (1000 ms). The refusal is honest and terminal for this write; investigate the membership plane (finding 29)
[2026-09-06T01:59:56Z ERROR squeezefs::block_allocator] bounded allocation refusing StorageFull after 1040 ms parked with 0 offset(s) still in grace locally (lane harvest horizon 21209 ms): the pressure deadline never fenced within the wall backstop (1000 ms). The refusal is honest and terminal for this write; investigate the membership plane (finding 29)
[2026-09-06T01:59:56Z ERROR squeezefs::block_allocator] bounded allocation refusing StorageFull after 1029 ms parked with 0 offset(s) still in grace locally (lane harvest horizon 21212 ms): the pressure deadline never fenced within the wall backstop (1000 ms). The refusal is honest and terminal for this write; investigate the membership plane (finding 29)
[2026-09-06T01:59:56Z ERROR squeezefs::block_allocator] bounded allocation refusing StorageFull after 1039 ms parked with 0 offset(s) still in grace locally (lane harvest horizon 21209 ms): the pressure deadline never fenced within the wall backstop (1000 ms). The refusal is honest and terminal for this write; investigate the membership plane (finding 29)
[2026-09-06T01:59:56Z ERROR fuse3::raw::connection::fuse_over_uring] transport payload lease held 1089 ms (≥ 1 s) — overlong handler invocation or a §5.4 severance escape; watch transport_lease_overlong / transport_parked_commits
[2026-09-06T01:59:56Z ERROR squeezefs::block_allocator] bounded allocation refusing StorageFull after 1046 ms parked with 0 offset(s) still in grace locally (lane harvest horizon 21214 ms): the pressure deadline never fenced within the wall backstop (1000 ms). The refusal is honest and terminal for this write; investigate the membership plane (finding 29)
[2026-09-06T01:59:56Z ERROR squeezefs::block_allocator] bounded allocation refusing StorageFull after 1045 ms parked with 0 offset(s) still in grace locally (lane harvest horizon 21217 ms): the pressure deadline never fenced within the wall backstop (1000 ms). The refusal is honest and terminal for this write; investigate the membership plane (finding 29)
[2026-09-06T01:59:56Z ERROR squeezefs::block_allocator] bounded allocation refusing StorageFull after 1047 ms parked with 0 offset(s) still in grace locally (lane harvest horizon 21214 ms): the pressure deadline never fenced within the wall backstop (1000 ms). The refusal is honest and terminal for this write; investigate the membership plane (finding 29)
[2026-09-06T01:59:56Z ERROR fuse3::raw::connection::fuse_over_uring] transport payload lease held 1092 ms (≥ 1 s) — overlong handler invocation or a §5.4 severance escape; watch transport_lease_overlong / transport_parked_commits
[2026-09-06T01:59:56Z ERROR fuse3::raw::connection::fuse_over_uring] transport payload lease held 1092 ms (≥ 1 s) — overlong handler invocation or a §5.4 severance escape; watch transport_lease_overlong / transport_parked_commits
[2026-09-06T01:59:56Z ERROR fuse3::raw::connection::fuse_over_uring] transport payload lease held 1088 ms (≥ 1 s) — overlong handler invocation or a §5.4 severance escape; watch transport_lease_overlong / transport_parked_commits
[2026-09-06T01:59:56Z ERROR fuse3::raw::connection::fuse_over_uring] transport payload lease held 1089 ms (≥ 1 s) — overlong handler invocation or a §5.4 severance escape; watch transport_lease_overlong / transport_parked_commits
[2026-09-06T01:59:56Z ERROR fuse3::raw::connection::fuse_over_uring] transport payload lease held 1094 ms (≥ 1 s) — overlong handler invocation or a §5.4 severance escape; watch transport_lease_overlong / transport_parked_commits
[2026-09-06T01:59:56Z ERROR fuse3::raw::connection::fuse_over_uring] transport payload lease held 1096 ms (≥ 1 s) — overlong handler invocation or a §5.4 severance escape; watch transport_lease_overlong / transport_parked_commits
[2026-09-06T01:59:56Z ERROR fuse3::raw::connection::fuse_over_uring] transport payload lease held 1098 ms (≥ 1 s) — overlong handler invocation or a §5.4 severance escape; watch transport_lease_overlong / transport_parked_commits
[2026-09-06T01:59:56Z ERROR fuse3::raw::connection::fuse_over_uring] transport payload lease held 1092 ms (≥ 1 s) — overlong handler invocation or a §5.4 severance escape; watch transport_lease_overlong / transport_parked_commits
[2026-09-06T01:59:56Z ERROR fuse3::raw::connection::fuse_over_uring] transport payload lease held 1111 ms (≥ 1 s) — overlong handler invocation or a §5.4 severance escape; watch transport_lease_overlong / transport_parked_commits
[2026-09-06T01:59:56Z ERROR fuse3::raw::connection::fuse_over_uring] transport payload lease held 1122 ms (≥ 1 s) — overlong handler invocation or a §5.4 severance escape; watch transport_lease_overlong / transport_parked_commits
[2026-09-06T01:59:56Z ERROR fuse3::raw::connection::fuse_over_uring] transport payload lease held 1119 ms (≥ 1 s) — overlong handler invocation or a §5.4 severance escape; watch transport_lease_overlong / transport_parked_commits
[2026-09-06T01:59:56Z ERROR squeezefs::block_allocator] bounded allocation refusing StorageFull after 1005 ms parked with 0 offset(s) still in grace locally (lane harvest horizon 21155 ms): the pressure deadline never fenced within the wall backstop (1000 ms). The refusal is honest and terminal for this write; investigate the membership plane (finding 29)
[2026-09-06T01:59:57Z ERROR squeezefs::meta_ship::publish] S9: the authority refused 1 shipped free(s) (vol_tag 0xc5e11286df218556, request 6487): already free/graced/quarantined — the double-release lineage, surfaced on the authority's own tripwire
[2026-09-06T01:59:57Z ERROR squeezefs::meta_ship::publish] S9: the authority refused 1 shipped free(s) (vol_tag 0xc5e11286df218556, request 6491): already free/graced/quarantined — the double-release lineage, surfaced on the authority's own tripwire
[2026-09-06T01:59:57Z ERROR squeezefs::meta_ship::publish] S9: the authority refused 1 shipped free(s) (vol_tag 0xc5e11286df218556, request 6495): already free/graced/quarantined — the double-release lineage, surfaced on the authority's own tripwire
[2026-09-06T01:59:57Z ERROR squeezefs::meta_ship::publish] S9: the authority refused 1 shipped free(s) (vol_tag 0xc5e11286df218556, request 6499): already free/graced/quarantined — the double-release lineage, surfaced on the authority's own tripwire
[2026-09-06T01:59:57Z ERROR squeezefs::meta_ship::publish] S9: the authority refused 1 shipped free(s) (vol_tag 0xc5e11286df218556, request 6503): already free/graced/quarantined — the double-release lineage, surfaced on the authority's own tripwire
[2026-09-06T01:59:57Z ERROR squeezefs::meta_ship::publish] S9: the authority refused 1 shipped free(s) (vol_tag 0xc5e11286df218556, request 6507): already free/graced/quarantined — the double-release lineage, surfaced on the authority's own tripwire
[2026-09-06T01:59:57Z ERROR squeezefs::meta_ship::publish] S9: the authority refused 1 shipped free(s) (vol_tag 0xc5e11286df218556, request 6511): already free/graced/quarantined — the double-release lineage, surfaced on the authority's own tripwire
[2026-09-06T01:59:57Z ERROR squeezefs::meta_ship::publish] S9: the authority refused 1 shipped free(s) (vol_tag 0xc5e11286df218556, request 6515): already free/graced/quarantined — the double-release lineage, surfaced on the authority's own tripwire
[2026-09-06T01:59:57Z ERROR squeezefs::meta_ship::publish] S9: the authority refused 1 shipped free(s) (vol_tag 0xc5e11286df218556, request 6519): already free/graced/quarantined — the double-release lineage, surfaced on the authority's own tripwire
[2026-09-06T01:59:57Z ERROR squeezefs::meta_ship::publish] S9: the authority refused 1 shipped free(s) (vol_tag 0xc5e11286df218556, request 6523): already free/graced/quarantined — the double-release lineage, surfaced on the authority's own tripwire
[2026-09-06T01:59:57Z ERROR squeezefs::meta_ship::publish] S9: the authority refused 1 shipped free(s) (vol_tag 0xc5e11286df218556, request 6528): already free/graced/quarantined — the double-release lineage, surfaced on the authority's own tripwire
[2026-09-06T01:59:57Z ERROR squeezefs::meta_ship::publish] S9: the authority refused 1 shipped free(s) (vol_tag 0xc5e11286df218556, request 6531): already free/graced/quarantined — the double-release lineage, surfaced on the authority's own tripwire
[2026-09-06T01:59:57Z ERROR squeezefs::meta_ship::publish] S9: the authority refused 1 shipped free(s) (vol_tag 0xc5e11286df218556, request 6535): already free/graced/quarantined — the double-release lineage, surfaced on the authority's own tripwire
[2026-09-06T01:59:57Z ERROR squeezefs::meta_ship::publish] S9: the authority refused 1 shipped free(s) (vol_tag 0xc5e11286df218556, request 6539): already free/graced/quarantined — the double-release lineage, surfaced on the authority's own tripwire
[2026-09-06T01:59:57Z ERROR squeezefs::meta_ship::publish] S9: the authority refused 1 shipped free(s) (vol_tag 0xc5e11286df218556, request 6544): already free/graced/quarantined — the double-release lineage, surfaced on the authority's own tripwire
[2026-09-06T01:59:57Z ERROR squeezefs::meta_ship::publish] S9: the authority refused 1 shipped free(s) (vol_tag 0xc5e11286df218556, request 6548): already free/graced/quarantined — the double-release lineage, surfaced on the authority's own tripwire
[2026-09-06T01:59:57Z ERROR squeezefs::meta_ship::publish] S9: the authority refused 1 shipped free(s) (vol_tag 0xc5e11286df218556, request 6552): already free/graced/quarantined — the double-release lineage, surfaced on the authority's own tripwire
[2026-09-06T01:59:57Z ERROR squeezefs::meta_ship::publish] S9: the authority refused 1 shipped free(s) (vol_tag 0xc5e11286df218556, request 6556): already free/graced/quarantined — the double-release lineage, surfaced on the authority's own tripwire
[2026-09-06T01:59:57Z ERROR squeezefs::meta_ship::publish] S9: the authority refused 1 shipped free(s) (vol_tag 0xc5e11286df218556, request 6560): already free/graced/quarantined — the double-release lineage, surfaced on the authority's own tripwire
[2026-09-06T01:59:57Z ERROR squeezefs::meta_ship::publish] S9: the authority refused 1 shipped free(s) (vol_tag 0xc5e11286df218556, request 6565): already free/graced/quarantined — the double-release lineage, surfaced on the authority's own tripwire
[2026-09-06T01:59:57Z ERROR squeezefs::meta_ship::publish] S9: the authority refused 1 shipped free(s) (vol_tag 0xc5e11286df218556, request 6568): already free/graced/quarantined — the double-release lineage, surfaced on the authority's own tripwire
[2026-09-06T02:00:11Z ERROR squeezefs::meta_ship::publish] S9: the authority refused 1 shipped free(s) (vol_tag 0xc5e11286df218556, request 6577): already free/graced/quarantined — the double-release lineage, surfaced on the authority's own tripwire
[2026-09-06T02:00:11Z ERROR squeezefs::meta_ship::publish] S9: the authority refused 1 shipped free(s) (vol_tag 0xc5e11286df218556, request 6582): already free/graced/quarantined — the double-release lineage, surfaced on the authority's own tripwire
[2026-09-06T02:00:12Z ERROR squeezefs::meta_ship::publish] S9: the authority refused 1 shipped free(s) (vol_tag 0xc5e11286df218556, request 6586): already free/graced/quarantined — the double-release lineage, surfaced on the authority's own tripwire
[2026-09-06T02:00:13Z ERROR fuse3::raw::connection::fuse_over_uring] transport payload lease held 2442 ms (≥ 1 s) — overlong handler invocation or a §5.4 severance escape; watch transport_lease_overlong / transport_parked_commits
[2026-09-06T02:00:13Z ERROR fuse3::raw::connection::fuse_over_uring] transport payload lease held 1539 ms (≥ 1 s) — overlong handler invocation or a §5.4 severance escape; watch transport_lease_overlong / transport_parked_commits
[2026-09-06T02:00:13Z ERROR fuse3::raw::connection::fuse_over_uring] transport payload lease held 1508 ms (≥ 1 s) — overlong handler invocation or a §5.4 severance escape; watch transport_lease_overlong / transport_parked_commits
[2026-09-06T02:00:13Z ERROR fuse3::raw::connection::fuse_over_uring] transport payload lease held 1138 ms (≥ 1 s) — overlong handler invocation or a §5.4 severance escape; watch transport_lease_overlong / transport_parked_commits
[2026-09-06T02:00:13Z ERROR fuse3::raw::connection::fuse_over_uring] transport payload lease held 1137 ms (≥ 1 s) — overlong handler invocation or a §5.4 severance escape; watch transport_lease_overlong / transport_parked_commits
[2026-09-06T02:00:13Z ERROR fuse3::raw::connection::fuse_over_uring] transport payload lease held 1089 ms (≥ 1 s) — overlong handler invocation or a §5.4 severance escape; watch transport_lease_overlong / transport_parked_commits
[2026-09-06T02:00:13Z ERROR fuse3::raw::connection::fuse_over_uring] transport payload lease held 1084 ms (≥ 1 s) — overlong handler invocation or a §5.4 severance escape; watch transport_lease_overlong / transport_parked_commits
[2026-09-06T02:00:13Z ERROR squeezefs::meta_ship::publish] S9: the authority refused 1 shipped free(s) (vol_tag 0xc5e11286df218556, request 6592): already free/graced/quarantined — the double-release lineage, surfaced on the authority's own tripwire
[2026-09-06T02:00:13Z ERROR squeezefs::meta_ship::publish] S9: the authority refused 1 shipped free(s) (vol_tag 0xc5e11286df218556, request 6596): already free/graced/quarantined — the double-release lineage, surfaced on the authority's own tripwire
[2026-09-06T02:00:13Z ERROR squeezefs::meta_ship::publish] S9: the authority refused 1 shipped free(s) (vol_tag 0xc5e11286df218556, request 6600): already free/graced/quarantined — the double-release lineage, surfaced on the authority's own tripwire
[2026-09-06T02:00:13Z ERROR squeezefs::meta_ship::publish] S9: the authority refused 1 shipped free(s) (vol_tag 0xc5e11286df218556, request 6605): already free/graced/quarantined — the double-release lineage, surfaced on the authority's own tripwire
[2026-09-06T02:00:13Z ERROR squeezefs::meta_ship::publish] S9: the authority refused 1 shipped free(s) (vol_tag 0xc5e11286df218556, request 6609): already free/graced/quarantined — the double-release lineage, surfaced on the authority's own tripwire
[2026-09-06T02:00:13Z ERROR squeezefs::meta_ship::publish] S9: the authority refused 1 shipped free(s) (vol_tag 0xc5e11286df218556, request 6613): already free/graced/quarantined — the double-release lineage, surfaced on the authority's own tripwire
[2026-09-06T02:00:14Z ERROR squeezefs::meta_ship::publish] S9: the authority refused 1 shipped free(s) (vol_tag 0xc5e11286df218556, request 6617): already free/graced/quarantined — the double-release lineage, surfaced on the authority's own tripwire
[2026-09-06T02:00:14Z ERROR squeezefs::meta_ship::publish] S9: the authority refused 1 shipped free(s) (vol_tag 0xc5e11286df218556, request 6622): already free/graced/quarantined — the double-release lineage, surfaced on the authority's own tripwire
[2026-09-06T02:00:14Z ERROR squeezefs::meta_ship::publish] S9: the authority refused 1 shipped free(s) (vol_tag 0xc5e11286df218556, request 6626): already free/graced/quarantined — the double-release lineage, surfaced on the authority's own tripwire
[2026-09-06T02:00:14Z ERROR squeezefs::meta_ship::publish] S9: the authority refused 1 shipped free(s) (vol_tag 0xc5e11286df218556, request 6632): already free/graced/quarantined — the double-release lineage, surfaced on the authority's own tripwire
[2026-09-06T02:00:14Z ERROR squeezefs::meta_ship::publish] S9: the authority refused 1 shipped free(s) (vol_tag 0xc5e11286df218556, request 6637): already free/graced/quarantined — the double-release lineage, surfaced on the authority's own tripwire
[2026-09-06T02:00:14Z ERROR squeezefs::meta_ship::publish] S9: the authority refused 1 shipped free(s) (vol_tag 0xc5e11286df218556, request 6641): already free/graced/quarantined — the double-release lineage, surfaced on the authority's own tripwire
[2026-09-06T02:00:14Z ERROR squeezefs::meta_ship::publish] S9: the authority refused 1 shipped free(s) (vol_tag 0xc5e11286df218556, request 6645): already free/graced/quarantined — the double-release lineage, surfaced on the authority's own tripwire
[2026-09-06T02:00:14Z ERROR squeezefs::meta_ship::publish] S9: the authority refused 1 shipped free(s) (vol_tag 0xc5e11286df218556, request 6650): already free/graced/quarantined — the double-release lineage, surfaced on the authority's own tripwire
[2026-09-06T02:00:14Z ERROR squeezefs::block_allocator] I/O error: data volume 'nvme4n1' full: 8183 of 8192 blocks allocated — lane 6 of 16 is exhausted while 0 free block(s) belong to lanes this mount does not own (alloc_lane_enospc_refusals; reach them by adopting a lane whose holder is proven dead, or grow the volume set — docs/operations.md §Multi-writer capacity planning)
[2026-09-06T02:00:14Z ERROR squeezefs::meta_ship::publish] S9: the authority refused 1 shipped free(s) (vol_tag 0xc5e11286df218556, request 6656): already free/graced/quarantined — the double-release lineage, surfaced on the authority's own tripwire
[2026-09-06T02:00:14Z ERROR squeezefs::meta_ship::publish] S9: the authority refused 1 shipped free(s) (vol_tag 0xc5e11286df218556, request 6658): already free/graced/quarantined — the double-release lineage, surfaced on the authority's own tripwire
[2026-09-06T02:00:15Z ERROR squeezefs::block_allocator] I/O error: data volume 'nvme4n1' full: 8183 of 8192 blocks allocated — lane 6 of 16 is exhausted while 0 free block(s) belong to lanes this mount does not own (alloc_lane_enospc_refusals; reach them by adopting a lane whose holder is proven dead, or grow the volume set — docs/operations.md §Multi-writer capacity planning)
[2026-09-06T02:00:15Z ERROR squeezefs::block_allocator] bounded allocation refusing StorageFull after 1014 ms parked with 0 offset(s) still in grace locally (lane harvest horizon 8879 ms): the pressure deadline never fenced within the wall backstop (1000 ms). The refusal is honest and terminal for this write; investigate the membership plane (finding 29)
[2026-09-06T02:00:16Z ERROR squeezefs::block_allocator] I/O error: data volume 'nvme4n1' full: 8183 of 8192 blocks allocated — lane 6 of 16 is exhausted while 0 free block(s) belong to lanes this mount does not own (alloc_lane_enospc_refusals; reach them by adopting a lane whose holder is proven dead, or grow the volume set — docs/operations.md §Multi-writer capacity planning)
[2026-09-06T02:00:16Z ERROR squeezefs::block_allocator] bounded allocation refusing StorageFull after 1016 ms parked with 0 offset(s) still in grace locally (lane harvest horizon 8918 ms): the pressure deadline never fenced within the wall backstop (1000 ms). The refusal is honest and terminal for this write; investigate the membership plane (finding 29)
[2026-09-06T02:00:17Z ERROR squeezefs::block_allocator] I/O error: data volume 'nvme4n1' full: 8183 of 8192 blocks allocated — lane 6 of 16 is exhausted while 0 free block(s) belong to lanes this mount does not own (alloc_lane_enospc_refusals; reach them by adopting a lane whose holder is proven dead, or grow the volume set — docs/operations.md §Multi-writer capacity planning)
[2026-09-06T02:00:17Z ERROR squeezefs::meta_ship::publish] S9: the authority refused 1 shipped free(s) (vol_tag 0xc5e11286df218556, request 6730): already free/graced/quarantined — the double-release lineage, surfaced on the authority's own tripwire
[2026-09-06T02:00:18Z ERROR squeezefs::block_allocator] I/O error: data volume 'nvme4n1' full: 8183 of 8192 blocks allocated — lane 6 of 16 is exhausted while 0 free block(s) belong to lanes this mount does not own (alloc_lane_enospc_refusals; reach them by adopting a lane whose holder is proven dead, or grow the volume set — docs/operations.md §Multi-writer capacity planning)
[2026-09-06T02:00:18Z ERROR squeezefs::block_allocator] bounded allocation refusing StorageFull after 1014 ms parked with 0 offset(s) still in grace locally (lane harvest horizon 8974 ms): the pressure deadline never fenced within the wall backstop (1000 ms). The refusal is honest and terminal for this write; investigate the membership plane (finding 29)
[2026-09-06T02:00:18Z ERROR fuse3::raw::connection::fuse_over_uring] transport payload lease held 1010 ms (≥ 1 s) — overlong handler invocation or a §5.4 severance escape; watch transport_lease_overlong / transport_parked_commits
[2026-09-06T02:00:18Z ERROR squeezefs::block_allocator] bounded allocation refusing StorageFull after 1014 ms parked with 0 offset(s) still in grace locally (lane harvest horizon 8980 ms): the pressure deadline never fenced within the wall backstop (1000 ms). The refusal is honest and terminal for this write; investigate the membership plane (finding 29)
[2026-09-06T02:00:19Z WARN  squeezefs::block_allocator] co-writer: abandoning never-published block offset(s) leak-safe (volume 'nvme3n1', first offset 2441084928): the publish that would have named them failed or refused, and a co-writer may not mutate ownership accounting — the next derivation (mount recovery / fsck C6) returns them to the free supply (cowriter_unpublished_abandons; further offsets at debug level)
[2026-09-06T02:00:19Z ERROR squeezefs::meta_ship::publish] S9: the authority refused 1 shipped free(s) (vol_tag 0xc5e11286df218556, request 6816): already free/graced/quarantined — the double-release lineage, surfaced on the authority's own tripwire
[2026-09-06T02:00:20Z ERROR squeezefs::meta_ship::publish] S9: the authority refused 1 shipped free(s) (vol_tag 0xad7b1d37b0829b08, request 6824): already free/graced/quarantined — the double-release lineage, surfaced on the authority's own tripwire
[2026-09-06T02:00:20Z ERROR squeezefs::meta_ship::publish] S9: the authority refused 1 shipped free(s) (vol_tag 0xad7b1d37b0829b08, request 6831): already free/graced/quarantined — the double-release lineage, surfaced on the authority's own tripwire
[2026-09-06T02:00:26Z ERROR squeezefs::meta_ship::publish] S9: the authority refused 1 shipped free(s) (vol_tag 0xad7b1d37b0829b08, request 6836): already free/graced/quarantined — the double-release lineage, surfaced on the authority's own tripwire
[2026-09-06T02:00:30Z ERROR fuse3::raw::connection::fuse_over_uring] transport payload lease held 2017 ms (≥ 1 s) — overlong handler invocation or a §5.4 severance escape; watch transport_lease_overlong / transport_parked_commits
[2026-09-06T02:00:30Z ERROR fuse3::raw::connection::fuse_over_uring] transport payload lease held 1653 ms (≥ 1 s) — overlong handler invocation or a §5.4 severance escape; watch transport_lease_overlong / transport_parked_commits
[2026-09-06T02:00:31Z ERROR squeezefs::meta_ship::publish] S9: the authority refused 1 shipped free(s) (vol_tag 0xad7b1d37b0829b08, request 6846): already free/graced/quarantined — the double-release lineage, surfaced on the authority's own tripwire
[2026-09-06T02:00:31Z ERROR squeezefs::meta_ship::publish] S9: the authority refused 1 shipped free(s) (vol_tag 0xad7b1d37b0829b08, request 6850): already free/graced/quarantined — the double-release lineage, surfaced on the authority's own tripwire
[2026-09-06T02:00:31Z ERROR squeezefs::meta_ship::publish] S9: the authority refused 1 shipped free(s) (vol_tag 0xad7b1d37b0829b08, request 6855): already free/graced/quarantined — the double-release lineage, surfaced on the authority's own tripwire
[2026-09-06T02:00:31Z ERROR squeezefs::meta_ship::publish] S9: the authority refused 1 shipped free(s) (vol_tag 0xad7b1d37b0829b08, request 6859): already free/graced/quarantined — the double-release lineage, surfaced on the authority's own tripwire
[2026-09-06T02:00:31Z ERROR squeezefs::meta_ship::publish] S9: the authority refused 1 shipped free(s) (vol_tag 0xad7b1d37b0829b08, request 6863): already free/graced/quarantined — the double-release lineage, surfaced on the authority's own tripwire
[2026-09-06T02:00:31Z ERROR squeezefs::meta_ship::publish] S9: the authority refused 1 shipped free(s) (vol_tag 0xad7b1d37b0829b08, request 6867): already free/graced/quarantined — the double-release lineage, surfaced on the authority's own tripwire
[2026-09-06T02:00:31Z ERROR squeezefs::meta_ship::publish] S9: the authority refused 1 shipped free(s) (vol_tag 0xad7b1d37b0829b08, request 6871): already free/graced/quarantined — the double-release lineage, surfaced on the authority's own tripwire
[2026-09-06T02:00:31Z ERROR squeezefs::meta_ship::publish] S9: the authority refused 1 shipped free(s) (vol_tag 0xad7b1d37b0829b08, request 6875): already free/graced/quarantined — the double-release lineage, surfaced on the authority's own tripwire
[2026-09-06T02:00:31Z ERROR squeezefs::meta_ship::publish] S9: the authority refused 1 shipped free(s) (vol_tag 0xad7b1d37b0829b08, request 6878): already free/graced/quarantined — the double-release lineage, surfaced on the authority's own tripwire
[2026-09-06T02:00:31Z ERROR squeezefs::meta_ship::publish] S9: the authority refused 1 shipped free(s) (vol_tag 0xad7b1d37b0829b08, request 6882): already free/graced/quarantined — the double-release lineage, surfaced on the authority's own tripwire
[2026-09-06T02:00:31Z ERROR squeezefs::meta_ship::publish] S9: the authority refused 1 shipped free(s) (vol_tag 0xad7b1d37b0829b08, request 6889): already free/graced/quarantined — the double-release lineage, surfaced on the authority's own tripwire
[2026-09-06T02:00:31Z ERROR squeezefs::meta_ship::publish] S9: the authority refused 1 shipped free(s) (vol_tag 0xad7b1d37b0829b08, request 6892): already free/graced/quarantined — the double-release lineage, surfaced on the authority's own tripwire
[2026-09-06T02:00:31Z ERROR squeezefs::meta_ship::publish] S9: the authority refused 1 shipped free(s) (vol_tag 0xad7b1d37b0829b08, request 6897): already free/graced/quarantined — the double-release lineage, surfaced on the authority's own tripwire
[2026-09-06T02:00:31Z ERROR squeezefs::meta_ship::publish] S9: the authority refused 1 shipped free(s) (vol_tag 0xad7b1d37b0829b08, request 6901): already free/graced/quarantined — the double-release lineage, surfaced on the authority's own tripwire
[2026-09-06T02:00:32Z ERROR squeezefs::meta_ship::publish] S9: the authority refused 1 shipped free(s) (vol_tag 0xad7b1d37b0829b08, request 6904): already free/graced/quarantined — the double-release lineage, surfaced on the authority's own tripwire
[2026-09-06T02:00:32Z ERROR squeezefs::meta_ship::publish] S9: the authority refused 1 shipped free(s) (vol_tag 0xad7b1d37b0829b08, request 6909): already free/graced/quarantined — the double-release lineage, surfaced on the authority's own tripwire
[2026-09-06T02:00:40Z ERROR squeezefs::block_allocator] I/O error: data volume 'nvme3n1' full: 8183 of 8192 blocks allocated — lane 6 of 16 is exhausted while 0 free block(s) belong to lanes this mount does not own (alloc_lane_enospc_refusals; reach them by adopting a lane whose holder is proven dead, or grow the volume set — docs/operations.md §Multi-writer capacity planning)
[2026-09-06T02:00:42Z ERROR squeezefs::block_allocator] I/O error: data volume 'nvme3n1' full: 8183 of 8192 blocks allocated — lane 6 of 16 is exhausted while 0 free block(s) belong to lanes this mount does not own (alloc_lane_enospc_refusals; reach them by adopting a lane whose holder is proven dead, or grow the volume set — docs/operations.md §Multi-writer capacity planning)
[2026-09-06T02:00:42Z ERROR fuse3::raw::connection::fuse_over_uring] transport payload lease held 1072 ms (≥ 1 s) — overlong handler invocation or a §5.4 severance escape; watch transport_lease_overlong / transport_parked_commits
[2026-09-06T02:00:43Z ERROR squeezefs::block_allocator] I/O error: data volume 'nvme3n1' full: 8183 of 8192 blocks allocated — lane 6 of 16 is exhausted while 0 free block(s) belong to lanes this mount does not own (alloc_lane_enospc_refusals; reach them by adopting a lane whose holder is proven dead, or grow the volume set — docs/operations.md §Multi-writer capacity planning)
[2026-09-06T02:00:43Z ERROR squeezefs::block_allocator] bounded allocation refusing StorageFull after 1023 ms parked with 0 offset(s) still in grace locally (lane harvest horizon 10231 ms): the pressure deadline never fenced within the wall backstop (1000 ms). The refusal is honest and terminal for this write; investigate the membership plane (finding 29)
[2026-09-06T02:00:43Z ERROR squeezefs::block_allocator] bounded allocation refusing StorageFull after 1013 ms parked with 0 offset(s) still in grace locally (lane harvest horizon 10233 ms): the pressure deadline never fenced within the wall backstop (1000 ms). The refusal is honest and terminal for this write; investigate the membership plane (finding 29)
[2026-09-06T02:00:43Z ERROR squeezefs::block_allocator] bounded allocation refusing StorageFull after 1024 ms parked with 0 offset(s) still in grace locally (lane harvest horizon 10233 ms): the pressure deadline never fenced within the wall backstop (1000 ms). The refusal is honest and terminal for this write; investigate the membership plane (finding 29)
[2026-09-06T02:00:43Z ERROR squeezefs::block_allocator] bounded allocation refusing StorageFull after 1017 ms parked with 0 offset(s) still in grace locally (lane harvest horizon 10241 ms): the pressure deadline never fenced within the wall backstop (1000 ms). The refusal is honest and terminal for this write; investigate the membership plane (finding 29)
[2026-09-06T02:00:43Z ERROR squeezefs::block_allocator] bounded allocation refusing StorageFull after 1026 ms parked with 0 offset(s) still in grace locally (lane harvest horizon 10253 ms): the pressure deadline never fenced within the wall backstop (1000 ms). The refusal is honest and terminal for this write; investigate the membership plane (finding 29)
[2026-09-06T02:00:43Z ERROR squeezefs::block_allocator] bounded allocation refusing StorageFull after 1018 ms parked with 0 offset(s) still in grace locally (lane harvest horizon 10254 ms): the pressure deadline never fenced within the wall backstop (1000 ms). The refusal is honest and terminal for this write; investigate the membership plane (finding 29)
[2026-09-06T02:00:43Z ERROR squeezefs::block_allocator] bounded allocation refusing StorageFull after 1019 ms parked with 0 offset(s) still in grace locally (lane harvest horizon 10254 ms): the pressure deadline never fenced within the wall backstop (1000 ms). The refusal is honest and terminal for this write; investigate the membership plane (finding 29)
[2026-09-06T02:00:43Z ERROR squeezefs::block_allocator] bounded allocation refusing StorageFull after 1013 ms parked with 0 offset(s) still in grace locally (lane harvest horizon 10466 ms): the pressure deadline never fenced within the wall backstop (1000 ms). The refusal is honest and terminal for this write; investigate the membership plane (finding 29)
[2026-09-06T02:00:44Z ERROR squeezefs::block_allocator] I/O error: data volume 'nvme3n1' full: 8183 of 8192 blocks allocated — lane 6 of 16 is exhausted while 0 free block(s) belong to lanes this mount does not own (alloc_lane_enospc_refusals; reach them by adopting a lane whose holder is proven dead, or grow the volume set — docs/operations.md §Multi-writer capacity planning)
[2026-09-06T02:00:44Z ERROR squeezefs::block_allocator] bounded allocation refusing StorageFull after 1012 ms parked with 0 offset(s) still in grace locally (lane harvest horizon 10245 ms): the pressure deadline never fenced within the wall backstop (1000 ms). The refusal is honest and terminal for this write; investigate the membership plane (finding 29)
[2026-09-06T02:00:44Z ERROR squeezefs::block_allocator] bounded allocation refusing StorageFull after 1009 ms parked with 0 offset(s) still in grace locally (lane harvest horizon 10246 ms): the pressure deadline never fenced within the wall backstop (1000 ms). The refusal is honest and terminal for this write; investigate the membership plane (finding 29)
[2026-09-06T02:00:44Z ERROR squeezefs::block_allocator] bounded allocation refusing StorageFull after 1010 ms parked with 0 offset(s) still in grace locally (lane harvest horizon 10247 ms): the pressure deadline never fenced within the wall backstop (1000 ms). The refusal is honest and terminal for this write; investigate the membership plane (finding 29)
[2026-09-06T02:00:44Z ERROR squeezefs::block_allocator] bounded allocation refusing StorageFull after 1012 ms parked with 0 offset(s) still in grace locally (lane harvest horizon 10248 ms): the pressure deadline never fenced within the wall backstop (1000 ms). The refusal is honest and terminal for this write; investigate the membership plane (finding 29)
[2026-09-06T02:00:44Z ERROR squeezefs::block_allocator] bounded allocation refusing StorageFull after 1014 ms parked with 0 offset(s) still in grace locally (lane harvest horizon 10252 ms): the pressure deadline never fenced within the wall backstop (1000 ms). The refusal is honest and terminal for this write; investigate the membership plane (finding 29)
[2026-09-06T02:00:44Z ERROR squeezefs::block_allocator] bounded allocation refusing StorageFull after 1018 ms parked with 0 offset(s) still in grace locally (lane harvest horizon 10256 ms): the pressure deadline never fenced within the wall backstop (1000 ms). The refusal is honest and terminal for this write; investigate the membership plane (finding 29)
[2026-09-06T02:00:44Z ERROR fuse3::raw::connection::fuse_over_uring] transport payload lease held 1019 ms (≥ 1 s) — overlong handler invocation or a §5.4 severance escape; watch transport_lease_overlong / transport_parked_commits
[2026-09-06T02:00:44Z ERROR squeezefs::block_allocator] bounded allocation refusing StorageFull after 1014 ms parked with 0 offset(s) still in grace locally (lane harvest horizon 10258 ms): the pressure deadline never fenced within the wall backstop (1000 ms). The refusal is honest and terminal for this write; investigate the membership plane (finding 29)
[2026-09-06T02:00:44Z ERROR squeezefs::block_allocator] bounded allocation refusing StorageFull after 1017 ms parked with 0 offset(s) still in grace locally (lane harvest horizon 10262 ms): the pressure deadline never fenced within the wall backstop (1000 ms). The refusal is honest and terminal for this write; investigate the membership plane (finding 29)
[2026-09-06T02:00:44Z ERROR squeezefs::block_allocator] bounded allocation refusing StorageFull after 1015 ms parked with 0 offset(s) still in grace locally (lane harvest horizon 10260 ms): the pressure deadline never fenced within the wall backstop (1000 ms). The refusal is honest and terminal for this write; investigate the membership plane (finding 29)
[2026-09-06T02:00:44Z ERROR squeezefs::block_allocator] bounded allocation refusing StorageFull after 1015 ms parked with 0 offset(s) still in grace locally (lane harvest horizon 10262 ms): the pressure deadline never fenced within the wall backstop (1000 ms). The refusal is honest and terminal for this write; investigate the membership plane (finding 29)
[2026-09-06T02:00:44Z ERROR squeezefs::block_allocator] bounded allocation refusing StorageFull after 1015 ms parked with 0 offset(s) still in grace locally (lane harvest horizon 10261 ms): the pressure deadline never fenced within the wall backstop (1000 ms). The refusal is honest and terminal for this write; investigate the membership plane (finding 29)
[2026-09-06T02:00:44Z ERROR squeezefs::block_allocator] bounded allocation refusing StorageFull after 1018 ms parked with 0 offset(s) still in grace locally (lane harvest horizon 10262 ms): the pressure deadline never fenced within the wall backstop (1000 ms). The refusal is honest and terminal for this write; investigate the membership plane (finding 29)
[2026-09-06T02:00:44Z ERROR squeezefs::block_allocator] bounded allocation refusing StorageFull after 1017 ms parked with 0 offset(s) still in grace locally (lane harvest horizon 10262 ms): the pressure deadline never fenced within the wall backstop (1000 ms). The refusal is honest and terminal for this write; investigate the membership plane (finding 29)
[2026-09-06T02:00:44Z ERROR squeezefs::block_allocator] bounded allocation refusing StorageFull after 1017 ms parked with 0 offset(s) still in grace locally (lane harvest horizon 10262 ms): the pressure deadline never fenced within the wall backstop (1000 ms). The refusal is honest and terminal for this write; investigate the membership plane (finding 29)
[2026-09-06T02:00:44Z ERROR squeezefs::block_allocator] bounded allocation refusing StorageFull after 1018 ms parked with 0 offset(s) still in grace locally (lane harvest horizon 10262 ms): the pressure deadline never fenced within the wall backstop (1000 ms). The refusal is honest and terminal for this write; investigate the membership plane (finding 29)
[2026-09-06T02:00:44Z ERROR squeezefs::block_allocator] bounded allocation refusing StorageFull after 1012 ms parked with 0 offset(s) still in grace locally (lane harvest horizon 10269 ms): the pressure deadline never fenced within the wall backstop (1000 ms). The refusal is honest and terminal for this write; investigate the membership plane (finding 29)
[2026-09-06T02:00:44Z ERROR squeezefs::block_allocator] bounded allocation refusing StorageFull after 1009 ms parked with 0 offset(s) still in grace locally (lane harvest horizon 10272 ms): the pressure deadline never fenced within the wall backstop (1000 ms). The refusal is honest and terminal for this write; investigate the membership plane (finding 29)
[2026-09-06T02:00:44Z ERROR squeezefs::block_allocator] bounded allocation refusing StorageFull after 1012 ms parked with 0 offset(s) still in grace locally (lane harvest horizon 10276 ms): the pressure deadline never fenced within the wall backstop (1000 ms). The refusal is honest and terminal for this write; investigate the membership plane (finding 29)
[2026-09-06T02:00:44Z ERROR fuse3::raw::connection::fuse_over_uring] transport payload lease held 1053 ms (≥ 1 s) — overlong handler invocation or a §5.4 severance escape; watch transport_lease_overlong / transport_parked_commits
[2026-09-06T02:00:44Z ERROR fuse3::raw::connection::fuse_over_uring] transport payload lease held 1050 ms (≥ 1 s) — overlong handler invocation or a §5.4 severance escape; watch transport_lease_overlong / transport_parked_commits
[2026-09-06T02:00:44Z ERROR squeezefs::block_allocator] bounded allocation refusing StorageFull after 1015 ms parked with 0 offset(s) still in grace locally (lane harvest horizon 10482 ms): the pressure deadline never fenced within the wall backstop (1000 ms). The refusal is honest and terminal for this write; investigate the membership plane (finding 29)
[2026-09-06T02:00:45Z ERROR squeezefs::block_allocator] I/O error: data volume 'nvme3n1' full: 8183 of 8192 blocks allocated — lane 6 of 16 is exhausted while 0 free block(s) belong to lanes this mount does not own (alloc_lane_enospc_refusals; reach them by adopting a lane whose holder is proven dead, or grow the volume set — docs/operations.md §Multi-writer capacity planning)
[2026-09-06T02:00:45Z ERROR squeezefs::block_allocator] bounded allocation refusing StorageFull after 1007 ms parked with 0 offset(s) still in grace locally (lane harvest horizon 11255 ms): the pressure deadline never fenced within the wall backstop (1000 ms). The refusal is honest and terminal for this write; investigate the membership plane (finding 29)
[2026-09-06T02:00:45Z WARN  squeezefs::fuse_client] write-through failed for ino 2 block 1407 (Io(Custom { kind: StorageFull, error: "I/O error: data volume 'nvme3n1' full: 8183 of 8192 blocks allocated — lane 6 of 16 is exhausted while 0 free block(s) belong to lanes this mount does not own (alloc_lane_enospc_refusals; reach them by adopting a lane whose holder is proven dead, or grow the volume set — docs/operations.md §Multi-writer capacity planning)" })); falling back to staging
[2026-09-06T02:00:45Z ERROR squeezefs::block_allocator] bounded allocation refusing StorageFull after 1030 ms parked with 0 offset(s) still in grace locally (lane harvest horizon 11277 ms): the pressure deadline never fenced within the wall backstop (1000 ms). The refusal is honest and terminal for this write; investigate the membership plane (finding 29)
[2026-09-06T02:00:45Z WARN  squeezefs::routing] rewrite epoch close for ino 2 failed transiently (Io(Custom { kind: StorageFull, error: "I/O error: data volume 'nvme3n1' full: 8183 of 8192 blocks allocated — lane 6 of 16 is exhausted while 0 free block(s) belong to lanes this mount does not own (alloc_lane_enospc_refusals; reach them by adopting a lane whose holder is proven dead, or grow the volume set — docs/operations.md §Multi-writer capacity planning)" })); the epoch stays registered (never-lossy) — the next close trigger retries
[2026-09-06T02:00:45Z ERROR squeezefs::block_allocator] bounded allocation refusing StorageFull after 1031 ms parked with 0 offset(s) still in grace locally (lane harvest horizon 11278 ms): the pressure deadline never fenced within the wall backstop (1000 ms). The refusal is honest and terminal for this write; investigate the membership plane (finding 29)
[2026-09-06T02:00:45Z ERROR squeezefs::block_allocator] bounded allocation refusing StorageFull after 1035 ms parked with 0 offset(s) still in grace locally (lane harvest horizon 11285 ms): the pressure deadline never fenced within the wall backstop (1000 ms). The refusal is honest and terminal for this write; investigate the membership plane (finding 29)
[2026-09-06T02:00:45Z ERROR squeezefs::block_allocator] bounded allocation refusing StorageFull after 1022 ms parked with 0 offset(s) still in grace locally (lane harvest horizon 11285 ms): the pressure deadline never fenced within the wall backstop (1000 ms). The refusal is honest and terminal for this write; investigate the membership plane (finding 29)
[2026-09-06T02:00:45Z ERROR squeezefs::block_allocator] bounded allocation refusing StorageFull after 1024 ms parked with 0 offset(s) still in grace locally (lane harvest horizon 11291 ms): the pressure deadline never fenced within the wall backstop (1000 ms). The refusal is honest and terminal for this write; investigate the membership plane (finding 29)
[2026-09-06T02:00:45Z ERROR squeezefs::block_allocator] bounded allocation refusing StorageFull after 1037 ms parked with 0 offset(s) still in grace locally (lane harvest horizon 11294 ms): the pressure deadline never fenced within the wall backstop (1000 ms). The refusal is honest and terminal for this write; investigate the membership plane (finding 29)
[2026-09-06T02:00:45Z ERROR squeezefs::block_allocator] bounded allocation refusing StorageFull after 1039 ms parked with 0 offset(s) still in grace locally (lane harvest horizon 11300 ms): the pressure deadline never fenced within the wall backstop (1000 ms). The refusal is honest and terminal for this write; investigate the membership plane (finding 29)
[2026-09-06T02:00:45Z WARN  squeezefs::fuse_client] write-through failed for ino 2 block 1438 (Io(Custom { kind: StorageFull, error: "I/O error: data volume 'nvme3n1' full: 8183 of 8192 blocks allocated — lane 6 of 16 is exhausted while 0 free block(s) belong to lanes this mount does not own (alloc_lane_enospc_refusals; reach them by adopting a lane whose holder is proven dead, or grow the volume set — docs/operations.md §Multi-writer capacity planning)" })); falling back to staging
[2026-09-06T02:00:45Z ERROR fuse3::raw::connection::fuse_over_uring] transport payload lease held 2052 ms (≥ 1 s) — overlong handler invocation or a §5.4 severance escape; watch transport_lease_overlong / transport_parked_commits
[2026-09-06T02:00:45Z ERROR squeezefs::block_allocator] bounded allocation refusing StorageFull after 1025 ms parked with 0 offset(s) still in grace locally (lane harvest horizon 11302 ms): the pressure deadline never fenced within the wall backstop (1000 ms). The refusal is honest and terminal for this write; investigate the membership plane (finding 29)
[2026-09-06T02:00:45Z WARN  squeezefs::fuse_client] write-through failed for ino 2 block 1468 (Io(Custom { kind: StorageFull, error: "I/O error: data volume 'nvme3n1' full: 8183 of 8192 blocks allocated — lane 6 of 16 is exhausted while 0 free block(s) belong to lanes this mount does not own (alloc_lane_enospc_refusals; reach them by adopting a lane whose holder is proven dead, or grow the volume set — docs/operations.md §Multi-writer capacity planning)" })); falling back to staging
[2026-09-06T02:00:45Z ERROR squeezefs::block_allocator] bounded allocation refusing StorageFull after 1027 ms parked with 0 offset(s) still in grace locally (lane harvest horizon 11302 ms): the pressure deadline never fenced within the wall backstop (1000 ms). The refusal is honest and terminal for this write; investigate the membership plane (finding 29)
[2026-09-06T02:00:45Z ERROR squeezefs::block_allocator] bounded allocation refusing StorageFull after 1010 ms parked with 0 offset(s) still in grace locally (lane harvest horizon 11313 ms): the pressure deadline never fenced within the wall backstop (1000 ms). The refusal is honest and terminal for this write; investigate the membership plane (finding 29)
[2026-09-06T02:00:45Z ERROR squeezefs::block_allocator] bounded allocation refusing StorageFull after 1003 ms parked with 0 offset(s) still in grace locally (lane harvest horizon 11315 ms): the pressure deadline never fenced within the wall backstop (1000 ms). The refusal is honest and terminal for this write; investigate the membership plane (finding 29)
[2026-09-06T02:00:45Z ERROR squeezefs::block_allocator] bounded allocation refusing StorageFull after 1042 ms parked with 0 offset(s) still in grace locally (lane harvest horizon 11315 ms): the pressure deadline never fenced within the wall backstop (1000 ms). The refusal is honest and terminal for this write; investigate the membership plane (finding 29)
[2026-09-06T02:00:45Z ERROR squeezefs::block_allocator] bounded allocation refusing StorageFull after 1039 ms parked with 0 offset(s) still in grace locally (lane harvest horizon 11315 ms): the pressure deadline never fenced within the wall backstop (1000 ms). The refusal is honest and terminal for this write; investigate the membership plane (finding 29)
[2026-09-06T02:00:45Z ERROR squeezefs::block_allocator] bounded allocation refusing StorageFull after 1055 ms parked with 0 offset(s) still in grace locally (lane harvest horizon 11315 ms): the pressure deadline never fenced within the wall backstop (1000 ms). The refusal is honest and terminal for this write; investigate the membership plane (finding 29)
[2026-09-06T02:00:45Z WARN  squeezefs::fuse_client] write-through failed for ino 2 block 1439 (Io(Custom { kind: StorageFull, error: "I/O error: data volume 'nvme3n1' full: 8183 of 8192 blocks allocated — lane 6 of 16 is exhausted while 0 free block(s) belong to lanes this mount does not own (alloc_lane_enospc_refusals; reach them by adopting a lane whose holder is proven dead, or grow the volume set — docs/operations.md §Multi-writer capacity planning)" })); falling back to staging
[2026-09-06T02:00:45Z WARN  squeezefs::fuse_client] write-through failed for ino 2 block 1469 (Io(Custom { kind: StorageFull, error: "I/O error: data volume 'nvme3n1' full: 8183 of 8192 blocks allocated — lane 6 of 16 is exhausted while 0 free block(s) belong to lanes this mount does not own (alloc_lane_enospc_refusals; reach them by adopting a lane whose holder is proven dead, or grow the volume set — docs/operations.md §Multi-writer capacity planning)" })); falling back to staging
[2026-09-06T02:00:45Z WARN  squeezefs::fuse_client] write-through failed for ino 2 block 1437 (Io(Custom { kind: StorageFull, error: "I/O error: data volume 'nvme3n1' full: 8183 of 8192 blocks allocated — lane 6 of 16 is exhausted while 0 free block(s) belong to lanes this mount does not own (alloc_lane_enospc_refusals; reach them by adopting a lane whose holder is proven dead, or grow the volume set — docs/operations.md §Multi-writer capacity planning)" })); falling back to staging
[2026-09-06T02:00:45Z ERROR squeezefs::block_allocator] bounded allocation refusing StorageFull after 1032 ms parked with 0 offset(s) still in grace locally (lane harvest horizon 11326 ms): the pressure deadline never fenced within the wall backstop (1000 ms). The refusal is honest and terminal for this write; investigate the membership plane (finding 29)
[2026-09-06T02:00:45Z ERROR squeezefs::block_allocator] bounded allocation refusing StorageFull after 1035 ms parked with 0 offset(s) still in grace locally (lane harvest horizon 11328 ms): the pressure deadline never fenced within the wall backstop (1000 ms). The refusal is honest and terminal for this write; investigate the membership plane (finding 29)
[2026-09-06T02:00:45Z ERROR squeezefs::block_allocator] bounded allocation refusing StorageFull after 1029 ms parked with 0 offset(s) still in grace locally (lane harvest horizon 11327 ms): the pressure deadline never fenced within the wall backstop (1000 ms). The refusal is honest and terminal for this write; investigate the membership plane (finding 29)
[2026-09-06T02:00:45Z ERROR squeezefs::block_allocator] bounded allocation refusing StorageFull after 1045 ms parked with 0 offset(s) still in grace locally (lane harvest horizon 11329 ms): the pressure deadline never fenced within the wall backstop (1000 ms). The refusal is honest and terminal for this write; investigate the membership plane (finding 29)
[2026-09-06T02:00:45Z ERROR squeezefs::block_allocator] bounded allocation refusing StorageFull after 1023 ms parked with 0 offset(s) still in grace locally (lane harvest horizon 11332 ms): the pressure deadline never fenced within the wall backstop (1000 ms). The refusal is honest and terminal for this write; investigate the membership plane (finding 29)
[2026-09-06T02:00:45Z ERROR squeezefs::block_allocator] bounded allocation refusing StorageFull after 1027 ms parked with 0 offset(s) still in grace locally (lane harvest horizon 11332 ms): the pressure deadline never fenced within the wall backstop (1000 ms). The refusal is honest and terminal for this write; investigate the membership plane (finding 29)
[2026-09-06T02:00:45Z ERROR squeezefs::block_allocator] bounded allocation refusing StorageFull after 1027 ms parked with 0 offset(s) still in grace locally (lane harvest horizon 11336 ms): the pressure deadline never fenced within the wall backstop (1000 ms). The refusal is honest and terminal for this write; investigate the membership plane (finding 29)
[2026-09-06T02:00:45Z ERROR squeezefs::block_allocator] bounded allocation refusing StorageFull after 1043 ms parked with 0 offset(s) still in grace locally (lane harvest horizon 11349 ms): the pressure deadline never fenced within the wall backstop (1000 ms). The refusal is honest and terminal for this write; investigate the membership plane (finding 29)
[2026-09-06T02:00:45Z ERROR squeezefs::block_allocator] bounded allocation refusing StorageFull after 1030 ms parked with 0 offset(s) still in grace locally (lane harvest horizon 11513 ms): the pressure deadline never fenced within the wall backstop (1000 ms). The refusal is honest and terminal for this write; investigate the membership plane (finding 29)
[2026-09-06T02:00:45Z WARN  squeezefs::fuse_client] write-through failed for ino 2 block 1470 (Io(Custom { kind: StorageFull, error: "I/O error: data volume 'nvme3n1' full: 8183 of 8192 blocks allocated — lane 6 of 16 is exhausted while 0 free block(s) belong to lanes this mount does not own (alloc_lane_enospc_refusals; reach them by adopting a lane whose holder is proven dead, or grow the volume set — docs/operations.md §Multi-writer capacity planning)" })); falling back to staging
[2026-09-06T02:00:46Z ERROR squeezefs::block_allocator] I/O error: data volume 'nvme3n1' full: 8183 of 8192 blocks allocated — lane 6 of 16 is exhausted while 0 free block(s) belong to lanes this mount does not own (alloc_lane_enospc_refusals; reach them by adopting a lane whose holder is proven dead, or grow the volume set — docs/operations.md §Multi-writer capacity planning)
[2026-09-06T02:00:46Z ERROR squeezefs::block_allocator] bounded allocation refusing StorageFull after 1024 ms parked with 0 offset(s) still in grace locally (lane harvest horizon 9981 ms): the pressure deadline never fenced within the wall backstop (1000 ms). The refusal is honest and terminal for this write; investigate the membership plane (finding 29)
[2026-09-06T02:00:46Z ERROR squeezefs::block_allocator] bounded allocation refusing StorageFull after 1014 ms parked with 0 offset(s) still in grace locally (lane harvest horizon 9999 ms): the pressure deadline never fenced within the wall backstop (1000 ms). The refusal is honest and terminal for this write; investigate the membership plane (finding 29)
[2026-09-06T02:00:46Z WARN  squeezefs::fuse_client] write-through failed for ino 2 block 1502 (Io(Custom { kind: StorageFull, error: "I/O error: data volume 'nvme3n1' full: 8183 of 8192 blocks allocated — lane 6 of 16 is exhausted while 0 free block(s) belong to lanes this mount does not own (alloc_lane_enospc_refusals; reach them by adopting a lane whose holder is proven dead, or grow the volume set — docs/operations.md §Multi-writer capacity planning)" })); falling back to staging
[2026-09-06T02:00:46Z ERROR squeezefs::block_allocator] bounded allocation refusing StorageFull after 1023 ms parked with 0 offset(s) still in grace locally (lane harvest horizon 10001 ms): the pressure deadline never fenced within the wall backstop (1000 ms). The refusal is honest and terminal for this write; investigate the membership plane (finding 29)
[2026-09-06T02:00:46Z WARN  squeezefs::fuse_client] write-through failed for ino 2 block 1436 (Io(Custom { kind: StorageFull, error: "I/O error: data volume 'nvme3n1' full: 8183 of 8192 blocks allocated — lane 6 of 16 is exhausted while 0 free block(s) belong to lanes this mount does not own (alloc_lane_enospc_refusals; reach them by adopting a lane whose holder is proven dead, or grow the volume set — docs/operations.md §Multi-writer capacity planning)" })); falling back to staging
[2026-09-06T02:00:46Z ERROR squeezefs::block_allocator] bounded allocation refusing StorageFull after 1024 ms parked with 0 offset(s) still in grace locally (lane harvest horizon 10003 ms): the pressure deadline never fenced within the wall backstop (1000 ms). The refusal is honest and terminal for this write; investigate the membership plane (finding 29)
[2026-09-06T02:00:46Z WARN  squeezefs::routing] rewrite epoch close for ino 2 failed transiently (Io(Custom { kind: StorageFull, error: "I/O error: data volume 'nvme3n1' full: 8183 of 8192 blocks allocated — lane 6 of 16 is exhausted while 0 free block(s) belong to lanes this mount does not own (alloc_lane_enospc_refusals; reach them by adopting a lane whose holder is proven dead, or grow the volume set — docs/operations.md §Multi-writer capacity planning)" })); the epoch stays registered (never-lossy) — the next close trigger retries
[2026-09-06T02:00:46Z ERROR squeezefs::block_allocator] bounded allocation refusing StorageFull after 1018 ms parked with 0 offset(s) still in grace locally (lane harvest horizon 10005 ms): the pressure deadline never fenced within the wall backstop (1000 ms). The refusal is honest and terminal for this write; investigate the membership plane (finding 29)
[2026-09-06T02:00:46Z ERROR squeezefs::block_allocator] bounded allocation refusing StorageFull after 1016 ms parked with 0 offset(s) still in grace locally (lane harvest horizon 10015 ms): the pressure deadline never fenced within the wall backstop (1000 ms). The refusal is honest and terminal for this write; investigate the membership plane (finding 29)
[2026-09-06T02:00:46Z ERROR squeezefs::block_allocator] bounded allocation refusing StorageFull after 1018 ms parked with 0 offset(s) still in grace locally (lane harvest horizon 10014 ms): the pressure deadline never fenced within the wall backstop (1000 ms). The refusal is honest and terminal for this write; investigate the membership plane (finding 29)
[2026-09-06T02:00:46Z WARN  squeezefs::fuse_client] write-through failed for ino 2 block 1532 (Io(Custom { kind: StorageFull, error: "I/O error: data volume 'nvme3n1' full: 8183 of 8192 blocks allocated — lane 6 of 16 is exhausted while 0 free block(s) belong to lanes this mount does not own (alloc_lane_enospc_refusals; reach them by adopting a lane whose holder is proven dead, or grow the volume set — docs/operations.md §Multi-writer capacity planning)" })); falling back to staging
[2026-09-06T02:00:46Z ERROR fuse3::raw::connection::fuse_over_uring] transport payload lease held 1001 ms (≥ 1 s) — overlong handler invocation or a §5.4 severance escape; watch transport_lease_overlong / transport_parked_commits
[2026-09-06T02:00:46Z ERROR squeezefs::block_allocator] bounded allocation refusing StorageFull after 1019 ms parked with 0 offset(s) still in grace locally (lane harvest horizon 10017 ms): the pressure deadline never fenced within the wall backstop (1000 ms). The refusal is honest and terminal for this write; investigate the membership plane (finding 29)
[2026-09-06T02:00:46Z ERROR squeezefs::block_allocator] bounded allocation refusing StorageFull after 1021 ms parked with 0 offset(s) still in grace locally (lane harvest horizon 10019 ms): the pressure deadline never fenced within the wall backstop (1000 ms). The refusal is honest and terminal for this write; investigate the membership plane (finding 29)
[2026-09-06T02:00:46Z ERROR squeezefs::block_allocator] bounded allocation refusing StorageFull after 1022 ms parked with 0 offset(s) still in grace locally (lane harvest horizon 10020 ms): the pressure deadline never fenced within the wall backstop (1000 ms). The refusal is honest and terminal for this write; investigate the membership plane (finding 29)
[2026-09-06T02:00:46Z ERROR squeezefs::block_allocator] bounded allocation refusing StorageFull after 1022 ms parked with 0 offset(s) still in grace locally (lane harvest horizon 10021 ms): the pressure deadline never fenced within the wall backstop (1000 ms). The refusal is honest and terminal for this write; investigate the membership plane (finding 29)
[2026-09-06T02:00:46Z ERROR squeezefs::block_allocator] bounded allocation refusing StorageFull after 1019 ms parked with 0 offset(s) still in grace locally (lane harvest horizon 10022 ms): the pressure deadline never fenced within the wall backstop (1000 ms). The refusal is honest and terminal for this write; investigate the membership plane (finding 29)
[2026-09-06T02:00:46Z ERROR squeezefs::block_allocator] bounded allocation refusing StorageFull after 1030 ms parked with 0 offset(s) still in grace locally (lane harvest horizon 10030 ms): the pressure deadline never fenced within the wall backstop (1000 ms). The refusal is honest and terminal for this write; investigate the membership plane (finding 29)
[2026-09-06T02:00:46Z ERROR squeezefs::block_allocator] bounded allocation refusing StorageFull after 1031 ms parked with 0 offset(s) still in grace locally (lane harvest horizon 10036 ms): the pressure deadline never fenced within the wall backstop (1000 ms). The refusal is honest and terminal for this write; investigate the membership plane (finding 29)
[2026-09-06T02:00:46Z ERROR squeezefs::block_allocator] bounded allocation refusing StorageFull after 1028 ms parked with 0 offset(s) still in grace locally (lane harvest horizon 10037 ms): the pressure deadline never fenced within the wall backstop (1000 ms). The refusal is honest and terminal for this write; investigate the membership plane (finding 29)
[2026-09-06T02:00:46Z ERROR squeezefs::block_allocator] bounded allocation refusing StorageFull after 1020 ms parked with 0 offset(s) still in grace locally (lane harvest horizon 10032 ms): the pressure deadline never fenced within the wall backstop (1000 ms). The refusal is honest and terminal for this write; investigate the membership plane (finding 29)
[2026-09-06T02:00:46Z WARN  squeezefs::fuse_client] write-through failed for ino 2 block 1596 (Io(Custom { kind: StorageFull, error: "I/O error: data volume 'nvme3n1' full: 8183 of 8192 blocks allocated — lane 6 of 16 is exhausted while 0 free block(s) belong to lanes this mount does not own (alloc_lane_enospc_refusals; reach them by adopting a lane whose holder is proven dead, or grow the volume set — docs/operations.md §Multi-writer capacity planning)" })); falling back to staging
[2026-09-06T02:00:46Z ERROR squeezefs::block_allocator] bounded allocation refusing StorageFull after 1021 ms parked with 0 offset(s) still in grace locally (lane harvest horizon 10035 ms): the pressure deadline never fenced within the wall backstop (1000 ms). The refusal is honest and terminal for this write; investigate the membership plane (finding 29)
[2026-09-06T02:00:46Z ERROR squeezefs::block_allocator] bounded allocation refusing StorageFull after 1024 ms parked with 0 offset(s) still in grace locally (lane harvest horizon 10038 ms): the pressure deadline never fenced within the wall backstop (1000 ms). The refusal is honest and terminal for this write; investigate the membership plane (finding 29)
[2026-09-06T02:00:46Z ERROR squeezefs::block_allocator] bounded allocation refusing StorageFull after 1023 ms parked with 0 offset(s) still in grace locally (lane harvest horizon 10036 ms): the pressure deadline never fenced within the wall backstop (1000 ms). The refusal is honest and terminal for this write; investigate the membership plane (finding 29)
[2026-09-06T02:00:46Z ERROR squeezefs::block_allocator] bounded allocation refusing StorageFull after 1025 ms parked with 0 offset(s) still in grace locally (lane harvest horizon 10037 ms): the pressure deadline never fenced within the wall backstop (1000 ms). The refusal is honest and terminal for this write; investigate the membership plane (finding 29)
[2026-09-06T02:00:46Z ERROR squeezefs::block_allocator] bounded allocation refusing StorageFull after 1019 ms parked with 0 offset(s) still in grace locally (lane harvest horizon 10050 ms): the pressure deadline never fenced within the wall backstop (1000 ms). The refusal is honest and terminal for this write; investigate the membership plane (finding 29)
[2026-09-06T02:00:46Z WARN  squeezefs::fuse_client] write-through failed for ino 2 block 1564 (Io(Custom { kind: StorageFull, error: "I/O error: data volume 'nvme3n1' full: 8183 of 8192 blocks allocated — lane 6 of 16 is exhausted while 0 free block(s) belong to lanes this mount does not own (alloc_lane_enospc_refusals; reach them by adopting a lane whose holder is proven dead, or grow the volume set — docs/operations.md §Multi-writer capacity planning)" })); falling back to staging
[2026-09-06T02:00:46Z ERROR squeezefs::block_allocator] bounded allocation refusing StorageFull after 1025 ms parked with 0 offset(s) still in grace locally (lane harvest horizon 10053 ms): the pressure deadline never fenced within the wall backstop (1000 ms). The refusal is honest and terminal for this write; investigate the membership plane (finding 29)
[2026-09-06T02:00:46Z WARN  squeezefs::fuse_client] write-through failed for ino 2 block 1534 (Io(Custom { kind: StorageFull, error: "I/O error: data volume 'nvme3n1' full: 8183 of 8192 blocks allocated — lane 6 of 16 is exhausted while 0 free block(s) belong to lanes this mount does not own (alloc_lane_enospc_refusals; reach them by adopting a lane whose holder is proven dead, or grow the volume set — docs/operations.md §Multi-writer capacity planning)" })); falling back to staging
[2026-09-06T02:00:46Z ERROR squeezefs::block_allocator] bounded allocation refusing StorageFull after 1025 ms parked with 0 offset(s) still in grace locally (lane harvest horizon 10054 ms): the pressure deadline never fenced within the wall backstop (1000 ms). The refusal is honest and terminal for this write; investigate the membership plane (finding 29)
[2026-09-06T02:00:46Z WARN  squeezefs::fuse_client] write-through failed for ino 2 block 1533 (Io(Custom { kind: StorageFull, error: "I/O error: data volume 'nvme3n1' full: 8183 of 8192 blocks allocated — lane 6 of 16 is exhausted while 0 free block(s) belong to lanes this mount does not own (alloc_lane_enospc_refusals; reach them by adopting a lane whose holder is proven dead, or grow the volume set — docs/operations.md §Multi-writer capacity planning)" })); falling back to staging
[2026-09-06T02:00:46Z ERROR squeezefs::block_allocator] bounded allocation refusing StorageFull after 1022 ms parked with 0 offset(s) still in grace locally (lane harvest horizon 10055 ms): the pressure deadline never fenced within the wall backstop (1000 ms). The refusal is honest and terminal for this write; investigate the membership plane (finding 29)
[2026-09-06T02:00:46Z WARN  squeezefs::fuse_client] write-through failed for ino 2 block 1566 (Io(Custom { kind: StorageFull, error: "I/O error: data volume 'nvme3n1' full: 8183 of 8192 blocks allocated — lane 6 of 16 is exhausted while 0 free block(s) belong to lanes this mount does not own (alloc_lane_enospc_refusals; reach them by adopting a lane whose holder is proven dead, or grow the volume set — docs/operations.md §Multi-writer capacity planning)" })); falling back to staging
[2026-09-06T02:00:46Z ERROR fuse3::raw::connection::fuse_over_uring] transport payload lease held 1185 ms (≥ 1 s) — overlong handler invocation or a §5.4 severance escape; watch transport_lease_overlong / transport_parked_commits
[2026-09-06T02:00:46Z ERROR squeezefs::block_allocator] bounded allocation refusing StorageFull after 1037 ms parked with 0 offset(s) still in grace locally (lane harvest horizon 10253 ms): the pressure deadline never fenced within the wall backstop (1000 ms). The refusal is honest and terminal for this write; investigate the membership plane (finding 29)
[2026-09-06T02:00:47Z ERROR squeezefs::meta_ship::publish] S9: the authority refused 1 shipped free(s) (vol_tag 0xc5e11286df218556, request 8539): already free/graced/quarantined — the double-release lineage, surfaced on the authority's own tripwire
[2026-09-06T02:00:48Z ERROR squeezefs::meta_ship::publish] S9: the authority refused 1 shipped free(s) (vol_tag 0xc5e11286df218556, request 8543): already free/graced/quarantined — the double-release lineage, surfaced on the authority's own tripwire
[2026-09-06T02:00:48Z ERROR squeezefs::meta_ship::publish] S9: the authority refused 1 shipped free(s) (vol_tag 0xc5e11286df218556, request 8547): already free/graced/quarantined — the double-release lineage, surfaced on the authority's own tripwire
[2026-09-06T02:00:48Z ERROR squeezefs::meta_ship::publish] S9: the authority refused 1 shipped free(s) (vol_tag 0xc5e11286df218556, request 8551): already free/graced/quarantined — the double-release lineage, surfaced on the authority's own tripwire
[2026-09-06T02:00:48Z ERROR squeezefs::meta_ship::publish] S9: the authority refused 1 shipped free(s) (vol_tag 0xc5e11286df218556, request 8555): already free/graced/quarantined — the double-release lineage, surfaced on the authority's own tripwire
[2026-09-06T02:00:48Z ERROR squeezefs::meta_ship::publish] S9: the authority refused 1 shipped free(s) (vol_tag 0xc5e11286df218556, request 8559): already free/graced/quarantined — the double-release lineage, surfaced on the authority's own tripwire
[2026-09-06T02:00:48Z ERROR squeezefs::meta_ship::publish] S9: the authority refused 1 shipped free(s) (vol_tag 0xc5e11286df218556, request 8564): already free/graced/quarantined — the double-release lineage, surfaced on the authority's own tripwire
[2026-09-06T02:00:48Z ERROR squeezefs::meta_ship::publish] S9: the authority refused 1 shipped free(s) (vol_tag 0xc5e11286df218556, request 8568): already free/graced/quarantined — the double-release lineage, surfaced on the authority's own tripwire
[2026-09-06T02:00:48Z ERROR squeezefs::meta_ship::publish] S9: the authority refused 1 shipped free(s) (vol_tag 0xc5e11286df218556, request 8572): already free/graced/quarantined — the double-release lineage, surfaced on the authority's own tripwire
[2026-09-06T02:00:48Z ERROR squeezefs::meta_ship::publish] S9: the authority refused 1 shipped free(s) (vol_tag 0xc5e11286df218556, request 8576): already free/graced/quarantined — the double-release lineage, surfaced on the authority's own tripwire
[2026-09-06T02:00:48Z ERROR squeezefs::meta_ship::publish] S9: the authority refused 1 shipped free(s) (vol_tag 0xc5e11286df218556, request 8580): already free/graced/quarantined — the double-release lineage, surfaced on the authority's own tripwire
[2026-09-06T02:00:48Z ERROR squeezefs::meta_ship::publish] S9: the authority refused 1 shipped free(s) (vol_tag 0xc5e11286df218556, request 8585): already free/graced/quarantined — the double-release lineage, surfaced on the authority's own tripwire
[2026-09-06T02:00:48Z ERROR squeezefs::meta_ship::publish] S9: the authority refused 1 shipped free(s) (vol_tag 0xc5e11286df218556, request 8589): already free/graced/quarantined — the double-release lineage, surfaced on the authority's own tripwire
[2026-09-06T02:00:48Z ERROR squeezefs::meta_ship::publish] S9: the authority refused 1 shipped free(s) (vol_tag 0xc5e11286df218556, request 8593): already free/graced/quarantined — the double-release lineage, surfaced on the authority's own tripwire
[2026-09-06T02:00:48Z ERROR squeezefs::meta_ship::publish] S9: the authority refused 1 shipped free(s) (vol_tag 0xc5e11286df218556, request 8597): already free/graced/quarantined — the double-release lineage, surfaced on the authority's own tripwire
[2026-09-06T02:00:49Z ERROR squeezefs::meta_ship::publish] S9: the authority refused 1 shipped free(s) (vol_tag 0xc5e11286df218556, request 8601): already free/graced/quarantined — the double-release lineage, surfaced on the authority's own tripwire
[2026-09-06T02:00:49Z ERROR squeezefs::meta_ship::publish] S9: the authority refused 1 shipped free(s) (vol_tag 0xc5e11286df218556, request 8605): already free/graced/quarantined — the double-release lineage, surfaced on the authority's own tripwire
[2026-09-06T02:00:49Z ERROR squeezefs::meta_ship::publish] S9: the authority refused 1 shipped free(s) (vol_tag 0xc5e11286df218556, request 8609): already free/graced/quarantined — the double-release lineage, surfaced on the authority's own tripwire
[2026-09-06T02:00:49Z ERROR squeezefs::meta_ship::publish] S9: the authority refused 1 shipped free(s) (vol_tag 0xc5e11286df218556, request 8613): already free/graced/quarantined — the double-release lineage, surfaced on the authority's own tripwire
[2026-09-06T02:00:49Z ERROR squeezefs::meta_ship::publish] S9: the authority refused 1 shipped free(s) (vol_tag 0xc5e11286df218556, request 8618): already free/graced/quarantined — the double-release lineage, surfaced on the authority's own tripwire
[2026-09-06T02:00:49Z ERROR squeezefs::meta_ship::publish] S9: the authority refused 1 shipped free(s) (vol_tag 0xc5e11286df218556, request 8621): already free/graced/quarantined — the double-release lineage, surfaced on the authority's own tripwire
[2026-09-06T02:00:49Z ERROR squeezefs::meta_ship::publish] S9: the authority refused 1 shipped free(s) (vol_tag 0xc5e11286df218556, request 8625): already free/graced/quarantined — the double-release lineage, surfaced on the authority's own tripwire
[2026-09-06T02:00:49Z ERROR squeezefs::meta_ship::publish] S9: the authority refused 1 shipped free(s) (vol_tag 0xc5e11286df218556, request 8629): already free/graced/quarantined — the double-release lineage, surfaced on the authority's own tripwire
[2026-09-06T02:00:49Z ERROR squeezefs::meta_ship::publish] S9: the authority refused 1 shipped free(s) (vol_tag 0xc5e11286df218556, request 8633): already free/graced/quarantined — the double-release lineage, surfaced on the authority's own tripwire
[2026-09-06T02:00:49Z ERROR squeezefs::meta_ship::publish] S9: the authority refused 1 shipped free(s) (vol_tag 0xc5e11286df218556, request 8637): already free/graced/quarantined — the double-release lineage, surfaced on the authority's own tripwire
[2026-09-06T02:00:49Z ERROR squeezefs::meta_ship::publish] S9: the authority refused 1 shipped free(s) (vol_tag 0xc5e11286df218556, request 8641): already free/graced/quarantined — the double-release lineage, surfaced on the authority's own tripwire
[2026-09-06T02:00:49Z ERROR squeezefs::meta_ship::publish] S9: the authority refused 1 shipped free(s) (vol_tag 0xc5e11286df218556, request 8646): already free/graced/quarantined — the double-release lineage, surfaced on the authority's own tripwire
[2026-09-06T02:00:49Z ERROR squeezefs::meta_ship::publish] S9: the authority refused 1 shipped free(s) (vol_tag 0xc5e11286df218556, request 8650): already free/graced/quarantined — the double-release lineage, surfaced on the authority's own tripwire
[2026-09-06T02:00:49Z ERROR squeezefs::meta_ship::publish] S9: the authority refused 1 shipped free(s) (vol_tag 0xc5e11286df218556, request 8654): already free/graced/quarantined — the double-release lineage, surfaced on the authority's own tripwire
[2026-09-06T02:00:50Z ERROR squeezefs::meta_ship::publish] S9: the authority refused 1 shipped free(s) (vol_tag 0xc5e11286df218556, request 8658): already free/graced/quarantined — the double-release lineage, surfaced on the authority's own tripwire
[2026-09-06T02:00:50Z ERROR squeezefs::meta_ship::publish] S9: the authority refused 1 shipped free(s) (vol_tag 0xc5e11286df218556, request 8662): already free/graced/quarantined — the double-release lineage, surfaced on the authority's own tripwire
[2026-09-06T02:00:50Z ERROR squeezefs::meta_ship::publish] S9: the authority refused 1 shipped free(s) (vol_tag 0xc5e11286df218556, request 8666): already free/graced/quarantined — the double-release lineage, surfaced on the authority's own tripwire
[2026-09-06T02:00:50Z ERROR squeezefs::meta_ship::publish] S9: the authority refused 1 shipped free(s) (vol_tag 0xc5e11286df218556, request 8670): already free/graced/quarantined — the double-release lineage, surfaced on the authority's own tripwire
[2026-09-06T02:00:50Z ERROR squeezefs::meta_ship::publish] S9: the authority refused 1 shipped free(s) (vol_tag 0xc5e11286df218556, request 8674): already free/graced/quarantined — the double-release lineage, surfaced on the authority's own tripwire
[2026-09-06T02:00:50Z ERROR squeezefs::meta_ship::publish] S9: the authority refused 1 shipped free(s) (vol_tag 0xc5e11286df218556, request 8678): already free/graced/quarantined — the double-release lineage, surfaced on the authority's own tripwire
[2026-09-06T02:00:50Z ERROR squeezefs::meta_ship::publish] S9: the authority refused 1 shipped free(s) (vol_tag 0xc5e11286df218556, request 8683): already free/graced/quarantined — the double-release lineage, surfaced on the authority's own tripwire
[2026-09-06T02:00:50Z ERROR squeezefs::meta_ship::publish] S9: the authority refused 1 shipped free(s) (vol_tag 0xc5e11286df218556, request 8690): already free/graced/quarantined — the double-release lineage, surfaced on the authority's own tripwire
[2026-09-06T02:00:50Z ERROR squeezefs::meta_ship::publish] S9: the authority refused 1 shipped free(s) (vol_tag 0xc5e11286df218556, request 8687): already free/graced/quarantined — the double-release lineage, surfaced on the authority's own tripwire
[2026-09-06T02:00:51Z ERROR squeezefs::meta_ship::publish] S9: the authority refused 1 shipped free(s) (vol_tag 0xc5e11286df218556, request 8701): already free/graced/quarantined — the double-release lineage, surfaced on the authority's own tripwire
[2026-09-06T02:01:26Z ERROR fuse3::raw::connection::fuse_over_uring] transport payload lease held 1191 ms (≥ 1 s) — overlong handler invocation or a §5.4 severance escape; watch transport_lease_overlong / transport_parked_commits
[2026-09-06T02:01:28Z ERROR fuse3::raw::connection::fuse_over_uring] transport payload lease held 2418 ms (≥ 1 s) — overlong handler invocation or a §5.4 severance escape; watch transport_lease_overlong / transport_parked_commits
[2026-09-06T02:01:28Z ERROR fuse3::raw::connection::fuse_over_uring] transport payload lease held 2436 ms (≥ 1 s) — overlong handler invocation or a §5.4 severance escape; watch transport_lease_overlong / transport_parked_commits
[2026-09-06T02:01:28Z ERROR fuse3::raw::connection::fuse_over_uring] transport payload lease held 2436 ms (≥ 1 s) — overlong handler invocation or a §5.4 severance escape; watch transport_lease_overlong / transport_parked_commits
[2026-09-06T02:01:28Z ERROR fuse3::raw::connection::fuse_over_uring] transport payload lease held 1932 ms (≥ 1 s) — overlong handler invocation or a §5.4 severance escape; watch transport_lease_overlong / transport_parked_commits
[2026-09-06T02:01:28Z ERROR fuse3::raw::connection::fuse_over_uring] transport payload lease held 2639 ms (≥ 1 s) — overlong handler invocation or a §5.4 severance escape; watch transport_lease_overlong / transport_parked_commits
[2026-09-06T02:01:28Z ERROR fuse3::raw::connection::fuse_over_uring] transport payload lease held 2558 ms (≥ 1 s) — overlong handler invocation or a §5.4 severance escape; watch transport_lease_overlong / transport_parked_commits
[2026-09-06T02:01:29Z ERROR fuse3::raw::connection::fuse_over_uring] transport payload lease held 2572 ms (≥ 1 s) — overlong handler invocation or a §5.4 severance escape; watch transport_lease_overlong / transport_parked_commits
[2026-09-06T02:01:29Z ERROR fuse3::raw::connection::fuse_over_uring] transport payload lease held 2892 ms (≥ 1 s) — overlong handler invocation or a §5.4 severance escape; watch transport_lease_overlong / transport_parked_commits
[2026-09-06T02:01:29Z ERROR fuse3::raw::connection::fuse_over_uring] transport payload lease held 2893 ms (≥ 1 s) — overlong handler invocation or a §5.4 severance escape; watch transport_lease_overlong / transport_parked_commits
[2026-09-06T02:01:29Z ERROR fuse3::raw::connection::fuse_over_uring] transport payload lease held 2718 ms (≥ 1 s) — overlong handler invocation or a §5.4 severance escape; watch transport_lease_overlong / transport_parked_commits
[2026-09-06T02:01:29Z ERROR fuse3::raw::connection::fuse_over_uring] transport payload lease held 2718 ms (≥ 1 s) — overlong handler invocation or a §5.4 severance escape; watch transport_lease_overlong / transport_parked_commits
[2026-09-06T02:01:29Z ERROR fuse3::raw::connection::fuse_over_uring] transport payload lease held 3005 ms (≥ 1 s) — overlong handler invocation or a §5.4 severance escape; watch transport_lease_overlong / transport_parked_commits
[2026-09-06T02:01:29Z ERROR fuse3::raw::connection::fuse_over_uring] transport payload lease held 2924 ms (≥ 1 s) — overlong handler invocation or a §5.4 severance escape; watch transport_lease_overlong / transport_parked_commits
[2026-09-06T02:01:29Z ERROR fuse3::raw::connection::fuse_over_uring] transport payload lease held 2924 ms (≥ 1 s) — overlong handler invocation or a §5.4 severance escape; watch transport_lease_overlong / transport_parked_commits
[2026-09-06T02:01:29Z ERROR fuse3::raw::connection::fuse_over_uring] transport payload lease held 2924 ms (≥ 1 s) — overlong handler invocation or a §5.4 severance escape; watch transport_lease_overlong / transport_parked_commits
[2026-09-06T02:01:29Z ERROR fuse3::raw::connection::fuse_over_uring] transport payload lease held 2924 ms (≥ 1 s) — overlong handler invocation or a §5.4 severance escape; watch transport_lease_overlong / transport_parked_commits
[2026-09-06T02:01:29Z ERROR fuse3::raw::connection::fuse_over_uring] transport payload lease held 2924 ms (≥ 1 s) — overlong handler invocation or a §5.4 severance escape; watch transport_lease_overlong / transport_parked_commits
[2026-09-06T02:01:29Z ERROR fuse3::raw::connection::fuse_over_uring] transport payload lease held 2924 ms (≥ 1 s) — overlong handler invocation or a §5.4 severance escape; watch transport_lease_overlong / transport_parked_commits
[2026-09-06T02:01:29Z ERROR fuse3::raw::connection::fuse_over_uring] transport payload lease held 2924 ms (≥ 1 s) — overlong handler invocation or a §5.4 severance escape; watch transport_lease_overlong / transport_parked_commits
[2026-09-06T02:01:29Z ERROR fuse3::raw::connection::fuse_over_uring] transport payload lease held 2924 ms (≥ 1 s) — overlong handler invocation or a §5.4 severance escape; watch transport_lease_overlong / transport_parked_commits
[2026-09-06T02:01:29Z ERROR fuse3::raw::connection::fuse_over_uring] transport payload lease held 2924 ms (≥ 1 s) — overlong handler invocation or a §5.4 severance escape; watch transport_lease_overlong / transport_parked_commits
[2026-09-06T02:01:29Z ERROR fuse3::raw::connection::fuse_over_uring] transport payload lease held 2924 ms (≥ 1 s) — overlong handler invocation or a §5.4 severance escape; watch transport_lease_overlong / transport_parked_commits
[2026-09-06T02:01:29Z ERROR fuse3::raw::connection::fuse_over_uring] transport payload lease held 2924 ms (≥ 1 s) — overlong handler invocation or a §5.4 severance escape; watch transport_lease_overlong / transport_parked_commits
[2026-09-06T02:01:29Z ERROR fuse3::raw::connection::fuse_over_uring] transport payload lease held 2523 ms (≥ 1 s) — overlong handler invocation or a §5.4 severance escape; watch transport_lease_overlong / transport_parked_commits
[2026-09-06T02:01:29Z ERROR fuse3::raw::connection::fuse_over_uring] transport payload lease held 2476 ms (≥ 1 s) — overlong handler invocation or a §5.4 severance escape; watch transport_lease_overlong / transport_parked_commits
[2026-09-06T02:01:29Z ERROR fuse3::raw::connection::fuse_over_uring] transport payload lease held 2474 ms (≥ 1 s) — overlong handler invocation or a §5.4 severance escape; watch transport_lease_overlong / transport_parked_commits
[2026-09-06T02:01:29Z ERROR fuse3::raw::connection::fuse_over_uring] transport payload lease held 2437 ms (≥ 1 s) — overlong handler invocation or a §5.4 severance escape; watch transport_lease_overlong / transport_parked_commits
[2026-09-06T02:01:29Z ERROR fuse3::raw::connection::fuse_over_uring] transport payload lease held 2437 ms (≥ 1 s) — overlong handler invocation or a §5.4 severance escape; watch transport_lease_overlong / transport_parked_commits
[2026-09-06T02:01:29Z ERROR fuse3::raw::connection::fuse_over_uring] transport payload lease held 2212 ms (≥ 1 s) — overlong handler invocation or a §5.4 severance escape; watch transport_lease_overlong / transport_parked_commits
[2026-09-06T02:01:29Z ERROR fuse3::raw::connection::fuse_over_uring] transport payload lease held 2407 ms (≥ 1 s) — overlong handler invocation or a §5.4 severance escape; watch transport_lease_overlong / transport_parked_commits
[2026-09-06T02:01:29Z ERROR fuse3::raw::connection::fuse_over_uring] transport payload lease held 2189 ms (≥ 1 s) — overlong handler invocation or a §5.4 severance escape; watch transport_lease_overlong / transport_parked_commits
[2026-09-06T02:01:29Z ERROR fuse3::raw::connection::fuse_over_uring] transport payload lease held 2097 ms (≥ 1 s) — overlong handler invocation or a §5.4 severance escape; watch transport_lease_overlong / transport_parked_commits
[2026-09-06T02:01:29Z ERROR fuse3::raw::connection::fuse_over_uring] transport payload lease held 1778 ms (≥ 1 s) — overlong handler invocation or a §5.4 severance escape; watch transport_lease_overlong / transport_parked_commits
[2026-09-06T02:01:29Z ERROR fuse3::raw::connection::fuse_over_uring] transport payload lease held 1525 ms (≥ 1 s) — overlong handler invocation or a §5.4 severance escape; watch transport_lease_overlong / transport_parked_commits
[2026-09-06T02:01:29Z ERROR fuse3::raw::connection::fuse_over_uring] transport payload lease held 1762 ms (≥ 1 s) — overlong handler invocation or a §5.4 severance escape; watch transport_lease_overlong / transport_parked_commits
[2026-09-06T02:01:29Z ERROR fuse3::raw::connection::fuse_over_uring] transport payload lease held 1968 ms (≥ 1 s) — overlong handler invocation or a §5.4 severance escape; watch transport_lease_overlong / transport_parked_commits
[2026-09-06T02:01:29Z ERROR fuse3::raw::connection::fuse_over_uring] transport payload lease held 3366 ms (≥ 1 s) — overlong handler invocation or a §5.4 severance escape; watch transport_lease_overlong / transport_parked_commits
[2026-09-06T02:01:30Z ERROR fuse3::raw::connection::fuse_over_uring] transport payload lease held 1029 ms (≥ 1 s) — overlong handler invocation or a §5.4 severance escape; watch transport_lease_overlong / transport_parked_commits
[2026-09-06T02:01:30Z ERROR fuse3::raw::connection::fuse_over_uring] transport payload lease held 1029 ms (≥ 1 s) — overlong handler invocation or a §5.4 severance escape; watch transport_lease_overlong / transport_parked_commits
[2026-09-06T02:01:30Z ERROR squeezefs::meta_ship::publish] S9: the authority refused 1 shipped free(s) (vol_tag 0xc5e11286df218556, request 8711): already free/graced/quarantined — the double-release lineage, surfaced on the authority's own tripwire
[2026-09-06T02:01:30Z ERROR squeezefs::meta_ship::publish] S9: the authority refused 1 shipped free(s) (vol_tag 0xc5e11286df218556, request 8716): already free/graced/quarantined — the double-release lineage, surfaced on the authority's own tripwire
[2026-09-06T02:01:30Z ERROR squeezefs::meta_ship::publish] S9: the authority refused 1 shipped free(s) (vol_tag 0xc5e11286df218556, request 8720): already free/graced/quarantined — the double-release lineage, surfaced on the authority's own tripwire
[2026-09-06T02:01:30Z ERROR squeezefs::meta_ship::publish] S9: the authority refused 1 shipped free(s) (vol_tag 0xc5e11286df218556, request 8724): already free/graced/quarantined — the double-release lineage, surfaced on the authority's own tripwire
[2026-09-06T02:01:30Z ERROR squeezefs::meta_ship::publish] S9: the authority refused 1 shipped free(s) (vol_tag 0xc5e11286df218556, request 8728): already free/graced/quarantined — the double-release lineage, surfaced on the authority's own tripwire
[2026-09-06T02:01:31Z ERROR squeezefs::meta_ship::publish] S9: the authority refused 1 shipped free(s) (vol_tag 0xc5e11286df218556, request 8732): already free/graced/quarantined — the double-release lineage, surfaced on the authority's own tripwire
[2026-09-06T02:01:31Z ERROR squeezefs::meta_ship::publish] S9: the authority refused 1 shipped free(s) (vol_tag 0xc5e11286df218556, request 8736): already free/graced/quarantined — the double-release lineage, surfaced on the authority's own tripwire
[2026-09-06T02:01:31Z ERROR squeezefs::meta_ship::publish] S9: the authority refused 1 shipped free(s) (vol_tag 0xc5e11286df218556, request 8740): already free/graced/quarantined — the double-release lineage, surfaced on the authority's own tripwire
[2026-09-06T02:01:31Z ERROR squeezefs::meta_ship::publish] S9: the authority refused 1 shipped free(s) (vol_tag 0xc5e11286df218556, request 8744): already free/graced/quarantined — the double-release lineage, surfaced on the authority's own tripwire
[2026-09-06T02:01:31Z ERROR squeezefs::meta_ship::publish] S9: the authority refused 1 shipped free(s) (vol_tag 0xc5e11286df218556, request 8748): already free/graced/quarantined — the double-release lineage, surfaced on the authority's own tripwire
[2026-09-06T02:01:31Z ERROR squeezefs::meta_ship::publish] S9: the authority refused 1 shipped free(s) (vol_tag 0xc5e11286df218556, request 8752): already free/graced/quarantined — the double-release lineage, surfaced on the authority's own tripwire
[2026-09-06T02:01:31Z ERROR squeezefs::meta_ship::publish] S9: the authority refused 1 shipped free(s) (vol_tag 0xc5e11286df218556, request 8756): already free/graced/quarantined — the double-release lineage, surfaced on the authority's own tripwire
[2026-09-06T02:01:31Z ERROR squeezefs::meta_ship::publish] S9: the authority refused 1 shipped free(s) (vol_tag 0xc5e11286df218556, request 8760): already free/graced/quarantined — the double-release lineage, surfaced on the authority's own tripwire
[2026-09-06T02:01:31Z ERROR squeezefs::meta_ship::publish] S9: the authority refused 1 shipped free(s) (vol_tag 0xc5e11286df218556, request 8764): already free/graced/quarantined — the double-release lineage, surfaced on the authority's own tripwire
[2026-09-06T02:01:31Z ERROR squeezefs::meta_ship::publish] S9: the authority refused 1 shipped free(s) (vol_tag 0xc5e11286df218556, request 8768): already free/graced/quarantined — the double-release lineage, surfaced on the authority's own tripwire
[2026-09-06T02:01:31Z ERROR squeezefs::meta_ship::publish] S9: the authority refused 1 shipped free(s) (vol_tag 0xc5e11286df218556, request 8772): already free/graced/quarantined — the double-release lineage, surfaced on the authority's own tripwire
[2026-09-06T02:01:31Z ERROR squeezefs::meta_ship::publish] S9: the authority refused 1 shipped free(s) (vol_tag 0xc5e11286df218556, request 8776): already free/graced/quarantined — the double-release lineage, surfaced on the authority's own tripwire
[2026-09-06T02:01:31Z ERROR squeezefs::meta_ship::publish] S9: the authority refused 1 shipped free(s) (vol_tag 0xc5e11286df218556, request 8780): already free/graced/quarantined — the double-release lineage, surfaced on the authority's own tripwire
[2026-09-06T02:01:31Z ERROR squeezefs::meta_ship::publish] S9: the authority refused 1 shipped free(s) (vol_tag 0xc5e11286df218556, request 8785): already free/graced/quarantined — the double-release lineage, surfaced on the authority's own tripwire
[2026-09-06T02:01:31Z ERROR squeezefs::meta_ship::publish] S9: the authority refused 1 shipped free(s) (vol_tag 0xc5e11286df218556, request 8789): already free/graced/quarantined — the double-release lineage, surfaced on the authority's own tripwire
[2026-09-06T02:01:31Z ERROR squeezefs::meta_ship::publish] S9: the authority refused 1 shipped free(s) (vol_tag 0xc5e11286df218556, request 8793): already free/graced/quarantined — the double-release lineage, surfaced on the authority's own tripwire
[2026-09-06T02:01:31Z ERROR squeezefs::block_allocator] I/O error: data volume 'nvme4n1' full: 8183 of 8192 blocks allocated — lane 6 of 16 is exhausted while 0 free block(s) belong to lanes this mount does not own (alloc_lane_enospc_refusals; reach them by adopting a lane whose holder is proven dead, or grow the volume set — docs/operations.md §Multi-writer capacity planning)
[2026-09-06T02:01:32Z ERROR squeezefs::block_allocator] I/O error: data volume 'nvme4n1' full: 8183 of 8192 blocks allocated — lane 6 of 16 is exhausted while 0 free block(s) belong to lanes this mount does not own (alloc_lane_enospc_refusals; reach them by adopting a lane whose holder is proven dead, or grow the volume set — docs/operations.md §Multi-writer capacity planning)
[2026-09-06T02:01:32Z ERROR squeezefs::block_allocator] bounded allocation refusing StorageFull after 1010 ms parked with 0 offset(s) still in grace locally (lane harvest horizon 23016 ms): the pressure deadline never fenced within the wall backstop (1000 ms). The refusal is honest and terminal for this write; investigate the membership plane (finding 29)
[2026-09-06T02:01:32Z WARN  squeezefs::block_allocator] co-writer: abandoning never-published block offset(s) leak-safe (volume 'nvme4n1', first offset 30291263488): the publish that would have named them failed or refused, and a co-writer may not mutate ownership accounting — the next derivation (mount recovery / fsck C6) returns them to the free supply (cowriter_unpublished_abandons; further offsets at debug level)
[2026-09-06T02:01:33Z ERROR squeezefs::block_allocator] I/O error: data volume 'nvme4n1' full: 8183 of 8192 blocks allocated — lane 6 of 16 is exhausted while 0 free block(s) belong to lanes this mount does not own (alloc_lane_enospc_refusals; reach them by adopting a lane whose holder is proven dead, or grow the volume set — docs/operations.md §Multi-writer capacity planning)
[2026-09-06T02:01:33Z ERROR squeezefs::block_allocator] bounded allocation refusing StorageFull after 1010 ms parked with 0 offset(s) still in grace locally (lane harvest horizon 13886 ms): the pressure deadline never fenced within the wall backstop (1000 ms). The refusal is honest and terminal for this write; investigate the membership plane (finding 29)
[2026-09-06T02:01:33Z WARN  squeezefs::fuse_client] fsync durable upload failed for ino 2 block 1116 (Io(Custom { kind: StorageFull, error: "I/O error: data volume 'nvme4n1' full: 8183 of 8192 blocks allocated — lane 6 of 16 is exhausted while 0 free block(s) belong to lanes this mount does not own (alloc_lane_enospc_refusals; reach them by adopting a lane whose holder is proven dead, or grow the volume set — docs/operations.md §Multi-writer capacity planning)" })); preserving the acked bytes in staging and failing the fsync
[2026-09-06T02:01:34Z ERROR squeezefs::block_allocator] I/O error: data volume 'nvme4n1' full: 8183 of 8192 blocks allocated — lane 6 of 16 is exhausted while 0 free block(s) belong to lanes this mount does not own (alloc_lane_enospc_refusals; reach them by adopting a lane whose holder is proven dead, or grow the volume set — docs/operations.md §Multi-writer capacity planning)
[2026-09-06T02:01:34Z ERROR squeezefs::block_allocator] bounded allocation refusing StorageFull after 1011 ms parked with 0 offset(s) still in grace locally (lane harvest horizon 14897 ms): the pressure deadline never fenced within the wall backstop (1000 ms). The refusal is honest and terminal for this write; investigate the membership plane (finding 29)
[2026-09-06T02:01:34Z ERROR squeezefs::fuse_client] FUSE Fsync failed for ino 2: Io(Custom { kind: StorageFull, error: "I/O error: data volume 'nvme4n1' full: 8183 of 8192 blocks allocated — lane 6 of 16 is exhausted while 0 free block(s) belong to lanes this mount does not own (alloc_lane_enospc_refusals; reach them by adopting a lane whose holder is proven dead, or grow the volume set — docs/operations.md §Multi-writer capacity planning)" })
[2026-09-06T02:01:34Z ERROR squeezefs::fuse_client] Squeezefs operational error: Io(Custom { kind: StorageFull, error: "I/O error: data volume 'nvme4n1' full: 8183 of 8192 blocks allocated — lane 6 of 16 is exhausted while 0 free block(s) belong to lanes this mount does not own (alloc_lane_enospc_refusals; reach them by adopting a lane whose holder is proven dead, or grow the volume set — docs/operations.md §Multi-writer capacity planning)" })
[2026-09-06T02:01:35Z ERROR squeezefs::block_allocator] I/O error: data volume 'nvme4n1' full: 8183 of 8192 blocks allocated — lane 6 of 16 is exhausted while 0 free block(s) belong to lanes this mount does not own (alloc_lane_enospc_refusals; reach them by adopting a lane whose holder is proven dead, or grow the volume set — docs/operations.md §Multi-writer capacity planning)
[2026-09-06T02:01:35Z ERROR squeezefs::block_allocator] bounded allocation refusing StorageFull after 1011 ms parked with 0 offset(s) still in grace locally (lane harvest horizon 15870 ms): the pressure deadline never fenced within the wall backstop (1000 ms). The refusal is honest and terminal for this write; investigate the membership plane (finding 29)
[2026-09-06T02:01:35Z ERROR squeezefs::block_allocator] bounded allocation refusing StorageFull after 1009 ms parked with 0 offset(s) still in grace locally (lane harvest horizon 15873 ms): the pressure deadline never fenced within the wall backstop (1000 ms). The refusal is honest and terminal for this write; investigate the membership plane (finding 29)
[2026-09-06T02:01:35Z ERROR squeezefs::block_allocator] bounded allocation refusing StorageFull after 1013 ms parked with 0 offset(s) still in grace locally (lane harvest horizon 15879 ms): the pressure deadline never fenced within the wall backstop (1000 ms). The refusal is honest and terminal for this write; investigate the membership plane (finding 29)
[2026-09-06T02:01:35Z ERROR squeezefs::block_allocator] bounded allocation refusing StorageFull after 1009 ms parked with 0 offset(s) still in grace locally (lane harvest horizon 15880 ms): the pressure deadline never fenced within the wall backstop (1000 ms). The refusal is honest and terminal for this write; investigate the membership plane (finding 29)
[2026-09-06T02:01:35Z ERROR squeezefs::block_allocator] bounded allocation refusing StorageFull after 1014 ms parked with 0 offset(s) still in grace locally (lane harvest horizon 15882 ms): the pressure deadline never fenced within the wall backstop (1000 ms). The refusal is honest and terminal for this write; investigate the membership plane (finding 29)
[2026-09-06T02:01:35Z ERROR squeezefs::block_allocator] bounded allocation refusing StorageFull after 1016 ms parked with 0 offset(s) still in grace locally (lane harvest horizon 15884 ms): the pressure deadline never fenced within the wall backstop (1000 ms). The refusal is honest and terminal for this write; investigate the membership plane (finding 29)
[2026-09-06T02:01:35Z ERROR fuse3::raw::connection::fuse_over_uring] transport payload lease held 1010 ms (≥ 1 s) — overlong handler invocation or a §5.4 severance escape; watch transport_lease_overlong / transport_parked_commits
[2026-09-06T02:01:35Z ERROR squeezefs::meta_ship::publish] S9: the authority refused 1 shipped free(s) (vol_tag 0xc5e11286df218556, request 9074): already free/graced/quarantined — the double-release lineage, surfaced on the authority's own tripwire
[2026-09-06T02:01:35Z ERROR squeezefs::block_allocator] bounded allocation refusing StorageFull after 1015 ms parked with 0 offset(s) still in grace locally (lane harvest horizon 15887 ms): the pressure deadline never fenced within the wall backstop (1000 ms). The refusal is honest and terminal for this write; investigate the membership plane (finding 29)
[2026-09-06T02:01:35Z ERROR squeezefs::block_allocator] bounded allocation refusing StorageFull after 1017 ms parked with 0 offset(s) still in grace locally (lane harvest horizon 15889 ms): the pressure deadline never fenced within the wall backstop (1000 ms). The refusal is honest and terminal for this write; investigate the membership plane (finding 29)
[2026-09-06T02:01:35Z ERROR fuse3::raw::connection::fuse_over_uring] transport payload lease held 1017 ms (≥ 1 s) — overlong handler invocation or a §5.4 severance escape; watch transport_lease_overlong / transport_parked_commits
[2026-09-06T02:01:35Z ERROR fuse3::raw::connection::fuse_over_uring] transport payload lease held 1019 ms (≥ 1 s) — overlong handler invocation or a §5.4 severance escape; watch transport_lease_overlong / transport_parked_commits
[2026-09-06T02:01:35Z ERROR squeezefs::block_allocator] bounded allocation refusing StorageFull after 1011 ms parked with 0 offset(s) still in grace locally (lane harvest horizon 15892 ms): the pressure deadline never fenced within the wall backstop (1000 ms). The refusal is honest and terminal for this write; investigate the membership plane (finding 29)
[2026-09-06T02:01:35Z ERROR squeezefs::block_allocator] bounded allocation refusing StorageFull after 1011 ms parked with 0 offset(s) still in grace locally (lane harvest horizon 15892 ms): the pressure deadline never fenced within the wall backstop (1000 ms). The refusal is honest and terminal for this write; investigate the membership plane (finding 29)
[2026-09-06T02:01:35Z ERROR fuse3::raw::connection::fuse_over_uring] transport payload lease held 1020 ms (≥ 1 s) — overlong handler invocation or a §5.4 severance escape; watch transport_lease_overlong / transport_parked_commits
[2026-09-06T02:01:35Z ERROR fuse3::raw::connection::fuse_over_uring] transport payload lease held 1020 ms (≥ 1 s) — overlong handler invocation or a §5.4 severance escape; watch transport_lease_overlong / transport_parked_commits
[2026-09-06T02:01:35Z ERROR fuse3::raw::connection::fuse_over_uring] transport payload lease held 1020 ms (≥ 1 s) — overlong handler invocation or a §5.4 severance escape; watch transport_lease_overlong / transport_parked_commits
[2026-09-06T02:01:35Z ERROR fuse3::raw::connection::fuse_over_uring] transport payload lease held 1021 ms (≥ 1 s) — overlong handler invocation or a §5.4 severance escape; watch transport_lease_overlong / transport_parked_commits
[2026-09-06T02:01:35Z ERROR fuse3::raw::connection::fuse_over_uring] transport payload lease held 1021 ms (≥ 1 s) — overlong handler invocation or a §5.4 severance escape; watch transport_lease_overlong / transport_parked_commits
[2026-09-06T02:01:35Z ERROR fuse3::raw::connection::fuse_over_uring] transport payload lease held 1020 ms (≥ 1 s) — overlong handler invocation or a §5.4 severance escape; watch transport_lease_overlong / transport_parked_commits
[2026-09-06T02:01:35Z ERROR fuse3::raw::connection::fuse_over_uring] transport payload lease held 1021 ms (≥ 1 s) — overlong handler invocation or a §5.4 severance escape; watch transport_lease_overlong / transport_parked_commits
[2026-09-06T02:01:35Z ERROR fuse3::raw::connection::fuse_over_uring] transport payload lease held 1020 ms (≥ 1 s) — overlong handler invocation or a §5.4 severance escape; watch transport_lease_overlong / transport_parked_commits
[2026-09-06T02:01:35Z ERROR fuse3::raw::connection::fuse_over_uring] transport payload lease held 1021 ms (≥ 1 s) — overlong handler invocation or a §5.4 severance escape; watch transport_lease_overlong / transport_parked_commits
[2026-09-06T02:01:35Z ERROR fuse3::raw::connection::fuse_over_uring] transport payload lease held 1020 ms (≥ 1 s) — overlong handler invocation or a §5.4 severance escape; watch transport_lease_overlong / transport_parked_commits
[2026-09-06T02:01:35Z ERROR fuse3::raw::connection::fuse_over_uring] transport payload lease held 1020 ms (≥ 1 s) — overlong handler invocation or a §5.4 severance escape; watch transport_lease_overlong / transport_parked_commits
[2026-09-06T02:01:35Z ERROR fuse3::raw::connection::fuse_over_uring] transport payload lease held 1021 ms (≥ 1 s) — overlong handler invocation or a §5.4 severance escape; watch transport_lease_overlong / transport_parked_commits
[2026-09-06T02:01:35Z ERROR fuse3::raw::connection::fuse_over_uring] transport payload lease held 1021 ms (≥ 1 s) — overlong handler invocation or a §5.4 severance escape; watch transport_lease_overlong / transport_parked_commits
[2026-09-06T02:01:35Z ERROR fuse3::raw::connection::fuse_over_uring] transport payload lease held 1021 ms (≥ 1 s) — overlong handler invocation or a §5.4 severance escape; watch transport_lease_overlong / transport_parked_commits
[2026-09-06T02:01:35Z ERROR fuse3::raw::connection::fuse_over_uring] transport payload lease held 1021 ms (≥ 1 s) — overlong handler invocation or a §5.4 severance escape; watch transport_lease_overlong / transport_parked_commits
[2026-09-06T02:01:35Z ERROR fuse3::raw::connection::fuse_over_uring] transport payload lease held 1021 ms (≥ 1 s) — overlong handler invocation or a §5.4 severance escape; watch transport_lease_overlong / transport_parked_commits
[2026-09-06T02:01:35Z ERROR fuse3::raw::connection::fuse_over_uring] transport payload lease held 1021 ms (≥ 1 s) — overlong handler invocation or a §5.4 severance escape; watch transport_lease_overlong / transport_parked_commits
[2026-09-06T02:01:35Z ERROR fuse3::raw::connection::fuse_over_uring] transport payload lease held 1021 ms (≥ 1 s) — overlong handler invocation or a §5.4 severance escape; watch transport_lease_overlong / transport_parked_commits
[2026-09-06T02:01:35Z ERROR fuse3::raw::connection::fuse_over_uring] transport payload lease held 1021 ms (≥ 1 s) — overlong handler invocation or a §5.4 severance escape; watch transport_lease_overlong / transport_parked_commits
[2026-09-06T02:01:35Z ERROR fuse3::raw::connection::fuse_over_uring] transport payload lease held 1021 ms (≥ 1 s) — overlong handler invocation or a §5.4 severance escape; watch transport_lease_overlong / transport_parked_commits
[2026-09-06T02:01:35Z ERROR fuse3::raw::connection::fuse_over_uring] transport payload lease held 1021 ms (≥ 1 s) — overlong handler invocation or a §5.4 severance escape; watch transport_lease_overlong / transport_parked_commits
[2026-09-06T02:01:35Z ERROR fuse3::raw::connection::fuse_over_uring] transport payload lease held 1021 ms (≥ 1 s) — overlong handler invocation or a §5.4 severance escape; watch transport_lease_overlong / transport_parked_commits
[2026-09-06T02:01:35Z ERROR fuse3::raw::connection::fuse_over_uring] transport payload lease held 1021 ms (≥ 1 s) — overlong handler invocation or a §5.4 severance escape; watch transport_lease_overlong / transport_parked_commits
[2026-09-06T02:01:35Z ERROR fuse3::raw::connection::fuse_over_uring] transport payload lease held 1021 ms (≥ 1 s) — overlong handler invocation or a §5.4 severance escape; watch transport_lease_overlong / transport_parked_commits
[2026-09-06T02:01:35Z ERROR fuse3::raw::connection::fuse_over_uring] transport payload lease held 1021 ms (≥ 1 s) — overlong handler invocation or a §5.4 severance escape; watch transport_lease_overlong / transport_parked_commits
[2026-09-06T02:01:35Z ERROR fuse3::raw::connection::fuse_over_uring] transport payload lease held 1021 ms (≥ 1 s) — overlong handler invocation or a §5.4 severance escape; watch transport_lease_overlong / transport_parked_commits
[2026-09-06T02:01:35Z ERROR fuse3::raw::connection::fuse_over_uring] transport payload lease held 1021 ms (≥ 1 s) — overlong handler invocation or a §5.4 severance escape; watch transport_lease_overlong / transport_parked_commits
[2026-09-06T02:01:35Z ERROR fuse3::raw::connection::fuse_over_uring] transport payload lease held 1021 ms (≥ 1 s) — overlong handler invocation or a §5.4 severance escape; watch transport_lease_overlong / transport_parked_commits
[2026-09-06T02:01:35Z ERROR fuse3::raw::connection::fuse_over_uring] transport payload lease held 1021 ms (≥ 1 s) — overlong handler invocation or a §5.4 severance escape; watch transport_lease_overlong / transport_parked_commits
[2026-09-06T02:01:35Z ERROR fuse3::raw::connection::fuse_over_uring] transport payload lease held 1021 ms (≥ 1 s) — overlong handler invocation or a §5.4 severance escape; watch transport_lease_overlong / transport_parked_commits
[2026-09-06T02:01:35Z ERROR fuse3::raw::connection::fuse_over_uring] transport payload lease held 1022 ms (≥ 1 s) — overlong handler invocation or a §5.4 severance escape; watch transport_lease_overlong / transport_parked_commits
[2026-09-06T02:01:35Z ERROR fuse3::raw::connection::fuse_over_uring] transport payload lease held 1022 ms (≥ 1 s) — overlong handler invocation or a §5.4 severance escape; watch transport_lease_overlong / transport_parked_commits
[2026-09-06T02:01:35Z ERROR fuse3::raw::connection::fuse_over_uring] transport payload lease held 1022 ms (≥ 1 s) — overlong handler invocation or a §5.4 severance escape; watch transport_lease_overlong / transport_parked_commits
[2026-09-06T02:01:35Z ERROR fuse3::raw::connection::fuse_over_uring] transport payload lease held 1022 ms (≥ 1 s) — overlong handler invocation or a §5.4 severance escape; watch transport_lease_overlong / transport_parked_commits
[2026-09-06T02:01:35Z ERROR fuse3::raw::connection::fuse_over_uring] transport payload lease held 1022 ms (≥ 1 s) — overlong handler invocation or a §5.4 severance escape; watch transport_lease_overlong / transport_parked_commits
[2026-09-06T02:01:35Z ERROR fuse3::raw::connection::fuse_over_uring] transport payload lease held 1022 ms (≥ 1 s) — overlong handler invocation or a §5.4 severance escape; watch transport_lease_overlong / transport_parked_commits
[2026-09-06T02:01:35Z ERROR fuse3::raw::connection::fuse_over_uring] transport payload lease held 1022 ms (≥ 1 s) — overlong handler invocation or a §5.4 severance escape; watch transport_lease_overlong / transport_parked_commits
[2026-09-06T02:01:35Z ERROR fuse3::raw::connection::fuse_over_uring] transport payload lease held 1023 ms (≥ 1 s) — overlong handler invocation or a §5.4 severance escape; watch transport_lease_overlong / transport_parked_commits
[2026-09-06T02:01:35Z ERROR fuse3::raw::connection::fuse_over_uring] transport payload lease held 1023 ms (≥ 1 s) — overlong handler invocation or a §5.4 severance escape; watch transport_lease_overlong / transport_parked_commits
[2026-09-06T02:01:35Z ERROR squeezefs::meta_ship::publish] S9: the authority refused 1 shipped free(s) (vol_tag 0xc5e11286df218556, request 9084): already free/graced/quarantined — the double-release lineage, surfaced on the authority's own tripwire
[2026-09-06T02:01:36Z ERROR squeezefs::block_allocator] I/O error: data volume 'nvme4n1' full: 8183 of 8192 blocks allocated — lane 6 of 16 is exhausted while 0 free block(s) belong to lanes this mount does not own (alloc_lane_enospc_refusals; reach them by adopting a lane whose holder is proven dead, or grow the volume set — docs/operations.md §Multi-writer capacity planning)
[2026-09-06T02:01:36Z ERROR squeezefs::block_allocator] bounded allocation refusing StorageFull after 1011 ms parked with 0 offset(s) still in grace locally (lane harvest horizon 16669 ms): the pressure deadline never fenced within the wall backstop (1000 ms). The refusal is honest and terminal for this write; investigate the membership plane (finding 29)
[2026-09-06T02:01:36Z ERROR squeezefs::block_allocator] bounded allocation refusing StorageFull after 1015 ms parked with 0 offset(s) still in grace locally (lane harvest horizon 16670 ms): the pressure deadline never fenced within the wall backstop (1000 ms). The refusal is honest and terminal for this write; investigate the membership plane (finding 29)
[2026-09-06T02:01:36Z WARN  squeezefs::fuse_client] write-through failed for ino 2 block 2492 (Io(Custom { kind: StorageFull, error: "I/O error: data volume 'nvme4n1' full: 8183 of 8192 blocks allocated — lane 6 of 16 is exhausted while 0 free block(s) belong to lanes this mount does not own (alloc_lane_enospc_refusals; reach them by adopting a lane whose holder is proven dead, or grow the volume set — docs/operations.md §Multi-writer capacity planning)" })); falling back to staging
[2026-09-06T02:01:36Z ERROR squeezefs::block_allocator] bounded allocation refusing StorageFull after 1015 ms parked with 0 offset(s) still in grace locally (lane harvest horizon 16671 ms): the pressure deadline never fenced within the wall backstop (1000 ms). The refusal is honest and terminal for this write; investigate the membership plane (finding 29)
[2026-09-06T02:01:36Z WARN  squeezefs::fuse_client] write-through failed for ino 2 block 2399 (Io(Custom { kind: StorageFull, error: "I/O error: data volume 'nvme4n1' full: 8183 of 8192 blocks allocated — lane 6 of 16 is exhausted while 0 free block(s) belong to lanes this mount does not own (alloc_lane_enospc_refusals; reach them by adopting a lane whose holder is proven dead, or grow the volume set — docs/operations.md §Multi-writer capacity planning)" })); falling back to staging
[2026-09-06T02:01:36Z ERROR squeezefs::block_allocator] bounded allocation refusing StorageFull after 1011 ms parked with 0 offset(s) still in grace locally (lane harvest horizon 16679 ms): the pressure deadline never fenced within the wall backstop (1000 ms). The refusal is honest and terminal for this write; investigate the membership plane (finding 29)
[2026-09-06T02:01:36Z ERROR squeezefs::block_allocator] bounded allocation refusing StorageFull after 1011 ms parked with 0 offset(s) still in grace locally (lane harvest horizon 16684 ms): the pressure deadline never fenced within the wall backstop (1000 ms). The refusal is honest and terminal for this write; investigate the membership plane (finding 29)
[2026-09-06T02:01:36Z ERROR squeezefs::block_allocator] bounded allocation refusing StorageFull after 1009 ms parked with 0 offset(s) still in grace locally (lane harvest horizon 16690 ms): the pressure deadline never fenced within the wall backstop (1000 ms). The refusal is honest and terminal for this write; investigate the membership plane (finding 29)
[2026-09-06T02:01:38Z ERROR squeezefs::block_allocator] I/O error: data volume 'nvme4n1' full: 8183 of 8192 blocks allocated — lane 6 of 16 is exhausted while 0 free block(s) belong to lanes this mount does not own (alloc_lane_enospc_refusals; reach them by adopting a lane whose holder is proven dead, or grow the volume set — docs/operations.md §Multi-writer capacity planning)
[2026-09-06T02:01:38Z ERROR squeezefs::block_allocator] bounded allocation refusing StorageFull after 1017 ms parked with 0 offset(s) still in grace locally (lane harvest horizon 17700 ms): the pressure deadline never fenced within the wall backstop (1000 ms). The refusal is honest and terminal for this write; investigate the membership plane (finding 29)
[2026-09-06T02:01:38Z ERROR squeezefs::block_allocator] bounded allocation refusing StorageFull after 1011 ms parked with 0 offset(s) still in grace locally (lane harvest horizon 17701 ms): the pressure deadline never fenced within the wall backstop (1000 ms). The refusal is honest and terminal for this write; investigate the membership plane (finding 29)
[2026-09-06T02:01:38Z WARN  squeezefs::fuse_client] write-through failed for ino 2 block 2269 (Io(Custom { kind: StorageFull, error: "I/O error: data volume 'nvme4n1' full: 8183 of 8192 blocks allocated — lane 6 of 16 is exhausted while 0 free block(s) belong to lanes this mount does not own (alloc_lane_enospc_refusals; reach them by adopting a lane whose holder is proven dead, or grow the volume set — docs/operations.md §Multi-writer capacity planning)" })); falling back to staging
[2026-09-06T02:01:38Z ERROR squeezefs::block_allocator] bounded allocation refusing StorageFull after 1014 ms parked with 0 offset(s) still in grace locally (lane harvest horizon 17702 ms): the pressure deadline never fenced within the wall backstop (1000 ms). The refusal is honest and terminal for this write; investigate the membership plane (finding 29)
[2026-09-06T02:01:39Z ERROR squeezefs::block_allocator] I/O error: data volume 'nvme4n1' full: 8183 of 8192 blocks allocated — lane 6 of 16 is exhausted while 0 free block(s) belong to lanes this mount does not own (alloc_lane_enospc_refusals; reach them by adopting a lane whose holder is proven dead, or grow the volume set — docs/operations.md §Multi-writer capacity planning)
[2026-09-06T02:01:39Z ERROR squeezefs::block_allocator] bounded allocation refusing StorageFull after 1023 ms parked with 0 offset(s) still in grace locally (lane harvest horizon 16412 ms): the pressure deadline never fenced within the wall backstop (1000 ms). The refusal is honest and terminal for this write; investigate the membership plane (finding 29)
[2026-09-06T02:01:39Z WARN  squeezefs::routing] rewrite epoch close for ino 2 failed transiently (Io(Custom { kind: StorageFull, error: "I/O error: data volume 'nvme4n1' full: 8183 of 8192 blocks allocated — lane 6 of 16 is exhausted while 0 free block(s) belong to lanes this mount does not own (alloc_lane_enospc_refusals; reach them by adopting a lane whose holder is proven dead, or grow the volume set — docs/operations.md §Multi-writer capacity planning)" })); the epoch stays registered (never-lossy) — the next close trigger retries
[2026-09-06T02:01:39Z ERROR squeezefs::block_allocator] bounded allocation refusing StorageFull after 1029 ms parked with 0 offset(s) still in grace locally (lane harvest horizon 16419 ms): the pressure deadline never fenced within the wall backstop (1000 ms). The refusal is honest and terminal for this write; investigate the membership plane (finding 29)
[2026-09-06T02:01:39Z WARN  squeezefs::fuse_client] write-through failed for ino 2 block 2556 (Io(Custom { kind: StorageFull, error: "I/O error: data volume 'nvme4n1' full: 8183 of 8192 blocks allocated — lane 6 of 16 is exhausted while 0 free block(s) belong to lanes this mount does not own (alloc_lane_enospc_refusals; reach them by adopting a lane whose holder is proven dead, or grow the volume set — docs/operations.md §Multi-writer capacity planning)" })); falling back to staging
[2026-09-06T02:01:40Z ERROR squeezefs::block_allocator] I/O error: data volume 'nvme4n1' full: 8183 of 8192 blocks allocated — lane 6 of 16 is exhausted while 0 free block(s) belong to lanes this mount does not own (alloc_lane_enospc_refusals; reach them by adopting a lane whose holder is proven dead, or grow the volume set — docs/operations.md §Multi-writer capacity planning)
[2026-09-06T02:01:40Z ERROR squeezefs::block_allocator] bounded allocation refusing StorageFull after 1027 ms parked with 0 offset(s) still in grace locally (lane harvest horizon 17443 ms): the pressure deadline never fenced within the wall backstop (1000 ms). The refusal is honest and terminal for this write; investigate the membership plane (finding 29)
[2026-09-06T02:01:40Z WARN  squeezefs::block_allocator] co-writer: abandoning never-published block offset(s) leak-safe (volume 'nvme3n1', first offset 2373976064): the publish that would have named them failed or refused, and a co-writer may not mutate ownership accounting — the next derivation (mount recovery / fsck C6) returns them to the free supply (cowriter_unpublished_abandons; further offsets at debug level)
[2026-09-06T02:01:40Z WARN  squeezefs::fuse_client] flush write-through failed for ino 2 block 2269 (Io(Custom { kind: Other, error: "coalesced publish failed: I/O error: I/O error: data volume 'nvme4n1' full: 8183 of 8192 blocks allocated — lane 6 of 16 is exhausted while 0 free block(s) belong to lanes this mount does not own (alloc_lane_enospc_refusals; reach them by adopting a lane whose holder is proven dead, or grow the volume set — docs/operations.md §Multi-writer capacity planning)" })); degrading to the staging leg (fsync durability bar)
[2026-09-06T02:01:40Z ERROR squeezefs::meta_ship::publish] S9: the authority refused 1 shipped free(s) (vol_tag 0xad7b1d37b0829b08, request 9346): already free/graced/quarantined — the double-release lineage, surfaced on the authority's own tripwire
[2026-09-06T02:01:40Z ERROR squeezefs::meta_ship::publish] S9: the authority refused 1 shipped free(s) (vol_tag 0xc5e11286df218556, request 9351): already free/graced/quarantined — the double-release lineage, surfaced on the authority's own tripwire
[2026-09-06T02:01:40Z ERROR squeezefs::meta_ship::publish] S9: the authority refused 1 shipped free(s) (vol_tag 0xc5e11286df218556, request 9355): already free/graced/quarantined — the double-release lineage, surfaced on the authority's own tripwire
[2026-09-06T02:01:40Z ERROR squeezefs::meta_ship::publish] S9: the authority refused 1 shipped free(s) (vol_tag 0xc5e11286df218556, request 9359): already free/graced/quarantined — the double-release lineage, surfaced on the authority's own tripwire
[2026-09-06T02:01:40Z ERROR squeezefs::meta_ship::publish] S9: the authority refused 1 shipped free(s) (vol_tag 0xc5e11286df218556, request 9363): already free/graced/quarantined — the double-release lineage, surfaced on the authority's own tripwire
[2026-09-06T02:01:40Z ERROR squeezefs::meta_ship::publish] S9: the authority refused 1 shipped free(s) (vol_tag 0xc5e11286df218556, request 9367): already free/graced/quarantined — the double-release lineage, surfaced on the authority's own tripwire
[2026-09-06T02:01:40Z ERROR squeezefs::meta_ship::publish] S9: the authority refused 1 shipped free(s) (vol_tag 0xc5e11286df218556, request 9371): already free/graced/quarantined — the double-release lineage, surfaced on the authority's own tripwire
[2026-09-06T02:01:41Z ERROR squeezefs::meta_ship::publish] S9: the authority refused 1 shipped free(s) (vol_tag 0xc5e11286df218556, request 9375): already free/graced/quarantined — the double-release lineage, surfaced on the authority's own tripwire
[2026-09-06T02:01:41Z ERROR squeezefs::meta_ship::publish] S9: the authority refused 1 shipped free(s) (vol_tag 0xc5e11286df218556, request 9379): already free/graced/quarantined — the double-release lineage, surfaced on the authority's own tripwire
[2026-09-06T02:01:41Z ERROR squeezefs::meta_ship::publish] S9: the authority refused 1 shipped free(s) (vol_tag 0xc5e11286df218556, request 9383): already free/graced/quarantined — the double-release lineage, surfaced on the authority's own tripwire
[2026-09-06T02:01:41Z ERROR squeezefs::meta_ship::publish] S9: the authority refused 1 shipped free(s) (vol_tag 0xc5e11286df218556, request 9387): already free/graced/quarantined — the double-release lineage, surfaced on the authority's own tripwire
[2026-09-06T02:01:41Z ERROR squeezefs::meta_ship::publish] S9: the authority refused 1 shipped free(s) (vol_tag 0xc5e11286df218556, request 9392): already free/graced/quarantined — the double-release lineage, surfaced on the authority's own tripwire
[2026-09-06T02:01:42Z ERROR squeezefs::meta_ship::publish] S9: the authority refused 1 shipped free(s) (vol_tag 0xc5e11286df218556, request 9396): already free/graced/quarantined — the double-release lineage, surfaced on the authority's own tripwire
[2026-09-06T02:01:42Z WARN  fuse3::raw::connection::fuse_over_uring] fuse-over-uring qid=28 ent=29: unique=36496 delivered 5281 ms ago and still unreplied — the caller is in uninterruptible sleep (transport_slots_overdue; not-fused, fused_ready_total=0, zc_bridge_pends=0, scan_passes=8602, scan_pends_seen=33142, scan_orphans_seen=0, pend_max_age_ms=0, cancel_latched=0, park_backstop_ticks=5863, zc_msgs_sent=16471, zc_msgs_taken=16471)
[2026-09-06T02:01:42Z ERROR squeezefs::meta_ship::publish] S9: the authority refused 1 shipped free(s) (vol_tag 0xc5e11286df218556, request 9400): already free/graced/quarantined — the double-release lineage, surfaced on the authority's own tripwire
[2026-09-06T02:01:42Z ERROR squeezefs::meta_ship::publish] S9: the authority refused 1 shipped free(s) (vol_tag 0xc5e11286df218556, request 9404): already free/graced/quarantined — the double-release lineage, surfaced on the authority's own tripwire
[2026-09-06T02:01:42Z ERROR squeezefs::meta_ship::publish] S9: the authority refused 1 shipped free(s) (vol_tag 0xc5e11286df218556, request 9408): already free/graced/quarantined — the double-release lineage, surfaced on the authority's own tripwire
[2026-09-06T02:01:42Z ERROR squeezefs::meta_ship::publish] S9: the authority refused 1 shipped free(s) (vol_tag 0xc5e11286df218556, request 9412): already free/graced/quarantined — the double-release lineage, surfaced on the authority's own tripwire
[2026-09-06T02:01:43Z ERROR squeezefs::meta_ship::publish] S9: the authority refused 1 shipped free(s) (vol_tag 0xc5e11286df218556, request 9416): already free/graced/quarantined — the double-release lineage, surfaced on the authority's own tripwire
[2026-09-06T02:01:43Z ERROR squeezefs::meta_ship::publish] S9: the authority refused 1 shipped free(s) (vol_tag 0xc5e11286df218556, request 9420): already free/graced/quarantined — the double-release lineage, surfaced on the authority's own tripwire
[2026-09-06T02:01:43Z ERROR squeezefs::meta_ship::publish] S9: the authority refused 1 shipped free(s) (vol_tag 0xc5e11286df218556, request 9424): already free/graced/quarantined — the double-release lineage, surfaced on the authority's own tripwire
[2026-09-06T02:01:43Z ERROR squeezefs::meta_ship::publish] S9: the authority refused 1 shipped free(s) (vol_tag 0xc5e11286df218556, request 9428): already free/graced/quarantined — the double-release lineage, surfaced on the authority's own tripwire
[2026-09-06T02:01:43Z ERROR squeezefs::meta_ship::publish] S9: the authority refused 1 shipped free(s) (vol_tag 0xc5e11286df218556, request 9432): already free/graced/quarantined — the double-release lineage, surfaced on the authority's own tripwire
[2026-09-06T02:01:43Z ERROR squeezefs::meta_ship::publish] S9: the authority refused 1 shipped free(s) (vol_tag 0xc5e11286df218556, request 9436): already free/graced/quarantined — the double-release lineage, surfaced on the authority's own tripwire
[2026-09-06T02:01:43Z ERROR squeezefs::meta_ship::publish] S9: the authority refused 1 shipped free(s) (vol_tag 0xc5e11286df218556, request 9440): already free/graced/quarantined — the double-release lineage, surfaced on the authority's own tripwire
[2026-09-06T02:01:44Z ERROR squeezefs::meta_ship::publish] S9: the authority refused 1 shipped free(s) (vol_tag 0xc5e11286df218556, request 9444): already free/graced/quarantined — the double-release lineage, surfaced on the authority's own tripwire
[2026-09-06T02:01:44Z ERROR squeezefs::meta_ship::publish] S9: the authority refused 1 shipped free(s) (vol_tag 0xc5e11286df218556, request 9448): already free/graced/quarantined — the double-release lineage, surfaced on the authority's own tripwire
[2026-09-06T02:01:44Z ERROR squeezefs::meta_ship::publish] S9: the authority refused 1 shipped free(s) (vol_tag 0xc5e11286df218556, request 9452): already free/graced/quarantined — the double-release lineage, surfaced on the authority's own tripwire
[2026-09-06T02:01:44Z ERROR squeezefs::meta_ship::publish] S9: the authority refused 1 shipped free(s) (vol_tag 0xc5e11286df218556, request 9456): already free/graced/quarantined — the double-release lineage, surfaced on the authority's own tripwire
[2026-09-06T02:01:44Z ERROR squeezefs::meta_ship::publish] S9: the authority refused 1 shipped free(s) (vol_tag 0xc5e11286df218556, request 9460): already free/graced/quarantined — the double-release lineage, surfaced on the authority's own tripwire
[2026-09-06T02:01:44Z ERROR squeezefs::meta_ship::publish] S9: the authority refused 1 shipped free(s) (vol_tag 0xc5e11286df218556, request 9464): already free/graced/quarantined — the double-release lineage, surfaced on the authority's own tripwire
[2026-09-06T02:01:45Z ERROR squeezefs::meta_ship::publish] S9: the authority refused 1 shipped free(s) (vol_tag 0xc5e11286df218556, request 9469): already free/graced/quarantined — the double-release lineage, surfaced on the authority's own tripwire
[2026-09-06T02:01:45Z ERROR squeezefs::meta_ship::publish] S9: the authority refused 1 shipped free(s) (vol_tag 0xc5e11286df218556, request 9473): already free/graced/quarantined — the double-release lineage, surfaced on the authority's own tripwire
[2026-09-06T02:01:45Z ERROR squeezefs::meta_ship::publish] S9: the authority refused 1 shipped free(s) (vol_tag 0xc5e11286df218556, request 9477): already free/graced/quarantined — the double-release lineage, surfaced on the authority's own tripwire
[2026-09-06T02:01:45Z ERROR squeezefs::meta_ship::publish] S9: the authority refused 1 shipped free(s) (vol_tag 0xc5e11286df218556, request 9481): already free/graced/quarantined — the double-release lineage, surfaced on the authority's own tripwire
[2026-09-06T02:01:45Z ERROR squeezefs::meta_ship::publish] S9: the authority refused 1 shipped free(s) (vol_tag 0xc5e11286df218556, request 9485): already free/graced/quarantined — the double-release lineage, surfaced on the authority's own tripwire
[2026-09-06T02:01:46Z ERROR squeezefs::meta_ship::publish] S9: the authority refused 1 shipped free(s) (vol_tag 0xc5e11286df218556, request 9489): already free/graced/quarantined — the double-release lineage, surfaced on the authority's own tripwire
[2026-09-06T02:01:46Z ERROR squeezefs::meta_ship::publish] S9: the authority refused 1 shipped free(s) (vol_tag 0xc5e11286df218556, request 9493): already free/graced/quarantined — the double-release lineage, surfaced on the authority's own tripwire
[2026-09-06T02:01:46Z ERROR squeezefs::meta_ship::publish] S9: the authority refused 1 shipped free(s) (vol_tag 0xc5e11286df218556, request 9497): already free/graced/quarantined — the double-release lineage, surfaced on the authority's own tripwire
[2026-09-06T02:01:46Z ERROR squeezefs::meta_ship::publish] S9: the authority refused 1 shipped free(s) (vol_tag 0xc5e11286df218556, request 9501): already free/graced/quarantined — the double-release lineage, surfaced on the authority's own tripwire
[2026-09-06T02:01:46Z ERROR squeezefs::meta_ship::publish] S9: the authority refused 1 shipped free(s) (vol_tag 0xc5e11286df218556, request 9505): already free/graced/quarantined — the double-release lineage, surfaced on the authority's own tripwire
[2026-09-06T02:01:46Z ERROR squeezefs::meta_ship::publish] S9: the authority refused 1 shipped free(s) (vol_tag 0xc5e11286df218556, request 9509): already free/graced/quarantined — the double-release lineage, surfaced on the authority's own tripwire
[2026-09-06T02:01:47Z ERROR squeezefs::meta_ship::publish] S9: the authority refused 1 shipped free(s) (vol_tag 0xc5e11286df218556, request 9514): already free/graced/quarantined — the double-release lineage, surfaced on the authority's own tripwire
[2026-09-06T02:01:47Z ERROR squeezefs::meta_ship::publish] S9: the authority refused 1 shipped free(s) (vol_tag 0xc5e11286df218556, request 9517): already free/graced/quarantined — the double-release lineage, surfaced on the authority's own tripwire
[2026-09-06T02:01:47Z ERROR squeezefs::meta_ship::publish] S9: the authority refused 1 shipped free(s) (vol_tag 0xc5e11286df218556, request 9524): already free/graced/quarantined — the double-release lineage, surfaced on the authority's own tripwire
[2026-09-06T02:01:49Z ERROR squeezefs::block_allocator] I/O error: data volume 'nvme4n1' full: 8183 of 8192 blocks allocated — lane 6 of 16 is exhausted while 0 free block(s) belong to lanes this mount does not own (alloc_lane_enospc_refusals; reach them by adopting a lane whose holder is proven dead, or grow the volume set — docs/operations.md §Multi-writer capacity planning)
[2026-09-06T02:01:50Z ERROR squeezefs::block_allocator] I/O error: data volume 'nvme4n1' full: 8183 of 8192 blocks allocated — lane 6 of 16 is exhausted while 0 free block(s) belong to lanes this mount does not own (alloc_lane_enospc_refusals; reach them by adopting a lane whose holder is proven dead, or grow the volume set — docs/operations.md §Multi-writer capacity planning)
[2026-09-06T02:01:50Z ERROR squeezefs::block_allocator] bounded allocation refusing StorageFull after 1025 ms parked with 0 offset(s) still in grace locally (lane harvest horizon 9303 ms): the pressure deadline never fenced within the wall backstop (1000 ms). The refusal is honest and terminal for this write; investigate the membership plane (finding 29)
[2026-09-06T02:01:50Z ERROR squeezefs::block_allocator] bounded allocation refusing StorageFull after 1032 ms parked with 0 offset(s) still in grace locally (lane harvest horizon 9308 ms): the pressure deadline never fenced within the wall backstop (1000 ms). The refusal is honest and terminal for this write; investigate the membership plane (finding 29)
[2026-09-06T02:01:50Z ERROR squeezefs::block_allocator] bounded allocation refusing StorageFull after 1036 ms parked with 0 offset(s) still in grace locally (lane harvest horizon 9309 ms): the pressure deadline never fenced within the wall backstop (1000 ms). The refusal is honest and terminal for this write; investigate the membership plane (finding 29)
[2026-09-06T02:01:50Z ERROR squeezefs::block_allocator] bounded allocation refusing StorageFull after 1043 ms parked with 0 offset(s) still in grace locally (lane harvest horizon 9313 ms): the pressure deadline never fenced within the wall backstop (1000 ms). The refusal is honest and terminal for this write; investigate the membership plane (finding 29)
[2026-09-06T02:01:50Z ERROR squeezefs::block_allocator] bounded allocation refusing StorageFull after 1039 ms parked with 0 offset(s) still in grace locally (lane harvest horizon 9325 ms): the pressure deadline never fenced within the wall backstop (1000 ms). The refusal is honest and terminal for this write; investigate the membership plane (finding 29)
[2026-09-06T02:01:51Z ERROR squeezefs::block_allocator] bounded allocation refusing StorageFull after 1007 ms parked with 0 offset(s) still in grace locally (lane harvest horizon 9819 ms): the pressure deadline never fenced within the wall backstop (1000 ms). The refusal is honest and terminal for this write; investigate the membership plane (finding 29)
[2026-09-06T02:01:51Z ERROR squeezefs::block_allocator] bounded allocation refusing StorageFull after 1027 ms parked with 0 offset(s) still in grace locally (lane harvest horizon 9843 ms): the pressure deadline never fenced within the wall backstop (1000 ms). The refusal is honest and terminal for this write; investigate the membership plane (finding 29)
[2026-09-06T02:01:51Z ERROR fuse3::raw::connection::fuse_over_uring] transport payload lease held 1031 ms (≥ 1 s) — overlong handler invocation or a §5.4 severance escape; watch transport_lease_overlong / transport_parked_commits
[2026-09-06T02:01:51Z ERROR squeezefs::block_allocator] bounded allocation refusing StorageFull after 1035 ms parked with 0 offset(s) still in grace locally (lane harvest horizon 9851 ms): the pressure deadline never fenced within the wall backstop (1000 ms). The refusal is honest and terminal for this write; investigate the membership plane (finding 29)
[2026-09-06T02:01:53Z ERROR squeezefs::meta_ship::publish] S9: the authority refused 1 shipped free(s) (vol_tag 0xad7b1d37b0829b08, request 9782): already free/graced/quarantined — the double-release lineage, surfaced on the authority's own tripwire
[2026-09-06T02:01:53Z ERROR squeezefs::meta_ship::publish] S9: the authority refused 1 shipped free(s) (vol_tag 0xad7b1d37b0829b08, request 9788): already free/graced/quarantined — the double-release lineage, surfaced on the authority's own tripwire
[2026-09-06T02:01:53Z ERROR squeezefs::meta_ship::publish] S9: the authority refused 1 shipped free(s) (vol_tag 0xad7b1d37b0829b08, request 9791): already free/graced/quarantined — the double-release lineage, surfaced on the authority's own tripwire
[2026-09-06T02:01:53Z ERROR squeezefs::meta_ship::publish] S9: the authority refused 1 shipped free(s) (vol_tag 0xad7b1d37b0829b08, request 9795): already free/graced/quarantined — the double-release lineage, surfaced on the authority's own tripwire
[2026-09-06T02:01:53Z ERROR squeezefs::meta_ship::publish] S9: the authority refused 1 shipped free(s) (vol_tag 0xad7b1d37b0829b08, request 9799): already free/graced/quarantined — the double-release lineage, surfaced on the authority's own tripwire
[2026-09-06T02:01:54Z ERROR squeezefs::meta_ship::publish] S9: the authority refused 1 shipped free(s) (vol_tag 0xad7b1d37b0829b08, request 9803): already free/graced/quarantined — the double-release lineage, surfaced on the authority's own tripwire
[2026-09-06T02:01:54Z ERROR squeezefs::meta_ship::publish] S9: the authority refused 1 shipped free(s) (vol_tag 0xad7b1d37b0829b08, request 9807): already free/graced/quarantined — the double-release lineage, surfaced on the authority's own tripwire
[2026-09-06T02:01:54Z ERROR squeezefs::meta_ship::publish] S9: the authority refused 1 shipped free(s) (vol_tag 0xad7b1d37b0829b08, request 9811): already free/graced/quarantined — the double-release lineage, surfaced on the authority's own tripwire
[2026-09-06T02:01:54Z ERROR squeezefs::meta_ship::publish] S9: the authority refused 1 shipped free(s) (vol_tag 0xad7b1d37b0829b08, request 9815): already free/graced/quarantined — the double-release lineage, surfaced on the authority's own tripwire
[2026-09-06T02:01:54Z ERROR squeezefs::meta_ship::publish] S9: the authority refused 1 shipped free(s) (vol_tag 0xad7b1d37b0829b08, request 9819): already free/graced/quarantined — the double-release lineage, surfaced on the authority's own tripwire
[2026-09-06T02:01:54Z ERROR squeezefs::meta_ship::publish] S9: the authority refused 1 shipped free(s) (vol_tag 0xad7b1d37b0829b08, request 9823): already free/graced/quarantined — the double-release lineage, surfaced on the authority's own tripwire
[2026-09-06T02:01:54Z ERROR squeezefs::meta_ship::publish] S9: the authority refused 1 shipped free(s) (vol_tag 0xad7b1d37b0829b08, request 9827): already free/graced/quarantined — the double-release lineage, surfaced on the authority's own tripwire
[2026-09-06T02:01:54Z ERROR squeezefs::meta_ship::publish] S9: the authority refused 1 shipped free(s) (vol_tag 0xad7b1d37b0829b08, request 9831): already free/graced/quarantined — the double-release lineage, surfaced on the authority's own tripwire
[2026-09-06T02:01:54Z ERROR squeezefs::meta_ship::publish] S9: the authority refused 1 shipped free(s) (vol_tag 0xad7b1d37b0829b08, request 9835): already free/graced/quarantined — the double-release lineage, surfaced on the authority's own tripwire
[2026-09-06T02:01:54Z ERROR squeezefs::meta_ship::publish] S9: the authority refused 1 shipped free(s) (vol_tag 0xad7b1d37b0829b08, request 9839): already free/graced/quarantined — the double-release lineage, surfaced on the authority's own tripwire
[2026-09-06T02:01:54Z ERROR squeezefs::meta_ship::publish] S9: the authority refused 1 shipped free(s) (vol_tag 0xad7b1d37b0829b08, request 9844): already free/graced/quarantined — the double-release lineage, surfaced on the authority's own tripwire
[2026-09-06T02:01:54Z ERROR squeezefs::meta_ship::publish] S9: the authority refused 1 shipped free(s) (vol_tag 0xad7b1d37b0829b08, request 9847): already free/graced/quarantined — the double-release lineage, surfaced on the authority's own tripwire
[2026-09-06T02:01:54Z ERROR squeezefs::meta_ship::publish] S9: the authority refused 1 shipped free(s) (vol_tag 0xad7b1d37b0829b08, request 9851): already free/graced/quarantined — the double-release lineage, surfaced on the authority's own tripwire
[2026-09-06T02:01:54Z ERROR squeezefs::meta_ship::publish] S9: the authority refused 1 shipped free(s) (vol_tag 0xad7b1d37b0829b08, request 9855): already free/graced/quarantined — the double-release lineage, surfaced on the authority's own tripwire
[2026-09-06T02:01:54Z ERROR squeezefs::meta_ship::publish] S9: the authority refused 1 shipped free(s) (vol_tag 0xad7b1d37b0829b08, request 9859): already free/graced/quarantined — the double-release lineage, surfaced on the authority's own tripwire
[2026-09-06T02:01:54Z ERROR squeezefs::meta_ship::publish] S9: the authority refused 1 shipped free(s) (vol_tag 0xad7b1d37b0829b08, request 9863): already free/graced/quarantined — the double-release lineage, surfaced on the authority's own tripwire
[2026-09-06T02:01:54Z ERROR squeezefs::meta_ship::publish] S9: the authority refused 1 shipped free(s) (vol_tag 0xad7b1d37b0829b08, request 9867): already free/graced/quarantined — the double-release lineage, surfaced on the authority's own tripwire
[2026-09-06T02:01:54Z ERROR squeezefs::meta_ship::publish] S9: the authority refused 1 shipped free(s) (vol_tag 0xad7b1d37b0829b08, request 9871): already free/graced/quarantined — the double-release lineage, surfaced on the authority's own tripwire
[2026-09-06T02:01:55Z ERROR squeezefs::meta_ship::publish] S9: the authority refused 1 shipped free(s) (vol_tag 0xad7b1d37b0829b08, request 9875): already free/graced/quarantined — the double-release lineage, surfaced on the authority's own tripwire
[2026-09-06T02:01:55Z ERROR squeezefs::meta_ship::publish] S9: the authority refused 1 shipped free(s) (vol_tag 0xad7b1d37b0829b08, request 9880): already free/graced/quarantined — the double-release lineage, surfaced on the authority's own tripwire
[2026-09-06T02:01:55Z ERROR squeezefs::meta_ship::publish] S9: the authority refused 1 shipped free(s) (vol_tag 0xad7b1d37b0829b08, request 9883): already free/graced/quarantined — the double-release lineage, surfaced on the authority's own tripwire
[2026-09-06T02:01:55Z ERROR squeezefs::meta_ship::publish] S9: the authority refused 1 shipped free(s) (vol_tag 0xad7b1d37b0829b08, request 9888): already free/graced/quarantined — the double-release lineage, surfaced on the authority's own tripwire
[2026-09-06T02:01:55Z ERROR squeezefs::meta_ship::publish] S9: the authority refused 1 shipped free(s) (vol_tag 0xad7b1d37b0829b08, request 9895): already free/graced/quarantined — the double-release lineage, surfaced on the authority's own tripwire
[2026-09-06T02:01:55Z ERROR squeezefs::meta_ship::publish] S9: the authority refused 1 shipped free(s) (vol_tag 0xad7b1d37b0829b08, request 9899): already free/graced/quarantined — the double-release lineage, surfaced on the authority's own tripwire
[2026-09-06T02:01:55Z ERROR squeezefs::meta_ship::publish] S9: the authority refused 1 shipped free(s) (vol_tag 0xad7b1d37b0829b08, request 9906): already free/graced/quarantined — the double-release lineage, surfaced on the authority's own tripwire
[2026-09-06T02:02:03Z ERROR fuse3::raw::connection::fuse_over_uring] transport payload lease held 1399 ms (≥ 1 s) — overlong handler invocation or a §5.4 severance escape; watch transport_lease_overlong / transport_parked_commits
[2026-09-06T02:02:03Z ERROR fuse3::raw::connection::fuse_over_uring] transport payload lease held 1400 ms (≥ 1 s) — overlong handler invocation or a §5.4 severance escape; watch transport_lease_overlong / transport_parked_commits
[2026-09-06T02:02:06Z ERROR squeezefs::block_allocator] I/O error: data volume 'nvme3n1' full: 8183 of 8192 blocks allocated — lane 6 of 16 is exhausted while 0 free block(s) belong to lanes this mount does not own (alloc_lane_enospc_refusals; reach them by adopting a lane whose holder is proven dead, or grow the volume set — docs/operations.md §Multi-writer capacity planning)
[2026-09-06T02:02:07Z ERROR squeezefs::block_allocator] I/O error: data volume 'nvme3n1' full: 8183 of 8192 blocks allocated — lane 6 of 16 is exhausted while 0 free block(s) belong to lanes this mount does not own (alloc_lane_enospc_refusals; reach them by adopting a lane whose holder is proven dead, or grow the volume set — docs/operations.md §Multi-writer capacity planning)
[2026-09-06T02:02:07Z ERROR squeezefs::block_allocator] bounded allocation refusing StorageFull after 1021 ms parked with 0 offset(s) still in grace locally (lane harvest horizon 10354 ms): the pressure deadline never fenced within the wall backstop (1000 ms). The refusal is honest and terminal for this write; investigate the membership plane (finding 29)
[2026-09-06T02:02:08Z ERROR squeezefs::block_allocator] I/O error: data volume 'nvme3n1' full: 8183 of 8192 blocks allocated — lane 6 of 16 is exhausted while 0 free block(s) belong to lanes this mount does not own (alloc_lane_enospc_refusals; reach them by adopting a lane whose holder is proven dead, or grow the volume set — docs/operations.md §Multi-writer capacity planning)
[2026-09-06T02:02:08Z ERROR squeezefs::block_allocator] bounded allocation refusing StorageFull after 1013 ms parked with 0 offset(s) still in grace locally (lane harvest horizon 10388 ms): the pressure deadline never fenced within the wall backstop (1000 ms). The refusal is honest and terminal for this write; investigate the membership plane (finding 29)
[2026-09-06T02:02:08Z WARN  squeezefs::block_allocator] co-writer: abandoning never-published block offset(s) leak-safe (volume 'nvme4n1', first offset 6266290176): the publish that would have named them failed or refused, and a co-writer may not mutate ownership accounting — the next derivation (mount recovery / fsck C6) returns them to the free supply (cowriter_unpublished_abandons; further offsets at debug level)
[2026-09-06T02:02:08Z WARN  squeezefs::fuse_client] fsync durable upload failed for ino 2 block 511 (Io(Custom { kind: StorageFull, error: "I/O error: data volume 'nvme3n1' full: 8183 of 8192 blocks allocated — lane 6 of 16 is exhausted while 0 free block(s) belong to lanes this mount does not own (alloc_lane_enospc_refusals; reach them by adopting a lane whose holder is proven dead, or grow the volume set — docs/operations.md §Multi-writer capacity planning)" })); preserving the acked bytes in staging and failing the fsync
[2026-09-06T02:02:09Z ERROR squeezefs::block_allocator] I/O error: data volume 'nvme3n1' full: 8183 of 8192 blocks allocated — lane 6 of 16 is exhausted while 0 free block(s) belong to lanes this mount does not own (alloc_lane_enospc_refusals; reach them by adopting a lane whose holder is proven dead, or grow the volume set — docs/operations.md §Multi-writer capacity planning)
[2026-09-06T02:02:09Z ERROR squeezefs::block_allocator] bounded allocation refusing StorageFull after 1011 ms parked with 0 offset(s) still in grace locally (lane harvest horizon 10415 ms): the pressure deadline never fenced within the wall backstop (1000 ms). The refusal is honest and terminal for this write; investigate the membership plane (finding 29)
[2026-09-06T02:02:09Z ERROR squeezefs::fuse_client] FUSE Fsync failed for ino 2: Io(Custom { kind: StorageFull, error: "I/O error: data volume 'nvme3n1' full: 8183 of 8192 blocks allocated — lane 6 of 16 is exhausted while 0 free block(s) belong to lanes this mount does not own (alloc_lane_enospc_refusals; reach them by adopting a lane whose holder is proven dead, or grow the volume set — docs/operations.md §Multi-writer capacity planning)" })
[2026-09-06T02:02:09Z ERROR squeezefs::fuse_client] Squeezefs operational error: Io(Custom { kind: StorageFull, error: "I/O error: data volume 'nvme3n1' full: 8183 of 8192 blocks allocated — lane 6 of 16 is exhausted while 0 free block(s) belong to lanes this mount does not own (alloc_lane_enospc_refusals; reach them by adopting a lane whose holder is proven dead, or grow the volume set — docs/operations.md §Multi-writer capacity planning)" })
[2026-09-06T02:02:09Z ERROR squeezefs::meta_ship::publish] S9: the authority refused 1 shipped free(s) (vol_tag 0xc5e11286df218556, request 9988): already free/graced/quarantined — the double-release lineage, surfaced on the authority's own tripwire
[2026-09-06T02:02:10Z ERROR squeezefs::block_allocator] I/O error: data volume 'nvme3n1' full: 8183 of 8192 blocks allocated — lane 6 of 16 is exhausted while 0 free block(s) belong to lanes this mount does not own (alloc_lane_enospc_refusals; reach them by adopting a lane whose holder is proven dead, or grow the volume set — docs/operations.md §Multi-writer capacity planning)
[2026-09-06T02:02:10Z ERROR squeezefs::block_allocator] bounded allocation refusing StorageFull after 1009 ms parked with 0 offset(s) still in grace locally (lane harvest horizon 10440 ms): the pressure deadline never fenced within the wall backstop (1000 ms). The refusal is honest and terminal for this write; investigate the membership plane (finding 29)
[2026-09-06T02:02:10Z ERROR squeezefs::block_allocator] bounded allocation refusing StorageFull after 1008 ms parked with 0 offset(s) still in grace locally (lane harvest horizon 10441 ms): the pressure deadline never fenced within the wall backstop (1000 ms). The refusal is honest and terminal for this write; investigate the membership plane (finding 29)
[2026-09-06T02:02:10Z ERROR squeezefs::block_allocator] bounded allocation refusing StorageFull after 1008 ms parked with 0 offset(s) still in grace locally (lane harvest horizon 10444 ms): the pressure deadline never fenced within the wall backstop (1000 ms). The refusal is honest and terminal for this write; investigate the membership plane (finding 29)
[2026-09-06T02:02:10Z ERROR squeezefs::block_allocator] bounded allocation refusing StorageFull after 1016 ms parked with 0 offset(s) still in grace locally (lane harvest horizon 10450 ms): the pressure deadline never fenced within the wall backstop (1000 ms). The refusal is honest and terminal for this write; investigate the membership plane (finding 29)
[2026-09-06T02:02:10Z ERROR squeezefs::block_allocator] bounded allocation refusing StorageFull after 1009 ms parked with 0 offset(s) still in grace locally (lane harvest horizon 10452 ms): the pressure deadline never fenced within the wall backstop (1000 ms). The refusal is honest and terminal for this write; investigate the membership plane (finding 29)
[2026-09-06T02:02:10Z ERROR squeezefs::block_allocator] bounded allocation refusing StorageFull after 1008 ms parked with 0 offset(s) still in grace locally (lane harvest horizon 10452 ms): the pressure deadline never fenced within the wall backstop (1000 ms). The refusal is honest and terminal for this write; investigate the membership plane (finding 29)
[2026-09-06T02:02:10Z ERROR fuse3::raw::connection::fuse_over_uring] transport payload lease held 1017 ms (≥ 1 s) — overlong handler invocation or a §5.4 severance escape; watch transport_lease_overlong / transport_parked_commits
[2026-09-06T02:02:10Z ERROR fuse3::raw::connection::fuse_over_uring] transport payload lease held 1020 ms (≥ 1 s) — overlong handler invocation or a §5.4 severance escape; watch transport_lease_overlong / transport_parked_commits
[2026-09-06T02:02:10Z ERROR squeezefs::block_allocator] bounded allocation refusing StorageFull after 1008 ms parked with 0 offset(s) still in grace locally (lane harvest horizon 10466 ms): the pressure deadline never fenced within the wall backstop (1000 ms). The refusal is honest and terminal for this write; investigate the membership plane (finding 29)
[2026-09-06T02:02:10Z ERROR squeezefs::block_allocator] bounded allocation refusing StorageFull after 1013 ms parked with 0 offset(s) still in grace locally (lane harvest horizon 10502 ms): the pressure deadline never fenced within the wall backstop (1000 ms). The refusal is honest and terminal for this write; investigate the membership plane (finding 29)
[2026-09-06T02:02:10Z ERROR squeezefs::meta_ship::publish] S9: the authority refused 1 shipped free(s) (vol_tag 0xc5e11286df218556, request 10300): already free/graced/quarantined — the double-release lineage, surfaced on the authority's own tripwire
[2026-09-06T02:02:10Z ERROR squeezefs::meta_ship::publish] S9: the authority refused 1 shipped free(s) (vol_tag 0xc5e11286df218556, request 10303): already free/graced/quarantined — the double-release lineage, surfaced on the authority's own tripwire
[2026-09-06T02:02:10Z ERROR squeezefs::block_allocator] bounded allocation refusing StorageFull after 1008 ms parked with 0 offset(s) still in grace locally (lane harvest horizon 10516 ms): the pressure deadline never fenced within the wall backstop (1000 ms). The refusal is honest and terminal for this write; investigate the membership plane (finding 29)
[2026-09-06T02:02:10Z ERROR squeezefs::block_allocator] bounded allocation refusing StorageFull after 1008 ms parked with 0 offset(s) still in grace locally (lane harvest horizon 10516 ms): the pressure deadline never fenced within the wall backstop (1000 ms). The refusal is honest and terminal for this write; investigate the membership plane (finding 29)
[2026-09-06T02:02:10Z ERROR squeezefs::block_allocator] bounded allocation refusing StorageFull after 1008 ms parked with 0 offset(s) still in grace locally (lane harvest horizon 10517 ms): the pressure deadline never fenced within the wall backstop (1000 ms). The refusal is honest and terminal for this write; investigate the membership plane (finding 29)
[2026-09-06T02:02:10Z ERROR squeezefs::block_allocator] bounded allocation refusing StorageFull after 1008 ms parked with 0 offset(s) still in grace locally (lane harvest horizon 10520 ms): the pressure deadline never fenced within the wall backstop (1000 ms). The refusal is honest and terminal for this write; investigate the membership plane (finding 29)
[2026-09-06T02:02:10Z ERROR squeezefs::block_allocator] bounded allocation refusing StorageFull after 1008 ms parked with 0 offset(s) still in grace locally (lane harvest horizon 10520 ms): the pressure deadline never fenced within the wall backstop (1000 ms). The refusal is honest and terminal for this write; investigate the membership plane (finding 29)
[2026-09-06T02:02:10Z ERROR squeezefs::block_allocator] bounded allocation refusing StorageFull after 1012 ms parked with 0 offset(s) still in grace locally (lane harvest horizon 10551 ms): the pressure deadline never fenced within the wall backstop (1000 ms). The refusal is honest and terminal for this write; investigate the membership plane (finding 29)
[2026-09-06T02:02:10Z ERROR squeezefs::block_allocator] bounded allocation refusing StorageFull after 1008 ms parked with 0 offset(s) still in grace locally (lane harvest horizon 10628 ms): the pressure deadline never fenced within the wall backstop (1000 ms). The refusal is honest and terminal for this write; investigate the membership plane (finding 29)
[2026-09-06T02:02:11Z ERROR squeezefs::block_allocator] I/O error: data volume 'nvme3n1' full: 8183 of 8192 blocks allocated — lane 6 of 16 is exhausted while 0 free block(s) belong to lanes this mount does not own (alloc_lane_enospc_refusals; reach them by adopting a lane whose holder is proven dead, or grow the volume set — docs/operations.md §Multi-writer capacity planning)
[2026-09-06T02:02:11Z ERROR squeezefs::block_allocator] bounded allocation refusing StorageFull after 1011 ms parked with 0 offset(s) still in grace locally (lane harvest horizon 11421 ms): the pressure deadline never fenced within the wall backstop (1000 ms). The refusal is honest and terminal for this write; investigate the membership plane (finding 29)
[2026-09-06T02:02:11Z ERROR squeezefs::block_allocator] bounded allocation refusing StorageFull after 1011 ms parked with 0 offset(s) still in grace locally (lane harvest horizon 11424 ms): the pressure deadline never fenced within the wall backstop (1000 ms). The refusal is honest and terminal for this write; investigate the membership plane (finding 29)
[2026-09-06T02:02:11Z WARN  squeezefs::fuse_client] write-through failed for ino 2 block 2238 (Io(Custom { kind: StorageFull, error: "I/O error: data volume 'nvme3n1' full: 8183 of 8192 blocks allocated — lane 6 of 16 is exhausted while 0 free block(s) belong to lanes this mount does not own (alloc_lane_enospc_refusals; reach them by adopting a lane whose holder is proven dead, or grow the volume set — docs/operations.md §Multi-writer capacity planning)" })); falling back to staging
[2026-09-06T02:02:11Z ERROR squeezefs::block_allocator] bounded allocation refusing StorageFull after 1010 ms parked with 0 offset(s) still in grace locally (lane harvest horizon 11424 ms): the pressure deadline never fenced within the wall backstop (1000 ms). The refusal is honest and terminal for this write; investigate the membership plane (finding 29)
[2026-09-06T02:02:11Z ERROR squeezefs::block_allocator] bounded allocation refusing StorageFull after 1011 ms parked with 0 offset(s) still in grace locally (lane harvest horizon 11440 ms): the pressure deadline never fenced within the wall backstop (1000 ms). The refusal is honest and terminal for this write; investigate the membership plane (finding 29)
[2026-09-06T02:02:11Z ERROR squeezefs::block_allocator] bounded allocation refusing StorageFull after 1011 ms parked with 0 offset(s) still in grace locally (lane harvest horizon 11525 ms): the pressure deadline never fenced within the wall backstop (1000 ms). The refusal is honest and terminal for this write; investigate the membership plane (finding 29)
[2026-09-06T02:02:11Z ERROR squeezefs::block_allocator] bounded allocation refusing StorageFull after 1013 ms parked with 0 offset(s) still in grace locally (lane harvest horizon 11559 ms): the pressure deadline never fenced within the wall backstop (1000 ms). The refusal is honest and terminal for this write; investigate the membership plane (finding 29)
[2026-09-06T02:02:11Z ERROR squeezefs::block_allocator] bounded allocation refusing StorageFull after 1014 ms parked with 0 offset(s) still in grace locally (lane harvest horizon 11569 ms): the pressure deadline never fenced within the wall backstop (1000 ms). The refusal is honest and terminal for this write; investigate the membership plane (finding 29)
[2026-09-06T02:02:11Z ERROR squeezefs::block_allocator] bounded allocation refusing StorageFull after 1015 ms parked with 0 offset(s) still in grace locally (lane harvest horizon 9692 ms): the pressure deadline never fenced within the wall backstop (1000 ms). The refusal is honest and terminal for this write; investigate the membership plane (finding 29)
[2026-09-06T02:02:11Z WARN  squeezefs::fuse_client] flush write-through failed for ino 2 block 2205 (Io(Custom { kind: Other, error: "coalesced publish failed: I/O error: I/O error: data volume 'nvme3n1' full: 8183 of 8192 blocks allocated — lane 6 of 16 is exhausted while 0 free block(s) belong to lanes this mount does not own (alloc_lane_enospc_refusals; reach them by adopting a lane whose holder is proven dead, or grow the volume set — docs/operations.md §Multi-writer capacity planning)" })); degrading to the staging leg (fsync durability bar)
[2026-09-06T02:02:11Z ERROR squeezefs::meta_ship::publish] S9: the authority refused 1 shipped free(s) (vol_tag 0xc5e11286df218556, request 10502): already free/graced/quarantined — the double-release lineage, surfaced on the authority's own tripwire
[2026-09-06T02:02:11Z ERROR squeezefs::meta_ship::publish] S9: the authority refused 1 shipped free(s) (vol_tag 0xc5e11286df218556, request 10506): already free/graced/quarantined — the double-release lineage, surfaced on the authority's own tripwire
[2026-09-06T02:02:11Z ERROR squeezefs::meta_ship::publish] S9: the authority refused 1 shipped free(s) (vol_tag 0xc5e11286df218556, request 10510): already free/graced/quarantined — the double-release lineage, surfaced on the authority's own tripwire
[2026-09-06T02:02:11Z ERROR squeezefs::meta_ship::publish] S9: the authority refused 1 shipped free(s) (vol_tag 0xc5e11286df218556, request 10514): already free/graced/quarantined — the double-release lineage, surfaced on the authority's own tripwire
[2026-09-06T02:02:11Z ERROR squeezefs::meta_ship::publish] S9: the authority refused 1 shipped free(s) (vol_tag 0xc5e11286df218556, request 10518): already free/graced/quarantined — the double-release lineage, surfaced on the authority's own tripwire
[2026-09-06T02:02:11Z ERROR squeezefs::meta_ship::publish] S9: the authority refused 1 shipped free(s) (vol_tag 0xc5e11286df218556, request 10522): already free/graced/quarantined — the double-release lineage, surfaced on the authority's own tripwire
[2026-09-06T02:02:11Z ERROR squeezefs::meta_ship::publish] S9: the authority refused 1 shipped free(s) (vol_tag 0xc5e11286df218556, request 10527): already free/graced/quarantined — the double-release lineage, surfaced on the authority's own tripwire
[2026-09-06T02:02:11Z ERROR squeezefs::meta_ship::publish] S9: the authority refused 1 shipped free(s) (vol_tag 0xc5e11286df218556, request 10531): already free/graced/quarantined — the double-release lineage, surfaced on the authority's own tripwire
[2026-09-06T02:02:12Z ERROR squeezefs::meta_ship::publish] S9: the authority refused 1 shipped free(s) (vol_tag 0xc5e11286df218556, request 10535): already free/graced/quarantined — the double-release lineage, surfaced on the authority's own tripwire
[2026-09-06T02:02:12Z ERROR squeezefs::meta_ship::publish] S9: the authority refused 1 shipped free(s) (vol_tag 0xc5e11286df218556, request 10539): already free/graced/quarantined — the double-release lineage, surfaced on the authority's own tripwire
[2026-09-06T02:02:12Z ERROR squeezefs::meta_ship::publish] S9: the authority refused 1 shipped free(s) (vol_tag 0xc5e11286df218556, request 10543): already free/graced/quarantined — the double-release lineage, surfaced on the authority's own tripwire
[2026-09-06T02:02:12Z ERROR squeezefs::meta_ship::publish] S9: the authority refused 1 shipped free(s) (vol_tag 0xc5e11286df218556, request 10547): already free/graced/quarantined — the double-release lineage, surfaced on the authority's own tripwire
[2026-09-06T02:02:12Z ERROR squeezefs::meta_ship::publish] S9: the authority refused 1 shipped free(s) (vol_tag 0xc5e11286df218556, request 10551): already free/graced/quarantined — the double-release lineage, surfaced on the authority's own tripwire
[2026-09-06T02:02:12Z ERROR squeezefs::meta_ship::publish] S9: the authority refused 1 shipped free(s) (vol_tag 0xc5e11286df218556, request 10555): already free/graced/quarantined — the double-release lineage, surfaced on the authority's own tripwire
[2026-09-06T02:02:12Z ERROR squeezefs::meta_ship::publish] S9: the authority refused 1 shipped free(s) (vol_tag 0xc5e11286df218556, request 10559): already free/graced/quarantined — the double-release lineage, surfaced on the authority's own tripwire
[2026-09-06T02:02:12Z ERROR squeezefs::meta_ship::publish] S9: the authority refused 1 shipped free(s) (vol_tag 0xc5e11286df218556, request 10566): already free/graced/quarantined — the double-release lineage, surfaced on the authority's own tripwire
[2026-09-06T02:02:12Z ERROR squeezefs::meta_ship::publish] S9: the authority refused 1 shipped free(s) (vol_tag 0xc5e11286df218556, request 10573): already free/graced/quarantined — the double-release lineage, surfaced on the authority's own tripwire
[2026-09-06T02:02:18Z ERROR fuse3::raw::connection::fuse_over_uring] transport payload lease held 2630 ms (≥ 1 s) — overlong handler invocation or a §5.4 severance escape; watch transport_lease_overlong / transport_parked_commits
[2026-09-06T02:02:18Z ERROR fuse3::raw::connection::fuse_over_uring] transport payload lease held 2512 ms (≥ 1 s) — overlong handler invocation or a §5.4 severance escape; watch transport_lease_overlong / transport_parked_commits
[2026-09-06T02:02:19Z ERROR fuse3::raw::connection::fuse_over_uring] transport payload lease held 1347 ms (≥ 1 s) — overlong handler invocation or a §5.4 severance escape; watch transport_lease_overlong / transport_parked_commits
[2026-09-06T02:02:19Z ERROR fuse3::raw::connection::fuse_over_uring] transport payload lease held 2190 ms (≥ 1 s) — overlong handler invocation or a §5.4 severance escape; watch transport_lease_overlong / transport_parked_commits
[2026-09-06T02:02:19Z ERROR fuse3::raw::connection::fuse_over_uring] transport payload lease held 2140 ms (≥ 1 s) — overlong handler invocation or a §5.4 severance escape; watch transport_lease_overlong / transport_parked_commits
[2026-09-06T02:02:19Z ERROR fuse3::raw::connection::fuse_over_uring] transport payload lease held 1800 ms (≥ 1 s) — overlong handler invocation or a §5.4 severance escape; watch transport_lease_overlong / transport_parked_commits
[2026-09-06T02:02:19Z ERROR squeezefs::meta_ship::publish] S9: the authority refused 1 shipped free(s) (vol_tag 0xc5e11286df218556, request 10585): already free/graced/quarantined — the double-release lineage, surfaced on the authority's own tripwire
[2026-09-06T02:02:19Z ERROR squeezefs::meta_ship::publish] S9: the authority refused 1 shipped free(s) (vol_tag 0xc5e11286df218556, request 10590): already free/graced/quarantined — the double-release lineage, surfaced on the authority's own tripwire
[2026-09-06T02:02:20Z ERROR squeezefs::meta_ship::publish] S9: the authority refused 1 shipped free(s) (vol_tag 0xc5e11286df218556, request 10594): already free/graced/quarantined — the double-release lineage, surfaced on the authority's own tripwire
[2026-09-06T02:02:20Z ERROR squeezefs::meta_ship::publish] S9: the authority refused 1 shipped free(s) (vol_tag 0xc5e11286df218556, request 10598): already free/graced/quarantined — the double-release lineage, surfaced on the authority's own tripwire
[2026-09-06T02:02:20Z ERROR squeezefs::meta_ship::publish] S9: the authority refused 1 shipped free(s) (vol_tag 0xc5e11286df218556, request 10602): already free/graced/quarantined — the double-release lineage, surfaced on the authority's own tripwire
[2026-09-06T02:02:20Z ERROR squeezefs::meta_ship::publish] S9: the authority refused 1 shipped free(s) (vol_tag 0xc5e11286df218556, request 10605): already free/graced/quarantined — the double-release lineage, surfaced on the authority's own tripwire
[2026-09-06T02:02:20Z ERROR squeezefs::meta_ship::publish] S9: the authority refused 1 shipped free(s) (vol_tag 0xc5e11286df218556, request 10610): already free/graced/quarantined — the double-release lineage, surfaced on the authority's own tripwire
[2026-09-06T02:02:20Z ERROR squeezefs::meta_ship::publish] S9: the authority refused 1 shipped free(s) (vol_tag 0xc5e11286df218556, request 10614): already free/graced/quarantined — the double-release lineage, surfaced on the authority's own tripwire
[2026-09-06T02:02:20Z ERROR squeezefs::meta_ship::publish] S9: the authority refused 1 shipped free(s) (vol_tag 0xc5e11286df218556, request 10618): already free/graced/quarantined — the double-release lineage, surfaced on the authority's own tripwire
[2026-09-06T02:02:20Z ERROR squeezefs::meta_ship::publish] S9: the authority refused 1 shipped free(s) (vol_tag 0xc5e11286df218556, request 10622): already free/graced/quarantined — the double-release lineage, surfaced on the authority's own tripwire
[2026-09-06T02:02:20Z ERROR squeezefs::meta_ship::publish] S9: the authority refused 1 shipped free(s) (vol_tag 0xc5e11286df218556, request 10626): already free/graced/quarantined — the double-release lineage, surfaced on the authority's own tripwire
[2026-09-06T02:02:20Z ERROR squeezefs::meta_ship::publish] S9: the authority refused 1 shipped free(s) (vol_tag 0xc5e11286df218556, request 10630): already free/graced/quarantined — the double-release lineage, surfaced on the authority's own tripwire
[2026-09-06T02:02:20Z ERROR squeezefs::meta_ship::publish] S9: the authority refused 1 shipped free(s) (vol_tag 0xc5e11286df218556, request 10634): already free/graced/quarantined — the double-release lineage, surfaced on the authority's own tripwire
[2026-09-06T02:02:20Z ERROR squeezefs::meta_ship::publish] S9: the authority refused 1 shipped free(s) (vol_tag 0xc5e11286df218556, request 10638): already free/graced/quarantined — the double-release lineage, surfaced on the authority's own tripwire
[2026-09-06T02:02:20Z ERROR squeezefs::meta_ship::publish] S9: the authority refused 1 shipped free(s) (vol_tag 0xc5e11286df218556, request 10642): already free/graced/quarantined — the double-release lineage, surfaced on the authority's own tripwire
[2026-09-06T02:02:20Z ERROR squeezefs::meta_ship::publish] S9: the authority refused 1 shipped free(s) (vol_tag 0xc5e11286df218556, request 10648): already free/graced/quarantined — the double-release lineage, surfaced on the authority's own tripwire
[2026-09-06T02:02:20Z ERROR squeezefs::meta_ship::publish] S9: the authority refused 1 shipped free(s) (vol_tag 0xc5e11286df218556, request 10650): already free/graced/quarantined — the double-release lineage, surfaced on the authority's own tripwire
[2026-09-06T02:02:21Z ERROR squeezefs::meta_ship::publish] S9: the authority refused 1 shipped free(s) (vol_tag 0xc5e11286df218556, request 10664): already free/graced/quarantined — the double-release lineage, surfaced on the authority's own tripwire
[2026-09-06T02:02:21Z ERROR squeezefs::meta_ship::publish] S9: the authority refused 1 shipped free(s) (vol_tag 0xc5e11286df218556, request 10663): already free/graced/quarantined — the double-release lineage, surfaced on the authority's own tripwire
[2026-09-06T02:02:21Z ERROR squeezefs::meta_ship::publish] S9: the authority refused 1 shipped free(s) (vol_tag 0xc5e11286df218556, request 10670): already free/graced/quarantined — the double-release lineage, surfaced on the authority's own tripwire
[2026-09-06T02:02:56Z ERROR squeezefs::block_allocator] I/O error: data volume 'nvme4n1' full: 8183 of 8192 blocks allocated — lane 6 of 16 is exhausted while 0 free block(s) belong to lanes this mount does not own (alloc_lane_enospc_refusals; reach them by adopting a lane whose holder is proven dead, or grow the volume set — docs/operations.md §Multi-writer capacity planning)
[2026-09-06T02:02:57Z ERROR squeezefs::block_allocator] I/O error: data volume 'nvme4n1' full: 8183 of 8192 blocks allocated — lane 6 of 16 is exhausted while 0 free block(s) belong to lanes this mount does not own (alloc_lane_enospc_refusals; reach them by adopting a lane whose holder is proven dead, or grow the volume set — docs/operations.md §Multi-writer capacity planning)
[2026-09-06T02:02:57Z ERROR squeezefs::block_allocator] bounded allocation refusing StorageFull after 1015 ms parked with 0 offset(s) still in grace locally (lane harvest horizon 14950 ms): the pressure deadline never fenced within the wall backstop (1000 ms). The refusal is honest and terminal for this write; investigate the membership plane (finding 29)
[2026-09-06T02:02:57Z ERROR squeezefs::block_allocator] bounded allocation refusing StorageFull after 1019 ms parked with 0 offset(s) still in grace locally (lane harvest horizon 14962 ms): the pressure deadline never fenced within the wall backstop (1000 ms). The refusal is honest and terminal for this write; investigate the membership plane (finding 29)
[2026-09-06T02:02:57Z ERROR squeezefs::block_allocator] bounded allocation refusing StorageFull after 1021 ms parked with 0 offset(s) still in grace locally (lane harvest horizon 14963 ms): the pressure deadline never fenced within the wall backstop (1000 ms). The refusal is honest and terminal for this write; investigate the membership plane (finding 29)
[2026-09-06T02:02:57Z ERROR squeezefs::block_allocator] bounded allocation refusing StorageFull after 1029 ms parked with 0 offset(s) still in grace locally (lane harvest horizon 14994 ms): the pressure deadline never fenced within the wall backstop (1000 ms). The refusal is honest and terminal for this write; investigate the membership plane (finding 29)
[2026-09-06T02:02:57Z ERROR squeezefs::block_allocator] bounded allocation refusing StorageFull after 1028 ms parked with 0 offset(s) still in grace locally (lane harvest horizon 14994 ms): the pressure deadline never fenced within the wall backstop (1000 ms). The refusal is honest and terminal for this write; investigate the membership plane (finding 29)
[2026-09-06T02:02:57Z ERROR squeezefs::block_allocator] bounded allocation refusing StorageFull after 1027 ms parked with 0 offset(s) still in grace locally (lane harvest horizon 14995 ms): the pressure deadline never fenced within the wall backstop (1000 ms). The refusal is honest and terminal for this write; investigate the membership plane (finding 29)
[2026-09-06T02:02:57Z ERROR squeezefs::block_allocator] bounded allocation refusing StorageFull after 1029 ms parked with 0 offset(s) still in grace locally (lane harvest horizon 14995 ms): the pressure deadline never fenced within the wall backstop (1000 ms). The refusal is honest and terminal for this write; investigate the membership plane (finding 29)
[2026-09-06T02:02:57Z ERROR squeezefs::block_allocator] bounded allocation refusing StorageFull after 1017 ms parked with 0 offset(s) still in grace locally (lane harvest horizon 14998 ms): the pressure deadline never fenced within the wall backstop (1000 ms). The refusal is honest and terminal for this write; investigate the membership plane (finding 29)
[2026-09-06T02:02:58Z ERROR squeezefs::block_allocator] I/O error: data volume 'nvme4n1' full: 8183 of 8192 blocks allocated — lane 6 of 16 is exhausted while 0 free block(s) belong to lanes this mount does not own (alloc_lane_enospc_refusals; reach them by adopting a lane whose holder is proven dead, or grow the volume set — docs/operations.md §Multi-writer capacity planning)
[2026-09-06T02:02:58Z ERROR squeezefs::block_allocator] bounded allocation refusing StorageFull after 1018 ms parked with 0 offset(s) still in grace locally (lane harvest horizon 15972 ms): the pressure deadline never fenced within the wall backstop (1000 ms). The refusal is honest and terminal for this write; investigate the membership plane (finding 29)
[2026-09-06T02:02:58Z ERROR squeezefs::block_allocator] bounded allocation refusing StorageFull after 1020 ms parked with 0 offset(s) still in grace locally (lane harvest horizon 15972 ms): the pressure deadline never fenced within the wall backstop (1000 ms). The refusal is honest and terminal for this write; investigate the membership plane (finding 29)
[2026-09-06T02:02:58Z ERROR squeezefs::block_allocator] bounded allocation refusing StorageFull after 1014 ms parked with 0 offset(s) still in grace locally (lane harvest horizon 15977 ms): the pressure deadline never fenced within the wall backstop (1000 ms). The refusal is honest and terminal for this write; investigate the membership plane (finding 29)
[2026-09-06T02:02:58Z ERROR squeezefs::block_allocator] bounded allocation refusing StorageFull after 1013 ms parked with 0 offset(s) still in grace locally (lane harvest horizon 15978 ms): the pressure deadline never fenced within the wall backstop (1000 ms). The refusal is honest and terminal for this write; investigate the membership plane (finding 29)
[2026-09-06T02:02:58Z ERROR squeezefs::block_allocator] bounded allocation refusing StorageFull after 1014 ms parked with 0 offset(s) still in grace locally (lane harvest horizon 15986 ms): the pressure deadline never fenced within the wall backstop (1000 ms). The refusal is honest and terminal for this write; investigate the membership plane (finding 29)
[2026-09-06T02:02:58Z ERROR squeezefs::block_allocator] bounded allocation refusing StorageFull after 1015 ms parked with 0 offset(s) still in grace locally (lane harvest horizon 15996 ms): the pressure deadline never fenced within the wall backstop (1000 ms). The refusal is honest and terminal for this write; investigate the membership plane (finding 29)
[2026-09-06T02:02:58Z ERROR squeezefs::block_allocator] bounded allocation refusing StorageFull after 1024 ms parked with 0 offset(s) still in grace locally (lane harvest horizon 16022 ms): the pressure deadline never fenced within the wall backstop (1000 ms). The refusal is honest and terminal for this write; investigate the membership plane (finding 29)
[2026-09-06T02:02:58Z ERROR squeezefs::block_allocator] bounded allocation refusing StorageFull after 1026 ms parked with 0 offset(s) still in grace locally (lane harvest horizon 16022 ms): the pressure deadline never fenced within the wall backstop (1000 ms). The refusal is honest and terminal for this write; investigate the membership plane (finding 29)
[2026-09-06T02:02:58Z ERROR squeezefs::block_allocator] bounded allocation refusing StorageFull after 1016 ms parked with 0 offset(s) still in grace locally (lane harvest horizon 16025 ms): the pressure deadline never fenced within the wall backstop (1000 ms). The refusal is honest and terminal for this write; investigate the membership plane (finding 29)
[2026-09-06T02:02:58Z ERROR squeezefs::block_allocator] bounded allocation refusing StorageFull after 1021 ms parked with 0 offset(s) still in grace locally (lane harvest horizon 16031 ms): the pressure deadline never fenced within the wall backstop (1000 ms). The refusal is honest and terminal for this write; investigate the membership plane (finding 29)
[2026-09-06T02:02:58Z ERROR squeezefs::block_allocator] bounded allocation refusing StorageFull after 1020 ms parked with 0 offset(s) still in grace locally (lane harvest horizon 16031 ms): the pressure deadline never fenced within the wall backstop (1000 ms). The refusal is honest and terminal for this write; investigate the membership plane (finding 29)
[2026-09-06T02:02:58Z ERROR squeezefs::block_allocator] bounded allocation refusing StorageFull after 1020 ms parked with 0 offset(s) still in grace locally (lane harvest horizon 16031 ms): the pressure deadline never fenced within the wall backstop (1000 ms). The refusal is honest and terminal for this write; investigate the membership plane (finding 29)
[2026-09-06T02:02:58Z ERROR squeezefs::block_allocator] bounded allocation refusing StorageFull after 1023 ms parked with 0 offset(s) still in grace locally (lane harvest horizon 16031 ms): the pressure deadline never fenced within the wall backstop (1000 ms). The refusal is honest and terminal for this write; investigate the membership plane (finding 29)
[2026-09-06T02:02:58Z ERROR squeezefs::block_allocator] bounded allocation refusing StorageFull after 1023 ms parked with 0 offset(s) still in grace locally (lane harvest horizon 16031 ms): the pressure deadline never fenced within the wall backstop (1000 ms). The refusal is honest and terminal for this write; investigate the membership plane (finding 29)
[2026-09-06T02:02:58Z ERROR squeezefs::block_allocator] bounded allocation refusing StorageFull after 1017 ms parked with 0 offset(s) still in grace locally (lane harvest horizon 16034 ms): the pressure deadline never fenced within the wall backstop (1000 ms). The refusal is honest and terminal for this write; investigate the membership plane (finding 29)
[2026-09-06T02:02:58Z ERROR squeezefs::block_allocator] bounded allocation refusing StorageFull after 1021 ms parked with 0 offset(s) still in grace locally (lane harvest horizon 16034 ms): the pressure deadline never fenced within the wall backstop (1000 ms). The refusal is honest and terminal for this write; investigate the membership plane (finding 29)
[2026-09-06T02:02:59Z ERROR squeezefs::block_allocator] I/O error: data volume 'nvme4n1' full: 8183 of 8192 blocks allocated — lane 6 of 16 is exhausted while 0 free block(s) belong to lanes this mount does not own (alloc_lane_enospc_refusals; reach them by adopting a lane whose holder is proven dead, or grow the volume set — docs/operations.md §Multi-writer capacity planning)
[2026-09-06T02:02:59Z ERROR squeezefs::block_allocator] bounded allocation refusing StorageFull after 1016 ms parked with 0 offset(s) still in grace locally (lane harvest horizon 16994 ms): the pressure deadline never fenced within the wall backstop (1000 ms). The refusal is honest and terminal for this write; investigate the membership plane (finding 29)
[2026-09-06T02:02:59Z WARN  squeezefs::fuse_client] write-through failed for ino 2 block 1502 (Io(Custom { kind: StorageFull, error: "I/O error: data volume 'nvme4n1' full: 8183 of 8192 blocks allocated — lane 6 of 16 is exhausted while 0 free block(s) belong to lanes this mount does not own (alloc_lane_enospc_refusals; reach them by adopting a lane whose holder is proven dead, or grow the volume set — docs/operations.md §Multi-writer capacity planning)" })); falling back to staging
[2026-09-06T02:02:59Z ERROR squeezefs::block_allocator] bounded allocation refusing StorageFull after 1008 ms parked with 0 offset(s) still in grace locally (lane harvest horizon 16997 ms): the pressure deadline never fenced within the wall backstop (1000 ms). The refusal is honest and terminal for this write; investigate the membership plane (finding 29)
[2026-09-06T02:02:59Z ERROR squeezefs::block_allocator] bounded allocation refusing StorageFull after 1008 ms parked with 0 offset(s) still in grace locally (lane harvest horizon 16997 ms): the pressure deadline never fenced within the wall backstop (1000 ms). The refusal is honest and terminal for this write; investigate the membership plane (finding 29)
[2026-09-06T02:02:59Z ERROR squeezefs::block_allocator] bounded allocation refusing StorageFull after 1025 ms parked with 0 offset(s) still in grace locally (lane harvest horizon 17001 ms): the pressure deadline never fenced within the wall backstop (1000 ms). The refusal is honest and terminal for this write; investigate the membership plane (finding 29)
[2026-09-06T02:02:59Z ERROR squeezefs::block_allocator] bounded allocation refusing StorageFull after 1034 ms parked with 0 offset(s) still in grace locally (lane harvest horizon 17015 ms): the pressure deadline never fenced within the wall backstop (1000 ms). The refusal is honest and terminal for this write; investigate the membership plane (finding 29)
[2026-09-06T02:02:59Z ERROR squeezefs::block_allocator] bounded allocation refusing StorageFull after 1022 ms parked with 0 offset(s) still in grace locally (lane harvest horizon 17015 ms): the pressure deadline never fenced within the wall backstop (1000 ms). The refusal is honest and terminal for this write; investigate the membership plane (finding 29)
[2026-09-06T02:02:59Z ERROR squeezefs::block_allocator] bounded allocation refusing StorageFull after 1045 ms parked with 0 offset(s) still in grace locally (lane harvest horizon 17018 ms): the pressure deadline never fenced within the wall backstop (1000 ms). The refusal is honest and terminal for this write; investigate the membership plane (finding 29)
[2026-09-06T02:02:59Z WARN  squeezefs::routing] rewrite epoch close for ino 2 failed transiently (Io(Custom { kind: StorageFull, error: "I/O error: data volume 'nvme4n1' full: 8183 of 8192 blocks allocated — lane 6 of 16 is exhausted while 0 free block(s) belong to lanes this mount does not own (alloc_lane_enospc_refusals; reach them by adopting a lane whose holder is proven dead, or grow the volume set — docs/operations.md §Multi-writer capacity planning)" })); the epoch stays registered (never-lossy) — the next close trigger retries
[2026-09-06T02:02:59Z ERROR squeezefs::block_allocator] bounded allocation refusing StorageFull after 1045 ms parked with 0 offset(s) still in grace locally (lane harvest horizon 17018 ms): the pressure deadline never fenced within the wall backstop (1000 ms). The refusal is honest and terminal for this write; investigate the membership plane (finding 29)
[2026-09-06T02:02:59Z ERROR squeezefs::block_allocator] bounded allocation refusing StorageFull after 1008 ms parked with 0 offset(s) still in grace locally (lane harvest horizon 17035 ms): the pressure deadline never fenced within the wall backstop (1000 ms). The refusal is honest and terminal for this write; investigate the membership plane (finding 29)
[2026-09-06T02:02:59Z ERROR squeezefs::block_allocator] bounded allocation refusing StorageFull after 1039 ms parked with 0 offset(s) still in grace locally (lane harvest horizon 17036 ms): the pressure deadline never fenced within the wall backstop (1000 ms). The refusal is honest and terminal for this write; investigate the membership plane (finding 29)
[2026-09-06T02:02:59Z WARN  squeezefs::fuse_client] write-through failed for ino 2 block 1501 (Io(Custom { kind: StorageFull, error: "I/O error: data volume 'nvme4n1' full: 8183 of 8192 blocks allocated — lane 6 of 16 is exhausted while 0 free block(s) belong to lanes this mount does not own (alloc_lane_enospc_refusals; reach them by adopting a lane whose holder is proven dead, or grow the volume set — docs/operations.md §Multi-writer capacity planning)" })); falling back to staging
[2026-09-06T02:02:59Z ERROR squeezefs::block_allocator] bounded allocation refusing StorageFull after 1012 ms parked with 0 offset(s) still in grace locally (lane harvest horizon 17037 ms): the pressure deadline never fenced within the wall backstop (1000 ms). The refusal is honest and terminal for this write; investigate the membership plane (finding 29)
[2026-09-06T02:02:59Z ERROR squeezefs::block_allocator] bounded allocation refusing StorageFull after 1000 ms parked with 0 offset(s) still in grace locally (lane harvest horizon 17038 ms): the pressure deadline never fenced within the wall backstop (1000 ms). The refusal is honest and terminal for this write; investigate the membership plane (finding 29)
[2026-09-06T02:02:59Z ERROR squeezefs::block_allocator] bounded allocation refusing StorageFull after 1008 ms parked with 0 offset(s) still in grace locally (lane harvest horizon 17038 ms): the pressure deadline never fenced within the wall backstop (1000 ms). The refusal is honest and terminal for this write; investigate the membership plane (finding 29)
[2026-09-06T02:02:59Z WARN  squeezefs::fuse_client] write-through failed for ino 2 block 1308 (Io(Custom { kind: StorageFull, error: "I/O error: data volume 'nvme4n1' full: 8183 of 8192 blocks allocated — lane 6 of 16 is exhausted while 0 free block(s) belong to lanes this mount does not own (alloc_lane_enospc_refusals; reach them by adopting a lane whose holder is proven dead, or grow the volume set — docs/operations.md §Multi-writer capacity planning)" })); falling back to staging
[2026-09-06T02:02:59Z ERROR squeezefs::block_allocator] bounded allocation refusing StorageFull after 1001 ms parked with 0 offset(s) still in grace locally (lane harvest horizon 17039 ms): the pressure deadline never fenced within the wall backstop (1000 ms). The refusal is honest and terminal for this write; investigate the membership plane (finding 29)
[2026-09-06T02:02:59Z ERROR squeezefs::block_allocator] bounded allocation refusing StorageFull after 1003 ms parked with 0 offset(s) still in grace locally (lane harvest horizon 17040 ms): the pressure deadline never fenced within the wall backstop (1000 ms). The refusal is honest and terminal for this write; investigate the membership plane (finding 29)
[2026-09-06T02:02:59Z ERROR squeezefs::block_allocator] bounded allocation refusing StorageFull after 1010 ms parked with 0 offset(s) still in grace locally (lane harvest horizon 17041 ms): the pressure deadline never fenced within the wall backstop (1000 ms). The refusal is honest and terminal for this write; investigate the membership plane (finding 29)
[2026-09-06T02:02:59Z ERROR squeezefs::block_allocator] bounded allocation refusing StorageFull after 1015 ms parked with 0 offset(s) still in grace locally (lane harvest horizon 17047 ms): the pressure deadline never fenced within the wall backstop (1000 ms). The refusal is honest and terminal for this write; investigate the membership plane (finding 29)
[2026-09-06T02:02:59Z WARN  squeezefs::fuse_client] write-through failed for ino 2 block 1244 (Io(Custom { kind: StorageFull, error: "I/O error: data volume 'nvme4n1' full: 8183 of 8192 blocks allocated — lane 6 of 16 is exhausted while 0 free block(s) belong to lanes this mount does not own (alloc_lane_enospc_refusals; reach them by adopting a lane whose holder is proven dead, or grow the volume set — docs/operations.md §Multi-writer capacity planning)" })); falling back to staging
[2026-09-06T02:02:59Z ERROR squeezefs::block_allocator] bounded allocation refusing StorageFull after 1028 ms parked with 0 offset(s) still in grace locally (lane harvest horizon 17051 ms): the pressure deadline never fenced within the wall backstop (1000 ms). The refusal is honest and terminal for this write; investigate the membership plane (finding 29)
[2026-09-06T02:02:59Z ERROR squeezefs::block_allocator] bounded allocation refusing StorageFull after 1019 ms parked with 0 offset(s) still in grace locally (lane harvest horizon 17057 ms): the pressure deadline never fenced within the wall backstop (1000 ms). The refusal is honest and terminal for this write; investigate the membership plane (finding 29)
[2026-09-06T02:02:59Z ERROR squeezefs::block_allocator] bounded allocation refusing StorageFull after 1027 ms parked with 0 offset(s) still in grace locally (lane harvest horizon 17057 ms): the pressure deadline never fenced within the wall backstop (1000 ms). The refusal is honest and terminal for this write; investigate the membership plane (finding 29)
[2026-09-06T02:02:59Z ERROR squeezefs::block_allocator] bounded allocation refusing StorageFull after 1024 ms parked with 0 offset(s) still in grace locally (lane harvest horizon 17057 ms): the pressure deadline never fenced within the wall backstop (1000 ms). The refusal is honest and terminal for this write; investigate the membership plane (finding 29)
[2026-09-06T02:02:59Z WARN  squeezefs::fuse_client] write-through failed for ino 2 block 1340 (Io(Custom { kind: StorageFull, error: "I/O error: data volume 'nvme4n1' full: 8183 of 8192 blocks allocated — lane 6 of 16 is exhausted while 0 free block(s) belong to lanes this mount does not own (alloc_lane_enospc_refusals; reach them by adopting a lane whose holder is proven dead, or grow the volume set — docs/operations.md §Multi-writer capacity planning)" })); falling back to staging
[2026-09-06T02:02:59Z ERROR squeezefs::block_allocator] bounded allocation refusing StorageFull after 1009 ms parked with 0 offset(s) still in grace locally (lane harvest horizon 17058 ms): the pressure deadline never fenced within the wall backstop (1000 ms). The refusal is honest and terminal for this write; investigate the membership plane (finding 29)
[2026-09-06T02:02:59Z ERROR squeezefs::block_allocator] bounded allocation refusing StorageFull after 1020 ms parked with 0 offset(s) still in grace locally (lane harvest horizon 17058 ms): the pressure deadline never fenced within the wall backstop (1000 ms). The refusal is honest and terminal for this write; investigate the membership plane (finding 29)
[2026-09-06T02:02:59Z ERROR squeezefs::block_allocator] bounded allocation refusing StorageFull after 1026 ms parked with 0 offset(s) still in grace locally (lane harvest horizon 17063 ms): the pressure deadline never fenced within the wall backstop (1000 ms). The refusal is honest and terminal for this write; investigate the membership plane (finding 29)
[2026-09-06T02:02:59Z ERROR squeezefs::block_allocator] bounded allocation refusing StorageFull after 1027 ms parked with 0 offset(s) still in grace locally (lane harvest horizon 17063 ms): the pressure deadline never fenced within the wall backstop (1000 ms). The refusal is honest and terminal for this write; investigate the membership plane (finding 29)
[2026-09-06T02:02:59Z ERROR squeezefs::block_allocator] bounded allocation refusing StorageFull after 1029 ms parked with 0 offset(s) still in grace locally (lane harvest horizon 17065 ms): the pressure deadline never fenced within the wall backstop (1000 ms). The refusal is honest and terminal for this write; investigate the membership plane (finding 29)
[2026-09-06T02:02:59Z ERROR squeezefs::block_allocator] bounded allocation refusing StorageFull after 1035 ms parked with 0 offset(s) still in grace locally (lane harvest horizon 17066 ms): the pressure deadline never fenced within the wall backstop (1000 ms). The refusal is honest and terminal for this write; investigate the membership plane (finding 29)
[2026-09-06T02:02:59Z ERROR squeezefs::block_allocator] bounded allocation refusing StorageFull after 1039 ms parked with 0 offset(s) still in grace locally (lane harvest horizon 17066 ms): the pressure deadline never fenced within the wall backstop (1000 ms). The refusal is honest and terminal for this write; investigate the membership plane (finding 29)
[2026-09-06T02:02:59Z ERROR squeezefs::block_allocator] bounded allocation refusing StorageFull after 1037 ms parked with 0 offset(s) still in grace locally (lane harvest horizon 17068 ms): the pressure deadline never fenced within the wall backstop (1000 ms). The refusal is honest and terminal for this write; investigate the membership plane (finding 29)
[2026-09-06T02:02:59Z WARN  squeezefs::fuse_client] write-through failed for ino 2 block 1212 (Io(Custom { kind: StorageFull, error: "I/O error: data volume 'nvme4n1' full: 8183 of 8192 blocks allocated — lane 6 of 16 is exhausted while 0 free block(s) belong to lanes this mount does not own (alloc_lane_enospc_refusals; reach them by adopting a lane whose holder is proven dead, or grow the volume set — docs/operations.md §Multi-writer capacity planning)" })); falling back to staging
[2026-09-06T02:02:59Z ERROR squeezefs::block_allocator] bounded allocation refusing StorageFull after 1044 ms parked with 0 offset(s) still in grace locally (lane harvest horizon 17069 ms): the pressure deadline never fenced within the wall backstop (1000 ms). The refusal is honest and terminal for this write; investigate the membership plane (finding 29)
[2026-09-06T02:02:59Z WARN  squeezefs::fuse_client] write-through failed for ino 2 block 1276 (Io(Custom { kind: StorageFull, error: "I/O error: data volume 'nvme4n1' full: 8183 of 8192 blocks allocated — lane 6 of 16 is exhausted while 0 free block(s) belong to lanes this mount does not own (alloc_lane_enospc_refusals; reach them by adopting a lane whose holder is proven dead, or grow the volume set — docs/operations.md §Multi-writer capacity planning)" })); falling back to staging
[2026-09-06T02:03:00Z ERROR squeezefs::block_allocator] I/O error: data volume 'nvme4n1' full: 8183 of 8192 blocks allocated — lane 6 of 16 is exhausted while 0 free block(s) belong to lanes this mount does not own (alloc_lane_enospc_refusals; reach them by adopting a lane whose holder is proven dead, or grow the volume set — docs/operations.md §Multi-writer capacity planning)
[2026-09-06T02:03:00Z ERROR squeezefs::block_allocator] bounded allocation refusing StorageFull after 1010 ms parked with 0 offset(s) still in grace locally (lane harvest horizon 18007 ms): the pressure deadline never fenced within the wall backstop (1000 ms). The refusal is honest and terminal for this write; investigate the membership plane (finding 29)
[2026-09-06T02:03:00Z WARN  squeezefs::fuse_client] write-through failed for ino 2 block 1439 (Io(Custom { kind: StorageFull, error: "I/O error: data volume 'nvme4n1' full: 8183 of 8192 blocks allocated — lane 6 of 16 is exhausted while 0 free block(s) belong to lanes this mount does not own (alloc_lane_enospc_refusals; reach them by adopting a lane whose holder is proven dead, or grow the volume set — docs/operations.md §Multi-writer capacity planning)" })); falling back to staging
[2026-09-06T02:03:00Z ERROR fuse3::raw::connection::fuse_over_uring] transport payload lease held 1969 ms (≥ 1 s) — overlong handler invocation or a §5.4 severance escape; watch transport_lease_overlong / transport_parked_commits
[2026-09-06T02:03:00Z ERROR squeezefs::block_allocator] bounded allocation refusing StorageFull after 1010 ms parked with 0 offset(s) still in grace locally (lane harvest horizon 18008 ms): the pressure deadline never fenced within the wall backstop (1000 ms). The refusal is honest and terminal for this write; investigate the membership plane (finding 29)
[2026-09-06T02:03:00Z ERROR squeezefs::block_allocator] bounded allocation refusing StorageFull after 1009 ms parked with 0 offset(s) still in grace locally (lane harvest horizon 18010 ms): the pressure deadline never fenced within the wall backstop (1000 ms). The refusal is honest and terminal for this write; investigate the membership plane (finding 29)
[2026-09-06T02:03:00Z WARN  squeezefs::fuse_client] write-through failed for ino 2 block 1372 (Io(Custom { kind: StorageFull, error: "I/O error: data volume 'nvme4n1' full: 8183 of 8192 blocks allocated — lane 6 of 16 is exhausted while 0 free block(s) belong to lanes this mount does not own (alloc_lane_enospc_refusals; reach them by adopting a lane whose holder is proven dead, or grow the volume set — docs/operations.md §Multi-writer capacity planning)" })); falling back to staging
[2026-09-06T02:03:00Z ERROR squeezefs::block_allocator] bounded allocation refusing StorageFull after 1015 ms parked with 0 offset(s) still in grace locally (lane harvest horizon 18030 ms): the pressure deadline never fenced within the wall backstop (1000 ms). The refusal is honest and terminal for this write; investigate the membership plane (finding 29)
[2026-09-06T02:03:00Z WARN  squeezefs::fuse_client] write-through failed for ino 2 block 1407 (Io(Custom { kind: StorageFull, error: "I/O error: data volume 'nvme4n1' full: 8183 of 8192 blocks allocated — lane 6 of 16 is exhausted while 0 free block(s) belong to lanes this mount does not own (alloc_lane_enospc_refusals; reach them by adopting a lane whose holder is proven dead, or grow the volume set — docs/operations.md §Multi-writer capacity planning)" })); falling back to staging
[2026-09-06T02:03:00Z ERROR squeezefs::block_allocator] bounded allocation refusing StorageFull after 1014 ms parked with 0 offset(s) still in grace locally (lane harvest horizon 18031 ms): the pressure deadline never fenced within the wall backstop (1000 ms). The refusal is honest and terminal for this write; investigate the membership plane (finding 29)
[2026-09-06T02:03:00Z ERROR squeezefs::block_allocator] bounded allocation refusing StorageFull after 1013 ms parked with 0 offset(s) still in grace locally (lane harvest horizon 18031 ms): the pressure deadline never fenced within the wall backstop (1000 ms). The refusal is honest and terminal for this write; investigate the membership plane (finding 29)
[2026-09-06T02:03:00Z WARN  squeezefs::fuse_client] write-through failed for ino 2 block 1470 (Io(Custom { kind: StorageFull, error: "I/O error: data volume 'nvme4n1' full: 8183 of 8192 blocks allocated — lane 6 of 16 is exhausted while 0 free block(s) belong to lanes this mount does not own (alloc_lane_enospc_refusals; reach them by adopting a lane whose holder is proven dead, or grow the volume set — docs/operations.md §Multi-writer capacity planning)" })); falling back to staging
[2026-09-06T02:03:00Z ERROR squeezefs::block_allocator] bounded allocation refusing StorageFull after 1012 ms parked with 0 offset(s) still in grace locally (lane harvest horizon 18048 ms): the pressure deadline never fenced within the wall backstop (1000 ms). The refusal is honest and terminal for this write; investigate the membership plane (finding 29)
[2026-09-06T02:03:00Z ERROR squeezefs::block_allocator] bounded allocation refusing StorageFull after 1010 ms parked with 0 offset(s) still in grace locally (lane harvest horizon 18048 ms): the pressure deadline never fenced within the wall backstop (1000 ms). The refusal is honest and terminal for this write; investigate the membership plane (finding 29)
[2026-09-06T02:03:00Z WARN  squeezefs::routing] rewrite epoch close for ino 2 failed transiently (Io(Custom { kind: StorageFull, error: "I/O error: data volume 'nvme4n1' full: 8183 of 8192 blocks allocated — lane 6 of 16 is exhausted while 0 free block(s) belong to lanes this mount does not own (alloc_lane_enospc_refusals; reach them by adopting a lane whose holder is proven dead, or grow the volume set — docs/operations.md §Multi-writer capacity planning)" })); the epoch stays registered (never-lossy) — the next close trigger retries
[2026-09-06T02:03:00Z ERROR squeezefs::block_allocator] bounded allocation refusing StorageFull after 1028 ms parked with 0 offset(s) still in grace locally (lane harvest horizon 18048 ms): the pressure deadline never fenced within the wall backstop (1000 ms). The refusal is honest and terminal for this write; investigate the membership plane (finding 29)
[2026-09-06T02:03:00Z ERROR squeezefs::block_allocator] bounded allocation refusing StorageFull after 1012 ms parked with 0 offset(s) still in grace locally (lane harvest horizon 18052 ms): the pressure deadline never fenced within the wall backstop (1000 ms). The refusal is honest and terminal for this write; investigate the membership plane (finding 29)
[2026-09-06T02:03:00Z ERROR squeezefs::block_allocator] bounded allocation refusing StorageFull after 1012 ms parked with 0 offset(s) still in grace locally (lane harvest horizon 18052 ms): the pressure deadline never fenced within the wall backstop (1000 ms). The refusal is honest and terminal for this write; investigate the membership plane (finding 29)
[2026-09-06T02:03:00Z ERROR squeezefs::block_allocator] bounded allocation refusing StorageFull after 1009 ms parked with 0 offset(s) still in grace locally (lane harvest horizon 18053 ms): the pressure deadline never fenced within the wall backstop (1000 ms). The refusal is honest and terminal for this write; investigate the membership plane (finding 29)
[2026-09-06T02:03:00Z ERROR squeezefs::block_allocator] bounded allocation refusing StorageFull after 1010 ms parked with 0 offset(s) still in grace locally (lane harvest horizon 18053 ms): the pressure deadline never fenced within the wall backstop (1000 ms). The refusal is honest and terminal for this write; investigate the membership plane (finding 29)
[2026-09-06T02:03:00Z ERROR squeezefs::block_allocator] bounded allocation refusing StorageFull after 1011 ms parked with 0 offset(s) still in grace locally (lane harvest horizon 18053 ms): the pressure deadline never fenced within the wall backstop (1000 ms). The refusal is honest and terminal for this write; investigate the membership plane (finding 29)
[2026-09-06T02:03:00Z ERROR squeezefs::block_allocator] bounded allocation refusing StorageFull after 1011 ms parked with 0 offset(s) still in grace locally (lane harvest horizon 18053 ms): the pressure deadline never fenced within the wall backstop (1000 ms). The refusal is honest and terminal for this write; investigate the membership plane (finding 29)
[2026-09-06T02:03:00Z ERROR fuse3::raw::connection::fuse_over_uring] transport payload lease held 1012 ms (≥ 1 s) — overlong handler invocation or a §5.4 severance escape; watch transport_lease_overlong / transport_parked_commits
[2026-09-06T02:03:00Z ERROR squeezefs::block_allocator] bounded allocation refusing StorageFull after 1010 ms parked with 0 offset(s) still in grace locally (lane harvest horizon 18064 ms): the pressure deadline never fenced within the wall backstop (1000 ms). The refusal is honest and terminal for this write; investigate the membership plane (finding 29)
[2026-09-06T02:03:00Z ERROR squeezefs::block_allocator] bounded allocation refusing StorageFull after 1014 ms parked with 0 offset(s) still in grace locally (lane harvest horizon 18073 ms): the pressure deadline never fenced within the wall backstop (1000 ms). The refusal is honest and terminal for this write; investigate the membership plane (finding 29)
[2026-09-06T02:03:00Z WARN  squeezefs::fuse_client] write-through failed for ino 2 block 1533 (Io(Custom { kind: StorageFull, error: "I/O error: data volume 'nvme4n1' full: 8183 of 8192 blocks allocated — lane 6 of 16 is exhausted while 0 free block(s) belong to lanes this mount does not own (alloc_lane_enospc_refusals; reach them by adopting a lane whose holder is proven dead, or grow the volume set — docs/operations.md §Multi-writer capacity planning)" })); falling back to staging
[2026-09-06T02:03:00Z ERROR squeezefs::block_allocator] bounded allocation refusing StorageFull after 1018 ms parked with 0 offset(s) still in grace locally (lane harvest horizon 18076 ms): the pressure deadline never fenced within the wall backstop (1000 ms). The refusal is honest and terminal for this write; investigate the membership plane (finding 29)
[2026-09-06T02:03:00Z WARN  squeezefs::fuse_client] write-through failed for ino 2 block 1535 (Io(Custom { kind: StorageFull, error: "I/O error: data volume 'nvme4n1' full: 8183 of 8192 blocks allocated — lane 6 of 16 is exhausted while 0 free block(s) belong to lanes this mount does not own (alloc_lane_enospc_refusals; reach them by adopting a lane whose holder is proven dead, or grow the volume set — docs/operations.md §Multi-writer capacity planning)" })); falling back to staging
[2026-09-06T02:03:00Z ERROR squeezefs::block_allocator] bounded allocation refusing StorageFull after 1020 ms parked with 0 offset(s) still in grace locally (lane harvest horizon 18078 ms): the pressure deadline never fenced within the wall backstop (1000 ms). The refusal is honest and terminal for this write; investigate the membership plane (finding 29)
[2026-09-06T02:03:00Z ERROR squeezefs::block_allocator] bounded allocation refusing StorageFull after 1020 ms parked with 0 offset(s) still in grace locally (lane harvest horizon 18080 ms): the pressure deadline never fenced within the wall backstop (1000 ms). The refusal is honest and terminal for this write; investigate the membership plane (finding 29)
[2026-09-06T02:03:00Z ERROR squeezefs::block_allocator] bounded allocation refusing StorageFull after 1017 ms parked with 0 offset(s) still in grace locally (lane harvest horizon 18083 ms): the pressure deadline never fenced within the wall backstop (1000 ms). The refusal is honest and terminal for this write; investigate the membership plane (finding 29)
[2026-09-06T02:03:00Z WARN  squeezefs::fuse_client] write-through failed for ino 2 block 1534 (Io(Custom { kind: StorageFull, error: "I/O error: data volume 'nvme4n1' full: 8183 of 8192 blocks allocated — lane 6 of 16 is exhausted while 0 free block(s) belong to lanes this mount does not own (alloc_lane_enospc_refusals; reach them by adopting a lane whose holder is proven dead, or grow the volume set — docs/operations.md §Multi-writer capacity planning)" })); falling back to staging
[2026-09-06T02:03:00Z ERROR squeezefs::block_allocator] bounded allocation refusing StorageFull after 1019 ms parked with 0 offset(s) still in grace locally (lane harvest horizon 18084 ms): the pressure deadline never fenced within the wall backstop (1000 ms). The refusal is honest and terminal for this write; investigate the membership plane (finding 29)
[2026-09-06T02:03:00Z ERROR squeezefs::block_allocator] bounded allocation refusing StorageFull after 1024 ms parked with 0 offset(s) still in grace locally (lane harvest horizon 18084 ms): the pressure deadline never fenced within the wall backstop (1000 ms). The refusal is honest and terminal for this write; investigate the membership plane (finding 29)
[2026-09-06T02:03:00Z ERROR squeezefs::block_allocator] bounded allocation refusing StorageFull after 1028 ms parked with 0 offset(s) still in grace locally (lane harvest horizon 18096 ms): the pressure deadline never fenced within the wall backstop (1000 ms). The refusal is honest and terminal for this write; investigate the membership plane (finding 29)
[2026-09-06T02:03:00Z ERROR squeezefs::block_allocator] bounded allocation refusing StorageFull after 1029 ms parked with 0 offset(s) still in grace locally (lane harvest horizon 18096 ms): the pressure deadline never fenced within the wall backstop (1000 ms). The refusal is honest and terminal for this write; investigate the membership plane (finding 29)
[2026-09-06T02:03:00Z WARN  squeezefs::fuse_client] write-through failed for ino 2 block 1503 (Io(Custom { kind: StorageFull, error: "I/O error: data volume 'nvme4n1' full: 8183 of 8192 blocks allocated — lane 6 of 16 is exhausted while 0 free block(s) belong to lanes this mount does not own (alloc_lane_enospc_refusals; reach them by adopting a lane whose holder is proven dead, or grow the volume set — docs/operations.md §Multi-writer capacity planning)" })); falling back to staging
[2026-09-06T02:03:00Z ERROR squeezefs::block_allocator] bounded allocation refusing StorageFull after 1026 ms parked with 0 offset(s) still in grace locally (lane harvest horizon 18096 ms): the pressure deadline never fenced within the wall backstop (1000 ms). The refusal is honest and terminal for this write; investigate the membership plane (finding 29)
[2026-09-06T02:03:00Z ERROR squeezefs::block_allocator] bounded allocation refusing StorageFull after 1029 ms parked with 0 offset(s) still in grace locally (lane harvest horizon 18099 ms): the pressure deadline never fenced within the wall backstop (1000 ms). The refusal is honest and terminal for this write; investigate the membership plane (finding 29)
[2026-09-06T02:03:00Z ERROR squeezefs::block_allocator] bounded allocation refusing StorageFull after 1010 ms parked with 0 offset(s) still in grace locally (lane harvest horizon 18163 ms): the pressure deadline never fenced within the wall backstop (1000 ms). The refusal is honest and terminal for this write; investigate the membership plane (finding 29)
[2026-09-06T02:03:00Z ERROR squeezefs::block_allocator] bounded allocation refusing StorageFull after 1010 ms parked with 0 offset(s) still in grace locally (lane harvest horizon 18163 ms): the pressure deadline never fenced within the wall backstop (1000 ms). The refusal is honest and terminal for this write; investigate the membership plane (finding 29)
[2026-09-06T02:03:00Z ERROR squeezefs::block_allocator] bounded allocation refusing StorageFull after 1011 ms parked with 0 offset(s) still in grace locally (lane harvest horizon 18164 ms): the pressure deadline never fenced within the wall backstop (1000 ms). The refusal is honest and terminal for this write; investigate the membership plane (finding 29)
[2026-09-06T02:03:00Z ERROR squeezefs::block_allocator] bounded allocation refusing StorageFull after 1011 ms parked with 0 offset(s) still in grace locally (lane harvest horizon 18164 ms): the pressure deadline never fenced within the wall backstop (1000 ms). The refusal is honest and terminal for this write; investigate the membership plane (finding 29)
[2026-09-06T02:03:00Z ERROR squeezefs::block_allocator] bounded allocation refusing StorageFull after 1009 ms parked with 0 offset(s) still in grace locally (lane harvest horizon 18164 ms): the pressure deadline never fenced within the wall backstop (1000 ms). The refusal is honest and terminal for this write; investigate the membership plane (finding 29)
[2026-09-06T02:03:00Z ERROR squeezefs::block_allocator] bounded allocation refusing StorageFull after 1012 ms parked with 0 offset(s) still in grace locally (lane harvest horizon 18167 ms): the pressure deadline never fenced within the wall backstop (1000 ms). The refusal is honest and terminal for this write; investigate the membership plane (finding 29)
[2026-09-06T02:03:00Z ERROR squeezefs::block_allocator] bounded allocation refusing StorageFull after 1013 ms parked with 0 offset(s) still in grace locally (lane harvest horizon 18167 ms): the pressure deadline never fenced within the wall backstop (1000 ms). The refusal is honest and terminal for this write; investigate the membership plane (finding 29)
[2026-09-06T02:03:00Z ERROR squeezefs::block_allocator] bounded allocation refusing StorageFull after 1015 ms parked with 0 offset(s) still in grace locally (lane harvest horizon 18168 ms): the pressure deadline never fenced within the wall backstop (1000 ms). The refusal is honest and terminal for this write; investigate the membership plane (finding 29)
[2026-09-06T02:03:00Z ERROR squeezefs::block_allocator] bounded allocation refusing StorageFull after 1016 ms parked with 0 offset(s) still in grace locally (lane harvest horizon 18168 ms): the pressure deadline never fenced within the wall backstop (1000 ms). The refusal is honest and terminal for this write; investigate the membership plane (finding 29)
[2026-09-06T02:03:00Z ERROR squeezefs::block_allocator] bounded allocation refusing StorageFull after 1016 ms parked with 0 offset(s) still in grace locally (lane harvest horizon 18170 ms): the pressure deadline never fenced within the wall backstop (1000 ms). The refusal is honest and terminal for this write; investigate the membership plane (finding 29)
[2026-09-06T02:03:00Z ERROR squeezefs::block_allocator] bounded allocation refusing StorageFull after 1015 ms parked with 0 offset(s) still in grace locally (lane harvest horizon 18170 ms): the pressure deadline never fenced within the wall backstop (1000 ms). The refusal is honest and terminal for this write; investigate the membership plane (finding 29)
[2026-09-06T02:03:00Z ERROR squeezefs::block_allocator] bounded allocation refusing StorageFull after 1015 ms parked with 0 offset(s) still in grace locally (lane harvest horizon 18170 ms): the pressure deadline never fenced within the wall backstop (1000 ms). The refusal is honest and terminal for this write; investigate the membership plane (finding 29)
[2026-09-06T02:03:00Z ERROR squeezefs::block_allocator] bounded allocation refusing StorageFull after 1018 ms parked with 0 offset(s) still in grace locally (lane harvest horizon 18173 ms): the pressure deadline never fenced within the wall backstop (1000 ms). The refusal is honest and terminal for this write; investigate the membership plane (finding 29)
[2026-09-06T02:03:00Z ERROR squeezefs::block_allocator] bounded allocation refusing StorageFull after 1020 ms parked with 0 offset(s) still in grace locally (lane harvest horizon 18175 ms): the pressure deadline never fenced within the wall backstop (1000 ms). The refusal is honest and terminal for this write; investigate the membership plane (finding 29)
[2026-09-06T02:03:00Z ERROR squeezefs::block_allocator] bounded allocation refusing StorageFull after 1021 ms parked with 0 offset(s) still in grace locally (lane harvest horizon 18175 ms): the pressure deadline never fenced within the wall backstop (1000 ms). The refusal is honest and terminal for this write; investigate the membership plane (finding 29)
[2026-09-06T02:03:01Z ERROR squeezefs::block_allocator] bounded allocation refusing StorageFull after 1013 ms parked with 0 offset(s) still in grace locally (lane harvest horizon 18540 ms): the pressure deadline never fenced within the wall backstop (1000 ms). The refusal is honest and terminal for this write; investigate the membership plane (finding 29)
[2026-09-06T02:03:01Z ERROR squeezefs::block_allocator] bounded allocation refusing StorageFull after 1014 ms parked with 0 offset(s) still in grace locally (lane harvest horizon 18539 ms): the pressure deadline never fenced within the wall backstop (1000 ms). The refusal is honest and terminal for this write; investigate the membership plane (finding 29)
[2026-09-06T02:03:01Z ERROR squeezefs::block_allocator] bounded allocation refusing StorageFull after 1015 ms parked with 0 offset(s) still in grace locally (lane harvest horizon 18541 ms): the pressure deadline never fenced within the wall backstop (1000 ms). The refusal is honest and terminal for this write; investigate the membership plane (finding 29)
[2026-09-06T02:03:01Z ERROR squeezefs::block_allocator] bounded allocation refusing StorageFull after 1017 ms parked with 0 offset(s) still in grace locally (lane harvest horizon 18543 ms): the pressure deadline never fenced within the wall backstop (1000 ms). The refusal is honest and terminal for this write; investigate the membership plane (finding 29)
[2026-09-06T02:03:01Z ERROR squeezefs::block_allocator] bounded allocation refusing StorageFull after 1020 ms parked with 0 offset(s) still in grace locally (lane harvest horizon 18546 ms): the pressure deadline never fenced within the wall backstop (1000 ms). The refusal is honest and terminal for this write; investigate the membership plane (finding 29)
[2026-09-06T02:03:01Z ERROR squeezefs::block_allocator] I/O error: data volume 'nvme4n1' full: 8183 of 8192 blocks allocated — lane 6 of 16 is exhausted while 0 free block(s) belong to lanes this mount does not own (alloc_lane_enospc_refusals; reach them by adopting a lane whose holder is proven dead, or grow the volume set — docs/operations.md §Multi-writer capacity planning)
[2026-09-06T02:03:01Z ERROR squeezefs::block_allocator] bounded allocation refusing StorageFull after 1016 ms parked with 0 offset(s) still in grace locally (lane harvest horizon 18986 ms): the pressure deadline never fenced within the wall backstop (1000 ms). The refusal is honest and terminal for this write; investigate the membership plane (finding 29)
[2026-09-06T02:03:01Z ERROR squeezefs::block_allocator] bounded allocation refusing StorageFull after 1013 ms parked with 0 offset(s) still in grace locally (lane harvest horizon 18986 ms): the pressure deadline never fenced within the wall backstop (1000 ms). The refusal is honest and terminal for this write; investigate the membership plane (finding 29)
[2026-09-06T02:03:01Z ERROR squeezefs::block_allocator] bounded allocation refusing StorageFull after 1019 ms parked with 0 offset(s) still in grace locally (lane harvest horizon 18989 ms): the pressure deadline never fenced within the wall backstop (1000 ms). The refusal is honest and terminal for this write; investigate the membership plane (finding 29)
[2026-09-06T02:03:01Z ERROR squeezefs::block_allocator] bounded allocation refusing StorageFull after 1020 ms parked with 0 offset(s) still in grace locally (lane harvest horizon 18991 ms): the pressure deadline never fenced within the wall backstop (1000 ms). The refusal is honest and terminal for this write; investigate the membership plane (finding 29)
[2026-09-06T02:03:01Z WARN  squeezefs::fuse_client] write-through failed for ino 2 block 1597 (Io(Custom { kind: StorageFull, error: "I/O error: data volume 'nvme4n1' full: 8183 of 8192 blocks allocated — lane 6 of 16 is exhausted while 0 free block(s) belong to lanes this mount does not own (alloc_lane_enospc_refusals; reach them by adopting a lane whose holder is proven dead, or grow the volume set — docs/operations.md §Multi-writer capacity planning)" })); falling back to staging
[2026-09-06T02:03:01Z ERROR squeezefs::block_allocator] bounded allocation refusing StorageFull after 1012 ms parked with 0 offset(s) still in grace locally (lane harvest horizon 19005 ms): the pressure deadline never fenced within the wall backstop (1000 ms). The refusal is honest and terminal for this write; investigate the membership plane (finding 29)
[2026-09-06T02:03:01Z ERROR squeezefs::block_allocator] bounded allocation refusing StorageFull after 1012 ms parked with 0 offset(s) still in grace locally (lane harvest horizon 19005 ms): the pressure deadline never fenced within the wall backstop (1000 ms). The refusal is honest and terminal for this write; investigate the membership plane (finding 29)
[2026-09-06T02:03:01Z WARN  squeezefs::fuse_client] write-through failed for ino 2 block 1566 (Io(Custom { kind: StorageFull, error: "I/O error: data volume 'nvme4n1' full: 8183 of 8192 blocks allocated — lane 6 of 16 is exhausted while 0 free block(s) belong to lanes this mount does not own (alloc_lane_enospc_refusals; reach them by adopting a lane whose holder is proven dead, or grow the volume set — docs/operations.md §Multi-writer capacity planning)" })); falling back to staging
[2026-09-06T02:03:01Z ERROR squeezefs::block_allocator] bounded allocation refusing StorageFull after 1013 ms parked with 0 offset(s) still in grace locally (lane harvest horizon 19024 ms): the pressure deadline never fenced within the wall backstop (1000 ms). The refusal is honest and terminal for this write; investigate the membership plane (finding 29)
[2026-09-06T02:03:01Z WARN  squeezefs::fuse_client] write-through failed for ino 2 block 1471 (Io(Custom { kind: StorageFull, error: "I/O error: data volume 'nvme4n1' full: 8183 of 8192 blocks allocated — lane 6 of 16 is exhausted while 0 free block(s) belong to lanes this mount does not own (alloc_lane_enospc_refusals; reach them by adopting a lane whose holder is proven dead, or grow the volume set — docs/operations.md §Multi-writer capacity planning)" })); falling back to staging
[2026-09-06T02:03:01Z ERROR squeezefs::block_allocator] bounded allocation refusing StorageFull after 1038 ms parked with 0 offset(s) still in grace locally (lane harvest horizon 19051 ms): the pressure deadline never fenced within the wall backstop (1000 ms). The refusal is honest and terminal for this write; investigate the membership plane (finding 29)
[2026-09-06T02:03:01Z ERROR squeezefs::block_allocator] bounded allocation refusing StorageFull after 1034 ms parked with 0 offset(s) still in grace locally (lane harvest horizon 19051 ms): the pressure deadline never fenced within the wall backstop (1000 ms). The refusal is honest and terminal for this write; investigate the membership plane (finding 29)
[2026-09-06T02:03:01Z WARN  squeezefs::fuse_client] write-through failed for ino 2 block 1599 (Io(Custom { kind: StorageFull, error: "I/O error: data volume 'nvme4n1' full: 8183 of 8192 blocks allocated — lane 6 of 16 is exhausted while 0 free block(s) belong to lanes this mount does not own (alloc_lane_enospc_refusals; reach them by adopting a lane whose holder is proven dead, or grow the volume set — docs/operations.md §Multi-writer capacity planning)" })); falling back to staging
[2026-09-06T02:03:01Z WARN  squeezefs::routing] rewrite epoch close for ino 2 failed transiently (Io(Custom { kind: StorageFull, error: "I/O error: data volume 'nvme4n1' full: 8183 of 8192 blocks allocated — lane 6 of 16 is exhausted while 0 free block(s) belong to lanes this mount does not own (alloc_lane_enospc_refusals; reach them by adopting a lane whose holder is proven dead, or grow the volume set — docs/operations.md §Multi-writer capacity planning)" })); the epoch stays registered (never-lossy) — the next close trigger retries
[2026-09-06T02:03:01Z ERROR squeezefs::block_allocator] bounded allocation refusing StorageFull after 1034 ms parked with 0 offset(s) still in grace locally (lane harvest horizon 19052 ms): the pressure deadline never fenced within the wall backstop (1000 ms). The refusal is honest and terminal for this write; investigate the membership plane (finding 29)
[2026-09-06T02:03:01Z ERROR squeezefs::block_allocator] bounded allocation refusing StorageFull after 1016 ms parked with 0 offset(s) still in grace locally (lane harvest horizon 19054 ms): the pressure deadline never fenced within the wall backstop (1000 ms). The refusal is honest and terminal for this write; investigate the membership plane (finding 29)
[2026-09-06T02:03:01Z ERROR squeezefs::block_allocator] bounded allocation refusing StorageFull after 1036 ms parked with 0 offset(s) still in grace locally (lane harvest horizon 19054 ms): the pressure deadline never fenced within the wall backstop (1000 ms). The refusal is honest and terminal for this write; investigate the membership plane (finding 29)
[2026-09-06T02:03:01Z WARN  squeezefs::fuse_client] write-through failed for ino 2 block 1468 (Io(Custom { kind: StorageFull, error: "I/O error: data volume 'nvme4n1' full: 8183 of 8192 blocks allocated — lane 6 of 16 is exhausted while 0 free block(s) belong to lanes this mount does not own (alloc_lane_enospc_refusals; reach them by adopting a lane whose holder is proven dead, or grow the volume set — docs/operations.md §Multi-writer capacity planning)" })); falling back to staging
[2026-09-06T02:03:01Z ERROR squeezefs::block_allocator] bounded allocation refusing StorageFull after 1041 ms parked with 0 offset(s) still in grace locally (lane harvest horizon 19055 ms): the pressure deadline never fenced within the wall backstop (1000 ms). The refusal is honest and terminal for this write; investigate the membership plane (finding 29)
[2026-09-06T02:03:01Z WARN  squeezefs::fuse_client] write-through failed for ino 2 block 1629 (Io(Custom { kind: StorageFull, error: "I/O error: data volume 'nvme4n1' full: 8183 of 8192 blocks allocated — lane 6 of 16 is exhausted while 0 free block(s) belong to lanes this mount does not own (alloc_lane_enospc_refusals; reach them by adopting a lane whose holder is proven dead, or grow the volume set — docs/operations.md §Multi-writer capacity planning)" })); falling back to staging
[2026-09-06T02:03:01Z ERROR squeezefs::block_allocator] bounded allocation refusing StorageFull after 1026 ms parked with 0 offset(s) still in grace locally (lane harvest horizon 19054 ms): the pressure deadline never fenced within the wall backstop (1000 ms). The refusal is honest and terminal for this write; investigate the membership plane (finding 29)
[2026-09-06T02:03:01Z WARN  squeezefs::fuse_client] write-through failed for ino 2 block 1598 (Io(Custom { kind: StorageFull, error: "I/O error: data volume 'nvme4n1' full: 8183 of 8192 blocks allocated — lane 6 of 16 is exhausted while 0 free block(s) belong to lanes this mount does not own (alloc_lane_enospc_refusals; reach them by adopting a lane whose holder is proven dead, or grow the volume set — docs/operations.md §Multi-writer capacity planning)" })); falling back to staging
[2026-09-06T02:03:01Z ERROR squeezefs::block_allocator] bounded allocation refusing StorageFull after 1040 ms parked with 0 offset(s) still in grace locally (lane harvest horizon 19058 ms): the pressure deadline never fenced within the wall backstop (1000 ms). The refusal is honest and terminal for this write; investigate the membership plane (finding 29)
[2026-09-06T02:03:01Z WARN  squeezefs::fuse_client] write-through failed for ino 2 block 1567 (Io(Custom { kind: StorageFull, error: "I/O error: data volume 'nvme4n1' full: 8183 of 8192 blocks allocated — lane 6 of 16 is exhausted while 0 free block(s) belong to lanes this mount does not own (alloc_lane_enospc_refusals; reach them by adopting a lane whose holder is proven dead, or grow the volume set — docs/operations.md §Multi-writer capacity planning)" })); falling back to staging
[2026-09-06T02:03:01Z ERROR squeezefs::block_allocator] bounded allocation refusing StorageFull after 1025 ms parked with 0 offset(s) still in grace locally (lane harvest horizon 19067 ms): the pressure deadline never fenced within the wall backstop (1000 ms). The refusal is honest and terminal for this write; investigate the membership plane (finding 29)
[2026-09-06T02:03:01Z ERROR squeezefs::block_allocator] bounded allocation refusing StorageFull after 1020 ms parked with 0 offset(s) still in grace locally (lane harvest horizon 19067 ms): the pressure deadline never fenced within the wall backstop (1000 ms). The refusal is honest and terminal for this write; investigate the membership plane (finding 29)
[2026-09-06T02:03:01Z ERROR squeezefs::block_allocator] bounded allocation refusing StorageFull after 1028 ms parked with 0 offset(s) still in grace locally (lane harvest horizon 19067 ms): the pressure deadline never fenced within the wall backstop (1000 ms). The refusal is honest and terminal for this write; investigate the membership plane (finding 29)
[2026-09-06T02:03:01Z WARN  squeezefs::fuse_client] write-through failed for ino 2 block 1630 (Io(Custom { kind: StorageFull, error: "I/O error: data volume 'nvme4n1' full: 8183 of 8192 blocks allocated — lane 6 of 16 is exhausted while 0 free block(s) belong to lanes this mount does not own (alloc_lane_enospc_refusals; reach them by adopting a lane whose holder is proven dead, or grow the volume set — docs/operations.md §Multi-writer capacity planning)" })); falling back to staging
[2026-09-06T02:03:01Z ERROR squeezefs::block_allocator] bounded allocation refusing StorageFull after 1012 ms parked with 0 offset(s) still in grace locally (lane harvest horizon 19071 ms): the pressure deadline never fenced within the wall backstop (1000 ms). The refusal is honest and terminal for this write; investigate the membership plane (finding 29)
[2026-09-06T02:03:01Z ERROR squeezefs::block_allocator] bounded allocation refusing StorageFull after 1013 ms parked with 0 offset(s) still in grace locally (lane harvest horizon 19071 ms): the pressure deadline never fenced within the wall backstop (1000 ms). The refusal is honest and terminal for this write; investigate the membership plane (finding 29)
[2026-09-06T02:03:01Z WARN  squeezefs::fuse_client] write-through failed for ino 2 block 1404 (Io(Custom { kind: StorageFull, error: "I/O error: data volume 'nvme4n1' full: 8183 of 8192 blocks allocated — lane 6 of 16 is exhausted while 0 free block(s) belong to lanes this mount does not own (alloc_lane_enospc_refusals; reach them by adopting a lane whose holder is proven dead, or grow the volume set — docs/operations.md §Multi-writer capacity planning)" })); falling back to staging
[2026-09-06T02:03:01Z ERROR squeezefs::block_allocator] bounded allocation refusing StorageFull after 1014 ms parked with 0 offset(s) still in grace locally (lane harvest horizon 19072 ms): the pressure deadline never fenced within the wall backstop (1000 ms). The refusal is honest and terminal for this write; investigate the membership plane (finding 29)
[2026-09-06T02:03:01Z WARN  squeezefs::fuse_client] write-through failed for ino 2 block 1661 (Io(Custom { kind: StorageFull, error: "I/O error: data volume 'nvme4n1' full: 8183 of 8192 blocks allocated — lane 6 of 16 is exhausted while 0 free block(s) belong to lanes this mount does not own (alloc_lane_enospc_refusals; reach them by adopting a lane whose holder is proven dead, or grow the volume set — docs/operations.md §Multi-writer capacity planning)" })); falling back to staging
[2026-09-06T02:03:01Z ERROR squeezefs::block_allocator] bounded allocation refusing StorageFull after 1019 ms parked with 0 offset(s) still in grace locally (lane harvest horizon 19102 ms): the pressure deadline never fenced within the wall backstop (1000 ms). The refusal is honest and terminal for this write; investigate the membership plane (finding 29)
[2026-09-06T02:03:01Z ERROR squeezefs::block_allocator] bounded allocation refusing StorageFull after 1013 ms parked with 0 offset(s) still in grace locally (lane harvest horizon 19162 ms): the pressure deadline never fenced within the wall backstop (1000 ms). The refusal is honest and terminal for this write; investigate the membership plane (finding 29)
[2026-09-06T02:03:01Z ERROR squeezefs::block_allocator] bounded allocation refusing StorageFull after 1016 ms parked with 0 offset(s) still in grace locally (lane harvest horizon 19162 ms): the pressure deadline never fenced within the wall backstop (1000 ms). The refusal is honest and terminal for this write; investigate the membership plane (finding 29)
[2026-09-06T02:03:01Z ERROR squeezefs::block_allocator] bounded allocation refusing StorageFull after 1016 ms parked with 0 offset(s) still in grace locally (lane harvest horizon 19165 ms): the pressure deadline never fenced within the wall backstop (1000 ms). The refusal is honest and terminal for this write; investigate the membership plane (finding 29)
[2026-09-06T02:03:01Z ERROR squeezefs::block_allocator] bounded allocation refusing StorageFull after 1018 ms parked with 0 offset(s) still in grace locally (lane harvest horizon 19165 ms): the pressure deadline never fenced within the wall backstop (1000 ms). The refusal is honest and terminal for this write; investigate the membership plane (finding 29)
[2026-09-06T02:03:01Z ERROR squeezefs::block_allocator] bounded allocation refusing StorageFull after 1018 ms parked with 0 offset(s) still in grace locally (lane harvest horizon 19165 ms): the pressure deadline never fenced within the wall backstop (1000 ms). The refusal is honest and terminal for this write; investigate the membership plane (finding 29)
[2026-09-06T02:03:01Z ERROR squeezefs::block_allocator] bounded allocation refusing StorageFull after 1018 ms parked with 0 offset(s) still in grace locally (lane harvest horizon 19166 ms): the pressure deadline never fenced within the wall backstop (1000 ms). The refusal is honest and terminal for this write; investigate the membership plane (finding 29)
[2026-09-06T02:03:01Z ERROR squeezefs::block_allocator] bounded allocation refusing StorageFull after 1019 ms parked with 0 offset(s) still in grace locally (lane harvest horizon 19167 ms): the pressure deadline never fenced within the wall backstop (1000 ms). The refusal is honest and terminal for this write; investigate the membership plane (finding 29)
[2026-09-06T02:03:01Z ERROR squeezefs::block_allocator] bounded allocation refusing StorageFull after 1020 ms parked with 0 offset(s) still in grace locally (lane harvest horizon 19168 ms): the pressure deadline never fenced within the wall backstop (1000 ms). The refusal is honest and terminal for this write; investigate the membership plane (finding 29)
[2026-09-06T02:03:02Z ERROR squeezefs::block_allocator] I/O error: data volume 'nvme4n1' full: 8183 of 8192 blocks allocated — lane 6 of 16 is exhausted while 0 free block(s) belong to lanes this mount does not own (alloc_lane_enospc_refusals; reach them by adopting a lane whose holder is proven dead, or grow the volume set — docs/operations.md §Multi-writer capacity planning)
[2026-09-06T02:03:02Z ERROR squeezefs::block_allocator] bounded allocation refusing StorageFull after 1023 ms parked with 0 offset(s) still in grace locally (lane harvest horizon 16876 ms): the pressure deadline never fenced within the wall backstop (1000 ms). The refusal is honest and terminal for this write; investigate the membership plane (finding 29)
[2026-09-06T02:03:02Z WARN  squeezefs::fuse_client] write-through failed for ino 2 block 1436 (Io(Custom { kind: StorageFull, error: "I/O error: data volume 'nvme4n1' full: 8183 of 8192 blocks allocated — lane 6 of 16 is exhausted while 0 free block(s) belong to lanes this mount does not own (alloc_lane_enospc_refusals; reach them by adopting a lane whose holder is proven dead, or grow the volume set — docs/operations.md §Multi-writer capacity planning)" })); falling back to staging
[2026-09-06T02:03:02Z ERROR fuse3::raw::connection::fuse_over_uring] transport payload lease held 1019 ms (≥ 1 s) — overlong handler invocation or a §5.4 severance escape; watch transport_lease_overlong / transport_parked_commits
[2026-09-06T02:03:02Z ERROR squeezefs::block_allocator] bounded allocation refusing StorageFull after 1013 ms parked with 0 offset(s) still in grace locally (lane harvest horizon 16891 ms): the pressure deadline never fenced within the wall backstop (1000 ms). The refusal is honest and terminal for this write; investigate the membership plane (finding 29)
[2026-09-06T02:03:02Z ERROR squeezefs::block_allocator] bounded allocation refusing StorageFull after 1018 ms parked with 0 offset(s) still in grace locally (lane harvest horizon 16891 ms): the pressure deadline never fenced within the wall backstop (1000 ms). The refusal is honest and terminal for this write; investigate the membership plane (finding 29)
[2026-09-06T02:03:02Z WARN  squeezefs::fuse_client] write-through failed for ino 2 block 1500 (Io(Custom { kind: StorageFull, error: "I/O error: data volume 'nvme4n1' full: 8183 of 8192 blocks allocated — lane 6 of 16 is exhausted while 0 free block(s) belong to lanes this mount does not own (alloc_lane_enospc_refusals; reach them by adopting a lane whose holder is proven dead, or grow the volume set — docs/operations.md §Multi-writer capacity planning)" })); falling back to staging
[2026-09-06T02:03:02Z ERROR fuse3::raw::connection::fuse_over_uring] transport payload lease held 1940 ms (≥ 1 s) — overlong handler invocation or a §5.4 severance escape; watch transport_lease_overlong / transport_parked_commits
[2026-09-06T02:03:02Z ERROR squeezefs::block_allocator] bounded allocation refusing StorageFull after 1018 ms parked with 0 offset(s) still in grace locally (lane harvest horizon 16892 ms): the pressure deadline never fenced within the wall backstop (1000 ms). The refusal is honest and terminal for this write; investigate the membership plane (finding 29)
[2026-09-06T02:03:02Z ERROR squeezefs::block_allocator] bounded allocation refusing StorageFull after 1016 ms parked with 0 offset(s) still in grace locally (lane harvest horizon 16893 ms): the pressure deadline never fenced within the wall backstop (1000 ms). The refusal is honest and terminal for this write; investigate the membership plane (finding 29)
[2026-09-06T02:03:02Z ERROR squeezefs::block_allocator] bounded allocation refusing StorageFull after 1018 ms parked with 0 offset(s) still in grace locally (lane harvest horizon 16893 ms): the pressure deadline never fenced within the wall backstop (1000 ms). The refusal is honest and terminal for this write; investigate the membership plane (finding 29)
[2026-09-06T02:03:02Z ERROR squeezefs::block_allocator] bounded allocation refusing StorageFull after 1013 ms parked with 0 offset(s) still in grace locally (lane harvest horizon 16929 ms): the pressure deadline never fenced within the wall backstop (1000 ms). The refusal is honest and terminal for this write; investigate the membership plane (finding 29)
[2026-09-06T02:03:02Z WARN  squeezefs::fuse_client] write-through failed for ino 2 block 1565 (Io(Custom { kind: StorageFull, error: "I/O error: data volume 'nvme4n1' full: 8183 of 8192 blocks allocated — lane 6 of 16 is exhausted while 0 free block(s) belong to lanes this mount does not own (alloc_lane_enospc_refusals; reach them by adopting a lane whose holder is proven dead, or grow the volume set — docs/operations.md §Multi-writer capacity planning)" })); falling back to staging
[2026-09-06T02:03:02Z ERROR squeezefs::block_allocator] bounded allocation refusing StorageFull after 1010 ms parked with 0 offset(s) still in grace locally (lane harvest horizon 16931 ms): the pressure deadline never fenced within the wall backstop (1000 ms). The refusal is honest and terminal for this write; investigate the membership plane (finding 29)
[2026-09-06T02:03:02Z ERROR squeezefs::block_allocator] bounded allocation refusing StorageFull after 1023 ms parked with 0 offset(s) still in grace locally (lane harvest horizon 16942 ms): the pressure deadline never fenced within the wall backstop (1000 ms). The refusal is honest and terminal for this write; investigate the membership plane (finding 29)
[2026-09-06T02:03:02Z ERROR squeezefs::block_allocator] bounded allocation refusing StorageFull after 1018 ms parked with 0 offset(s) still in grace locally (lane harvest horizon 16948 ms): the pressure deadline never fenced within the wall backstop (1000 ms). The refusal is honest and terminal for this write; investigate the membership plane (finding 29)
[2026-09-06T02:03:02Z WARN  squeezefs::routing] rewrite epoch close for ino 2 failed transiently (Io(Custom { kind: StorageFull, error: "I/O error: data volume 'nvme4n1' full: 8183 of 8192 blocks allocated — lane 6 of 16 is exhausted while 0 free block(s) belong to lanes this mount does not own (alloc_lane_enospc_refusals; reach them by adopting a lane whose holder is proven dead, or grow the volume set — docs/operations.md §Multi-writer capacity planning)" })); the epoch stays registered (never-lossy) — the next close trigger retries
[2026-09-06T02:03:02Z ERROR squeezefs::block_allocator] bounded allocation refusing StorageFull after 1010 ms parked with 0 offset(s) still in grace locally (lane harvest horizon 16949 ms): the pressure deadline never fenced within the wall backstop (1000 ms). The refusal is honest and terminal for this write; investigate the membership plane (finding 29)
[2026-09-06T02:03:02Z ERROR squeezefs::block_allocator] bounded allocation refusing StorageFull after 1016 ms parked with 0 offset(s) still in grace locally (lane harvest horizon 16949 ms): the pressure deadline never fenced within the wall backstop (1000 ms). The refusal is honest and terminal for this write; investigate the membership plane (finding 29)
[2026-09-06T02:03:02Z WARN  squeezefs::fuse_client] write-through failed for ino 2 block 1693 (Io(Custom { kind: StorageFull, error: "I/O error: data volume 'nvme4n1' full: 8183 of 8192 blocks allocated — lane 6 of 16 is exhausted while 0 free block(s) belong to lanes this mount does not own (alloc_lane_enospc_refusals; reach them by adopting a lane whose holder is proven dead, or grow the volume set — docs/operations.md §Multi-writer capacity planning)" })); falling back to staging
[2026-09-06T02:03:02Z ERROR fuse3::raw::connection::fuse_over_uring] transport payload lease held 2019 ms (≥ 1 s) — overlong handler invocation or a §5.4 severance escape; watch transport_lease_overlong / transport_parked_commits
[2026-09-06T02:03:02Z ERROR fuse3::raw::connection::fuse_over_uring] transport payload lease held 2059 ms (≥ 1 s) — overlong handler invocation or a §5.4 severance escape; watch transport_lease_overlong / transport_parked_commits
[2026-09-06T02:03:02Z ERROR fuse3::raw::connection::fuse_over_uring] transport payload lease held 2065 ms (≥ 1 s) — overlong handler invocation or a §5.4 severance escape; watch transport_lease_overlong / transport_parked_commits
[2026-09-06T02:03:02Z ERROR fuse3::raw::connection::fuse_over_uring] transport payload lease held 1086 ms (≥ 1 s) — overlong handler invocation or a §5.4 severance escape; watch transport_lease_overlong / transport_parked_commits
[2026-09-06T02:03:02Z ERROR fuse3::raw::connection::fuse_over_uring] transport payload lease held 2051 ms (≥ 1 s) — overlong handler invocation or a §5.4 severance escape; watch transport_lease_overlong / transport_parked_commits
[2026-09-06T02:03:02Z ERROR fuse3::raw::connection::fuse_over_uring] transport payload lease held 1004 ms (≥ 1 s) — overlong handler invocation or a §5.4 severance escape; watch transport_lease_overlong / transport_parked_commits
[2026-09-06T02:03:02Z ERROR fuse3::raw::connection::fuse_over_uring] transport payload lease held 1657 ms (≥ 1 s) — overlong handler invocation or a §5.4 severance escape; watch transport_lease_overlong / transport_parked_commits
[2026-09-06T02:03:02Z ERROR fuse3::raw::connection::fuse_over_uring] transport payload lease held 1063 ms (≥ 1 s) — overlong handler invocation or a §5.4 severance escape; watch transport_lease_overlong / transport_parked_commits
[2026-09-06T02:03:02Z ERROR fuse3::raw::connection::fuse_over_uring] transport payload lease held 2171 ms (≥ 1 s) — overlong handler invocation or a §5.4 severance escape; watch transport_lease_overlong / transport_parked_commits
[2026-09-06T02:03:02Z ERROR fuse3::raw::connection::fuse_over_uring] transport payload lease held 1035 ms (≥ 1 s) — overlong handler invocation or a §5.4 severance escape; watch transport_lease_overlong / transport_parked_commits
[2026-09-06T02:03:02Z ERROR fuse3::raw::connection::fuse_over_uring] transport payload lease held 2185 ms (≥ 1 s) — overlong handler invocation or a §5.4 severance escape; watch transport_lease_overlong / transport_parked_commits
[2026-09-06T02:03:02Z ERROR fuse3::raw::connection::fuse_over_uring] transport payload lease held 1246 ms (≥ 1 s) — overlong handler invocation or a §5.4 severance escape; watch transport_lease_overlong / transport_parked_commits
[2026-09-06T02:03:02Z ERROR fuse3::raw::connection::fuse_over_uring] transport payload lease held 2123 ms (≥ 1 s) — overlong handler invocation or a §5.4 severance escape; watch transport_lease_overlong / transport_parked_commits
[2026-09-06T02:03:02Z ERROR fuse3::raw::connection::fuse_over_uring] transport payload lease held 2128 ms (≥ 1 s) — overlong handler invocation or a §5.4 severance escape; watch transport_lease_overlong / transport_parked_commits
[2026-09-06T02:03:02Z ERROR fuse3::raw::connection::fuse_over_uring] transport payload lease held 1728 ms (≥ 1 s) — overlong handler invocation or a §5.4 severance escape; watch transport_lease_overlong / transport_parked_commits
[2026-09-06T02:03:03Z ERROR fuse3::raw::connection::fuse_over_uring] transport payload lease held 2151 ms (≥ 1 s) — overlong handler invocation or a §5.4 severance escape; watch transport_lease_overlong / transport_parked_commits
[2026-09-06T02:03:03Z ERROR fuse3::raw::connection::fuse_over_uring] transport payload lease held 2182 ms (≥ 1 s) — overlong handler invocation or a §5.4 severance escape; watch transport_lease_overlong / transport_parked_commits
[2026-09-06T02:03:03Z ERROR fuse3::raw::connection::fuse_over_uring] transport payload lease held 2178 ms (≥ 1 s) — overlong handler invocation or a §5.4 severance escape; watch transport_lease_overlong / transport_parked_commits
[2026-09-06T02:03:03Z ERROR fuse3::raw::connection::fuse_over_uring] transport payload lease held 1142 ms (≥ 1 s) — overlong handler invocation or a §5.4 severance escape; watch transport_lease_overlong / transport_parked_commits
[2026-09-06T02:03:03Z ERROR squeezefs::block_allocator] I/O error: data volume 'nvme4n1' full: 8183 of 8192 blocks allocated — lane 6 of 16 is exhausted while 0 free block(s) belong to lanes this mount does not own (alloc_lane_enospc_refusals; reach them by adopting a lane whose holder is proven dead, or grow the volume set — docs/operations.md §Multi-writer capacity planning)
[2026-09-06T02:03:03Z ERROR squeezefs::block_allocator] bounded allocation refusing StorageFull after 1015 ms parked with 0 offset(s) still in grace locally (lane harvest horizon 17893 ms): the pressure deadline never fenced within the wall backstop (1000 ms). The refusal is honest and terminal for this write; investigate the membership plane (finding 29)
[2026-09-06T02:03:03Z ERROR squeezefs::block_allocator] bounded allocation refusing StorageFull after 1013 ms parked with 0 offset(s) still in grace locally (lane harvest horizon 17907 ms): the pressure deadline never fenced within the wall backstop (1000 ms). The refusal is honest and terminal for this write; investigate the membership plane (finding 29)
[2026-09-06T02:03:03Z ERROR squeezefs::block_allocator] bounded allocation refusing StorageFull after 1012 ms parked with 0 offset(s) still in grace locally (lane harvest horizon 17929 ms): the pressure deadline never fenced within the wall backstop (1000 ms). The refusal is honest and terminal for this write; investigate the membership plane (finding 29)
[2026-09-06T02:03:03Z ERROR squeezefs::block_allocator] bounded allocation refusing StorageFull after 1012 ms parked with 0 offset(s) still in grace locally (lane harvest horizon 17943 ms): the pressure deadline never fenced within the wall backstop (1000 ms). The refusal is honest and terminal for this write; investigate the membership plane (finding 29)
[2026-09-06T02:03:03Z WARN  squeezefs::fuse_client] write-through failed for ino 2 block 1917 (Io(Custom { kind: StorageFull, error: "I/O error: data volume 'nvme4n1' full: 8183 of 8192 blocks allocated — lane 6 of 16 is exhausted while 0 free block(s) belong to lanes this mount does not own (alloc_lane_enospc_refusals; reach them by adopting a lane whose holder is proven dead, or grow the volume set — docs/operations.md §Multi-writer capacity planning)" })); falling back to staging
[2026-09-06T02:03:03Z ERROR squeezefs::block_allocator] bounded allocation refusing StorageFull after 1011 ms parked with 0 offset(s) still in grace locally (lane harvest horizon 17959 ms): the pressure deadline never fenced within the wall backstop (1000 ms). The refusal is honest and terminal for this write; investigate the membership plane (finding 29)
[2026-09-06T02:03:03Z WARN  squeezefs::fuse_client] write-through failed for ino 2 block 1662 (Io(Custom { kind: StorageFull, error: "I/O error: data volume 'nvme4n1' full: 8183 of 8192 blocks allocated — lane 6 of 16 is exhausted while 0 free block(s) belong to lanes this mount does not own (alloc_lane_enospc_refusals; reach them by adopting a lane whose holder is proven dead, or grow the volume set — docs/operations.md §Multi-writer capacity planning)" })); falling back to staging
[2026-09-06T02:03:03Z ERROR squeezefs::block_allocator] bounded allocation refusing StorageFull after 1014 ms parked with 0 offset(s) still in grace locally (lane harvest horizon 17970 ms): the pressure deadline never fenced within the wall backstop (1000 ms). The refusal is honest and terminal for this write; investigate the membership plane (finding 29)
[2026-09-06T02:03:03Z ERROR squeezefs::block_allocator] bounded allocation refusing StorageFull after 1023 ms parked with 0 offset(s) still in grace locally (lane harvest horizon 18041 ms): the pressure deadline never fenced within the wall backstop (1000 ms). The refusal is honest and terminal for this write; investigate the membership plane (finding 29)
[2026-09-06T02:03:03Z ERROR squeezefs::block_allocator] bounded allocation refusing StorageFull after 1011 ms parked with 0 offset(s) still in grace locally (lane harvest horizon 18074 ms): the pressure deadline never fenced within the wall backstop (1000 ms). The refusal is honest and terminal for this write; investigate the membership plane (finding 29)
[2026-09-06T02:03:03Z ERROR squeezefs::block_allocator] bounded allocation refusing StorageFull after 1011 ms parked with 0 offset(s) still in grace locally (lane harvest horizon 18075 ms): the pressure deadline never fenced within the wall backstop (1000 ms). The refusal is honest and terminal for this write; investigate the membership plane (finding 29)
[2026-09-06T02:03:03Z ERROR squeezefs::block_allocator] bounded allocation refusing StorageFull after 1012 ms parked with 0 offset(s) still in grace locally (lane harvest horizon 18077 ms): the pressure deadline never fenced within the wall backstop (1000 ms). The refusal is honest and terminal for this write; investigate the membership plane (finding 29)
[2026-09-06T02:03:03Z ERROR squeezefs::block_allocator] bounded allocation refusing StorageFull after 1014 ms parked with 0 offset(s) still in grace locally (lane harvest horizon 18078 ms): the pressure deadline never fenced within the wall backstop (1000 ms). The refusal is honest and terminal for this write; investigate the membership plane (finding 29)
[2026-09-06T02:03:03Z ERROR squeezefs::block_allocator] bounded allocation refusing StorageFull after 1012 ms parked with 0 offset(s) still in grace locally (lane harvest horizon 18079 ms): the pressure deadline never fenced within the wall backstop (1000 ms). The refusal is honest and terminal for this write; investigate the membership plane (finding 29)
[2026-09-06T02:03:03Z ERROR squeezefs::block_allocator] bounded allocation refusing StorageFull after 1018 ms parked with 0 offset(s) still in grace locally (lane harvest horizon 18085 ms): the pressure deadline never fenced within the wall backstop (1000 ms). The refusal is honest and terminal for this write; investigate the membership plane (finding 29)
[2026-09-06T02:03:03Z ERROR squeezefs::block_allocator] bounded allocation refusing StorageFull after 1019 ms parked with 0 offset(s) still in grace locally (lane harvest horizon 18085 ms): the pressure deadline never fenced within the wall backstop (1000 ms). The refusal is honest and terminal for this write; investigate the membership plane (finding 29)
[2026-09-06T02:03:03Z ERROR squeezefs::block_allocator] bounded allocation refusing StorageFull after 1021 ms parked with 0 offset(s) still in grace locally (lane harvest horizon 18120 ms): the pressure deadline never fenced within the wall backstop (1000 ms). The refusal is honest and terminal for this write; investigate the membership plane (finding 29)
[2026-09-06T02:03:03Z ERROR squeezefs::block_allocator] bounded allocation refusing StorageFull after 1015 ms parked with 0 offset(s) still in grace locally (lane harvest horizon 18123 ms): the pressure deadline never fenced within the wall backstop (1000 ms). The refusal is honest and terminal for this write; investigate the membership plane (finding 29)
[2026-09-06T02:03:03Z ERROR squeezefs::block_allocator] bounded allocation refusing StorageFull after 1014 ms parked with 0 offset(s) still in grace locally (lane harvest horizon 18123 ms): the pressure deadline never fenced within the wall backstop (1000 ms). The refusal is honest and terminal for this write; investigate the membership plane (finding 29)
[2026-09-06T02:03:03Z ERROR squeezefs::block_allocator] bounded allocation refusing StorageFull after 1013 ms parked with 0 offset(s) still in grace locally (lane harvest horizon 18135 ms): the pressure deadline never fenced within the wall backstop (1000 ms). The refusal is honest and terminal for this write; investigate the membership plane (finding 29)
[2026-09-06T02:03:03Z ERROR squeezefs::block_allocator] bounded allocation refusing StorageFull after 1009 ms parked with 0 offset(s) still in grace locally (lane harvest horizon 18139 ms): the pressure deadline never fenced within the wall backstop (1000 ms). The refusal is honest and terminal for this write; investigate the membership plane (finding 29)
[2026-09-06T02:03:04Z ERROR squeezefs::block_allocator] bounded allocation refusing StorageFull after 1011 ms parked with 0 offset(s) still in grace locally (lane harvest horizon 18154 ms): the pressure deadline never fenced within the wall backstop (1000 ms). The refusal is honest and terminal for this write; investigate the membership plane (finding 29)
[2026-09-06T02:03:04Z ERROR squeezefs::block_allocator] bounded allocation refusing StorageFull after 1011 ms parked with 0 offset(s) still in grace locally (lane harvest horizon 18157 ms): the pressure deadline never fenced within the wall backstop (1000 ms). The refusal is honest and terminal for this write; investigate the membership plane (finding 29)
[2026-09-06T02:03:04Z ERROR squeezefs::block_allocator] bounded allocation refusing StorageFull after 1016 ms parked with 0 offset(s) still in grace locally (lane harvest horizon 18172 ms): the pressure deadline never fenced within the wall backstop (1000 ms). The refusal is honest and terminal for this write; investigate the membership plane (finding 29)
[2026-09-06T02:03:04Z ERROR squeezefs::block_allocator] bounded allocation refusing StorageFull after 1011 ms parked with 0 offset(s) still in grace locally (lane harvest horizon 18193 ms): the pressure deadline never fenced within the wall backstop (1000 ms). The refusal is honest and terminal for this write; investigate the membership plane (finding 29)
[2026-09-06T02:03:04Z ERROR squeezefs::block_allocator] I/O error: data volume 'nvme4n1' full: 8183 of 8192 blocks allocated — lane 6 of 16 is exhausted while 0 free block(s) belong to lanes this mount does not own (alloc_lane_enospc_refusals; reach them by adopting a lane whose holder is proven dead, or grow the volume set — docs/operations.md §Multi-writer capacity planning)
[2026-09-06T02:03:04Z ERROR squeezefs::block_allocator] bounded allocation refusing StorageFull after 1011 ms parked with 0 offset(s) still in grace locally (lane harvest horizon 15379 ms): the pressure deadline never fenced within the wall backstop (1000 ms). The refusal is honest and terminal for this write; investigate the membership plane (finding 29)
[2026-09-06T02:03:04Z WARN  squeezefs::routing] rewrite epoch close for ino 2 failed transiently (Io(Custom { kind: StorageFull, error: "I/O error: data volume 'nvme4n1' full: 8183 of 8192 blocks allocated — lane 6 of 16 is exhausted while 0 free block(s) belong to lanes this mount does not own (alloc_lane_enospc_refusals; reach them by adopting a lane whose holder is proven dead, or grow the volume set — docs/operations.md §Multi-writer capacity planning)" })); the epoch stays registered (never-lossy) — the next close trigger retries
[2026-09-06T02:03:04Z ERROR squeezefs::block_allocator] bounded allocation refusing StorageFull after 1020 ms parked with 0 offset(s) still in grace locally (lane harvest horizon 15404 ms): the pressure deadline never fenced within the wall backstop (1000 ms). The refusal is honest and terminal for this write; investigate the membership plane (finding 29)
[2026-09-06T02:03:04Z ERROR squeezefs::block_allocator] bounded allocation refusing StorageFull after 1012 ms parked with 0 offset(s) still in grace locally (lane harvest horizon 15431 ms): the pressure deadline never fenced within the wall backstop (1000 ms). The refusal is honest and terminal for this write; investigate the membership plane (finding 29)
[2026-09-06T02:03:04Z ERROR squeezefs::block_allocator] bounded allocation refusing StorageFull after 1020 ms parked with 0 offset(s) still in grace locally (lane harvest horizon 15454 ms): the pressure deadline never fenced within the wall backstop (1000 ms). The refusal is honest and terminal for this write; investigate the membership plane (finding 29)
[2026-09-06T02:03:04Z ERROR fuse3::raw::connection::fuse_over_uring] transport payload lease held 1079 ms (≥ 1 s) — overlong handler invocation or a §5.4 severance escape; watch transport_lease_overlong / transport_parked_commits
[2026-09-06T02:03:04Z ERROR squeezefs::block_allocator] bounded allocation refusing StorageFull after 1014 ms parked with 0 offset(s) still in grace locally (lane harvest horizon 15563 ms): the pressure deadline never fenced within the wall backstop (1000 ms). The refusal is honest and terminal for this write; investigate the membership plane (finding 29)
[2026-09-06T02:03:04Z WARN  squeezefs::fuse_client] write-through failed for ino 2 block 1852 (Io(Custom { kind: StorageFull, error: "I/O error: data volume 'nvme4n1' full: 8183 of 8192 blocks allocated — lane 6 of 16 is exhausted while 0 free block(s) belong to lanes this mount does not own (alloc_lane_enospc_refusals; reach them by adopting a lane whose holder is proven dead, or grow the volume set — docs/operations.md §Multi-writer capacity planning)" })); falling back to staging
[2026-09-06T02:03:04Z ERROR squeezefs::block_allocator] bounded allocation refusing StorageFull after 1012 ms parked with 0 offset(s) still in grace locally (lane harvest horizon 15565 ms): the pressure deadline never fenced within the wall backstop (1000 ms). The refusal is honest and terminal for this write; investigate the membership plane (finding 29)
[2026-09-06T02:03:04Z WARN  squeezefs::fuse_client] write-through failed for ino 2 block 1788 (Io(Custom { kind: StorageFull, error: "I/O error: data volume 'nvme4n1' full: 8183 of 8192 blocks allocated — lane 6 of 16 is exhausted while 0 free block(s) belong to lanes this mount does not own (alloc_lane_enospc_refusals; reach them by adopting a lane whose holder is proven dead, or grow the volume set — docs/operations.md §Multi-writer capacity planning)" })); falling back to staging
[2026-09-06T02:03:04Z ERROR squeezefs::block_allocator] bounded allocation refusing StorageFull after 1013 ms parked with 0 offset(s) still in grace locally (lane harvest horizon 15567 ms): the pressure deadline never fenced within the wall backstop (1000 ms). The refusal is honest and terminal for this write; investigate the membership plane (finding 29)
[2026-09-06T02:03:04Z WARN  squeezefs::fuse_client] write-through failed for ino 2 block 1918 (Io(Custom { kind: StorageFull, error: "I/O error: data volume 'nvme4n1' full: 8183 of 8192 blocks allocated — lane 6 of 16 is exhausted while 0 free block(s) belong to lanes this mount does not own (alloc_lane_enospc_refusals; reach them by adopting a lane whose holder is proven dead, or grow the volume set — docs/operations.md §Multi-writer capacity planning)" })); falling back to staging
[2026-09-06T02:03:04Z ERROR squeezefs::block_allocator] bounded allocation refusing StorageFull after 1012 ms parked with 0 offset(s) still in grace locally (lane harvest horizon 15573 ms): the pressure deadline never fenced within the wall backstop (1000 ms). The refusal is honest and terminal for this write; investigate the membership plane (finding 29)
[2026-09-06T02:03:04Z WARN  squeezefs::fuse_client] write-through failed for ino 2 block 2045 (Io(Custom { kind: StorageFull, error: "I/O error: data volume 'nvme4n1' full: 8183 of 8192 blocks allocated — lane 6 of 16 is exhausted while 0 free block(s) belong to lanes this mount does not own (alloc_lane_enospc_refusals; reach them by adopting a lane whose holder is proven dead, or grow the volume set — docs/operations.md §Multi-writer capacity planning)" })); falling back to staging
[2026-09-06T02:03:04Z ERROR squeezefs::block_allocator] bounded allocation refusing StorageFull after 1012 ms parked with 0 offset(s) still in grace locally (lane harvest horizon 15610 ms): the pressure deadline never fenced within the wall backstop (1000 ms). The refusal is honest and terminal for this write; investigate the membership plane (finding 29)
[2026-09-06T02:03:04Z WARN  squeezefs::fuse_client] write-through failed for ino 2 block 1823 (Io(Custom { kind: StorageFull, error: "I/O error: data volume 'nvme4n1' full: 8183 of 8192 blocks allocated — lane 6 of 16 is exhausted while 0 free block(s) belong to lanes this mount does not own (alloc_lane_enospc_refusals; reach them by adopting a lane whose holder is proven dead, or grow the volume set — docs/operations.md §Multi-writer capacity planning)" })); falling back to staging
[2026-09-06T02:03:05Z ERROR squeezefs::block_allocator] bounded allocation refusing StorageFull after 1023 ms parked with 0 offset(s) still in grace locally (lane harvest horizon 15635 ms): the pressure deadline never fenced within the wall backstop (1000 ms). The refusal is honest and terminal for this write; investigate the membership plane (finding 29)
[2026-09-06T02:03:05Z ERROR squeezefs::block_allocator] bounded allocation refusing StorageFull after 1014 ms parked with 0 offset(s) still in grace locally (lane harvest horizon 15645 ms): the pressure deadline never fenced within the wall backstop (1000 ms). The refusal is honest and terminal for this write; investigate the membership plane (finding 29)
[2026-09-06T02:03:05Z ERROR squeezefs::block_allocator] bounded allocation refusing StorageFull after 1017 ms parked with 0 offset(s) still in grace locally (lane harvest horizon 15685 ms): the pressure deadline never fenced within the wall backstop (1000 ms). The refusal is honest and terminal for this write; investigate the membership plane (finding 29)
[2026-09-06T02:03:05Z WARN  squeezefs::fuse_client] write-through failed for ino 2 block 1532 (Io(Custom { kind: StorageFull, error: "I/O error: data volume 'nvme4n1' full: 8183 of 8192 blocks allocated — lane 6 of 16 is exhausted while 0 free block(s) belong to lanes this mount does not own (alloc_lane_enospc_refusals; reach them by adopting a lane whose holder is proven dead, or grow the volume set — docs/operations.md §Multi-writer capacity planning)" })); falling back to staging
[2026-09-06T02:03:05Z ERROR squeezefs::block_allocator] I/O error: data volume 'nvme4n1' full: 8183 of 8192 blocks allocated — lane 6 of 16 is exhausted while 0 free block(s) belong to lanes this mount does not own (alloc_lane_enospc_refusals; reach them by adopting a lane whose holder is proven dead, or grow the volume set — docs/operations.md §Multi-writer capacity planning)
[2026-09-06T02:03:05Z ERROR squeezefs::block_allocator] bounded allocation refusing StorageFull after 1016 ms parked with 0 offset(s) still in grace locally (lane harvest horizon 16399 ms): the pressure deadline never fenced within the wall backstop (1000 ms). The refusal is honest and terminal for this write; investigate the membership plane (finding 29)
[2026-09-06T02:03:05Z ERROR squeezefs::block_allocator] bounded allocation refusing StorageFull after 1019 ms parked with 0 offset(s) still in grace locally (lane harvest horizon 16404 ms): the pressure deadline never fenced within the wall backstop (1000 ms). The refusal is honest and terminal for this write; investigate the membership plane (finding 29)
[2026-09-06T02:03:05Z ERROR squeezefs::block_allocator] bounded allocation refusing StorageFull after 1021 ms parked with 0 offset(s) still in grace locally (lane harvest horizon 16416 ms): the pressure deadline never fenced within the wall backstop (1000 ms). The refusal is honest and terminal for this write; investigate the membership plane (finding 29)
[2026-09-06T02:03:05Z ERROR squeezefs::block_allocator] bounded allocation refusing StorageFull after 1025 ms parked with 0 offset(s) still in grace locally (lane harvest horizon 16419 ms): the pressure deadline never fenced within the wall backstop (1000 ms). The refusal is honest and terminal for this write; investigate the membership plane (finding 29)
[2026-09-06T02:03:05Z ERROR squeezefs::block_allocator] bounded allocation refusing StorageFull after 1027 ms parked with 0 offset(s) still in grace locally (lane harvest horizon 16434 ms): the pressure deadline never fenced within the wall backstop (1000 ms). The refusal is honest and terminal for this write; investigate the membership plane (finding 29)
[2026-09-06T02:03:05Z ERROR squeezefs::block_allocator] bounded allocation refusing StorageFull after 1029 ms parked with 0 offset(s) still in grace locally (lane harvest horizon 16437 ms): the pressure deadline never fenced within the wall backstop (1000 ms). The refusal is honest and terminal for this write; investigate the membership plane (finding 29)
[2026-09-06T02:03:05Z WARN  squeezefs::routing] rewrite epoch close for ino 2 failed transiently (Io(Custom { kind: StorageFull, error: "I/O error: data volume 'nvme4n1' full: 8183 of 8192 blocks allocated — lane 6 of 16 is exhausted while 0 free block(s) belong to lanes this mount does not own (alloc_lane_enospc_refusals; reach them by adopting a lane whose holder is proven dead, or grow the volume set — docs/operations.md §Multi-writer capacity planning)" })); the epoch stays registered (never-lossy) — the next close trigger retries
[2026-09-06T02:03:05Z ERROR squeezefs::block_allocator] bounded allocation refusing StorageFull after 1033 ms parked with 0 offset(s) still in grace locally (lane harvest horizon 16445 ms): the pressure deadline never fenced within the wall backstop (1000 ms). The refusal is honest and terminal for this write; investigate the membership plane (finding 29)
[2026-09-06T02:03:05Z ERROR fuse3::raw::connection::fuse_over_uring] transport payload lease held 2058 ms (≥ 1 s) — overlong handler invocation or a §5.4 severance escape; watch transport_lease_overlong / transport_parked_commits
[2026-09-06T02:03:05Z ERROR fuse3::raw::connection::fuse_over_uring] transport payload lease held 1048 ms (≥ 1 s) — overlong handler invocation or a §5.4 severance escape; watch transport_lease_overlong / transport_parked_commits
[2026-09-06T02:03:05Z ERROR fuse3::raw::connection::fuse_over_uring] transport payload lease held 1048 ms (≥ 1 s) — overlong handler invocation or a §5.4 severance escape; watch transport_lease_overlong / transport_parked_commits
[2026-09-06T02:03:05Z ERROR fuse3::raw::connection::fuse_over_uring] transport payload lease held 1049 ms (≥ 1 s) — overlong handler invocation or a §5.4 severance escape; watch transport_lease_overlong / transport_parked_commits
[2026-09-06T02:03:05Z ERROR squeezefs::block_allocator] bounded allocation refusing StorageFull after 1028 ms parked with 0 offset(s) still in grace locally (lane harvest horizon 16486 ms): the pressure deadline never fenced within the wall backstop (1000 ms). The refusal is honest and terminal for this write; investigate the membership plane (finding 29)
[2026-09-06T02:03:05Z WARN  squeezefs::fuse_client] write-through failed for ino 2 block 2078 (Io(Custom { kind: StorageFull, error: "I/O error: data volume 'nvme4n1' full: 8183 of 8192 blocks allocated — lane 6 of 16 is exhausted while 0 free block(s) belong to lanes this mount does not own (alloc_lane_enospc_refusals; reach them by adopting a lane whose holder is proven dead, or grow the volume set — docs/operations.md §Multi-writer capacity planning)" })); falling back to staging
[2026-09-06T02:03:05Z ERROR squeezefs::block_allocator] bounded allocation refusing StorageFull after 1016 ms parked with 0 offset(s) still in grace locally (lane harvest horizon 16513 ms): the pressure deadline never fenced within the wall backstop (1000 ms). The refusal is honest and terminal for this write; investigate the membership plane (finding 29)
[2026-09-06T02:03:05Z ERROR squeezefs::block_allocator] bounded allocation refusing StorageFull after 1023 ms parked with 0 offset(s) still in grace locally (lane harvest horizon 16587 ms): the pressure deadline never fenced within the wall backstop (1000 ms). The refusal is honest and terminal for this write; investigate the membership plane (finding 29)
[2026-09-06T02:03:06Z ERROR squeezefs::block_allocator] bounded allocation refusing StorageFull after 1025 ms parked with 0 offset(s) still in grace locally (lane harvest horizon 16673 ms): the pressure deadline never fenced within the wall backstop (1000 ms). The refusal is honest and terminal for this write; investigate the membership plane (finding 29)
[2026-09-06T02:03:06Z ERROR squeezefs::block_allocator] I/O error: data volume 'nvme4n1' full: 8183 of 8192 blocks allocated — lane 6 of 16 is exhausted while 0 free block(s) belong to lanes this mount does not own (alloc_lane_enospc_refusals; reach them by adopting a lane whose holder is proven dead, or grow the volume set — docs/operations.md §Multi-writer capacity planning)
[2026-09-06T02:03:06Z ERROR squeezefs::block_allocator] bounded allocation refusing StorageFull after 1017 ms parked with 0 offset(s) still in grace locally (lane harvest horizon 17422 ms): the pressure deadline never fenced within the wall backstop (1000 ms). The refusal is honest and terminal for this write; investigate the membership plane (finding 29)
[2026-09-06T02:03:06Z WARN  squeezefs::fuse_client] write-through failed for ino 2 block 1951 (Io(Custom { kind: StorageFull, error: "I/O error: data volume 'nvme4n1' full: 8183 of 8192 blocks allocated — lane 6 of 16 is exhausted while 0 free block(s) belong to lanes this mount does not own (alloc_lane_enospc_refusals; reach them by adopting a lane whose holder is proven dead, or grow the volume set — docs/operations.md §Multi-writer capacity planning)" })); falling back to staging
[2026-09-06T02:03:06Z ERROR squeezefs::block_allocator] bounded allocation refusing StorageFull after 1016 ms parked with 0 offset(s) still in grace locally (lane harvest horizon 17441 ms): the pressure deadline never fenced within the wall backstop (1000 ms). The refusal is honest and terminal for this write; investigate the membership plane (finding 29)
[2026-09-06T02:03:06Z ERROR squeezefs::block_allocator] bounded allocation refusing StorageFull after 1019 ms parked with 0 offset(s) still in grace locally (lane harvest horizon 17471 ms): the pressure deadline never fenced within the wall backstop (1000 ms). The refusal is honest and terminal for this write; investigate the membership plane (finding 29)
[2026-09-06T02:03:06Z ERROR squeezefs::block_allocator] bounded allocation refusing StorageFull after 1014 ms parked with 0 offset(s) still in grace locally (lane harvest horizon 17472 ms): the pressure deadline never fenced within the wall backstop (1000 ms). The refusal is honest and terminal for this write; investigate the membership plane (finding 29)
[2026-09-06T02:03:06Z ERROR squeezefs::block_allocator] bounded allocation refusing StorageFull after 1020 ms parked with 0 offset(s) still in grace locally (lane harvest horizon 17475 ms): the pressure deadline never fenced within the wall backstop (1000 ms). The refusal is honest and terminal for this write; investigate the membership plane (finding 29)
[2026-09-06T02:03:06Z ERROR squeezefs::block_allocator] bounded allocation refusing StorageFull after 1019 ms parked with 0 offset(s) still in grace locally (lane harvest horizon 17488 ms): the pressure deadline never fenced within the wall backstop (1000 ms). The refusal is honest and terminal for this write; investigate the membership plane (finding 29)
[2026-09-06T02:03:06Z ERROR squeezefs::block_allocator] bounded allocation refusing StorageFull after 1013 ms parked with 0 offset(s) still in grace locally (lane harvest horizon 17488 ms): the pressure deadline never fenced within the wall backstop (1000 ms). The refusal is honest and terminal for this write; investigate the membership plane (finding 29)
[2026-09-06T02:03:06Z ERROR squeezefs::block_allocator] bounded allocation refusing StorageFull after 1015 ms parked with 0 offset(s) still in grace locally (lane harvest horizon 17488 ms): the pressure deadline never fenced within the wall backstop (1000 ms). The refusal is honest and terminal for this write; investigate the membership plane (finding 29)
[2026-09-06T02:03:06Z ERROR fuse3::raw::connection::fuse_over_uring] transport payload lease held 1019 ms (≥ 1 s) — overlong handler invocation or a §5.4 severance escape; watch transport_lease_overlong / transport_parked_commits
[2026-09-06T02:03:06Z ERROR fuse3::raw::connection::fuse_over_uring] transport payload lease held 1019 ms (≥ 1 s) — overlong handler invocation or a §5.4 severance escape; watch transport_lease_overlong / transport_parked_commits
[2026-09-06T02:03:06Z ERROR squeezefs::block_allocator] bounded allocation refusing StorageFull after 1019 ms parked with 0 offset(s) still in grace locally (lane harvest horizon 17509 ms): the pressure deadline never fenced within the wall backstop (1000 ms). The refusal is honest and terminal for this write; investigate the membership plane (finding 29)
[2026-09-06T02:03:06Z ERROR squeezefs::block_allocator] bounded allocation refusing StorageFull after 1026 ms parked with 0 offset(s) still in grace locally (lane harvest horizon 17522 ms): the pressure deadline never fenced within the wall backstop (1000 ms). The refusal is honest and terminal for this write; investigate the membership plane (finding 29)
[2026-09-06T02:03:06Z ERROR squeezefs::block_allocator] bounded allocation refusing StorageFull after 1011 ms parked with 0 offset(s) still in grace locally (lane harvest horizon 17558 ms): the pressure deadline never fenced within the wall backstop (1000 ms). The refusal is honest and terminal for this write; investigate the membership plane (finding 29)
[2026-09-06T02:03:06Z ERROR squeezefs::block_allocator] bounded allocation refusing StorageFull after 1011 ms parked with 0 offset(s) still in grace locally (lane harvest horizon 17599 ms): the pressure deadline never fenced within the wall backstop (1000 ms). The refusal is honest and terminal for this write; investigate the membership plane (finding 29)
[2026-09-06T02:03:06Z WARN  squeezefs::routing] rewrite epoch close for ino 2 failed transiently (Io(Custom { kind: StorageFull, error: "I/O error: data volume 'nvme4n1' full: 8183 of 8192 blocks allocated — lane 6 of 16 is exhausted while 0 free block(s) belong to lanes this mount does not own (alloc_lane_enospc_refusals; reach them by adopting a lane whose holder is proven dead, or grow the volume set — docs/operations.md §Multi-writer capacity planning)" })); the epoch stays registered (never-lossy) — the next close trigger retries
[2026-09-06T02:03:06Z ERROR fuse3::raw::connection::fuse_over_uring] transport payload lease held 1137 ms (≥ 1 s) — overlong handler invocation or a §5.4 severance escape; watch transport_lease_overlong / transport_parked_commits
[2026-09-06T02:03:06Z ERROR fuse3::raw::connection::fuse_over_uring] transport payload lease held 1137 ms (≥ 1 s) — overlong handler invocation or a §5.4 severance escape; watch transport_lease_overlong / transport_parked_commits
[2026-09-06T02:03:06Z ERROR fuse3::raw::connection::fuse_over_uring] transport payload lease held 1137 ms (≥ 1 s) — overlong handler invocation or a §5.4 severance escape; watch transport_lease_overlong / transport_parked_commits
[2026-09-06T02:03:06Z ERROR squeezefs::block_allocator] bounded allocation refusing StorageFull after 1011 ms parked with 0 offset(s) still in grace locally (lane harvest horizon 17609 ms): the pressure deadline never fenced within the wall backstop (1000 ms). The refusal is honest and terminal for this write; investigate the membership plane (finding 29)
[2026-09-06T02:03:06Z ERROR squeezefs::block_allocator] bounded allocation refusing StorageFull after 1012 ms parked with 0 offset(s) still in grace locally (lane harvest horizon 17611 ms): the pressure deadline never fenced within the wall backstop (1000 ms). The refusal is honest and terminal for this write; investigate the membership plane (finding 29)
[2026-09-06T02:03:06Z ERROR squeezefs::block_allocator] bounded allocation refusing StorageFull after 1017 ms parked with 0 offset(s) still in grace locally (lane harvest horizon 17619 ms): the pressure deadline never fenced within the wall backstop (1000 ms). The refusal is honest and terminal for this write; investigate the membership plane (finding 29)
[2026-09-06T02:03:07Z ERROR squeezefs::block_allocator] bounded allocation refusing StorageFull after 1037 ms parked with 0 offset(s) still in grace locally (lane harvest horizon 17645 ms): the pressure deadline never fenced within the wall backstop (1000 ms). The refusal is honest and terminal for this write; investigate the membership plane (finding 29)
[2026-09-06T02:03:07Z ERROR squeezefs::meta_ship::publish] S9: the authority refused 1 shipped free(s) (vol_tag 0xad7b1d37b0829b08, request 14976): already free/graced/quarantined — the double-release lineage, surfaced on the authority's own tripwire
[2026-09-06T02:03:07Z ERROR squeezefs::meta_ship::publish] S9: the authority refused 1 shipped free(s) (vol_tag 0xad7b1d37b0829b08, request 14980): already free/graced/quarantined — the double-release lineage, surfaced on the authority's own tripwire
[2026-09-06T02:03:07Z ERROR squeezefs::meta_ship::publish] S9: the authority refused 1 shipped free(s) (vol_tag 0xad7b1d37b0829b08, request 14984): already free/graced/quarantined — the double-release lineage, surfaced on the authority's own tripwire
[2026-09-06T02:03:07Z ERROR squeezefs::meta_ship::publish] S9: the authority refused 1 shipped free(s) (vol_tag 0xad7b1d37b0829b08, request 14988): already free/graced/quarantined — the double-release lineage, surfaced on the authority's own tripwire
[2026-09-06T02:03:07Z ERROR squeezefs::meta_ship::publish] S9: the authority refused 1 shipped free(s) (vol_tag 0xad7b1d37b0829b08, request 14992): already free/graced/quarantined — the double-release lineage, surfaced on the authority's own tripwire
[2026-09-06T02:03:07Z ERROR squeezefs::meta_ship::publish] S9: the authority refused 1 shipped free(s) (vol_tag 0xad7b1d37b0829b08, request 14996): already free/graced/quarantined — the double-release lineage, surfaced on the authority's own tripwire
[2026-09-06T02:03:07Z ERROR squeezefs::meta_ship::publish] S9: the authority refused 1 shipped free(s) (vol_tag 0xad7b1d37b0829b08, request 15000): already free/graced/quarantined — the double-release lineage, surfaced on the authority's own tripwire
[2026-09-06T02:03:07Z ERROR squeezefs::meta_ship::publish] S9: the authority refused 1 shipped free(s) (vol_tag 0xad7b1d37b0829b08, request 15004): already free/graced/quarantined — the double-release lineage, surfaced on the authority's own tripwire
[2026-09-06T02:03:07Z ERROR squeezefs::meta_ship::publish] S9: the authority refused 1 shipped free(s) (vol_tag 0xad7b1d37b0829b08, request 15008): already free/graced/quarantined — the double-release lineage, surfaced on the authority's own tripwire
[2026-09-06T02:03:07Z ERROR squeezefs::meta_ship::publish] S9: the authority refused 1 shipped free(s) (vol_tag 0xad7b1d37b0829b08, request 15012): already free/graced/quarantined — the double-release lineage, surfaced on the authority's own tripwire
[2026-09-06T02:03:07Z ERROR squeezefs::meta_ship::publish] S9: the authority refused 1 shipped free(s) (vol_tag 0xad7b1d37b0829b08, request 15016): already free/graced/quarantined — the double-release lineage, surfaced on the authority's own tripwire
[2026-09-06T02:03:07Z ERROR squeezefs::meta_ship::publish] S9: the authority refused 1 shipped free(s) (vol_tag 0xad7b1d37b0829b08, request 15020): already free/graced/quarantined — the double-release lineage, surfaced on the authority's own tripwire
[2026-09-06T02:03:07Z ERROR squeezefs::meta_ship::publish] S9: the authority refused 1 shipped free(s) (vol_tag 0xad7b1d37b0829b08, request 15024): already free/graced/quarantined — the double-release lineage, surfaced on the authority's own tripwire
[2026-09-06T02:03:07Z ERROR squeezefs::meta_ship::publish] S9: the authority refused 1 shipped free(s) (vol_tag 0xad7b1d37b0829b08, request 15029): already free/graced/quarantined — the double-release lineage, surfaced on the authority's own tripwire
[2026-09-06T02:03:07Z ERROR squeezefs::meta_ship::publish] S9: the authority refused 1 shipped free(s) (vol_tag 0xad7b1d37b0829b08, request 15033): already free/graced/quarantined — the double-release lineage, surfaced on the authority's own tripwire
[2026-09-06T02:03:07Z ERROR squeezefs::meta_ship::publish] S9: the authority refused 1 shipped free(s) (vol_tag 0xad7b1d37b0829b08, request 15037): already free/graced/quarantined — the double-release lineage, surfaced on the authority's own tripwire
[2026-09-06T02:03:07Z ERROR squeezefs::meta_ship::publish] S9: the authority refused 1 shipped free(s) (vol_tag 0xad7b1d37b0829b08, request 15041): already free/graced/quarantined — the double-release lineage, surfaced on the authority's own tripwire
[2026-09-06T02:03:08Z ERROR squeezefs::meta_ship::publish] S9: the authority refused 1 shipped free(s) (vol_tag 0xad7b1d37b0829b08, request 15045): already free/graced/quarantined — the double-release lineage, surfaced on the authority's own tripwire
[2026-09-06T02:03:08Z ERROR squeezefs::meta_ship::publish] S9: the authority refused 1 shipped free(s) (vol_tag 0xad7b1d37b0829b08, request 15049): already free/graced/quarantined — the double-release lineage, surfaced on the authority's own tripwire
[2026-09-06T02:03:08Z ERROR squeezefs::meta_ship::publish] S9: the authority refused 1 shipped free(s) (vol_tag 0xad7b1d37b0829b08, request 15053): already free/graced/quarantined — the double-release lineage, surfaced on the authority's own tripwire
[2026-09-06T02:03:08Z ERROR squeezefs::meta_ship::publish] S9: the authority refused 1 shipped free(s) (vol_tag 0xad7b1d37b0829b08, request 15057): already free/graced/quarantined — the double-release lineage, surfaced on the authority's own tripwire
[2026-09-06T02:03:08Z ERROR squeezefs::meta_ship::publish] S9: the authority refused 1 shipped free(s) (vol_tag 0xad7b1d37b0829b08, request 15061): already free/graced/quarantined — the double-release lineage, surfaced on the authority's own tripwire
[2026-09-06T02:03:08Z ERROR squeezefs::meta_ship::publish] S9: the authority refused 1 shipped free(s) (vol_tag 0xad7b1d37b0829b08, request 15065): already free/graced/quarantined — the double-release lineage, surfaced on the authority's own tripwire
[2026-09-06T02:03:08Z ERROR squeezefs::meta_ship::publish] S9: the authority refused 1 shipped free(s) (vol_tag 0xad7b1d37b0829b08, request 15069): already free/graced/quarantined — the double-release lineage, surfaced on the authority's own tripwire
[2026-09-06T02:03:08Z ERROR squeezefs::meta_ship::publish] S9: the authority refused 1 shipped free(s) (vol_tag 0xad7b1d37b0829b08, request 15073): already free/graced/quarantined — the double-release lineage, surfaced on the authority's own tripwire
[2026-09-06T02:03:08Z ERROR squeezefs::meta_ship::publish] S9: the authority refused 1 shipped free(s) (vol_tag 0xad7b1d37b0829b08, request 15077): already free/graced/quarantined — the double-release lineage, surfaced on the authority's own tripwire
[2026-09-06T02:03:08Z ERROR squeezefs::meta_ship::publish] S9: the authority refused 1 shipped free(s) (vol_tag 0xad7b1d37b0829b08, request 15081): already free/graced/quarantined — the double-release lineage, surfaced on the authority's own tripwire
[2026-09-06T02:03:08Z ERROR squeezefs::meta_ship::publish] S9: the authority refused 1 shipped free(s) (vol_tag 0xad7b1d37b0829b08, request 15085): already free/graced/quarantined — the double-release lineage, surfaced on the authority's own tripwire
[2026-09-06T02:03:08Z ERROR squeezefs::meta_ship::publish] S9: the authority refused 1 shipped free(s) (vol_tag 0xad7b1d37b0829b08, request 15089): already free/graced/quarantined — the double-release lineage, surfaced on the authority's own tripwire
[2026-09-06T02:03:08Z ERROR squeezefs::meta_ship::publish] S9: the authority refused 1 shipped free(s) (vol_tag 0xad7b1d37b0829b08, request 15093): already free/graced/quarantined — the double-release lineage, surfaced on the authority's own tripwire
[2026-09-06T02:03:08Z ERROR squeezefs::meta_ship::publish] S9: the authority refused 1 shipped free(s) (vol_tag 0xad7b1d37b0829b08, request 15097): already free/graced/quarantined — the double-release lineage, surfaced on the authority's own tripwire
[2026-09-06T02:03:08Z ERROR squeezefs::meta_ship::publish] S9: the authority refused 1 shipped free(s) (vol_tag 0xad7b1d37b0829b08, request 15101): already free/graced/quarantined — the double-release lineage, surfaced on the authority's own tripwire
[2026-09-06T02:03:08Z ERROR squeezefs::meta_ship::publish] S9: the authority refused 1 shipped free(s) (vol_tag 0xad7b1d37b0829b08, request 15105): already free/graced/quarantined — the double-release lineage, surfaced on the authority's own tripwire
[2026-09-06T02:03:08Z ERROR squeezefs::meta_ship::publish] S9: the authority refused 1 shipped free(s) (vol_tag 0xad7b1d37b0829b08, request 15111): already free/graced/quarantined — the double-release lineage, surfaced on the authority's own tripwire
[2026-09-06T02:03:08Z ERROR squeezefs::meta_ship::publish] S9: the authority refused 1 shipped free(s) (vol_tag 0xad7b1d37b0829b08, request 15115): already free/graced/quarantined — the double-release lineage, surfaced on the authority's own tripwire
[2026-09-06T02:03:08Z ERROR squeezefs::meta_ship::publish] S9: the authority refused 1 shipped free(s) (vol_tag 0xad7b1d37b0829b08, request 15119): already free/graced/quarantined — the double-release lineage, surfaced on the authority's own tripwire
[2026-09-06T02:03:09Z ERROR squeezefs::meta_ship::publish] S9: the authority refused 1 shipped free(s) (vol_tag 0xad7b1d37b0829b08, request 15123): already free/graced/quarantined — the double-release lineage, surfaced on the authority's own tripwire
[2026-09-06T02:03:09Z ERROR squeezefs::meta_ship::publish] S9: the authority refused 1 shipped free(s) (vol_tag 0xad7b1d37b0829b08, request 15127): already free/graced/quarantined — the double-release lineage, surfaced on the authority's own tripwire
[2026-09-06T02:03:09Z ERROR squeezefs::meta_ship::publish] S9: the authority refused 1 shipped free(s) (vol_tag 0xad7b1d37b0829b08, request 15131): already free/graced/quarantined — the double-release lineage, surfaced on the authority's own tripwire
[2026-09-06T02:03:09Z ERROR squeezefs::meta_ship::publish] S9: the authority refused 1 shipped free(s) (vol_tag 0xad7b1d37b0829b08, request 15135): already free/graced/quarantined — the double-release lineage, surfaced on the authority's own tripwire
[2026-09-06T02:03:09Z ERROR squeezefs::meta_ship::publish] S9: the authority refused 1 shipped free(s) (vol_tag 0xad7b1d37b0829b08, request 15139): already free/graced/quarantined — the double-release lineage, surfaced on the authority's own tripwire
[2026-09-06T02:03:09Z ERROR squeezefs::meta_ship::publish] S9: the authority refused 1 shipped free(s) (vol_tag 0xad7b1d37b0829b08, request 15143): already free/graced/quarantined — the double-release lineage, surfaced on the authority's own tripwire
[2026-09-06T02:03:09Z ERROR squeezefs::meta_ship::publish] S9: the authority refused 1 shipped free(s) (vol_tag 0xad7b1d37b0829b08, request 15147): already free/graced/quarantined — the double-release lineage, surfaced on the authority's own tripwire
[2026-09-06T02:03:09Z ERROR squeezefs::meta_ship::publish] S9: the authority refused 1 shipped free(s) (vol_tag 0xad7b1d37b0829b08, request 15151): already free/graced/quarantined — the double-release lineage, surfaced on the authority's own tripwire
[2026-09-06T02:03:09Z ERROR squeezefs::meta_ship::publish] S9: the authority refused 1 shipped free(s) (vol_tag 0xad7b1d37b0829b08, request 15155): already free/graced/quarantined — the double-release lineage, surfaced on the authority's own tripwire
[2026-09-06T02:03:09Z ERROR squeezefs::meta_ship::publish] S9: the authority refused 1 shipped free(s) (vol_tag 0xad7b1d37b0829b08, request 15159): already free/graced/quarantined — the double-release lineage, surfaced on the authority's own tripwire
[2026-09-06T02:03:09Z ERROR squeezefs::meta_ship::publish] S9: the authority refused 1 shipped free(s) (vol_tag 0xad7b1d37b0829b08, request 15163): already free/graced/quarantined — the double-release lineage, surfaced on the authority's own tripwire
[2026-09-06T02:03:09Z ERROR squeezefs::meta_ship::publish] S9: the authority refused 1 shipped free(s) (vol_tag 0xad7b1d37b0829b08, request 15167): already free/graced/quarantined — the double-release lineage, surfaced on the authority's own tripwire
[2026-09-06T02:03:09Z ERROR squeezefs::meta_ship::publish] S9: the authority refused 1 shipped free(s) (vol_tag 0xad7b1d37b0829b08, request 15171): already free/graced/quarantined — the double-release lineage, surfaced on the authority's own tripwire
[2026-09-06T02:03:09Z ERROR squeezefs::meta_ship::publish] S9: the authority refused 1 shipped free(s) (vol_tag 0xad7b1d37b0829b08, request 15176): already free/graced/quarantined — the double-release lineage, surfaced on the authority's own tripwire
[2026-09-06T02:03:09Z ERROR squeezefs::meta_ship::publish] S9: the authority refused 1 shipped free(s) (vol_tag 0xad7b1d37b0829b08, request 15179): already free/graced/quarantined — the double-release lineage, surfaced on the authority's own tripwire
[2026-09-06T02:03:11Z ERROR fuse3::raw::connection::fuse_over_uring] transport payload lease held 1021 ms (≥ 1 s) — overlong handler invocation or a §5.4 severance escape; watch transport_lease_overlong / transport_parked_commits
[2026-09-06T02:03:12Z ERROR squeezefs::block_allocator] I/O error: data volume 'nvme3n1' full: 8183 of 8192 blocks allocated — lane 6 of 16 is exhausted while 0 free block(s) belong to lanes this mount does not own (alloc_lane_enospc_refusals; reach them by adopting a lane whose holder is proven dead, or grow the volume set — docs/operations.md §Multi-writer capacity planning)
[2026-09-06T02:03:13Z ERROR squeezefs::block_allocator] I/O error: data volume 'nvme3n1' full: 8183 of 8192 blocks allocated — lane 6 of 16 is exhausted while 0 free block(s) belong to lanes this mount does not own (alloc_lane_enospc_refusals; reach them by adopting a lane whose holder is proven dead, or grow the volume set — docs/operations.md §Multi-writer capacity planning)
[2026-09-06T02:03:13Z ERROR squeezefs::block_allocator] bounded allocation refusing StorageFull after 1009 ms parked with 0 offset(s) still in grace locally (lane harvest horizon 9022 ms): the pressure deadline never fenced within the wall backstop (1000 ms). The refusal is honest and terminal for this write; investigate the membership plane (finding 29)
[2026-09-06T02:03:13Z ERROR squeezefs::block_allocator] bounded allocation refusing StorageFull after 1011 ms parked with 0 offset(s) still in grace locally (lane harvest horizon 9032 ms): the pressure deadline never fenced within the wall backstop (1000 ms). The refusal is honest and terminal for this write; investigate the membership plane (finding 29)
[2026-09-06T02:03:13Z ERROR squeezefs::block_allocator] bounded allocation refusing StorageFull after 1011 ms parked with 0 offset(s) still in grace locally (lane harvest horizon 9044 ms): the pressure deadline never fenced within the wall backstop (1000 ms). The refusal is honest and terminal for this write; investigate the membership plane (finding 29)
[2026-09-06T02:03:13Z ERROR squeezefs::block_allocator] bounded allocation refusing StorageFull after 1012 ms parked with 0 offset(s) still in grace locally (lane harvest horizon 9048 ms): the pressure deadline never fenced within the wall backstop (1000 ms). The refusal is honest and terminal for this write; investigate the membership plane (finding 29)
[2026-09-06T02:03:13Z ERROR squeezefs::block_allocator] bounded allocation refusing StorageFull after 1012 ms parked with 0 offset(s) still in grace locally (lane harvest horizon 9048 ms): the pressure deadline never fenced within the wall backstop (1000 ms). The refusal is honest and terminal for this write; investigate the membership plane (finding 29)
[2026-09-06T02:03:13Z ERROR squeezefs::block_allocator] bounded allocation refusing StorageFull after 1020 ms parked with 0 offset(s) still in grace locally (lane harvest horizon 9057 ms): the pressure deadline never fenced within the wall backstop (1000 ms). The refusal is honest and terminal for this write; investigate the membership plane (finding 29)
[2026-09-06T02:03:13Z ERROR squeezefs::block_allocator] bounded allocation refusing StorageFull after 1018 ms parked with 0 offset(s) still in grace locally (lane harvest horizon 9057 ms): the pressure deadline never fenced within the wall backstop (1000 ms). The refusal is honest and terminal for this write; investigate the membership plane (finding 29)
[2026-09-06T02:03:13Z ERROR squeezefs::block_allocator] bounded allocation refusing StorageFull after 1014 ms parked with 0 offset(s) still in grace locally (lane harvest horizon 9067 ms): the pressure deadline never fenced within the wall backstop (1000 ms). The refusal is honest and terminal for this write; investigate the membership plane (finding 29)
[2026-09-06T02:03:13Z ERROR squeezefs::block_allocator] bounded allocation refusing StorageFull after 1008 ms parked with 0 offset(s) still in grace locally (lane harvest horizon 9222 ms): the pressure deadline never fenced within the wall backstop (1000 ms). The refusal is honest and terminal for this write; investigate the membership plane (finding 29)
[2026-09-06T02:03:13Z ERROR squeezefs::block_allocator] bounded allocation refusing StorageFull after 1008 ms parked with 0 offset(s) still in grace locally (lane harvest horizon 9222 ms): the pressure deadline never fenced within the wall backstop (1000 ms). The refusal is honest and terminal for this write; investigate the membership plane (finding 29)
[2026-09-06T02:03:13Z ERROR squeezefs::block_allocator] bounded allocation refusing StorageFull after 1007 ms parked with 0 offset(s) still in grace locally (lane harvest horizon 9505 ms): the pressure deadline never fenced within the wall backstop (1000 ms). The refusal is honest and terminal for this write; investigate the membership plane (finding 29)
[2026-09-06T02:03:13Z ERROR squeezefs::block_allocator] bounded allocation refusing StorageFull after 1008 ms parked with 0 offset(s) still in grace locally (lane harvest horizon 9507 ms): the pressure deadline never fenced within the wall backstop (1000 ms). The refusal is honest and terminal for this write; investigate the membership plane (finding 29)
[2026-09-06T02:03:13Z ERROR squeezefs::block_allocator] bounded allocation refusing StorageFull after 1009 ms parked with 0 offset(s) still in grace locally (lane harvest horizon 9507 ms): the pressure deadline never fenced within the wall backstop (1000 ms). The refusal is honest and terminal for this write; investigate the membership plane (finding 29)
[2026-09-06T02:03:13Z ERROR squeezefs::block_allocator] bounded allocation refusing StorageFull after 1011 ms parked with 0 offset(s) still in grace locally (lane harvest horizon 9509 ms): the pressure deadline never fenced within the wall backstop (1000 ms). The refusal is honest and terminal for this write; investigate the membership plane (finding 29)
[2026-09-06T02:03:13Z ERROR squeezefs::block_allocator] bounded allocation refusing StorageFull after 1010 ms parked with 0 offset(s) still in grace locally (lane harvest horizon 9509 ms): the pressure deadline never fenced within the wall backstop (1000 ms). The refusal is honest and terminal for this write; investigate the membership plane (finding 29)
[2026-09-06T02:03:13Z ERROR squeezefs::block_allocator] bounded allocation refusing StorageFull after 1010 ms parked with 0 offset(s) still in grace locally (lane harvest horizon 9509 ms): the pressure deadline never fenced within the wall backstop (1000 ms). The refusal is honest and terminal for this write; investigate the membership plane (finding 29)
[2026-09-06T02:03:13Z ERROR squeezefs::block_allocator] bounded allocation refusing StorageFull after 1011 ms parked with 0 offset(s) still in grace locally (lane harvest horizon 9510 ms): the pressure deadline never fenced within the wall backstop (1000 ms). The refusal is honest and terminal for this write; investigate the membership plane (finding 29)
[2026-09-06T02:03:13Z ERROR squeezefs::block_allocator] bounded allocation refusing StorageFull after 1016 ms parked with 0 offset(s) still in grace locally (lane harvest horizon 9514 ms): the pressure deadline never fenced within the wall backstop (1000 ms). The refusal is honest and terminal for this write; investigate the membership plane (finding 29)
[2026-09-06T02:03:14Z ERROR squeezefs::block_allocator] I/O error: data volume 'nvme3n1' full: 8183 of 8192 blocks allocated — lane 6 of 16 is exhausted while 0 free block(s) belong to lanes this mount does not own (alloc_lane_enospc_refusals; reach them by adopting a lane whose holder is proven dead, or grow the volume set — docs/operations.md §Multi-writer capacity planning)
[2026-09-06T02:03:14Z ERROR squeezefs::block_allocator] bounded allocation refusing StorageFull after 1007 ms parked with 0 offset(s) still in grace locally (lane harvest horizon 9032 ms): the pressure deadline never fenced within the wall backstop (1000 ms). The refusal is honest and terminal for this write; investigate the membership plane (finding 29)
[2026-09-06T02:03:14Z ERROR squeezefs::block_allocator] bounded allocation refusing StorageFull after 1009 ms parked with 0 offset(s) still in grace locally (lane harvest horizon 9042 ms): the pressure deadline never fenced within the wall backstop (1000 ms). The refusal is honest and terminal for this write; investigate the membership plane (finding 29)
[2026-09-06T02:03:14Z ERROR squeezefs::block_allocator] bounded allocation refusing StorageFull after 1009 ms parked with 0 offset(s) still in grace locally (lane harvest horizon 9053 ms): the pressure deadline never fenced within the wall backstop (1000 ms). The refusal is honest and terminal for this write; investigate the membership plane (finding 29)
[2026-09-06T02:03:14Z WARN  squeezefs::routing] rewrite epoch close for ino 2 failed transiently (Io(Custom { kind: StorageFull, error: "I/O error: data volume 'nvme3n1' full: 8183 of 8192 blocks allocated — lane 6 of 16 is exhausted while 0 free block(s) belong to lanes this mount does not own (alloc_lane_enospc_refusals; reach them by adopting a lane whose holder is proven dead, or grow the volume set — docs/operations.md §Multi-writer capacity planning)" })); the epoch stays registered (never-lossy) — the next close trigger retries
[2026-09-06T02:03:14Z ERROR squeezefs::block_allocator] bounded allocation refusing StorageFull after 1013 ms parked with 0 offset(s) still in grace locally (lane harvest horizon 9062 ms): the pressure deadline never fenced within the wall backstop (1000 ms). The refusal is honest and terminal for this write; investigate the membership plane (finding 29)
[2026-09-06T02:03:14Z ERROR squeezefs::block_allocator] bounded allocation refusing StorageFull after 1013 ms parked with 0 offset(s) still in grace locally (lane harvest horizon 9062 ms): the pressure deadline never fenced within the wall backstop (1000 ms). The refusal is honest and terminal for this write; investigate the membership plane (finding 29)
[2026-09-06T02:03:14Z ERROR squeezefs::block_allocator] bounded allocation refusing StorageFull after 1008 ms parked with 0 offset(s) still in grace locally (lane harvest horizon 9066 ms): the pressure deadline never fenced within the wall backstop (1000 ms). The refusal is honest and terminal for this write; investigate the membership plane (finding 29)
[2026-09-06T02:03:14Z WARN  squeezefs::fuse_client] write-through failed for ino 2 block 2238 (Io(Custom { kind: StorageFull, error: "I/O error: data volume 'nvme3n1' full: 8183 of 8192 blocks allocated — lane 6 of 16 is exhausted while 0 free block(s) belong to lanes this mount does not own (alloc_lane_enospc_refusals; reach them by adopting a lane whose holder is proven dead, or grow the volume set — docs/operations.md §Multi-writer capacity planning)" })); falling back to staging
[2026-09-06T02:03:14Z ERROR squeezefs::block_allocator] bounded allocation refusing StorageFull after 1008 ms parked with 0 offset(s) still in grace locally (lane harvest horizon 9067 ms): the pressure deadline never fenced within the wall backstop (1000 ms). The refusal is honest and terminal for this write; investigate the membership plane (finding 29)
[2026-09-06T02:03:14Z ERROR squeezefs::block_allocator] bounded allocation refusing StorageFull after 1007 ms parked with 0 offset(s) still in grace locally (lane harvest horizon 9076 ms): the pressure deadline never fenced within the wall backstop (1000 ms). The refusal is honest and terminal for this write; investigate the membership plane (finding 29)
[2026-09-06T02:03:14Z ERROR squeezefs::block_allocator] bounded allocation refusing StorageFull after 1017 ms parked with 0 offset(s) still in grace locally (lane harvest horizon 9164 ms): the pressure deadline never fenced within the wall backstop (1000 ms). The refusal is honest and terminal for this write; investigate the membership plane (finding 29)
[2026-09-06T02:03:14Z ERROR squeezefs::block_allocator] bounded allocation refusing StorageFull after 1023 ms parked with 0 offset(s) still in grace locally (lane harvest horizon 9171 ms): the pressure deadline never fenced within the wall backstop (1000 ms). The refusal is honest and terminal for this write; investigate the membership plane (finding 29)
[2026-09-06T02:03:14Z ERROR squeezefs::block_allocator] bounded allocation refusing StorageFull after 1008 ms parked with 0 offset(s) still in grace locally (lane harvest horizon 9443 ms): the pressure deadline never fenced within the wall backstop (1000 ms). The refusal is honest and terminal for this write; investigate the membership plane (finding 29)
[2026-09-06T02:03:14Z ERROR squeezefs::block_allocator] bounded allocation refusing StorageFull after 1009 ms parked with 0 offset(s) still in grace locally (lane harvest horizon 9444 ms): the pressure deadline never fenced within the wall backstop (1000 ms). The refusal is honest and terminal for this write; investigate the membership plane (finding 29)
[2026-09-06T02:03:14Z ERROR squeezefs::block_allocator] bounded allocation refusing StorageFull after 1010 ms parked with 0 offset(s) still in grace locally (lane harvest horizon 9444 ms): the pressure deadline never fenced within the wall backstop (1000 ms). The refusal is honest and terminal for this write; investigate the membership plane (finding 29)
[2026-09-06T02:03:14Z ERROR squeezefs::block_allocator] bounded allocation refusing StorageFull after 1013 ms parked with 0 offset(s) still in grace locally (lane harvest horizon 9446 ms): the pressure deadline never fenced within the wall backstop (1000 ms). The refusal is honest and terminal for this write; investigate the membership plane (finding 29)
[2026-09-06T02:03:14Z ERROR squeezefs::block_allocator] bounded allocation refusing StorageFull after 1016 ms parked with 0 offset(s) still in grace locally (lane harvest horizon 9446 ms): the pressure deadline never fenced within the wall backstop (1000 ms). The refusal is honest and terminal for this write; investigate the membership plane (finding 29)
[2026-09-06T02:03:14Z ERROR squeezefs::block_allocator] bounded allocation refusing StorageFull after 1015 ms parked with 0 offset(s) still in grace locally (lane harvest horizon 9448 ms): the pressure deadline never fenced within the wall backstop (1000 ms). The refusal is honest and terminal for this write; investigate the membership plane (finding 29)
[2026-09-06T02:03:14Z ERROR squeezefs::block_allocator] bounded allocation refusing StorageFull after 1017 ms parked with 0 offset(s) still in grace locally (lane harvest horizon 9452 ms): the pressure deadline never fenced within the wall backstop (1000 ms). The refusal is honest and terminal for this write; investigate the membership plane (finding 29)
[2026-09-06T02:03:14Z ERROR squeezefs::block_allocator] bounded allocation refusing StorageFull after 1015 ms parked with 0 offset(s) still in grace locally (lane harvest horizon 9453 ms): the pressure deadline never fenced within the wall backstop (1000 ms). The refusal is honest and terminal for this write; investigate the membership plane (finding 29)
[2026-09-06T02:03:14Z ERROR squeezefs::block_allocator] bounded allocation refusing StorageFull after 1015 ms parked with 0 offset(s) still in grace locally (lane harvest horizon 9453 ms): the pressure deadline never fenced within the wall backstop (1000 ms). The refusal is honest and terminal for this write; investigate the membership plane (finding 29)
[2026-09-06T02:03:14Z ERROR squeezefs::block_allocator] bounded allocation refusing StorageFull after 1016 ms parked with 0 offset(s) still in grace locally (lane harvest horizon 9453 ms): the pressure deadline never fenced within the wall backstop (1000 ms). The refusal is honest and terminal for this write; investigate the membership plane (finding 29)
[2026-09-06T02:03:14Z ERROR squeezefs::block_allocator] bounded allocation refusing StorageFull after 1018 ms parked with 0 offset(s) still in grace locally (lane harvest horizon 9453 ms): the pressure deadline never fenced within the wall backstop (1000 ms). The refusal is honest and terminal for this write; investigate the membership plane (finding 29)
[2026-09-06T02:03:14Z ERROR squeezefs::block_allocator] bounded allocation refusing StorageFull after 1023 ms parked with 0 offset(s) still in grace locally (lane harvest horizon 9455 ms): the pressure deadline never fenced within the wall backstop (1000 ms). The refusal is honest and terminal for this write; investigate the membership plane (finding 29)
[2026-09-06T02:03:14Z ERROR squeezefs::block_allocator] bounded allocation refusing StorageFull after 1025 ms parked with 0 offset(s) still in grace locally (lane harvest horizon 9457 ms): the pressure deadline never fenced within the wall backstop (1000 ms). The refusal is honest and terminal for this write; investigate the membership plane (finding 29)
[2026-09-06T02:03:14Z ERROR squeezefs::block_allocator] bounded allocation refusing StorageFull after 1025 ms parked with 0 offset(s) still in grace locally (lane harvest horizon 9463 ms): the pressure deadline never fenced within the wall backstop (1000 ms). The refusal is honest and terminal for this write; investigate the membership plane (finding 29)
[2026-09-06T02:03:14Z ERROR squeezefs::block_allocator] bounded allocation refusing StorageFull after 1010 ms parked with 0 offset(s) still in grace locally (lane harvest horizon 9489 ms): the pressure deadline never fenced within the wall backstop (1000 ms). The refusal is honest and terminal for this write; investigate the membership plane (finding 29)
[2026-09-06T02:03:14Z ERROR squeezefs::block_allocator] bounded allocation refusing StorageFull after 1013 ms parked with 0 offset(s) still in grace locally (lane harvest horizon 9492 ms): the pressure deadline never fenced within the wall backstop (1000 ms). The refusal is honest and terminal for this write; investigate the membership plane (finding 29)
[2026-09-06T02:03:14Z ERROR squeezefs::block_allocator] bounded allocation refusing StorageFull after 1015 ms parked with 0 offset(s) still in grace locally (lane harvest horizon 9494 ms): the pressure deadline never fenced within the wall backstop (1000 ms). The refusal is honest and terminal for this write; investigate the membership plane (finding 29)
[2026-09-06T02:03:14Z ERROR squeezefs::block_allocator] bounded allocation refusing StorageFull after 1015 ms parked with 0 offset(s) still in grace locally (lane harvest horizon 9494 ms): the pressure deadline never fenced within the wall backstop (1000 ms). The refusal is honest and terminal for this write; investigate the membership plane (finding 29)
[2026-09-06T02:03:14Z ERROR squeezefs::block_allocator] bounded allocation refusing StorageFull after 1015 ms parked with 0 offset(s) still in grace locally (lane harvest horizon 9494 ms): the pressure deadline never fenced within the wall backstop (1000 ms). The refusal is honest and terminal for this write; investigate the membership plane (finding 29)
[2026-09-06T02:03:14Z ERROR squeezefs::block_allocator] bounded allocation refusing StorageFull after 1015 ms parked with 0 offset(s) still in grace locally (lane harvest horizon 9495 ms): the pressure deadline never fenced within the wall backstop (1000 ms). The refusal is honest and terminal for this write; investigate the membership plane (finding 29)
[2026-09-06T02:03:14Z ERROR squeezefs::block_allocator] bounded allocation refusing StorageFull after 1017 ms parked with 0 offset(s) still in grace locally (lane harvest horizon 9496 ms): the pressure deadline never fenced within the wall backstop (1000 ms). The refusal is honest and terminal for this write; investigate the membership plane (finding 29)
[2026-09-06T02:03:14Z ERROR squeezefs::block_allocator] bounded allocation refusing StorageFull after 1017 ms parked with 0 offset(s) still in grace locally (lane harvest horizon 9496 ms): the pressure deadline never fenced within the wall backstop (1000 ms). The refusal is honest and terminal for this write; investigate the membership plane (finding 29)
[2026-09-06T02:03:14Z ERROR squeezefs::block_allocator] bounded allocation refusing StorageFull after 1017 ms parked with 0 offset(s) still in grace locally (lane harvest horizon 9497 ms): the pressure deadline never fenced within the wall backstop (1000 ms). The refusal is honest and terminal for this write; investigate the membership plane (finding 29)
[2026-09-06T02:03:14Z ERROR fuse3::raw::connection::fuse_over_uring] transport payload lease held 1018 ms (≥ 1 s) — overlong handler invocation or a §5.4 severance escape; watch transport_lease_overlong / transport_parked_commits
[2026-09-06T02:03:15Z ERROR squeezefs::block_allocator] I/O error: data volume 'nvme3n1' full: 8183 of 8192 blocks allocated — lane 6 of 16 is exhausted while 0 free block(s) belong to lanes this mount does not own (alloc_lane_enospc_refusals; reach them by adopting a lane whose holder is proven dead, or grow the volume set — docs/operations.md §Multi-writer capacity planning)
[2026-09-06T02:03:15Z ERROR squeezefs::block_allocator] bounded allocation refusing StorageFull after 1015 ms parked with 0 offset(s) still in grace locally (lane harvest horizon 9046 ms): the pressure deadline never fenced within the wall backstop (1000 ms). The refusal is honest and terminal for this write; investigate the membership plane (finding 29)
[2026-09-06T02:03:15Z WARN  squeezefs::fuse_client] write-through failed for ino 2 block 2206 (Io(Custom { kind: StorageFull, error: "I/O error: data volume 'nvme3n1' full: 8183 of 8192 blocks allocated — lane 6 of 16 is exhausted while 0 free block(s) belong to lanes this mount does not own (alloc_lane_enospc_refusals; reach them by adopting a lane whose holder is proven dead, or grow the volume set — docs/operations.md §Multi-writer capacity planning)" })); falling back to staging
[2026-09-06T02:03:15Z ERROR squeezefs::block_allocator] bounded allocation refusing StorageFull after 1014 ms parked with 0 offset(s) still in grace locally (lane harvest horizon 9075 ms): the pressure deadline never fenced within the wall backstop (1000 ms). The refusal is honest and terminal for this write; investigate the membership plane (finding 29)
[2026-09-06T02:03:15Z WARN  squeezefs::fuse_client] write-through failed for ino 2 block 2269 (Io(Custom { kind: StorageFull, error: "I/O error: data volume 'nvme3n1' full: 8183 of 8192 blocks allocated — lane 6 of 16 is exhausted while 0 free block(s) belong to lanes this mount does not own (alloc_lane_enospc_refusals; reach them by adopting a lane whose holder is proven dead, or grow the volume set — docs/operations.md §Multi-writer capacity planning)" })); falling back to staging
[2026-09-06T02:03:15Z ERROR fuse3::raw::connection::fuse_over_uring] transport payload lease held 1520 ms (≥ 1 s) — overlong handler invocation or a §5.4 severance escape; watch transport_lease_overlong / transport_parked_commits
[2026-09-06T02:03:15Z ERROR squeezefs::block_allocator] bounded allocation refusing StorageFull after 1014 ms parked with 0 offset(s) still in grace locally (lane harvest horizon 9076 ms): the pressure deadline never fenced within the wall backstop (1000 ms). The refusal is honest and terminal for this write; investigate the membership plane (finding 29)
[2026-09-06T02:03:15Z WARN  squeezefs::routing] rewrite epoch close for ino 2 failed transiently (Io(Custom { kind: StorageFull, error: "I/O error: data volume 'nvme3n1' full: 8183 of 8192 blocks allocated — lane 6 of 16 is exhausted while 0 free block(s) belong to lanes this mount does not own (alloc_lane_enospc_refusals; reach them by adopting a lane whose holder is proven dead, or grow the volume set — docs/operations.md §Multi-writer capacity planning)" })); the epoch stays registered (never-lossy) — the next close trigger retries
[2026-09-06T02:03:15Z ERROR squeezefs::block_allocator] bounded allocation refusing StorageFull after 1014 ms parked with 0 offset(s) still in grace locally (lane harvest horizon 9079 ms): the pressure deadline never fenced within the wall backstop (1000 ms). The refusal is honest and terminal for this write; investigate the membership plane (finding 29)
[2026-09-06T02:03:15Z WARN  squeezefs::fuse_client] write-through failed for ino 2 block 2301 (Io(Custom { kind: StorageFull, error: "I/O error: data volume 'nvme3n1' full: 8183 of 8192 blocks allocated — lane 6 of 16 is exhausted while 0 free block(s) belong to lanes this mount does not own (alloc_lane_enospc_refusals; reach them by adopting a lane whose holder is proven dead, or grow the volume set — docs/operations.md §Multi-writer capacity planning)" })); falling back to staging
[2026-09-06T02:03:15Z ERROR fuse3::raw::connection::fuse_over_uring] transport payload lease held 1567 ms (≥ 1 s) — overlong handler invocation or a §5.4 severance escape; watch transport_lease_overlong / transport_parked_commits
[2026-09-06T02:03:15Z ERROR fuse3::raw::connection::fuse_over_uring] transport payload lease held 1525 ms (≥ 1 s) — overlong handler invocation or a §5.4 severance escape; watch transport_lease_overlong / transport_parked_commits
[2026-09-06T02:03:15Z ERROR squeezefs::block_allocator] bounded allocation refusing StorageFull after 1018 ms parked with 0 offset(s) still in grace locally (lane harvest horizon 9084 ms): the pressure deadline never fenced within the wall backstop (1000 ms). The refusal is honest and terminal for this write; investigate the membership plane (finding 29)
[2026-09-06T02:03:15Z ERROR squeezefs::block_allocator] bounded allocation refusing StorageFull after 1007 ms parked with 0 offset(s) still in grace locally (lane harvest horizon 9247 ms): the pressure deadline never fenced within the wall backstop (1000 ms). The refusal is honest and terminal for this write; investigate the membership plane (finding 29)
[2026-09-06T02:03:15Z WARN  squeezefs::fuse_client] write-through failed for ino 2 block 2367 (Io(Custom { kind: StorageFull, error: "I/O error: data volume 'nvme3n1' full: 8183 of 8192 blocks allocated — lane 6 of 16 is exhausted while 0 free block(s) belong to lanes this mount does not own (alloc_lane_enospc_refusals; reach them by adopting a lane whose holder is proven dead, or grow the volume set — docs/operations.md §Multi-writer capacity planning)" })); falling back to staging
[2026-09-06T02:03:15Z ERROR squeezefs::block_allocator] bounded allocation refusing StorageFull after 1007 ms parked with 0 offset(s) still in grace locally (lane harvest horizon 9525 ms): the pressure deadline never fenced within the wall backstop (1000 ms). The refusal is honest and terminal for this write; investigate the membership plane (finding 29)
[2026-09-06T02:03:15Z WARN  squeezefs::fuse_client] write-through failed for ino 2 block 2302 (Io(Custom { kind: StorageFull, error: "I/O error: data volume 'nvme3n1' full: 8183 of 8192 blocks allocated — lane 6 of 16 is exhausted while 0 free block(s) belong to lanes this mount does not own (alloc_lane_enospc_refusals; reach them by adopting a lane whose holder is proven dead, or grow the volume set — docs/operations.md §Multi-writer capacity planning)" })); falling back to staging
[2026-09-06T02:03:15Z ERROR squeezefs::block_allocator] bounded allocation refusing StorageFull after 1009 ms parked with 0 offset(s) still in grace locally (lane harvest horizon 9532 ms): the pressure deadline never fenced within the wall backstop (1000 ms). The refusal is honest and terminal for this write; investigate the membership plane (finding 29)
[2026-09-06T02:03:15Z WARN  squeezefs::fuse_client] write-through failed for ino 2 block 2332 (Io(Custom { kind: StorageFull, error: "I/O error: data volume 'nvme3n1' full: 8183 of 8192 blocks allocated — lane 6 of 16 is exhausted while 0 free block(s) belong to lanes this mount does not own (alloc_lane_enospc_refusals; reach them by adopting a lane whose holder is proven dead, or grow the volume set — docs/operations.md §Multi-writer capacity planning)" })); falling back to staging
[2026-09-06T02:03:15Z ERROR squeezefs::block_allocator] bounded allocation refusing StorageFull after 1012 ms parked with 0 offset(s) still in grace locally (lane harvest horizon 9532 ms): the pressure deadline never fenced within the wall backstop (1000 ms). The refusal is honest and terminal for this write; investigate the membership plane (finding 29)
[2026-09-06T02:03:15Z ERROR squeezefs::block_allocator] bounded allocation refusing StorageFull after 1011 ms parked with 0 offset(s) still in grace locally (lane harvest horizon 9532 ms): the pressure deadline never fenced within the wall backstop (1000 ms). The refusal is honest and terminal for this write; investigate the membership plane (finding 29)
[2026-09-06T02:03:15Z ERROR squeezefs::block_allocator] bounded allocation refusing StorageFull after 1007 ms parked with 0 offset(s) still in grace locally (lane harvest horizon 9536 ms): the pressure deadline never fenced within the wall backstop (1000 ms). The refusal is honest and terminal for this write; investigate the membership plane (finding 29)
[2026-09-06T02:03:15Z WARN  squeezefs::fuse_client] write-through failed for ino 2 block 2334 (Io(Custom { kind: StorageFull, error: "I/O error: data volume 'nvme3n1' full: 8183 of 8192 blocks allocated — lane 6 of 16 is exhausted while 0 free block(s) belong to lanes this mount does not own (alloc_lane_enospc_refusals; reach them by adopting a lane whose holder is proven dead, or grow the volume set — docs/operations.md §Multi-writer capacity planning)" })); falling back to staging
[2026-09-06T02:03:15Z ERROR squeezefs::block_allocator] bounded allocation refusing StorageFull after 1008 ms parked with 0 offset(s) still in grace locally (lane harvest horizon 9537 ms): the pressure deadline never fenced within the wall backstop (1000 ms). The refusal is honest and terminal for this write; investigate the membership plane (finding 29)
[2026-09-06T02:03:15Z WARN  squeezefs::fuse_client] write-through failed for ino 2 block 2300 (Io(Custom { kind: StorageFull, error: "I/O error: data volume 'nvme3n1' full: 8183 of 8192 blocks allocated — lane 6 of 16 is exhausted while 0 free block(s) belong to lanes this mount does not own (alloc_lane_enospc_refusals; reach them by adopting a lane whose holder is proven dead, or grow the volume set — docs/operations.md §Multi-writer capacity planning)" })); falling back to staging
[2026-09-06T02:03:15Z ERROR fuse3::raw::connection::fuse_over_uring] transport payload lease held 1002 ms (≥ 1 s) — overlong handler invocation or a §5.4 severance escape; watch transport_lease_overlong / transport_parked_commits
[2026-09-06T02:03:15Z ERROR squeezefs::block_allocator] bounded allocation refusing StorageFull after 1007 ms parked with 0 offset(s) still in grace locally (lane harvest horizon 9537 ms): the pressure deadline never fenced within the wall backstop (1000 ms). The refusal is honest and terminal for this write; investigate the membership plane (finding 29)
[2026-09-06T02:03:15Z WARN  squeezefs::fuse_client] write-through failed for ino 2 block 2365 (Io(Custom { kind: StorageFull, error: "I/O error: data volume 'nvme3n1' full: 8183 of 8192 blocks allocated — lane 6 of 16 is exhausted while 0 free block(s) belong to lanes this mount does not own (alloc_lane_enospc_refusals; reach them by adopting a lane whose holder is proven dead, or grow the volume set — docs/operations.md §Multi-writer capacity planning)" })); falling back to staging
[2026-09-06T02:03:15Z ERROR squeezefs::block_allocator] bounded allocation refusing StorageFull after 1010 ms parked with 0 offset(s) still in grace locally (lane harvest horizon 9538 ms): the pressure deadline never fenced within the wall backstop (1000 ms). The refusal is honest and terminal for this write; investigate the membership plane (finding 29)
[2026-09-06T02:03:15Z WARN  squeezefs::fuse_client] write-through failed for ino 2 block 2364 (Io(Custom { kind: StorageFull, error: "I/O error: data volume 'nvme3n1' full: 8183 of 8192 blocks allocated — lane 6 of 16 is exhausted while 0 free block(s) belong to lanes this mount does not own (alloc_lane_enospc_refusals; reach them by adopting a lane whose holder is proven dead, or grow the volume set — docs/operations.md §Multi-writer capacity planning)" })); falling back to staging
[2026-09-06T02:03:15Z ERROR fuse3::raw::connection::fuse_over_uring] transport payload lease held 1010 ms (≥ 1 s) — overlong handler invocation or a §5.4 severance escape; watch transport_lease_overlong / transport_parked_commits
[2026-09-06T02:03:15Z ERROR squeezefs::block_allocator] bounded allocation refusing StorageFull after 1007 ms parked with 0 offset(s) still in grace locally (lane harvest horizon 9573 ms): the pressure deadline never fenced within the wall backstop (1000 ms). The refusal is honest and terminal for this write; investigate the membership plane (finding 29)
[2026-09-06T02:03:16Z ERROR fuse3::raw::connection::fuse_over_uring] transport payload lease held 1560 ms (≥ 1 s) — overlong handler invocation or a §5.4 severance escape; watch transport_lease_overlong / transport_parked_commits
[2026-09-06T02:03:16Z ERROR fuse3::raw::connection::fuse_over_uring] transport payload lease held 1516 ms (≥ 1 s) — overlong handler invocation or a §5.4 severance escape; watch transport_lease_overlong / transport_parked_commits
[2026-09-06T02:03:16Z ERROR fuse3::raw::connection::fuse_over_uring] transport payload lease held 1566 ms (≥ 1 s) — overlong handler invocation or a §5.4 severance escape; watch transport_lease_overlong / transport_parked_commits
[2026-09-06T02:03:16Z ERROR fuse3::raw::connection::fuse_over_uring] transport payload lease held 1525 ms (≥ 1 s) — overlong handler invocation or a §5.4 severance escape; watch transport_lease_overlong / transport_parked_commits
[2026-09-06T02:03:16Z ERROR squeezefs::block_allocator] I/O error: data volume 'nvme3n1' full: 8183 of 8192 blocks allocated — lane 6 of 16 is exhausted while 0 free block(s) belong to lanes this mount does not own (alloc_lane_enospc_refusals; reach them by adopting a lane whose holder is proven dead, or grow the volume set — docs/operations.md §Multi-writer capacity planning)
[2026-09-06T02:03:16Z ERROR squeezefs::meta_ship::publish] S9: the authority refused 1 shipped free(s) (vol_tag 0xc5e11286df218556, request 16888): already free/graced/quarantined — the double-release lineage, surfaced on the authority's own tripwire
[2026-09-06T02:03:17Z ERROR squeezefs::meta_ship::publish] S9: the authority refused 1 shipped free(s) (vol_tag 0xc5e11286df218556, request 16909): already free/graced/quarantined — the double-release lineage, surfaced on the authority's own tripwire
[2026-09-06T02:03:17Z ERROR squeezefs::meta_ship::publish] S9: the authority refused 1 shipped free(s) (vol_tag 0xc5e11286df218556, request 16913): already free/graced/quarantined — the double-release lineage, surfaced on the authority's own tripwire
[2026-09-06T02:03:17Z ERROR squeezefs::meta_ship::publish] S9: the authority refused 1 shipped free(s) (vol_tag 0xc5e11286df218556, request 16917): already free/graced/quarantined — the double-release lineage, surfaced on the authority's own tripwire
[2026-09-06T02:03:17Z ERROR squeezefs::meta_ship::publish] S9: the authority refused 1 shipped free(s) (vol_tag 0xc5e11286df218556, request 16921): already free/graced/quarantined — the double-release lineage, surfaced on the authority's own tripwire
[2026-09-06T02:03:17Z ERROR squeezefs::meta_ship::publish] S9: the authority refused 1 shipped free(s) (vol_tag 0xc5e11286df218556, request 16925): already free/graced/quarantined — the double-release lineage, surfaced on the authority's own tripwire
[2026-09-06T02:03:17Z ERROR squeezefs::meta_ship::publish] S9: the authority refused 1 shipped free(s) (vol_tag 0xc5e11286df218556, request 16929): already free/graced/quarantined — the double-release lineage, surfaced on the authority's own tripwire
[2026-09-06T02:03:17Z ERROR squeezefs::meta_ship::publish] S9: the authority refused 1 shipped free(s) (vol_tag 0xc5e11286df218556, request 16933): already free/graced/quarantined — the double-release lineage, surfaced on the authority's own tripwire
[2026-09-06T02:03:17Z ERROR squeezefs::meta_ship::publish] S9: the authority refused 1 shipped free(s) (vol_tag 0xc5e11286df218556, request 16937): already free/graced/quarantined — the double-release lineage, surfaced on the authority's own tripwire
[2026-09-06T02:03:17Z ERROR squeezefs::meta_ship::publish] S9: the authority refused 1 shipped free(s) (vol_tag 0xc5e11286df218556, request 16941): already free/graced/quarantined — the double-release lineage, surfaced on the authority's own tripwire
[2026-09-06T02:03:17Z ERROR squeezefs::meta_ship::publish] S9: the authority refused 1 shipped free(s) (vol_tag 0xc5e11286df218556, request 16945): already free/graced/quarantined — the double-release lineage, surfaced on the authority's own tripwire
[2026-09-06T02:03:17Z ERROR squeezefs::meta_ship::publish] S9: the authority refused 1 shipped free(s) (vol_tag 0xc5e11286df218556, request 16949): already free/graced/quarantined — the double-release lineage, surfaced on the authority's own tripwire
[2026-09-06T02:03:17Z ERROR squeezefs::meta_ship::publish] S9: the authority refused 1 shipped free(s) (vol_tag 0xc5e11286df218556, request 16953): already free/graced/quarantined — the double-release lineage, surfaced on the authority's own tripwire
[2026-09-06T02:03:18Z ERROR squeezefs::meta_ship::publish] S9: the authority refused 1 shipped free(s) (vol_tag 0xc5e11286df218556, request 16957): already free/graced/quarantined — the double-release lineage, surfaced on the authority's own tripwire
[2026-09-06T02:03:18Z ERROR squeezefs::meta_ship::publish] S9: the authority refused 1 shipped free(s) (vol_tag 0xc5e11286df218556, request 16961): already free/graced/quarantined — the double-release lineage, surfaced on the authority's own tripwire
[2026-09-06T02:03:18Z ERROR squeezefs::meta_ship::publish] S9: the authority refused 1 shipped free(s) (vol_tag 0xc5e11286df218556, request 16965): already free/graced/quarantined — the double-release lineage, surfaced on the authority's own tripwire
[2026-09-06T02:03:18Z ERROR squeezefs::meta_ship::publish] S9: the authority refused 1 shipped free(s) (vol_tag 0xc5e11286df218556, request 16969): already free/graced/quarantined — the double-release lineage, surfaced on the authority's own tripwire
[2026-09-06T02:03:18Z ERROR squeezefs::meta_ship::publish] S9: the authority refused 1 shipped free(s) (vol_tag 0xc5e11286df218556, request 16973): already free/graced/quarantined — the double-release lineage, surfaced on the authority's own tripwire
[2026-09-06T02:03:18Z ERROR squeezefs::meta_ship::publish] S9: the authority refused 1 shipped free(s) (vol_tag 0xc5e11286df218556, request 16977): already free/graced/quarantined — the double-release lineage, surfaced on the authority's own tripwire
[2026-09-06T02:03:18Z ERROR squeezefs::meta_ship::publish] S9: the authority refused 1 shipped free(s) (vol_tag 0xc5e11286df218556, request 16981): already free/graced/quarantined — the double-release lineage, surfaced on the authority's own tripwire
[2026-09-06T02:03:18Z ERROR squeezefs::block_allocator] I/O error: data volume 'nvme3n1' full: 8183 of 8192 blocks allocated — lane 6 of 16 is exhausted while 0 free block(s) belong to lanes this mount does not own (alloc_lane_enospc_refusals; reach them by adopting a lane whose holder is proven dead, or grow the volume set — docs/operations.md §Multi-writer capacity planning)
[2026-09-06T02:03:18Z ERROR squeezefs::meta_ship::publish] S9: the authority refused 1 shipped free(s) (vol_tag 0xc5e11286df218556, request 16987): already free/graced/quarantined — the double-release lineage, surfaced on the authority's own tripwire
[2026-09-06T02:03:18Z ERROR squeezefs::meta_ship::publish] S9: the authority refused 1 shipped free(s) (vol_tag 0xc5e11286df218556, request 16991): already free/graced/quarantined — the double-release lineage, surfaced on the authority's own tripwire
[2026-09-06T02:03:18Z ERROR squeezefs::meta_ship::publish] S9: the authority refused 1 shipped free(s) (vol_tag 0xc5e11286df218556, request 16995): already free/graced/quarantined — the double-release lineage, surfaced on the authority's own tripwire
[2026-09-06T02:03:18Z ERROR squeezefs::meta_ship::publish] S9: the authority refused 1 shipped free(s) (vol_tag 0xc5e11286df218556, request 16999): already free/graced/quarantined — the double-release lineage, surfaced on the authority's own tripwire
[2026-09-06T02:03:18Z ERROR squeezefs::meta_ship::publish] S9: the authority refused 1 shipped free(s) (vol_tag 0xc5e11286df218556, request 17003): already free/graced/quarantined — the double-release lineage, surfaced on the authority's own tripwire
[2026-09-06T02:03:18Z ERROR squeezefs::meta_ship::publish] S9: the authority refused 1 shipped free(s) (vol_tag 0xc5e11286df218556, request 17007): already free/graced/quarantined — the double-release lineage, surfaced on the authority's own tripwire
[2026-09-06T02:03:18Z ERROR squeezefs::meta_ship::publish] S9: the authority refused 1 shipped free(s) (vol_tag 0xc5e11286df218556, request 17011): already free/graced/quarantined — the double-release lineage, surfaced on the authority's own tripwire
[2026-09-06T02:03:18Z ERROR squeezefs::meta_ship::publish] S9: the authority refused 1 shipped free(s) (vol_tag 0xc5e11286df218556, request 17015): already free/graced/quarantined — the double-release lineage, surfaced on the authority's own tripwire
[2026-09-06T02:03:18Z ERROR squeezefs::meta_ship::publish] S9: the authority refused 1 shipped free(s) (vol_tag 0xc5e11286df218556, request 17019): already free/graced/quarantined — the double-release lineage, surfaced on the authority's own tripwire
[2026-09-06T02:03:18Z ERROR squeezefs::meta_ship::publish] S9: the authority refused 1 shipped free(s) (vol_tag 0xc5e11286df218556, request 17023): already free/graced/quarantined — the double-release lineage, surfaced on the authority's own tripwire
[2026-09-06T02:03:18Z ERROR squeezefs::meta_ship::publish] S9: the authority refused 1 shipped free(s) (vol_tag 0xc5e11286df218556, request 17027): already free/graced/quarantined — the double-release lineage, surfaced on the authority's own tripwire
[2026-09-06T02:03:18Z ERROR squeezefs::meta_ship::publish] S9: the authority refused 1 shipped free(s) (vol_tag 0xc5e11286df218556, request 17031): already free/graced/quarantined — the double-release lineage, surfaced on the authority's own tripwire
[2026-09-06T02:03:19Z ERROR squeezefs::block_allocator] I/O error: data volume 'nvme3n1' full: 8183 of 8192 blocks allocated — lane 6 of 16 is exhausted while 0 free block(s) belong to lanes this mount does not own (alloc_lane_enospc_refusals; reach them by adopting a lane whose holder is proven dead, or grow the volume set — docs/operations.md §Multi-writer capacity planning)
[2026-09-06T02:03:19Z ERROR squeezefs::block_allocator] bounded allocation refusing StorageFull after 1010 ms parked with 0 offset(s) still in grace locally (lane harvest horizon 9586 ms): the pressure deadline never fenced within the wall backstop (1000 ms). The refusal is honest and terminal for this write; investigate the membership plane (finding 29)
[2026-09-06T02:03:20Z ERROR squeezefs::block_allocator] I/O error: data volume 'nvme3n1' full: 8183 of 8192 blocks allocated — lane 6 of 16 is exhausted while 0 free block(s) belong to lanes this mount does not own (alloc_lane_enospc_refusals; reach them by adopting a lane whose holder is proven dead, or grow the volume set — docs/operations.md §Multi-writer capacity planning)
[2026-09-06T02:03:21Z ERROR squeezefs::block_allocator] bounded allocation refusing StorageFull after 1011 ms parked with 0 offset(s) still in grace locally (lane harvest horizon 9631 ms): the pressure deadline never fenced within the wall backstop (1000 ms). The refusal is honest and terminal for this write; investigate the membership plane (finding 29)
[2026-09-06T02:03:21Z WARN  squeezefs::block_allocator] co-writer: abandoning never-published block offset(s) leak-safe (volume 'nvme4n1', first offset 4387241984): the publish that would have named them failed or refused, and a co-writer may not mutate ownership accounting — the next derivation (mount recovery / fsck C6) returns them to the free supply (cowriter_unpublished_abandons; further offsets at debug level)
[2026-09-06T02:03:21Z WARN  squeezefs::fuse_client] fsync durable upload failed for ino 2 block 1502 (Io(Custom { kind: StorageFull, error: "I/O error: data volume 'nvme3n1' full: 8183 of 8192 blocks allocated — lane 6 of 16 is exhausted while 0 free block(s) belong to lanes this mount does not own (alloc_lane_enospc_refusals; reach them by adopting a lane whose holder is proven dead, or grow the volume set — docs/operations.md §Multi-writer capacity planning)" })); preserving the acked bytes in staging and failing the fsync
[2026-09-06T02:03:21Z ERROR squeezefs::block_allocator] I/O error: data volume 'nvme3n1' full: 8183 of 8192 blocks allocated — lane 6 of 16 is exhausted while 0 free block(s) belong to lanes this mount does not own (alloc_lane_enospc_refusals; reach them by adopting a lane whose holder is proven dead, or grow the volume set — docs/operations.md §Multi-writer capacity planning)
[2026-09-06T02:03:22Z ERROR squeezefs::block_allocator] bounded allocation refusing StorageFull after 1013 ms parked with 0 offset(s) still in grace locally (lane harvest horizon 9678 ms): the pressure deadline never fenced within the wall backstop (1000 ms). The refusal is honest and terminal for this write; investigate the membership plane (finding 29)
[2026-09-06T02:03:22Z ERROR squeezefs::fuse_client] FUSE Fsync failed for ino 2: Io(Custom { kind: StorageFull, error: "I/O error: data volume 'nvme3n1' full: 8183 of 8192 blocks allocated — lane 6 of 16 is exhausted while 0 free block(s) belong to lanes this mount does not own (alloc_lane_enospc_refusals; reach them by adopting a lane whose holder is proven dead, or grow the volume set — docs/operations.md §Multi-writer capacity planning)" })
[2026-09-06T02:03:22Z ERROR squeezefs::fuse_client] Squeezefs operational error: Io(Custom { kind: StorageFull, error: "I/O error: data volume 'nvme3n1' full: 8183 of 8192 blocks allocated — lane 6 of 16 is exhausted while 0 free block(s) belong to lanes this mount does not own (alloc_lane_enospc_refusals; reach them by adopting a lane whose holder is proven dead, or grow the volume set — docs/operations.md §Multi-writer capacity planning)" })
[2026-09-06T02:03:22Z ERROR squeezefs::meta_ship::publish] S9: the authority refused 1 shipped free(s) (vol_tag 0xc5e11286df218556, request 17098): already free/graced/quarantined — the double-release lineage, surfaced on the authority's own tripwire
[2026-09-06T02:03:22Z ERROR squeezefs::meta_ship::publish] S9: the authority refused 1 shipped free(s) (vol_tag 0xc5e11286df218556, request 17102): already free/graced/quarantined — the double-release lineage, surfaced on the authority's own tripwire
[2026-09-06T02:03:22Z ERROR squeezefs::meta_ship::publish] S9: the authority refused 1 shipped free(s) (vol_tag 0xc5e11286df218556, request 17106): already free/graced/quarantined — the double-release lineage, surfaced on the authority's own tripwire
[2026-09-06T02:03:22Z ERROR squeezefs::meta_ship::publish] S9: the authority refused 1 shipped free(s) (vol_tag 0xc5e11286df218556, request 17110): already free/graced/quarantined — the double-release lineage, surfaced on the authority's own tripwire
[2026-09-06T02:03:22Z ERROR squeezefs::meta_ship::publish] S9: the authority refused 1 shipped free(s) (vol_tag 0xc5e11286df218556, request 17114): already free/graced/quarantined — the double-release lineage, surfaced on the authority's own tripwire
[2026-09-06T02:03:22Z ERROR squeezefs::meta_ship::publish] S9: the authority refused 1 shipped free(s) (vol_tag 0xc5e11286df218556, request 17118): already free/graced/quarantined — the double-release lineage, surfaced on the authority's own tripwire
[2026-09-06T02:03:22Z ERROR squeezefs::meta_ship::publish] S9: the authority refused 1 shipped free(s) (vol_tag 0xc5e11286df218556, request 17123): already free/graced/quarantined — the double-release lineage, surfaced on the authority's own tripwire
[2026-09-06T02:03:22Z ERROR squeezefs::meta_ship::publish] S9: the authority refused 1 shipped free(s) (vol_tag 0xc5e11286df218556, request 17126): already free/graced/quarantined — the double-release lineage, surfaced on the authority's own tripwire
