SqueezeFS version 1.1.0 (1e916c8c774f / 1e916c8c774f010c7e64c1126a140dec798b1418) built 2026-08-29T18:16:56Z
======================================================================
  Mount Configuration Summary
----------------------------------------------------------------------
  Volume Name:         squeezefs
  Capacity:            13.64 TiB
  Block Size:          4.00 MiB
  Compression:         none
  Encryption:          none
----------------------------------------------------------------------
Metadata Volumes:
  - [enabled] /dev/nvme3n1 (health: 1000)
Data Volumes:
  - [enabled] /dev/nvme4n1 (health: 1000)
  - [enabled] /dev/nvme5n1 (health: 1000)
  - [enabled] /dev/nvme6n1 (health: 1000)
  - [enabled] /dev/nvme7n1 (health: 1000)
----------------------------------------------------------------------
Cache/Staging:
  Memory Cache Size:   1GB
  Disk Cache Size:     10GB
  Staging Paths:       /scratch/cache
----------------------------------------------------------------------
Mount Options:
  Mountpoint:          "/scratch/mnt-cw3"
  Writeback Cache:     enabled
  Allow Other:         enabled
======================================================================
Mounting as a CO-WRITER (DLM stage S9): this mount holds NO metadata authority — every metadata mutation ships to the authority that holds the D0 claim — and writes data only under custody that authority grants. Admission runs a five-rung ladder and refuses loudly naming the rung; see docs/operations.md §Multi-writer co-writer mounts.
[2026-08-29T18:33:53Z INFO  squeezefs::nvme_dev] data volume /dev/nvme4n1: write_cache=write-through (durability barrier: io_uring Fsync/DATASYNC per device, coalesced)
[2026-08-29T18:33:53Z INFO  squeezefs] writer-scoped staging ENGAGED: client scope w_e56e47de7cb413eb.m0cb1fc55 (staging generation "v3:7f190fb07bb24781bde82bef22a06520@node:e56e47de7cb413eb.m0cb1fc55") — staging keys carry the scope and this client's staging roots are bound to it
[2026-08-29T18:34:05Z INFO  squeezefs::cache::gds] GPU Direct Storage: No discrete GPU environment found. GDS bypassed.
[2026-08-29T18:34:05Z INFO  squeezefs::cache::nvme] staging init: discarded 16 read-cache segment file(s) (5368709120 B) from a previous session — read cache starts cold (block-key offsets are not incarnation-stable across mounts)
[2026-08-29T18:34:05Z INFO  squeezefs] Registering data volume 'nvme4n1' at path /dev/nvme4n1 (state active)
[2026-08-29T18:34:05Z INFO  squeezefs] Registering data volume 'nvme5n1' at path /dev/nvme5n1 (state active)
[2026-08-29T18:34:05Z INFO  squeezefs::nvme_dev] data volume /dev/nvme5n1: write_cache=write-through (durability barrier: io_uring Fsync/DATASYNC per device, coalesced)
[2026-08-29T18:34:05Z INFO  squeezefs] Registering data volume 'nvme6n1' at path /dev/nvme6n1 (state active)
[2026-08-29T18:34:05Z INFO  squeezefs::nvme_dev] data volume /dev/nvme6n1: write_cache=write-through (durability barrier: io_uring Fsync/DATASYNC per device, coalesced)
[2026-08-29T18:34:05Z INFO  squeezefs] Registering data volume 'nvme7n1' at path /dev/nvme7n1 (state active)
[2026-08-29T18:34:05Z INFO  squeezefs::nvme_dev] data volume /dev/nvme7n1: write_cache=write-through (durability barrier: io_uring Fsync/DATASYNC per device, coalesced)
[2026-08-29T18:34:05Z WARN  squeezefs::data_custody] data-plane WERO ADOPTED (co-located co-writer, 4 namespace(s), authority key 0x5c67da7cde453c55): this mount shares its authority's PR arbitration domain, so the standing hold is its fenceability evidence and NOTHING was registered — the stated honest residual (docs/operations.md §Multi-writer co-writer mounts): on this shape the metadata read-only half is enforced by this mount's own code, not by the device, and its death is proven by the same-host dead-pid ladder, never by a PR preempt
[2026-08-29T18:34:05Z INFO  squeezefs::membership] membership member 'node_e56e47de7cb413eb.m0cb1fc55' (writer) holds lease epoch 3 in term 2: owner deadline 45000 ms, MY deadline 42956 ms (T_owner − 2·skew_max − D_purge, anchored on my send instant), renewing every 10000 ms
[2026-08-29T18:34:05Z INFO  squeezefs::membership] membership MEMBER armed: writer 'node_e56e47de7cb413eb.m0cb1fc55' holds a lease from owner '58f38279-0826-4caa-a4b8-fa6907e8bb03' at 172.31.30.46:45667 — visible in `squeezefs clients` with ZERO metadata writes, and the same channel §6.8 item 3's freed-offset acknowledgements ride (DLM S6)
[2026-08-29T18:34:05Z WARN  squeezefs::cowriter] CO-WRITER ADMITTED (DLM S9) over 1 volume(s): node 'node_e56e47de7cb413eb.m0cb1fc55', authority claim '9b2086d8-eb34-420f-b21c-bd1138a8f624' in era 2, membership owner '58f38279-0826-4caa-a4b8-fa6907e8bb03' at 172.31.30.46:45667 (member epoch 3), custody at 172.31.30.46:45999, device registrant key 0x5c67da7cde453c55 on 4 namespace(s). This mount holds NO metadata authority — every metadata mutation ships — and writes data only under custody the authority grants
[2026-08-29T18:34:05Z INFO  squeezefs::meta_backend::kv::backend] meta volume /dev/nvme3n1: co-writer mount — a LOCAL exclusive holder (the authority's write mount, or a guarded offline verb) holds this volume on this host; the co-writer takes no lock and refuses nothing
[2026-08-29T18:34:05Z WARN  squeezefs::meta_backend::kv::backend] meta volume /dev/nvme3n1: mounted CO-WRITER (DLM S9) under authority claim '9b2086d8-eb34-420f-b21c-bd1138a8f624' (era 2). No writer_claim, no metadata-namespace reservation, no checkpoint task — this mount appends to none of this volume's single-appender structures and ships every metadata mutation. Guarantee class: co-writer
[2026-08-29T18:34:05Z INFO  squeezefs] meta volume /dev/nvme3n1: format=3 ledger_seq=38 replay_entries=0 replay_dropped_torn=0 replay_ms=31 free_extents=14304967 next_ino=2 meta_volume_atomicity=cow-checksummed meta_volume_atomicity_physical=unknown writer_guard_mode=co-writer
[2026-08-29T18:34:05Z INFO  squeezefs::fuse_client] Dynamic reclaim concurrency limit configured: 4
[2026-08-29T18:34:05Z INFO  squeezefs] co-writer mount: block-ownership recovery skipped entirely (this mount allocates nothing outside a granted lane and frees nothing locally; the walk's free-completing arm must never run on a snapshot view)
[2026-08-29T18:34:05Z INFO  squeezefs] co-writer mount: job fabric, job wire and the frag-gauge worker are NOT armed (maintenance coordination is the slot-0 volume owner's; this mount cannot write their durable records)
[2026-08-29T18:34:05Z INFO  squeezefs::multi_writer] multi-writer: this mount is a CO-WRITER (SQUEEZEFS_MW_ROLE=co-writer), so the AUTHORITY arm is not run — the co-writer arm installs the client halves of the same three planes (ownership + publish + custody) after its admission ladder passes
[2026-08-29T18:34:05Z WARN  squeezefs::meta_ship::owners] metadata function shipping ARMED (DLM S8): 0 of 1 volumes owned locally, 1 shipped to 1 peer(s) ["9b2086d8-eb34-420f-b21c-bd1138a8f624"]; 0 slots home locally. Metadata verbs on a foreign volume now travel to its owner; the DATA plane still refuses foreign-home custody loud (S9 ships that half)
[2026-08-29T18:34:05Z INFO  squeezefs::membership] membership member 'node_e56e47de7cb413eb.m0cb1fc55' (writer) holds lease epoch 3 in term 2: owner deadline 45000 ms, MY deadline 42956 ms (T_owner − 2·skew_max − D_purge, anchored on my send instant), renewing every 10000 ms
[2026-08-29T18:34:05Z INFO  squeezefs::dlm] fencing: durable writer term 2 adopted (was 0); every token this process mints now dominates every earlier era's (spec §6.7 decision 4)
[2026-08-29T18:34:05Z INFO  squeezefs::block_allocator] data-plane allocation partition engaged on volume 'nvme4n1': lane 1 of 16, reservation grain 96 blocks, 838189 block(s) of this device belong to other lanes (alloc_lane_stranded_bytes)
[2026-08-29T18:34:05Z WARN  squeezefs::alloc_lane_grant] data-plane allocation lane ENGAGED on volume 'nvme4n1': lane 1 of 16, resuming at block 1 (floor OPENED by the authority (this mount never walks)). Fresh allocation is this mount's residue class; frees stay lane-blind
[2026-08-29T18:34:05Z INFO  squeezefs::block_allocator] data-plane allocation partition engaged on volume 'nvme6n1': lane 1 of 16, reservation grain 96 blocks, 838189 block(s) of this device belong to other lanes (alloc_lane_stranded_bytes)
[2026-08-29T18:34:05Z WARN  squeezefs::alloc_lane_grant] data-plane allocation lane ENGAGED on volume 'nvme6n1': lane 1 of 16, resuming at block 1 (floor OPENED by the authority (this mount never walks)). Fresh allocation is this mount's residue class; frees stay lane-blind
[2026-08-29T18:34:05Z INFO  squeezefs::block_allocator] data-plane allocation partition engaged on volume 'nvme5n1': lane 1 of 16, reservation grain 96 blocks, 838189 block(s) of this device belong to other lanes (alloc_lane_stranded_bytes)
[2026-08-29T18:34:05Z WARN  squeezefs::alloc_lane_grant] data-plane allocation lane ENGAGED on volume 'nvme5n1': lane 1 of 16, resuming at block 1 (floor OPENED by the authority (this mount never walks)). Fresh allocation is this mount's residue class; frees stay lane-blind
[2026-08-29T18:34:05Z INFO  squeezefs::block_allocator] data-plane allocation partition engaged on volume 'nvme7n1': lane 1 of 16, reservation grain 96 blocks, 838189 block(s) of this device belong to other lanes (alloc_lane_stranded_bytes)
[2026-08-29T18:34:05Z WARN  squeezefs::alloc_lane_grant] data-plane allocation lane ENGAGED on volume 'nvme7n1': lane 1 of 16, resuming at block 1 (floor OPENED by the authority (this mount never walks)). Fresh allocation is this mount's residue class; frees stay lane-blind
[2026-08-29T18:34:05Z WARN  squeezefs::alloc_lane_grant] data-plane allocation lane ENGAGED on volume 'nvme4n1': lane 1 of 16, resuming at block 1 (floor OPENED by the authority (this mount never walks)). Fresh allocation is this mount's residue class; frees stay lane-blind
[2026-08-29T18:34:05Z WARN  squeezefs::cowriter] CO-WRITER ARMED (DLM S9): metadata verbs ship to '9b2086d8-eb34-420f-b21c-bd1138a8f624' at 172.31.30.46:45999, write custody is acquired there, fresh blocks are placed in allocation lane 1 of 16 (durable reservations committed by the authority ahead of every hand-out), and this mount's own free/reclaim accounting stays closed. Data DMA is authorized locally under the custody epoch — only custody travels, never data
[2026-08-29T18:34:05Z INFO  squeezefs] fleet jobs: member worker armed (KD-MW-16 — fleet read shards; SQUEEZEFS_FLEET_JOBS=0 opts out)
Mounting Squeezefs at "/scratch/mnt-cw3"...
[2026-08-29T18:34:05Z INFO  squeezefs::fuse_client] Transport payload-buffer cap: 2466 MiB (memory budget 19729 MiB)
[2026-08-29T18:34:05Z WARN  squeezefs::ipc_host] SQUEEZEFS_IPC_ALLOW_DEV is set — the KD-7 build-commit skew gate is RELAXED for this mount (degenerate `unknown`/`-dirty` identities will be admitted, counted in ipc_binds_dev_override). Dev boxes only: a mismatched daemon/shim pair is undefined behavior.
[2026-08-29T18:34:05Z INFO  squeezefs::ipc_host] ipc host: path ctl socket at /run/squeezefs/sqz-il0-4116-fa37a573.sock
[2026-08-29T18:34:05Z INFO  squeezefs::fuse_client] IPC session host armed (socket sqz-il0-4116-fa37a573, session shm cap 2466 MiB)
[2026-08-29T18:34:05Z INFO  squeezefs::fuse_client] SqueezeFS version 1.1.0 (1e916c8c774f / 1e916c8c774f010c7e64c1126a140dec798b1418) built 2026-08-29T18:16:56Z initializing mount
[2026-08-29T18:34:05Z INFO  squeezefs::fuse_client] FUSE Daemon: Mounting squeezefs at "/scratch/mnt-cw3"...
[2026-08-29T18:34:05Z INFO  squeezefs::fuse_client] FUSE Daemon: Metadata connection active.
[2026-08-29T18:34:05Z INFO  squeezefs::fuse_client] device-overlay armed: transport streaming holds enabled (SQUEEZEFS_DEVICE_OVERLAY)
[92mOK[0m Squeezefs is ready at "/scratch/mnt-cw3"
[2026-08-29T18:34:05Z INFO  squeezefs::fuse_client] FUSE Daemon: Initialized Squeezefs Filesystem mount (version 1.1.0 (1e916c8c774f / 1e916c8c774f010c7e64c1126a140dec798b1418) built 2026-08-29T18:16:56Z).
squeezefs: mount ready (version 1.1.0 (1e916c8c774f / 1e916c8c774f010c7e64c1126a140dec798b1418) built 2026-08-29T18:16:56Z, exe hint: rebuild target/release and reinstall)
[2026-08-29T18:34:05Z INFO  squeezefs::fuse_client] FUSE kernel protocol 7.45 (init flags 0x7ff73fffffb): FOPEN_NOFLUSH advertised + honored on non-writeback opens (kernel ≥ 7.35) (D2.a; under writeback cache the elision switch is the clean-FLUSH ENOSYS latch — uapi: NOFLUSH applies 'unless FUSE_WRITEBACK_CACHE'); UNKNOWN init capability bits 0x40000000000 advertised — investigate whether an atomic-open-class capability is among them (D2.d adoption follow-up)
squeezefs: FUSE kernel 7.45 — FOPEN_NOFLUSH advertised (wb-cache elision = clean-FLUSH ENOSYS latch); UNKNOWN init capability bits 0x40000000000 advertised — investigate whether an atomic-open-class capability is among them (D2.d adoption follow-up)
[2026-08-29T18:34:05Z INFO  squeezefs::fuse_client] FUSE_HANDLE_KILLPRIV_V2 negotiated (kernel killpriv probe deleted; daemon owns suid/sgid/caps clearing) for this mount
[2026-08-29T18:34:05Z INFO  squeezefs::fuse_client] IPC session host: mount st_dev resolved (61)
[2026-08-29T18:34:05Z INFO  squeezefs::fuse_client] co-writer mount: writeback flusher, extent-record recovery, fold worker and reclaim pool are NOT armed (nothing here can be dirty, staged or freed by this mount)
[2026-08-29T18:34:05Z WARN  squeezefs::ro_coherence] reader data plane armed (DLM S5): block allocation, terminal frees, device reclaim, the W1 in-place patch and in-place overwrites are all refused on this mount; the reclaim queue is latched halted
[2026-08-29T18:34:05Z INFO  squeezefs::meta_backend::kv::node_cache] node cache armed for coherent reads at checkpoint epoch 38 (tail 13017): cached nodes are dropped on every epoch step, and this mount may not write
[2026-08-29T18:34:05Z INFO  squeezefs::ro_coherence] reader coherence armed on 1/1 volume(s): staleness bound 2s (poll 1s + the writer's ≤1 s checkpoint ceiling), R-6 purge sink installed
[2026-08-29T18:34:05Z INFO  squeezefs::ro_coherence] reader revalidation armed: 1 volume(s), every 1s (the derived cadence — one ledger read per volume per pass; staleness bound 2s)
[2026-08-29T18:34:05Z WARN  fuse3::raw::connection::kmbuf] SQUEEZEFS_FUSE_ZC=1 declined: the kmbuf/zc io_uring surface is Absent on this kernel — continuing on the userspace-ent path (fuse3_zc_replies stays 0; the sqz kernel series carries the surface)
[2026-08-29T18:34:05Z INFO  fuse3::raw::connection::fuse_over_uring] fuse-over-uring queue-ring setup probe: SINGLE_ISSUER+DEFER_TASKRUN available
FUSE-over-io_uring registered: queues=32 depth=32 payload_sz=1048576 max_write=1048576 max_pages=256 buffers=user-ents kmbuf_ops=absent fd=320 sqpoll=off drain_groups=4(width<=8)
[2026-08-29T18:34:05Z INFO  fuse3::raw::connection::fuse_over_uring] FUSE-over-io_uring registered: queues=32 depth=32 payload_sz=1048576 max_write=1048576 max_pages=256 buffers=user-ents kmbuf_ops=absent fd=320 sqpoll=off drain_groups=4(width<=8)
FUSE-over-io_uring session path armed (ready=true, queues=32)
FUSE-over-io_uring transport armed for this session
[2026-08-29T18:34:05Z INFO  fuse3::raw::session] FUSE-over-io_uring transport armed for this session
FUSE-over-io_uring: classical sideband servicer armed (primary session; FORGET/INTERRUPT/resend + switchover stragglers)
[2026-08-29T18:34:05Z INFO  squeezefs::fleet_worker] fleet worker: member 'node_e56e47de7cb413eb.m0cb1fc55' enrolled at coordinator 172.31.30.46:33883 (KD-MW-16 fleet read shards)
[2026-08-29T18:35:14Z ERROR fuse3::raw::connection::fuse_over_uring] transport payload lease held 1008 ms (≥ 1 s) — overlong handler invocation or a §5.4 severance escape; watch transport_lease_overlong / transport_parked_commits
[2026-08-29T18:35:14Z ERROR fuse3::raw::connection::fuse_over_uring] transport payload lease held 1008 ms (≥ 1 s) — overlong handler invocation or a §5.4 severance escape; watch transport_lease_overlong / transport_parked_commits
[2026-08-29T18:35:14Z ERROR fuse3::raw::connection::fuse_over_uring] transport payload lease held 1009 ms (≥ 1 s) — overlong handler invocation or a §5.4 severance escape; watch transport_lease_overlong / transport_parked_commits
[2026-08-29T18:35:14Z ERROR fuse3::raw::connection::fuse_over_uring] transport payload lease held 1003 ms (≥ 1 s) — overlong handler invocation or a §5.4 severance escape; watch transport_lease_overlong / transport_parked_commits
[2026-08-29T18:35:14Z ERROR fuse3::raw::connection::fuse_over_uring] transport payload lease held 1002 ms (≥ 1 s) — overlong handler invocation or a §5.4 severance escape; watch transport_lease_overlong / transport_parked_commits
[2026-08-29T18:35:14Z ERROR fuse3::raw::connection::fuse_over_uring] transport payload lease held 1002 ms (≥ 1 s) — overlong handler invocation or a §5.4 severance escape; watch transport_lease_overlong / transport_parked_commits
[2026-08-29T18:35:14Z ERROR fuse3::raw::connection::fuse_over_uring] transport payload lease held 1002 ms (≥ 1 s) — overlong handler invocation or a §5.4 severance escape; watch transport_lease_overlong / transport_parked_commits
[2026-08-29T18:35:15Z ERROR fuse3::raw::connection::fuse_over_uring] transport payload lease held 1304 ms (≥ 1 s) — overlong handler invocation or a §5.4 severance escape; watch transport_lease_overlong / transport_parked_commits
[2026-08-29T18:35:15Z ERROR fuse3::raw::connection::fuse_over_uring] transport payload lease held 1296 ms (≥ 1 s) — overlong handler invocation or a §5.4 severance escape; watch transport_lease_overlong / transport_parked_commits
[2026-08-29T18:35:15Z ERROR fuse3::raw::connection::fuse_over_uring] transport payload lease held 1272 ms (≥ 1 s) — overlong handler invocation or a §5.4 severance escape; watch transport_lease_overlong / transport_parked_commits
[2026-08-29T18:35:15Z ERROR fuse3::raw::connection::fuse_over_uring] transport payload lease held 1272 ms (≥ 1 s) — overlong handler invocation or a §5.4 severance escape; watch transport_lease_overlong / transport_parked_commits
[2026-08-29T18:35:15Z ERROR fuse3::raw::connection::fuse_over_uring] transport payload lease held 1191 ms (≥ 1 s) — overlong handler invocation or a §5.4 severance escape; watch transport_lease_overlong / transport_parked_commits
[2026-08-29T18:35:25Z ERROR fuse3::raw::connection::fuse_over_uring] transport payload lease held 1008 ms (≥ 1 s) — overlong handler invocation or a §5.4 severance escape; watch transport_lease_overlong / transport_parked_commits
[2026-08-29T18:35:25Z ERROR fuse3::raw::connection::fuse_over_uring] transport payload lease held 1008 ms (≥ 1 s) — overlong handler invocation or a §5.4 severance escape; watch transport_lease_overlong / transport_parked_commits
[2026-08-29T18:35:25Z ERROR fuse3::raw::connection::fuse_over_uring] transport payload lease held 1008 ms (≥ 1 s) — overlong handler invocation or a §5.4 severance escape; watch transport_lease_overlong / transport_parked_commits
[2026-08-29T18:35:25Z ERROR fuse3::raw::connection::fuse_over_uring] transport payload lease held 1006 ms (≥ 1 s) — overlong handler invocation or a §5.4 severance escape; watch transport_lease_overlong / transport_parked_commits
[2026-08-29T18:35:25Z ERROR fuse3::raw::connection::fuse_over_uring] transport payload lease held 1011 ms (≥ 1 s) — overlong handler invocation or a §5.4 severance escape; watch transport_lease_overlong / transport_parked_commits
[2026-08-29T18:35:25Z ERROR fuse3::raw::connection::fuse_over_uring] transport payload lease held 1011 ms (≥ 1 s) — overlong handler invocation or a §5.4 severance escape; watch transport_lease_overlong / transport_parked_commits
[2026-08-29T18:35:25Z ERROR fuse3::raw::connection::fuse_over_uring] transport payload lease held 1011 ms (≥ 1 s) — overlong handler invocation or a §5.4 severance escape; watch transport_lease_overlong / transport_parked_commits
[2026-08-29T18:35:25Z ERROR fuse3::raw::connection::fuse_over_uring] transport payload lease held 1010 ms (≥ 1 s) — overlong handler invocation or a §5.4 severance escape; watch transport_lease_overlong / transport_parked_commits
[2026-08-29T18:35:25Z ERROR fuse3::raw::connection::fuse_over_uring] transport payload lease held 1051 ms (≥ 1 s) — overlong handler invocation or a §5.4 severance escape; watch transport_lease_overlong / transport_parked_commits
[2026-08-29T18:35:25Z ERROR fuse3::raw::connection::fuse_over_uring] transport payload lease held 1051 ms (≥ 1 s) — overlong handler invocation or a §5.4 severance escape; watch transport_lease_overlong / transport_parked_commits
[2026-08-29T18:35:25Z ERROR fuse3::raw::connection::fuse_over_uring] transport payload lease held 1051 ms (≥ 1 s) — overlong handler invocation or a §5.4 severance escape; watch transport_lease_overlong / transport_parked_commits
[2026-08-29T18:35:25Z ERROR fuse3::raw::connection::fuse_over_uring] transport payload lease held 1049 ms (≥ 1 s) — overlong handler invocation or a §5.4 severance escape; watch transport_lease_overlong / transport_parked_commits
[2026-08-29T18:35:25Z ERROR fuse3::raw::connection::fuse_over_uring] transport payload lease held 1058 ms (≥ 1 s) — overlong handler invocation or a §5.4 severance escape; watch transport_lease_overlong / transport_parked_commits
[2026-08-29T18:35:25Z ERROR fuse3::raw::connection::fuse_over_uring] transport payload lease held 1051 ms (≥ 1 s) — overlong handler invocation or a §5.4 severance escape; watch transport_lease_overlong / transport_parked_commits
[2026-08-29T18:35:25Z ERROR fuse3::raw::connection::fuse_over_uring] transport payload lease held 1041 ms (≥ 1 s) — overlong handler invocation or a §5.4 severance escape; watch transport_lease_overlong / transport_parked_commits
[2026-08-29T18:35:25Z ERROR fuse3::raw::connection::fuse_over_uring] transport payload lease held 1033 ms (≥ 1 s) — overlong handler invocation or a §5.4 severance escape; watch transport_lease_overlong / transport_parked_commits
[2026-08-29T18:35:25Z ERROR fuse3::raw::connection::fuse_over_uring] transport payload lease held 1379 ms (≥ 1 s) — overlong handler invocation or a §5.4 severance escape; watch transport_lease_overlong / transport_parked_commits
[2026-08-29T18:35:25Z ERROR fuse3::raw::connection::fuse_over_uring] transport payload lease held 1379 ms (≥ 1 s) — overlong handler invocation or a §5.4 severance escape; watch transport_lease_overlong / transport_parked_commits
[2026-08-29T18:35:25Z ERROR fuse3::raw::connection::fuse_over_uring] transport payload lease held 1376 ms (≥ 1 s) — overlong handler invocation or a §5.4 severance escape; watch transport_lease_overlong / transport_parked_commits
[2026-08-29T18:35:25Z ERROR fuse3::raw::connection::fuse_over_uring] transport payload lease held 1378 ms (≥ 1 s) — overlong handler invocation or a §5.4 severance escape; watch transport_lease_overlong / transport_parked_commits
[2026-08-29T18:35:26Z ERROR fuse3::raw::connection::fuse_over_uring] transport payload lease held 1037 ms (≥ 1 s) — overlong handler invocation or a §5.4 severance escape; watch transport_lease_overlong / transport_parked_commits
[2026-08-29T18:35:26Z ERROR fuse3::raw::connection::fuse_over_uring] transport payload lease held 1055 ms (≥ 1 s) — overlong handler invocation or a §5.4 severance escape; watch transport_lease_overlong / transport_parked_commits
[2026-08-29T18:35:26Z ERROR fuse3::raw::connection::fuse_over_uring] transport payload lease held 1037 ms (≥ 1 s) — overlong handler invocation or a §5.4 severance escape; watch transport_lease_overlong / transport_parked_commits
[2026-08-29T18:35:26Z ERROR fuse3::raw::connection::fuse_over_uring] transport payload lease held 1037 ms (≥ 1 s) — overlong handler invocation or a §5.4 severance escape; watch transport_lease_overlong / transport_parked_commits
[2026-08-29T18:35:30Z ERROR fuse3::raw::connection::fuse_over_uring] transport payload lease held 1149 ms (≥ 1 s) — overlong handler invocation or a §5.4 severance escape; watch transport_lease_overlong / transport_parked_commits
[2026-08-29T18:35:30Z ERROR fuse3::raw::connection::fuse_over_uring] transport payload lease held 1170 ms (≥ 1 s) — overlong handler invocation or a §5.4 severance escape; watch transport_lease_overlong / transport_parked_commits
[2026-08-29T18:35:30Z ERROR fuse3::raw::connection::fuse_over_uring] transport payload lease held 1178 ms (≥ 1 s) — overlong handler invocation or a §5.4 severance escape; watch transport_lease_overlong / transport_parked_commits
[2026-08-29T18:35:30Z ERROR fuse3::raw::connection::fuse_over_uring] transport payload lease held 1175 ms (≥ 1 s) — overlong handler invocation or a §5.4 severance escape; watch transport_lease_overlong / transport_parked_commits
[2026-08-29T18:35:30Z ERROR fuse3::raw::connection::fuse_over_uring] transport payload lease held 1163 ms (≥ 1 s) — overlong handler invocation or a §5.4 severance escape; watch transport_lease_overlong / transport_parked_commits
[2026-08-29T18:35:30Z ERROR fuse3::raw::connection::fuse_over_uring] transport payload lease held 1154 ms (≥ 1 s) — overlong handler invocation or a §5.4 severance escape; watch transport_lease_overlong / transport_parked_commits
[2026-08-29T18:35:30Z ERROR fuse3::raw::connection::fuse_over_uring] transport payload lease held 1154 ms (≥ 1 s) — overlong handler invocation or a §5.4 severance escape; watch transport_lease_overlong / transport_parked_commits
[2026-08-29T18:35:30Z ERROR fuse3::raw::connection::fuse_over_uring] transport payload lease held 1161 ms (≥ 1 s) — overlong handler invocation or a §5.4 severance escape; watch transport_lease_overlong / transport_parked_commits
[2026-08-29T18:35:30Z ERROR fuse3::raw::connection::fuse_over_uring] transport payload lease held 1154 ms (≥ 1 s) — overlong handler invocation or a §5.4 severance escape; watch transport_lease_overlong / transport_parked_commits
[2026-08-29T18:35:30Z ERROR fuse3::raw::connection::fuse_over_uring] transport payload lease held 1117 ms (≥ 1 s) — overlong handler invocation or a §5.4 severance escape; watch transport_lease_overlong / transport_parked_commits
[2026-08-29T18:35:30Z ERROR fuse3::raw::connection::fuse_over_uring] transport payload lease held 1117 ms (≥ 1 s) — overlong handler invocation or a §5.4 severance escape; watch transport_lease_overlong / transport_parked_commits
[2026-08-29T18:35:30Z ERROR fuse3::raw::connection::fuse_over_uring] transport payload lease held 1118 ms (≥ 1 s) — overlong handler invocation or a §5.4 severance escape; watch transport_lease_overlong / transport_parked_commits
[2026-08-29T18:35:30Z ERROR fuse3::raw::connection::fuse_over_uring] transport payload lease held 1111 ms (≥ 1 s) — overlong handler invocation or a §5.4 severance escape; watch transport_lease_overlong / transport_parked_commits
[2026-08-29T18:35:30Z ERROR fuse3::raw::connection::fuse_over_uring] transport payload lease held 1042 ms (≥ 1 s) — overlong handler invocation or a §5.4 severance escape; watch transport_lease_overlong / transport_parked_commits
[2026-08-29T18:35:30Z ERROR fuse3::raw::connection::fuse_over_uring] transport payload lease held 1003 ms (≥ 1 s) — overlong handler invocation or a §5.4 severance escape; watch transport_lease_overlong / transport_parked_commits
[2026-08-29T18:35:30Z ERROR fuse3::raw::connection::fuse_over_uring] transport payload lease held 1003 ms (≥ 1 s) — overlong handler invocation or a §5.4 severance escape; watch transport_lease_overlong / transport_parked_commits
[2026-08-29T18:35:30Z ERROR fuse3::raw::connection::fuse_over_uring] transport payload lease held 1003 ms (≥ 1 s) — overlong handler invocation or a §5.4 severance escape; watch transport_lease_overlong / transport_parked_commits
[2026-08-29T18:35:30Z ERROR fuse3::raw::connection::fuse_over_uring] transport payload lease held 1003 ms (≥ 1 s) — overlong handler invocation or a §5.4 severance escape; watch transport_lease_overlong / transport_parked_commits
[2026-08-29T18:35:30Z ERROR fuse3::raw::connection::fuse_over_uring] transport payload lease held 1001 ms (≥ 1 s) — overlong handler invocation or a §5.4 severance escape; watch transport_lease_overlong / transport_parked_commits
[2026-08-29T18:35:30Z ERROR fuse3::raw::connection::fuse_over_uring] transport payload lease held 1012 ms (≥ 1 s) — overlong handler invocation or a §5.4 severance escape; watch transport_lease_overlong / transport_parked_commits
[2026-08-29T18:35:30Z ERROR fuse3::raw::connection::fuse_over_uring] transport payload lease held 1002 ms (≥ 1 s) — overlong handler invocation or a §5.4 severance escape; watch transport_lease_overlong / transport_parked_commits
[2026-08-29T18:35:30Z ERROR fuse3::raw::connection::fuse_over_uring] transport payload lease held 1001 ms (≥ 1 s) — overlong handler invocation or a §5.4 severance escape; watch transport_lease_overlong / transport_parked_commits
[2026-08-29T18:35:30Z ERROR fuse3::raw::connection::fuse_over_uring] transport payload lease held 1001 ms (≥ 1 s) — overlong handler invocation or a §5.4 severance escape; watch transport_lease_overlong / transport_parked_commits
[2026-08-29T18:35:30Z ERROR fuse3::raw::connection::fuse_over_uring] transport payload lease held 1006 ms (≥ 1 s) — overlong handler invocation or a §5.4 severance escape; watch transport_lease_overlong / transport_parked_commits
[2026-08-29T18:35:30Z ERROR fuse3::raw::connection::fuse_over_uring] transport payload lease held 1006 ms (≥ 1 s) — overlong handler invocation or a §5.4 severance escape; watch transport_lease_overlong / transport_parked_commits
[2026-08-29T18:35:30Z ERROR fuse3::raw::connection::fuse_over_uring] transport payload lease held 1006 ms (≥ 1 s) — overlong handler invocation or a §5.4 severance escape; watch transport_lease_overlong / transport_parked_commits
[2026-08-29T18:35:30Z ERROR fuse3::raw::connection::fuse_over_uring] transport payload lease held 1002 ms (≥ 1 s) — overlong handler invocation or a §5.4 severance escape; watch transport_lease_overlong / transport_parked_commits
[2026-08-29T18:35:30Z ERROR fuse3::raw::connection::fuse_over_uring] transport payload lease held 1020 ms (≥ 1 s) — overlong handler invocation or a §5.4 severance escape; watch transport_lease_overlong / transport_parked_commits
[2026-08-29T18:35:30Z ERROR fuse3::raw::connection::fuse_over_uring] transport payload lease held 1013 ms (≥ 1 s) — overlong handler invocation or a §5.4 severance escape; watch transport_lease_overlong / transport_parked_commits
[2026-08-29T18:35:30Z ERROR fuse3::raw::connection::fuse_over_uring] transport payload lease held 1008 ms (≥ 1 s) — overlong handler invocation or a §5.4 severance escape; watch transport_lease_overlong / transport_parked_commits
[2026-08-29T18:35:30Z ERROR fuse3::raw::connection::fuse_over_uring] transport payload lease held 1013 ms (≥ 1 s) — overlong handler invocation or a §5.4 severance escape; watch transport_lease_overlong / transport_parked_commits
[2026-08-29T18:35:56Z ERROR fuse3::raw::connection::fuse_over_uring] transport payload lease held 1296 ms (≥ 1 s) — overlong handler invocation or a §5.4 severance escape; watch transport_lease_overlong / transport_parked_commits
[2026-08-29T18:35:56Z ERROR fuse3::raw::connection::fuse_over_uring] transport payload lease held 1288 ms (≥ 1 s) — overlong handler invocation or a §5.4 severance escape; watch transport_lease_overlong / transport_parked_commits
[2026-08-29T18:35:56Z ERROR fuse3::raw::connection::fuse_over_uring] transport payload lease held 1294 ms (≥ 1 s) — overlong handler invocation or a §5.4 severance escape; watch transport_lease_overlong / transport_parked_commits
[2026-08-29T18:35:56Z ERROR fuse3::raw::connection::fuse_over_uring] transport payload lease held 1274 ms (≥ 1 s) — overlong handler invocation or a §5.4 severance escape; watch transport_lease_overlong / transport_parked_commits
[2026-08-29T18:35:56Z ERROR fuse3::raw::connection::fuse_over_uring] transport payload lease held 1273 ms (≥ 1 s) — overlong handler invocation or a §5.4 severance escape; watch transport_lease_overlong / transport_parked_commits
[2026-08-29T18:35:56Z ERROR fuse3::raw::connection::fuse_over_uring] transport payload lease held 1274 ms (≥ 1 s) — overlong handler invocation or a §5.4 severance escape; watch transport_lease_overlong / transport_parked_commits
[2026-08-29T18:35:56Z ERROR fuse3::raw::connection::fuse_over_uring] transport payload lease held 1273 ms (≥ 1 s) — overlong handler invocation or a §5.4 severance escape; watch transport_lease_overlong / transport_parked_commits
[2026-08-29T18:35:56Z ERROR fuse3::raw::connection::fuse_over_uring] transport payload lease held 1246 ms (≥ 1 s) — overlong handler invocation or a §5.4 severance escape; watch transport_lease_overlong / transport_parked_commits
[2026-08-29T18:35:56Z ERROR fuse3::raw::connection::fuse_over_uring] transport payload lease held 1246 ms (≥ 1 s) — overlong handler invocation or a §5.4 severance escape; watch transport_lease_overlong / transport_parked_commits
[2026-08-29T18:35:56Z ERROR fuse3::raw::connection::fuse_over_uring] transport payload lease held 1245 ms (≥ 1 s) — overlong handler invocation or a §5.4 severance escape; watch transport_lease_overlong / transport_parked_commits
[2026-08-29T18:35:56Z ERROR fuse3::raw::connection::fuse_over_uring] transport payload lease held 1243 ms (≥ 1 s) — overlong handler invocation or a §5.4 severance escape; watch transport_lease_overlong / transport_parked_commits
[2026-08-29T18:35:56Z ERROR fuse3::raw::connection::fuse_over_uring] transport payload lease held 1209 ms (≥ 1 s) — overlong handler invocation or a §5.4 severance escape; watch transport_lease_overlong / transport_parked_commits
[2026-08-29T18:35:56Z ERROR fuse3::raw::connection::fuse_over_uring] transport payload lease held 1198 ms (≥ 1 s) — overlong handler invocation or a §5.4 severance escape; watch transport_lease_overlong / transport_parked_commits
[2026-08-29T18:35:56Z ERROR fuse3::raw::connection::fuse_over_uring] transport payload lease held 1198 ms (≥ 1 s) — overlong handler invocation or a §5.4 severance escape; watch transport_lease_overlong / transport_parked_commits
[2026-08-29T18:35:56Z ERROR fuse3::raw::connection::fuse_over_uring] transport payload lease held 1200 ms (≥ 1 s) — overlong handler invocation or a §5.4 severance escape; watch transport_lease_overlong / transport_parked_commits
[2026-08-29T18:35:56Z ERROR fuse3::raw::connection::fuse_over_uring] transport payload lease held 1187 ms (≥ 1 s) — overlong handler invocation or a §5.4 severance escape; watch transport_lease_overlong / transport_parked_commits
[2026-08-29T18:35:56Z ERROR fuse3::raw::connection::fuse_over_uring] transport payload lease held 1191 ms (≥ 1 s) — overlong handler invocation or a §5.4 severance escape; watch transport_lease_overlong / transport_parked_commits
[2026-08-29T18:35:56Z ERROR fuse3::raw::connection::fuse_over_uring] transport payload lease held 1185 ms (≥ 1 s) — overlong handler invocation or a §5.4 severance escape; watch transport_lease_overlong / transport_parked_commits
[2026-08-29T18:35:56Z ERROR fuse3::raw::connection::fuse_over_uring] transport payload lease held 1181 ms (≥ 1 s) — overlong handler invocation or a §5.4 severance escape; watch transport_lease_overlong / transport_parked_commits
[2026-08-29T18:35:56Z ERROR fuse3::raw::connection::fuse_over_uring] transport payload lease held 1153 ms (≥ 1 s) — overlong handler invocation or a §5.4 severance escape; watch transport_lease_overlong / transport_parked_commits
[2026-08-29T18:35:56Z ERROR fuse3::raw::connection::fuse_over_uring] transport payload lease held 1154 ms (≥ 1 s) — overlong handler invocation or a §5.4 severance escape; watch transport_lease_overlong / transport_parked_commits
[2026-08-29T18:35:56Z ERROR fuse3::raw::connection::fuse_over_uring] transport payload lease held 1154 ms (≥ 1 s) — overlong handler invocation or a §5.4 severance escape; watch transport_lease_overlong / transport_parked_commits
[2026-08-29T18:35:56Z ERROR fuse3::raw::connection::fuse_over_uring] transport payload lease held 1153 ms (≥ 1 s) — overlong handler invocation or a §5.4 severance escape; watch transport_lease_overlong / transport_parked_commits
[2026-08-29T18:35:56Z ERROR fuse3::raw::connection::fuse_over_uring] transport payload lease held 1100 ms (≥ 1 s) — overlong handler invocation or a §5.4 severance escape; watch transport_lease_overlong / transport_parked_commits
[2026-08-29T18:35:56Z ERROR fuse3::raw::connection::fuse_over_uring] transport payload lease held 1099 ms (≥ 1 s) — overlong handler invocation or a §5.4 severance escape; watch transport_lease_overlong / transport_parked_commits
[2026-08-29T18:35:56Z ERROR fuse3::raw::connection::fuse_over_uring] transport payload lease held 1099 ms (≥ 1 s) — overlong handler invocation or a §5.4 severance escape; watch transport_lease_overlong / transport_parked_commits
[2026-08-29T18:35:56Z ERROR fuse3::raw::connection::fuse_over_uring] transport payload lease held 1099 ms (≥ 1 s) — overlong handler invocation or a §5.4 severance escape; watch transport_lease_overlong / transport_parked_commits
[2026-08-29T18:35:56Z ERROR fuse3::raw::connection::fuse_over_uring] transport payload lease held 1057 ms (≥ 1 s) — overlong handler invocation or a §5.4 severance escape; watch transport_lease_overlong / transport_parked_commits
[2026-08-29T18:35:56Z ERROR fuse3::raw::connection::fuse_over_uring] transport payload lease held 1027 ms (≥ 1 s) — overlong handler invocation or a §5.4 severance escape; watch transport_lease_overlong / transport_parked_commits
[2026-08-29T18:35:56Z ERROR fuse3::raw::connection::fuse_over_uring] transport payload lease held 1027 ms (≥ 1 s) — overlong handler invocation or a §5.4 severance escape; watch transport_lease_overlong / transport_parked_commits
[2026-08-29T18:35:56Z ERROR fuse3::raw::connection::fuse_over_uring] transport payload lease held 1028 ms (≥ 1 s) — overlong handler invocation or a §5.4 severance escape; watch transport_lease_overlong / transport_parked_commits
[2026-08-29T18:35:57Z ERROR fuse3::raw::connection::fuse_over_uring] transport payload lease held 1151 ms (≥ 1 s) — overlong handler invocation or a §5.4 severance escape; watch transport_lease_overlong / transport_parked_commits
[2026-08-29T18:35:57Z ERROR fuse3::raw::connection::fuse_over_uring] transport payload lease held 1166 ms (≥ 1 s) — overlong handler invocation or a §5.4 severance escape; watch transport_lease_overlong / transport_parked_commits
[2026-08-29T18:35:57Z ERROR fuse3::raw::connection::fuse_over_uring] transport payload lease held 1166 ms (≥ 1 s) — overlong handler invocation or a §5.4 severance escape; watch transport_lease_overlong / transport_parked_commits
[2026-08-29T18:35:57Z ERROR fuse3::raw::connection::fuse_over_uring] transport payload lease held 1166 ms (≥ 1 s) — overlong handler invocation or a §5.4 severance escape; watch transport_lease_overlong / transport_parked_commits
[2026-08-29T18:35:57Z ERROR fuse3::raw::connection::fuse_over_uring] transport payload lease held 1166 ms (≥ 1 s) — overlong handler invocation or a §5.4 severance escape; watch transport_lease_overlong / transport_parked_commits
[2026-08-29T18:35:57Z ERROR fuse3::raw::connection::fuse_over_uring] transport payload lease held 1152 ms (≥ 1 s) — overlong handler invocation or a §5.4 severance escape; watch transport_lease_overlong / transport_parked_commits
[2026-08-29T18:35:57Z ERROR fuse3::raw::connection::fuse_over_uring] transport payload lease held 1165 ms (≥ 1 s) — overlong handler invocation or a §5.4 severance escape; watch transport_lease_overlong / transport_parked_commits
[2026-08-29T18:35:57Z ERROR fuse3::raw::connection::fuse_over_uring] transport payload lease held 1165 ms (≥ 1 s) — overlong handler invocation or a §5.4 severance escape; watch transport_lease_overlong / transport_parked_commits
[2026-08-29T18:35:57Z ERROR fuse3::raw::connection::fuse_over_uring] transport payload lease held 1165 ms (≥ 1 s) — overlong handler invocation or a §5.4 severance escape; watch transport_lease_overlong / transport_parked_commits
[2026-08-29T18:35:57Z ERROR fuse3::raw::connection::fuse_over_uring] transport payload lease held 1179 ms (≥ 1 s) — overlong handler invocation or a §5.4 severance escape; watch transport_lease_overlong / transport_parked_commits
[2026-08-29T18:35:57Z ERROR fuse3::raw::connection::fuse_over_uring] transport payload lease held 1180 ms (≥ 1 s) — overlong handler invocation or a §5.4 severance escape; watch transport_lease_overlong / transport_parked_commits
[2026-08-29T18:35:57Z ERROR fuse3::raw::connection::fuse_over_uring] transport payload lease held 1175 ms (≥ 1 s) — overlong handler invocation or a §5.4 severance escape; watch transport_lease_overlong / transport_parked_commits
[2026-08-29T18:35:57Z ERROR fuse3::raw::connection::fuse_over_uring] transport payload lease held 1174 ms (≥ 1 s) — overlong handler invocation or a §5.4 severance escape; watch transport_lease_overlong / transport_parked_commits
[2026-08-29T18:35:57Z ERROR fuse3::raw::connection::fuse_over_uring] transport payload lease held 1182 ms (≥ 1 s) — overlong handler invocation or a §5.4 severance escape; watch transport_lease_overlong / transport_parked_commits
[2026-08-29T18:35:57Z ERROR fuse3::raw::connection::fuse_over_uring] transport payload lease held 1182 ms (≥ 1 s) — overlong handler invocation or a §5.4 severance escape; watch transport_lease_overlong / transport_parked_commits
[2026-08-29T18:35:57Z ERROR fuse3::raw::connection::fuse_over_uring] transport payload lease held 1180 ms (≥ 1 s) — overlong handler invocation or a §5.4 severance escape; watch transport_lease_overlong / transport_parked_commits
[2026-08-29T18:35:57Z ERROR fuse3::raw::connection::fuse_over_uring] transport payload lease held 1176 ms (≥ 1 s) — overlong handler invocation or a §5.4 severance escape; watch transport_lease_overlong / transport_parked_commits
[2026-08-29T18:35:57Z ERROR fuse3::raw::connection::fuse_over_uring] transport payload lease held 1171 ms (≥ 1 s) — overlong handler invocation or a §5.4 severance escape; watch transport_lease_overlong / transport_parked_commits
[2026-08-29T18:35:57Z ERROR fuse3::raw::connection::fuse_over_uring] transport payload lease held 1184 ms (≥ 1 s) — overlong handler invocation or a §5.4 severance escape; watch transport_lease_overlong / transport_parked_commits
[2026-08-29T18:35:57Z ERROR fuse3::raw::connection::fuse_over_uring] transport payload lease held 1182 ms (≥ 1 s) — overlong handler invocation or a §5.4 severance escape; watch transport_lease_overlong / transport_parked_commits
[2026-08-29T18:35:57Z ERROR fuse3::raw::connection::fuse_over_uring] transport payload lease held 1182 ms (≥ 1 s) — overlong handler invocation or a §5.4 severance escape; watch transport_lease_overlong / transport_parked_commits
[2026-08-29T18:35:57Z ERROR fuse3::raw::connection::fuse_over_uring] transport payload lease held 1183 ms (≥ 1 s) — overlong handler invocation or a §5.4 severance escape; watch transport_lease_overlong / transport_parked_commits
[2026-08-29T18:35:57Z ERROR fuse3::raw::connection::fuse_over_uring] transport payload lease held 1139 ms (≥ 1 s) — overlong handler invocation or a §5.4 severance escape; watch transport_lease_overlong / transport_parked_commits
[2026-08-29T18:35:57Z ERROR fuse3::raw::connection::fuse_over_uring] transport payload lease held 1039 ms (≥ 1 s) — overlong handler invocation or a §5.4 severance escape; watch transport_lease_overlong / transport_parked_commits
[2026-08-29T18:35:57Z ERROR fuse3::raw::connection::fuse_over_uring] transport payload lease held 1050 ms (≥ 1 s) — overlong handler invocation or a §5.4 severance escape; watch transport_lease_overlong / transport_parked_commits
[2026-08-29T18:35:57Z ERROR fuse3::raw::connection::fuse_over_uring] transport payload lease held 1047 ms (≥ 1 s) — overlong handler invocation or a §5.4 severance escape; watch transport_lease_overlong / transport_parked_commits
[2026-08-29T18:35:57Z ERROR fuse3::raw::connection::fuse_over_uring] transport payload lease held 1051 ms (≥ 1 s) — overlong handler invocation or a §5.4 severance escape; watch transport_lease_overlong / transport_parked_commits
[2026-08-29T18:35:57Z ERROR fuse3::raw::connection::fuse_over_uring] transport payload lease held 1049 ms (≥ 1 s) — overlong handler invocation or a §5.4 severance escape; watch transport_lease_overlong / transport_parked_commits
[2026-08-29T18:35:57Z ERROR fuse3::raw::connection::fuse_over_uring] transport payload lease held 1063 ms (≥ 1 s) — overlong handler invocation or a §5.4 severance escape; watch transport_lease_overlong / transport_parked_commits
[2026-08-29T18:35:57Z ERROR fuse3::raw::connection::fuse_over_uring] transport payload lease held 1063 ms (≥ 1 s) — overlong handler invocation or a §5.4 severance escape; watch transport_lease_overlong / transport_parked_commits
[2026-08-29T18:35:57Z ERROR fuse3::raw::connection::fuse_over_uring] transport payload lease held 1063 ms (≥ 1 s) — overlong handler invocation or a §5.4 severance escape; watch transport_lease_overlong / transport_parked_commits
[2026-08-29T18:35:57Z ERROR fuse3::raw::connection::fuse_over_uring] transport payload lease held 1063 ms (≥ 1 s) — overlong handler invocation or a §5.4 severance escape; watch transport_lease_overlong / transport_parked_commits
[2026-08-29T18:35:57Z ERROR fuse3::raw::connection::fuse_over_uring] transport payload lease held 1057 ms (≥ 1 s) — overlong handler invocation or a §5.4 severance escape; watch transport_lease_overlong / transport_parked_commits
[2026-08-29T18:35:57Z ERROR fuse3::raw::connection::fuse_over_uring] transport payload lease held 1057 ms (≥ 1 s) — overlong handler invocation or a §5.4 severance escape; watch transport_lease_overlong / transport_parked_commits
[2026-08-29T18:35:57Z ERROR fuse3::raw::connection::fuse_over_uring] transport payload lease held 1057 ms (≥ 1 s) — overlong handler invocation or a §5.4 severance escape; watch transport_lease_overlong / transport_parked_commits
[2026-08-29T18:35:57Z ERROR fuse3::raw::connection::fuse_over_uring] transport payload lease held 1058 ms (≥ 1 s) — overlong handler invocation or a §5.4 severance escape; watch transport_lease_overlong / transport_parked_commits
[2026-08-29T18:35:57Z ERROR fuse3::raw::connection::fuse_over_uring] transport payload lease held 1057 ms (≥ 1 s) — overlong handler invocation or a §5.4 severance escape; watch transport_lease_overlong / transport_parked_commits
[2026-08-29T18:35:57Z ERROR fuse3::raw::connection::fuse_over_uring] transport payload lease held 1058 ms (≥ 1 s) — overlong handler invocation or a §5.4 severance escape; watch transport_lease_overlong / transport_parked_commits
[2026-08-29T18:35:57Z ERROR fuse3::raw::connection::fuse_over_uring] transport payload lease held 1054 ms (≥ 1 s) — overlong handler invocation or a §5.4 severance escape; watch transport_lease_overlong / transport_parked_commits
[2026-08-29T18:35:57Z ERROR fuse3::raw::connection::fuse_over_uring] transport payload lease held 1041 ms (≥ 1 s) — overlong handler invocation or a §5.4 severance escape; watch transport_lease_overlong / transport_parked_commits
[2026-08-29T18:35:57Z ERROR fuse3::raw::connection::fuse_over_uring] transport payload lease held 1041 ms (≥ 1 s) — overlong handler invocation or a §5.4 severance escape; watch transport_lease_overlong / transport_parked_commits
[2026-08-29T18:35:57Z ERROR fuse3::raw::connection::fuse_over_uring] transport payload lease held 1041 ms (≥ 1 s) — overlong handler invocation or a §5.4 severance escape; watch transport_lease_overlong / transport_parked_commits
[2026-08-29T18:35:57Z ERROR fuse3::raw::connection::fuse_over_uring] transport payload lease held 1041 ms (≥ 1 s) — overlong handler invocation or a §5.4 severance escape; watch transport_lease_overlong / transport_parked_commits
[2026-08-29T18:35:57Z ERROR fuse3::raw::connection::fuse_over_uring] transport payload lease held 1026 ms (≥ 1 s) — overlong handler invocation or a §5.4 severance escape; watch transport_lease_overlong / transport_parked_commits
[2026-08-29T18:35:57Z ERROR fuse3::raw::connection::fuse_over_uring] transport payload lease held 1025 ms (≥ 1 s) — overlong handler invocation or a §5.4 severance escape; watch transport_lease_overlong / transport_parked_commits
[2026-08-29T18:35:57Z ERROR fuse3::raw::connection::fuse_over_uring] transport payload lease held 1025 ms (≥ 1 s) — overlong handler invocation or a §5.4 severance escape; watch transport_lease_overlong / transport_parked_commits
[2026-08-29T18:35:57Z ERROR fuse3::raw::connection::fuse_over_uring] transport payload lease held 1025 ms (≥ 1 s) — overlong handler invocation or a §5.4 severance escape; watch transport_lease_overlong / transport_parked_commits
[2026-08-29T18:35:57Z ERROR fuse3::raw::connection::fuse_over_uring] transport payload lease held 1023 ms (≥ 1 s) — overlong handler invocation or a §5.4 severance escape; watch transport_lease_overlong / transport_parked_commits
[2026-08-29T18:35:57Z ERROR fuse3::raw::connection::fuse_over_uring] transport payload lease held 1030 ms (≥ 1 s) — overlong handler invocation or a §5.4 severance escape; watch transport_lease_overlong / transport_parked_commits
[2026-08-29T18:35:57Z ERROR fuse3::raw::connection::fuse_over_uring] transport payload lease held 1030 ms (≥ 1 s) — overlong handler invocation or a §5.4 severance escape; watch transport_lease_overlong / transport_parked_commits
[2026-08-29T18:35:57Z ERROR fuse3::raw::connection::fuse_over_uring] transport payload lease held 1027 ms (≥ 1 s) — overlong handler invocation or a §5.4 severance escape; watch transport_lease_overlong / transport_parked_commits
[2026-08-29T18:35:57Z ERROR fuse3::raw::connection::fuse_over_uring] transport payload lease held 1032 ms (≥ 1 s) — overlong handler invocation or a §5.4 severance escape; watch transport_lease_overlong / transport_parked_commits
[2026-08-29T18:35:57Z ERROR fuse3::raw::connection::fuse_over_uring] transport payload lease held 1032 ms (≥ 1 s) — overlong handler invocation or a §5.4 severance escape; watch transport_lease_overlong / transport_parked_commits
[2026-08-29T18:35:57Z ERROR fuse3::raw::connection::fuse_over_uring] transport payload lease held 1032 ms (≥ 1 s) — overlong handler invocation or a §5.4 severance escape; watch transport_lease_overlong / transport_parked_commits
[2026-08-29T18:35:57Z ERROR fuse3::raw::connection::fuse_over_uring] transport payload lease held 1032 ms (≥ 1 s) — overlong handler invocation or a §5.4 severance escape; watch transport_lease_overlong / transport_parked_commits
[2026-08-29T18:35:57Z ERROR fuse3::raw::connection::fuse_over_uring] transport payload lease held 1019 ms (≥ 1 s) — overlong handler invocation or a §5.4 severance escape; watch transport_lease_overlong / transport_parked_commits
[2026-08-29T18:35:57Z ERROR fuse3::raw::connection::fuse_over_uring] transport payload lease held 1018 ms (≥ 1 s) — overlong handler invocation or a §5.4 severance escape; watch transport_lease_overlong / transport_parked_commits
[2026-08-29T18:35:57Z ERROR fuse3::raw::connection::fuse_over_uring] transport payload lease held 1018 ms (≥ 1 s) — overlong handler invocation or a §5.4 severance escape; watch transport_lease_overlong / transport_parked_commits
[2026-08-29T18:35:57Z ERROR fuse3::raw::connection::fuse_over_uring] transport payload lease held 1018 ms (≥ 1 s) — overlong handler invocation or a §5.4 severance escape; watch transport_lease_overlong / transport_parked_commits
[2026-08-29T18:36:06Z ERROR fuse3::raw::connection::fuse_over_uring] transport payload lease held 1181 ms (≥ 1 s) — overlong handler invocation or a §5.4 severance escape; watch transport_lease_overlong / transport_parked_commits
[2026-08-29T18:36:06Z ERROR fuse3::raw::connection::fuse_over_uring] transport payload lease held 1199 ms (≥ 1 s) — overlong handler invocation or a §5.4 severance escape; watch transport_lease_overlong / transport_parked_commits
[2026-08-29T18:36:06Z ERROR fuse3::raw::connection::fuse_over_uring] transport payload lease held 1172 ms (≥ 1 s) — overlong handler invocation or a §5.4 severance escape; watch transport_lease_overlong / transport_parked_commits
[2026-08-29T18:36:06Z ERROR fuse3::raw::connection::fuse_over_uring] transport payload lease held 1172 ms (≥ 1 s) — overlong handler invocation or a §5.4 severance escape; watch transport_lease_overlong / transport_parked_commits
[2026-08-29T18:36:06Z ERROR fuse3::raw::connection::fuse_over_uring] transport payload lease held 1173 ms (≥ 1 s) — overlong handler invocation or a §5.4 severance escape; watch transport_lease_overlong / transport_parked_commits
[2026-08-29T18:36:06Z ERROR fuse3::raw::connection::fuse_over_uring] transport payload lease held 1165 ms (≥ 1 s) — overlong handler invocation or a §5.4 severance escape; watch transport_lease_overlong / transport_parked_commits
[2026-08-29T18:36:06Z ERROR fuse3::raw::connection::fuse_over_uring] transport payload lease held 1120 ms (≥ 1 s) — overlong handler invocation or a §5.4 severance escape; watch transport_lease_overlong / transport_parked_commits
[2026-08-29T18:36:06Z ERROR fuse3::raw::connection::fuse_over_uring] transport payload lease held 1111 ms (≥ 1 s) — overlong handler invocation or a §5.4 severance escape; watch transport_lease_overlong / transport_parked_commits
[2026-08-29T18:36:06Z ERROR fuse3::raw::connection::fuse_over_uring] transport payload lease held 1099 ms (≥ 1 s) — overlong handler invocation or a §5.4 severance escape; watch transport_lease_overlong / transport_parked_commits
[2026-08-29T18:36:06Z ERROR fuse3::raw::connection::fuse_over_uring] transport payload lease held 1100 ms (≥ 1 s) — overlong handler invocation or a §5.4 severance escape; watch transport_lease_overlong / transport_parked_commits
[2026-08-29T18:36:07Z ERROR fuse3::raw::connection::fuse_over_uring] transport payload lease held 1113 ms (≥ 1 s) — overlong handler invocation or a §5.4 severance escape; watch transport_lease_overlong / transport_parked_commits
[2026-08-29T18:36:07Z ERROR fuse3::raw::connection::fuse_over_uring] transport payload lease held 1111 ms (≥ 1 s) — overlong handler invocation or a §5.4 severance escape; watch transport_lease_overlong / transport_parked_commits
[2026-08-29T18:36:07Z ERROR fuse3::raw::connection::fuse_over_uring] transport payload lease held 1117 ms (≥ 1 s) — overlong handler invocation or a §5.4 severance escape; watch transport_lease_overlong / transport_parked_commits
[2026-08-29T18:36:07Z ERROR fuse3::raw::connection::fuse_over_uring] transport payload lease held 1100 ms (≥ 1 s) — overlong handler invocation or a §5.4 severance escape; watch transport_lease_overlong / transport_parked_commits
[2026-08-29T18:36:07Z ERROR fuse3::raw::connection::fuse_over_uring] transport payload lease held 1073 ms (≥ 1 s) — overlong handler invocation or a §5.4 severance escape; watch transport_lease_overlong / transport_parked_commits
[2026-08-29T18:36:07Z ERROR fuse3::raw::connection::fuse_over_uring] transport payload lease held 1068 ms (≥ 1 s) — overlong handler invocation or a §5.4 severance escape; watch transport_lease_overlong / transport_parked_commits
[2026-08-29T18:36:07Z ERROR fuse3::raw::connection::fuse_over_uring] transport payload lease held 1069 ms (≥ 1 s) — overlong handler invocation or a §5.4 severance escape; watch transport_lease_overlong / transport_parked_commits
[2026-08-29T18:36:07Z ERROR fuse3::raw::connection::fuse_over_uring] transport payload lease held 1030 ms (≥ 1 s) — overlong handler invocation or a §5.4 severance escape; watch transport_lease_overlong / transport_parked_commits
[2026-08-29T18:36:07Z ERROR fuse3::raw::connection::fuse_over_uring] transport payload lease held 1031 ms (≥ 1 s) — overlong handler invocation or a §5.4 severance escape; watch transport_lease_overlong / transport_parked_commits
[2026-08-29T18:36:07Z ERROR fuse3::raw::connection::fuse_over_uring] transport payload lease held 1029 ms (≥ 1 s) — overlong handler invocation or a §5.4 severance escape; watch transport_lease_overlong / transport_parked_commits
[2026-08-29T18:36:07Z ERROR fuse3::raw::connection::fuse_over_uring] transport payload lease held 1022 ms (≥ 1 s) — overlong handler invocation or a §5.4 severance escape; watch transport_lease_overlong / transport_parked_commits
[2026-08-29T18:36:07Z ERROR fuse3::raw::connection::fuse_over_uring] transport payload lease held 1014 ms (≥ 1 s) — overlong handler invocation or a §5.4 severance escape; watch transport_lease_overlong / transport_parked_commits
[2026-08-29T18:36:10Z ERROR fuse3::raw::connection::fuse_over_uring] transport payload lease held 1011 ms (≥ 1 s) — overlong handler invocation or a §5.4 severance escape; watch transport_lease_overlong / transport_parked_commits
[2026-08-29T18:36:10Z ERROR fuse3::raw::connection::fuse_over_uring] transport payload lease held 1011 ms (≥ 1 s) — overlong handler invocation or a §5.4 severance escape; watch transport_lease_overlong / transport_parked_commits
[2026-08-29T18:36:10Z ERROR fuse3::raw::connection::fuse_over_uring] transport payload lease held 1010 ms (≥ 1 s) — overlong handler invocation or a §5.4 severance escape; watch transport_lease_overlong / transport_parked_commits
[2026-08-29T18:36:10Z ERROR fuse3::raw::connection::fuse_over_uring] transport payload lease held 1010 ms (≥ 1 s) — overlong handler invocation or a §5.4 severance escape; watch transport_lease_overlong / transport_parked_commits
[2026-08-29T18:36:12Z ERROR squeezefs::fuse_client] Squeezefs operational error: Refused { errno: 5, msg: "Lock expired or invalid fencing token: 2199023267772 (expected >= 2199023267773)" }
[2026-08-29T18:36:17Z ERROR fuse3::raw::connection::fuse_over_uring] transport payload lease held 1113 ms (≥ 1 s) — overlong handler invocation or a §5.4 severance escape; watch transport_lease_overlong / transport_parked_commits
[2026-08-29T18:36:17Z ERROR fuse3::raw::connection::fuse_over_uring] transport payload lease held 1110 ms (≥ 1 s) — overlong handler invocation or a §5.4 severance escape; watch transport_lease_overlong / transport_parked_commits
[2026-08-29T18:36:17Z ERROR fuse3::raw::connection::fuse_over_uring] transport payload lease held 1109 ms (≥ 1 s) — overlong handler invocation or a §5.4 severance escape; watch transport_lease_overlong / transport_parked_commits
[2026-08-29T18:36:17Z ERROR fuse3::raw::connection::fuse_over_uring] transport payload lease held 1095 ms (≥ 1 s) — overlong handler invocation or a §5.4 severance escape; watch transport_lease_overlong / transport_parked_commits
[2026-08-29T18:36:17Z ERROR fuse3::raw::connection::fuse_over_uring] transport payload lease held 1138 ms (≥ 1 s) — overlong handler invocation or a §5.4 severance escape; watch transport_lease_overlong / transport_parked_commits
[2026-08-29T18:36:17Z ERROR fuse3::raw::connection::fuse_over_uring] transport payload lease held 1311 ms (≥ 1 s) — overlong handler invocation or a §5.4 severance escape; watch transport_lease_overlong / transport_parked_commits
[2026-08-29T18:36:17Z ERROR fuse3::raw::connection::fuse_over_uring] transport payload lease held 1310 ms (≥ 1 s) — overlong handler invocation or a §5.4 severance escape; watch transport_lease_overlong / transport_parked_commits
[2026-08-29T18:36:17Z ERROR fuse3::raw::connection::fuse_over_uring] transport payload lease held 1310 ms (≥ 1 s) — overlong handler invocation or a §5.4 severance escape; watch transport_lease_overlong / transport_parked_commits
[2026-08-29T18:36:17Z ERROR fuse3::raw::connection::fuse_over_uring] transport payload lease held 1299 ms (≥ 1 s) — overlong handler invocation or a §5.4 severance escape; watch transport_lease_overlong / transport_parked_commits
[2026-08-29T18:36:17Z ERROR fuse3::raw::connection::fuse_over_uring] transport payload lease held 1207 ms (≥ 1 s) — overlong handler invocation or a §5.4 severance escape; watch transport_lease_overlong / transport_parked_commits
[2026-08-29T18:36:17Z ERROR fuse3::raw::connection::fuse_over_uring] transport payload lease held 1207 ms (≥ 1 s) — overlong handler invocation or a §5.4 severance escape; watch transport_lease_overlong / transport_parked_commits
[2026-08-29T18:36:17Z ERROR fuse3::raw::connection::fuse_over_uring] transport payload lease held 1208 ms (≥ 1 s) — overlong handler invocation or a §5.4 severance escape; watch transport_lease_overlong / transport_parked_commits
[2026-08-29T18:36:17Z ERROR fuse3::raw::connection::fuse_over_uring] transport payload lease held 1208 ms (≥ 1 s) — overlong handler invocation or a §5.4 severance escape; watch transport_lease_overlong / transport_parked_commits
[2026-08-29T18:36:17Z ERROR fuse3::raw::connection::fuse_over_uring] transport payload lease held 1204 ms (≥ 1 s) — overlong handler invocation or a §5.4 severance escape; watch transport_lease_overlong / transport_parked_commits
[2026-08-29T18:36:17Z ERROR fuse3::raw::connection::fuse_over_uring] transport payload lease held 1205 ms (≥ 1 s) — overlong handler invocation or a §5.4 severance escape; watch transport_lease_overlong / transport_parked_commits
[2026-08-29T18:36:17Z ERROR fuse3::raw::connection::fuse_over_uring] transport payload lease held 1205 ms (≥ 1 s) — overlong handler invocation or a §5.4 severance escape; watch transport_lease_overlong / transport_parked_commits
[2026-08-29T18:36:17Z ERROR fuse3::raw::connection::fuse_over_uring] transport payload lease held 1264 ms (≥ 1 s) — overlong handler invocation or a §5.4 severance escape; watch transport_lease_overlong / transport_parked_commits
[2026-08-29T18:36:17Z ERROR fuse3::raw::connection::fuse_over_uring] transport payload lease held 1264 ms (≥ 1 s) — overlong handler invocation or a §5.4 severance escape; watch transport_lease_overlong / transport_parked_commits
[2026-08-29T18:36:17Z ERROR fuse3::raw::connection::fuse_over_uring] transport payload lease held 1264 ms (≥ 1 s) — overlong handler invocation or a §5.4 severance escape; watch transport_lease_overlong / transport_parked_commits
[2026-08-29T18:36:17Z ERROR fuse3::raw::connection::fuse_over_uring] transport payload lease held 1264 ms (≥ 1 s) — overlong handler invocation or a §5.4 severance escape; watch transport_lease_overlong / transport_parked_commits
[2026-08-29T18:36:17Z ERROR fuse3::raw::connection::fuse_over_uring] transport payload lease held 1200 ms (≥ 1 s) — overlong handler invocation or a §5.4 severance escape; watch transport_lease_overlong / transport_parked_commits
[2026-08-29T18:36:17Z ERROR fuse3::raw::connection::fuse_over_uring] transport payload lease held 1200 ms (≥ 1 s) — overlong handler invocation or a §5.4 severance escape; watch transport_lease_overlong / transport_parked_commits
[2026-08-29T18:36:17Z ERROR fuse3::raw::connection::fuse_over_uring] transport payload lease held 1200 ms (≥ 1 s) — overlong handler invocation or a §5.4 severance escape; watch transport_lease_overlong / transport_parked_commits
[2026-08-29T18:36:17Z ERROR fuse3::raw::connection::fuse_over_uring] transport payload lease held 1200 ms (≥ 1 s) — overlong handler invocation or a §5.4 severance escape; watch transport_lease_overlong / transport_parked_commits
[2026-08-29T18:36:17Z ERROR fuse3::raw::connection::fuse_over_uring] transport payload lease held 1208 ms (≥ 1 s) — overlong handler invocation or a §5.4 severance escape; watch transport_lease_overlong / transport_parked_commits
[2026-08-29T18:36:17Z ERROR fuse3::raw::connection::fuse_over_uring] transport payload lease held 1208 ms (≥ 1 s) — overlong handler invocation or a §5.4 severance escape; watch transport_lease_overlong / transport_parked_commits
[2026-08-29T18:36:17Z ERROR fuse3::raw::connection::fuse_over_uring] transport payload lease held 1206 ms (≥ 1 s) — overlong handler invocation or a §5.4 severance escape; watch transport_lease_overlong / transport_parked_commits
[2026-08-29T18:36:17Z ERROR fuse3::raw::connection::fuse_over_uring] transport payload lease held 1270 ms (≥ 1 s) — overlong handler invocation or a §5.4 severance escape; watch transport_lease_overlong / transport_parked_commits
[2026-08-29T18:36:17Z ERROR fuse3::raw::connection::fuse_over_uring] transport payload lease held 1269 ms (≥ 1 s) — overlong handler invocation or a §5.4 severance escape; watch transport_lease_overlong / transport_parked_commits
[2026-08-29T18:36:17Z ERROR fuse3::raw::connection::fuse_over_uring] transport payload lease held 1269 ms (≥ 1 s) — overlong handler invocation or a §5.4 severance escape; watch transport_lease_overlong / transport_parked_commits
[2026-08-29T18:36:17Z ERROR fuse3::raw::connection::fuse_over_uring] transport payload lease held 1271 ms (≥ 1 s) — overlong handler invocation or a §5.4 severance escape; watch transport_lease_overlong / transport_parked_commits
[2026-08-29T18:36:17Z ERROR fuse3::raw::connection::fuse_over_uring] transport payload lease held 1271 ms (≥ 1 s) — overlong handler invocation or a §5.4 severance escape; watch transport_lease_overlong / transport_parked_commits
[2026-08-29T18:36:17Z ERROR fuse3::raw::connection::fuse_over_uring] transport payload lease held 1271 ms (≥ 1 s) — overlong handler invocation or a §5.4 severance escape; watch transport_lease_overlong / transport_parked_commits
[2026-08-29T18:36:18Z ERROR fuse3::raw::connection::fuse_over_uring] transport payload lease held 1418 ms (≥ 1 s) — overlong handler invocation or a §5.4 severance escape; watch transport_lease_overlong / transport_parked_commits
[2026-08-29T18:36:18Z ERROR fuse3::raw::connection::fuse_over_uring] transport payload lease held 1386 ms (≥ 1 s) — overlong handler invocation or a §5.4 severance escape; watch transport_lease_overlong / transport_parked_commits
[2026-08-29T18:36:18Z ERROR fuse3::raw::connection::fuse_over_uring] transport payload lease held 1377 ms (≥ 1 s) — overlong handler invocation or a §5.4 severance escape; watch transport_lease_overlong / transport_parked_commits
[2026-08-29T18:36:18Z ERROR fuse3::raw::connection::fuse_over_uring] transport payload lease held 1374 ms (≥ 1 s) — overlong handler invocation or a §5.4 severance escape; watch transport_lease_overlong / transport_parked_commits
[2026-08-29T18:36:18Z WARN  squeezefs::block_allocator] co-writer: abandoning never-published block offset(s) leak-safe (volume 'nvme7n1', first offset 82548097024): the publish that would have named them failed or refused, and a co-writer may not mutate ownership accounting — the next derivation (mount recovery / fsck C6) returns them to the free supply (cowriter_unpublished_abandons; further offsets at debug level)
[2026-08-29T18:36:21Z ERROR fuse3::raw::connection::fuse_over_uring] transport payload lease held 1069 ms (≥ 1 s) — overlong handler invocation or a §5.4 severance escape; watch transport_lease_overlong / transport_parked_commits
[2026-08-29T18:36:21Z ERROR fuse3::raw::connection::fuse_over_uring] transport payload lease held 1068 ms (≥ 1 s) — overlong handler invocation or a §5.4 severance escape; watch transport_lease_overlong / transport_parked_commits
[2026-08-29T18:36:21Z ERROR fuse3::raw::connection::fuse_over_uring] transport payload lease held 1066 ms (≥ 1 s) — overlong handler invocation or a §5.4 severance escape; watch transport_lease_overlong / transport_parked_commits
[2026-08-29T18:36:21Z ERROR fuse3::raw::connection::fuse_over_uring] transport payload lease held 1083 ms (≥ 1 s) — overlong handler invocation or a §5.4 severance escape; watch transport_lease_overlong / transport_parked_commits
[2026-08-29T18:36:21Z ERROR fuse3::raw::connection::fuse_over_uring] transport payload lease held 1099 ms (≥ 1 s) — overlong handler invocation or a §5.4 severance escape; watch transport_lease_overlong / transport_parked_commits
[2026-08-29T18:36:21Z ERROR fuse3::raw::connection::fuse_over_uring] transport payload lease held 1121 ms (≥ 1 s) — overlong handler invocation or a §5.4 severance escape; watch transport_lease_overlong / transport_parked_commits
[2026-08-29T18:36:22Z ERROR fuse3::raw::connection::fuse_over_uring] transport payload lease held 1691 ms (≥ 1 s) — overlong handler invocation or a §5.4 severance escape; watch transport_lease_overlong / transport_parked_commits
[2026-08-29T18:36:22Z ERROR fuse3::raw::connection::fuse_over_uring] transport payload lease held 1812 ms (≥ 1 s) — overlong handler invocation or a §5.4 severance escape; watch transport_lease_overlong / transport_parked_commits
[2026-08-29T18:36:22Z ERROR fuse3::raw::connection::fuse_over_uring] transport payload lease held 1798 ms (≥ 1 s) — overlong handler invocation or a §5.4 severance escape; watch transport_lease_overlong / transport_parked_commits
[2026-08-29T18:36:22Z ERROR fuse3::raw::connection::fuse_over_uring] transport payload lease held 1798 ms (≥ 1 s) — overlong handler invocation or a §5.4 severance escape; watch transport_lease_overlong / transport_parked_commits
[2026-08-29T18:36:22Z ERROR fuse3::raw::connection::fuse_over_uring] transport payload lease held 2031 ms (≥ 1 s) — overlong handler invocation or a §5.4 severance escape; watch transport_lease_overlong / transport_parked_commits
[2026-08-29T18:36:22Z ERROR fuse3::raw::connection::fuse_over_uring] transport payload lease held 2029 ms (≥ 1 s) — overlong handler invocation or a §5.4 severance escape; watch transport_lease_overlong / transport_parked_commits
[2026-08-29T18:36:22Z ERROR fuse3::raw::connection::fuse_over_uring] transport payload lease held 2029 ms (≥ 1 s) — overlong handler invocation or a §5.4 severance escape; watch transport_lease_overlong / transport_parked_commits
[2026-08-29T18:36:22Z ERROR fuse3::raw::connection::fuse_over_uring] transport payload lease held 2029 ms (≥ 1 s) — overlong handler invocation or a §5.4 severance escape; watch transport_lease_overlong / transport_parked_commits
[2026-08-29T18:36:22Z ERROR fuse3::raw::connection::fuse_over_uring] transport payload lease held 2005 ms (≥ 1 s) — overlong handler invocation or a §5.4 severance escape; watch transport_lease_overlong / transport_parked_commits
[2026-08-29T18:36:22Z ERROR fuse3::raw::connection::fuse_over_uring] transport payload lease held 2033 ms (≥ 1 s) — overlong handler invocation or a §5.4 severance escape; watch transport_lease_overlong / transport_parked_commits
[2026-08-29T18:36:22Z ERROR fuse3::raw::connection::fuse_over_uring] transport payload lease held 2033 ms (≥ 1 s) — overlong handler invocation or a §5.4 severance escape; watch transport_lease_overlong / transport_parked_commits
[2026-08-29T18:36:22Z ERROR fuse3::raw::connection::fuse_over_uring] transport payload lease held 2033 ms (≥ 1 s) — overlong handler invocation or a §5.4 severance escape; watch transport_lease_overlong / transport_parked_commits
[2026-08-29T18:36:22Z ERROR fuse3::raw::connection::fuse_over_uring] transport payload lease held 2002 ms (≥ 1 s) — overlong handler invocation or a §5.4 severance escape; watch transport_lease_overlong / transport_parked_commits
[2026-08-29T18:36:22Z ERROR fuse3::raw::connection::fuse_over_uring] transport payload lease held 2020 ms (≥ 1 s) — overlong handler invocation or a §5.4 severance escape; watch transport_lease_overlong / transport_parked_commits
[2026-08-29T18:36:22Z ERROR fuse3::raw::connection::fuse_over_uring] transport payload lease held 2019 ms (≥ 1 s) — overlong handler invocation or a §5.4 severance escape; watch transport_lease_overlong / transport_parked_commits
[2026-08-29T18:36:22Z ERROR fuse3::raw::connection::fuse_over_uring] transport payload lease held 2019 ms (≥ 1 s) — overlong handler invocation or a §5.4 severance escape; watch transport_lease_overlong / transport_parked_commits
[2026-08-29T18:36:23Z ERROR fuse3::raw::connection::fuse_over_uring] transport payload lease held 2144 ms (≥ 1 s) — overlong handler invocation or a §5.4 severance escape; watch transport_lease_overlong / transport_parked_commits
[2026-08-29T18:36:23Z ERROR fuse3::raw::connection::fuse_over_uring] transport payload lease held 2120 ms (≥ 1 s) — overlong handler invocation or a §5.4 severance escape; watch transport_lease_overlong / transport_parked_commits
[2026-08-29T18:36:23Z ERROR fuse3::raw::connection::fuse_over_uring] transport payload lease held 2120 ms (≥ 1 s) — overlong handler invocation or a §5.4 severance escape; watch transport_lease_overlong / transport_parked_commits
[2026-08-29T18:36:23Z ERROR fuse3::raw::connection::fuse_over_uring] transport payload lease held 2119 ms (≥ 1 s) — overlong handler invocation or a §5.4 severance escape; watch transport_lease_overlong / transport_parked_commits
[2026-08-29T18:36:23Z ERROR fuse3::raw::connection::fuse_over_uring] transport payload lease held 2354 ms (≥ 1 s) — overlong handler invocation or a §5.4 severance escape; watch transport_lease_overlong / transport_parked_commits
[2026-08-29T18:36:23Z ERROR fuse3::raw::connection::fuse_over_uring] transport payload lease held 2361 ms (≥ 1 s) — overlong handler invocation or a §5.4 severance escape; watch transport_lease_overlong / transport_parked_commits
[2026-08-29T18:36:23Z ERROR fuse3::raw::connection::fuse_over_uring] transport payload lease held 2402 ms (≥ 1 s) — overlong handler invocation or a §5.4 severance escape; watch transport_lease_overlong / transport_parked_commits
[2026-08-29T18:36:23Z ERROR fuse3::raw::connection::fuse_over_uring] transport payload lease held 2402 ms (≥ 1 s) — overlong handler invocation or a §5.4 severance escape; watch transport_lease_overlong / transport_parked_commits
[2026-08-29T18:36:23Z ERROR fuse3::raw::connection::fuse_over_uring] transport payload lease held 2360 ms (≥ 1 s) — overlong handler invocation or a §5.4 severance escape; watch transport_lease_overlong / transport_parked_commits
[2026-08-29T18:36:23Z ERROR fuse3::raw::connection::fuse_over_uring] transport payload lease held 2349 ms (≥ 1 s) — overlong handler invocation or a §5.4 severance escape; watch transport_lease_overlong / transport_parked_commits
[2026-08-29T18:36:23Z WARN  squeezefs::block_allocator] co-writer: abandoning never-published block offset(s) leak-safe (volume 'nvme5n1', first offset 88386568192): the publish that would have named them failed or refused, and a co-writer may not mutate ownership accounting — the next derivation (mount recovery / fsck C6) returns them to the free supply (cowriter_unpublished_abandons; further offsets at debug level)
[2026-08-29T18:36:32Z ERROR fuse3::raw::connection::fuse_over_uring] transport payload lease held 1141 ms (≥ 1 s) — overlong handler invocation or a §5.4 severance escape; watch transport_lease_overlong / transport_parked_commits
[2026-08-29T18:36:32Z ERROR fuse3::raw::connection::fuse_over_uring] transport payload lease held 1137 ms (≥ 1 s) — overlong handler invocation or a §5.4 severance escape; watch transport_lease_overlong / transport_parked_commits
[2026-08-29T18:36:32Z ERROR fuse3::raw::connection::fuse_over_uring] transport payload lease held 1137 ms (≥ 1 s) — overlong handler invocation or a §5.4 severance escape; watch transport_lease_overlong / transport_parked_commits
[2026-08-29T18:36:32Z ERROR fuse3::raw::connection::fuse_over_uring] transport payload lease held 1137 ms (≥ 1 s) — overlong handler invocation or a §5.4 severance escape; watch transport_lease_overlong / transport_parked_commits
[2026-08-29T18:36:32Z ERROR fuse3::raw::connection::fuse_over_uring] transport payload lease held 1174 ms (≥ 1 s) — overlong handler invocation or a §5.4 severance escape; watch transport_lease_overlong / transport_parked_commits
[2026-08-29T18:36:32Z ERROR fuse3::raw::connection::fuse_over_uring] transport payload lease held 1174 ms (≥ 1 s) — overlong handler invocation or a §5.4 severance escape; watch transport_lease_overlong / transport_parked_commits
[2026-08-29T18:36:32Z ERROR fuse3::raw::connection::fuse_over_uring] transport payload lease held 1174 ms (≥ 1 s) — overlong handler invocation or a §5.4 severance escape; watch transport_lease_overlong / transport_parked_commits
[2026-08-29T18:36:32Z ERROR fuse3::raw::connection::fuse_over_uring] transport payload lease held 1222 ms (≥ 1 s) — overlong handler invocation or a §5.4 severance escape; watch transport_lease_overlong / transport_parked_commits
[2026-08-29T18:36:32Z ERROR fuse3::raw::connection::fuse_over_uring] transport payload lease held 1223 ms (≥ 1 s) — overlong handler invocation or a §5.4 severance escape; watch transport_lease_overlong / transport_parked_commits
[2026-08-29T18:36:32Z ERROR fuse3::raw::connection::fuse_over_uring] transport payload lease held 1223 ms (≥ 1 s) — overlong handler invocation or a §5.4 severance escape; watch transport_lease_overlong / transport_parked_commits
[2026-08-29T18:36:32Z ERROR fuse3::raw::connection::fuse_over_uring] transport payload lease held 1223 ms (≥ 1 s) — overlong handler invocation or a §5.4 severance escape; watch transport_lease_overlong / transport_parked_commits
[2026-08-29T18:36:32Z ERROR fuse3::raw::connection::fuse_over_uring] transport payload lease held 1095 ms (≥ 1 s) — overlong handler invocation or a §5.4 severance escape; watch transport_lease_overlong / transport_parked_commits
[2026-08-29T18:36:32Z ERROR fuse3::raw::connection::fuse_over_uring] transport payload lease held 1092 ms (≥ 1 s) — overlong handler invocation or a §5.4 severance escape; watch transport_lease_overlong / transport_parked_commits
[2026-08-29T18:36:32Z ERROR fuse3::raw::connection::fuse_over_uring] transport payload lease held 1092 ms (≥ 1 s) — overlong handler invocation or a §5.4 severance escape; watch transport_lease_overlong / transport_parked_commits
[2026-08-29T18:36:32Z ERROR fuse3::raw::connection::fuse_over_uring] transport payload lease held 1092 ms (≥ 1 s) — overlong handler invocation or a §5.4 severance escape; watch transport_lease_overlong / transport_parked_commits
[2026-08-29T18:36:32Z ERROR fuse3::raw::connection::fuse_over_uring] transport payload lease held 1378 ms (≥ 1 s) — overlong handler invocation or a §5.4 severance escape; watch transport_lease_overlong / transport_parked_commits
[2026-08-29T18:36:32Z ERROR fuse3::raw::connection::fuse_over_uring] transport payload lease held 1350 ms (≥ 1 s) — overlong handler invocation or a §5.4 severance escape; watch transport_lease_overlong / transport_parked_commits
[2026-08-29T18:36:32Z ERROR fuse3::raw::connection::fuse_over_uring] transport payload lease held 1305 ms (≥ 1 s) — overlong handler invocation or a §5.4 severance escape; watch transport_lease_overlong / transport_parked_commits
[2026-08-29T18:36:32Z ERROR fuse3::raw::connection::fuse_over_uring] transport payload lease held 1004 ms (≥ 1 s) — overlong handler invocation or a §5.4 severance escape; watch transport_lease_overlong / transport_parked_commits
[2026-08-29T18:36:32Z ERROR fuse3::raw::connection::fuse_over_uring] transport payload lease held 1226 ms (≥ 1 s) — overlong handler invocation or a §5.4 severance escape; watch transport_lease_overlong / transport_parked_commits
[2026-08-29T18:36:32Z ERROR fuse3::raw::connection::fuse_over_uring] transport payload lease held 1226 ms (≥ 1 s) — overlong handler invocation or a §5.4 severance escape; watch transport_lease_overlong / transport_parked_commits
[2026-08-29T18:36:32Z ERROR fuse3::raw::connection::fuse_over_uring] transport payload lease held 1226 ms (≥ 1 s) — overlong handler invocation or a §5.4 severance escape; watch transport_lease_overlong / transport_parked_commits
[2026-08-29T18:36:32Z ERROR fuse3::raw::connection::fuse_over_uring] transport payload lease held 1245 ms (≥ 1 s) — overlong handler invocation or a §5.4 severance escape; watch transport_lease_overlong / transport_parked_commits
[2026-08-29T18:36:32Z ERROR fuse3::raw::connection::fuse_over_uring] transport payload lease held 1245 ms (≥ 1 s) — overlong handler invocation or a §5.4 severance escape; watch transport_lease_overlong / transport_parked_commits
[2026-08-29T18:36:32Z ERROR fuse3::raw::connection::fuse_over_uring] transport payload lease held 1245 ms (≥ 1 s) — overlong handler invocation or a §5.4 severance escape; watch transport_lease_overlong / transport_parked_commits
[2026-08-29T18:36:32Z ERROR fuse3::raw::connection::fuse_over_uring] transport payload lease held 1645 ms (≥ 1 s) — overlong handler invocation or a §5.4 severance escape; watch transport_lease_overlong / transport_parked_commits
[2026-08-29T18:36:32Z ERROR fuse3::raw::connection::fuse_over_uring] transport payload lease held 1573 ms (≥ 1 s) — overlong handler invocation or a §5.4 severance escape; watch transport_lease_overlong / transport_parked_commits
[2026-08-29T18:36:32Z ERROR fuse3::raw::connection::fuse_over_uring] transport payload lease held 1572 ms (≥ 1 s) — overlong handler invocation or a §5.4 severance escape; watch transport_lease_overlong / transport_parked_commits
[2026-08-29T18:36:32Z ERROR fuse3::raw::connection::fuse_over_uring] transport payload lease held 1567 ms (≥ 1 s) — overlong handler invocation or a §5.4 severance escape; watch transport_lease_overlong / transport_parked_commits
[2026-08-29T18:36:32Z ERROR fuse3::raw::connection::fuse_over_uring] transport payload lease held 1485 ms (≥ 1 s) — overlong handler invocation or a §5.4 severance escape; watch transport_lease_overlong / transport_parked_commits
[2026-08-29T18:36:32Z ERROR fuse3::raw::connection::fuse_over_uring] transport payload lease held 1468 ms (≥ 1 s) — overlong handler invocation or a §5.4 severance escape; watch transport_lease_overlong / transport_parked_commits
[2026-08-29T18:36:32Z ERROR fuse3::raw::connection::fuse_over_uring] transport payload lease held 1467 ms (≥ 1 s) — overlong handler invocation or a §5.4 severance escape; watch transport_lease_overlong / transport_parked_commits
[2026-08-29T18:36:32Z ERROR fuse3::raw::connection::fuse_over_uring] transport payload lease held 1411 ms (≥ 1 s) — overlong handler invocation or a §5.4 severance escape; watch transport_lease_overlong / transport_parked_commits
[2026-08-29T18:36:43Z ERROR fuse3::raw::connection::fuse_over_uring] transport payload lease held 1238 ms (≥ 1 s) — overlong handler invocation or a §5.4 severance escape; watch transport_lease_overlong / transport_parked_commits
[2026-08-29T18:36:43Z ERROR fuse3::raw::connection::fuse_over_uring] transport payload lease held 1239 ms (≥ 1 s) — overlong handler invocation or a §5.4 severance escape; watch transport_lease_overlong / transport_parked_commits
[2026-08-29T18:36:43Z ERROR fuse3::raw::connection::fuse_over_uring] transport payload lease held 1239 ms (≥ 1 s) — overlong handler invocation or a §5.4 severance escape; watch transport_lease_overlong / transport_parked_commits
[2026-08-29T18:36:43Z ERROR fuse3::raw::connection::fuse_over_uring] transport payload lease held 1265 ms (≥ 1 s) — overlong handler invocation or a §5.4 severance escape; watch transport_lease_overlong / transport_parked_commits
[2026-08-29T18:36:43Z ERROR fuse3::raw::connection::fuse_over_uring] transport payload lease held 1266 ms (≥ 1 s) — overlong handler invocation or a §5.4 severance escape; watch transport_lease_overlong / transport_parked_commits
[2026-08-29T18:36:43Z ERROR fuse3::raw::connection::fuse_over_uring] transport payload lease held 1266 ms (≥ 1 s) — overlong handler invocation or a §5.4 severance escape; watch transport_lease_overlong / transport_parked_commits
[2026-08-29T18:36:43Z ERROR fuse3::raw::connection::fuse_over_uring] transport payload lease held 1308 ms (≥ 1 s) — overlong handler invocation or a §5.4 severance escape; watch transport_lease_overlong / transport_parked_commits
[2026-08-29T18:36:43Z ERROR fuse3::raw::connection::fuse_over_uring] transport payload lease held 1308 ms (≥ 1 s) — overlong handler invocation or a §5.4 severance escape; watch transport_lease_overlong / transport_parked_commits
[2026-08-29T18:36:43Z ERROR fuse3::raw::connection::fuse_over_uring] transport payload lease held 1308 ms (≥ 1 s) — overlong handler invocation or a §5.4 severance escape; watch transport_lease_overlong / transport_parked_commits
[2026-08-29T18:36:43Z ERROR fuse3::raw::connection::fuse_over_uring] transport payload lease held 1308 ms (≥ 1 s) — overlong handler invocation or a §5.4 severance escape; watch transport_lease_overlong / transport_parked_commits
[2026-08-29T18:36:43Z ERROR fuse3::raw::connection::fuse_over_uring] transport payload lease held 1472 ms (≥ 1 s) — overlong handler invocation or a §5.4 severance escape; watch transport_lease_overlong / transport_parked_commits
[2026-08-29T18:36:43Z ERROR fuse3::raw::connection::fuse_over_uring] transport payload lease held 1472 ms (≥ 1 s) — overlong handler invocation or a §5.4 severance escape; watch transport_lease_overlong / transport_parked_commits
[2026-08-29T18:36:43Z ERROR fuse3::raw::connection::fuse_over_uring] transport payload lease held 1470 ms (≥ 1 s) — overlong handler invocation or a §5.4 severance escape; watch transport_lease_overlong / transport_parked_commits
[2026-08-29T18:36:43Z ERROR fuse3::raw::connection::fuse_over_uring] transport payload lease held 1470 ms (≥ 1 s) — overlong handler invocation or a §5.4 severance escape; watch transport_lease_overlong / transport_parked_commits
[2026-08-29T18:36:43Z ERROR fuse3::raw::connection::fuse_over_uring] transport payload lease held 1482 ms (≥ 1 s) — overlong handler invocation or a §5.4 severance escape; watch transport_lease_overlong / transport_parked_commits
[2026-08-29T18:36:43Z ERROR fuse3::raw::connection::fuse_over_uring] transport payload lease held 1460 ms (≥ 1 s) — overlong handler invocation or a §5.4 severance escape; watch transport_lease_overlong / transport_parked_commits
[2026-08-29T18:36:43Z ERROR fuse3::raw::connection::fuse_over_uring] transport payload lease held 1460 ms (≥ 1 s) — overlong handler invocation or a §5.4 severance escape; watch transport_lease_overlong / transport_parked_commits
[2026-08-29T18:36:43Z WARN  squeezefs::block_allocator] co-writer: abandoning never-published block offset(s) leak-safe (volume 'nvme4n1', first offset 111673344000): the publish that would have named them failed or refused, and a co-writer may not mutate ownership accounting — the next derivation (mount recovery / fsck C6) returns them to the free supply (cowriter_unpublished_abandons; further offsets at debug level)
[2026-08-29T18:36:44Z ERROR fuse3::raw::connection::fuse_over_uring] transport payload lease held 1923 ms (≥ 1 s) — overlong handler invocation or a §5.4 severance escape; watch transport_lease_overlong / transport_parked_commits
[2026-08-29T18:36:44Z ERROR fuse3::raw::connection::fuse_over_uring] transport payload lease held 1923 ms (≥ 1 s) — overlong handler invocation or a §5.4 severance escape; watch transport_lease_overlong / transport_parked_commits
[2026-08-29T18:36:44Z ERROR fuse3::raw::connection::fuse_over_uring] transport payload lease held 1921 ms (≥ 1 s) — overlong handler invocation or a §5.4 severance escape; watch transport_lease_overlong / transport_parked_commits
[2026-08-29T18:36:48Z ERROR fuse3::raw::connection::fuse_over_uring] transport payload lease held 1052 ms (≥ 1 s) — overlong handler invocation or a §5.4 severance escape; watch transport_lease_overlong / transport_parked_commits
[2026-08-29T18:36:48Z ERROR fuse3::raw::connection::fuse_over_uring] transport payload lease held 1052 ms (≥ 1 s) — overlong handler invocation or a §5.4 severance escape; watch transport_lease_overlong / transport_parked_commits
[2026-08-29T18:36:48Z ERROR fuse3::raw::connection::fuse_over_uring] transport payload lease held 1052 ms (≥ 1 s) — overlong handler invocation or a §5.4 severance escape; watch transport_lease_overlong / transport_parked_commits
[2026-08-29T18:36:48Z ERROR fuse3::raw::connection::fuse_over_uring] transport payload lease held 1045 ms (≥ 1 s) — overlong handler invocation or a §5.4 severance escape; watch transport_lease_overlong / transport_parked_commits
[2026-08-29T18:36:48Z ERROR fuse3::raw::connection::fuse_over_uring] transport payload lease held 1198 ms (≥ 1 s) — overlong handler invocation or a §5.4 severance escape; watch transport_lease_overlong / transport_parked_commits
[2026-08-29T18:36:48Z ERROR fuse3::raw::connection::fuse_over_uring] transport payload lease held 1109 ms (≥ 1 s) — overlong handler invocation or a §5.4 severance escape; watch transport_lease_overlong / transport_parked_commits
[2026-08-29T18:36:48Z ERROR fuse3::raw::connection::fuse_over_uring] transport payload lease held 1110 ms (≥ 1 s) — overlong handler invocation or a §5.4 severance escape; watch transport_lease_overlong / transport_parked_commits
[2026-08-29T18:36:48Z ERROR fuse3::raw::connection::fuse_over_uring] transport payload lease held 1109 ms (≥ 1 s) — overlong handler invocation or a §5.4 severance escape; watch transport_lease_overlong / transport_parked_commits
[2026-08-29T18:36:48Z ERROR fuse3::raw::connection::fuse_over_uring] transport payload lease held 1232 ms (≥ 1 s) — overlong handler invocation or a §5.4 severance escape; watch transport_lease_overlong / transport_parked_commits
[2026-08-29T18:36:48Z ERROR fuse3::raw::connection::fuse_over_uring] transport payload lease held 1205 ms (≥ 1 s) — overlong handler invocation or a §5.4 severance escape; watch transport_lease_overlong / transport_parked_commits
[2026-08-29T18:36:48Z ERROR fuse3::raw::connection::fuse_over_uring] transport payload lease held 1084 ms (≥ 1 s) — overlong handler invocation or a §5.4 severance escape; watch transport_lease_overlong / transport_parked_commits
[2026-08-29T18:36:48Z ERROR fuse3::raw::connection::fuse_over_uring] transport payload lease held 1084 ms (≥ 1 s) — overlong handler invocation or a §5.4 severance escape; watch transport_lease_overlong / transport_parked_commits
[2026-08-29T18:36:48Z ERROR fuse3::raw::connection::fuse_over_uring] transport payload lease held 1250 ms (≥ 1 s) — overlong handler invocation or a §5.4 severance escape; watch transport_lease_overlong / transport_parked_commits
[2026-08-29T18:36:48Z ERROR fuse3::raw::connection::fuse_over_uring] transport payload lease held 1242 ms (≥ 1 s) — overlong handler invocation or a §5.4 severance escape; watch transport_lease_overlong / transport_parked_commits
[2026-08-29T18:36:48Z ERROR fuse3::raw::connection::fuse_over_uring] transport payload lease held 1205 ms (≥ 1 s) — overlong handler invocation or a §5.4 severance escape; watch transport_lease_overlong / transport_parked_commits
[2026-08-29T18:36:48Z ERROR fuse3::raw::connection::fuse_over_uring] transport payload lease held 1206 ms (≥ 1 s) — overlong handler invocation or a §5.4 severance escape; watch transport_lease_overlong / transport_parked_commits
[2026-08-29T18:36:48Z ERROR fuse3::raw::connection::fuse_over_uring] transport payload lease held 1227 ms (≥ 1 s) — overlong handler invocation or a §5.4 severance escape; watch transport_lease_overlong / transport_parked_commits
[2026-08-29T18:36:48Z ERROR fuse3::raw::connection::fuse_over_uring] transport payload lease held 1217 ms (≥ 1 s) — overlong handler invocation or a §5.4 severance escape; watch transport_lease_overlong / transport_parked_commits
[2026-08-29T18:36:48Z ERROR fuse3::raw::connection::fuse_over_uring] transport payload lease held 1224 ms (≥ 1 s) — overlong handler invocation or a §5.4 severance escape; watch transport_lease_overlong / transport_parked_commits
[2026-08-29T18:36:48Z ERROR fuse3::raw::connection::fuse_over_uring] transport payload lease held 1208 ms (≥ 1 s) — overlong handler invocation or a §5.4 severance escape; watch transport_lease_overlong / transport_parked_commits
[2026-08-29T18:36:48Z ERROR fuse3::raw::connection::fuse_over_uring] transport payload lease held 1114 ms (≥ 1 s) — overlong handler invocation or a §5.4 severance escape; watch transport_lease_overlong / transport_parked_commits
[2026-08-29T18:36:48Z ERROR fuse3::raw::connection::fuse_over_uring] transport payload lease held 1105 ms (≥ 1 s) — overlong handler invocation or a §5.4 severance escape; watch transport_lease_overlong / transport_parked_commits
[2026-08-29T18:36:48Z ERROR fuse3::raw::connection::fuse_over_uring] transport payload lease held 1105 ms (≥ 1 s) — overlong handler invocation or a §5.4 severance escape; watch transport_lease_overlong / transport_parked_commits
[2026-08-29T18:36:48Z ERROR fuse3::raw::connection::fuse_over_uring] transport payload lease held 1105 ms (≥ 1 s) — overlong handler invocation or a §5.4 severance escape; watch transport_lease_overlong / transport_parked_commits
[2026-08-29T18:36:48Z ERROR fuse3::raw::connection::fuse_over_uring] transport payload lease held 1050 ms (≥ 1 s) — overlong handler invocation or a §5.4 severance escape; watch transport_lease_overlong / transport_parked_commits
[2026-08-29T18:36:48Z ERROR fuse3::raw::connection::fuse_over_uring] transport payload lease held 1057 ms (≥ 1 s) — overlong handler invocation or a §5.4 severance escape; watch transport_lease_overlong / transport_parked_commits
[2026-08-29T18:36:49Z ERROR fuse3::raw::connection::fuse_over_uring] transport payload lease held 2148 ms (≥ 1 s) — overlong handler invocation or a §5.4 severance escape; watch transport_lease_overlong / transport_parked_commits
[2026-08-29T18:36:49Z ERROR fuse3::raw::connection::fuse_over_uring] transport payload lease held 2146 ms (≥ 1 s) — overlong handler invocation or a §5.4 severance escape; watch transport_lease_overlong / transport_parked_commits
[2026-08-29T18:36:49Z ERROR fuse3::raw::connection::fuse_over_uring] transport payload lease held 2115 ms (≥ 1 s) — overlong handler invocation or a §5.4 severance escape; watch transport_lease_overlong / transport_parked_commits
[2026-08-29T18:36:49Z ERROR fuse3::raw::connection::fuse_over_uring] transport payload lease held 2099 ms (≥ 1 s) — overlong handler invocation or a §5.4 severance escape; watch transport_lease_overlong / transport_parked_commits
[2026-08-29T18:36:52Z ERROR fuse3::raw::connection::fuse_over_uring] transport payload lease held 1028 ms (≥ 1 s) — overlong handler invocation or a §5.4 severance escape; watch transport_lease_overlong / transport_parked_commits
[2026-08-29T18:36:52Z ERROR fuse3::raw::connection::fuse_over_uring] transport payload lease held 1025 ms (≥ 1 s) — overlong handler invocation or a §5.4 severance escape; watch transport_lease_overlong / transport_parked_commits
[2026-08-29T18:36:52Z ERROR fuse3::raw::connection::fuse_over_uring] transport payload lease held 1024 ms (≥ 1 s) — overlong handler invocation or a §5.4 severance escape; watch transport_lease_overlong / transport_parked_commits
[2026-08-29T18:36:52Z ERROR fuse3::raw::connection::fuse_over_uring] transport payload lease held 1023 ms (≥ 1 s) — overlong handler invocation or a §5.4 severance escape; watch transport_lease_overlong / transport_parked_commits
[2026-08-29T18:36:53Z ERROR fuse3::raw::connection::fuse_over_uring] transport payload lease held 1147 ms (≥ 1 s) — overlong handler invocation or a §5.4 severance escape; watch transport_lease_overlong / transport_parked_commits
[2026-08-29T18:36:53Z ERROR fuse3::raw::connection::fuse_over_uring] transport payload lease held 1146 ms (≥ 1 s) — overlong handler invocation or a §5.4 severance escape; watch transport_lease_overlong / transport_parked_commits
[2026-08-29T18:36:53Z ERROR fuse3::raw::connection::fuse_over_uring] transport payload lease held 1144 ms (≥ 1 s) — overlong handler invocation or a §5.4 severance escape; watch transport_lease_overlong / transport_parked_commits
[2026-08-29T18:36:53Z ERROR fuse3::raw::connection::fuse_over_uring] transport payload lease held 1142 ms (≥ 1 s) — overlong handler invocation or a §5.4 severance escape; watch transport_lease_overlong / transport_parked_commits
[2026-08-29T18:36:53Z ERROR fuse3::raw::connection::fuse_over_uring] transport payload lease held 1125 ms (≥ 1 s) — overlong handler invocation or a §5.4 severance escape; watch transport_lease_overlong / transport_parked_commits
[2026-08-29T18:36:53Z ERROR fuse3::raw::connection::fuse_over_uring] transport payload lease held 1140 ms (≥ 1 s) — overlong handler invocation or a §5.4 severance escape; watch transport_lease_overlong / transport_parked_commits
[2026-08-29T18:36:53Z ERROR fuse3::raw::connection::fuse_over_uring] transport payload lease held 1148 ms (≥ 1 s) — overlong handler invocation or a §5.4 severance escape; watch transport_lease_overlong / transport_parked_commits
[2026-08-29T18:36:53Z ERROR fuse3::raw::connection::fuse_over_uring] transport payload lease held 1144 ms (≥ 1 s) — overlong handler invocation or a §5.4 severance escape; watch transport_lease_overlong / transport_parked_commits
[2026-08-29T18:36:53Z ERROR fuse3::raw::connection::fuse_over_uring] transport payload lease held 1110 ms (≥ 1 s) — overlong handler invocation or a §5.4 severance escape; watch transport_lease_overlong / transport_parked_commits
[2026-08-29T18:36:53Z ERROR fuse3::raw::connection::fuse_over_uring] transport payload lease held 1117 ms (≥ 1 s) — overlong handler invocation or a §5.4 severance escape; watch transport_lease_overlong / transport_parked_commits
[2026-08-29T18:36:53Z ERROR fuse3::raw::connection::fuse_over_uring] transport payload lease held 1150 ms (≥ 1 s) — overlong handler invocation or a §5.4 severance escape; watch transport_lease_overlong / transport_parked_commits
[2026-08-29T18:36:53Z ERROR fuse3::raw::connection::fuse_over_uring] transport payload lease held 1150 ms (≥ 1 s) — overlong handler invocation or a §5.4 severance escape; watch transport_lease_overlong / transport_parked_commits
[2026-08-29T18:36:53Z ERROR fuse3::raw::connection::fuse_over_uring] transport payload lease held 1108 ms (≥ 1 s) — overlong handler invocation or a §5.4 severance escape; watch transport_lease_overlong / transport_parked_commits
[2026-08-29T18:36:53Z ERROR fuse3::raw::connection::fuse_over_uring] transport payload lease held 1115 ms (≥ 1 s) — overlong handler invocation or a §5.4 severance escape; watch transport_lease_overlong / transport_parked_commits
[2026-08-29T18:36:53Z ERROR fuse3::raw::connection::fuse_over_uring] transport payload lease held 1130 ms (≥ 1 s) — overlong handler invocation or a §5.4 severance escape; watch transport_lease_overlong / transport_parked_commits
[2026-08-29T18:36:53Z ERROR fuse3::raw::connection::fuse_over_uring] transport payload lease held 1131 ms (≥ 1 s) — overlong handler invocation or a §5.4 severance escape; watch transport_lease_overlong / transport_parked_commits
[2026-08-29T18:36:53Z ERROR fuse3::raw::connection::fuse_over_uring] transport payload lease held 1131 ms (≥ 1 s) — overlong handler invocation or a §5.4 severance escape; watch transport_lease_overlong / transport_parked_commits
[2026-08-29T18:36:53Z ERROR fuse3::raw::connection::fuse_over_uring] transport payload lease held 1134 ms (≥ 1 s) — overlong handler invocation or a §5.4 severance escape; watch transport_lease_overlong / transport_parked_commits
[2026-08-29T18:36:53Z ERROR fuse3::raw::connection::fuse_over_uring] transport payload lease held 1133 ms (≥ 1 s) — overlong handler invocation or a §5.4 severance escape; watch transport_lease_overlong / transport_parked_commits
[2026-08-29T18:36:53Z ERROR fuse3::raw::connection::fuse_over_uring] transport payload lease held 1133 ms (≥ 1 s) — overlong handler invocation or a §5.4 severance escape; watch transport_lease_overlong / transport_parked_commits
[2026-08-29T18:36:53Z ERROR fuse3::raw::connection::fuse_over_uring] transport payload lease held 1133 ms (≥ 1 s) — overlong handler invocation or a §5.4 severance escape; watch transport_lease_overlong / transport_parked_commits
[2026-08-29T18:36:53Z ERROR fuse3::raw::connection::fuse_over_uring] transport payload lease held 1127 ms (≥ 1 s) — overlong handler invocation or a §5.4 severance escape; watch transport_lease_overlong / transport_parked_commits
[2026-08-29T18:36:53Z ERROR fuse3::raw::connection::fuse_over_uring] transport payload lease held 1127 ms (≥ 1 s) — overlong handler invocation or a §5.4 severance escape; watch transport_lease_overlong / transport_parked_commits
[2026-08-29T18:36:53Z ERROR fuse3::raw::connection::fuse_over_uring] transport payload lease held 1116 ms (≥ 1 s) — overlong handler invocation or a §5.4 severance escape; watch transport_lease_overlong / transport_parked_commits
[2026-08-29T18:36:53Z ERROR fuse3::raw::connection::fuse_over_uring] transport payload lease held 1103 ms (≥ 1 s) — overlong handler invocation or a §5.4 severance escape; watch transport_lease_overlong / transport_parked_commits
[2026-08-29T18:36:53Z ERROR fuse3::raw::connection::fuse_over_uring] transport payload lease held 2345 ms (≥ 1 s) — overlong handler invocation or a §5.4 severance escape; watch transport_lease_overlong / transport_parked_commits
[2026-08-29T18:36:53Z ERROR fuse3::raw::connection::fuse_over_uring] transport payload lease held 2345 ms (≥ 1 s) — overlong handler invocation or a §5.4 severance escape; watch transport_lease_overlong / transport_parked_commits
[2026-08-29T18:36:53Z ERROR fuse3::raw::connection::fuse_over_uring] transport payload lease held 2345 ms (≥ 1 s) — overlong handler invocation or a §5.4 severance escape; watch transport_lease_overlong / transport_parked_commits
[2026-08-29T18:36:53Z ERROR fuse3::raw::connection::fuse_over_uring] transport payload lease held 2345 ms (≥ 1 s) — overlong handler invocation or a §5.4 severance escape; watch transport_lease_overlong / transport_parked_commits
[2026-08-29T18:36:53Z ERROR fuse3::raw::connection::fuse_over_uring] transport payload lease held 1099 ms (≥ 1 s) — overlong handler invocation or a §5.4 severance escape; watch transport_lease_overlong / transport_parked_commits
[2026-08-29T18:36:53Z ERROR fuse3::raw::connection::fuse_over_uring] transport payload lease held 1095 ms (≥ 1 s) — overlong handler invocation or a §5.4 severance escape; watch transport_lease_overlong / transport_parked_commits
[2026-08-29T18:36:53Z ERROR fuse3::raw::connection::fuse_over_uring] transport payload lease held 1085 ms (≥ 1 s) — overlong handler invocation or a §5.4 severance escape; watch transport_lease_overlong / transport_parked_commits
[2026-08-29T18:36:53Z ERROR fuse3::raw::connection::fuse_over_uring] transport payload lease held 1085 ms (≥ 1 s) — overlong handler invocation or a §5.4 severance escape; watch transport_lease_overlong / transport_parked_commits
[2026-08-29T18:36:53Z ERROR fuse3::raw::connection::fuse_over_uring] transport payload lease held 1228 ms (≥ 1 s) — overlong handler invocation or a §5.4 severance escape; watch transport_lease_overlong / transport_parked_commits
[2026-08-29T18:36:53Z ERROR fuse3::raw::connection::fuse_over_uring] transport payload lease held 1229 ms (≥ 1 s) — overlong handler invocation or a §5.4 severance escape; watch transport_lease_overlong / transport_parked_commits
[2026-08-29T18:36:53Z ERROR fuse3::raw::connection::fuse_over_uring] transport payload lease held 1229 ms (≥ 1 s) — overlong handler invocation or a §5.4 severance escape; watch transport_lease_overlong / transport_parked_commits
[2026-08-29T18:36:53Z ERROR fuse3::raw::connection::fuse_over_uring] transport payload lease held 1229 ms (≥ 1 s) — overlong handler invocation or a §5.4 severance escape; watch transport_lease_overlong / transport_parked_commits
[2026-08-29T18:36:58Z ERROR fuse3::raw::connection::fuse_over_uring] transport payload lease held 1206 ms (≥ 1 s) — overlong handler invocation or a §5.4 severance escape; watch transport_lease_overlong / transport_parked_commits
[2026-08-29T18:36:58Z ERROR fuse3::raw::connection::fuse_over_uring] transport payload lease held 1206 ms (≥ 1 s) — overlong handler invocation or a §5.4 severance escape; watch transport_lease_overlong / transport_parked_commits
[2026-08-29T18:36:58Z ERROR fuse3::raw::connection::fuse_over_uring] transport payload lease held 1194 ms (≥ 1 s) — overlong handler invocation or a §5.4 severance escape; watch transport_lease_overlong / transport_parked_commits
[2026-08-29T18:36:58Z ERROR fuse3::raw::connection::fuse_over_uring] transport payload lease held 1194 ms (≥ 1 s) — overlong handler invocation or a §5.4 severance escape; watch transport_lease_overlong / transport_parked_commits
[2026-08-29T18:36:58Z ERROR fuse3::raw::connection::fuse_over_uring] transport payload lease held 1236 ms (≥ 1 s) — overlong handler invocation or a §5.4 severance escape; watch transport_lease_overlong / transport_parked_commits
[2026-08-29T18:36:58Z ERROR fuse3::raw::connection::fuse_over_uring] transport payload lease held 1237 ms (≥ 1 s) — overlong handler invocation or a §5.4 severance escape; watch transport_lease_overlong / transport_parked_commits
[2026-08-29T18:36:58Z ERROR fuse3::raw::connection::fuse_over_uring] transport payload lease held 1318 ms (≥ 1 s) — overlong handler invocation or a §5.4 severance escape; watch transport_lease_overlong / transport_parked_commits
[2026-08-29T18:36:58Z ERROR fuse3::raw::connection::fuse_over_uring] transport payload lease held 1318 ms (≥ 1 s) — overlong handler invocation or a §5.4 severance escape; watch transport_lease_overlong / transport_parked_commits
[2026-08-29T18:36:58Z ERROR fuse3::raw::connection::fuse_over_uring] transport payload lease held 1314 ms (≥ 1 s) — overlong handler invocation or a §5.4 severance escape; watch transport_lease_overlong / transport_parked_commits
[2026-08-29T18:36:58Z ERROR fuse3::raw::connection::fuse_over_uring] transport payload lease held 1315 ms (≥ 1 s) — overlong handler invocation or a §5.4 severance escape; watch transport_lease_overlong / transport_parked_commits
[2026-08-29T18:36:58Z ERROR fuse3::raw::connection::fuse_over_uring] transport payload lease held 1418 ms (≥ 1 s) — overlong handler invocation or a §5.4 severance escape; watch transport_lease_overlong / transport_parked_commits
[2026-08-29T18:36:58Z ERROR fuse3::raw::connection::fuse_over_uring] transport payload lease held 1418 ms (≥ 1 s) — overlong handler invocation or a §5.4 severance escape; watch transport_lease_overlong / transport_parked_commits
[2026-08-29T18:36:58Z ERROR fuse3::raw::connection::fuse_over_uring] transport payload lease held 1408 ms (≥ 1 s) — overlong handler invocation or a §5.4 severance escape; watch transport_lease_overlong / transport_parked_commits
[2026-08-29T18:36:58Z ERROR fuse3::raw::connection::fuse_over_uring] transport payload lease held 1423 ms (≥ 1 s) — overlong handler invocation or a §5.4 severance escape; watch transport_lease_overlong / transport_parked_commits
[2026-08-29T18:36:58Z ERROR fuse3::raw::connection::fuse_over_uring] transport payload lease held 1434 ms (≥ 1 s) — overlong handler invocation or a §5.4 severance escape; watch transport_lease_overlong / transport_parked_commits
[2026-08-29T18:36:58Z ERROR fuse3::raw::connection::fuse_over_uring] transport payload lease held 1434 ms (≥ 1 s) — overlong handler invocation or a §5.4 severance escape; watch transport_lease_overlong / transport_parked_commits
[2026-08-29T18:36:58Z ERROR fuse3::raw::connection::fuse_over_uring] transport payload lease held 1434 ms (≥ 1 s) — overlong handler invocation or a §5.4 severance escape; watch transport_lease_overlong / transport_parked_commits
[2026-08-29T18:36:58Z ERROR fuse3::raw::connection::fuse_over_uring] transport payload lease held 1422 ms (≥ 1 s) — overlong handler invocation or a §5.4 severance escape; watch transport_lease_overlong / transport_parked_commits
[2026-08-29T18:36:58Z ERROR fuse3::raw::connection::fuse_over_uring] transport payload lease held 1400 ms (≥ 1 s) — overlong handler invocation or a §5.4 severance escape; watch transport_lease_overlong / transport_parked_commits
[2026-08-29T18:36:58Z ERROR fuse3::raw::connection::fuse_over_uring] transport payload lease held 1455 ms (≥ 1 s) — overlong handler invocation or a §5.4 severance escape; watch transport_lease_overlong / transport_parked_commits
[2026-08-29T18:36:58Z ERROR fuse3::raw::connection::fuse_over_uring] transport payload lease held 1455 ms (≥ 1 s) — overlong handler invocation or a §5.4 severance escape; watch transport_lease_overlong / transport_parked_commits
[2026-08-29T18:36:58Z ERROR fuse3::raw::connection::fuse_over_uring] transport payload lease held 1455 ms (≥ 1 s) — overlong handler invocation or a §5.4 severance escape; watch transport_lease_overlong / transport_parked_commits
[2026-08-29T18:36:58Z ERROR fuse3::raw::connection::fuse_over_uring] transport payload lease held 1455 ms (≥ 1 s) — overlong handler invocation or a §5.4 severance escape; watch transport_lease_overlong / transport_parked_commits
[2026-08-29T18:36:59Z ERROR fuse3::raw::connection::fuse_over_uring] transport payload lease held 1466 ms (≥ 1 s) — overlong handler invocation or a §5.4 severance escape; watch transport_lease_overlong / transport_parked_commits
[2026-08-29T18:36:59Z ERROR fuse3::raw::connection::fuse_over_uring] transport payload lease held 1519 ms (≥ 1 s) — overlong handler invocation or a §5.4 severance escape; watch transport_lease_overlong / transport_parked_commits
[2026-08-29T18:36:59Z ERROR fuse3::raw::connection::fuse_over_uring] transport payload lease held 1519 ms (≥ 1 s) — overlong handler invocation or a §5.4 severance escape; watch transport_lease_overlong / transport_parked_commits
[2026-08-29T18:36:59Z ERROR fuse3::raw::connection::fuse_over_uring] transport payload lease held 1092 ms (≥ 1 s) — overlong handler invocation or a §5.4 severance escape; watch transport_lease_overlong / transport_parked_commits
[2026-08-29T18:36:59Z ERROR fuse3::raw::connection::fuse_over_uring] transport payload lease held 1021 ms (≥ 1 s) — overlong handler invocation or a §5.4 severance escape; watch transport_lease_overlong / transport_parked_commits
[2026-08-29T18:36:59Z ERROR fuse3::raw::connection::fuse_over_uring] transport payload lease held 1021 ms (≥ 1 s) — overlong handler invocation or a §5.4 severance escape; watch transport_lease_overlong / transport_parked_commits
[2026-08-29T18:36:59Z ERROR fuse3::raw::connection::fuse_over_uring] transport payload lease held 1003 ms (≥ 1 s) — overlong handler invocation or a §5.4 severance escape; watch transport_lease_overlong / transport_parked_commits
[2026-08-29T18:36:59Z ERROR fuse3::raw::connection::fuse_over_uring] transport payload lease held 1042 ms (≥ 1 s) — overlong handler invocation or a §5.4 severance escape; watch transport_lease_overlong / transport_parked_commits
[2026-08-29T18:36:59Z ERROR fuse3::raw::connection::fuse_over_uring] transport payload lease held 1015 ms (≥ 1 s) — overlong handler invocation or a §5.4 severance escape; watch transport_lease_overlong / transport_parked_commits
[2026-08-29T18:36:59Z ERROR fuse3::raw::connection::fuse_over_uring] transport payload lease held 1014 ms (≥ 1 s) — overlong handler invocation or a §5.4 severance escape; watch transport_lease_overlong / transport_parked_commits
[2026-08-29T18:36:59Z ERROR fuse3::raw::connection::fuse_over_uring] transport payload lease held 1014 ms (≥ 1 s) — overlong handler invocation or a §5.4 severance escape; watch transport_lease_overlong / transport_parked_commits
[2026-08-29T18:36:59Z ERROR fuse3::raw::connection::fuse_over_uring] transport payload lease held 1008 ms (≥ 1 s) — overlong handler invocation or a §5.4 severance escape; watch transport_lease_overlong / transport_parked_commits
[2026-08-29T18:36:59Z ERROR fuse3::raw::connection::fuse_over_uring] transport payload lease held 1008 ms (≥ 1 s) — overlong handler invocation or a §5.4 severance escape; watch transport_lease_overlong / transport_parked_commits
[2026-08-29T18:36:59Z ERROR fuse3::raw::connection::fuse_over_uring] transport payload lease held 1008 ms (≥ 1 s) — overlong handler invocation or a §5.4 severance escape; watch transport_lease_overlong / transport_parked_commits
[2026-08-29T18:36:59Z ERROR fuse3::raw::connection::fuse_over_uring] transport payload lease held 1008 ms (≥ 1 s) — overlong handler invocation or a §5.4 severance escape; watch transport_lease_overlong / transport_parked_commits
[2026-08-29T18:37:00Z ERROR fuse3::raw::connection::fuse_over_uring] transport payload lease held 1786 ms (≥ 1 s) — overlong handler invocation or a §5.4 severance escape; watch transport_lease_overlong / transport_parked_commits
[2026-08-29T18:37:00Z ERROR fuse3::raw::connection::fuse_over_uring] transport payload lease held 1799 ms (≥ 1 s) — overlong handler invocation or a §5.4 severance escape; watch transport_lease_overlong / transport_parked_commits
[2026-08-29T18:37:00Z ERROR fuse3::raw::connection::fuse_over_uring] transport payload lease held 1787 ms (≥ 1 s) — overlong handler invocation or a §5.4 severance escape; watch transport_lease_overlong / transport_parked_commits
[2026-08-29T18:37:00Z ERROR fuse3::raw::connection::fuse_over_uring] transport payload lease held 1787 ms (≥ 1 s) — overlong handler invocation or a §5.4 severance escape; watch transport_lease_overlong / transport_parked_commits
[2026-08-29T18:37:00Z ERROR fuse3::raw::connection::fuse_over_uring] transport payload lease held 1927 ms (≥ 1 s) — overlong handler invocation or a §5.4 severance escape; watch transport_lease_overlong / transport_parked_commits
[2026-08-29T18:37:00Z ERROR fuse3::raw::connection::fuse_over_uring] transport payload lease held 1927 ms (≥ 1 s) — overlong handler invocation or a §5.4 severance escape; watch transport_lease_overlong / transport_parked_commits
[2026-08-29T18:37:00Z ERROR fuse3::raw::connection::fuse_over_uring] transport payload lease held 1922 ms (≥ 1 s) — overlong handler invocation or a §5.4 severance escape; watch transport_lease_overlong / transport_parked_commits
[2026-08-29T18:37:00Z ERROR fuse3::raw::connection::fuse_over_uring] transport payload lease held 1918 ms (≥ 1 s) — overlong handler invocation or a §5.4 severance escape; watch transport_lease_overlong / transport_parked_commits
[2026-08-29T18:37:00Z ERROR fuse3::raw::connection::fuse_over_uring] transport payload lease held 1814 ms (≥ 1 s) — overlong handler invocation or a §5.4 severance escape; watch transport_lease_overlong / transport_parked_commits
[2026-08-29T18:37:00Z ERROR fuse3::raw::connection::fuse_over_uring] transport payload lease held 1811 ms (≥ 1 s) — overlong handler invocation or a §5.4 severance escape; watch transport_lease_overlong / transport_parked_commits
[2026-08-29T18:37:00Z ERROR fuse3::raw::connection::fuse_over_uring] transport payload lease held 1806 ms (≥ 1 s) — overlong handler invocation or a §5.4 severance escape; watch transport_lease_overlong / transport_parked_commits
[2026-08-29T18:37:00Z ERROR fuse3::raw::connection::fuse_over_uring] transport payload lease held 1806 ms (≥ 1 s) — overlong handler invocation or a §5.4 severance escape; watch transport_lease_overlong / transport_parked_commits
[2026-08-29T18:37:00Z ERROR fuse3::raw::connection::fuse_over_uring] transport payload lease held 1737 ms (≥ 1 s) — overlong handler invocation or a §5.4 severance escape; watch transport_lease_overlong / transport_parked_commits
[2026-08-29T18:37:00Z ERROR fuse3::raw::connection::fuse_over_uring] transport payload lease held 1770 ms (≥ 1 s) — overlong handler invocation or a §5.4 severance escape; watch transport_lease_overlong / transport_parked_commits
[2026-08-29T18:37:00Z ERROR fuse3::raw::connection::fuse_over_uring] transport payload lease held 1770 ms (≥ 1 s) — overlong handler invocation or a §5.4 severance escape; watch transport_lease_overlong / transport_parked_commits
[2026-08-29T18:37:00Z ERROR fuse3::raw::connection::fuse_over_uring] transport payload lease held 1756 ms (≥ 1 s) — overlong handler invocation or a §5.4 severance escape; watch transport_lease_overlong / transport_parked_commits
[2026-08-29T18:37:01Z ERROR fuse3::raw::connection::fuse_over_uring] transport payload lease held 1838 ms (≥ 1 s) — overlong handler invocation or a §5.4 severance escape; watch transport_lease_overlong / transport_parked_commits
[2026-08-29T18:37:01Z ERROR fuse3::raw::connection::fuse_over_uring] transport payload lease held 1838 ms (≥ 1 s) — overlong handler invocation or a §5.4 severance escape; watch transport_lease_overlong / transport_parked_commits
[2026-08-29T18:37:01Z ERROR fuse3::raw::connection::fuse_over_uring] transport payload lease held 1818 ms (≥ 1 s) — overlong handler invocation or a §5.4 severance escape; watch transport_lease_overlong / transport_parked_commits
[2026-08-29T18:37:01Z ERROR fuse3::raw::connection::fuse_over_uring] transport payload lease held 1835 ms (≥ 1 s) — overlong handler invocation or a §5.4 severance escape; watch transport_lease_overlong / transport_parked_commits
[2026-08-29T18:37:01Z ERROR fuse3::raw::connection::fuse_over_uring] transport payload lease held 1785 ms (≥ 1 s) — overlong handler invocation or a §5.4 severance escape; watch transport_lease_overlong / transport_parked_commits
[2026-08-29T18:37:01Z ERROR fuse3::raw::connection::fuse_over_uring] transport payload lease held 1775 ms (≥ 1 s) — overlong handler invocation or a §5.4 severance escape; watch transport_lease_overlong / transport_parked_commits
[2026-08-29T18:37:01Z ERROR fuse3::raw::connection::fuse_over_uring] transport payload lease held 1775 ms (≥ 1 s) — overlong handler invocation or a §5.4 severance escape; watch transport_lease_overlong / transport_parked_commits
[2026-08-29T18:37:01Z ERROR fuse3::raw::connection::fuse_over_uring] transport payload lease held 1777 ms (≥ 1 s) — overlong handler invocation or a §5.4 severance escape; watch transport_lease_overlong / transport_parked_commits
[2026-08-29T18:37:01Z ERROR fuse3::raw::connection::fuse_over_uring] transport payload lease held 1728 ms (≥ 1 s) — overlong handler invocation or a §5.4 severance escape; watch transport_lease_overlong / transport_parked_commits
[2026-08-29T18:37:01Z ERROR fuse3::raw::connection::fuse_over_uring] transport payload lease held 1728 ms (≥ 1 s) — overlong handler invocation or a §5.4 severance escape; watch transport_lease_overlong / transport_parked_commits
[2026-08-29T18:37:01Z ERROR fuse3::raw::connection::fuse_over_uring] transport payload lease held 1726 ms (≥ 1 s) — overlong handler invocation or a §5.4 severance escape; watch transport_lease_overlong / transport_parked_commits
[2026-08-29T18:37:01Z ERROR fuse3::raw::connection::fuse_over_uring] transport payload lease held 1722 ms (≥ 1 s) — overlong handler invocation or a §5.4 severance escape; watch transport_lease_overlong / transport_parked_commits
[2026-08-29T18:37:01Z ERROR fuse3::raw::connection::fuse_over_uring] transport payload lease held 1670 ms (≥ 1 s) — overlong handler invocation or a §5.4 severance escape; watch transport_lease_overlong / transport_parked_commits
[2026-08-29T18:37:01Z ERROR fuse3::raw::connection::fuse_over_uring] transport payload lease held 1669 ms (≥ 1 s) — overlong handler invocation or a §5.4 severance escape; watch transport_lease_overlong / transport_parked_commits
[2026-08-29T18:37:01Z ERROR fuse3::raw::connection::fuse_over_uring] transport payload lease held 1669 ms (≥ 1 s) — overlong handler invocation or a §5.4 severance escape; watch transport_lease_overlong / transport_parked_commits
[2026-08-29T18:37:01Z ERROR fuse3::raw::connection::fuse_over_uring] transport payload lease held 1666 ms (≥ 1 s) — overlong handler invocation or a §5.4 severance escape; watch transport_lease_overlong / transport_parked_commits
[2026-08-29T18:37:01Z ERROR fuse3::raw::connection::fuse_over_uring] transport payload lease held 1631 ms (≥ 1 s) — overlong handler invocation or a §5.4 severance escape; watch transport_lease_overlong / transport_parked_commits
[2026-08-29T18:37:01Z ERROR fuse3::raw::connection::fuse_over_uring] transport payload lease held 1423 ms (≥ 1 s) — overlong handler invocation or a §5.4 severance escape; watch transport_lease_overlong / transport_parked_commits
[2026-08-29T18:37:01Z ERROR fuse3::raw::connection::fuse_over_uring] transport payload lease held 1427 ms (≥ 1 s) — overlong handler invocation or a §5.4 severance escape; watch transport_lease_overlong / transport_parked_commits
[2026-08-29T18:37:01Z ERROR fuse3::raw::connection::fuse_over_uring] transport payload lease held 1427 ms (≥ 1 s) — overlong handler invocation or a §5.4 severance escape; watch transport_lease_overlong / transport_parked_commits
[2026-08-29T18:37:01Z ERROR fuse3::raw::connection::fuse_over_uring] transport payload lease held 1427 ms (≥ 1 s) — overlong handler invocation or a §5.4 severance escape; watch transport_lease_overlong / transport_parked_commits
[2026-08-29T18:37:01Z ERROR fuse3::raw::connection::fuse_over_uring] transport payload lease held 1380 ms (≥ 1 s) — overlong handler invocation or a §5.4 severance escape; watch transport_lease_overlong / transport_parked_commits
[2026-08-29T18:37:01Z ERROR fuse3::raw::connection::fuse_over_uring] transport payload lease held 1370 ms (≥ 1 s) — overlong handler invocation or a §5.4 severance escape; watch transport_lease_overlong / transport_parked_commits
[2026-08-29T18:37:01Z ERROR fuse3::raw::connection::fuse_over_uring] transport payload lease held 1370 ms (≥ 1 s) — overlong handler invocation or a §5.4 severance escape; watch transport_lease_overlong / transport_parked_commits
[2026-08-29T18:37:01Z ERROR fuse3::raw::connection::fuse_over_uring] transport payload lease held 1361 ms (≥ 1 s) — overlong handler invocation or a §5.4 severance escape; watch transport_lease_overlong / transport_parked_commits
[2026-08-29T18:37:01Z ERROR fuse3::raw::connection::fuse_over_uring] transport payload lease held 1284 ms (≥ 1 s) — overlong handler invocation or a §5.4 severance escape; watch transport_lease_overlong / transport_parked_commits
[2026-08-29T18:37:01Z ERROR fuse3::raw::connection::fuse_over_uring] transport payload lease held 1287 ms (≥ 1 s) — overlong handler invocation or a §5.4 severance escape; watch transport_lease_overlong / transport_parked_commits
[2026-08-29T18:37:01Z ERROR fuse3::raw::connection::fuse_over_uring] transport payload lease held 1257 ms (≥ 1 s) — overlong handler invocation or a §5.4 severance escape; watch transport_lease_overlong / transport_parked_commits
[2026-08-29T18:37:01Z ERROR fuse3::raw::connection::fuse_over_uring] transport payload lease held 1287 ms (≥ 1 s) — overlong handler invocation or a §5.4 severance escape; watch transport_lease_overlong / transport_parked_commits
[2026-08-29T18:37:01Z ERROR fuse3::raw::connection::fuse_over_uring] transport payload lease held 1261 ms (≥ 1 s) — overlong handler invocation or a §5.4 severance escape; watch transport_lease_overlong / transport_parked_commits
[2026-08-29T18:37:01Z ERROR fuse3::raw::connection::fuse_over_uring] transport payload lease held 1247 ms (≥ 1 s) — overlong handler invocation or a §5.4 severance escape; watch transport_lease_overlong / transport_parked_commits
[2026-08-29T18:37:01Z ERROR fuse3::raw::connection::fuse_over_uring] transport payload lease held 1220 ms (≥ 1 s) — overlong handler invocation or a §5.4 severance escape; watch transport_lease_overlong / transport_parked_commits
[2026-08-29T18:37:01Z ERROR fuse3::raw::connection::fuse_over_uring] transport payload lease held 1220 ms (≥ 1 s) — overlong handler invocation or a §5.4 severance escape; watch transport_lease_overlong / transport_parked_commits
[2026-08-29T18:37:01Z ERROR fuse3::raw::connection::fuse_over_uring] transport payload lease held 1134 ms (≥ 1 s) — overlong handler invocation or a §5.4 severance escape; watch transport_lease_overlong / transport_parked_commits
[2026-08-29T18:37:01Z ERROR fuse3::raw::connection::fuse_over_uring] transport payload lease held 1134 ms (≥ 1 s) — overlong handler invocation or a §5.4 severance escape; watch transport_lease_overlong / transport_parked_commits
[2026-08-29T18:37:01Z ERROR fuse3::raw::connection::fuse_over_uring] transport payload lease held 1134 ms (≥ 1 s) — overlong handler invocation or a §5.4 severance escape; watch transport_lease_overlong / transport_parked_commits
[2026-08-29T18:37:01Z ERROR fuse3::raw::connection::fuse_over_uring] transport payload lease held 1123 ms (≥ 1 s) — overlong handler invocation or a §5.4 severance escape; watch transport_lease_overlong / transport_parked_commits
[2026-08-29T18:37:01Z ERROR fuse3::raw::connection::fuse_over_uring] transport payload lease held 1122 ms (≥ 1 s) — overlong handler invocation or a §5.4 severance escape; watch transport_lease_overlong / transport_parked_commits
[2026-08-29T18:37:01Z ERROR fuse3::raw::connection::fuse_over_uring] transport payload lease held 1136 ms (≥ 1 s) — overlong handler invocation or a §5.4 severance escape; watch transport_lease_overlong / transport_parked_commits
[2026-08-29T18:37:01Z ERROR fuse3::raw::connection::fuse_over_uring] transport payload lease held 1137 ms (≥ 1 s) — overlong handler invocation or a §5.4 severance escape; watch transport_lease_overlong / transport_parked_commits
[2026-08-29T18:37:01Z ERROR fuse3::raw::connection::fuse_over_uring] transport payload lease held 1137 ms (≥ 1 s) — overlong handler invocation or a §5.4 severance escape; watch transport_lease_overlong / transport_parked_commits
[2026-08-29T18:37:01Z ERROR fuse3::raw::connection::fuse_over_uring] transport payload lease held 1139 ms (≥ 1 s) — overlong handler invocation or a §5.4 severance escape; watch transport_lease_overlong / transport_parked_commits
[2026-08-29T18:37:01Z ERROR fuse3::raw::connection::fuse_over_uring] transport payload lease held 1138 ms (≥ 1 s) — overlong handler invocation or a §5.4 severance escape; watch transport_lease_overlong / transport_parked_commits
[2026-08-29T18:37:01Z ERROR fuse3::raw::connection::fuse_over_uring] transport payload lease held 1138 ms (≥ 1 s) — overlong handler invocation or a §5.4 severance escape; watch transport_lease_overlong / transport_parked_commits
[2026-08-29T18:37:01Z ERROR fuse3::raw::connection::fuse_over_uring] transport payload lease held 1153 ms (≥ 1 s) — overlong handler invocation or a §5.4 severance escape; watch transport_lease_overlong / transport_parked_commits
[2026-08-29T18:37:01Z ERROR fuse3::raw::connection::fuse_over_uring] transport payload lease held 1153 ms (≥ 1 s) — overlong handler invocation or a §5.4 severance escape; watch transport_lease_overlong / transport_parked_commits
[2026-08-29T18:37:01Z ERROR fuse3::raw::connection::fuse_over_uring] transport payload lease held 1707 ms (≥ 1 s) — overlong handler invocation or a §5.4 severance escape; watch transport_lease_overlong / transport_parked_commits
[2026-08-29T18:37:01Z ERROR fuse3::raw::connection::fuse_over_uring] transport payload lease held 1706 ms (≥ 1 s) — overlong handler invocation or a §5.4 severance escape; watch transport_lease_overlong / transport_parked_commits
[2026-08-29T18:37:01Z ERROR fuse3::raw::connection::fuse_over_uring] transport payload lease held 1706 ms (≥ 1 s) — overlong handler invocation or a §5.4 severance escape; watch transport_lease_overlong / transport_parked_commits
[2026-08-29T18:37:01Z ERROR fuse3::raw::connection::fuse_over_uring] transport payload lease held 1461 ms (≥ 1 s) — overlong handler invocation or a §5.4 severance escape; watch transport_lease_overlong / transport_parked_commits
[2026-08-29T18:37:03Z ERROR fuse3::raw::connection::fuse_over_uring] transport payload lease held 1735 ms (≥ 1 s) — overlong handler invocation or a §5.4 severance escape; watch transport_lease_overlong / transport_parked_commits
[2026-08-29T18:37:03Z ERROR fuse3::raw::connection::fuse_over_uring] transport payload lease held 1734 ms (≥ 1 s) — overlong handler invocation or a §5.4 severance escape; watch transport_lease_overlong / transport_parked_commits
[2026-08-29T18:37:03Z ERROR fuse3::raw::connection::fuse_over_uring] transport payload lease held 1734 ms (≥ 1 s) — overlong handler invocation or a §5.4 severance escape; watch transport_lease_overlong / transport_parked_commits
[2026-08-29T18:37:03Z ERROR fuse3::raw::connection::fuse_over_uring] transport payload lease held 1687 ms (≥ 1 s) — overlong handler invocation or a §5.4 severance escape; watch transport_lease_overlong / transport_parked_commits
[2026-08-29T18:37:03Z ERROR fuse3::raw::connection::fuse_over_uring] transport payload lease held 1676 ms (≥ 1 s) — overlong handler invocation or a §5.4 severance escape; watch transport_lease_overlong / transport_parked_commits
[2026-08-29T18:37:03Z ERROR fuse3::raw::connection::fuse_over_uring] transport payload lease held 1686 ms (≥ 1 s) — overlong handler invocation or a §5.4 severance escape; watch transport_lease_overlong / transport_parked_commits
[2026-08-29T18:37:03Z ERROR fuse3::raw::connection::fuse_over_uring] transport payload lease held 1672 ms (≥ 1 s) — overlong handler invocation or a §5.4 severance escape; watch transport_lease_overlong / transport_parked_commits
[2026-08-29T18:37:03Z ERROR fuse3::raw::connection::fuse_over_uring] transport payload lease held 1666 ms (≥ 1 s) — overlong handler invocation or a §5.4 severance escape; watch transport_lease_overlong / transport_parked_commits
[2026-08-29T18:37:03Z ERROR fuse3::raw::connection::fuse_over_uring] transport payload lease held 1659 ms (≥ 1 s) — overlong handler invocation or a §5.4 severance escape; watch transport_lease_overlong / transport_parked_commits
[2026-08-29T18:37:03Z ERROR fuse3::raw::connection::fuse_over_uring] transport payload lease held 1654 ms (≥ 1 s) — overlong handler invocation or a §5.4 severance escape; watch transport_lease_overlong / transport_parked_commits
[2026-08-29T18:37:03Z ERROR fuse3::raw::connection::fuse_over_uring] transport payload lease held 1642 ms (≥ 1 s) — overlong handler invocation or a §5.4 severance escape; watch transport_lease_overlong / transport_parked_commits
[2026-08-29T18:37:03Z ERROR fuse3::raw::connection::fuse_over_uring] transport payload lease held 1620 ms (≥ 1 s) — overlong handler invocation or a §5.4 severance escape; watch transport_lease_overlong / transport_parked_commits
[2026-08-29T18:37:03Z ERROR fuse3::raw::connection::fuse_over_uring] transport payload lease held 1620 ms (≥ 1 s) — overlong handler invocation or a §5.4 severance escape; watch transport_lease_overlong / transport_parked_commits
[2026-08-29T18:37:03Z ERROR fuse3::raw::connection::fuse_over_uring] transport payload lease held 1620 ms (≥ 1 s) — overlong handler invocation or a §5.4 severance escape; watch transport_lease_overlong / transport_parked_commits
[2026-08-29T18:37:03Z ERROR fuse3::raw::connection::fuse_over_uring] transport payload lease held 1620 ms (≥ 1 s) — overlong handler invocation or a §5.4 severance escape; watch transport_lease_overlong / transport_parked_commits
[2026-08-29T18:37:03Z ERROR fuse3::raw::connection::fuse_over_uring] transport payload lease held 1624 ms (≥ 1 s) — overlong handler invocation or a §5.4 severance escape; watch transport_lease_overlong / transport_parked_commits
[2026-08-29T18:37:03Z ERROR fuse3::raw::connection::fuse_over_uring] transport payload lease held 1624 ms (≥ 1 s) — overlong handler invocation or a §5.4 severance escape; watch transport_lease_overlong / transport_parked_commits
[2026-08-29T18:37:03Z ERROR fuse3::raw::connection::fuse_over_uring] transport payload lease held 1624 ms (≥ 1 s) — overlong handler invocation or a §5.4 severance escape; watch transport_lease_overlong / transport_parked_commits
[2026-08-29T18:37:03Z ERROR fuse3::raw::connection::fuse_over_uring] transport payload lease held 1624 ms (≥ 1 s) — overlong handler invocation or a §5.4 severance escape; watch transport_lease_overlong / transport_parked_commits
[2026-08-29T18:37:03Z ERROR fuse3::raw::connection::fuse_over_uring] transport payload lease held 1616 ms (≥ 1 s) — overlong handler invocation or a §5.4 severance escape; watch transport_lease_overlong / transport_parked_commits
[2026-08-29T18:37:03Z ERROR fuse3::raw::connection::fuse_over_uring] transport payload lease held 1602 ms (≥ 1 s) — overlong handler invocation or a §5.4 severance escape; watch transport_lease_overlong / transport_parked_commits
[2026-08-29T18:37:03Z ERROR fuse3::raw::connection::fuse_over_uring] transport payload lease held 1606 ms (≥ 1 s) — overlong handler invocation or a §5.4 severance escape; watch transport_lease_overlong / transport_parked_commits
[2026-08-29T18:37:03Z ERROR fuse3::raw::connection::fuse_over_uring] transport payload lease held 1606 ms (≥ 1 s) — overlong handler invocation or a §5.4 severance escape; watch transport_lease_overlong / transport_parked_commits
[2026-08-29T18:37:03Z ERROR fuse3::raw::connection::fuse_over_uring] transport payload lease held 1518 ms (≥ 1 s) — overlong handler invocation or a §5.4 severance escape; watch transport_lease_overlong / transport_parked_commits
[2026-08-29T18:37:03Z ERROR fuse3::raw::connection::fuse_over_uring] transport payload lease held 1509 ms (≥ 1 s) — overlong handler invocation or a §5.4 severance escape; watch transport_lease_overlong / transport_parked_commits
[2026-08-29T18:37:03Z ERROR fuse3::raw::connection::fuse_over_uring] transport payload lease held 1518 ms (≥ 1 s) — overlong handler invocation or a §5.4 severance escape; watch transport_lease_overlong / transport_parked_commits
[2026-08-29T18:37:03Z ERROR fuse3::raw::connection::fuse_over_uring] transport payload lease held 1498 ms (≥ 1 s) — overlong handler invocation or a §5.4 severance escape; watch transport_lease_overlong / transport_parked_commits
[2026-08-29T18:37:03Z ERROR fuse3::raw::connection::fuse_over_uring] transport payload lease held 1481 ms (≥ 1 s) — overlong handler invocation or a §5.4 severance escape; watch transport_lease_overlong / transport_parked_commits
[2026-08-29T18:37:03Z ERROR fuse3::raw::connection::fuse_over_uring] transport payload lease held 1468 ms (≥ 1 s) — overlong handler invocation or a §5.4 severance escape; watch transport_lease_overlong / transport_parked_commits
[2026-08-29T18:37:03Z ERROR fuse3::raw::connection::fuse_over_uring] transport payload lease held 1468 ms (≥ 1 s) — overlong handler invocation or a §5.4 severance escape; watch transport_lease_overlong / transport_parked_commits
[2026-08-29T18:37:03Z ERROR fuse3::raw::connection::fuse_over_uring] transport payload lease held 1468 ms (≥ 1 s) — overlong handler invocation or a §5.4 severance escape; watch transport_lease_overlong / transport_parked_commits
[2026-08-29T18:37:03Z ERROR fuse3::raw::connection::fuse_over_uring] transport payload lease held 1461 ms (≥ 1 s) — overlong handler invocation or a §5.4 severance escape; watch transport_lease_overlong / transport_parked_commits
[2026-08-29T18:37:03Z ERROR fuse3::raw::connection::fuse_over_uring] transport payload lease held 1459 ms (≥ 1 s) — overlong handler invocation or a §5.4 severance escape; watch transport_lease_overlong / transport_parked_commits
[2026-08-29T18:37:03Z ERROR fuse3::raw::connection::fuse_over_uring] transport payload lease held 1458 ms (≥ 1 s) — overlong handler invocation or a §5.4 severance escape; watch transport_lease_overlong / transport_parked_commits
[2026-08-29T18:37:03Z ERROR fuse3::raw::connection::fuse_over_uring] transport payload lease held 1458 ms (≥ 1 s) — overlong handler invocation or a §5.4 severance escape; watch transport_lease_overlong / transport_parked_commits
[2026-08-29T18:37:08Z ERROR fuse3::raw::connection::fuse_over_uring] transport payload lease held 1536 ms (≥ 1 s) — overlong handler invocation or a §5.4 severance escape; watch transport_lease_overlong / transport_parked_commits
[2026-08-29T18:37:08Z ERROR fuse3::raw::connection::fuse_over_uring] transport payload lease held 1532 ms (≥ 1 s) — overlong handler invocation or a §5.4 severance escape; watch transport_lease_overlong / transport_parked_commits
[2026-08-29T18:37:08Z ERROR fuse3::raw::connection::fuse_over_uring] transport payload lease held 1531 ms (≥ 1 s) — overlong handler invocation or a §5.4 severance escape; watch transport_lease_overlong / transport_parked_commits
[2026-08-29T18:37:08Z ERROR fuse3::raw::connection::fuse_over_uring] transport payload lease held 1410 ms (≥ 1 s) — overlong handler invocation or a §5.4 severance escape; watch transport_lease_overlong / transport_parked_commits
[2026-08-29T18:37:08Z ERROR fuse3::raw::connection::fuse_over_uring] transport payload lease held 1424 ms (≥ 1 s) — overlong handler invocation or a §5.4 severance escape; watch transport_lease_overlong / transport_parked_commits
[2026-08-29T18:37:08Z ERROR fuse3::raw::connection::fuse_over_uring] transport payload lease held 1438 ms (≥ 1 s) — overlong handler invocation or a §5.4 severance escape; watch transport_lease_overlong / transport_parked_commits
[2026-08-29T18:37:08Z ERROR fuse3::raw::connection::fuse_over_uring] transport payload lease held 1531 ms (≥ 1 s) — overlong handler invocation or a §5.4 severance escape; watch transport_lease_overlong / transport_parked_commits
[2026-08-29T18:37:08Z ERROR fuse3::raw::connection::fuse_over_uring] transport payload lease held 1414 ms (≥ 1 s) — overlong handler invocation or a §5.4 severance escape; watch transport_lease_overlong / transport_parked_commits
[2026-08-29T18:37:08Z ERROR fuse3::raw::connection::fuse_over_uring] transport payload lease held 1345 ms (≥ 1 s) — overlong handler invocation or a §5.4 severance escape; watch transport_lease_overlong / transport_parked_commits
[2026-08-29T18:37:08Z ERROR fuse3::raw::connection::fuse_over_uring] transport payload lease held 1327 ms (≥ 1 s) — overlong handler invocation or a §5.4 severance escape; watch transport_lease_overlong / transport_parked_commits
[2026-08-29T18:37:08Z ERROR fuse3::raw::connection::fuse_over_uring] transport payload lease held 1332 ms (≥ 1 s) — overlong handler invocation or a §5.4 severance escape; watch transport_lease_overlong / transport_parked_commits
[2026-08-29T18:37:08Z ERROR fuse3::raw::connection::fuse_over_uring] transport payload lease held 1318 ms (≥ 1 s) — overlong handler invocation or a §5.4 severance escape; watch transport_lease_overlong / transport_parked_commits
[2026-08-29T18:37:10Z WARN  squeezefs::block_allocator] co-writer: abandoning never-published block offset(s) leak-safe (volume 'nvme7n1', first offset 141469679616): the publish that would have named them failed or refused, and a co-writer may not mutate ownership accounting — the next derivation (mount recovery / fsck C6) returns them to the free supply (cowriter_unpublished_abandons; further offsets at debug level)
[2026-08-29T18:37:14Z ERROR fuse3::raw::connection::fuse_over_uring] transport payload lease held 1010 ms (≥ 1 s) — overlong handler invocation or a §5.4 severance escape; watch transport_lease_overlong / transport_parked_commits
[2026-08-29T18:37:14Z ERROR fuse3::raw::connection::fuse_over_uring] transport payload lease held 1100 ms (≥ 1 s) — overlong handler invocation or a §5.4 severance escape; watch transport_lease_overlong / transport_parked_commits
[2026-08-29T18:37:14Z ERROR fuse3::raw::connection::fuse_over_uring] transport payload lease held 1100 ms (≥ 1 s) — overlong handler invocation or a §5.4 severance escape; watch transport_lease_overlong / transport_parked_commits
[2026-08-29T18:37:14Z ERROR fuse3::raw::connection::fuse_over_uring] transport payload lease held 1039 ms (≥ 1 s) — overlong handler invocation or a §5.4 severance escape; watch transport_lease_overlong / transport_parked_commits
[2026-08-29T18:37:14Z ERROR fuse3::raw::connection::fuse_over_uring] transport payload lease held 1366 ms (≥ 1 s) — overlong handler invocation or a §5.4 severance escape; watch transport_lease_overlong / transport_parked_commits
[2026-08-29T18:37:14Z ERROR fuse3::raw::connection::fuse_over_uring] transport payload lease held 1366 ms (≥ 1 s) — overlong handler invocation or a §5.4 severance escape; watch transport_lease_overlong / transport_parked_commits
[2026-08-29T18:37:14Z ERROR fuse3::raw::connection::fuse_over_uring] transport payload lease held 1343 ms (≥ 1 s) — overlong handler invocation or a §5.4 severance escape; watch transport_lease_overlong / transport_parked_commits
[2026-08-29T18:37:14Z ERROR fuse3::raw::connection::fuse_over_uring] transport payload lease held 1343 ms (≥ 1 s) — overlong handler invocation or a §5.4 severance escape; watch transport_lease_overlong / transport_parked_commits
[2026-08-29T18:37:14Z ERROR fuse3::raw::connection::fuse_over_uring] transport payload lease held 1365 ms (≥ 1 s) — overlong handler invocation or a §5.4 severance escape; watch transport_lease_overlong / transport_parked_commits
[2026-08-29T18:37:14Z ERROR fuse3::raw::connection::fuse_over_uring] transport payload lease held 1365 ms (≥ 1 s) — overlong handler invocation or a §5.4 severance escape; watch transport_lease_overlong / transport_parked_commits
[2026-08-29T18:37:14Z ERROR fuse3::raw::connection::fuse_over_uring] transport payload lease held 1329 ms (≥ 1 s) — overlong handler invocation or a §5.4 severance escape; watch transport_lease_overlong / transport_parked_commits
[2026-08-29T18:37:14Z ERROR fuse3::raw::connection::fuse_over_uring] transport payload lease held 1323 ms (≥ 1 s) — overlong handler invocation or a §5.4 severance escape; watch transport_lease_overlong / transport_parked_commits
[2026-08-29T18:37:15Z ERROR fuse3::raw::connection::fuse_over_uring] transport payload lease held 1370 ms (≥ 1 s) — overlong handler invocation or a §5.4 severance escape; watch transport_lease_overlong / transport_parked_commits
[2026-08-29T18:37:15Z ERROR fuse3::raw::connection::fuse_over_uring] transport payload lease held 1370 ms (≥ 1 s) — overlong handler invocation or a §5.4 severance escape; watch transport_lease_overlong / transport_parked_commits
[2026-08-29T18:37:15Z ERROR fuse3::raw::connection::fuse_over_uring] transport payload lease held 1370 ms (≥ 1 s) — overlong handler invocation or a §5.4 severance escape; watch transport_lease_overlong / transport_parked_commits
[2026-08-29T18:37:15Z ERROR fuse3::raw::connection::fuse_over_uring] transport payload lease held 1333 ms (≥ 1 s) — overlong handler invocation or a §5.4 severance escape; watch transport_lease_overlong / transport_parked_commits
[2026-08-29T18:37:15Z ERROR fuse3::raw::connection::fuse_over_uring] transport payload lease held 1244 ms (≥ 1 s) — overlong handler invocation or a §5.4 severance escape; watch transport_lease_overlong / transport_parked_commits
[2026-08-29T18:37:15Z ERROR fuse3::raw::connection::fuse_over_uring] transport payload lease held 1189 ms (≥ 1 s) — overlong handler invocation or a §5.4 severance escape; watch transport_lease_overlong / transport_parked_commits
[2026-08-29T18:37:15Z ERROR fuse3::raw::connection::fuse_over_uring] transport payload lease held 1188 ms (≥ 1 s) — overlong handler invocation or a §5.4 severance escape; watch transport_lease_overlong / transport_parked_commits
[2026-08-29T18:37:15Z ERROR fuse3::raw::connection::fuse_over_uring] transport payload lease held 1188 ms (≥ 1 s) — overlong handler invocation or a §5.4 severance escape; watch transport_lease_overlong / transport_parked_commits
[2026-08-29T18:37:16Z ERROR fuse3::raw::connection::fuse_over_uring] transport payload lease held 1357 ms (≥ 1 s) — overlong handler invocation or a §5.4 severance escape; watch transport_lease_overlong / transport_parked_commits
[2026-08-29T18:37:16Z ERROR fuse3::raw::connection::fuse_over_uring] transport payload lease held 1338 ms (≥ 1 s) — overlong handler invocation or a §5.4 severance escape; watch transport_lease_overlong / transport_parked_commits
[2026-08-29T18:37:16Z ERROR fuse3::raw::connection::fuse_over_uring] transport payload lease held 1339 ms (≥ 1 s) — overlong handler invocation or a §5.4 severance escape; watch transport_lease_overlong / transport_parked_commits
[2026-08-29T18:37:16Z ERROR fuse3::raw::connection::fuse_over_uring] transport payload lease held 1338 ms (≥ 1 s) — overlong handler invocation or a §5.4 severance escape; watch transport_lease_overlong / transport_parked_commits
[2026-08-29T18:37:16Z ERROR fuse3::raw::connection::fuse_over_uring] transport payload lease held 1284 ms (≥ 1 s) — overlong handler invocation or a §5.4 severance escape; watch transport_lease_overlong / transport_parked_commits
[2026-08-29T18:37:16Z ERROR fuse3::raw::connection::fuse_over_uring] transport payload lease held 1263 ms (≥ 1 s) — overlong handler invocation or a §5.4 severance escape; watch transport_lease_overlong / transport_parked_commits
[2026-08-29T18:37:16Z ERROR fuse3::raw::connection::fuse_over_uring] transport payload lease held 1263 ms (≥ 1 s) — overlong handler invocation or a §5.4 severance escape; watch transport_lease_overlong / transport_parked_commits
[2026-08-29T18:37:16Z ERROR fuse3::raw::connection::fuse_over_uring] transport payload lease held 1263 ms (≥ 1 s) — overlong handler invocation or a §5.4 severance escape; watch transport_lease_overlong / transport_parked_commits
[2026-08-29T18:37:16Z ERROR fuse3::raw::connection::fuse_over_uring] transport payload lease held 1148 ms (≥ 1 s) — overlong handler invocation or a §5.4 severance escape; watch transport_lease_overlong / transport_parked_commits
[2026-08-29T18:37:16Z ERROR fuse3::raw::connection::fuse_over_uring] transport payload lease held 1144 ms (≥ 1 s) — overlong handler invocation or a §5.4 severance escape; watch transport_lease_overlong / transport_parked_commits
[2026-08-29T18:37:16Z ERROR fuse3::raw::connection::fuse_over_uring] transport payload lease held 1134 ms (≥ 1 s) — overlong handler invocation or a §5.4 severance escape; watch transport_lease_overlong / transport_parked_commits
[2026-08-29T18:37:16Z ERROR fuse3::raw::connection::fuse_over_uring] transport payload lease held 1121 ms (≥ 1 s) — overlong handler invocation or a §5.4 severance escape; watch transport_lease_overlong / transport_parked_commits
[2026-08-29T18:37:16Z ERROR fuse3::raw::connection::fuse_over_uring] transport payload lease held 1170 ms (≥ 1 s) — overlong handler invocation or a §5.4 severance escape; watch transport_lease_overlong / transport_parked_commits
[2026-08-29T18:37:16Z ERROR fuse3::raw::connection::fuse_over_uring] transport payload lease held 1170 ms (≥ 1 s) — overlong handler invocation or a §5.4 severance escape; watch transport_lease_overlong / transport_parked_commits
[2026-08-29T18:37:16Z ERROR fuse3::raw::connection::fuse_over_uring] transport payload lease held 1143 ms (≥ 1 s) — overlong handler invocation or a §5.4 severance escape; watch transport_lease_overlong / transport_parked_commits
[2026-08-29T18:37:16Z ERROR fuse3::raw::connection::fuse_over_uring] transport payload lease held 1120 ms (≥ 1 s) — overlong handler invocation or a §5.4 severance escape; watch transport_lease_overlong / transport_parked_commits
[2026-08-29T18:37:16Z ERROR fuse3::raw::connection::fuse_over_uring] transport payload lease held 1007 ms (≥ 1 s) — overlong handler invocation or a §5.4 severance escape; watch transport_lease_overlong / transport_parked_commits
[2026-08-29T18:37:20Z WARN  squeezefs::block_allocator] co-writer: abandoning never-published block offset(s) leak-safe (volume 'nvme6n1', first offset 154287472640): the publish that would have named them failed or refused, and a co-writer may not mutate ownership accounting — the next derivation (mount recovery / fsck C6) returns them to the free supply (cowriter_unpublished_abandons; further offsets at debug level)
[2026-08-29T18:37:20Z ERROR fuse3::raw::connection::fuse_over_uring] transport payload lease held 1170 ms (≥ 1 s) — overlong handler invocation or a §5.4 severance escape; watch transport_lease_overlong / transport_parked_commits
[2026-08-29T18:37:20Z ERROR fuse3::raw::connection::fuse_over_uring] transport payload lease held 1170 ms (≥ 1 s) — overlong handler invocation or a §5.4 severance escape; watch transport_lease_overlong / transport_parked_commits
[2026-08-29T18:37:20Z ERROR fuse3::raw::connection::fuse_over_uring] transport payload lease held 1168 ms (≥ 1 s) — overlong handler invocation or a §5.4 severance escape; watch transport_lease_overlong / transport_parked_commits
[2026-08-29T18:37:20Z ERROR fuse3::raw::connection::fuse_over_uring] transport payload lease held 1168 ms (≥ 1 s) — overlong handler invocation or a §5.4 severance escape; watch transport_lease_overlong / transport_parked_commits
[2026-08-29T18:37:20Z ERROR fuse3::raw::connection::fuse_over_uring] transport payload lease held 1276 ms (≥ 1 s) — overlong handler invocation or a §5.4 severance escape; watch transport_lease_overlong / transport_parked_commits
[2026-08-29T18:37:20Z ERROR fuse3::raw::connection::fuse_over_uring] transport payload lease held 1261 ms (≥ 1 s) — overlong handler invocation or a §5.4 severance escape; watch transport_lease_overlong / transport_parked_commits
[2026-08-29T18:37:20Z ERROR fuse3::raw::connection::fuse_over_uring] transport payload lease held 1262 ms (≥ 1 s) — overlong handler invocation or a §5.4 severance escape; watch transport_lease_overlong / transport_parked_commits
[2026-08-29T18:37:20Z ERROR fuse3::raw::connection::fuse_over_uring] transport payload lease held 1225 ms (≥ 1 s) — overlong handler invocation or a §5.4 severance escape; watch transport_lease_overlong / transport_parked_commits
[2026-08-29T18:37:20Z ERROR fuse3::raw::connection::fuse_over_uring] transport payload lease held 1356 ms (≥ 1 s) — overlong handler invocation or a §5.4 severance escape; watch transport_lease_overlong / transport_parked_commits
[2026-08-29T18:37:20Z ERROR fuse3::raw::connection::fuse_over_uring] transport payload lease held 1356 ms (≥ 1 s) — overlong handler invocation or a §5.4 severance escape; watch transport_lease_overlong / transport_parked_commits
[2026-08-29T18:37:20Z ERROR fuse3::raw::connection::fuse_over_uring] transport payload lease held 1356 ms (≥ 1 s) — overlong handler invocation or a §5.4 severance escape; watch transport_lease_overlong / transport_parked_commits
[2026-08-29T18:37:21Z ERROR fuse3::raw::connection::fuse_over_uring] transport payload lease held 1947 ms (≥ 1 s) — overlong handler invocation or a §5.4 severance escape; watch transport_lease_overlong / transport_parked_commits
[2026-08-29T18:37:21Z ERROR fuse3::raw::connection::fuse_over_uring] transport payload lease held 1948 ms (≥ 1 s) — overlong handler invocation or a §5.4 severance escape; watch transport_lease_overlong / transport_parked_commits
[2026-08-29T18:37:21Z ERROR fuse3::raw::connection::fuse_over_uring] transport payload lease held 1948 ms (≥ 1 s) — overlong handler invocation or a §5.4 severance escape; watch transport_lease_overlong / transport_parked_commits
[2026-08-29T18:37:21Z ERROR fuse3::raw::connection::fuse_over_uring] transport payload lease held 2343 ms (≥ 1 s) — overlong handler invocation or a §5.4 severance escape; watch transport_lease_overlong / transport_parked_commits
[2026-08-29T18:37:21Z ERROR fuse3::raw::connection::fuse_over_uring] transport payload lease held 2343 ms (≥ 1 s) — overlong handler invocation or a §5.4 severance escape; watch transport_lease_overlong / transport_parked_commits
[2026-08-29T18:37:21Z ERROR fuse3::raw::connection::fuse_over_uring] transport payload lease held 2343 ms (≥ 1 s) — overlong handler invocation or a §5.4 severance escape; watch transport_lease_overlong / transport_parked_commits
[2026-08-29T18:37:21Z ERROR fuse3::raw::connection::fuse_over_uring] transport payload lease held 2343 ms (≥ 1 s) — overlong handler invocation or a §5.4 severance escape; watch transport_lease_overlong / transport_parked_commits
[2026-08-29T18:37:24Z ERROR fuse3::raw::connection::fuse_over_uring] transport payload lease held 1111 ms (≥ 1 s) — overlong handler invocation or a §5.4 severance escape; watch transport_lease_overlong / transport_parked_commits
[2026-08-29T18:37:24Z ERROR fuse3::raw::connection::fuse_over_uring] transport payload lease held 1111 ms (≥ 1 s) — overlong handler invocation or a §5.4 severance escape; watch transport_lease_overlong / transport_parked_commits
[2026-08-29T18:37:24Z ERROR fuse3::raw::connection::fuse_over_uring] transport payload lease held 1111 ms (≥ 1 s) — overlong handler invocation or a §5.4 severance escape; watch transport_lease_overlong / transport_parked_commits
[2026-08-29T18:37:24Z ERROR fuse3::raw::connection::fuse_over_uring] transport payload lease held 1006 ms (≥ 1 s) — overlong handler invocation or a §5.4 severance escape; watch transport_lease_overlong / transport_parked_commits
[2026-08-29T18:37:24Z ERROR fuse3::raw::connection::fuse_over_uring] transport payload lease held 1169 ms (≥ 1 s) — overlong handler invocation or a §5.4 severance escape; watch transport_lease_overlong / transport_parked_commits
[2026-08-29T18:37:24Z ERROR fuse3::raw::connection::fuse_over_uring] transport payload lease held 1170 ms (≥ 1 s) — overlong handler invocation or a §5.4 severance escape; watch transport_lease_overlong / transport_parked_commits
[2026-08-29T18:37:24Z ERROR fuse3::raw::connection::fuse_over_uring] transport payload lease held 1170 ms (≥ 1 s) — overlong handler invocation or a §5.4 severance escape; watch transport_lease_overlong / transport_parked_commits
[2026-08-29T18:37:24Z ERROR fuse3::raw::connection::fuse_over_uring] transport payload lease held 1078 ms (≥ 1 s) — overlong handler invocation or a §5.4 severance escape; watch transport_lease_overlong / transport_parked_commits
[2026-08-29T18:37:24Z ERROR fuse3::raw::connection::fuse_over_uring] transport payload lease held 1077 ms (≥ 1 s) — overlong handler invocation or a §5.4 severance escape; watch transport_lease_overlong / transport_parked_commits
[2026-08-29T18:37:24Z ERROR fuse3::raw::connection::fuse_over_uring] transport payload lease held 1079 ms (≥ 1 s) — overlong handler invocation or a §5.4 severance escape; watch transport_lease_overlong / transport_parked_commits
[2026-08-29T18:37:25Z ERROR fuse3::raw::connection::fuse_over_uring] transport payload lease held 1102 ms (≥ 1 s) — overlong handler invocation or a §5.4 severance escape; watch transport_lease_overlong / transport_parked_commits
[2026-08-29T18:37:25Z ERROR fuse3::raw::connection::fuse_over_uring] transport payload lease held 1041 ms (≥ 1 s) — overlong handler invocation or a §5.4 severance escape; watch transport_lease_overlong / transport_parked_commits
[2026-08-29T18:37:25Z ERROR fuse3::raw::connection::fuse_over_uring] transport payload lease held 1040 ms (≥ 1 s) — overlong handler invocation or a §5.4 severance escape; watch transport_lease_overlong / transport_parked_commits
[2026-08-29T18:37:25Z ERROR fuse3::raw::connection::fuse_over_uring] transport payload lease held 1040 ms (≥ 1 s) — overlong handler invocation or a §5.4 severance escape; watch transport_lease_overlong / transport_parked_commits
[2026-08-29T18:37:25Z ERROR fuse3::raw::connection::fuse_over_uring] transport payload lease held 1040 ms (≥ 1 s) — overlong handler invocation or a §5.4 severance escape; watch transport_lease_overlong / transport_parked_commits
[2026-08-29T18:37:25Z ERROR fuse3::raw::connection::fuse_over_uring] transport payload lease held 1093 ms (≥ 1 s) — overlong handler invocation or a §5.4 severance escape; watch transport_lease_overlong / transport_parked_commits
[2026-08-29T18:37:25Z ERROR fuse3::raw::connection::fuse_over_uring] transport payload lease held 1094 ms (≥ 1 s) — overlong handler invocation or a §5.4 severance escape; watch transport_lease_overlong / transport_parked_commits
[2026-08-29T18:37:25Z ERROR fuse3::raw::connection::fuse_over_uring] transport payload lease held 1094 ms (≥ 1 s) — overlong handler invocation or a §5.4 severance escape; watch transport_lease_overlong / transport_parked_commits
[2026-08-29T18:37:25Z ERROR fuse3::raw::connection::fuse_over_uring] transport payload lease held 1147 ms (≥ 1 s) — overlong handler invocation or a §5.4 severance escape; watch transport_lease_overlong / transport_parked_commits
[2026-08-29T18:37:25Z ERROR fuse3::raw::connection::fuse_over_uring] transport payload lease held 1147 ms (≥ 1 s) — overlong handler invocation or a §5.4 severance escape; watch transport_lease_overlong / transport_parked_commits
[2026-08-29T18:37:25Z ERROR fuse3::raw::connection::fuse_over_uring] transport payload lease held 1511 ms (≥ 1 s) — overlong handler invocation or a §5.4 severance escape; watch transport_lease_overlong / transport_parked_commits
[2026-08-29T18:37:25Z ERROR fuse3::raw::connection::fuse_over_uring] transport payload lease held 1393 ms (≥ 1 s) — overlong handler invocation or a §5.4 severance escape; watch transport_lease_overlong / transport_parked_commits
[2026-08-29T18:37:25Z ERROR fuse3::raw::connection::fuse_over_uring] transport payload lease held 1393 ms (≥ 1 s) — overlong handler invocation or a §5.4 severance escape; watch transport_lease_overlong / transport_parked_commits
[2026-08-29T18:37:25Z ERROR fuse3::raw::connection::fuse_over_uring] transport payload lease held 1380 ms (≥ 1 s) — overlong handler invocation or a §5.4 severance escape; watch transport_lease_overlong / transport_parked_commits
[2026-08-29T18:37:25Z ERROR fuse3::raw::connection::fuse_over_uring] transport payload lease held 1379 ms (≥ 1 s) — overlong handler invocation or a §5.4 severance escape; watch transport_lease_overlong / transport_parked_commits
[2026-08-29T18:37:25Z ERROR fuse3::raw::connection::fuse_over_uring] transport payload lease held 1314 ms (≥ 1 s) — overlong handler invocation or a §5.4 severance escape; watch transport_lease_overlong / transport_parked_commits
[2026-08-29T18:37:25Z ERROR fuse3::raw::connection::fuse_over_uring] transport payload lease held 1314 ms (≥ 1 s) — overlong handler invocation or a §5.4 severance escape; watch transport_lease_overlong / transport_parked_commits
[2026-08-29T18:37:25Z ERROR fuse3::raw::connection::fuse_over_uring] transport payload lease held 1314 ms (≥ 1 s) — overlong handler invocation or a §5.4 severance escape; watch transport_lease_overlong / transport_parked_commits
[2026-08-29T18:37:25Z ERROR fuse3::raw::connection::fuse_over_uring] transport payload lease held 1845 ms (≥ 1 s) — overlong handler invocation or a §5.4 severance escape; watch transport_lease_overlong / transport_parked_commits
[2026-08-29T18:37:25Z ERROR fuse3::raw::connection::fuse_over_uring] transport payload lease held 1845 ms (≥ 1 s) — overlong handler invocation or a §5.4 severance escape; watch transport_lease_overlong / transport_parked_commits
[2026-08-29T18:37:25Z ERROR fuse3::raw::connection::fuse_over_uring] transport payload lease held 1846 ms (≥ 1 s) — overlong handler invocation or a §5.4 severance escape; watch transport_lease_overlong / transport_parked_commits
[2026-08-29T18:37:25Z ERROR fuse3::raw::connection::fuse_over_uring] transport payload lease held 1846 ms (≥ 1 s) — overlong handler invocation or a §5.4 severance escape; watch transport_lease_overlong / transport_parked_commits
[2026-08-29T18:37:25Z ERROR fuse3::raw::connection::fuse_over_uring] transport payload lease held 1302 ms (≥ 1 s) — overlong handler invocation or a §5.4 severance escape; watch transport_lease_overlong / transport_parked_commits
[2026-08-29T18:37:25Z ERROR fuse3::raw::connection::fuse_over_uring] transport payload lease held 1302 ms (≥ 1 s) — overlong handler invocation or a §5.4 severance escape; watch transport_lease_overlong / transport_parked_commits
[2026-08-29T18:37:25Z ERROR fuse3::raw::connection::fuse_over_uring] transport payload lease held 1318 ms (≥ 1 s) — overlong handler invocation or a §5.4 severance escape; watch transport_lease_overlong / transport_parked_commits
[2026-08-29T18:37:25Z ERROR fuse3::raw::connection::fuse_over_uring] transport payload lease held 1302 ms (≥ 1 s) — overlong handler invocation or a §5.4 severance escape; watch transport_lease_overlong / transport_parked_commits
[2026-08-29T18:37:25Z ERROR fuse3::raw::connection::fuse_over_uring] transport payload lease held 1328 ms (≥ 1 s) — overlong handler invocation or a §5.4 severance escape; watch transport_lease_overlong / transport_parked_commits
[2026-08-29T18:37:25Z ERROR fuse3::raw::connection::fuse_over_uring] transport payload lease held 1328 ms (≥ 1 s) — overlong handler invocation or a §5.4 severance escape; watch transport_lease_overlong / transport_parked_commits
[2026-08-29T18:37:25Z ERROR fuse3::raw::connection::fuse_over_uring] transport payload lease held 1335 ms (≥ 1 s) — overlong handler invocation or a §5.4 severance escape; watch transport_lease_overlong / transport_parked_commits
[2026-08-29T18:37:25Z ERROR fuse3::raw::connection::fuse_over_uring] transport payload lease held 1337 ms (≥ 1 s) — overlong handler invocation or a §5.4 severance escape; watch transport_lease_overlong / transport_parked_commits
[2026-08-29T18:37:25Z ERROR fuse3::raw::connection::fuse_over_uring] transport payload lease held 1430 ms (≥ 1 s) — overlong handler invocation or a §5.4 severance escape; watch transport_lease_overlong / transport_parked_commits
[2026-08-29T18:37:25Z ERROR fuse3::raw::connection::fuse_over_uring] transport payload lease held 1429 ms (≥ 1 s) — overlong handler invocation or a §5.4 severance escape; watch transport_lease_overlong / transport_parked_commits
[2026-08-29T18:37:25Z ERROR fuse3::raw::connection::fuse_over_uring] transport payload lease held 1429 ms (≥ 1 s) — overlong handler invocation or a §5.4 severance escape; watch transport_lease_overlong / transport_parked_commits
[2026-08-29T18:37:25Z ERROR fuse3::raw::connection::fuse_over_uring] transport payload lease held 1810 ms (≥ 1 s) — overlong handler invocation or a §5.4 severance escape; watch transport_lease_overlong / transport_parked_commits
[2026-08-29T18:37:25Z ERROR fuse3::raw::connection::fuse_over_uring] transport payload lease held 1437 ms (≥ 1 s) — overlong handler invocation or a §5.4 severance escape; watch transport_lease_overlong / transport_parked_commits
[2026-08-29T18:37:25Z ERROR fuse3::raw::connection::fuse_over_uring] transport payload lease held 1438 ms (≥ 1 s) — overlong handler invocation or a §5.4 severance escape; watch transport_lease_overlong / transport_parked_commits
[2026-08-29T18:37:25Z ERROR fuse3::raw::connection::fuse_over_uring] transport payload lease held 1438 ms (≥ 1 s) — overlong handler invocation or a §5.4 severance escape; watch transport_lease_overlong / transport_parked_commits
[2026-08-29T18:37:25Z ERROR fuse3::raw::connection::fuse_over_uring] transport payload lease held 2011 ms (≥ 1 s) — overlong handler invocation or a §5.4 severance escape; watch transport_lease_overlong / transport_parked_commits
[2026-08-29T18:37:25Z ERROR fuse3::raw::connection::fuse_over_uring] transport payload lease held 2011 ms (≥ 1 s) — overlong handler invocation or a §5.4 severance escape; watch transport_lease_overlong / transport_parked_commits
[2026-08-29T18:37:25Z ERROR fuse3::raw::connection::fuse_over_uring] transport payload lease held 2010 ms (≥ 1 s) — overlong handler invocation or a §5.4 severance escape; watch transport_lease_overlong / transport_parked_commits
[2026-08-29T18:37:25Z ERROR fuse3::raw::connection::fuse_over_uring] transport payload lease held 2010 ms (≥ 1 s) — overlong handler invocation or a §5.4 severance escape; watch transport_lease_overlong / transport_parked_commits
[2026-08-29T18:37:25Z ERROR fuse3::raw::connection::fuse_over_uring] transport payload lease held 1489 ms (≥ 1 s) — overlong handler invocation or a §5.4 severance escape; watch transport_lease_overlong / transport_parked_commits
[2026-08-29T18:37:25Z ERROR fuse3::raw::connection::fuse_over_uring] transport payload lease held 1483 ms (≥ 1 s) — overlong handler invocation or a §5.4 severance escape; watch transport_lease_overlong / transport_parked_commits
[2026-08-29T18:37:25Z ERROR fuse3::raw::connection::fuse_over_uring] transport payload lease held 1483 ms (≥ 1 s) — overlong handler invocation or a §5.4 severance escape; watch transport_lease_overlong / transport_parked_commits
[2026-08-29T18:37:25Z ERROR fuse3::raw::connection::fuse_over_uring] transport payload lease held 1483 ms (≥ 1 s) — overlong handler invocation or a §5.4 severance escape; watch transport_lease_overlong / transport_parked_commits
[2026-08-29T18:37:25Z ERROR fuse3::raw::connection::fuse_over_uring] transport payload lease held 1871 ms (≥ 1 s) — overlong handler invocation or a §5.4 severance escape; watch transport_lease_overlong / transport_parked_commits
[2026-08-29T18:37:25Z ERROR fuse3::raw::connection::fuse_over_uring] transport payload lease held 1872 ms (≥ 1 s) — overlong handler invocation or a §5.4 severance escape; watch transport_lease_overlong / transport_parked_commits
[2026-08-29T18:37:25Z ERROR fuse3::raw::connection::fuse_over_uring] transport payload lease held 1872 ms (≥ 1 s) — overlong handler invocation or a §5.4 severance escape; watch transport_lease_overlong / transport_parked_commits
[2026-08-29T18:37:25Z ERROR fuse3::raw::connection::fuse_over_uring] transport payload lease held 1872 ms (≥ 1 s) — overlong handler invocation or a §5.4 severance escape; watch transport_lease_overlong / transport_parked_commits
[2026-08-29T18:37:25Z ERROR fuse3::raw::connection::fuse_over_uring] transport payload lease held 1531 ms (≥ 1 s) — overlong handler invocation or a §5.4 severance escape; watch transport_lease_overlong / transport_parked_commits
[2026-08-29T18:37:25Z ERROR fuse3::raw::connection::fuse_over_uring] transport payload lease held 1421 ms (≥ 1 s) — overlong handler invocation or a §5.4 severance escape; watch transport_lease_overlong / transport_parked_commits
[2026-08-29T18:37:25Z ERROR fuse3::raw::connection::fuse_over_uring] transport payload lease held 1399 ms (≥ 1 s) — overlong handler invocation or a §5.4 severance escape; watch transport_lease_overlong / transport_parked_commits
[2026-08-29T18:37:25Z ERROR fuse3::raw::connection::fuse_over_uring] transport payload lease held 1579 ms (≥ 1 s) — overlong handler invocation or a §5.4 severance escape; watch transport_lease_overlong / transport_parked_commits
[2026-08-29T18:37:25Z ERROR fuse3::raw::connection::fuse_over_uring] transport payload lease held 1579 ms (≥ 1 s) — overlong handler invocation or a §5.4 severance escape; watch transport_lease_overlong / transport_parked_commits
[2026-08-29T18:37:25Z ERROR fuse3::raw::connection::fuse_over_uring] transport payload lease held 1568 ms (≥ 1 s) — overlong handler invocation or a §5.4 severance escape; watch transport_lease_overlong / transport_parked_commits
[2026-08-29T18:37:25Z ERROR fuse3::raw::connection::fuse_over_uring] transport payload lease held 1560 ms (≥ 1 s) — overlong handler invocation or a §5.4 severance escape; watch transport_lease_overlong / transport_parked_commits
[2026-08-29T18:37:25Z ERROR fuse3::raw::connection::fuse_over_uring] transport payload lease held 1603 ms (≥ 1 s) — overlong handler invocation or a §5.4 severance escape; watch transport_lease_overlong / transport_parked_commits
[2026-08-29T18:37:25Z ERROR fuse3::raw::connection::fuse_over_uring] transport payload lease held 1604 ms (≥ 1 s) — overlong handler invocation or a §5.4 severance escape; watch transport_lease_overlong / transport_parked_commits
[2026-08-29T18:37:25Z ERROR fuse3::raw::connection::fuse_over_uring] transport payload lease held 1602 ms (≥ 1 s) — overlong handler invocation or a §5.4 severance escape; watch transport_lease_overlong / transport_parked_commits
[2026-08-29T18:37:25Z ERROR fuse3::raw::connection::fuse_over_uring] transport payload lease held 1749 ms (≥ 1 s) — overlong handler invocation or a §5.4 severance escape; watch transport_lease_overlong / transport_parked_commits
[2026-08-29T18:37:26Z ERROR fuse3::raw::connection::fuse_over_uring] transport payload lease held 1886 ms (≥ 1 s) — overlong handler invocation or a §5.4 severance escape; watch transport_lease_overlong / transport_parked_commits
[2026-08-29T18:37:26Z ERROR fuse3::raw::connection::fuse_over_uring] transport payload lease held 1886 ms (≥ 1 s) — overlong handler invocation or a §5.4 severance escape; watch transport_lease_overlong / transport_parked_commits
[2026-08-29T18:37:26Z ERROR fuse3::raw::connection::fuse_over_uring] transport payload lease held 1886 ms (≥ 1 s) — overlong handler invocation or a §5.4 severance escape; watch transport_lease_overlong / transport_parked_commits
[2026-08-29T18:37:26Z ERROR fuse3::raw::connection::fuse_over_uring] transport payload lease held 1886 ms (≥ 1 s) — overlong handler invocation or a §5.4 severance escape; watch transport_lease_overlong / transport_parked_commits
[2026-08-29T18:37:26Z ERROR fuse3::raw::connection::fuse_over_uring] transport payload lease held 2551 ms (≥ 1 s) — overlong handler invocation or a §5.4 severance escape; watch transport_lease_overlong / transport_parked_commits
[2026-08-29T18:37:26Z ERROR fuse3::raw::connection::fuse_over_uring] transport payload lease held 2552 ms (≥ 1 s) — overlong handler invocation or a §5.4 severance escape; watch transport_lease_overlong / transport_parked_commits
[2026-08-29T18:37:26Z ERROR fuse3::raw::connection::fuse_over_uring] transport payload lease held 2567 ms (≥ 1 s) — overlong handler invocation or a §5.4 severance escape; watch transport_lease_overlong / transport_parked_commits
[2026-08-29T18:37:26Z ERROR fuse3::raw::connection::fuse_over_uring] transport payload lease held 2567 ms (≥ 1 s) — overlong handler invocation or a §5.4 severance escape; watch transport_lease_overlong / transport_parked_commits
[2026-08-29T18:37:26Z ERROR fuse3::raw::connection::fuse_over_uring] transport payload lease held 2568 ms (≥ 1 s) — overlong handler invocation or a §5.4 severance escape; watch transport_lease_overlong / transport_parked_commits
[2026-08-29T18:37:26Z ERROR fuse3::raw::connection::fuse_over_uring] transport payload lease held 2568 ms (≥ 1 s) — overlong handler invocation or a §5.4 severance escape; watch transport_lease_overlong / transport_parked_commits
[2026-08-29T18:37:26Z ERROR fuse3::raw::connection::fuse_over_uring] transport payload lease held 2569 ms (≥ 1 s) — overlong handler invocation or a §5.4 severance escape; watch transport_lease_overlong / transport_parked_commits
[2026-08-29T18:37:26Z ERROR fuse3::raw::connection::fuse_over_uring] transport payload lease held 2569 ms (≥ 1 s) — overlong handler invocation or a §5.4 severance escape; watch transport_lease_overlong / transport_parked_commits
[2026-08-29T18:37:26Z ERROR fuse3::raw::connection::fuse_over_uring] transport payload lease held 2570 ms (≥ 1 s) — overlong handler invocation or a §5.4 severance escape; watch transport_lease_overlong / transport_parked_commits
[2026-08-29T18:37:26Z ERROR fuse3::raw::connection::fuse_over_uring] transport payload lease held 2571 ms (≥ 1 s) — overlong handler invocation or a §5.4 severance escape; watch transport_lease_overlong / transport_parked_commits
[2026-08-29T18:37:29Z ERROR fuse3::raw::connection::fuse_over_uring] transport payload lease held 1030 ms (≥ 1 s) — overlong handler invocation or a §5.4 severance escape; watch transport_lease_overlong / transport_parked_commits
[2026-08-29T18:37:29Z ERROR fuse3::raw::connection::fuse_over_uring] transport payload lease held 1030 ms (≥ 1 s) — overlong handler invocation or a §5.4 severance escape; watch transport_lease_overlong / transport_parked_commits
[2026-08-29T18:37:29Z ERROR fuse3::raw::connection::fuse_over_uring] transport payload lease held 1030 ms (≥ 1 s) — overlong handler invocation or a §5.4 severance escape; watch transport_lease_overlong / transport_parked_commits
[2026-08-29T18:37:29Z ERROR fuse3::raw::connection::fuse_over_uring] transport payload lease held 1030 ms (≥ 1 s) — overlong handler invocation or a §5.4 severance escape; watch transport_lease_overlong / transport_parked_commits
[2026-08-29T18:37:29Z ERROR fuse3::raw::connection::fuse_over_uring] transport payload lease held 1072 ms (≥ 1 s) — overlong handler invocation or a §5.4 severance escape; watch transport_lease_overlong / transport_parked_commits
[2026-08-29T18:37:29Z ERROR fuse3::raw::connection::fuse_over_uring] transport payload lease held 1153 ms (≥ 1 s) — overlong handler invocation or a §5.4 severance escape; watch transport_lease_overlong / transport_parked_commits
[2026-08-29T18:37:29Z ERROR fuse3::raw::connection::fuse_over_uring] transport payload lease held 1153 ms (≥ 1 s) — overlong handler invocation or a §5.4 severance escape; watch transport_lease_overlong / transport_parked_commits
[2026-08-29T18:37:29Z ERROR fuse3::raw::connection::fuse_over_uring] transport payload lease held 1153 ms (≥ 1 s) — overlong handler invocation or a §5.4 severance escape; watch transport_lease_overlong / transport_parked_commits
[2026-08-29T18:37:33Z WARN  squeezefs::block_allocator] co-writer: abandoning never-published block offset(s) leak-safe (volume 'nvme7n1', first offset 165091999744): the publish that would have named them failed or refused, and a co-writer may not mutate ownership accounting — the next derivation (mount recovery / fsck C6) returns them to the free supply (cowriter_unpublished_abandons; further offsets at debug level)
[2026-08-29T18:37:37Z ERROR fuse3::raw::connection::fuse_over_uring] transport payload lease held 1047 ms (≥ 1 s) — overlong handler invocation or a §5.4 severance escape; watch transport_lease_overlong / transport_parked_commits
[2026-08-29T18:37:37Z ERROR fuse3::raw::connection::fuse_over_uring] transport payload lease held 1047 ms (≥ 1 s) — overlong handler invocation or a §5.4 severance escape; watch transport_lease_overlong / transport_parked_commits
[2026-08-29T18:37:37Z ERROR fuse3::raw::connection::fuse_over_uring] transport payload lease held 1312 ms (≥ 1 s) — overlong handler invocation or a §5.4 severance escape; watch transport_lease_overlong / transport_parked_commits
[2026-08-29T18:37:37Z ERROR fuse3::raw::connection::fuse_over_uring] transport payload lease held 1312 ms (≥ 1 s) — overlong handler invocation or a §5.4 severance escape; watch transport_lease_overlong / transport_parked_commits
[2026-08-29T18:37:37Z ERROR fuse3::raw::connection::fuse_over_uring] transport payload lease held 1312 ms (≥ 1 s) — overlong handler invocation or a §5.4 severance escape; watch transport_lease_overlong / transport_parked_commits
[2026-08-29T18:37:37Z ERROR fuse3::raw::connection::fuse_over_uring] transport payload lease held 1311 ms (≥ 1 s) — overlong handler invocation or a §5.4 severance escape; watch transport_lease_overlong / transport_parked_commits
[2026-08-29T18:37:37Z ERROR fuse3::raw::connection::fuse_over_uring] transport payload lease held 1061 ms (≥ 1 s) — overlong handler invocation or a §5.4 severance escape; watch transport_lease_overlong / transport_parked_commits
[2026-08-29T18:37:37Z ERROR fuse3::raw::connection::fuse_over_uring] transport payload lease held 1050 ms (≥ 1 s) — overlong handler invocation or a §5.4 severance escape; watch transport_lease_overlong / transport_parked_commits
[2026-08-29T18:37:37Z ERROR fuse3::raw::connection::fuse_over_uring] transport payload lease held 1047 ms (≥ 1 s) — overlong handler invocation or a §5.4 severance escape; watch transport_lease_overlong / transport_parked_commits
[2026-08-29T18:37:37Z ERROR fuse3::raw::connection::fuse_over_uring] transport payload lease held 1076 ms (≥ 1 s) — overlong handler invocation or a §5.4 severance escape; watch transport_lease_overlong / transport_parked_commits
[2026-08-29T18:37:37Z ERROR fuse3::raw::connection::fuse_over_uring] transport payload lease held 1066 ms (≥ 1 s) — overlong handler invocation or a §5.4 severance escape; watch transport_lease_overlong / transport_parked_commits
[2026-08-29T18:37:37Z ERROR fuse3::raw::connection::fuse_over_uring] transport payload lease held 1068 ms (≥ 1 s) — overlong handler invocation or a §5.4 severance escape; watch transport_lease_overlong / transport_parked_commits
[2026-08-29T18:37:37Z ERROR fuse3::raw::connection::fuse_over_uring] transport payload lease held 1300 ms (≥ 1 s) — overlong handler invocation or a §5.4 severance escape; watch transport_lease_overlong / transport_parked_commits
[2026-08-29T18:37:37Z ERROR fuse3::raw::connection::fuse_over_uring] transport payload lease held 1299 ms (≥ 1 s) — overlong handler invocation or a §5.4 severance escape; watch transport_lease_overlong / transport_parked_commits
[2026-08-29T18:37:37Z ERROR fuse3::raw::connection::fuse_over_uring] transport payload lease held 1299 ms (≥ 1 s) — overlong handler invocation or a §5.4 severance escape; watch transport_lease_overlong / transport_parked_commits
[2026-08-29T18:37:37Z ERROR fuse3::raw::connection::fuse_over_uring] transport payload lease held 1299 ms (≥ 1 s) — overlong handler invocation or a §5.4 severance escape; watch transport_lease_overlong / transport_parked_commits
[2026-08-29T18:37:37Z ERROR fuse3::raw::connection::fuse_over_uring] transport payload lease held 1089 ms (≥ 1 s) — overlong handler invocation or a §5.4 severance escape; watch transport_lease_overlong / transport_parked_commits
[2026-08-29T18:37:37Z ERROR fuse3::raw::connection::fuse_over_uring] transport payload lease held 1086 ms (≥ 1 s) — overlong handler invocation or a §5.4 severance escape; watch transport_lease_overlong / transport_parked_commits
[2026-08-29T18:37:37Z ERROR fuse3::raw::connection::fuse_over_uring] transport payload lease held 1074 ms (≥ 1 s) — overlong handler invocation or a §5.4 severance escape; watch transport_lease_overlong / transport_parked_commits
[2026-08-29T18:37:37Z ERROR fuse3::raw::connection::fuse_over_uring] transport payload lease held 1083 ms (≥ 1 s) — overlong handler invocation or a §5.4 severance escape; watch transport_lease_overlong / transport_parked_commits
[2026-08-29T18:37:37Z ERROR fuse3::raw::connection::fuse_over_uring] transport payload lease held 1073 ms (≥ 1 s) — overlong handler invocation or a §5.4 severance escape; watch transport_lease_overlong / transport_parked_commits
[2026-08-29T18:37:37Z ERROR fuse3::raw::connection::fuse_over_uring] transport payload lease held 1052 ms (≥ 1 s) — overlong handler invocation or a §5.4 severance escape; watch transport_lease_overlong / transport_parked_commits
[2026-08-29T18:37:37Z ERROR fuse3::raw::connection::fuse_over_uring] transport payload lease held 1069 ms (≥ 1 s) — overlong handler invocation or a §5.4 severance escape; watch transport_lease_overlong / transport_parked_commits
[2026-08-29T18:37:37Z ERROR fuse3::raw::connection::fuse_over_uring] transport payload lease held 1052 ms (≥ 1 s) — overlong handler invocation or a §5.4 severance escape; watch transport_lease_overlong / transport_parked_commits
[2026-08-29T18:37:37Z ERROR fuse3::raw::connection::fuse_over_uring] transport payload lease held 1053 ms (≥ 1 s) — overlong handler invocation or a §5.4 severance escape; watch transport_lease_overlong / transport_parked_commits
[2026-08-29T18:37:37Z ERROR fuse3::raw::connection::fuse_over_uring] transport payload lease held 1050 ms (≥ 1 s) — overlong handler invocation or a §5.4 severance escape; watch transport_lease_overlong / transport_parked_commits
[2026-08-29T18:37:37Z ERROR fuse3::raw::connection::fuse_over_uring] transport payload lease held 1050 ms (≥ 1 s) — overlong handler invocation or a §5.4 severance escape; watch transport_lease_overlong / transport_parked_commits
[2026-08-29T18:37:37Z ERROR fuse3::raw::connection::fuse_over_uring] transport payload lease held 1050 ms (≥ 1 s) — overlong handler invocation or a §5.4 severance escape; watch transport_lease_overlong / transport_parked_commits
[2026-08-29T18:37:37Z ERROR fuse3::raw::connection::fuse_over_uring] transport payload lease held 1009 ms (≥ 1 s) — overlong handler invocation or a §5.4 severance escape; watch transport_lease_overlong / transport_parked_commits
[2026-08-29T18:37:37Z ERROR fuse3::raw::connection::fuse_over_uring] transport payload lease held 1007 ms (≥ 1 s) — overlong handler invocation or a §5.4 severance escape; watch transport_lease_overlong / transport_parked_commits
[2026-08-29T18:37:37Z ERROR fuse3::raw::connection::fuse_over_uring] transport payload lease held 1007 ms (≥ 1 s) — overlong handler invocation or a §5.4 severance escape; watch transport_lease_overlong / transport_parked_commits
[2026-08-29T18:37:37Z ERROR fuse3::raw::connection::fuse_over_uring] transport payload lease held 1556 ms (≥ 1 s) — overlong handler invocation or a §5.4 severance escape; watch transport_lease_overlong / transport_parked_commits
[2026-08-29T18:37:37Z ERROR fuse3::raw::connection::fuse_over_uring] transport payload lease held 1557 ms (≥ 1 s) — overlong handler invocation or a §5.4 severance escape; watch transport_lease_overlong / transport_parked_commits
[2026-08-29T18:37:37Z ERROR fuse3::raw::connection::fuse_over_uring] transport payload lease held 1545 ms (≥ 1 s) — overlong handler invocation or a §5.4 severance escape; watch transport_lease_overlong / transport_parked_commits
[2026-08-29T18:37:37Z ERROR fuse3::raw::connection::fuse_over_uring] transport payload lease held 1544 ms (≥ 1 s) — overlong handler invocation or a §5.4 severance escape; watch transport_lease_overlong / transport_parked_commits
[2026-08-29T18:37:37Z ERROR fuse3::raw::connection::fuse_over_uring] transport payload lease held 1466 ms (≥ 1 s) — overlong handler invocation or a §5.4 severance escape; watch transport_lease_overlong / transport_parked_commits
[2026-08-29T18:37:37Z ERROR fuse3::raw::connection::fuse_over_uring] transport payload lease held 1466 ms (≥ 1 s) — overlong handler invocation or a §5.4 severance escape; watch transport_lease_overlong / transport_parked_commits
[2026-08-29T18:37:37Z ERROR fuse3::raw::connection::fuse_over_uring] transport payload lease held 1466 ms (≥ 1 s) — overlong handler invocation or a §5.4 severance escape; watch transport_lease_overlong / transport_parked_commits
[2026-08-29T18:37:37Z ERROR fuse3::raw::connection::fuse_over_uring] transport payload lease held 1464 ms (≥ 1 s) — overlong handler invocation or a §5.4 severance escape; watch transport_lease_overlong / transport_parked_commits
[2026-08-29T18:37:37Z ERROR fuse3::raw::connection::fuse_over_uring] transport payload lease held 1148 ms (≥ 1 s) — overlong handler invocation or a §5.4 severance escape; watch transport_lease_overlong / transport_parked_commits
[2026-08-29T18:37:37Z ERROR fuse3::raw::connection::fuse_over_uring] transport payload lease held 1158 ms (≥ 1 s) — overlong handler invocation or a §5.4 severance escape; watch transport_lease_overlong / transport_parked_commits
[2026-08-29T18:37:37Z ERROR fuse3::raw::connection::fuse_over_uring] transport payload lease held 1157 ms (≥ 1 s) — overlong handler invocation or a §5.4 severance escape; watch transport_lease_overlong / transport_parked_commits
[2026-08-29T18:37:37Z ERROR fuse3::raw::connection::fuse_over_uring] transport payload lease held 1137 ms (≥ 1 s) — overlong handler invocation or a §5.4 severance escape; watch transport_lease_overlong / transport_parked_commits
[2026-08-29T18:37:37Z ERROR fuse3::raw::connection::fuse_over_uring] transport payload lease held 1134 ms (≥ 1 s) — overlong handler invocation or a §5.4 severance escape; watch transport_lease_overlong / transport_parked_commits
[2026-08-29T18:37:37Z ERROR fuse3::raw::connection::fuse_over_uring] transport payload lease held 1137 ms (≥ 1 s) — overlong handler invocation or a §5.4 severance escape; watch transport_lease_overlong / transport_parked_commits
[2026-08-29T18:37:37Z ERROR fuse3::raw::connection::fuse_over_uring] transport payload lease held 1133 ms (≥ 1 s) — overlong handler invocation or a §5.4 severance escape; watch transport_lease_overlong / transport_parked_commits
[2026-08-29T18:37:37Z ERROR fuse3::raw::connection::fuse_over_uring] transport payload lease held 1031 ms (≥ 1 s) — overlong handler invocation or a §5.4 severance escape; watch transport_lease_overlong / transport_parked_commits
[2026-08-29T18:37:37Z ERROR fuse3::raw::connection::fuse_over_uring] transport payload lease held 1015 ms (≥ 1 s) — overlong handler invocation or a §5.4 severance escape; watch transport_lease_overlong / transport_parked_commits
[2026-08-29T18:37:37Z ERROR fuse3::raw::connection::fuse_over_uring] transport payload lease held 1133 ms (≥ 1 s) — overlong handler invocation or a §5.4 severance escape; watch transport_lease_overlong / transport_parked_commits
[2026-08-29T18:37:37Z ERROR fuse3::raw::connection::fuse_over_uring] transport payload lease held 1006 ms (≥ 1 s) — overlong handler invocation or a §5.4 severance escape; watch transport_lease_overlong / transport_parked_commits
[2026-08-29T18:37:37Z ERROR fuse3::raw::connection::fuse_over_uring] transport payload lease held 1006 ms (≥ 1 s) — overlong handler invocation or a §5.4 severance escape; watch transport_lease_overlong / transport_parked_commits
[2026-08-29T18:37:37Z ERROR fuse3::raw::connection::fuse_over_uring] transport payload lease held 1237 ms (≥ 1 s) — overlong handler invocation or a §5.4 severance escape; watch transport_lease_overlong / transport_parked_commits
[2026-08-29T18:37:37Z ERROR fuse3::raw::connection::fuse_over_uring] transport payload lease held 1237 ms (≥ 1 s) — overlong handler invocation or a §5.4 severance escape; watch transport_lease_overlong / transport_parked_commits
[2026-08-29T18:37:37Z ERROR fuse3::raw::connection::fuse_over_uring] transport payload lease held 1280 ms (≥ 1 s) — overlong handler invocation or a §5.4 severance escape; watch transport_lease_overlong / transport_parked_commits
[2026-08-29T18:37:37Z ERROR fuse3::raw::connection::fuse_over_uring] transport payload lease held 1117 ms (≥ 1 s) — overlong handler invocation or a §5.4 severance escape; watch transport_lease_overlong / transport_parked_commits
[2026-08-29T18:37:37Z ERROR fuse3::raw::connection::fuse_over_uring] transport payload lease held 1102 ms (≥ 1 s) — overlong handler invocation or a §5.4 severance escape; watch transport_lease_overlong / transport_parked_commits
[2026-08-29T18:37:37Z ERROR fuse3::raw::connection::fuse_over_uring] transport payload lease held 1101 ms (≥ 1 s) — overlong handler invocation or a §5.4 severance escape; watch transport_lease_overlong / transport_parked_commits
[2026-08-29T18:37:37Z ERROR fuse3::raw::connection::fuse_over_uring] transport payload lease held 1117 ms (≥ 1 s) — overlong handler invocation or a §5.4 severance escape; watch transport_lease_overlong / transport_parked_commits
[2026-08-29T18:37:38Z ERROR fuse3::raw::connection::fuse_over_uring] transport payload lease held 1832 ms (≥ 1 s) — overlong handler invocation or a §5.4 severance escape; watch transport_lease_overlong / transport_parked_commits
[2026-08-29T18:37:38Z ERROR fuse3::raw::connection::fuse_over_uring] transport payload lease held 1834 ms (≥ 1 s) — overlong handler invocation or a §5.4 severance escape; watch transport_lease_overlong / transport_parked_commits
[2026-08-29T18:37:38Z ERROR fuse3::raw::connection::fuse_over_uring] transport payload lease held 1834 ms (≥ 1 s) — overlong handler invocation or a §5.4 severance escape; watch transport_lease_overlong / transport_parked_commits
[2026-08-29T18:37:38Z ERROR fuse3::raw::connection::fuse_over_uring] transport payload lease held 1834 ms (≥ 1 s) — overlong handler invocation or a §5.4 severance escape; watch transport_lease_overlong / transport_parked_commits
[2026-08-29T18:37:38Z ERROR fuse3::raw::connection::fuse_over_uring] transport payload lease held 1838 ms (≥ 1 s) — overlong handler invocation or a §5.4 severance escape; watch transport_lease_overlong / transport_parked_commits
[2026-08-29T18:37:38Z ERROR fuse3::raw::connection::fuse_over_uring] transport payload lease held 1838 ms (≥ 1 s) — overlong handler invocation or a §5.4 severance escape; watch transport_lease_overlong / transport_parked_commits
[2026-08-29T18:37:38Z ERROR fuse3::raw::connection::fuse_over_uring] transport payload lease held 1839 ms (≥ 1 s) — overlong handler invocation or a §5.4 severance escape; watch transport_lease_overlong / transport_parked_commits
[2026-08-29T18:37:38Z ERROR fuse3::raw::connection::fuse_over_uring] transport payload lease held 1851 ms (≥ 1 s) — overlong handler invocation or a §5.4 severance escape; watch transport_lease_overlong / transport_parked_commits
[2026-08-29T18:37:38Z ERROR fuse3::raw::connection::fuse_over_uring] transport payload lease held 1849 ms (≥ 1 s) — overlong handler invocation or a §5.4 severance escape; watch transport_lease_overlong / transport_parked_commits
[2026-08-29T18:37:38Z ERROR fuse3::raw::connection::fuse_over_uring] transport payload lease held 1850 ms (≥ 1 s) — overlong handler invocation or a §5.4 severance escape; watch transport_lease_overlong / transport_parked_commits
[2026-08-29T18:37:38Z ERROR fuse3::raw::connection::fuse_over_uring] transport payload lease held 1852 ms (≥ 1 s) — overlong handler invocation or a §5.4 severance escape; watch transport_lease_overlong / transport_parked_commits
[2026-08-29T18:37:38Z ERROR fuse3::raw::connection::fuse_over_uring] transport payload lease held 1709 ms (≥ 1 s) — overlong handler invocation or a §5.4 severance escape; watch transport_lease_overlong / transport_parked_commits
[2026-08-29T18:37:38Z ERROR fuse3::raw::connection::fuse_over_uring] transport payload lease held 1678 ms (≥ 1 s) — overlong handler invocation or a §5.4 severance escape; watch transport_lease_overlong / transport_parked_commits
[2026-08-29T18:37:38Z ERROR fuse3::raw::connection::fuse_over_uring] transport payload lease held 1677 ms (≥ 1 s) — overlong handler invocation or a §5.4 severance escape; watch transport_lease_overlong / transport_parked_commits
[2026-08-29T18:37:38Z ERROR fuse3::raw::connection::fuse_over_uring] transport payload lease held 1717 ms (≥ 1 s) — overlong handler invocation or a §5.4 severance escape; watch transport_lease_overlong / transport_parked_commits
[2026-08-29T18:37:42Z ERROR fuse3::raw::connection::fuse_over_uring] transport payload lease held 1108 ms (≥ 1 s) — overlong handler invocation or a §5.4 severance escape; watch transport_lease_overlong / transport_parked_commits
[2026-08-29T18:37:42Z ERROR fuse3::raw::connection::fuse_over_uring] transport payload lease held 1108 ms (≥ 1 s) — overlong handler invocation or a §5.4 severance escape; watch transport_lease_overlong / transport_parked_commits
[2026-08-29T18:37:42Z ERROR fuse3::raw::connection::fuse_over_uring] transport payload lease held 1360 ms (≥ 1 s) — overlong handler invocation or a §5.4 severance escape; watch transport_lease_overlong / transport_parked_commits
[2026-08-29T18:37:42Z ERROR fuse3::raw::connection::fuse_over_uring] transport payload lease held 1362 ms (≥ 1 s) — overlong handler invocation or a §5.4 severance escape; watch transport_lease_overlong / transport_parked_commits
[2026-08-29T18:37:42Z ERROR fuse3::raw::connection::fuse_over_uring] transport payload lease held 1362 ms (≥ 1 s) — overlong handler invocation or a §5.4 severance escape; watch transport_lease_overlong / transport_parked_commits
[2026-08-29T18:37:47Z WARN  squeezefs::block_allocator] co-writer: abandoning never-published block offset(s) leak-safe (volume 'nvme4n1', first offset 182271868928): the publish that would have named them failed or refused, and a co-writer may not mutate ownership accounting — the next derivation (mount recovery / fsck C6) returns them to the free supply (cowriter_unpublished_abandons; further offsets at debug level)
[2026-08-29T18:37:47Z ERROR fuse3::raw::connection::fuse_over_uring] transport payload lease held 1199 ms (≥ 1 s) — overlong handler invocation or a §5.4 severance escape; watch transport_lease_overlong / transport_parked_commits
[2026-08-29T18:37:47Z ERROR fuse3::raw::connection::fuse_over_uring] transport payload lease held 1200 ms (≥ 1 s) — overlong handler invocation or a §5.4 severance escape; watch transport_lease_overlong / transport_parked_commits
[2026-08-29T18:37:47Z ERROR fuse3::raw::connection::fuse_over_uring] transport payload lease held 1200 ms (≥ 1 s) — overlong handler invocation or a §5.4 severance escape; watch transport_lease_overlong / transport_parked_commits
[2026-08-29T18:37:47Z ERROR fuse3::raw::connection::fuse_over_uring] transport payload lease held 1200 ms (≥ 1 s) — overlong handler invocation or a §5.4 severance escape; watch transport_lease_overlong / transport_parked_commits
[2026-08-29T18:37:47Z ERROR fuse3::raw::connection::fuse_over_uring] transport payload lease held 1123 ms (≥ 1 s) — overlong handler invocation or a §5.4 severance escape; watch transport_lease_overlong / transport_parked_commits
[2026-08-29T18:37:47Z ERROR fuse3::raw::connection::fuse_over_uring] transport payload lease held 1124 ms (≥ 1 s) — overlong handler invocation or a §5.4 severance escape; watch transport_lease_overlong / transport_parked_commits
[2026-08-29T18:37:47Z ERROR fuse3::raw::connection::fuse_over_uring] transport payload lease held 1123 ms (≥ 1 s) — overlong handler invocation or a §5.4 severance escape; watch transport_lease_overlong / transport_parked_commits
[2026-08-29T18:37:47Z ERROR fuse3::raw::connection::fuse_over_uring] transport payload lease held 1088 ms (≥ 1 s) — overlong handler invocation or a §5.4 severance escape; watch transport_lease_overlong / transport_parked_commits
[2026-08-29T18:37:51Z ERROR fuse3::raw::connection::fuse_over_uring] transport payload lease held 1009 ms (≥ 1 s) — overlong handler invocation or a §5.4 severance escape; watch transport_lease_overlong / transport_parked_commits
[2026-08-29T18:37:51Z ERROR fuse3::raw::connection::fuse_over_uring] transport payload lease held 1009 ms (≥ 1 s) — overlong handler invocation or a §5.4 severance escape; watch transport_lease_overlong / transport_parked_commits
[2026-08-29T18:37:51Z ERROR fuse3::raw::connection::fuse_over_uring] transport payload lease held 1008 ms (≥ 1 s) — overlong handler invocation or a §5.4 severance escape; watch transport_lease_overlong / transport_parked_commits
[2026-08-29T18:37:51Z ERROR fuse3::raw::connection::fuse_over_uring] transport payload lease held 1006 ms (≥ 1 s) — overlong handler invocation or a §5.4 severance escape; watch transport_lease_overlong / transport_parked_commits
[2026-08-29T18:37:52Z ERROR fuse3::raw::connection::fuse_over_uring] transport payload lease held 1004 ms (≥ 1 s) — overlong handler invocation or a §5.4 severance escape; watch transport_lease_overlong / transport_parked_commits
[2026-08-29T18:37:52Z ERROR fuse3::raw::connection::fuse_over_uring] transport payload lease held 1003 ms (≥ 1 s) — overlong handler invocation or a §5.4 severance escape; watch transport_lease_overlong / transport_parked_commits
[2026-08-29T18:37:52Z ERROR fuse3::raw::connection::fuse_over_uring] transport payload lease held 1003 ms (≥ 1 s) — overlong handler invocation or a §5.4 severance escape; watch transport_lease_overlong / transport_parked_commits
[2026-08-29T18:37:52Z ERROR fuse3::raw::connection::fuse_over_uring] transport payload lease held 1095 ms (≥ 1 s) — overlong handler invocation or a §5.4 severance escape; watch transport_lease_overlong / transport_parked_commits
[2026-08-29T18:37:52Z ERROR fuse3::raw::connection::fuse_over_uring] transport payload lease held 1095 ms (≥ 1 s) — overlong handler invocation or a §5.4 severance escape; watch transport_lease_overlong / transport_parked_commits
[2026-08-29T18:37:52Z ERROR fuse3::raw::connection::fuse_over_uring] transport payload lease held 1061 ms (≥ 1 s) — overlong handler invocation or a §5.4 severance escape; watch transport_lease_overlong / transport_parked_commits
[2026-08-29T18:37:52Z ERROR fuse3::raw::connection::fuse_over_uring] transport payload lease held 1049 ms (≥ 1 s) — overlong handler invocation or a §5.4 severance escape; watch transport_lease_overlong / transport_parked_commits
[2026-08-29T18:37:52Z ERROR fuse3::raw::connection::fuse_over_uring] transport payload lease held 1309 ms (≥ 1 s) — overlong handler invocation or a §5.4 severance escape; watch transport_lease_overlong / transport_parked_commits
[2026-08-29T18:37:52Z ERROR fuse3::raw::connection::fuse_over_uring] transport payload lease held 1310 ms (≥ 1 s) — overlong handler invocation or a §5.4 severance escape; watch transport_lease_overlong / transport_parked_commits
[2026-08-29T18:37:53Z ERROR fuse3::raw::connection::fuse_over_uring] transport payload lease held 1947 ms (≥ 1 s) — overlong handler invocation or a §5.4 severance escape; watch transport_lease_overlong / transport_parked_commits
[2026-08-29T18:37:53Z ERROR fuse3::raw::connection::fuse_over_uring] transport payload lease held 1947 ms (≥ 1 s) — overlong handler invocation or a §5.4 severance escape; watch transport_lease_overlong / transport_parked_commits
[2026-08-29T18:37:53Z ERROR fuse3::raw::connection::fuse_over_uring] transport payload lease held 1947 ms (≥ 1 s) — overlong handler invocation or a §5.4 severance escape; watch transport_lease_overlong / transport_parked_commits
[2026-08-29T18:37:53Z ERROR fuse3::raw::connection::fuse_over_uring] transport payload lease held 1947 ms (≥ 1 s) — overlong handler invocation or a §5.4 severance escape; watch transport_lease_overlong / transport_parked_commits
[2026-08-29T18:37:53Z ERROR fuse3::raw::connection::fuse_over_uring] transport payload lease held 1013 ms (≥ 1 s) — overlong handler invocation or a §5.4 severance escape; watch transport_lease_overlong / transport_parked_commits
[2026-08-29T18:37:53Z ERROR fuse3::raw::connection::fuse_over_uring] transport payload lease held 1013 ms (≥ 1 s) — overlong handler invocation or a §5.4 severance escape; watch transport_lease_overlong / transport_parked_commits
[2026-08-29T18:37:53Z ERROR fuse3::raw::connection::fuse_over_uring] transport payload lease held 1012 ms (≥ 1 s) — overlong handler invocation or a §5.4 severance escape; watch transport_lease_overlong / transport_parked_commits
[2026-08-29T18:37:53Z ERROR fuse3::raw::connection::fuse_over_uring] transport payload lease held 1007 ms (≥ 1 s) — overlong handler invocation or a §5.4 severance escape; watch transport_lease_overlong / transport_parked_commits
[2026-08-29T18:37:53Z ERROR fuse3::raw::connection::fuse_over_uring] transport payload lease held 1007 ms (≥ 1 s) — overlong handler invocation or a §5.4 severance escape; watch transport_lease_overlong / transport_parked_commits
[2026-08-29T18:37:53Z ERROR fuse3::raw::connection::fuse_over_uring] transport payload lease held 1007 ms (≥ 1 s) — overlong handler invocation or a §5.4 severance escape; watch transport_lease_overlong / transport_parked_commits
[2026-08-29T18:37:53Z ERROR fuse3::raw::connection::fuse_over_uring] transport payload lease held 1015 ms (≥ 1 s) — overlong handler invocation or a §5.4 severance escape; watch transport_lease_overlong / transport_parked_commits
[2026-08-29T18:37:53Z ERROR fuse3::raw::connection::fuse_over_uring] transport payload lease held 1015 ms (≥ 1 s) — overlong handler invocation or a §5.4 severance escape; watch transport_lease_overlong / transport_parked_commits
[2026-08-29T18:37:53Z ERROR fuse3::raw::connection::fuse_over_uring] transport payload lease held 1015 ms (≥ 1 s) — overlong handler invocation or a §5.4 severance escape; watch transport_lease_overlong / transport_parked_commits
[2026-08-29T18:37:53Z ERROR fuse3::raw::connection::fuse_over_uring] transport payload lease held 1015 ms (≥ 1 s) — overlong handler invocation or a §5.4 severance escape; watch transport_lease_overlong / transport_parked_commits
[2026-08-29T18:37:53Z ERROR fuse3::raw::connection::fuse_over_uring] transport payload lease held 1041 ms (≥ 1 s) — overlong handler invocation or a §5.4 severance escape; watch transport_lease_overlong / transport_parked_commits
[2026-08-29T18:37:53Z ERROR fuse3::raw::connection::fuse_over_uring] transport payload lease held 1041 ms (≥ 1 s) — overlong handler invocation or a §5.4 severance escape; watch transport_lease_overlong / transport_parked_commits
[2026-08-29T18:37:53Z ERROR fuse3::raw::connection::fuse_over_uring] transport payload lease held 1036 ms (≥ 1 s) — overlong handler invocation or a §5.4 severance escape; watch transport_lease_overlong / transport_parked_commits
[2026-08-29T18:37:53Z ERROR fuse3::raw::connection::fuse_over_uring] transport payload lease held 1065 ms (≥ 1 s) — overlong handler invocation or a §5.4 severance escape; watch transport_lease_overlong / transport_parked_commits
[2026-08-29T18:37:53Z ERROR fuse3::raw::connection::fuse_over_uring] transport payload lease held 1065 ms (≥ 1 s) — overlong handler invocation or a §5.4 severance escape; watch transport_lease_overlong / transport_parked_commits
[2026-08-29T18:37:53Z ERROR fuse3::raw::connection::fuse_over_uring] transport payload lease held 1065 ms (≥ 1 s) — overlong handler invocation or a §5.4 severance escape; watch transport_lease_overlong / transport_parked_commits
[2026-08-29T18:37:53Z ERROR fuse3::raw::connection::fuse_over_uring] transport payload lease held 1065 ms (≥ 1 s) — overlong handler invocation or a §5.4 severance escape; watch transport_lease_overlong / transport_parked_commits
[2026-08-29T18:37:54Z ERROR fuse3::raw::connection::fuse_over_uring] transport payload lease held 1403 ms (≥ 1 s) — overlong handler invocation or a §5.4 severance escape; watch transport_lease_overlong / transport_parked_commits
[2026-08-29T18:37:54Z ERROR fuse3::raw::connection::fuse_over_uring] transport payload lease held 1403 ms (≥ 1 s) — overlong handler invocation or a §5.4 severance escape; watch transport_lease_overlong / transport_parked_commits
[2026-08-29T18:37:54Z ERROR fuse3::raw::connection::fuse_over_uring] transport payload lease held 1404 ms (≥ 1 s) — overlong handler invocation or a §5.4 severance escape; watch transport_lease_overlong / transport_parked_commits
[2026-08-29T18:37:54Z ERROR fuse3::raw::connection::fuse_over_uring] transport payload lease held 1404 ms (≥ 1 s) — overlong handler invocation or a §5.4 severance escape; watch transport_lease_overlong / transport_parked_commits
[2026-08-29T18:37:54Z ERROR fuse3::raw::connection::fuse_over_uring] transport payload lease held 1428 ms (≥ 1 s) — overlong handler invocation or a §5.4 severance escape; watch transport_lease_overlong / transport_parked_commits
[2026-08-29T18:37:54Z ERROR fuse3::raw::connection::fuse_over_uring] transport payload lease held 1428 ms (≥ 1 s) — overlong handler invocation or a §5.4 severance escape; watch transport_lease_overlong / transport_parked_commits
[2026-08-29T18:37:54Z ERROR fuse3::raw::connection::fuse_over_uring] transport payload lease held 1432 ms (≥ 1 s) — overlong handler invocation or a §5.4 severance escape; watch transport_lease_overlong / transport_parked_commits
[2026-08-29T18:37:54Z ERROR fuse3::raw::connection::fuse_over_uring] transport payload lease held 1432 ms (≥ 1 s) — overlong handler invocation or a §5.4 severance escape; watch transport_lease_overlong / transport_parked_commits
[2026-08-29T18:37:54Z ERROR fuse3::raw::connection::fuse_over_uring] transport payload lease held 1427 ms (≥ 1 s) — overlong handler invocation or a §5.4 severance escape; watch transport_lease_overlong / transport_parked_commits
[2026-08-29T18:37:54Z ERROR fuse3::raw::connection::fuse_over_uring] transport payload lease held 1426 ms (≥ 1 s) — overlong handler invocation or a §5.4 severance escape; watch transport_lease_overlong / transport_parked_commits
[2026-08-29T18:37:54Z ERROR fuse3::raw::connection::fuse_over_uring] transport payload lease held 1426 ms (≥ 1 s) — overlong handler invocation or a §5.4 severance escape; watch transport_lease_overlong / transport_parked_commits
[2026-08-29T18:37:54Z ERROR fuse3::raw::connection::fuse_over_uring] transport payload lease held 1425 ms (≥ 1 s) — overlong handler invocation or a §5.4 severance escape; watch transport_lease_overlong / transport_parked_commits
[2026-08-29T18:37:54Z ERROR fuse3::raw::connection::fuse_over_uring] transport payload lease held 1469 ms (≥ 1 s) — overlong handler invocation or a §5.4 severance escape; watch transport_lease_overlong / transport_parked_commits
[2026-08-29T18:37:54Z ERROR fuse3::raw::connection::fuse_over_uring] transport payload lease held 1470 ms (≥ 1 s) — overlong handler invocation or a §5.4 severance escape; watch transport_lease_overlong / transport_parked_commits
[2026-08-29T18:37:54Z ERROR fuse3::raw::connection::fuse_over_uring] transport payload lease held 1470 ms (≥ 1 s) — overlong handler invocation or a §5.4 severance escape; watch transport_lease_overlong / transport_parked_commits
[2026-08-29T18:37:54Z ERROR fuse3::raw::connection::fuse_over_uring] transport payload lease held 1470 ms (≥ 1 s) — overlong handler invocation or a §5.4 severance escape; watch transport_lease_overlong / transport_parked_commits
[2026-08-29T18:37:56Z ERROR fuse3::raw::connection::fuse_over_uring] transport payload lease held 1108 ms (≥ 1 s) — overlong handler invocation or a §5.4 severance escape; watch transport_lease_overlong / transport_parked_commits
[2026-08-29T18:37:56Z ERROR fuse3::raw::connection::fuse_over_uring] transport payload lease held 1142 ms (≥ 1 s) — overlong handler invocation or a §5.4 severance escape; watch transport_lease_overlong / transport_parked_commits
[2026-08-29T18:37:56Z ERROR fuse3::raw::connection::fuse_over_uring] transport payload lease held 1142 ms (≥ 1 s) — overlong handler invocation or a §5.4 severance escape; watch transport_lease_overlong / transport_parked_commits
[2026-08-29T18:37:56Z ERROR fuse3::raw::connection::fuse_over_uring] transport payload lease held 1139 ms (≥ 1 s) — overlong handler invocation or a §5.4 severance escape; watch transport_lease_overlong / transport_parked_commits
[2026-08-29T18:37:56Z ERROR fuse3::raw::connection::fuse_over_uring] transport payload lease held 1118 ms (≥ 1 s) — overlong handler invocation or a §5.4 severance escape; watch transport_lease_overlong / transport_parked_commits
[2026-08-29T18:37:56Z ERROR fuse3::raw::connection::fuse_over_uring] transport payload lease held 1146 ms (≥ 1 s) — overlong handler invocation or a §5.4 severance escape; watch transport_lease_overlong / transport_parked_commits
[2026-08-29T18:37:56Z ERROR fuse3::raw::connection::fuse_over_uring] transport payload lease held 1167 ms (≥ 1 s) — overlong handler invocation or a §5.4 severance escape; watch transport_lease_overlong / transport_parked_commits
[2026-08-29T18:37:56Z ERROR fuse3::raw::connection::fuse_over_uring] transport payload lease held 1167 ms (≥ 1 s) — overlong handler invocation or a §5.4 severance escape; watch transport_lease_overlong / transport_parked_commits
[2026-08-29T18:37:56Z ERROR fuse3::raw::connection::fuse_over_uring] transport payload lease held 1245 ms (≥ 1 s) — overlong handler invocation or a §5.4 severance escape; watch transport_lease_overlong / transport_parked_commits
[2026-08-29T18:37:56Z ERROR fuse3::raw::connection::fuse_over_uring] transport payload lease held 1241 ms (≥ 1 s) — overlong handler invocation or a §5.4 severance escape; watch transport_lease_overlong / transport_parked_commits
[2026-08-29T18:37:56Z ERROR fuse3::raw::connection::fuse_over_uring] transport payload lease held 1243 ms (≥ 1 s) — overlong handler invocation or a §5.4 severance escape; watch transport_lease_overlong / transport_parked_commits
[2026-08-29T18:37:56Z ERROR fuse3::raw::connection::fuse_over_uring] transport payload lease held 1237 ms (≥ 1 s) — overlong handler invocation or a §5.4 severance escape; watch transport_lease_overlong / transport_parked_commits
[2026-08-29T18:37:56Z ERROR fuse3::raw::connection::fuse_over_uring] transport payload lease held 1213 ms (≥ 1 s) — overlong handler invocation or a §5.4 severance escape; watch transport_lease_overlong / transport_parked_commits
[2026-08-29T18:37:56Z ERROR fuse3::raw::connection::fuse_over_uring] transport payload lease held 1198 ms (≥ 1 s) — overlong handler invocation or a §5.4 severance escape; watch transport_lease_overlong / transport_parked_commits
[2026-08-29T18:37:56Z ERROR fuse3::raw::connection::fuse_over_uring] transport payload lease held 1223 ms (≥ 1 s) — overlong handler invocation or a §5.4 severance escape; watch transport_lease_overlong / transport_parked_commits
[2026-08-29T18:37:56Z ERROR fuse3::raw::connection::fuse_over_uring] transport payload lease held 1181 ms (≥ 1 s) — overlong handler invocation or a §5.4 severance escape; watch transport_lease_overlong / transport_parked_commits
[2026-08-29T18:37:57Z ERROR fuse3::raw::connection::fuse_over_uring] transport payload lease held 1343 ms (≥ 1 s) — overlong handler invocation or a §5.4 severance escape; watch transport_lease_overlong / transport_parked_commits
[2026-08-29T18:37:57Z ERROR fuse3::raw::connection::fuse_over_uring] transport payload lease held 1340 ms (≥ 1 s) — overlong handler invocation or a §5.4 severance escape; watch transport_lease_overlong / transport_parked_commits
[2026-08-29T18:37:57Z ERROR fuse3::raw::connection::fuse_over_uring] transport payload lease held 1340 ms (≥ 1 s) — overlong handler invocation or a §5.4 severance escape; watch transport_lease_overlong / transport_parked_commits
[2026-08-29T18:37:57Z ERROR fuse3::raw::connection::fuse_over_uring] transport payload lease held 1337 ms (≥ 1 s) — overlong handler invocation or a §5.4 severance escape; watch transport_lease_overlong / transport_parked_commits
[2026-08-29T18:37:57Z ERROR fuse3::raw::connection::fuse_over_uring] transport payload lease held 1191 ms (≥ 1 s) — overlong handler invocation or a §5.4 severance escape; watch transport_lease_overlong / transport_parked_commits
[2026-08-29T18:37:57Z ERROR fuse3::raw::connection::fuse_over_uring] transport payload lease held 1130 ms (≥ 1 s) — overlong handler invocation or a §5.4 severance escape; watch transport_lease_overlong / transport_parked_commits
[2026-08-29T18:37:57Z ERROR fuse3::raw::connection::fuse_over_uring] transport payload lease held 1135 ms (≥ 1 s) — overlong handler invocation or a §5.4 severance escape; watch transport_lease_overlong / transport_parked_commits
[2026-08-29T18:37:57Z ERROR fuse3::raw::connection::fuse_over_uring] transport payload lease held 1125 ms (≥ 1 s) — overlong handler invocation or a §5.4 severance escape; watch transport_lease_overlong / transport_parked_commits
[2026-08-29T18:38:02Z ERROR fuse3::raw::connection::fuse_over_uring] transport payload lease held 1207 ms (≥ 1 s) — overlong handler invocation or a §5.4 severance escape; watch transport_lease_overlong / transport_parked_commits
[2026-08-29T18:38:02Z ERROR fuse3::raw::connection::fuse_over_uring] transport payload lease held 1206 ms (≥ 1 s) — overlong handler invocation or a §5.4 severance escape; watch transport_lease_overlong / transport_parked_commits
[2026-08-29T18:38:03Z ERROR fuse3::raw::connection::fuse_over_uring] transport payload lease held 1130 ms (≥ 1 s) — overlong handler invocation or a §5.4 severance escape; watch transport_lease_overlong / transport_parked_commits
[2026-08-29T18:38:03Z ERROR fuse3::raw::connection::fuse_over_uring] transport payload lease held 1120 ms (≥ 1 s) — overlong handler invocation or a §5.4 severance escape; watch transport_lease_overlong / transport_parked_commits
[2026-08-29T18:38:03Z ERROR fuse3::raw::connection::fuse_over_uring] transport payload lease held 1120 ms (≥ 1 s) — overlong handler invocation or a §5.4 severance escape; watch transport_lease_overlong / transport_parked_commits
[2026-08-29T18:38:03Z ERROR fuse3::raw::connection::fuse_over_uring] transport payload lease held 1125 ms (≥ 1 s) — overlong handler invocation or a §5.4 severance escape; watch transport_lease_overlong / transport_parked_commits
[2026-08-29T18:38:03Z ERROR fuse3::raw::connection::fuse_over_uring] transport payload lease held 1088 ms (≥ 1 s) — overlong handler invocation or a §5.4 severance escape; watch transport_lease_overlong / transport_parked_commits
[2026-08-29T18:38:03Z ERROR fuse3::raw::connection::fuse_over_uring] transport payload lease held 1088 ms (≥ 1 s) — overlong handler invocation or a §5.4 severance escape; watch transport_lease_overlong / transport_parked_commits
[2026-08-29T18:38:03Z ERROR fuse3::raw::connection::fuse_over_uring] transport payload lease held 1088 ms (≥ 1 s) — overlong handler invocation or a §5.4 severance escape; watch transport_lease_overlong / transport_parked_commits
[2026-08-29T18:38:03Z ERROR fuse3::raw::connection::fuse_over_uring] transport payload lease held 1088 ms (≥ 1 s) — overlong handler invocation or a §5.4 severance escape; watch transport_lease_overlong / transport_parked_commits
[2026-08-29T18:38:04Z WARN  squeezefs::block_allocator] co-writer: abandoning never-published block offset(s) leak-safe (volume 'nvme6n1', first offset 200324153344): the publish that would have named them failed or refused, and a co-writer may not mutate ownership accounting — the next derivation (mount recovery / fsck C6) returns them to the free supply (cowriter_unpublished_abandons; further offsets at debug level)
[2026-08-29T18:38:07Z ERROR fuse3::raw::connection::fuse_over_uring] transport payload lease held 1344 ms (≥ 1 s) — overlong handler invocation or a §5.4 severance escape; watch transport_lease_overlong / transport_parked_commits
[2026-08-29T18:38:07Z ERROR fuse3::raw::connection::fuse_over_uring] transport payload lease held 1321 ms (≥ 1 s) — overlong handler invocation or a §5.4 severance escape; watch transport_lease_overlong / transport_parked_commits
[2026-08-29T18:38:07Z ERROR fuse3::raw::connection::fuse_over_uring] transport payload lease held 1357 ms (≥ 1 s) — overlong handler invocation or a §5.4 severance escape; watch transport_lease_overlong / transport_parked_commits
[2026-08-29T18:38:07Z ERROR fuse3::raw::connection::fuse_over_uring] transport payload lease held 1357 ms (≥ 1 s) — overlong handler invocation or a §5.4 severance escape; watch transport_lease_overlong / transport_parked_commits
[2026-08-29T18:38:07Z ERROR fuse3::raw::connection::fuse_over_uring] transport payload lease held 1356 ms (≥ 1 s) — overlong handler invocation or a §5.4 severance escape; watch transport_lease_overlong / transport_parked_commits
[2026-08-29T18:38:07Z ERROR fuse3::raw::connection::fuse_over_uring] transport payload lease held 1332 ms (≥ 1 s) — overlong handler invocation or a §5.4 severance escape; watch transport_lease_overlong / transport_parked_commits
[2026-08-29T18:38:07Z ERROR fuse3::raw::connection::fuse_over_uring] transport payload lease held 1373 ms (≥ 1 s) — overlong handler invocation or a §5.4 severance escape; watch transport_lease_overlong / transport_parked_commits
[2026-08-29T18:38:07Z ERROR fuse3::raw::connection::fuse_over_uring] transport payload lease held 1374 ms (≥ 1 s) — overlong handler invocation or a §5.4 severance escape; watch transport_lease_overlong / transport_parked_commits
[2026-08-29T18:38:07Z ERROR fuse3::raw::connection::fuse_over_uring] transport payload lease held 1378 ms (≥ 1 s) — overlong handler invocation or a §5.4 severance escape; watch transport_lease_overlong / transport_parked_commits
[2026-08-29T18:38:07Z ERROR fuse3::raw::connection::fuse_over_uring] transport payload lease held 1370 ms (≥ 1 s) — overlong handler invocation or a §5.4 severance escape; watch transport_lease_overlong / transport_parked_commits
[2026-08-29T18:38:07Z ERROR fuse3::raw::connection::fuse_over_uring] transport payload lease held 1344 ms (≥ 1 s) — overlong handler invocation or a §5.4 severance escape; watch transport_lease_overlong / transport_parked_commits
[2026-08-29T18:38:07Z ERROR fuse3::raw::connection::fuse_over_uring] transport payload lease held 1366 ms (≥ 1 s) — overlong handler invocation or a §5.4 severance escape; watch transport_lease_overlong / transport_parked_commits
[2026-08-29T18:38:07Z ERROR fuse3::raw::connection::fuse_over_uring] transport payload lease held 1319 ms (≥ 1 s) — overlong handler invocation or a §5.4 severance escape; watch transport_lease_overlong / transport_parked_commits
[2026-08-29T18:38:07Z ERROR fuse3::raw::connection::fuse_over_uring] transport payload lease held 1310 ms (≥ 1 s) — overlong handler invocation or a §5.4 severance escape; watch transport_lease_overlong / transport_parked_commits
[2026-08-29T18:38:07Z ERROR fuse3::raw::connection::fuse_over_uring] transport payload lease held 1335 ms (≥ 1 s) — overlong handler invocation or a §5.4 severance escape; watch transport_lease_overlong / transport_parked_commits
[2026-08-29T18:38:07Z ERROR fuse3::raw::connection::fuse_over_uring] transport payload lease held 1335 ms (≥ 1 s) — overlong handler invocation or a §5.4 severance escape; watch transport_lease_overlong / transport_parked_commits
[2026-08-29T18:38:07Z ERROR fuse3::raw::connection::fuse_over_uring] transport payload lease held 1306 ms (≥ 1 s) — overlong handler invocation or a §5.4 severance escape; watch transport_lease_overlong / transport_parked_commits
[2026-08-29T18:38:07Z ERROR fuse3::raw::connection::fuse_over_uring] transport payload lease held 1286 ms (≥ 1 s) — overlong handler invocation or a §5.4 severance escape; watch transport_lease_overlong / transport_parked_commits
[2026-08-29T18:38:07Z ERROR fuse3::raw::connection::fuse_over_uring] transport payload lease held 1270 ms (≥ 1 s) — overlong handler invocation or a §5.4 severance escape; watch transport_lease_overlong / transport_parked_commits
[2026-08-29T18:38:07Z ERROR fuse3::raw::connection::fuse_over_uring] transport payload lease held 1270 ms (≥ 1 s) — overlong handler invocation or a §5.4 severance escape; watch transport_lease_overlong / transport_parked_commits
[2026-08-29T18:38:08Z ERROR fuse3::raw::connection::fuse_over_uring] transport payload lease held 1732 ms (≥ 1 s) — overlong handler invocation or a §5.4 severance escape; watch transport_lease_overlong / transport_parked_commits
[2026-08-29T18:38:08Z ERROR fuse3::raw::connection::fuse_over_uring] transport payload lease held 1727 ms (≥ 1 s) — overlong handler invocation or a §5.4 severance escape; watch transport_lease_overlong / transport_parked_commits
[2026-08-29T18:38:08Z ERROR fuse3::raw::connection::fuse_over_uring] transport payload lease held 1707 ms (≥ 1 s) — overlong handler invocation or a §5.4 severance escape; watch transport_lease_overlong / transport_parked_commits
[2026-08-29T18:38:08Z ERROR fuse3::raw::connection::fuse_over_uring] transport payload lease held 1663 ms (≥ 1 s) — overlong handler invocation or a §5.4 severance escape; watch transport_lease_overlong / transport_parked_commits
[2026-08-29T18:38:08Z ERROR fuse3::raw::connection::fuse_over_uring] transport payload lease held 1646 ms (≥ 1 s) — overlong handler invocation or a §5.4 severance escape; watch transport_lease_overlong / transport_parked_commits
[2026-08-29T18:38:08Z ERROR fuse3::raw::connection::fuse_over_uring] transport payload lease held 1629 ms (≥ 1 s) — overlong handler invocation or a §5.4 severance escape; watch transport_lease_overlong / transport_parked_commits
[2026-08-29T18:38:08Z ERROR fuse3::raw::connection::fuse_over_uring] transport payload lease held 1645 ms (≥ 1 s) — overlong handler invocation or a §5.4 severance escape; watch transport_lease_overlong / transport_parked_commits
[2026-08-29T18:38:08Z ERROR fuse3::raw::connection::fuse_over_uring] transport payload lease held 1636 ms (≥ 1 s) — overlong handler invocation or a §5.4 severance escape; watch transport_lease_overlong / transport_parked_commits
[2026-08-29T18:38:08Z ERROR fuse3::raw::connection::fuse_over_uring] transport payload lease held 1592 ms (≥ 1 s) — overlong handler invocation or a §5.4 severance escape; watch transport_lease_overlong / transport_parked_commits
[2026-08-29T18:38:08Z ERROR fuse3::raw::connection::fuse_over_uring] transport payload lease held 1624 ms (≥ 1 s) — overlong handler invocation or a §5.4 severance escape; watch transport_lease_overlong / transport_parked_commits
[2026-08-29T18:38:08Z ERROR fuse3::raw::connection::fuse_over_uring] transport payload lease held 1624 ms (≥ 1 s) — overlong handler invocation or a §5.4 severance escape; watch transport_lease_overlong / transport_parked_commits
[2026-08-29T18:38:08Z ERROR fuse3::raw::connection::fuse_over_uring] transport payload lease held 1624 ms (≥ 1 s) — overlong handler invocation or a §5.4 severance escape; watch transport_lease_overlong / transport_parked_commits
[2026-08-29T18:38:08Z ERROR fuse3::raw::connection::fuse_over_uring] transport payload lease held 1298 ms (≥ 1 s) — overlong handler invocation or a §5.4 severance escape; watch transport_lease_overlong / transport_parked_commits
[2026-08-29T18:38:08Z ERROR fuse3::raw::connection::fuse_over_uring] transport payload lease held 1298 ms (≥ 1 s) — overlong handler invocation or a §5.4 severance escape; watch transport_lease_overlong / transport_parked_commits
[2026-08-29T18:38:08Z ERROR fuse3::raw::connection::fuse_over_uring] transport payload lease held 1298 ms (≥ 1 s) — overlong handler invocation or a §5.4 severance escape; watch transport_lease_overlong / transport_parked_commits
[2026-08-29T18:38:08Z ERROR fuse3::raw::connection::fuse_over_uring] transport payload lease held 1298 ms (≥ 1 s) — overlong handler invocation or a §5.4 severance escape; watch transport_lease_overlong / transport_parked_commits
[2026-08-29T18:38:08Z ERROR fuse3::raw::connection::fuse_over_uring] transport payload lease held 1323 ms (≥ 1 s) — overlong handler invocation or a §5.4 severance escape; watch transport_lease_overlong / transport_parked_commits
[2026-08-29T18:38:08Z ERROR fuse3::raw::connection::fuse_over_uring] transport payload lease held 1321 ms (≥ 1 s) — overlong handler invocation or a §5.4 severance escape; watch transport_lease_overlong / transport_parked_commits
[2026-08-29T18:38:08Z ERROR fuse3::raw::connection::fuse_over_uring] transport payload lease held 1321 ms (≥ 1 s) — overlong handler invocation or a §5.4 severance escape; watch transport_lease_overlong / transport_parked_commits
[2026-08-29T18:38:08Z ERROR fuse3::raw::connection::fuse_over_uring] transport payload lease held 1321 ms (≥ 1 s) — overlong handler invocation or a §5.4 severance escape; watch transport_lease_overlong / transport_parked_commits
[2026-08-29T18:38:09Z ERROR fuse3::raw::connection::fuse_over_uring] transport payload lease held 1088 ms (≥ 1 s) — overlong handler invocation or a §5.4 severance escape; watch transport_lease_overlong / transport_parked_commits
[2026-08-29T18:38:09Z ERROR fuse3::raw::connection::fuse_over_uring] transport payload lease held 1087 ms (≥ 1 s) — overlong handler invocation or a §5.4 severance escape; watch transport_lease_overlong / transport_parked_commits
[2026-08-29T18:38:09Z ERROR fuse3::raw::connection::fuse_over_uring] transport payload lease held 1084 ms (≥ 1 s) — overlong handler invocation or a §5.4 severance escape; watch transport_lease_overlong / transport_parked_commits
[2026-08-29T18:38:09Z ERROR fuse3::raw::connection::fuse_over_uring] transport payload lease held 1008 ms (≥ 1 s) — overlong handler invocation or a §5.4 severance escape; watch transport_lease_overlong / transport_parked_commits
[2026-08-29T18:38:09Z ERROR fuse3::raw::connection::fuse_over_uring] transport payload lease held 1719 ms (≥ 1 s) — overlong handler invocation or a §5.4 severance escape; watch transport_lease_overlong / transport_parked_commits
[2026-08-29T18:38:09Z ERROR fuse3::raw::connection::fuse_over_uring] transport payload lease held 1719 ms (≥ 1 s) — overlong handler invocation or a §5.4 severance escape; watch transport_lease_overlong / transport_parked_commits
[2026-08-29T18:38:09Z ERROR fuse3::raw::connection::fuse_over_uring] transport payload lease held 1719 ms (≥ 1 s) — overlong handler invocation or a §5.4 severance escape; watch transport_lease_overlong / transport_parked_commits
[2026-08-29T18:38:12Z ERROR fuse3::raw::connection::fuse_over_uring] transport payload lease held 1058 ms (≥ 1 s) — overlong handler invocation or a §5.4 severance escape; watch transport_lease_overlong / transport_parked_commits
[2026-08-29T18:38:12Z ERROR fuse3::raw::connection::fuse_over_uring] transport payload lease held 1055 ms (≥ 1 s) — overlong handler invocation or a §5.4 severance escape; watch transport_lease_overlong / transport_parked_commits
[2026-08-29T18:38:12Z ERROR fuse3::raw::connection::fuse_over_uring] transport payload lease held 1052 ms (≥ 1 s) — overlong handler invocation or a §5.4 severance escape; watch transport_lease_overlong / transport_parked_commits
[2026-08-29T18:38:13Z ERROR fuse3::raw::connection::fuse_over_uring] transport payload lease held 1409 ms (≥ 1 s) — overlong handler invocation or a §5.4 severance escape; watch transport_lease_overlong / transport_parked_commits
[2026-08-29T18:38:13Z ERROR fuse3::raw::connection::fuse_over_uring] transport payload lease held 1410 ms (≥ 1 s) — overlong handler invocation or a §5.4 severance escape; watch transport_lease_overlong / transport_parked_commits
[2026-08-29T18:38:13Z ERROR fuse3::raw::connection::fuse_over_uring] transport payload lease held 1437 ms (≥ 1 s) — overlong handler invocation or a §5.4 severance escape; watch transport_lease_overlong / transport_parked_commits
[2026-08-29T18:38:13Z ERROR fuse3::raw::connection::fuse_over_uring] transport payload lease held 1438 ms (≥ 1 s) — overlong handler invocation or a §5.4 severance escape; watch transport_lease_overlong / transport_parked_commits
[2026-08-29T18:38:13Z ERROR fuse3::raw::connection::fuse_over_uring] transport payload lease held 1479 ms (≥ 1 s) — overlong handler invocation or a §5.4 severance escape; watch transport_lease_overlong / transport_parked_commits
[2026-08-29T18:38:13Z ERROR fuse3::raw::connection::fuse_over_uring] transport payload lease held 1480 ms (≥ 1 s) — overlong handler invocation or a §5.4 severance escape; watch transport_lease_overlong / transport_parked_commits
[2026-08-29T18:38:13Z ERROR fuse3::raw::connection::fuse_over_uring] transport payload lease held 1480 ms (≥ 1 s) — overlong handler invocation or a §5.4 severance escape; watch transport_lease_overlong / transport_parked_commits
[2026-08-29T18:38:13Z ERROR fuse3::raw::connection::fuse_over_uring] transport payload lease held 1480 ms (≥ 1 s) — overlong handler invocation or a §5.4 severance escape; watch transport_lease_overlong / transport_parked_commits
[2026-08-29T18:38:13Z ERROR fuse3::raw::connection::fuse_over_uring] transport payload lease held 1505 ms (≥ 1 s) — overlong handler invocation or a §5.4 severance escape; watch transport_lease_overlong / transport_parked_commits
[2026-08-29T18:38:13Z ERROR fuse3::raw::connection::fuse_over_uring] transport payload lease held 1483 ms (≥ 1 s) — overlong handler invocation or a §5.4 severance escape; watch transport_lease_overlong / transport_parked_commits
[2026-08-29T18:38:13Z ERROR fuse3::raw::connection::fuse_over_uring] transport payload lease held 1441 ms (≥ 1 s) — overlong handler invocation or a §5.4 severance escape; watch transport_lease_overlong / transport_parked_commits
[2026-08-29T18:38:13Z ERROR fuse3::raw::connection::fuse_over_uring] transport payload lease held 1440 ms (≥ 1 s) — overlong handler invocation or a §5.4 severance escape; watch transport_lease_overlong / transport_parked_commits
[2026-08-29T18:38:13Z ERROR fuse3::raw::connection::fuse_over_uring] transport payload lease held 1388 ms (≥ 1 s) — overlong handler invocation or a §5.4 severance escape; watch transport_lease_overlong / transport_parked_commits
[2026-08-29T18:38:13Z ERROR fuse3::raw::connection::fuse_over_uring] transport payload lease held 1387 ms (≥ 1 s) — overlong handler invocation or a §5.4 severance escape; watch transport_lease_overlong / transport_parked_commits
[2026-08-29T18:38:13Z ERROR fuse3::raw::connection::fuse_over_uring] transport payload lease held 1388 ms (≥ 1 s) — overlong handler invocation or a §5.4 severance escape; watch transport_lease_overlong / transport_parked_commits
[2026-08-29T18:38:13Z ERROR fuse3::raw::connection::fuse_over_uring] transport payload lease held 1388 ms (≥ 1 s) — overlong handler invocation or a §5.4 severance escape; watch transport_lease_overlong / transport_parked_commits
[2026-08-29T18:38:13Z ERROR fuse3::raw::connection::fuse_over_uring] transport payload lease held 1323 ms (≥ 1 s) — overlong handler invocation or a §5.4 severance escape; watch transport_lease_overlong / transport_parked_commits
[2026-08-29T18:38:13Z ERROR fuse3::raw::connection::fuse_over_uring] transport payload lease held 1314 ms (≥ 1 s) — overlong handler invocation or a §5.4 severance escape; watch transport_lease_overlong / transport_parked_commits
[2026-08-29T18:38:13Z ERROR fuse3::raw::connection::fuse_over_uring] transport payload lease held 1334 ms (≥ 1 s) — overlong handler invocation or a §5.4 severance escape; watch transport_lease_overlong / transport_parked_commits
[2026-08-29T18:38:13Z ERROR fuse3::raw::connection::fuse_over_uring] transport payload lease held 1334 ms (≥ 1 s) — overlong handler invocation or a §5.4 severance escape; watch transport_lease_overlong / transport_parked_commits
[2026-08-29T18:38:13Z ERROR fuse3::raw::connection::fuse_over_uring] transport payload lease held 1260 ms (≥ 1 s) — overlong handler invocation or a §5.4 severance escape; watch transport_lease_overlong / transport_parked_commits
[2026-08-29T18:38:13Z ERROR fuse3::raw::connection::fuse_over_uring] transport payload lease held 1250 ms (≥ 1 s) — overlong handler invocation or a §5.4 severance escape; watch transport_lease_overlong / transport_parked_commits
[2026-08-29T18:38:13Z ERROR fuse3::raw::connection::fuse_over_uring] transport payload lease held 1226 ms (≥ 1 s) — overlong handler invocation or a §5.4 severance escape; watch transport_lease_overlong / transport_parked_commits
[2026-08-29T18:38:13Z ERROR fuse3::raw::connection::fuse_over_uring] transport payload lease held 1234 ms (≥ 1 s) — overlong handler invocation or a §5.4 severance escape; watch transport_lease_overlong / transport_parked_commits
[2026-08-29T18:38:13Z ERROR fuse3::raw::connection::fuse_over_uring] transport payload lease held 1209 ms (≥ 1 s) — overlong handler invocation or a §5.4 severance escape; watch transport_lease_overlong / transport_parked_commits
[2026-08-29T18:38:13Z ERROR fuse3::raw::connection::fuse_over_uring] transport payload lease held 1208 ms (≥ 1 s) — overlong handler invocation or a §5.4 severance escape; watch transport_lease_overlong / transport_parked_commits
[2026-08-29T18:38:13Z ERROR fuse3::raw::connection::fuse_over_uring] transport payload lease held 1184 ms (≥ 1 s) — overlong handler invocation or a §5.4 severance escape; watch transport_lease_overlong / transport_parked_commits
[2026-08-29T18:38:13Z ERROR fuse3::raw::connection::fuse_over_uring] transport payload lease held 1184 ms (≥ 1 s) — overlong handler invocation or a §5.4 severance escape; watch transport_lease_overlong / transport_parked_commits
[2026-08-29T18:38:13Z ERROR fuse3::raw::connection::fuse_over_uring] transport payload lease held 1159 ms (≥ 1 s) — overlong handler invocation or a §5.4 severance escape; watch transport_lease_overlong / transport_parked_commits
[2026-08-29T18:38:13Z ERROR fuse3::raw::connection::fuse_over_uring] transport payload lease held 1147 ms (≥ 1 s) — overlong handler invocation or a §5.4 severance escape; watch transport_lease_overlong / transport_parked_commits
[2026-08-29T18:38:13Z ERROR fuse3::raw::connection::fuse_over_uring] transport payload lease held 1156 ms (≥ 1 s) — overlong handler invocation or a §5.4 severance escape; watch transport_lease_overlong / transport_parked_commits
[2026-08-29T18:38:13Z ERROR fuse3::raw::connection::fuse_over_uring] transport payload lease held 1139 ms (≥ 1 s) — overlong handler invocation or a §5.4 severance escape; watch transport_lease_overlong / transport_parked_commits
[2026-08-29T18:38:14Z ERROR fuse3::raw::connection::fuse_over_uring] transport payload lease held 1010 ms (≥ 1 s) — overlong handler invocation or a §5.4 severance escape; watch transport_lease_overlong / transport_parked_commits
[2026-08-29T18:38:14Z ERROR fuse3::raw::connection::fuse_over_uring] transport payload lease held 1028 ms (≥ 1 s) — overlong handler invocation or a §5.4 severance escape; watch transport_lease_overlong / transport_parked_commits
[2026-08-29T18:38:14Z ERROR fuse3::raw::connection::fuse_over_uring] transport payload lease held 1028 ms (≥ 1 s) — overlong handler invocation or a §5.4 severance escape; watch transport_lease_overlong / transport_parked_commits
[2026-08-29T18:38:14Z ERROR fuse3::raw::connection::fuse_over_uring] transport payload lease held 1028 ms (≥ 1 s) — overlong handler invocation or a §5.4 severance escape; watch transport_lease_overlong / transport_parked_commits
[2026-08-29T18:38:14Z ERROR fuse3::raw::connection::fuse_over_uring] transport payload lease held 1015 ms (≥ 1 s) — overlong handler invocation or a §5.4 severance escape; watch transport_lease_overlong / transport_parked_commits
[2026-08-29T18:38:14Z ERROR fuse3::raw::connection::fuse_over_uring] transport payload lease held 1009 ms (≥ 1 s) — overlong handler invocation or a §5.4 severance escape; watch transport_lease_overlong / transport_parked_commits
[2026-08-29T18:38:14Z ERROR fuse3::raw::connection::fuse_over_uring] transport payload lease held 1009 ms (≥ 1 s) — overlong handler invocation or a §5.4 severance escape; watch transport_lease_overlong / transport_parked_commits
[2026-08-29T18:38:14Z ERROR fuse3::raw::connection::fuse_over_uring] transport payload lease held 1009 ms (≥ 1 s) — overlong handler invocation or a §5.4 severance escape; watch transport_lease_overlong / transport_parked_commits
[2026-08-29T18:38:14Z ERROR fuse3::raw::connection::fuse_over_uring] transport payload lease held 1015 ms (≥ 1 s) — overlong handler invocation or a §5.4 severance escape; watch transport_lease_overlong / transport_parked_commits
[2026-08-29T18:38:14Z ERROR fuse3::raw::connection::fuse_over_uring] transport payload lease held 1014 ms (≥ 1 s) — overlong handler invocation or a §5.4 severance escape; watch transport_lease_overlong / transport_parked_commits
[2026-08-29T18:38:14Z ERROR fuse3::raw::connection::fuse_over_uring] transport payload lease held 1014 ms (≥ 1 s) — overlong handler invocation or a §5.4 severance escape; watch transport_lease_overlong / transport_parked_commits
[2026-08-29T18:38:14Z ERROR fuse3::raw::connection::fuse_over_uring] transport payload lease held 1031 ms (≥ 1 s) — overlong handler invocation or a §5.4 severance escape; watch transport_lease_overlong / transport_parked_commits
[2026-08-29T18:38:14Z ERROR fuse3::raw::connection::fuse_over_uring] transport payload lease held 1041 ms (≥ 1 s) — overlong handler invocation or a §5.4 severance escape; watch transport_lease_overlong / transport_parked_commits
[2026-08-29T18:38:15Z ERROR fuse3::raw::connection::fuse_over_uring] transport payload lease held 1066 ms (≥ 1 s) — overlong handler invocation or a §5.4 severance escape; watch transport_lease_overlong / transport_parked_commits
[2026-08-29T18:38:15Z ERROR fuse3::raw::connection::fuse_over_uring] transport payload lease held 1066 ms (≥ 1 s) — overlong handler invocation or a §5.4 severance escape; watch transport_lease_overlong / transport_parked_commits
[2026-08-29T18:38:15Z ERROR fuse3::raw::connection::fuse_over_uring] transport payload lease held 1036 ms (≥ 1 s) — overlong handler invocation or a §5.4 severance escape; watch transport_lease_overlong / transport_parked_commits
[2026-08-29T18:38:19Z ERROR fuse3::raw::connection::fuse_over_uring] transport payload lease held 1052 ms (≥ 1 s) — overlong handler invocation or a §5.4 severance escape; watch transport_lease_overlong / transport_parked_commits
[2026-08-29T18:38:19Z ERROR fuse3::raw::connection::fuse_over_uring] transport payload lease held 1051 ms (≥ 1 s) — overlong handler invocation or a §5.4 severance escape; watch transport_lease_overlong / transport_parked_commits
[2026-08-29T18:38:19Z ERROR fuse3::raw::connection::fuse_over_uring] transport payload lease held 1051 ms (≥ 1 s) — overlong handler invocation or a §5.4 severance escape; watch transport_lease_overlong / transport_parked_commits
[2026-08-29T18:38:19Z ERROR fuse3::raw::connection::fuse_over_uring] transport payload lease held 1051 ms (≥ 1 s) — overlong handler invocation or a §5.4 severance escape; watch transport_lease_overlong / transport_parked_commits
[2026-08-29T18:38:19Z ERROR fuse3::raw::connection::fuse_over_uring] transport payload lease held 1052 ms (≥ 1 s) — overlong handler invocation or a §5.4 severance escape; watch transport_lease_overlong / transport_parked_commits
[2026-08-29T18:38:19Z ERROR fuse3::raw::connection::fuse_over_uring] transport payload lease held 1048 ms (≥ 1 s) — overlong handler invocation or a §5.4 severance escape; watch transport_lease_overlong / transport_parked_commits
[2026-08-29T18:38:19Z ERROR fuse3::raw::connection::fuse_over_uring] transport payload lease held 1079 ms (≥ 1 s) — overlong handler invocation or a §5.4 severance escape; watch transport_lease_overlong / transport_parked_commits
[2026-08-29T18:38:19Z ERROR fuse3::raw::connection::fuse_over_uring] transport payload lease held 1067 ms (≥ 1 s) — overlong handler invocation or a §5.4 severance escape; watch transport_lease_overlong / transport_parked_commits
[2026-08-29T18:38:19Z ERROR fuse3::raw::connection::fuse_over_uring] transport payload lease held 1067 ms (≥ 1 s) — overlong handler invocation or a §5.4 severance escape; watch transport_lease_overlong / transport_parked_commits
[2026-08-29T18:38:19Z ERROR fuse3::raw::connection::fuse_over_uring] transport payload lease held 1067 ms (≥ 1 s) — overlong handler invocation or a §5.4 severance escape; watch transport_lease_overlong / transport_parked_commits
[2026-08-29T18:38:20Z ERROR fuse3::raw::connection::fuse_over_uring] transport payload lease held 1039 ms (≥ 1 s) — overlong handler invocation or a §5.4 severance escape; watch transport_lease_overlong / transport_parked_commits
[2026-08-29T18:38:20Z ERROR fuse3::raw::connection::fuse_over_uring] transport payload lease held 1037 ms (≥ 1 s) — overlong handler invocation or a §5.4 severance escape; watch transport_lease_overlong / transport_parked_commits
[2026-08-29T18:38:20Z ERROR fuse3::raw::connection::fuse_over_uring] transport payload lease held 1012 ms (≥ 1 s) — overlong handler invocation or a §5.4 severance escape; watch transport_lease_overlong / transport_parked_commits
[2026-08-29T18:38:20Z ERROR fuse3::raw::connection::fuse_over_uring] transport payload lease held 1025 ms (≥ 1 s) — overlong handler invocation or a §5.4 severance escape; watch transport_lease_overlong / transport_parked_commits
[2026-08-29T18:38:20Z ERROR fuse3::raw::connection::fuse_over_uring] transport payload lease held 1070 ms (≥ 1 s) — overlong handler invocation or a §5.4 severance escape; watch transport_lease_overlong / transport_parked_commits
[2026-08-29T18:38:20Z ERROR fuse3::raw::connection::fuse_over_uring] transport payload lease held 1064 ms (≥ 1 s) — overlong handler invocation or a §5.4 severance escape; watch transport_lease_overlong / transport_parked_commits
[2026-08-29T18:38:20Z ERROR fuse3::raw::connection::fuse_over_uring] transport payload lease held 1068 ms (≥ 1 s) — overlong handler invocation or a §5.4 severance escape; watch transport_lease_overlong / transport_parked_commits
[2026-08-29T18:38:20Z ERROR fuse3::raw::connection::fuse_over_uring] transport payload lease held 1051 ms (≥ 1 s) — overlong handler invocation or a §5.4 severance escape; watch transport_lease_overlong / transport_parked_commits
[2026-08-29T18:38:20Z ERROR fuse3::raw::connection::fuse_over_uring] transport payload lease held 1042 ms (≥ 1 s) — overlong handler invocation or a §5.4 severance escape; watch transport_lease_overlong / transport_parked_commits
[2026-08-29T18:38:20Z ERROR fuse3::raw::connection::fuse_over_uring] transport payload lease held 1035 ms (≥ 1 s) — overlong handler invocation or a §5.4 severance escape; watch transport_lease_overlong / transport_parked_commits
[2026-08-29T18:38:20Z ERROR fuse3::raw::connection::fuse_over_uring] transport payload lease held 1030 ms (≥ 1 s) — overlong handler invocation or a §5.4 severance escape; watch transport_lease_overlong / transport_parked_commits
[2026-08-29T18:38:20Z ERROR fuse3::raw::connection::fuse_over_uring] transport payload lease held 1030 ms (≥ 1 s) — overlong handler invocation or a §5.4 severance escape; watch transport_lease_overlong / transport_parked_commits
[2026-08-29T18:38:20Z ERROR fuse3::raw::connection::fuse_over_uring] transport payload lease held 1800 ms (≥ 1 s) — overlong handler invocation or a §5.4 severance escape; watch transport_lease_overlong / transport_parked_commits
[2026-08-29T18:38:20Z ERROR fuse3::raw::connection::fuse_over_uring] transport payload lease held 1800 ms (≥ 1 s) — overlong handler invocation or a §5.4 severance escape; watch transport_lease_overlong / transport_parked_commits
[2026-08-29T18:38:20Z ERROR fuse3::raw::connection::fuse_over_uring] transport payload lease held 1800 ms (≥ 1 s) — overlong handler invocation or a §5.4 severance escape; watch transport_lease_overlong / transport_parked_commits
[2026-08-29T18:38:21Z ERROR fuse3::raw::connection::fuse_over_uring] transport payload lease held 1638 ms (≥ 1 s) — overlong handler invocation or a §5.4 severance escape; watch transport_lease_overlong / transport_parked_commits
[2026-08-29T18:38:21Z ERROR fuse3::raw::connection::fuse_over_uring] transport payload lease held 1226 ms (≥ 1 s) — overlong handler invocation or a §5.4 severance escape; watch transport_lease_overlong / transport_parked_commits
[2026-08-29T18:38:21Z ERROR fuse3::raw::connection::fuse_over_uring] transport payload lease held 1638 ms (≥ 1 s) — overlong handler invocation or a §5.4 severance escape; watch transport_lease_overlong / transport_parked_commits
[2026-08-29T18:38:21Z ERROR fuse3::raw::connection::fuse_over_uring] transport payload lease held 1226 ms (≥ 1 s) — overlong handler invocation or a §5.4 severance escape; watch transport_lease_overlong / transport_parked_commits
[2026-08-29T18:38:21Z ERROR fuse3::raw::connection::fuse_over_uring] transport payload lease held 1043 ms (≥ 1 s) — overlong handler invocation or a §5.4 severance escape; watch transport_lease_overlong / transport_parked_commits
[2026-08-29T18:38:21Z ERROR fuse3::raw::connection::fuse_over_uring] transport payload lease held 1043 ms (≥ 1 s) — overlong handler invocation or a §5.4 severance escape; watch transport_lease_overlong / transport_parked_commits
[2026-08-29T18:38:21Z ERROR fuse3::raw::connection::fuse_over_uring] transport payload lease held 1043 ms (≥ 1 s) — overlong handler invocation or a §5.4 severance escape; watch transport_lease_overlong / transport_parked_commits
[2026-08-29T18:38:21Z ERROR fuse3::raw::connection::fuse_over_uring] transport payload lease held 1043 ms (≥ 1 s) — overlong handler invocation or a §5.4 severance escape; watch transport_lease_overlong / transport_parked_commits
[2026-08-29T18:38:21Z ERROR fuse3::raw::connection::fuse_over_uring] transport payload lease held 1043 ms (≥ 1 s) — overlong handler invocation or a §5.4 severance escape; watch transport_lease_overlong / transport_parked_commits
[2026-08-29T18:38:21Z ERROR fuse3::raw::connection::fuse_over_uring] transport payload lease held 1042 ms (≥ 1 s) — overlong handler invocation or a §5.4 severance escape; watch transport_lease_overlong / transport_parked_commits
[2026-08-29T18:38:21Z ERROR fuse3::raw::connection::fuse_over_uring] transport payload lease held 1061 ms (≥ 1 s) — overlong handler invocation or a §5.4 severance escape; watch transport_lease_overlong / transport_parked_commits
[2026-08-29T18:38:21Z ERROR fuse3::raw::connection::fuse_over_uring] transport payload lease held 1061 ms (≥ 1 s) — overlong handler invocation or a §5.4 severance escape; watch transport_lease_overlong / transport_parked_commits
[2026-08-29T18:38:21Z ERROR fuse3::raw::connection::fuse_over_uring] transport payload lease held 1067 ms (≥ 1 s) — overlong handler invocation or a §5.4 severance escape; watch transport_lease_overlong / transport_parked_commits
[2026-08-29T18:38:21Z ERROR fuse3::raw::connection::fuse_over_uring] transport payload lease held 1067 ms (≥ 1 s) — overlong handler invocation or a §5.4 severance escape; watch transport_lease_overlong / transport_parked_commits
[2026-08-29T18:38:21Z ERROR fuse3::raw::connection::fuse_over_uring] transport payload lease held 1068 ms (≥ 1 s) — overlong handler invocation or a §5.4 severance escape; watch transport_lease_overlong / transport_parked_commits
[2026-08-29T18:38:21Z ERROR fuse3::raw::connection::fuse_over_uring] transport payload lease held 1083 ms (≥ 1 s) — overlong handler invocation or a §5.4 severance escape; watch transport_lease_overlong / transport_parked_commits
[2026-08-29T18:38:21Z ERROR fuse3::raw::connection::fuse_over_uring] transport payload lease held 1085 ms (≥ 1 s) — overlong handler invocation or a §5.4 severance escape; watch transport_lease_overlong / transport_parked_commits
[2026-08-29T18:38:21Z ERROR fuse3::raw::connection::fuse_over_uring] transport payload lease held 1065 ms (≥ 1 s) — overlong handler invocation or a §5.4 severance escape; watch transport_lease_overlong / transport_parked_commits
[2026-08-29T18:38:21Z ERROR fuse3::raw::connection::fuse_over_uring] transport payload lease held 1047 ms (≥ 1 s) — overlong handler invocation or a §5.4 severance escape; watch transport_lease_overlong / transport_parked_commits
[2026-08-29T18:38:23Z ERROR fuse3::raw::connection::fuse_over_uring] transport payload lease held 1743 ms (≥ 1 s) — overlong handler invocation or a §5.4 severance escape; watch transport_lease_overlong / transport_parked_commits
[2026-08-29T18:38:23Z ERROR fuse3::raw::connection::fuse_over_uring] transport payload lease held 1727 ms (≥ 1 s) — overlong handler invocation or a §5.4 severance escape; watch transport_lease_overlong / transport_parked_commits
[2026-08-29T18:38:23Z ERROR fuse3::raw::connection::fuse_over_uring] transport payload lease held 1736 ms (≥ 1 s) — overlong handler invocation or a §5.4 severance escape; watch transport_lease_overlong / transport_parked_commits
[2026-08-29T18:38:23Z ERROR fuse3::raw::connection::fuse_over_uring] transport payload lease held 1670 ms (≥ 1 s) — overlong handler invocation or a §5.4 severance escape; watch transport_lease_overlong / transport_parked_commits
[2026-08-29T18:38:23Z ERROR fuse3::raw::connection::fuse_over_uring] transport payload lease held 1645 ms (≥ 1 s) — overlong handler invocation or a §5.4 severance escape; watch transport_lease_overlong / transport_parked_commits
[2026-08-29T18:38:23Z ERROR fuse3::raw::connection::fuse_over_uring] transport payload lease held 1652 ms (≥ 1 s) — overlong handler invocation or a §5.4 severance escape; watch transport_lease_overlong / transport_parked_commits
[2026-08-29T18:38:23Z ERROR fuse3::raw::connection::fuse_over_uring] transport payload lease held 1674 ms (≥ 1 s) — overlong handler invocation or a §5.4 severance escape; watch transport_lease_overlong / transport_parked_commits
[2026-08-29T18:38:23Z ERROR fuse3::raw::connection::fuse_over_uring] transport payload lease held 1675 ms (≥ 1 s) — overlong handler invocation or a §5.4 severance escape; watch transport_lease_overlong / transport_parked_commits
[2026-08-29T18:38:23Z ERROR fuse3::raw::connection::fuse_over_uring] transport payload lease held 1560 ms (≥ 1 s) — overlong handler invocation or a §5.4 severance escape; watch transport_lease_overlong / transport_parked_commits
[2026-08-29T18:38:23Z ERROR fuse3::raw::connection::fuse_over_uring] transport payload lease held 1560 ms (≥ 1 s) — overlong handler invocation or a §5.4 severance escape; watch transport_lease_overlong / transport_parked_commits
[2026-08-29T18:38:23Z ERROR fuse3::raw::connection::fuse_over_uring] transport payload lease held 1560 ms (≥ 1 s) — overlong handler invocation or a §5.4 severance escape; watch transport_lease_overlong / transport_parked_commits
[2026-08-29T18:38:23Z ERROR fuse3::raw::connection::fuse_over_uring] transport payload lease held 1560 ms (≥ 1 s) — overlong handler invocation or a §5.4 severance escape; watch transport_lease_overlong / transport_parked_commits
[2026-08-29T18:38:23Z ERROR fuse3::raw::connection::fuse_over_uring] transport payload lease held 1360 ms (≥ 1 s) — overlong handler invocation or a §5.4 severance escape; watch transport_lease_overlong / transport_parked_commits
[2026-08-29T18:38:23Z ERROR fuse3::raw::connection::fuse_over_uring] transport payload lease held 1331 ms (≥ 1 s) — overlong handler invocation or a §5.4 severance escape; watch transport_lease_overlong / transport_parked_commits
[2026-08-29T18:38:24Z ERROR fuse3::raw::connection::fuse_over_uring] transport payload lease held 1327 ms (≥ 1 s) — overlong handler invocation or a §5.4 severance escape; watch transport_lease_overlong / transport_parked_commits
[2026-08-29T18:38:24Z ERROR fuse3::raw::connection::fuse_over_uring] transport payload lease held 1246 ms (≥ 1 s) — overlong handler invocation or a §5.4 severance escape; watch transport_lease_overlong / transport_parked_commits
[2026-08-29T18:38:24Z ERROR fuse3::raw::connection::fuse_over_uring] transport payload lease held 1145 ms (≥ 1 s) — overlong handler invocation or a §5.4 severance escape; watch transport_lease_overlong / transport_parked_commits
[2026-08-29T18:38:24Z ERROR fuse3::raw::connection::fuse_over_uring] transport payload lease held 1106 ms (≥ 1 s) — overlong handler invocation or a §5.4 severance escape; watch transport_lease_overlong / transport_parked_commits
[2026-08-29T18:38:24Z ERROR fuse3::raw::connection::fuse_over_uring] transport payload lease held 1106 ms (≥ 1 s) — overlong handler invocation or a §5.4 severance escape; watch transport_lease_overlong / transport_parked_commits
[2026-08-29T18:38:24Z ERROR fuse3::raw::connection::fuse_over_uring] transport payload lease held 1644 ms (≥ 1 s) — overlong handler invocation or a §5.4 severance escape; watch transport_lease_overlong / transport_parked_commits
[2026-08-29T18:38:24Z ERROR fuse3::raw::connection::fuse_over_uring] transport payload lease held 1521 ms (≥ 1 s) — overlong handler invocation or a §5.4 severance escape; watch transport_lease_overlong / transport_parked_commits
[2026-08-29T18:38:24Z ERROR fuse3::raw::connection::fuse_over_uring] transport payload lease held 1520 ms (≥ 1 s) — overlong handler invocation or a §5.4 severance escape; watch transport_lease_overlong / transport_parked_commits
[2026-08-29T18:38:24Z ERROR fuse3::raw::connection::fuse_over_uring] transport payload lease held 1520 ms (≥ 1 s) — overlong handler invocation or a §5.4 severance escape; watch transport_lease_overlong / transport_parked_commits
[2026-08-29T18:38:24Z ERROR fuse3::raw::connection::fuse_over_uring] transport payload lease held 1501 ms (≥ 1 s) — overlong handler invocation or a §5.4 severance escape; watch transport_lease_overlong / transport_parked_commits
[2026-08-29T18:38:24Z ERROR fuse3::raw::connection::fuse_over_uring] transport payload lease held 1317 ms (≥ 1 s) — overlong handler invocation or a §5.4 severance escape; watch transport_lease_overlong / transport_parked_commits
[2026-08-29T18:38:24Z ERROR fuse3::raw::connection::fuse_over_uring] transport payload lease held 1294 ms (≥ 1 s) — overlong handler invocation or a §5.4 severance escape; watch transport_lease_overlong / transport_parked_commits
[2026-08-29T18:38:24Z ERROR fuse3::raw::connection::fuse_over_uring] transport payload lease held 1261 ms (≥ 1 s) — overlong handler invocation or a §5.4 severance escape; watch transport_lease_overlong / transport_parked_commits
[2026-08-29T18:38:24Z ERROR fuse3::raw::connection::fuse_over_uring] transport payload lease held 1261 ms (≥ 1 s) — overlong handler invocation or a §5.4 severance escape; watch transport_lease_overlong / transport_parked_commits
[2026-08-29T18:38:24Z ERROR fuse3::raw::connection::fuse_over_uring] transport payload lease held 1216 ms (≥ 1 s) — overlong handler invocation or a §5.4 severance escape; watch transport_lease_overlong / transport_parked_commits
[2026-08-29T18:38:24Z ERROR fuse3::raw::connection::fuse_over_uring] transport payload lease held 1208 ms (≥ 1 s) — overlong handler invocation or a §5.4 severance escape; watch transport_lease_overlong / transport_parked_commits
[2026-08-29T18:38:24Z ERROR fuse3::raw::connection::fuse_over_uring] transport payload lease held 1166 ms (≥ 1 s) — overlong handler invocation or a §5.4 severance escape; watch transport_lease_overlong / transport_parked_commits
[2026-08-29T18:38:24Z ERROR fuse3::raw::connection::fuse_over_uring] transport payload lease held 1189 ms (≥ 1 s) — overlong handler invocation or a §5.4 severance escape; watch transport_lease_overlong / transport_parked_commits
[2026-08-29T18:38:25Z ERROR fuse3::raw::connection::fuse_over_uring] transport payload lease held 1006 ms (≥ 1 s) — overlong handler invocation or a §5.4 severance escape; watch transport_lease_overlong / transport_parked_commits
[2026-08-29T18:38:25Z ERROR fuse3::raw::connection::fuse_over_uring] transport payload lease held 1006 ms (≥ 1 s) — overlong handler invocation or a §5.4 severance escape; watch transport_lease_overlong / transport_parked_commits
[2026-08-29T18:38:26Z WARN  squeezefs::block_allocator] co-writer: abandoning never-published block offset(s) leak-safe (volume 'nvme6n1', first offset 224751779840): the publish that would have named them failed or refused, and a co-writer may not mutate ownership accounting — the next derivation (mount recovery / fsck C6) returns them to the free supply (cowriter_unpublished_abandons; further offsets at debug level)
[2026-08-29T18:38:30Z ERROR fuse3::raw::connection::fuse_over_uring] transport payload lease held 1546 ms (≥ 1 s) — overlong handler invocation or a §5.4 severance escape; watch transport_lease_overlong / transport_parked_commits
[2026-08-29T18:38:30Z ERROR fuse3::raw::connection::fuse_over_uring] transport payload lease held 1546 ms (≥ 1 s) — overlong handler invocation or a §5.4 severance escape; watch transport_lease_overlong / transport_parked_commits
[2026-08-29T18:38:30Z ERROR fuse3::raw::connection::fuse_over_uring] transport payload lease held 1541 ms (≥ 1 s) — overlong handler invocation or a §5.4 severance escape; watch transport_lease_overlong / transport_parked_commits
[2026-08-29T18:38:30Z ERROR fuse3::raw::connection::fuse_over_uring] transport payload lease held 1523 ms (≥ 1 s) — overlong handler invocation or a §5.4 severance escape; watch transport_lease_overlong / transport_parked_commits
[2026-08-29T18:38:30Z ERROR fuse3::raw::connection::fuse_over_uring] transport payload lease held 1488 ms (≥ 1 s) — overlong handler invocation or a §5.4 severance escape; watch transport_lease_overlong / transport_parked_commits
[2026-08-29T18:38:30Z ERROR fuse3::raw::connection::fuse_over_uring] transport payload lease held 1465 ms (≥ 1 s) — overlong handler invocation or a §5.4 severance escape; watch transport_lease_overlong / transport_parked_commits
[2026-08-29T18:38:30Z ERROR fuse3::raw::connection::fuse_over_uring] transport payload lease held 1466 ms (≥ 1 s) — overlong handler invocation or a §5.4 severance escape; watch transport_lease_overlong / transport_parked_commits
[2026-08-29T18:38:30Z ERROR fuse3::raw::connection::fuse_over_uring] transport payload lease held 1465 ms (≥ 1 s) — overlong handler invocation or a §5.4 severance escape; watch transport_lease_overlong / transport_parked_commits
[2026-08-29T18:38:30Z ERROR fuse3::raw::connection::fuse_over_uring] transport payload lease held 1512 ms (≥ 1 s) — overlong handler invocation or a §5.4 severance escape; watch transport_lease_overlong / transport_parked_commits
[2026-08-29T18:38:30Z ERROR fuse3::raw::connection::fuse_over_uring] transport payload lease held 1497 ms (≥ 1 s) — overlong handler invocation or a §5.4 severance escape; watch transport_lease_overlong / transport_parked_commits
[2026-08-29T18:38:30Z ERROR fuse3::raw::connection::fuse_over_uring] transport payload lease held 1547 ms (≥ 1 s) — overlong handler invocation or a §5.4 severance escape; watch transport_lease_overlong / transport_parked_commits
[2026-08-29T18:38:30Z ERROR fuse3::raw::connection::fuse_over_uring] transport payload lease held 1546 ms (≥ 1 s) — overlong handler invocation or a §5.4 severance escape; watch transport_lease_overlong / transport_parked_commits
[2026-08-29T18:38:30Z ERROR fuse3::raw::connection::fuse_over_uring] transport payload lease held 1546 ms (≥ 1 s) — overlong handler invocation or a §5.4 severance escape; watch transport_lease_overlong / transport_parked_commits
[2026-08-29T18:38:30Z ERROR fuse3::raw::connection::fuse_over_uring] transport payload lease held 1463 ms (≥ 1 s) — overlong handler invocation or a §5.4 severance escape; watch transport_lease_overlong / transport_parked_commits
[2026-08-29T18:38:30Z ERROR fuse3::raw::connection::fuse_over_uring] transport payload lease held 1466 ms (≥ 1 s) — overlong handler invocation or a §5.4 severance escape; watch transport_lease_overlong / transport_parked_commits
[2026-08-29T18:38:30Z ERROR fuse3::raw::connection::fuse_over_uring] transport payload lease held 1466 ms (≥ 1 s) — overlong handler invocation or a §5.4 severance escape; watch transport_lease_overlong / transport_parked_commits
[2026-08-29T18:38:30Z ERROR fuse3::raw::connection::fuse_over_uring] transport payload lease held 1450 ms (≥ 1 s) — overlong handler invocation or a §5.4 severance escape; watch transport_lease_overlong / transport_parked_commits
[2026-08-29T18:38:30Z ERROR fuse3::raw::connection::fuse_over_uring] transport payload lease held 1455 ms (≥ 1 s) — overlong handler invocation or a §5.4 severance escape; watch transport_lease_overlong / transport_parked_commits
[2026-08-29T18:38:30Z ERROR fuse3::raw::connection::fuse_over_uring] transport payload lease held 1414 ms (≥ 1 s) — overlong handler invocation or a §5.4 severance escape; watch transport_lease_overlong / transport_parked_commits
[2026-08-29T18:38:30Z ERROR fuse3::raw::connection::fuse_over_uring] transport payload lease held 1414 ms (≥ 1 s) — overlong handler invocation or a §5.4 severance escape; watch transport_lease_overlong / transport_parked_commits
[2026-08-29T18:38:30Z ERROR fuse3::raw::connection::fuse_over_uring] transport payload lease held 1409 ms (≥ 1 s) — overlong handler invocation or a §5.4 severance escape; watch transport_lease_overlong / transport_parked_commits
[2026-08-29T18:38:30Z ERROR fuse3::raw::connection::fuse_over_uring] transport payload lease held 1316 ms (≥ 1 s) — overlong handler invocation or a §5.4 severance escape; watch transport_lease_overlong / transport_parked_commits
[2026-08-29T18:38:30Z ERROR fuse3::raw::connection::fuse_over_uring] transport payload lease held 1122 ms (≥ 1 s) — overlong handler invocation or a §5.4 severance escape; watch transport_lease_overlong / transport_parked_commits
[2026-08-29T18:38:30Z ERROR fuse3::raw::connection::fuse_over_uring] transport payload lease held 1096 ms (≥ 1 s) — overlong handler invocation or a §5.4 severance escape; watch transport_lease_overlong / transport_parked_commits
[2026-08-29T18:38:30Z ERROR fuse3::raw::connection::fuse_over_uring] transport payload lease held 1096 ms (≥ 1 s) — overlong handler invocation or a §5.4 severance escape; watch transport_lease_overlong / transport_parked_commits
[2026-08-29T18:38:30Z ERROR fuse3::raw::connection::fuse_over_uring] transport payload lease held 1095 ms (≥ 1 s) — overlong handler invocation or a §5.4 severance escape; watch transport_lease_overlong / transport_parked_commits
[2026-08-29T18:38:35Z ERROR fuse3::raw::connection::fuse_over_uring] transport payload lease held 1754 ms (≥ 1 s) — overlong handler invocation or a §5.4 severance escape; watch transport_lease_overlong / transport_parked_commits
[2026-08-29T18:38:35Z ERROR fuse3::raw::connection::fuse_over_uring] transport payload lease held 1754 ms (≥ 1 s) — overlong handler invocation or a §5.4 severance escape; watch transport_lease_overlong / transport_parked_commits
[2026-08-29T18:38:35Z ERROR fuse3::raw::connection::fuse_over_uring] transport payload lease held 1754 ms (≥ 1 s) — overlong handler invocation or a §5.4 severance escape; watch transport_lease_overlong / transport_parked_commits
[2026-08-29T18:38:35Z ERROR fuse3::raw::connection::fuse_over_uring] transport payload lease held 1754 ms (≥ 1 s) — overlong handler invocation or a §5.4 severance escape; watch transport_lease_overlong / transport_parked_commits
[2026-08-29T18:38:35Z ERROR fuse3::raw::connection::fuse_over_uring] transport payload lease held 1533 ms (≥ 1 s) — overlong handler invocation or a §5.4 severance escape; watch transport_lease_overlong / transport_parked_commits
[2026-08-29T18:38:35Z ERROR fuse3::raw::connection::fuse_over_uring] transport payload lease held 1533 ms (≥ 1 s) — overlong handler invocation or a §5.4 severance escape; watch transport_lease_overlong / transport_parked_commits
[2026-08-29T18:38:35Z ERROR fuse3::raw::connection::fuse_over_uring] transport payload lease held 1533 ms (≥ 1 s) — overlong handler invocation or a §5.4 severance escape; watch transport_lease_overlong / transport_parked_commits
[2026-08-29T18:38:35Z ERROR fuse3::raw::connection::fuse_over_uring] transport payload lease held 1533 ms (≥ 1 s) — overlong handler invocation or a §5.4 severance escape; watch transport_lease_overlong / transport_parked_commits
[2026-08-29T18:38:35Z ERROR fuse3::raw::connection::fuse_over_uring] transport payload lease held 1615 ms (≥ 1 s) — overlong handler invocation or a §5.4 severance escape; watch transport_lease_overlong / transport_parked_commits
[2026-08-29T18:38:35Z ERROR fuse3::raw::connection::fuse_over_uring] transport payload lease held 1615 ms (≥ 1 s) — overlong handler invocation or a §5.4 severance escape; watch transport_lease_overlong / transport_parked_commits
[2026-08-29T18:38:35Z ERROR fuse3::raw::connection::fuse_over_uring] transport payload lease held 1613 ms (≥ 1 s) — overlong handler invocation or a §5.4 severance escape; watch transport_lease_overlong / transport_parked_commits
[2026-08-29T18:38:35Z ERROR fuse3::raw::connection::fuse_over_uring] transport payload lease held 1612 ms (≥ 1 s) — overlong handler invocation or a §5.4 severance escape; watch transport_lease_overlong / transport_parked_commits
[2026-08-29T18:38:35Z ERROR fuse3::raw::connection::fuse_over_uring] transport payload lease held 1564 ms (≥ 1 s) — overlong handler invocation or a §5.4 severance escape; watch transport_lease_overlong / transport_parked_commits
[2026-08-29T18:38:35Z ERROR fuse3::raw::connection::fuse_over_uring] transport payload lease held 1416 ms (≥ 1 s) — overlong handler invocation or a §5.4 severance escape; watch transport_lease_overlong / transport_parked_commits
[2026-08-29T18:38:35Z ERROR fuse3::raw::connection::fuse_over_uring] transport payload lease held 1417 ms (≥ 1 s) — overlong handler invocation or a §5.4 severance escape; watch transport_lease_overlong / transport_parked_commits
[2026-08-29T18:38:35Z ERROR fuse3::raw::connection::fuse_over_uring] transport payload lease held 1416 ms (≥ 1 s) — overlong handler invocation or a §5.4 severance escape; watch transport_lease_overlong / transport_parked_commits
[2026-08-29T18:38:35Z ERROR fuse3::raw::connection::fuse_over_uring] transport payload lease held 1391 ms (≥ 1 s) — overlong handler invocation or a §5.4 severance escape; watch transport_lease_overlong / transport_parked_commits
[2026-08-29T18:38:35Z ERROR fuse3::raw::connection::fuse_over_uring] transport payload lease held 1382 ms (≥ 1 s) — overlong handler invocation or a §5.4 severance escape; watch transport_lease_overlong / transport_parked_commits
[2026-08-29T18:38:35Z ERROR fuse3::raw::connection::fuse_over_uring] transport payload lease held 1382 ms (≥ 1 s) — overlong handler invocation or a §5.4 severance escape; watch transport_lease_overlong / transport_parked_commits
[2026-08-29T18:38:35Z ERROR fuse3::raw::connection::fuse_over_uring] transport payload lease held 1382 ms (≥ 1 s) — overlong handler invocation or a §5.4 severance escape; watch transport_lease_overlong / transport_parked_commits
[2026-08-29T18:38:36Z ERROR fuse3::raw::connection::fuse_over_uring] transport payload lease held 1961 ms (≥ 1 s) — overlong handler invocation or a §5.4 severance escape; watch transport_lease_overlong / transport_parked_commits
[2026-08-29T18:38:36Z ERROR fuse3::raw::connection::fuse_over_uring] transport payload lease held 1954 ms (≥ 1 s) — overlong handler invocation or a §5.4 severance escape; watch transport_lease_overlong / transport_parked_commits
[2026-08-29T18:38:36Z ERROR fuse3::raw::connection::fuse_over_uring] transport payload lease held 1952 ms (≥ 1 s) — overlong handler invocation or a §5.4 severance escape; watch transport_lease_overlong / transport_parked_commits
[2026-08-29T18:38:36Z ERROR fuse3::raw::connection::fuse_over_uring] transport payload lease held 1943 ms (≥ 1 s) — overlong handler invocation or a §5.4 severance escape; watch transport_lease_overlong / transport_parked_commits
[2026-08-29T18:38:36Z ERROR fuse3::raw::connection::fuse_over_uring] transport payload lease held 1893 ms (≥ 1 s) — overlong handler invocation or a §5.4 severance escape; watch transport_lease_overlong / transport_parked_commits
[2026-08-29T18:38:36Z ERROR fuse3::raw::connection::fuse_over_uring] transport payload lease held 1880 ms (≥ 1 s) — overlong handler invocation or a §5.4 severance escape; watch transport_lease_overlong / transport_parked_commits
[2026-08-29T18:38:36Z ERROR fuse3::raw::connection::fuse_over_uring] transport payload lease held 1880 ms (≥ 1 s) — overlong handler invocation or a §5.4 severance escape; watch transport_lease_overlong / transport_parked_commits
[2026-08-29T18:38:36Z ERROR fuse3::raw::connection::fuse_over_uring] transport payload lease held 1880 ms (≥ 1 s) — overlong handler invocation or a §5.4 severance escape; watch transport_lease_overlong / transport_parked_commits
[2026-08-29T18:38:36Z ERROR fuse3::raw::connection::fuse_over_uring] transport payload lease held 1804 ms (≥ 1 s) — overlong handler invocation or a §5.4 severance escape; watch transport_lease_overlong / transport_parked_commits
[2026-08-29T18:38:36Z ERROR fuse3::raw::connection::fuse_over_uring] transport payload lease held 1784 ms (≥ 1 s) — overlong handler invocation or a §5.4 severance escape; watch transport_lease_overlong / transport_parked_commits
[2026-08-29T18:38:36Z ERROR fuse3::raw::connection::fuse_over_uring] transport payload lease held 1784 ms (≥ 1 s) — overlong handler invocation or a §5.4 severance escape; watch transport_lease_overlong / transport_parked_commits
[2026-08-29T18:38:36Z ERROR fuse3::raw::connection::fuse_over_uring] transport payload lease held 1784 ms (≥ 1 s) — overlong handler invocation or a §5.4 severance escape; watch transport_lease_overlong / transport_parked_commits
[2026-08-29T18:38:36Z ERROR fuse3::raw::connection::fuse_over_uring] transport payload lease held 1186 ms (≥ 1 s) — overlong handler invocation or a §5.4 severance escape; watch transport_lease_overlong / transport_parked_commits
[2026-08-29T18:38:36Z ERROR fuse3::raw::connection::fuse_over_uring] transport payload lease held 1186 ms (≥ 1 s) — overlong handler invocation or a §5.4 severance escape; watch transport_lease_overlong / transport_parked_commits
[2026-08-29T18:38:36Z ERROR fuse3::raw::connection::fuse_over_uring] transport payload lease held 1204 ms (≥ 1 s) — overlong handler invocation or a §5.4 severance escape; watch transport_lease_overlong / transport_parked_commits
[2026-08-29T18:38:36Z ERROR fuse3::raw::connection::fuse_over_uring] transport payload lease held 1204 ms (≥ 1 s) — overlong handler invocation or a §5.4 severance escape; watch transport_lease_overlong / transport_parked_commits
[2026-08-29T18:38:36Z ERROR fuse3::raw::connection::fuse_over_uring] transport payload lease held 1204 ms (≥ 1 s) — overlong handler invocation or a §5.4 severance escape; watch transport_lease_overlong / transport_parked_commits
[2026-08-29T18:38:36Z ERROR fuse3::raw::connection::fuse_over_uring] transport payload lease held 1204 ms (≥ 1 s) — overlong handler invocation or a §5.4 severance escape; watch transport_lease_overlong / transport_parked_commits
[2026-08-29T18:38:36Z ERROR fuse3::raw::connection::fuse_over_uring] transport payload lease held 1232 ms (≥ 1 s) — overlong handler invocation or a §5.4 severance escape; watch transport_lease_overlong / transport_parked_commits
[2026-08-29T18:38:36Z ERROR fuse3::raw::connection::fuse_over_uring] transport payload lease held 1225 ms (≥ 1 s) — overlong handler invocation or a §5.4 severance escape; watch transport_lease_overlong / transport_parked_commits
[2026-08-29T18:38:36Z ERROR fuse3::raw::connection::fuse_over_uring] transport payload lease held 1228 ms (≥ 1 s) — overlong handler invocation or a §5.4 severance escape; watch transport_lease_overlong / transport_parked_commits
[2026-08-29T18:38:36Z ERROR fuse3::raw::connection::fuse_over_uring] transport payload lease held 1233 ms (≥ 1 s) — overlong handler invocation or a §5.4 severance escape; watch transport_lease_overlong / transport_parked_commits
[2026-08-29T18:38:36Z ERROR fuse3::raw::connection::fuse_over_uring] transport payload lease held 1211 ms (≥ 1 s) — overlong handler invocation or a §5.4 severance escape; watch transport_lease_overlong / transport_parked_commits
[2026-08-29T18:38:36Z ERROR fuse3::raw::connection::fuse_over_uring] transport payload lease held 1220 ms (≥ 1 s) — overlong handler invocation or a §5.4 severance escape; watch transport_lease_overlong / transport_parked_commits
[2026-08-29T18:38:36Z ERROR fuse3::raw::connection::fuse_over_uring] transport payload lease held 1219 ms (≥ 1 s) — overlong handler invocation or a §5.4 severance escape; watch transport_lease_overlong / transport_parked_commits
[2026-08-29T18:38:36Z ERROR fuse3::raw::connection::fuse_over_uring] transport payload lease held 1219 ms (≥ 1 s) — overlong handler invocation or a §5.4 severance escape; watch transport_lease_overlong / transport_parked_commits
[2026-08-29T18:38:36Z ERROR fuse3::raw::connection::fuse_over_uring] transport payload lease held 1216 ms (≥ 1 s) — overlong handler invocation or a §5.4 severance escape; watch transport_lease_overlong / transport_parked_commits
[2026-08-29T18:38:36Z ERROR fuse3::raw::connection::fuse_over_uring] transport payload lease held 1236 ms (≥ 1 s) — overlong handler invocation or a §5.4 severance escape; watch transport_lease_overlong / transport_parked_commits
[2026-08-29T18:38:36Z ERROR fuse3::raw::connection::fuse_over_uring] transport payload lease held 1236 ms (≥ 1 s) — overlong handler invocation or a §5.4 severance escape; watch transport_lease_overlong / transport_parked_commits
[2026-08-29T18:38:36Z ERROR fuse3::raw::connection::fuse_over_uring] transport payload lease held 1235 ms (≥ 1 s) — overlong handler invocation or a §5.4 severance escape; watch transport_lease_overlong / transport_parked_commits
[2026-08-29T18:38:36Z ERROR fuse3::raw::connection::fuse_over_uring] transport payload lease held 1236 ms (≥ 1 s) — overlong handler invocation or a §5.4 severance escape; watch transport_lease_overlong / transport_parked_commits
[2026-08-29T18:38:36Z ERROR fuse3::raw::connection::fuse_over_uring] transport payload lease held 1226 ms (≥ 1 s) — overlong handler invocation or a §5.4 severance escape; watch transport_lease_overlong / transport_parked_commits
[2026-08-29T18:38:36Z ERROR fuse3::raw::connection::fuse_over_uring] transport payload lease held 1225 ms (≥ 1 s) — overlong handler invocation or a §5.4 severance escape; watch transport_lease_overlong / transport_parked_commits
[2026-08-29T18:38:36Z ERROR fuse3::raw::connection::fuse_over_uring] transport payload lease held 1226 ms (≥ 1 s) — overlong handler invocation or a §5.4 severance escape; watch transport_lease_overlong / transport_parked_commits
[2026-08-29T18:38:36Z ERROR fuse3::raw::connection::fuse_over_uring] transport payload lease held 1161 ms (≥ 1 s) — overlong handler invocation or a §5.4 severance escape; watch transport_lease_overlong / transport_parked_commits
[2026-08-29T18:38:36Z ERROR fuse3::raw::connection::fuse_over_uring] transport payload lease held 1155 ms (≥ 1 s) — overlong handler invocation or a §5.4 severance escape; watch transport_lease_overlong / transport_parked_commits
[2026-08-29T18:38:36Z ERROR fuse3::raw::connection::fuse_over_uring] transport payload lease held 1116 ms (≥ 1 s) — overlong handler invocation or a §5.4 severance escape; watch transport_lease_overlong / transport_parked_commits
[2026-08-29T18:38:36Z ERROR fuse3::raw::connection::fuse_over_uring] transport payload lease held 1116 ms (≥ 1 s) — overlong handler invocation or a §5.4 severance escape; watch transport_lease_overlong / transport_parked_commits
[2026-08-29T18:38:36Z ERROR fuse3::raw::connection::fuse_over_uring] transport payload lease held 1084 ms (≥ 1 s) — overlong handler invocation or a §5.4 severance escape; watch transport_lease_overlong / transport_parked_commits
[2026-08-29T18:38:36Z ERROR fuse3::raw::connection::fuse_over_uring] transport payload lease held 1093 ms (≥ 1 s) — overlong handler invocation or a §5.4 severance escape; watch transport_lease_overlong / transport_parked_commits
[2026-08-29T18:38:36Z ERROR fuse3::raw::connection::fuse_over_uring] transport payload lease held 1084 ms (≥ 1 s) — overlong handler invocation or a §5.4 severance escape; watch transport_lease_overlong / transport_parked_commits
[2026-08-29T18:38:36Z ERROR fuse3::raw::connection::fuse_over_uring] transport payload lease held 1084 ms (≥ 1 s) — overlong handler invocation or a §5.4 severance escape; watch transport_lease_overlong / transport_parked_commits
[2026-08-29T18:38:36Z ERROR fuse3::raw::connection::fuse_over_uring] transport payload lease held 1084 ms (≥ 1 s) — overlong handler invocation or a §5.4 severance escape; watch transport_lease_overlong / transport_parked_commits
[2026-08-29T18:38:36Z ERROR fuse3::raw::connection::fuse_over_uring] transport payload lease held 1409 ms (≥ 1 s) — overlong handler invocation or a §5.4 severance escape; watch transport_lease_overlong / transport_parked_commits
[2026-08-29T18:38:36Z ERROR fuse3::raw::connection::fuse_over_uring] transport payload lease held 1402 ms (≥ 1 s) — overlong handler invocation or a §5.4 severance escape; watch transport_lease_overlong / transport_parked_commits
[2026-08-29T18:38:36Z ERROR fuse3::raw::connection::fuse_over_uring] transport payload lease held 1399 ms (≥ 1 s) — overlong handler invocation or a §5.4 severance escape; watch transport_lease_overlong / transport_parked_commits
[2026-08-29T18:38:36Z ERROR fuse3::raw::connection::fuse_over_uring] transport payload lease held 1393 ms (≥ 1 s) — overlong handler invocation or a §5.4 severance escape; watch transport_lease_overlong / transport_parked_commits
[2026-08-29T18:38:36Z ERROR fuse3::raw::connection::fuse_over_uring] transport payload lease held 1393 ms (≥ 1 s) — overlong handler invocation or a §5.4 severance escape; watch transport_lease_overlong / transport_parked_commits
[2026-08-29T18:38:36Z ERROR fuse3::raw::connection::fuse_over_uring] transport payload lease held 1385 ms (≥ 1 s) — overlong handler invocation or a §5.4 severance escape; watch transport_lease_overlong / transport_parked_commits
[2026-08-29T18:38:36Z ERROR fuse3::raw::connection::fuse_over_uring] transport payload lease held 1385 ms (≥ 1 s) — overlong handler invocation or a §5.4 severance escape; watch transport_lease_overlong / transport_parked_commits
[2026-08-29T18:38:36Z ERROR fuse3::raw::connection::fuse_over_uring] transport payload lease held 1352 ms (≥ 1 s) — overlong handler invocation or a §5.4 severance escape; watch transport_lease_overlong / transport_parked_commits
[2026-08-29T18:38:36Z ERROR fuse3::raw::connection::fuse_over_uring] transport payload lease held 1347 ms (≥ 1 s) — overlong handler invocation or a §5.4 severance escape; watch transport_lease_overlong / transport_parked_commits
[2026-08-29T18:38:36Z ERROR fuse3::raw::connection::fuse_over_uring] transport payload lease held 1315 ms (≥ 1 s) — overlong handler invocation or a §5.4 severance escape; watch transport_lease_overlong / transport_parked_commits
[2026-08-29T18:38:36Z ERROR fuse3::raw::connection::fuse_over_uring] transport payload lease held 1316 ms (≥ 1 s) — overlong handler invocation or a §5.4 severance escape; watch transport_lease_overlong / transport_parked_commits
[2026-08-29T18:38:36Z ERROR fuse3::raw::connection::fuse_over_uring] transport payload lease held 1321 ms (≥ 1 s) — overlong handler invocation or a §5.4 severance escape; watch transport_lease_overlong / transport_parked_commits
[2026-08-29T18:38:36Z ERROR fuse3::raw::connection::fuse_over_uring] transport payload lease held 1387 ms (≥ 1 s) — overlong handler invocation or a §5.4 severance escape; watch transport_lease_overlong / transport_parked_commits
[2026-08-29T18:38:36Z ERROR fuse3::raw::connection::fuse_over_uring] transport payload lease held 1387 ms (≥ 1 s) — overlong handler invocation or a §5.4 severance escape; watch transport_lease_overlong / transport_parked_commits
[2026-08-29T18:38:36Z ERROR fuse3::raw::connection::fuse_over_uring] transport payload lease held 1385 ms (≥ 1 s) — overlong handler invocation or a §5.4 severance escape; watch transport_lease_overlong / transport_parked_commits
[2026-08-29T18:38:36Z ERROR fuse3::raw::connection::fuse_over_uring] transport payload lease held 1377 ms (≥ 1 s) — overlong handler invocation or a §5.4 severance escape; watch transport_lease_overlong / transport_parked_commits
[2026-08-29T18:38:36Z ERROR fuse3::raw::connection::fuse_over_uring] transport payload lease held 1429 ms (≥ 1 s) — overlong handler invocation or a §5.4 severance escape; watch transport_lease_overlong / transport_parked_commits
[2026-08-29T18:38:37Z WARN  squeezefs::block_allocator] co-writer: abandoning never-published block offset(s) leak-safe (volume 'nvme7n1', first offset 236294504448): the publish that would have named them failed or refused, and a co-writer may not mutate ownership accounting — the next derivation (mount recovery / fsck C6) returns them to the free supply (cowriter_unpublished_abandons; further offsets at debug level)
[2026-08-29T18:38:40Z ERROR fuse3::raw::connection::fuse_over_uring] transport payload lease held 1891 ms (≥ 1 s) — overlong handler invocation or a §5.4 severance escape; watch transport_lease_overlong / transport_parked_commits
[2026-08-29T18:38:40Z ERROR fuse3::raw::connection::fuse_over_uring] transport payload lease held 1881 ms (≥ 1 s) — overlong handler invocation or a §5.4 severance escape; watch transport_lease_overlong / transport_parked_commits
[2026-08-29T18:38:40Z ERROR fuse3::raw::connection::fuse_over_uring] transport payload lease held 1876 ms (≥ 1 s) — overlong handler invocation or a §5.4 severance escape; watch transport_lease_overlong / transport_parked_commits
[2026-08-29T18:38:40Z ERROR fuse3::raw::connection::fuse_over_uring] transport payload lease held 1875 ms (≥ 1 s) — overlong handler invocation or a §5.4 severance escape; watch transport_lease_overlong / transport_parked_commits
[2026-08-29T18:38:41Z ERROR fuse3::raw::connection::fuse_over_uring] transport payload lease held 2556 ms (≥ 1 s) — overlong handler invocation or a §5.4 severance escape; watch transport_lease_overlong / transport_parked_commits
[2026-08-29T18:38:41Z ERROR fuse3::raw::connection::fuse_over_uring] transport payload lease held 2555 ms (≥ 1 s) — overlong handler invocation or a §5.4 severance escape; watch transport_lease_overlong / transport_parked_commits
[2026-08-29T18:38:41Z ERROR fuse3::raw::connection::fuse_over_uring] transport payload lease held 2567 ms (≥ 1 s) — overlong handler invocation or a §5.4 severance escape; watch transport_lease_overlong / transport_parked_commits
[2026-08-29T18:38:41Z ERROR fuse3::raw::connection::fuse_over_uring] transport payload lease held 2567 ms (≥ 1 s) — overlong handler invocation or a §5.4 severance escape; watch transport_lease_overlong / transport_parked_commits
[2026-08-29T18:38:41Z ERROR fuse3::raw::connection::fuse_over_uring] transport payload lease held 2535 ms (≥ 1 s) — overlong handler invocation or a §5.4 severance escape; watch transport_lease_overlong / transport_parked_commits
[2026-08-29T18:38:41Z ERROR fuse3::raw::connection::fuse_over_uring] transport payload lease held 2532 ms (≥ 1 s) — overlong handler invocation or a §5.4 severance escape; watch transport_lease_overlong / transport_parked_commits
[2026-08-29T18:38:41Z ERROR fuse3::raw::connection::fuse_over_uring] transport payload lease held 2522 ms (≥ 1 s) — overlong handler invocation or a §5.4 severance escape; watch transport_lease_overlong / transport_parked_commits
[2026-08-29T18:38:41Z ERROR fuse3::raw::connection::fuse_over_uring] transport payload lease held 2522 ms (≥ 1 s) — overlong handler invocation or a §5.4 severance escape; watch transport_lease_overlong / transport_parked_commits
[2026-08-29T18:38:41Z ERROR fuse3::raw::connection::fuse_over_uring] transport payload lease held 2384 ms (≥ 1 s) — overlong handler invocation or a §5.4 severance escape; watch transport_lease_overlong / transport_parked_commits
[2026-08-29T18:38:41Z ERROR fuse3::raw::connection::fuse_over_uring] transport payload lease held 2337 ms (≥ 1 s) — overlong handler invocation or a §5.4 severance escape; watch transport_lease_overlong / transport_parked_commits
[2026-08-29T18:38:41Z ERROR fuse3::raw::connection::fuse_over_uring] transport payload lease held 2378 ms (≥ 1 s) — overlong handler invocation or a §5.4 severance escape; watch transport_lease_overlong / transport_parked_commits
[2026-08-29T18:38:41Z ERROR fuse3::raw::connection::fuse_over_uring] transport payload lease held 2360 ms (≥ 1 s) — overlong handler invocation or a §5.4 severance escape; watch transport_lease_overlong / transport_parked_commits
[2026-08-29T18:38:41Z ERROR fuse3::raw::connection::fuse_over_uring] transport payload lease held 2083 ms (≥ 1 s) — overlong handler invocation or a §5.4 severance escape; watch transport_lease_overlong / transport_parked_commits
[2026-08-29T18:38:41Z ERROR fuse3::raw::connection::fuse_over_uring] transport payload lease held 2043 ms (≥ 1 s) — overlong handler invocation or a §5.4 severance escape; watch transport_lease_overlong / transport_parked_commits
[2026-08-29T18:38:41Z ERROR fuse3::raw::connection::fuse_over_uring] transport payload lease held 2043 ms (≥ 1 s) — overlong handler invocation or a §5.4 severance escape; watch transport_lease_overlong / transport_parked_commits
[2026-08-29T18:38:41Z ERROR fuse3::raw::connection::fuse_over_uring] transport payload lease held 2043 ms (≥ 1 s) — overlong handler invocation or a §5.4 severance escape; watch transport_lease_overlong / transport_parked_commits
[2026-08-29T18:38:41Z ERROR fuse3::raw::connection::fuse_over_uring] transport payload lease held 1819 ms (≥ 1 s) — overlong handler invocation or a §5.4 severance escape; watch transport_lease_overlong / transport_parked_commits
[2026-08-29T18:38:41Z ERROR fuse3::raw::connection::fuse_over_uring] transport payload lease held 1791 ms (≥ 1 s) — overlong handler invocation or a §5.4 severance escape; watch transport_lease_overlong / transport_parked_commits
[2026-08-29T18:38:41Z ERROR fuse3::raw::connection::fuse_over_uring] transport payload lease held 1785 ms (≥ 1 s) — overlong handler invocation or a §5.4 severance escape; watch transport_lease_overlong / transport_parked_commits
[2026-08-29T18:38:41Z ERROR fuse3::raw::connection::fuse_over_uring] transport payload lease held 1762 ms (≥ 1 s) — overlong handler invocation or a §5.4 severance escape; watch transport_lease_overlong / transport_parked_commits
[2026-08-29T18:38:41Z ERROR fuse3::raw::connection::fuse_over_uring] transport payload lease held 1624 ms (≥ 1 s) — overlong handler invocation or a §5.4 severance escape; watch transport_lease_overlong / transport_parked_commits
[2026-08-29T18:38:41Z ERROR fuse3::raw::connection::fuse_over_uring] transport payload lease held 1613 ms (≥ 1 s) — overlong handler invocation or a §5.4 severance escape; watch transport_lease_overlong / transport_parked_commits
[2026-08-29T18:38:41Z ERROR fuse3::raw::connection::fuse_over_uring] transport payload lease held 1613 ms (≥ 1 s) — overlong handler invocation or a §5.4 severance escape; watch transport_lease_overlong / transport_parked_commits
[2026-08-29T18:38:41Z ERROR fuse3::raw::connection::fuse_over_uring] transport payload lease held 1630 ms (≥ 1 s) — overlong handler invocation or a §5.4 severance escape; watch transport_lease_overlong / transport_parked_commits
[2026-08-29T18:38:41Z ERROR fuse3::raw::connection::fuse_over_uring] transport payload lease held 1520 ms (≥ 1 s) — overlong handler invocation or a §5.4 severance escape; watch transport_lease_overlong / transport_parked_commits
[2026-08-29T18:38:41Z ERROR fuse3::raw::connection::fuse_over_uring] transport payload lease held 1519 ms (≥ 1 s) — overlong handler invocation or a §5.4 severance escape; watch transport_lease_overlong / transport_parked_commits
[2026-08-29T18:38:41Z ERROR fuse3::raw::connection::fuse_over_uring] transport payload lease held 1529 ms (≥ 1 s) — overlong handler invocation or a §5.4 severance escape; watch transport_lease_overlong / transport_parked_commits
[2026-08-29T18:38:41Z ERROR fuse3::raw::connection::fuse_over_uring] transport payload lease held 1529 ms (≥ 1 s) — overlong handler invocation or a §5.4 severance escape; watch transport_lease_overlong / transport_parked_commits
[2026-08-29T18:38:51Z ERROR fuse3::raw::connection::fuse_over_uring] transport payload lease held 1105 ms (≥ 1 s) — overlong handler invocation or a §5.4 severance escape; watch transport_lease_overlong / transport_parked_commits
[2026-08-29T18:38:51Z ERROR fuse3::raw::connection::fuse_over_uring] transport payload lease held 1105 ms (≥ 1 s) — overlong handler invocation or a §5.4 severance escape; watch transport_lease_overlong / transport_parked_commits
[2026-08-29T18:38:51Z ERROR fuse3::raw::connection::fuse_over_uring] transport payload lease held 1098 ms (≥ 1 s) — overlong handler invocation or a §5.4 severance escape; watch transport_lease_overlong / transport_parked_commits
[2026-08-29T18:38:51Z ERROR fuse3::raw::connection::fuse_over_uring] transport payload lease held 1101 ms (≥ 1 s) — overlong handler invocation or a §5.4 severance escape; watch transport_lease_overlong / transport_parked_commits
[2026-08-29T18:38:51Z ERROR fuse3::raw::connection::fuse_over_uring] transport payload lease held 1047 ms (≥ 1 s) — overlong handler invocation or a §5.4 severance escape; watch transport_lease_overlong / transport_parked_commits
[2026-08-29T18:38:51Z ERROR fuse3::raw::connection::fuse_over_uring] transport payload lease held 1029 ms (≥ 1 s) — overlong handler invocation or a §5.4 severance escape; watch transport_lease_overlong / transport_parked_commits
[2026-08-29T18:38:51Z ERROR fuse3::raw::connection::fuse_over_uring] transport payload lease held 1028 ms (≥ 1 s) — overlong handler invocation or a §5.4 severance escape; watch transport_lease_overlong / transport_parked_commits
[2026-08-29T18:38:51Z ERROR fuse3::raw::connection::fuse_over_uring] transport payload lease held 1029 ms (≥ 1 s) — overlong handler invocation or a §5.4 severance escape; watch transport_lease_overlong / transport_parked_commits
[2026-08-29T18:39:07Z ERROR fuse3::raw::connection::fuse_over_uring] transport payload lease held 1014 ms (≥ 1 s) — overlong handler invocation or a §5.4 severance escape; watch transport_lease_overlong / transport_parked_commits
[2026-08-29T18:39:07Z ERROR fuse3::raw::connection::fuse_over_uring] transport payload lease held 1014 ms (≥ 1 s) — overlong handler invocation or a §5.4 severance escape; watch transport_lease_overlong / transport_parked_commits
[2026-08-29T18:39:07Z ERROR fuse3::raw::connection::fuse_over_uring] transport payload lease held 1050 ms (≥ 1 s) — overlong handler invocation or a §5.4 severance escape; watch transport_lease_overlong / transport_parked_commits
[2026-08-29T18:39:07Z ERROR fuse3::raw::connection::fuse_over_uring] transport payload lease held 1050 ms (≥ 1 s) — overlong handler invocation or a §5.4 severance escape; watch transport_lease_overlong / transport_parked_commits
[2026-08-29T18:39:07Z ERROR fuse3::raw::connection::fuse_over_uring] transport payload lease held 1339 ms (≥ 1 s) — overlong handler invocation or a §5.4 severance escape; watch transport_lease_overlong / transport_parked_commits
[2026-08-29T18:39:07Z ERROR fuse3::raw::connection::fuse_over_uring] transport payload lease held 1371 ms (≥ 1 s) — overlong handler invocation or a §5.4 severance escape; watch transport_lease_overlong / transport_parked_commits
[2026-08-29T18:39:07Z ERROR fuse3::raw::connection::fuse_over_uring] transport payload lease held 1371 ms (≥ 1 s) — overlong handler invocation or a §5.4 severance escape; watch transport_lease_overlong / transport_parked_commits
[2026-08-29T18:39:07Z ERROR fuse3::raw::connection::fuse_over_uring] transport payload lease held 1371 ms (≥ 1 s) — overlong handler invocation or a §5.4 severance escape; watch transport_lease_overlong / transport_parked_commits
[2026-08-29T18:39:07Z ERROR fuse3::raw::connection::fuse_over_uring] transport payload lease held 1325 ms (≥ 1 s) — overlong handler invocation or a §5.4 severance escape; watch transport_lease_overlong / transport_parked_commits
[2026-08-29T18:39:07Z ERROR fuse3::raw::connection::fuse_over_uring] transport payload lease held 1325 ms (≥ 1 s) — overlong handler invocation or a §5.4 severance escape; watch transport_lease_overlong / transport_parked_commits
[2026-08-29T18:39:07Z ERROR fuse3::raw::connection::fuse_over_uring] transport payload lease held 1350 ms (≥ 1 s) — overlong handler invocation or a §5.4 severance escape; watch transport_lease_overlong / transport_parked_commits
[2026-08-29T18:39:07Z ERROR fuse3::raw::connection::fuse_over_uring] transport payload lease held 1350 ms (≥ 1 s) — overlong handler invocation or a §5.4 severance escape; watch transport_lease_overlong / transport_parked_commits
[2026-08-29T18:39:08Z ERROR fuse3::raw::connection::fuse_over_uring] transport payload lease held 1433 ms (≥ 1 s) — overlong handler invocation or a §5.4 severance escape; watch transport_lease_overlong / transport_parked_commits
[2026-08-29T18:39:08Z ERROR fuse3::raw::connection::fuse_over_uring] transport payload lease held 1470 ms (≥ 1 s) — overlong handler invocation or a §5.4 severance escape; watch transport_lease_overlong / transport_parked_commits
[2026-08-29T18:39:08Z ERROR fuse3::raw::connection::fuse_over_uring] transport payload lease held 1470 ms (≥ 1 s) — overlong handler invocation or a §5.4 severance escape; watch transport_lease_overlong / transport_parked_commits
[2026-08-29T18:39:08Z ERROR fuse3::raw::connection::fuse_over_uring] transport payload lease held 1470 ms (≥ 1 s) — overlong handler invocation or a §5.4 severance escape; watch transport_lease_overlong / transport_parked_commits
[2026-08-29T18:39:08Z ERROR fuse3::raw::connection::fuse_over_uring] transport payload lease held 1474 ms (≥ 1 s) — overlong handler invocation or a §5.4 severance escape; watch transport_lease_overlong / transport_parked_commits
[2026-08-29T18:39:08Z ERROR fuse3::raw::connection::fuse_over_uring] transport payload lease held 1473 ms (≥ 1 s) — overlong handler invocation or a §5.4 severance escape; watch transport_lease_overlong / transport_parked_commits
[2026-08-29T18:39:08Z ERROR fuse3::raw::connection::fuse_over_uring] transport payload lease held 1473 ms (≥ 1 s) — overlong handler invocation or a §5.4 severance escape; watch transport_lease_overlong / transport_parked_commits
[2026-08-29T18:39:08Z ERROR fuse3::raw::connection::fuse_over_uring] transport payload lease held 1474 ms (≥ 1 s) — overlong handler invocation or a §5.4 severance escape; watch transport_lease_overlong / transport_parked_commits
[2026-08-29T18:39:08Z ERROR fuse3::raw::connection::fuse_over_uring] transport payload lease held 1463 ms (≥ 1 s) — overlong handler invocation or a §5.4 severance escape; watch transport_lease_overlong / transport_parked_commits
[2026-08-29T18:39:08Z ERROR fuse3::raw::connection::fuse_over_uring] transport payload lease held 1495 ms (≥ 1 s) — overlong handler invocation or a §5.4 severance escape; watch transport_lease_overlong / transport_parked_commits
[2026-08-29T18:39:08Z ERROR fuse3::raw::connection::fuse_over_uring] transport payload lease held 1495 ms (≥ 1 s) — overlong handler invocation or a §5.4 severance escape; watch transport_lease_overlong / transport_parked_commits
[2026-08-29T18:39:08Z ERROR fuse3::raw::connection::fuse_over_uring] transport payload lease held 1495 ms (≥ 1 s) — overlong handler invocation or a §5.4 severance escape; watch transport_lease_overlong / transport_parked_commits
[2026-08-29T18:39:21Z ERROR fuse3::raw::connection::fuse_over_uring] transport payload lease held 1027 ms (≥ 1 s) — overlong handler invocation or a §5.4 severance escape; watch transport_lease_overlong / transport_parked_commits
[2026-08-29T18:39:21Z ERROR fuse3::raw::connection::fuse_over_uring] transport payload lease held 1022 ms (≥ 1 s) — overlong handler invocation or a §5.4 severance escape; watch transport_lease_overlong / transport_parked_commits
[2026-08-29T18:39:21Z ERROR fuse3::raw::connection::fuse_over_uring] transport payload lease held 1019 ms (≥ 1 s) — overlong handler invocation or a §5.4 severance escape; watch transport_lease_overlong / transport_parked_commits
[2026-08-29T18:39:21Z ERROR fuse3::raw::connection::fuse_over_uring] transport payload lease held 1018 ms (≥ 1 s) — overlong handler invocation or a §5.4 severance escape; watch transport_lease_overlong / transport_parked_commits
[2026-08-29T18:39:26Z ERROR fuse3::raw::connection::fuse_over_uring] transport payload lease held 1020 ms (≥ 1 s) — overlong handler invocation or a §5.4 severance escape; watch transport_lease_overlong / transport_parked_commits
[2026-08-29T18:39:26Z ERROR fuse3::raw::connection::fuse_over_uring] transport payload lease held 1019 ms (≥ 1 s) — overlong handler invocation or a §5.4 severance escape; watch transport_lease_overlong / transport_parked_commits
[2026-08-29T18:39:26Z ERROR fuse3::raw::connection::fuse_over_uring] transport payload lease held 1001 ms (≥ 1 s) — overlong handler invocation or a §5.4 severance escape; watch transport_lease_overlong / transport_parked_commits
[2026-08-29T18:39:26Z ERROR fuse3::raw::connection::fuse_over_uring] transport payload lease held 1001 ms (≥ 1 s) — overlong handler invocation or a §5.4 severance escape; watch transport_lease_overlong / transport_parked_commits
[2026-08-29T18:39:26Z ERROR fuse3::raw::connection::fuse_over_uring] transport payload lease held 1060 ms (≥ 1 s) — overlong handler invocation or a §5.4 severance escape; watch transport_lease_overlong / transport_parked_commits
[2026-08-29T18:39:26Z ERROR fuse3::raw::connection::fuse_over_uring] transport payload lease held 1050 ms (≥ 1 s) — overlong handler invocation or a §5.4 severance escape; watch transport_lease_overlong / transport_parked_commits
[2026-08-29T18:39:26Z ERROR fuse3::raw::connection::fuse_over_uring] transport payload lease held 1049 ms (≥ 1 s) — overlong handler invocation or a §5.4 severance escape; watch transport_lease_overlong / transport_parked_commits
[2026-08-29T18:39:26Z ERROR fuse3::raw::connection::fuse_over_uring] transport payload lease held 1049 ms (≥ 1 s) — overlong handler invocation or a §5.4 severance escape; watch transport_lease_overlong / transport_parked_commits
[2026-08-29T18:39:26Z ERROR fuse3::raw::connection::fuse_over_uring] transport payload lease held 1137 ms (≥ 1 s) — overlong handler invocation or a §5.4 severance escape; watch transport_lease_overlong / transport_parked_commits
[2026-08-29T18:39:26Z ERROR fuse3::raw::connection::fuse_over_uring] transport payload lease held 1136 ms (≥ 1 s) — overlong handler invocation or a §5.4 severance escape; watch transport_lease_overlong / transport_parked_commits
[2026-08-29T18:39:26Z ERROR fuse3::raw::connection::fuse_over_uring] transport payload lease held 1129 ms (≥ 1 s) — overlong handler invocation or a §5.4 severance escape; watch transport_lease_overlong / transport_parked_commits
[2026-08-29T18:39:26Z ERROR fuse3::raw::connection::fuse_over_uring] transport payload lease held 1128 ms (≥ 1 s) — overlong handler invocation or a §5.4 severance escape; watch transport_lease_overlong / transport_parked_commits
[2026-08-29T18:39:26Z ERROR fuse3::raw::connection::fuse_over_uring] transport payload lease held 1209 ms (≥ 1 s) — overlong handler invocation or a §5.4 severance escape; watch transport_lease_overlong / transport_parked_commits
[2026-08-29T18:39:26Z ERROR fuse3::raw::connection::fuse_over_uring] transport payload lease held 1203 ms (≥ 1 s) — overlong handler invocation or a §5.4 severance escape; watch transport_lease_overlong / transport_parked_commits
[2026-08-29T18:39:26Z ERROR fuse3::raw::connection::fuse_over_uring] transport payload lease held 1211 ms (≥ 1 s) — overlong handler invocation or a §5.4 severance escape; watch transport_lease_overlong / transport_parked_commits
[2026-08-29T18:39:26Z ERROR fuse3::raw::connection::fuse_over_uring] transport payload lease held 1206 ms (≥ 1 s) — overlong handler invocation or a §5.4 severance escape; watch transport_lease_overlong / transport_parked_commits
[2026-08-29T18:39:43Z ERROR fuse3::raw::connection::fuse_over_uring] transport payload lease held 1552 ms (≥ 1 s) — overlong handler invocation or a §5.4 severance escape; watch transport_lease_overlong / transport_parked_commits
[2026-08-29T18:39:43Z ERROR fuse3::raw::connection::fuse_over_uring] transport payload lease held 1552 ms (≥ 1 s) — overlong handler invocation or a §5.4 severance escape; watch transport_lease_overlong / transport_parked_commits
[2026-08-29T18:39:43Z ERROR fuse3::raw::connection::fuse_over_uring] transport payload lease held 1553 ms (≥ 1 s) — overlong handler invocation or a §5.4 severance escape; watch transport_lease_overlong / transport_parked_commits
[2026-08-29T18:39:43Z ERROR fuse3::raw::connection::fuse_over_uring] transport payload lease held 1506 ms (≥ 1 s) — overlong handler invocation or a §5.4 severance escape; watch transport_lease_overlong / transport_parked_commits
[2026-08-29T18:39:43Z ERROR fuse3::raw::connection::fuse_over_uring] transport payload lease held 1506 ms (≥ 1 s) — overlong handler invocation or a §5.4 severance escape; watch transport_lease_overlong / transport_parked_commits
[2026-08-29T18:39:43Z ERROR fuse3::raw::connection::fuse_over_uring] transport payload lease held 1506 ms (≥ 1 s) — overlong handler invocation or a §5.4 severance escape; watch transport_lease_overlong / transport_parked_commits
[2026-08-29T18:39:43Z ERROR fuse3::raw::connection::fuse_over_uring] transport payload lease held 1506 ms (≥ 1 s) — overlong handler invocation or a §5.4 severance escape; watch transport_lease_overlong / transport_parked_commits
[2026-08-29T18:39:43Z ERROR fuse3::raw::connection::fuse_over_uring] transport payload lease held 1362 ms (≥ 1 s) — overlong handler invocation or a §5.4 severance escape; watch transport_lease_overlong / transport_parked_commits
[2026-08-29T18:39:43Z ERROR fuse3::raw::connection::fuse_over_uring] transport payload lease held 1374 ms (≥ 1 s) — overlong handler invocation or a §5.4 severance escape; watch transport_lease_overlong / transport_parked_commits
[2026-08-29T18:39:43Z ERROR fuse3::raw::connection::fuse_over_uring] transport payload lease held 1374 ms (≥ 1 s) — overlong handler invocation or a §5.4 severance escape; watch transport_lease_overlong / transport_parked_commits
[2026-08-29T18:39:43Z ERROR fuse3::raw::connection::fuse_over_uring] transport payload lease held 1374 ms (≥ 1 s) — overlong handler invocation or a §5.4 severance escape; watch transport_lease_overlong / transport_parked_commits
[2026-08-29T18:39:43Z ERROR fuse3::raw::connection::fuse_over_uring] transport payload lease held 1260 ms (≥ 1 s) — overlong handler invocation or a §5.4 severance escape; watch transport_lease_overlong / transport_parked_commits
[2026-08-29T18:39:43Z ERROR fuse3::raw::connection::fuse_over_uring] transport payload lease held 1259 ms (≥ 1 s) — overlong handler invocation or a §5.4 severance escape; watch transport_lease_overlong / transport_parked_commits
[2026-08-29T18:39:43Z ERROR fuse3::raw::connection::fuse_over_uring] transport payload lease held 1259 ms (≥ 1 s) — overlong handler invocation or a §5.4 severance escape; watch transport_lease_overlong / transport_parked_commits
[2026-08-29T18:39:43Z ERROR fuse3::raw::connection::fuse_over_uring] transport payload lease held 1260 ms (≥ 1 s) — overlong handler invocation or a §5.4 severance escape; watch transport_lease_overlong / transport_parked_commits
[2026-08-29T18:39:43Z ERROR fuse3::raw::connection::fuse_over_uring] transport payload lease held 1183 ms (≥ 1 s) — overlong handler invocation or a §5.4 severance escape; watch transport_lease_overlong / transport_parked_commits
[2026-08-29T18:39:43Z ERROR fuse3::raw::connection::fuse_over_uring] transport payload lease held 1177 ms (≥ 1 s) — overlong handler invocation or a §5.4 severance escape; watch transport_lease_overlong / transport_parked_commits
[2026-08-29T18:39:43Z ERROR fuse3::raw::connection::fuse_over_uring] transport payload lease held 1180 ms (≥ 1 s) — overlong handler invocation or a §5.4 severance escape; watch transport_lease_overlong / transport_parked_commits
[2026-08-29T18:39:43Z ERROR fuse3::raw::connection::fuse_over_uring] transport payload lease held 1172 ms (≥ 1 s) — overlong handler invocation or a §5.4 severance escape; watch transport_lease_overlong / transport_parked_commits
[2026-08-29T18:39:43Z ERROR fuse3::raw::connection::fuse_over_uring] transport payload lease held 1107 ms (≥ 1 s) — overlong handler invocation or a §5.4 severance escape; watch transport_lease_overlong / transport_parked_commits
[2026-08-29T18:39:43Z ERROR fuse3::raw::connection::fuse_over_uring] transport payload lease held 1107 ms (≥ 1 s) — overlong handler invocation or a §5.4 severance escape; watch transport_lease_overlong / transport_parked_commits
[2026-08-29T18:39:43Z ERROR fuse3::raw::connection::fuse_over_uring] transport payload lease held 1100 ms (≥ 1 s) — overlong handler invocation or a §5.4 severance escape; watch transport_lease_overlong / transport_parked_commits
[2026-08-29T18:39:43Z ERROR fuse3::raw::connection::fuse_over_uring] transport payload lease held 1100 ms (≥ 1 s) — overlong handler invocation or a §5.4 severance escape; watch transport_lease_overlong / transport_parked_commits
[2026-08-29T18:39:43Z ERROR fuse3::raw::connection::fuse_over_uring] transport payload lease held 1194 ms (≥ 1 s) — overlong handler invocation or a §5.4 severance escape; watch transport_lease_overlong / transport_parked_commits
[2026-08-29T18:39:43Z ERROR fuse3::raw::connection::fuse_over_uring] transport payload lease held 1193 ms (≥ 1 s) — overlong handler invocation or a §5.4 severance escape; watch transport_lease_overlong / transport_parked_commits
[2026-08-29T18:39:43Z ERROR fuse3::raw::connection::fuse_over_uring] transport payload lease held 1190 ms (≥ 1 s) — overlong handler invocation or a §5.4 severance escape; watch transport_lease_overlong / transport_parked_commits
[2026-08-29T18:39:43Z ERROR fuse3::raw::connection::fuse_over_uring] transport payload lease held 1189 ms (≥ 1 s) — overlong handler invocation or a §5.4 severance escape; watch transport_lease_overlong / transport_parked_commits
[2026-08-29T18:39:43Z ERROR fuse3::raw::connection::fuse_over_uring] transport payload lease held 1106 ms (≥ 1 s) — overlong handler invocation or a §5.4 severance escape; watch transport_lease_overlong / transport_parked_commits
[2026-08-29T18:39:44Z ERROR fuse3::raw::connection::fuse_over_uring] transport payload lease held 1063 ms (≥ 1 s) — overlong handler invocation or a §5.4 severance escape; watch transport_lease_overlong / transport_parked_commits
[2026-08-29T18:39:44Z ERROR fuse3::raw::connection::fuse_over_uring] transport payload lease held 1060 ms (≥ 1 s) — overlong handler invocation or a §5.4 severance escape; watch transport_lease_overlong / transport_parked_commits
[2026-08-29T18:39:44Z ERROR fuse3::raw::connection::fuse_over_uring] transport payload lease held 1059 ms (≥ 1 s) — overlong handler invocation or a §5.4 severance escape; watch transport_lease_overlong / transport_parked_commits
[2026-08-29T18:39:44Z ERROR fuse3::raw::connection::fuse_over_uring] transport payload lease held 1063 ms (≥ 1 s) — overlong handler invocation or a §5.4 severance escape; watch transport_lease_overlong / transport_parked_commits
[2026-08-29T18:39:44Z ERROR fuse3::raw::connection::fuse_over_uring] transport payload lease held 1051 ms (≥ 1 s) — overlong handler invocation or a §5.4 severance escape; watch transport_lease_overlong / transport_parked_commits
[2026-08-29T18:39:44Z ERROR fuse3::raw::connection::fuse_over_uring] transport payload lease held 1044 ms (≥ 1 s) — overlong handler invocation or a §5.4 severance escape; watch transport_lease_overlong / transport_parked_commits
[2026-08-29T18:39:44Z ERROR fuse3::raw::connection::fuse_over_uring] transport payload lease held 1047 ms (≥ 1 s) — overlong handler invocation or a §5.4 severance escape; watch transport_lease_overlong / transport_parked_commits
[2026-08-29T18:39:44Z ERROR fuse3::raw::connection::fuse_over_uring] transport payload lease held 1044 ms (≥ 1 s) — overlong handler invocation or a §5.4 severance escape; watch transport_lease_overlong / transport_parked_commits
[2026-08-29T18:39:44Z ERROR fuse3::raw::connection::fuse_over_uring] transport payload lease held 1031 ms (≥ 1 s) — overlong handler invocation or a §5.4 severance escape; watch transport_lease_overlong / transport_parked_commits
[2026-08-29T18:39:44Z ERROR fuse3::raw::connection::fuse_over_uring] transport payload lease held 1031 ms (≥ 1 s) — overlong handler invocation or a §5.4 severance escape; watch transport_lease_overlong / transport_parked_commits
[2026-08-29T18:39:44Z ERROR fuse3::raw::connection::fuse_over_uring] transport payload lease held 1027 ms (≥ 1 s) — overlong handler invocation or a §5.4 severance escape; watch transport_lease_overlong / transport_parked_commits
[2026-08-29T18:39:44Z ERROR fuse3::raw::connection::fuse_over_uring] transport payload lease held 1025 ms (≥ 1 s) — overlong handler invocation or a §5.4 severance escape; watch transport_lease_overlong / transport_parked_commits
[2026-08-29T18:39:52Z ERROR fuse3::raw::connection::fuse_over_uring] transport payload lease held 1003 ms (≥ 1 s) — overlong handler invocation or a §5.4 severance escape; watch transport_lease_overlong / transport_parked_commits
[2026-08-29T18:39:52Z ERROR fuse3::raw::connection::fuse_over_uring] transport payload lease held 1030 ms (≥ 1 s) — overlong handler invocation or a §5.4 severance escape; watch transport_lease_overlong / transport_parked_commits
[2026-08-29T18:39:52Z ERROR fuse3::raw::connection::fuse_over_uring] transport payload lease held 1031 ms (≥ 1 s) — overlong handler invocation or a §5.4 severance escape; watch transport_lease_overlong / transport_parked_commits
[2026-08-29T18:39:52Z ERROR fuse3::raw::connection::fuse_over_uring] transport payload lease held 1009 ms (≥ 1 s) — overlong handler invocation or a §5.4 severance escape; watch transport_lease_overlong / transport_parked_commits
[2026-08-29T18:39:52Z ERROR fuse3::raw::connection::fuse_over_uring] transport payload lease held 1066 ms (≥ 1 s) — overlong handler invocation or a §5.4 severance escape; watch transport_lease_overlong / transport_parked_commits
[2026-08-29T18:39:52Z ERROR fuse3::raw::connection::fuse_over_uring] transport payload lease held 1066 ms (≥ 1 s) — overlong handler invocation or a §5.4 severance escape; watch transport_lease_overlong / transport_parked_commits
[2026-08-29T18:39:52Z ERROR fuse3::raw::connection::fuse_over_uring] transport payload lease held 1060 ms (≥ 1 s) — overlong handler invocation or a §5.4 severance escape; watch transport_lease_overlong / transport_parked_commits
[2026-08-29T18:39:52Z ERROR fuse3::raw::connection::fuse_over_uring] transport payload lease held 1117 ms (≥ 1 s) — overlong handler invocation or a §5.4 severance escape; watch transport_lease_overlong / transport_parked_commits
[2026-08-29T18:39:52Z ERROR fuse3::raw::connection::fuse_over_uring] transport payload lease held 1117 ms (≥ 1 s) — overlong handler invocation or a §5.4 severance escape; watch transport_lease_overlong / transport_parked_commits
[2026-08-29T18:39:52Z ERROR fuse3::raw::connection::fuse_over_uring] transport payload lease held 1113 ms (≥ 1 s) — overlong handler invocation or a §5.4 severance escape; watch transport_lease_overlong / transport_parked_commits
[2026-08-29T18:40:01Z ERROR fuse3::raw::connection::fuse_over_uring] transport payload lease held 1082 ms (≥ 1 s) — overlong handler invocation or a §5.4 severance escape; watch transport_lease_overlong / transport_parked_commits
[2026-08-29T18:40:01Z ERROR fuse3::raw::connection::fuse_over_uring] transport payload lease held 1082 ms (≥ 1 s) — overlong handler invocation or a §5.4 severance escape; watch transport_lease_overlong / transport_parked_commits
[2026-08-29T18:40:01Z ERROR fuse3::raw::connection::fuse_over_uring] transport payload lease held 1081 ms (≥ 1 s) — overlong handler invocation or a §5.4 severance escape; watch transport_lease_overlong / transport_parked_commits
[2026-08-29T18:40:01Z ERROR fuse3::raw::connection::fuse_over_uring] transport payload lease held 1081 ms (≥ 1 s) — overlong handler invocation or a §5.4 severance escape; watch transport_lease_overlong / transport_parked_commits
[2026-08-29T18:40:01Z ERROR fuse3::raw::connection::fuse_over_uring] transport payload lease held 1045 ms (≥ 1 s) — overlong handler invocation or a §5.4 severance escape; watch transport_lease_overlong / transport_parked_commits
[2026-08-29T18:40:01Z ERROR fuse3::raw::connection::fuse_over_uring] transport payload lease held 1045 ms (≥ 1 s) — overlong handler invocation or a §5.4 severance escape; watch transport_lease_overlong / transport_parked_commits
[2026-08-29T18:40:01Z ERROR fuse3::raw::connection::fuse_over_uring] transport payload lease held 1040 ms (≥ 1 s) — overlong handler invocation or a §5.4 severance escape; watch transport_lease_overlong / transport_parked_commits
[2026-08-29T18:40:01Z ERROR fuse3::raw::connection::fuse_over_uring] transport payload lease held 1043 ms (≥ 1 s) — overlong handler invocation or a §5.4 severance escape; watch transport_lease_overlong / transport_parked_commits
[2026-08-29T18:40:02Z ERROR fuse3::raw::connection::fuse_over_uring] transport payload lease held 1202 ms (≥ 1 s) — overlong handler invocation or a §5.4 severance escape; watch transport_lease_overlong / transport_parked_commits
[2026-08-29T18:40:02Z ERROR fuse3::raw::connection::fuse_over_uring] transport payload lease held 1144 ms (≥ 1 s) — overlong handler invocation or a §5.4 severance escape; watch transport_lease_overlong / transport_parked_commits
[2026-08-29T18:40:02Z ERROR fuse3::raw::connection::fuse_over_uring] transport payload lease held 1144 ms (≥ 1 s) — overlong handler invocation or a §5.4 severance escape; watch transport_lease_overlong / transport_parked_commits
[2026-08-29T18:40:02Z ERROR fuse3::raw::connection::fuse_over_uring] transport payload lease held 1144 ms (≥ 1 s) — overlong handler invocation or a §5.4 severance escape; watch transport_lease_overlong / transport_parked_commits
[2026-08-29T18:40:02Z ERROR fuse3::raw::connection::fuse_over_uring] transport payload lease held 1081 ms (≥ 1 s) — overlong handler invocation or a §5.4 severance escape; watch transport_lease_overlong / transport_parked_commits
[2026-08-29T18:40:02Z ERROR fuse3::raw::connection::fuse_over_uring] transport payload lease held 1080 ms (≥ 1 s) — overlong handler invocation or a §5.4 severance escape; watch transport_lease_overlong / transport_parked_commits
[2026-08-29T18:40:02Z ERROR fuse3::raw::connection::fuse_over_uring] transport payload lease held 1080 ms (≥ 1 s) — overlong handler invocation or a §5.4 severance escape; watch transport_lease_overlong / transport_parked_commits
[2026-08-29T18:40:02Z ERROR fuse3::raw::connection::fuse_over_uring] transport payload lease held 1080 ms (≥ 1 s) — overlong handler invocation or a §5.4 severance escape; watch transport_lease_overlong / transport_parked_commits
[2026-08-29T18:40:02Z ERROR fuse3::raw::connection::fuse_over_uring] transport payload lease held 1007 ms (≥ 1 s) — overlong handler invocation or a §5.4 severance escape; watch transport_lease_overlong / transport_parked_commits
[2026-08-29T18:40:02Z ERROR fuse3::raw::connection::fuse_over_uring] transport payload lease held 1004 ms (≥ 1 s) — overlong handler invocation or a §5.4 severance escape; watch transport_lease_overlong / transport_parked_commits
[2026-08-29T18:40:02Z ERROR fuse3::raw::connection::fuse_over_uring] transport payload lease held 1001 ms (≥ 1 s) — overlong handler invocation or a §5.4 severance escape; watch transport_lease_overlong / transport_parked_commits
[2026-08-29T18:40:02Z ERROR fuse3::raw::connection::fuse_over_uring] transport payload lease held 1120 ms (≥ 1 s) — overlong handler invocation or a §5.4 severance escape; watch transport_lease_overlong / transport_parked_commits
[2026-08-29T18:40:02Z ERROR fuse3::raw::connection::fuse_over_uring] transport payload lease held 1118 ms (≥ 1 s) — overlong handler invocation or a §5.4 severance escape; watch transport_lease_overlong / transport_parked_commits
[2026-08-29T18:40:02Z ERROR fuse3::raw::connection::fuse_over_uring] transport payload lease held 1118 ms (≥ 1 s) — overlong handler invocation or a §5.4 severance escape; watch transport_lease_overlong / transport_parked_commits
[2026-08-29T18:40:02Z ERROR fuse3::raw::connection::fuse_over_uring] transport payload lease held 1117 ms (≥ 1 s) — overlong handler invocation or a §5.4 severance escape; watch transport_lease_overlong / transport_parked_commits
[2026-08-29T18:40:02Z ERROR fuse3::raw::connection::fuse_over_uring] transport payload lease held 1085 ms (≥ 1 s) — overlong handler invocation or a §5.4 severance escape; watch transport_lease_overlong / transport_parked_commits
[2026-08-29T18:40:02Z ERROR fuse3::raw::connection::fuse_over_uring] transport payload lease held 1104 ms (≥ 1 s) — overlong handler invocation or a §5.4 severance escape; watch transport_lease_overlong / transport_parked_commits
[2026-08-29T18:40:02Z ERROR fuse3::raw::connection::fuse_over_uring] transport payload lease held 1104 ms (≥ 1 s) — overlong handler invocation or a §5.4 severance escape; watch transport_lease_overlong / transport_parked_commits
[2026-08-29T18:40:02Z ERROR fuse3::raw::connection::fuse_over_uring] transport payload lease held 1104 ms (≥ 1 s) — overlong handler invocation or a §5.4 severance escape; watch transport_lease_overlong / transport_parked_commits
[2026-08-29T18:40:02Z ERROR fuse3::raw::connection::fuse_over_uring] transport payload lease held 1099 ms (≥ 1 s) — overlong handler invocation or a §5.4 severance escape; watch transport_lease_overlong / transport_parked_commits
[2026-08-29T18:40:02Z ERROR fuse3::raw::connection::fuse_over_uring] transport payload lease held 1093 ms (≥ 1 s) — overlong handler invocation or a §5.4 severance escape; watch transport_lease_overlong / transport_parked_commits
[2026-08-29T18:40:02Z ERROR fuse3::raw::connection::fuse_over_uring] transport payload lease held 1088 ms (≥ 1 s) — overlong handler invocation or a §5.4 severance escape; watch transport_lease_overlong / transport_parked_commits
[2026-08-29T18:40:02Z ERROR fuse3::raw::connection::fuse_over_uring] transport payload lease held 1080 ms (≥ 1 s) — overlong handler invocation or a §5.4 severance escape; watch transport_lease_overlong / transport_parked_commits
