SqueezeFS version 1.2.1 (34823f0d5229 / 34823f0d5229c42bb3ecb7581caa09143d9d5eb5) built 1980-01-01T00:00:00Z profile release
======================================================================
  Mount Configuration Summary
----------------------------------------------------------------------
  Volume Name:         squeezefs
  Capacity:            64.00 GiB
  Block Size:          4.00 MiB
  Compression:         none
  Encryption:          none
----------------------------------------------------------------------
Metadata Volumes:
  - [enabled] /dev/nvme1n1 (health: 1000)
  - [enabled] /dev/nvme2n1 (health: 1000)
Data Volumes:
  - [enabled] /dev/nvme3n1 (health: 1000)
  - [enabled] /dev/nvme4n1 (health: 1000)
----------------------------------------------------------------------
Cache/Staging:
  Memory Cache Size:   1GB
  Disk Cache Size:     10GB
  Staging Paths:       none (cache-less)
----------------------------------------------------------------------
Mount Options:
  Mountpoint:          "/mnt/sqz-mwfleet/m53"
  Writeback Cache:     enabled
  Allow Other:         enabled
======================================================================
[2026-09-06T04:15:08Z INFO  squeezefs] root subprocess PATH sanitized (VAL-7i): dropped relative/empty/group-or-world-writable entries; using '/run/wrappers/bin:/run/current-system/sw/bin:/nix/store/7a60q5dgnv6z96c279rc1nalyiw4mgqn-bash-interactive-5.3p15/bin:/nix/store/fpig164lz7fcipbndn61sfd2y2yq363n-patchelf-0.15.2/bin:/nix/store/w88q44gqd1qg5wmkk7v0h97rpiqvam0l-gcc-wrapper-15.3.0/bin:/nix/store/4yxdxw3kppr2pbic95p4mri520rkdag2-gcc-15.3.0/bin:/nix/store/axmdd5wlxg1c9dbblvj09pjhkawqxmqx-glibc-2.42-84-bin/bin:/nix/store/3qgy8q2j64v2m9jy3a5jmssacbblhd4r-coreutils-9.11/bin:/nix/store/rm982p6i9ry7rwq5jn638kdpv0a2331f-binutils-wrapper-2.46/bin:/nix/store/5pa1282x1sasbwhmnah6bny1g9pc2lj1-binutils-2.46/bin:/nix/store/dv55qwamlq68hdiprg1v104ymwh1c27r-cargo-1.97.1/bin:/nix/store/yaa1sq5g4jar7rvlspy7kk2wd98nj6qh-rustc-wrapper-1.97.1/bin:/nix/store/47k26k98v32x56rxiqawdk5qk0r0b6w1-rustfmt-1.97.1/bin:/nix/store/n4c4rzywa0wsfy239bqkgsx8lfhsfmwx-clippy-1.97.1/bin:/nix/store/bvzzl57kpmvzb6aj0v0yc45gvw8ggf2a-go-task-3.53.1/bin:/nix/store/3mkwfy7wnzdngx7nj8nvs60jj2r4gmmc-cargo-audit-0.22.2/bin:/nix/store/7fx93fz9c809w8yjxb0934zw6xcjis58-pkg-config-wrapper-0.29.2/bin:/nix/store/w021fbcg4z6vxihnp6gb6vijyifl051f-clang-wrapper-21.1.8/bin:/nix/store/603yaax3l2jmc0hfv6g3hgjr1qk5jfxk-clang-21.1.8/bin:/nix/store/vs80ag6hsr58wv5fn3nlq8qi32x9hwfi-binutils-wrapper-2.46/bin:/nix/store/06w7nc3znmzbw227ksbcj3kzv2dvnqpd-clang-21.1.8-dev/bin:/nix/store/cfmpcnlljlda8w2y0pw6shpbf7y84nz9-openmpi-5.0.10-dev/bin:/nix/store/b60ygklpk7cznna4bs0dcm6h6ncyh26z-openmpi-5.0.10/bin:/nix/store/b5bpi6zfajzzrwwpgba2q6li3nnya4bs-python3-3.14.7/bin:/nix/store/nsz342365nfvnvyfcjvds75rzw6rx520-nvme-cli-2.16/bin:/nix/store/f7cmpy9nszykh5gfjpxh5ks3pa78nssr-awscli2-2.35.11/bin:/nix/store/lbx1ba84hzgw5ixy47nmzvdmjp8ayqi4-liburing-2.14-bin/bin:/nix/store/wjvj88kk8gv0742k1lwazpxr7lnzgi1a-e2fsprogs-1.47.4-bin/bin:/nix/store/65ql38i4yki6adklv0d83amba6c5cd9i-util-linux-minimal-2.42.2-bin/bin:/nix/store/c4bh8ipd5jwxq44g4m630jswac1bqa6d-xfsprogs-7.1.1-bin/bin:/nix/store/yljbd9wmqsdg89pprp6r7ml0c5a109f7-btrfs-progs-7.1/bin:/nix/store/qhi7wvkfj6k2p38ds1ahc2bldypj5fr0-f2fs-tools-1.16.0/bin:/nix/store/xkwpln569xr659h2vzqv498cm2nvbwx7-exfatprogs-1.4.3/bin:/nix/store/zwv3i1aawb8zmxj029x7lyd0an5q4nj6-util-linux-2.42.2-bin/bin:/nix/store/ync7h8cyhw4nzw2laba4wra6b8mcn9by-compiler-rt-libc-21.1.8/bin:/nix/store/i4kjidyvl8ciwbcwm75g75sriq3knav0-findutils-4.11.0/bin:/nix/store/xw09m9cnc9ayb2j53y2rj8jhm1h7kkxa-diffutils-3.12/bin:/nix/store/4nylac9gazdpsid79qyk0jpqm312b2jx-gnused-4.10/bin:/nix/store/yhr4ps9rdmb55pgqaq246vlh7xfac1dx-gnugrep-3.12/bin:/nix/store/bpy2ps3f0f3gvgvqjwgqriw1j1n840wd-gawk-5.4.1/bin:/nix/store/w2mbg6mcq7k3j088sbwfziy8vsdhyk7v-gnutar-1.35/bin:/nix/store/sd9qcv5s2gxvd6hpp5hk5cixq2bd4jd1-gzip-1.14/bin:/nix/store/622jkvg8hgffly7dca6iif9drvimingx-bzip2-1.0.8-bin/bin:/nix/store/hd36xbvbc0vrn9f9idrfwxznri0ax427-gnumake-4.4.1/bin:/nix/store/9ipfvwnqp1q8ijnmi5sxvlx9r8w34lw3-bash-5.3p15/bin:/nix/store/1rcr9yyj9qlgm3dyin1j37xl7q84h15i-patch-2.8/bin:/nix/store/0fb3jrf20z28598alm6g7rrsw6dz2cqj-xz-5.8.3-bin/bin:/nix/store/xcab8m6wdrd30l10bw3hkz32yiibynzv-file-5.48/bin:/home/justin/.local/share/flatpak/exports/bin:/nix/store/444h3sfs9fk7fi8hif6wgg11rkc24vjd-ghostty-1.3.1/bin'
Mounting as a CO-WRITER (DLM stage S9): this mount holds NO metadata authority — every metadata mutation ships to the authority that holds the D0 claim — and writes data only under custody that authority grants. Admission runs a five-rung ladder and refuses loudly naming the rung; see docs/operations.md §Multi-writer co-writer mounts.
[2026-09-06T04:15:08Z INFO  squeezefs::nvme_dev] data volume /dev/nvme3n1: write_cache=write-through (durability barrier: io_uring Fsync/DATASYNC per device, coalesced)
[2026-09-06T04:15:08Z INFO  squeezefs] writer-scoped staging ENGAGED: client scope w_1c4e7f3e0e89c39d.m7bf543d7 (staging generation "v3:f3d8cac49e94471eb7e859499be0fed0|v3:b0403f212811452fbd4359024a02f620@node:1c4e7f3e0e89c39d.m7bf543d7") — staging keys carry the scope and this client's staging roots are bound to it
[2026-09-06T04:15:08Z INFO  squeezefs::cache::gds] GPU Direct Storage: No discrete GPU environment found. GDS bypassed.
[2026-09-06T04:15:08Z INFO  squeezefs] Registering data volume 'nvme3n1' at path /dev/nvme3n1 (state active)
[2026-09-06T04:15:08Z INFO  squeezefs] Registering data volume 'nvme4n1' at path /dev/nvme4n1 (state active)
[2026-09-06T04:15:08Z INFO  squeezefs::nvme_dev] data volume /dev/nvme4n1: write_cache=write-through (durability barrier: io_uring Fsync/DATASYNC per device, coalesced)
[2026-09-06T04:15:08Z INFO  squeezefs::nvme_dev] NvmeBlockDev /dev/nvme3n1: read submission fan-out armed (16 lanes)
[2026-09-06T04:15:08Z INFO  squeezefs::nvme_dev] NvmeBlockDev /dev/nvme3n1: write submission fan-out armed (16 lanes, 4194304 B affinity grain)
[2026-09-06T04:15:08Z INFO  squeezefs::nvme_dev] NvmeBlockDev /dev/nvme4n1: read submission fan-out armed (16 lanes)
[2026-09-06T04:15:08Z INFO  squeezefs::nvme_dev] NvmeBlockDev /dev/nvme4n1: write submission fan-out armed (16 lanes, 4194304 B affinity grain)
[2026-09-06T04:15:08Z WARN  squeezefs::data_custody] data-plane WERO ADOPTED (co-located co-writer, 2 namespace(s), authority key 0x550c9fa2ef878ba0): this mount shares its authority's PR arbitration domain, so the standing hold is its fenceability evidence and NOTHING was registered — the stated honest residual (docs/operations.md §Multi-writer co-writer mounts): on this shape the metadata read-only half is enforced by this mount's own code, not by the device, and its death is proven by the same-host dead-pid ladder, never by a PR preempt
[2026-09-06T04:15:08Z INFO  squeezefs::membership] membership member 'node_1c4e7f3e0e89c39d.m7bf543d7' (writer) holds lease epoch 4 in term 3: owner deadline 45000 ms, MY deadline 42956 ms (T_owner − 2·skew_max − D_purge, anchored on my send instant), renewing every 10000 ms
[2026-09-06T04:15:08Z INFO  squeezefs::membership] membership MEMBER armed: writer 'node_1c4e7f3e0e89c39d.m7bf543d7' holds a lease from owner '1757a965-805f-44af-a97a-3a7ab83671b5' at 192.168.86.52:45851 — visible in `squeezefs clients` with ZERO metadata writes, and the same channel §6.8 item 3's freed-offset acknowledgements ride (DLM S6)
[2026-09-06T04:15:08Z WARN  squeezefs::cowriter] CO-WRITER ADMITTED (DLM S9) over 2 volume(s): node 'node_1c4e7f3e0e89c39d.m7bf543d7', authority claim 'dc7a9a17-090f-4e0f-95d5-1bde3ecae73c' in era 3, membership owner '1757a965-805f-44af-a97a-3a7ab83671b5' at 192.168.86.52:45851 (member epoch 4), custody at 192.168.86.52:45999, device registrant key 0x550c9fa2ef878ba0 on 2 namespace(s). This mount holds NO metadata authority — every metadata mutation ships — and writes data only under custody the authority grants
[2026-09-06T04:15:08Z INFO  squeezefs::meta_backend::kv::backend] meta volume /dev/nvme1n1: co-writer mount — a LOCAL exclusive holder (the authority's write mount, or a guarded offline verb) holds this volume on this host; the co-writer takes no lock and refuses nothing
[2026-09-06T04:15:08Z WARN  squeezefs::meta_backend::kv::backend] meta volume /dev/nvme1n1: mounted CO-WRITER (DLM S9) under authority claim 'dc7a9a17-090f-4e0f-95d5-1bde3ecae73c' (era 3). No writer_claim, no metadata-namespace reservation, no checkpoint task — this mount appends to none of this volume's single-appender structures and ships every metadata mutation. Guarantee class: co-writer
[2026-09-06T04:15:08Z INFO  squeezefs::meta_backend::kv::backend] meta volume /dev/nvme2n1: co-writer mount — a LOCAL exclusive holder (the authority's write mount, or a guarded offline verb) holds this volume on this host; the co-writer takes no lock and refuses nothing
[2026-09-06T04:15:08Z WARN  squeezefs::meta_backend::kv::backend] meta volume /dev/nvme2n1: mounted CO-WRITER (DLM S9) under authority claim 'dc7a9a17-090f-4e0f-95d5-1bde3ecae73c' (era 3). No writer_claim, no metadata-namespace reservation, no checkpoint task — this mount appends to none of this volume's single-appender structures and ships every metadata mutation. Guarantee class: co-writer
[2026-09-06T04:15:08Z INFO  squeezefs] meta volume /dev/nvme1n1: format=3 ledger_seq=10 replay_entries=0 replay_dropped_torn=0 replay_ms=9 free_extents=4026 next_ino=2 meta_volume_atomicity=cow-checksummed meta_volume_atomicity_physical=atomic4k writer_guard_mode=co-writer
[2026-09-06T04:15:08Z INFO  squeezefs] meta volume /dev/nvme2n1: format=3 ledger_seq=7 replay_entries=0 replay_dropped_torn=0 replay_ms=7 free_extents=4026 next_ino=2 meta_volume_atomicity=cow-checksummed meta_volume_atomicity_physical=atomic4k writer_guard_mode=co-writer
[2026-09-06T04:15:08Z INFO  squeezefs::fuse_client] Dynamic reclaim concurrency limit configured: 32
[2026-09-06T04:15:08Z INFO  squeezefs] co-writer mount: block-ownership recovery skipped entirely (this mount allocates nothing outside a granted lane and frees nothing locally; the walk's free-completing arm must never run on a snapshot view)
[2026-09-06T04:15:08Z INFO  squeezefs] co-writer mount: job fabric, job wire and the frag-gauge worker are NOT armed (maintenance coordination is the slot-0 volume owner's; this mount cannot write their durable records)
[2026-09-06T04:15:08Z INFO  squeezefs::multi_writer] multi-writer: this mount is a CO-WRITER (SQUEEZEFS_MW_ROLE=co-writer), so the AUTHORITY arm is not run — the co-writer arm installs the client halves of the same three planes (ownership + publish + custody) after its admission ladder passes
[2026-09-06T04:15:08Z WARN  squeezefs::meta_ship::owners] metadata function shipping ARMED (DLM S8): 0 of 2 volumes owned locally, 2 shipped to 1 peer(s) ["dc7a9a17-090f-4e0f-95d5-1bde3ecae73c"]; 0 slots home locally. Metadata verbs on a foreign volume now travel to its owner; the DATA plane still refuses foreign-home custody loud (S9 ships that half)
[2026-09-06T04:15:09Z INFO  squeezefs::membership] membership member 'node_1c4e7f3e0e89c39d.m7bf543d7' (writer) holds lease epoch 4 in term 3: owner deadline 45000 ms, MY deadline 42956 ms (T_owner − 2·skew_max − D_purge, anchored on my send instant), renewing every 10000 ms
[2026-09-06T04:15:09Z INFO  squeezefs::dlm] fencing: durable writer term 3 adopted (was 0); every token this process mints now dominates every earlier era's (spec §6.7 decision 4)
[2026-09-06T04:15:09Z INFO  squeezefs::block_allocator] data-plane allocation partition engaged on volume 'nvme3n1': lane 3 of 16, reservation grain 64 blocks, 7680 block(s) of this device belong to other lanes (alloc_lane_stranded_bytes)
[2026-09-06T04:15:09Z WARN  squeezefs::alloc_lane_grant] data-plane allocation lane ENGAGED on volume 'nvme3n1': lane 3 of 16, resuming at block 3 (floor OPENED by the authority (this mount never walks)). Fresh allocation is this mount's residue class; frees stay lane-blind
[2026-09-06T04:15:09Z INFO  squeezefs::block_allocator] data-plane allocation partition engaged on volume 'nvme4n1': lane 3 of 16, reservation grain 64 blocks, 7680 block(s) of this device belong to other lanes (alloc_lane_stranded_bytes)
[2026-09-06T04:15:09Z WARN  squeezefs::alloc_lane_grant] data-plane allocation lane ENGAGED on volume 'nvme4n1': lane 3 of 16, resuming at block 3 (floor OPENED by the authority (this mount never walks)). Fresh allocation is this mount's residue class; frees stay lane-blind
[2026-09-06T04:15:09Z WARN  squeezefs::alloc_lane_grant] data-plane allocation lane ENGAGED on volume 'nvme3n1': lane 3 of 16, resuming at block 3 (floor OPENED by the authority (this mount never walks)). Fresh allocation is this mount's residue class; frees stay lane-blind
[2026-09-06T04:15:09Z WARN  squeezefs::cowriter] CO-WRITER ARMED (DLM S9): metadata verbs ship to 'dc7a9a17-090f-4e0f-95d5-1bde3ecae73c' at 192.168.86.52:45999, write custody is acquired there, fresh blocks are placed in allocation lane 3 of 16 (durable reservations committed by the authority ahead of every hand-out), and this mount's own free/reclaim accounting stays closed. Data DMA is authorized locally under the custody epoch — only custody travels, never data
[2026-09-06T04:15:09Z INFO  squeezefs] fleet jobs: member worker armed (KD-MW-16 — fleet read shards; SQUEEZEFS_FLEET_JOBS=0 opts out)
Mounting Squeezefs at "/mnt/sqz-mwfleet/m53"...
[2026-09-06T04:15:09Z INFO  squeezefs::fuse_client] Transport payload-buffer cap: 10544 MiB (memory budget 84352 MiB)
[2026-09-06T04:15:09Z WARN  squeezefs::ipc_host] SQUEEZEFS_IPC_ALLOW_DEV is set — the KD-7 build-commit skew gate is RELAXED for this mount (degenerate `unknown`/`-dirty` identities will be admitted, counted in ipc_binds_dev_override). Dev boxes only: a mismatched daemon/shim pair is undefined behavior.
[2026-09-06T04:15:09Z INFO  squeezefs::ipc_host] ipc host: path ctl socket at /run/squeezefs/sqz-il0-3476437-f7ac991d.sock
[2026-09-06T04:15:09Z INFO  squeezefs::fuse_client] IPC session host armed (socket sqz-il0-3476437-f7ac991d, session shm cap 10544 MiB)
[2026-09-06T04:15:09Z INFO  squeezefs::fuse_client] SqueezeFS version 1.2.1 (34823f0d5229 / 34823f0d5229c42bb3ecb7581caa09143d9d5eb5) built 1980-01-01T00:00:00Z profile release initializing mount
[2026-09-06T04:15:09Z INFO  squeezefs::fuse_client] FUSE Daemon: Mounting squeezefs at "/mnt/sqz-mwfleet/m53"...
[2026-09-06T04:15:09Z INFO  squeezefs::fuse_client] FUSE Daemon: Metadata connection active.
[2026-09-06T04:15:09Z INFO  squeezefs::fuse_client] device-overlay armed: transport streaming holds enabled (SQUEEZEFS_DEVICE_OVERLAY)
[92mOK[0m Squeezefs is ready at "/mnt/sqz-mwfleet/m53"
[2026-09-06T04:15:09Z INFO  squeezefs::fuse_client] FUSE Daemon: Initialized Squeezefs Filesystem mount (version 1.2.1 (34823f0d5229 / 34823f0d5229c42bb3ecb7581caa09143d9d5eb5) built 1980-01-01T00:00:00Z profile release).
squeezefs: mount ready (version 1.2.1 (34823f0d5229 / 34823f0d5229c42bb3ecb7581caa09143d9d5eb5) built 1980-01-01T00:00:00Z profile release, exe hint: rebuild target/release and reinstall)
[2026-09-06T04:15:09Z INFO  squeezefs::fuse_client] FUSE kernel protocol 7.45 (init flags 0x400007ff73fffffb): FOPEN_NOFLUSH advertised + honored on non-writeback opens (kernel ≥ 7.35) (D2.a; under writeback cache the elision switch is the clean-FLUSH ENOSYS latch — uapi: NOFLUSH applies 'unless FUSE_WRITEBACK_CACHE'); UNKNOWN init capability bits 0x4000040000000000 advertised — investigate whether an atomic-open-class capability is among them (D2.d adoption follow-up)
squeezefs: FUSE kernel 7.45 — FOPEN_NOFLUSH advertised (wb-cache elision = clean-FLUSH ENOSYS latch); UNKNOWN init capability bits 0x4000040000000000 advertised — investigate whether an atomic-open-class capability is among them (D2.d adoption follow-up)
[2026-09-06T04:15:09Z INFO  squeezefs::fuse_client] FUSE_HANDLE_KILLPRIV_V2 negotiated (kernel killpriv probe deleted; daemon owns suid/sgid/caps clearing) for this mount
[2026-09-06T04:15:09Z INFO  squeezefs::fuse_client] IPC session host: mount st_dev resolved (100)
[2026-09-06T04:15:09Z INFO  squeezefs::fuse_client] co-writer mount: writeback flusher, extent-record recovery, fold worker and reclaim pool are NOT armed (nothing here can be dirty, staged or freed by this mount)
[2026-09-06T04:15:09Z WARN  squeezefs::ro_coherence] reader data plane armed (DLM S5): block allocation, terminal frees, device reclaim, the W1 in-place patch and in-place overwrites are all refused on this mount; the reclaim queue is latched halted
[2026-09-06T04:15:09Z INFO  squeezefs::meta_backend::kv::node_cache] node cache armed for coherent reads at checkpoint epoch 10 (tail 9941): cached nodes are dropped on every epoch step, and this mount may not write
[2026-09-06T04:15:09Z INFO  squeezefs::meta_backend::kv::node_cache] node cache armed for coherent reads at checkpoint epoch 7 (tail 8257): cached nodes are dropped on every epoch step, and this mount may not write
[2026-09-06T04:15:09Z INFO  squeezefs::ro_coherence] reader coherence armed on 2/2 volume(s): staleness bound 2s (poll 1s + the writer's ≤1 s checkpoint ceiling), R-6 purge sink installed
[2026-09-06T04:15:09Z INFO  squeezefs::ro_coherence] reader revalidation armed: 2 volume(s), every 1s (the derived cadence — one ledger read per volume per pass; staleness bound 2s)
[2026-09-06T04:15:09Z INFO  fuse3::raw::connection::fuse_over_uring] fuse-over-uring queue-ring setup probe: SINGLE_ISSUER+DEFER_TASKRUN available
[2026-09-06T04:15:09Z WARN  fuse3::raw::connection::kmbuf] IORING_REGISTER_KMBUF_RING transient ENOMEM (attempt 1/6) — retrying the same registration in 50 ms
[2026-09-06T04:15:09Z WARN  fuse3::raw::connection::kmbuf] IORING_REGISTER_KMBUF_RING transient ENOMEM (attempt 1/6) — retrying the same registration in 50 ms
[2026-09-06T04:15:09Z WARN  fuse3::raw::connection::kmbuf] IORING_REGISTER_KMBUF_RING transient ENOMEM (attempt 1/6) — retrying the same registration in 50 ms
[2026-09-06T04:15:09Z WARN  fuse3::raw::connection::kmbuf] IORING_REGISTER_KMBUF_RING transient ENOMEM (attempt 1/6) — retrying the same registration in 50 ms
[2026-09-06T04:15:09Z WARN  fuse3::raw::connection::kmbuf] IORING_REGISTER_KMBUF_RING transient ENOMEM (attempt 1/6) — retrying the same registration in 50 ms
[2026-09-06T04:15:09Z WARN  fuse3::raw::connection::kmbuf] IORING_REGISTER_KMBUF_RING transient ENOMEM (attempt 1/6) — retrying the same registration in 50 ms
[2026-09-06T04:15:09Z WARN  fuse3::raw::connection::kmbuf] IORING_REGISTER_KMBUF_RING transient ENOMEM (attempt 1/6) — retrying the same registration in 50 ms
[2026-09-06T04:15:09Z WARN  fuse3::raw::connection::kmbuf] IORING_REGISTER_KMBUF_RING transient ENOMEM (attempt 1/6) — retrying the same registration in 50 ms
[2026-09-06T04:15:09Z WARN  fuse3::raw::connection::kmbuf] IORING_REGISTER_KMBUF_RING transient ENOMEM (attempt 1/6) — retrying the same registration in 50 ms
[2026-09-06T04:15:09Z WARN  fuse3::raw::connection::kmbuf] IORING_REGISTER_KMBUF_RING transient ENOMEM (attempt 1/6) — retrying the same registration in 50 ms
[2026-09-06T04:15:09Z WARN  fuse3::raw::connection::kmbuf] IORING_REGISTER_KMBUF_RING transient ENOMEM (attempt 1/6) — retrying the same registration in 50 ms
[2026-09-06T04:15:09Z WARN  fuse3::raw::connection::kmbuf] IORING_REGISTER_KMBUF_RING transient ENOMEM (attempt 1/6) — retrying the same registration in 50 ms
[2026-09-06T04:15:09Z WARN  fuse3::raw::connection::kmbuf] IORING_REGISTER_KMBUF_RING transient ENOMEM (attempt 1/6) — retrying the same registration in 50 ms
[2026-09-06T04:15:09Z WARN  fuse3::raw::connection::kmbuf] IORING_REGISTER_KMBUF_RING transient ENOMEM (attempt 1/6) — retrying the same registration in 50 ms
[2026-09-06T04:15:09Z WARN  fuse3::raw::connection::kmbuf] IORING_REGISTER_KMBUF_RING transient ENOMEM (attempt 1/6) — retrying the same registration in 50 ms
[2026-09-06T04:15:09Z WARN  fuse3::raw::connection::kmbuf] IORING_REGISTER_KMBUF_RING transient ENOMEM (attempt 1/6) — retrying the same registration in 50 ms
[2026-09-06T04:15:09Z WARN  fuse3::raw::connection::kmbuf] IORING_REGISTER_KMBUF_RING transient ENOMEM (attempt 1/6) — retrying the same registration in 50 ms
[2026-09-06T04:15:09Z WARN  fuse3::raw::connection::kmbuf] IORING_REGISTER_KMBUF_RING transient ENOMEM (attempt 1/6) — retrying the same registration in 50 ms
[2026-09-06T04:15:09Z WARN  fuse3::raw::connection::kmbuf] IORING_REGISTER_KMBUF_RING transient ENOMEM (attempt 1/6) — retrying the same registration in 50 ms
[2026-09-06T04:15:09Z WARN  fuse3::raw::connection::kmbuf] IORING_REGISTER_KMBUF_RING transient ENOMEM (attempt 1/6) — retrying the same registration in 50 ms
[2026-09-06T04:15:09Z WARN  fuse3::raw::connection::kmbuf] IORING_REGISTER_KMBUF_RING transient ENOMEM (attempt 2/6) — retrying the same registration in 100 ms
[2026-09-06T04:15:09Z WARN  fuse3::raw::connection::kmbuf] IORING_REGISTER_KMBUF_RING transient ENOMEM (attempt 1/6) — retrying the same registration in 50 ms
[2026-09-06T04:15:09Z WARN  fuse3::raw::connection::kmbuf] IORING_REGISTER_KMBUF_RING transient ENOMEM (attempt 1/6) — retrying the same registration in 50 ms
[2026-09-06T04:15:09Z INFO  squeezefs::fleet_worker] fleet worker: member 'node_1c4e7f3e0e89c39d.m7bf543d7' enrolled at coordinator 192.168.86.52:43721 (KD-MW-16 fleet read shards)
[2026-09-06T04:15:09Z WARN  fuse3::raw::connection::kmbuf] IORING_REGISTER_KMBUF_RING transient ENOMEM (attempt 2/6) — retrying the same registration in 100 ms
[2026-09-06T04:15:09Z WARN  fuse3::raw::connection::kmbuf] IORING_REGISTER_KMBUF_RING transient ENOMEM (attempt 2/6) — retrying the same registration in 100 ms
[2026-09-06T04:15:09Z WARN  fuse3::raw::connection::kmbuf] IORING_REGISTER_KMBUF_RING transient ENOMEM (attempt 2/6) — retrying the same registration in 100 ms
[2026-09-06T04:15:09Z WARN  fuse3::raw::connection::kmbuf] IORING_REGISTER_KMBUF_RING transient ENOMEM (attempt 2/6) — retrying the same registration in 100 ms
[2026-09-06T04:15:09Z WARN  fuse3::raw::connection::kmbuf] IORING_REGISTER_KMBUF_RING transient ENOMEM (attempt 2/6) — retrying the same registration in 100 ms
[2026-09-06T04:15:09Z WARN  fuse3::raw::connection::kmbuf] IORING_REGISTER_KMBUF_RING transient ENOMEM (attempt 2/6) — retrying the same registration in 100 ms
[2026-09-06T04:15:09Z WARN  fuse3::raw::connection::kmbuf] IORING_REGISTER_KMBUF_RING transient ENOMEM (attempt 2/6) — retrying the same registration in 100 ms
[2026-09-06T04:15:09Z WARN  fuse3::raw::connection::kmbuf] IORING_REGISTER_KMBUF_RING transient ENOMEM (attempt 2/6) — retrying the same registration in 100 ms
[2026-09-06T04:15:09Z WARN  fuse3::raw::connection::kmbuf] IORING_REGISTER_KMBUF_RING transient ENOMEM (attempt 2/6) — retrying the same registration in 100 ms
[2026-09-06T04:15:09Z WARN  fuse3::raw::connection::kmbuf] IORING_REGISTER_KMBUF_RING transient ENOMEM (attempt 2/6) — retrying the same registration in 100 ms
[2026-09-06T04:15:09Z WARN  fuse3::raw::connection::kmbuf] IORING_REGISTER_KMBUF_RING transient ENOMEM (attempt 2/6) — retrying the same registration in 100 ms
[2026-09-06T04:15:09Z WARN  fuse3::raw::connection::kmbuf] IORING_REGISTER_KMBUF_RING transient ENOMEM (attempt 3/6) — retrying the same registration in 200 ms
[2026-09-06T04:15:09Z WARN  fuse3::raw::connection::kmbuf] IORING_REGISTER_KMBUF_RING transient ENOMEM (attempt 3/6) — retrying the same registration in 200 ms
[2026-09-06T04:15:09Z WARN  fuse3::raw::connection::kmbuf] IORING_REGISTER_KMBUF_RING transient ENOMEM (attempt 3/6) — retrying the same registration in 200 ms
[2026-09-06T04:15:09Z WARN  fuse3::raw::connection::kmbuf] IORING_REGISTER_KMBUF_RING transient ENOMEM (attempt 3/6) — retrying the same registration in 200 ms
[2026-09-06T04:15:09Z WARN  fuse3::raw::connection::kmbuf] IORING_REGISTER_KMBUF_RING transient ENOMEM (attempt 3/6) — retrying the same registration in 200 ms
[2026-09-06T04:15:09Z WARN  fuse3::raw::connection::kmbuf] IORING_REGISTER_KMBUF_RING transient ENOMEM (attempt 3/6) — retrying the same registration in 200 ms
[2026-09-06T04:15:09Z WARN  fuse3::raw::connection::kmbuf] IORING_REGISTER_KMBUF_RING transient ENOMEM (attempt 4/6) — retrying the same registration in 400 ms
FUSE-over-io_uring registered: queues=32 depth=32 payload_sz=1048576 max_write=1048576 max_pages=256 buffers=kmbuf-bufring+zero-copy+retention kmbuf_ops=38/39 (7.1-sqz) fd=137 sqpoll=off drain_groups=32(width<=1)
[2026-09-06T04:15:10Z INFO  fuse3::raw::connection::fuse_over_uring] FUSE-over-io_uring registered: queues=32 depth=32 payload_sz=1048576 max_write=1048576 max_pages=256 buffers=kmbuf-bufring+zero-copy+retention kmbuf_ops=38/39 (7.1-sqz) fd=137 sqpoll=off drain_groups=32(width<=1)
FUSE-over-io_uring session path armed (ready=true, queues=32)
FUSE-over-io_uring transport armed for this session
[2026-09-06T04:15:10Z INFO  fuse3::raw::session] FUSE-over-io_uring transport armed for this session
FUSE-over-io_uring: classical sideband servicer armed (primary session; FORGET/INTERRUPT/resend + switchover stragglers)
[2026-09-06T04:15:38Z ERROR squeezefs::meta_ship::publish] S9: the authority refused 1 shipped free(s) (vol_tag 0xad7b1d37b0829b08, request 240): already free/graced/quarantined — the double-release lineage, surfaced on the authority's own tripwire
[2026-09-06T04:15:41Z ERROR squeezefs::block_allocator] I/O error: data volume 'nvme3n1' full: 8180 of 8192 blocks allocated — lane 3 of 16 is exhausted while 0 free block(s) belong to lanes this mount does not own (alloc_lane_enospc_refusals; reach them by adopting a lane whose holder is proven dead, or grow the volume set — docs/operations.md §Multi-writer capacity planning)
[2026-09-06T04:15:42Z ERROR squeezefs::block_allocator] I/O error: data volume 'nvme3n1' full: 8180 of 8192 blocks allocated — lane 3 of 16 is exhausted while 0 free block(s) belong to lanes this mount does not own (alloc_lane_enospc_refusals; reach them by adopting a lane whose holder is proven dead, or grow the volume set — docs/operations.md §Multi-writer capacity planning)
[2026-09-06T04:15:42Z ERROR squeezefs::block_allocator] bounded allocation refusing StorageFull after 1004 ms parked with 0 offset(s) still in grace locally (lane harvest horizon 18557 ms): the pressure deadline never fenced within the wall backstop (1000 ms). The refusal is honest and terminal for this write; investigate the membership plane (finding 29)
[2026-09-06T04:15:42Z ERROR squeezefs::block_allocator] bounded allocation refusing StorageFull after 1004 ms parked with 0 offset(s) still in grace locally (lane harvest horizon 18559 ms): the pressure deadline never fenced within the wall backstop (1000 ms). The refusal is honest and terminal for this write; investigate the membership plane (finding 29)
[2026-09-06T04:15:42Z ERROR squeezefs::block_allocator] bounded allocation refusing StorageFull after 1006 ms parked with 0 offset(s) still in grace locally (lane harvest horizon 18561 ms): the pressure deadline never fenced within the wall backstop (1000 ms). The refusal is honest and terminal for this write; investigate the membership plane (finding 29)
[2026-09-06T04:15:42Z ERROR squeezefs::block_allocator] bounded allocation refusing StorageFull after 1005 ms parked with 0 offset(s) still in grace locally (lane harvest horizon 18561 ms): the pressure deadline never fenced within the wall backstop (1000 ms). The refusal is honest and terminal for this write; investigate the membership plane (finding 29)
[2026-09-06T04:15:42Z ERROR squeezefs::block_allocator] bounded allocation refusing StorageFull after 1005 ms parked with 0 offset(s) still in grace locally (lane harvest horizon 18580 ms): the pressure deadline never fenced within the wall backstop (1000 ms). The refusal is honest and terminal for this write; investigate the membership plane (finding 29)
[2026-09-06T04:15:42Z ERROR squeezefs::block_allocator] bounded allocation refusing StorageFull after 1004 ms parked with 0 offset(s) still in grace locally (lane harvest horizon 18589 ms): the pressure deadline never fenced within the wall backstop (1000 ms). The refusal is honest and terminal for this write; investigate the membership plane (finding 29)
[2026-09-06T04:15:43Z ERROR squeezefs::block_allocator] bounded allocation refusing StorageFull after 1005 ms parked with 0 offset(s) still in grace locally (lane harvest horizon 18603 ms): the pressure deadline never fenced within the wall backstop (1000 ms). The refusal is honest and terminal for this write; investigate the membership plane (finding 29)
[2026-09-06T04:15:43Z ERROR squeezefs::block_allocator] bounded allocation refusing StorageFull after 1004 ms parked with 0 offset(s) still in grace locally (lane harvest horizon 18685 ms): the pressure deadline never fenced within the wall backstop (1000 ms). The refusal is honest and terminal for this write; investigate the membership plane (finding 29)
[2026-09-06T04:15:43Z ERROR squeezefs::block_allocator] I/O error: data volume 'nvme3n1' full: 8180 of 8192 blocks allocated — lane 3 of 16 is exhausted while 0 free block(s) belong to lanes this mount does not own (alloc_lane_enospc_refusals; reach them by adopting a lane whose holder is proven dead, or grow the volume set — docs/operations.md §Multi-writer capacity planning)
[2026-09-06T04:15:43Z ERROR squeezefs::block_allocator] bounded allocation refusing StorageFull after 1003 ms parked with 0 offset(s) still in grace locally (lane harvest horizon 19564 ms): the pressure deadline never fenced within the wall backstop (1000 ms). The refusal is honest and terminal for this write; investigate the membership plane (finding 29)
[2026-09-06T04:15:43Z ERROR squeezefs::block_allocator] bounded allocation refusing StorageFull after 1003 ms parked with 0 offset(s) still in grace locally (lane harvest horizon 19567 ms): the pressure deadline never fenced within the wall backstop (1000 ms). The refusal is honest and terminal for this write; investigate the membership plane (finding 29)
[2026-09-06T04:15:43Z ERROR squeezefs::block_allocator] bounded allocation refusing StorageFull after 1003 ms parked with 0 offset(s) still in grace locally (lane harvest horizon 19570 ms): the pressure deadline never fenced within the wall backstop (1000 ms). The refusal is honest and terminal for this write; investigate the membership plane (finding 29)
[2026-09-06T04:15:43Z ERROR squeezefs::block_allocator] bounded allocation refusing StorageFull after 1003 ms parked with 0 offset(s) still in grace locally (lane harvest horizon 19570 ms): the pressure deadline never fenced within the wall backstop (1000 ms). The refusal is honest and terminal for this write; investigate the membership plane (finding 29)
[2026-09-06T04:15:43Z ERROR squeezefs::block_allocator] bounded allocation refusing StorageFull after 1004 ms parked with 0 offset(s) still in grace locally (lane harvest horizon 19571 ms): the pressure deadline never fenced within the wall backstop (1000 ms). The refusal is honest and terminal for this write; investigate the membership plane (finding 29)
[2026-09-06T04:15:43Z ERROR squeezefs::block_allocator] bounded allocation refusing StorageFull after 1003 ms parked with 0 offset(s) still in grace locally (lane harvest horizon 19571 ms): the pressure deadline never fenced within the wall backstop (1000 ms). The refusal is honest and terminal for this write; investigate the membership plane (finding 29)
[2026-09-06T04:15:43Z ERROR squeezefs::block_allocator] bounded allocation refusing StorageFull after 1003 ms parked with 0 offset(s) still in grace locally (lane harvest horizon 19571 ms): the pressure deadline never fenced within the wall backstop (1000 ms). The refusal is honest and terminal for this write; investigate the membership plane (finding 29)
[2026-09-06T04:15:43Z ERROR squeezefs::block_allocator] bounded allocation refusing StorageFull after 1003 ms parked with 0 offset(s) still in grace locally (lane harvest horizon 19571 ms): the pressure deadline never fenced within the wall backstop (1000 ms). The refusal is honest and terminal for this write; investigate the membership plane (finding 29)
[2026-09-06T04:15:43Z ERROR squeezefs::block_allocator] bounded allocation refusing StorageFull after 1004 ms parked with 0 offset(s) still in grace locally (lane harvest horizon 19586 ms): the pressure deadline never fenced within the wall backstop (1000 ms). The refusal is honest and terminal for this write; investigate the membership plane (finding 29)
[2026-09-06T04:15:43Z ERROR squeezefs::block_allocator] bounded allocation refusing StorageFull after 1004 ms parked with 0 offset(s) still in grace locally (lane harvest horizon 19589 ms): the pressure deadline never fenced within the wall backstop (1000 ms). The refusal is honest and terminal for this write; investigate the membership plane (finding 29)
[2026-09-06T04:15:43Z ERROR squeezefs::block_allocator] bounded allocation refusing StorageFull after 1003 ms parked with 0 offset(s) still in grace locally (lane harvest horizon 19594 ms): the pressure deadline never fenced within the wall backstop (1000 ms). The refusal is honest and terminal for this write; investigate the membership plane (finding 29)
[2026-09-06T04:15:43Z ERROR squeezefs::block_allocator] bounded allocation refusing StorageFull after 1004 ms parked with 0 offset(s) still in grace locally (lane harvest horizon 19596 ms): the pressure deadline never fenced within the wall backstop (1000 ms). The refusal is honest and terminal for this write; investigate the membership plane (finding 29)
[2026-09-06T04:15:44Z ERROR squeezefs::block_allocator] bounded allocation refusing StorageFull after 1005 ms parked with 0 offset(s) still in grace locally (lane harvest horizon 19612 ms): the pressure deadline never fenced within the wall backstop (1000 ms). The refusal is honest and terminal for this write; investigate the membership plane (finding 29)
[2026-09-06T04:15:44Z ERROR squeezefs::block_allocator] bounded allocation refusing StorageFull after 1005 ms parked with 0 offset(s) still in grace locally (lane harvest horizon 19612 ms): the pressure deadline never fenced within the wall backstop (1000 ms). The refusal is honest and terminal for this write; investigate the membership plane (finding 29)
[2026-09-06T04:15:44Z ERROR squeezefs::block_allocator] bounded allocation refusing StorageFull after 1005 ms parked with 0 offset(s) still in grace locally (lane harvest horizon 19612 ms): the pressure deadline never fenced within the wall backstop (1000 ms). The refusal is honest and terminal for this write; investigate the membership plane (finding 29)
[2026-09-06T04:15:44Z ERROR squeezefs::block_allocator] bounded allocation refusing StorageFull after 1003 ms parked with 0 offset(s) still in grace locally (lane harvest horizon 18188 ms): the pressure deadline never fenced within the wall backstop (1000 ms). The refusal is honest and terminal for this write; investigate the membership plane (finding 29)
[2026-09-06T04:15:44Z ERROR squeezefs::block_allocator] bounded allocation refusing StorageFull after 1004 ms parked with 0 offset(s) still in grace locally (lane harvest horizon 18190 ms): the pressure deadline never fenced within the wall backstop (1000 ms). The refusal is honest and terminal for this write; investigate the membership plane (finding 29)
[2026-09-06T04:15:44Z ERROR squeezefs::block_allocator] I/O error: data volume 'nvme3n1' full: 8180 of 8192 blocks allocated — lane 3 of 16 is exhausted while 0 free block(s) belong to lanes this mount does not own (alloc_lane_enospc_refusals; reach them by adopting a lane whose holder is proven dead, or grow the volume set — docs/operations.md §Multi-writer capacity planning)
[2026-09-06T04:15:44Z ERROR squeezefs::block_allocator] bounded allocation refusing StorageFull after 1004 ms parked with 0 offset(s) still in grace locally (lane harvest horizon 19068 ms): the pressure deadline never fenced within the wall backstop (1000 ms). The refusal is honest and terminal for this write; investigate the membership plane (finding 29)
[2026-09-06T04:15:44Z ERROR squeezefs::block_allocator] bounded allocation refusing StorageFull after 1003 ms parked with 0 offset(s) still in grace locally (lane harvest horizon 19069 ms): the pressure deadline never fenced within the wall backstop (1000 ms). The refusal is honest and terminal for this write; investigate the membership plane (finding 29)
[2026-09-06T04:15:44Z ERROR squeezefs::block_allocator] bounded allocation refusing StorageFull after 1003 ms parked with 0 offset(s) still in grace locally (lane harvest horizon 19070 ms): the pressure deadline never fenced within the wall backstop (1000 ms). The refusal is honest and terminal for this write; investigate the membership plane (finding 29)
[2026-09-06T04:15:44Z ERROR squeezefs::block_allocator] bounded allocation refusing StorageFull after 1003 ms parked with 0 offset(s) still in grace locally (lane harvest horizon 19070 ms): the pressure deadline never fenced within the wall backstop (1000 ms). The refusal is honest and terminal for this write; investigate the membership plane (finding 29)
[2026-09-06T04:15:44Z ERROR squeezefs::block_allocator] bounded allocation refusing StorageFull after 1003 ms parked with 0 offset(s) still in grace locally (lane harvest horizon 19072 ms): the pressure deadline never fenced within the wall backstop (1000 ms). The refusal is honest and terminal for this write; investigate the membership plane (finding 29)
[2026-09-06T04:15:44Z WARN  squeezefs::fuse_client] write-through failed for ino 2 block 2092 (Io(Custom { kind: StorageFull, error: "I/O error: data volume 'nvme4n1' full: 8180 of 8192 blocks allocated — lane 3 of 16 is exhausted while 0 free block(s) belong to lanes this mount does not own (alloc_lane_enospc_refusals; reach them by adopting a lane whose holder is proven dead, or grow the volume set — docs/operations.md §Multi-writer capacity planning)" })); falling back to staging
[2026-09-06T04:15:44Z ERROR squeezefs::block_allocator] bounded allocation refusing StorageFull after 1004 ms parked with 0 offset(s) still in grace locally (lane harvest horizon 19074 ms): the pressure deadline never fenced within the wall backstop (1000 ms). The refusal is honest and terminal for this write; investigate the membership plane (finding 29)
[2026-09-06T04:15:44Z ERROR squeezefs::block_allocator] bounded allocation refusing StorageFull after 1004 ms parked with 0 offset(s) still in grace locally (lane harvest horizon 19074 ms): the pressure deadline never fenced within the wall backstop (1000 ms). The refusal is honest and terminal for this write; investigate the membership plane (finding 29)
[2026-09-06T04:15:44Z WARN  squeezefs::fuse_client] write-through failed for ino 2 block 2124 (Io(Custom { kind: StorageFull, error: "I/O error: data volume 'nvme4n1' full: 8180 of 8192 blocks allocated — lane 3 of 16 is exhausted while 0 free block(s) belong to lanes this mount does not own (alloc_lane_enospc_refusals; reach them by adopting a lane whose holder is proven dead, or grow the volume set — docs/operations.md §Multi-writer capacity planning)" })); falling back to staging
[2026-09-06T04:15:44Z WARN  squeezefs::fuse_client] write-through failed for ino 2 block 2126 (Io(Custom { kind: StorageFull, error: "I/O error: data volume 'nvme3n1' full: 8180 of 8192 blocks allocated — lane 3 of 16 is exhausted while 0 free block(s) belong to lanes this mount does not own (alloc_lane_enospc_refusals; reach them by adopting a lane whose holder is proven dead, or grow the volume set — docs/operations.md §Multi-writer capacity planning)" })); falling back to staging
[2026-09-06T04:15:44Z ERROR squeezefs::block_allocator] bounded allocation refusing StorageFull after 1005 ms parked with 0 offset(s) still in grace locally (lane harvest horizon 19074 ms): the pressure deadline never fenced within the wall backstop (1000 ms). The refusal is honest and terminal for this write; investigate the membership plane (finding 29)
[2026-09-06T04:15:44Z ERROR squeezefs::block_allocator] bounded allocation refusing StorageFull after 1004 ms parked with 0 offset(s) still in grace locally (lane harvest horizon 19074 ms): the pressure deadline never fenced within the wall backstop (1000 ms). The refusal is honest and terminal for this write; investigate the membership plane (finding 29)
[2026-09-06T04:15:44Z WARN  squeezefs::routing] rewrite epoch close for ino 2 failed transiently (Io(Custom { kind: StorageFull, error: "I/O error: data volume 'nvme3n1' full: 8180 of 8192 blocks allocated — lane 3 of 16 is exhausted while 0 free block(s) belong to lanes this mount does not own (alloc_lane_enospc_refusals; reach them by adopting a lane whose holder is proven dead, or grow the volume set — docs/operations.md §Multi-writer capacity planning)" })); the epoch stays registered (never-lossy) — the next close trigger retries
[2026-09-06T04:15:44Z ERROR squeezefs::block_allocator] bounded allocation refusing StorageFull after 1003 ms parked with 0 offset(s) still in grace locally (lane harvest horizon 19075 ms): the pressure deadline never fenced within the wall backstop (1000 ms). The refusal is honest and terminal for this write; investigate the membership plane (finding 29)
[2026-09-06T04:15:44Z ERROR squeezefs::block_allocator] bounded allocation refusing StorageFull after 1004 ms parked with 0 offset(s) still in grace locally (lane harvest horizon 19075 ms): the pressure deadline never fenced within the wall backstop (1000 ms). The refusal is honest and terminal for this write; investigate the membership plane (finding 29)
[2026-09-06T04:15:44Z ERROR squeezefs::block_allocator] bounded allocation refusing StorageFull after 1003 ms parked with 0 offset(s) still in grace locally (lane harvest horizon 19075 ms): the pressure deadline never fenced within the wall backstop (1000 ms). The refusal is honest and terminal for this write; investigate the membership plane (finding 29)
[2026-09-06T04:15:44Z ERROR squeezefs::block_allocator] bounded allocation refusing StorageFull after 1003 ms parked with 0 offset(s) still in grace locally (lane harvest horizon 19089 ms): the pressure deadline never fenced within the wall backstop (1000 ms). The refusal is honest and terminal for this write; investigate the membership plane (finding 29)
[2026-09-06T04:15:44Z ERROR squeezefs::block_allocator] bounded allocation refusing StorageFull after 1003 ms parked with 0 offset(s) still in grace locally (lane harvest horizon 19090 ms): the pressure deadline never fenced within the wall backstop (1000 ms). The refusal is honest and terminal for this write; investigate the membership plane (finding 29)
[2026-09-06T04:15:44Z ERROR squeezefs::block_allocator] bounded allocation refusing StorageFull after 1003 ms parked with 0 offset(s) still in grace locally (lane harvest horizon 19091 ms): the pressure deadline never fenced within the wall backstop (1000 ms). The refusal is honest and terminal for this write; investigate the membership plane (finding 29)
[2026-09-06T04:15:44Z WARN  squeezefs::fuse_client] write-through failed for ino 2 block 2188 (Io(Custom { kind: StorageFull, error: "I/O error: data volume 'nvme4n1' full: 8180 of 8192 blocks allocated — lane 3 of 16 is exhausted while 0 free block(s) belong to lanes this mount does not own (alloc_lane_enospc_refusals; reach them by adopting a lane whose holder is proven dead, or grow the volume set — docs/operations.md §Multi-writer capacity planning)" })); falling back to staging
[2026-09-06T04:15:44Z ERROR squeezefs::block_allocator] bounded allocation refusing StorageFull after 1004 ms parked with 0 offset(s) still in grace locally (lane harvest horizon 19098 ms): the pressure deadline never fenced within the wall backstop (1000 ms). The refusal is honest and terminal for this write; investigate the membership plane (finding 29)
[2026-09-06T04:15:44Z ERROR squeezefs::block_allocator] bounded allocation refusing StorageFull after 1004 ms parked with 0 offset(s) still in grace locally (lane harvest horizon 19098 ms): the pressure deadline never fenced within the wall backstop (1000 ms). The refusal is honest and terminal for this write; investigate the membership plane (finding 29)
[2026-09-06T04:15:44Z WARN  squeezefs::fuse_client] write-through failed for ino 2 block 2220 (Io(Custom { kind: StorageFull, error: "I/O error: data volume 'nvme3n1' full: 8180 of 8192 blocks allocated — lane 3 of 16 is exhausted while 0 free block(s) belong to lanes this mount does not own (alloc_lane_enospc_refusals; reach them by adopting a lane whose holder is proven dead, or grow the volume set — docs/operations.md §Multi-writer capacity planning)" })); falling back to staging
[2026-09-06T04:15:45Z ERROR squeezefs::block_allocator] bounded allocation refusing StorageFull after 1004 ms parked with 0 offset(s) still in grace locally (lane harvest horizon 19114 ms): the pressure deadline never fenced within the wall backstop (1000 ms). The refusal is honest and terminal for this write; investigate the membership plane (finding 29)
[2026-09-06T04:15:45Z ERROR squeezefs::block_allocator] bounded allocation refusing StorageFull after 1004 ms parked with 0 offset(s) still in grace locally (lane harvest horizon 19114 ms): the pressure deadline never fenced within the wall backstop (1000 ms). The refusal is honest and terminal for this write; investigate the membership plane (finding 29)
[2026-09-06T04:15:45Z WARN  squeezefs::fuse_client] write-through failed for ino 2 block 2350 (Io(Custom { kind: StorageFull, error: "I/O error: data volume 'nvme3n1' full: 8180 of 8192 blocks allocated — lane 3 of 16 is exhausted while 0 free block(s) belong to lanes this mount does not own (alloc_lane_enospc_refusals; reach them by adopting a lane whose holder is proven dead, or grow the volume set — docs/operations.md §Multi-writer capacity planning)" })); falling back to staging
[2026-09-06T04:15:45Z WARN  squeezefs::fuse_client] write-through failed for ino 2 block 2252 (Io(Custom { kind: StorageFull, error: "I/O error: data volume 'nvme4n1' full: 8180 of 8192 blocks allocated — lane 3 of 16 is exhausted while 0 free block(s) belong to lanes this mount does not own (alloc_lane_enospc_refusals; reach them by adopting a lane whose holder is proven dead, or grow the volume set — docs/operations.md §Multi-writer capacity planning)" })); falling back to staging
[2026-09-06T04:15:45Z ERROR squeezefs::block_allocator] bounded allocation refusing StorageFull after 1003 ms parked with 0 offset(s) still in grace locally (lane harvest horizon 19115 ms): the pressure deadline never fenced within the wall backstop (1000 ms). The refusal is honest and terminal for this write; investigate the membership plane (finding 29)
[2026-09-06T04:15:45Z ERROR squeezefs::block_allocator] bounded allocation refusing StorageFull after 1003 ms parked with 0 offset(s) still in grace locally (lane harvest horizon 17078 ms): the pressure deadline never fenced within the wall backstop (1000 ms). The refusal is honest and terminal for this write; investigate the membership plane (finding 29)
[2026-09-06T04:15:45Z WARN  squeezefs::fuse_client] write-through failed for ino 2 block 2254 (Io(Custom { kind: StorageFull, error: "I/O error: data volume 'nvme4n1' full: 8180 of 8192 blocks allocated — lane 3 of 16 is exhausted while 0 free block(s) belong to lanes this mount does not own (alloc_lane_enospc_refusals; reach them by adopting a lane whose holder is proven dead, or grow the volume set — docs/operations.md §Multi-writer capacity planning)" })); falling back to staging
[2026-09-06T04:15:45Z ERROR squeezefs::block_allocator] I/O error: data volume 'nvme3n1' full: 8180 of 8192 blocks allocated — lane 3 of 16 is exhausted while 0 free block(s) belong to lanes this mount does not own (alloc_lane_enospc_refusals; reach them by adopting a lane whose holder is proven dead, or grow the volume set — docs/operations.md §Multi-writer capacity planning)
[2026-09-06T04:15:45Z ERROR squeezefs::block_allocator] bounded allocation refusing StorageFull after 1003 ms parked with 0 offset(s) still in grace locally (lane harvest horizon 17957 ms): the pressure deadline never fenced within the wall backstop (1000 ms). The refusal is honest and terminal for this write; investigate the membership plane (finding 29)
[2026-09-06T04:15:45Z WARN  squeezefs::fuse_client] write-through failed for ino 2 block 2284 (Io(Custom { kind: StorageFull, error: "I/O error: data volume 'nvme3n1' full: 8180 of 8192 blocks allocated — lane 3 of 16 is exhausted while 0 free block(s) belong to lanes this mount does not own (alloc_lane_enospc_refusals; reach them by adopting a lane whose holder is proven dead, or grow the volume set — docs/operations.md §Multi-writer capacity planning)" })); falling back to staging
[2026-09-06T04:15:45Z ERROR squeezefs::block_allocator] bounded allocation refusing StorageFull after 1003 ms parked with 0 offset(s) still in grace locally (lane harvest horizon 17959 ms): the pressure deadline never fenced within the wall backstop (1000 ms). The refusal is honest and terminal for this write; investigate the membership plane (finding 29)
[2026-09-06T04:15:45Z WARN  squeezefs::fuse_client] write-through failed for ino 2 block 2286 (Io(Custom { kind: StorageFull, error: "I/O error: data volume 'nvme4n1' full: 8180 of 8192 blocks allocated — lane 3 of 16 is exhausted while 0 free block(s) belong to lanes this mount does not own (alloc_lane_enospc_refusals; reach them by adopting a lane whose holder is proven dead, or grow the volume set — docs/operations.md §Multi-writer capacity planning)" })); falling back to staging
[2026-09-06T04:15:45Z ERROR squeezefs::block_allocator] bounded allocation refusing StorageFull after 1004 ms parked with 0 offset(s) still in grace locally (lane harvest horizon 17961 ms): the pressure deadline never fenced within the wall backstop (1000 ms). The refusal is honest and terminal for this write; investigate the membership plane (finding 29)
[2026-09-06T04:15:45Z ERROR squeezefs::block_allocator] bounded allocation refusing StorageFull after 1004 ms parked with 0 offset(s) still in grace locally (lane harvest horizon 17963 ms): the pressure deadline never fenced within the wall backstop (1000 ms). The refusal is honest and terminal for this write; investigate the membership plane (finding 29)
[2026-09-06T04:15:45Z ERROR squeezefs::block_allocator] bounded allocation refusing StorageFull after 1003 ms parked with 0 offset(s) still in grace locally (lane harvest horizon 17964 ms): the pressure deadline never fenced within the wall backstop (1000 ms). The refusal is honest and terminal for this write; investigate the membership plane (finding 29)
[2026-09-06T04:15:45Z ERROR squeezefs::block_allocator] bounded allocation refusing StorageFull after 1004 ms parked with 0 offset(s) still in grace locally (lane harvest horizon 17964 ms): the pressure deadline never fenced within the wall backstop (1000 ms). The refusal is honest and terminal for this write; investigate the membership plane (finding 29)
[2026-09-06T04:15:45Z ERROR squeezefs::block_allocator] bounded allocation refusing StorageFull after 1004 ms parked with 0 offset(s) still in grace locally (lane harvest horizon 17964 ms): the pressure deadline never fenced within the wall backstop (1000 ms). The refusal is honest and terminal for this write; investigate the membership plane (finding 29)
[2026-09-06T04:15:45Z WARN  squeezefs::fuse_client] write-through failed for ino 2 block 2028 (Io(Custom { kind: StorageFull, error: "I/O error: data volume 'nvme4n1' full: 8180 of 8192 blocks allocated — lane 3 of 16 is exhausted while 0 free block(s) belong to lanes this mount does not own (alloc_lane_enospc_refusals; reach them by adopting a lane whose holder is proven dead, or grow the volume set — docs/operations.md §Multi-writer capacity planning)" })); falling back to staging
[2026-09-06T04:15:45Z WARN  squeezefs::routing] rewrite epoch close for ino 2 failed transiently (Io(Custom { kind: StorageFull, error: "I/O error: data volume 'nvme4n1' full: 8180 of 8192 blocks allocated — lane 3 of 16 is exhausted while 0 free block(s) belong to lanes this mount does not own (alloc_lane_enospc_refusals; reach them by adopting a lane whose holder is proven dead, or grow the volume set — docs/operations.md §Multi-writer capacity planning)" })); the epoch stays registered (never-lossy) — the next close trigger retries
[2026-09-06T04:15:45Z ERROR squeezefs::block_allocator] bounded allocation refusing StorageFull after 1003 ms parked with 0 offset(s) still in grace locally (lane harvest horizon 17964 ms): the pressure deadline never fenced within the wall backstop (1000 ms). The refusal is honest and terminal for this write; investigate the membership plane (finding 29)
[2026-09-06T04:15:45Z WARN  squeezefs::fuse_client] write-through failed for ino 2 block 2316 (Io(Custom { kind: StorageFull, error: "I/O error: data volume 'nvme3n1' full: 8180 of 8192 blocks allocated — lane 3 of 16 is exhausted while 0 free block(s) belong to lanes this mount does not own (alloc_lane_enospc_refusals; reach them by adopting a lane whose holder is proven dead, or grow the volume set — docs/operations.md §Multi-writer capacity planning)" })); falling back to staging
[2026-09-06T04:15:45Z ERROR squeezefs::block_allocator] bounded allocation refusing StorageFull after 1003 ms parked with 0 offset(s) still in grace locally (lane harvest horizon 17979 ms): the pressure deadline never fenced within the wall backstop (1000 ms). The refusal is honest and terminal for this write; investigate the membership plane (finding 29)
[2026-09-06T04:15:45Z WARN  squeezefs::fuse_client] write-through failed for ino 2 block 2348 (Io(Custom { kind: StorageFull, error: "I/O error: data volume 'nvme3n1' full: 8180 of 8192 blocks allocated — lane 3 of 16 is exhausted while 0 free block(s) belong to lanes this mount does not own (alloc_lane_enospc_refusals; reach them by adopting a lane whose holder is proven dead, or grow the volume set — docs/operations.md §Multi-writer capacity planning)" })); falling back to staging
[2026-09-06T04:15:45Z ERROR squeezefs::block_allocator] bounded allocation refusing StorageFull after 1003 ms parked with 0 offset(s) still in grace locally (lane harvest horizon 17980 ms): the pressure deadline never fenced within the wall backstop (1000 ms). The refusal is honest and terminal for this write; investigate the membership plane (finding 29)
[2026-09-06T04:15:46Z ERROR squeezefs::block_allocator] bounded allocation refusing StorageFull after 1003 ms parked with 0 offset(s) still in grace locally (lane harvest horizon 17987 ms): the pressure deadline never fenced within the wall backstop (1000 ms). The refusal is honest and terminal for this write; investigate the membership plane (finding 29)
[2026-09-06T04:15:46Z WARN  squeezefs::fuse_client] write-through failed for ino 2 block 2349 (Io(Custom { kind: StorageFull, error: "I/O error: data volume 'nvme3n1' full: 8180 of 8192 blocks allocated — lane 3 of 16 is exhausted while 0 free block(s) belong to lanes this mount does not own (alloc_lane_enospc_refusals; reach them by adopting a lane whose holder is proven dead, or grow the volume set — docs/operations.md §Multi-writer capacity planning)" })); falling back to staging
[2026-09-06T04:15:46Z ERROR squeezefs::block_allocator] bounded allocation refusing StorageFull after 1003 ms parked with 0 offset(s) still in grace locally (lane harvest horizon 17987 ms): the pressure deadline never fenced within the wall backstop (1000 ms). The refusal is honest and terminal for this write; investigate the membership plane (finding 29)
[2026-09-06T04:15:46Z ERROR squeezefs::block_allocator] bounded allocation refusing StorageFull after 1004 ms parked with 0 offset(s) still in grace locally (lane harvest horizon 18003 ms): the pressure deadline never fenced within the wall backstop (1000 ms). The refusal is honest and terminal for this write; investigate the membership plane (finding 29)
[2026-09-06T04:15:46Z ERROR squeezefs::block_allocator] bounded allocation refusing StorageFull after 1003 ms parked with 0 offset(s) still in grace locally (lane harvest horizon 18004 ms): the pressure deadline never fenced within the wall backstop (1000 ms). The refusal is honest and terminal for this write; investigate the membership plane (finding 29)
[2026-09-06T04:15:46Z ERROR squeezefs::block_allocator] bounded allocation refusing StorageFull after 1003 ms parked with 0 offset(s) still in grace locally (lane harvest horizon 18004 ms): the pressure deadline never fenced within the wall backstop (1000 ms). The refusal is honest and terminal for this write; investigate the membership plane (finding 29)
[2026-09-06T04:15:46Z WARN  squeezefs::fuse_client] flush write-through failed for ino 2 block 2509 (Io(Custom { kind: StorageFull, error: "I/O error: data volume 'nvme4n1' full: 8180 of 8192 blocks allocated — lane 3 of 16 is exhausted while 0 free block(s) belong to lanes this mount does not own (alloc_lane_enospc_refusals; reach them by adopting a lane whose holder is proven dead, or grow the volume set — docs/operations.md §Multi-writer capacity planning)" })); degrading to the staging leg (fsync durability bar)
[2026-09-06T04:15:46Z WARN  squeezefs::fuse_client] write-through failed for ino 2 block 2380 (Io(Custom { kind: StorageFull, error: "I/O error: data volume 'nvme3n1' full: 8180 of 8192 blocks allocated — lane 3 of 16 is exhausted while 0 free block(s) belong to lanes this mount does not own (alloc_lane_enospc_refusals; reach them by adopting a lane whose holder is proven dead, or grow the volume set — docs/operations.md §Multi-writer capacity planning)" })); falling back to staging
[2026-09-06T04:15:47Z ERROR squeezefs::block_allocator] I/O error: data volume 'nvme4n1' full: 8180 of 8192 blocks allocated — lane 3 of 16 is exhausted while 0 free block(s) belong to lanes this mount does not own (alloc_lane_enospc_refusals; reach them by adopting a lane whose holder is proven dead, or grow the volume set — docs/operations.md §Multi-writer capacity planning)
[2026-09-06T04:15:49Z ERROR squeezefs::meta_ship::publish] S9: the authority refused 1 shipped free(s) (vol_tag 0xc5e11286df218556, request 1640): already free/graced/quarantined — the double-release lineage, surfaced on the authority's own tripwire
[2026-09-06T04:15:49Z ERROR squeezefs::meta_ship::publish] S9: the authority refused 1 shipped free(s) (vol_tag 0xc5e11286df218556, request 1656): already free/graced/quarantined — the double-release lineage, surfaced on the authority's own tripwire
[2026-09-06T04:15:51Z ERROR squeezefs::meta_ship::publish] S9: the authority refused 1 shipped free(s) (vol_tag 0xc5e11286df218556, request 1665): already free/graced/quarantined — the double-release lineage, surfaced on the authority's own tripwire
[2026-09-06T04:15:51Z ERROR squeezefs::fuse_client] Squeezefs operational error: Refused { errno: 5, msg: "Lock expired or invalid fencing token: 3298534887443 (expected >= 3298534887444)" }
[2026-09-06T04:15:52Z ERROR squeezefs::block_allocator] I/O error: data volume 'nvme4n1' full: 8180 of 8192 blocks allocated — lane 3 of 16 is exhausted while 0 free block(s) belong to lanes this mount does not own (alloc_lane_enospc_refusals; reach them by adopting a lane whose holder is proven dead, or grow the volume set — docs/operations.md §Multi-writer capacity planning)
[2026-09-06T04:15:53Z ERROR squeezefs::block_allocator] I/O error: data volume 'nvme4n1' full: 8180 of 8192 blocks allocated — lane 3 of 16 is exhausted while 0 free block(s) belong to lanes this mount does not own (alloc_lane_enospc_refusals; reach them by adopting a lane whose holder is proven dead, or grow the volume set — docs/operations.md §Multi-writer capacity planning)
[2026-09-06T04:15:53Z ERROR squeezefs::block_allocator] bounded allocation refusing StorageFull after 1001 ms parked with 0 offset(s) still in grace locally (lane harvest horizon 10142 ms): the pressure deadline never fenced within the wall backstop (1000 ms). The refusal is honest and terminal for this write; investigate the membership plane (finding 29)
[2026-09-06T04:15:53Z ERROR squeezefs::block_allocator] bounded allocation refusing StorageFull after 1004 ms parked with 0 offset(s) still in grace locally (lane harvest horizon 10145 ms): the pressure deadline never fenced within the wall backstop (1000 ms). The refusal is honest and terminal for this write; investigate the membership plane (finding 29)
[2026-09-06T04:15:53Z ERROR squeezefs::block_allocator] bounded allocation refusing StorageFull after 1021 ms parked with 0 offset(s) still in grace locally (lane harvest horizon 10154 ms): the pressure deadline never fenced within the wall backstop (1000 ms). The refusal is honest and terminal for this write; investigate the membership plane (finding 29)
[2026-09-06T04:15:53Z ERROR squeezefs::block_allocator] bounded allocation refusing StorageFull after 1013 ms parked with 0 offset(s) still in grace locally (lane harvest horizon 10164 ms): the pressure deadline never fenced within the wall backstop (1000 ms). The refusal is honest and terminal for this write; investigate the membership plane (finding 29)
[2026-09-06T04:15:53Z ERROR squeezefs::block_allocator] bounded allocation refusing StorageFull after 1024 ms parked with 0 offset(s) still in grace locally (lane harvest horizon 10172 ms): the pressure deadline never fenced within the wall backstop (1000 ms). The refusal is honest and terminal for this write; investigate the membership plane (finding 29)
[2026-09-06T04:15:53Z ERROR squeezefs::block_allocator] bounded allocation refusing StorageFull after 1015 ms parked with 0 offset(s) still in grace locally (lane harvest horizon 10172 ms): the pressure deadline never fenced within the wall backstop (1000 ms). The refusal is honest and terminal for this write; investigate the membership plane (finding 29)
[2026-09-06T04:15:53Z ERROR squeezefs::block_allocator] bounded allocation refusing StorageFull after 1035 ms parked with 0 offset(s) still in grace locally (lane harvest horizon 10216 ms): the pressure deadline never fenced within the wall backstop (1000 ms). The refusal is honest and terminal for this write; investigate the membership plane (finding 29)
[2026-09-06T04:15:53Z ERROR squeezefs::block_allocator] bounded allocation refusing StorageFull after 1043 ms parked with 0 offset(s) still in grace locally (lane harvest horizon 10224 ms): the pressure deadline never fenced within the wall backstop (1000 ms). The refusal is honest and terminal for this write; investigate the membership plane (finding 29)
[2026-09-06T04:15:54Z ERROR squeezefs::block_allocator] I/O error: data volume 'nvme4n1' full: 8180 of 8192 blocks allocated — lane 3 of 16 is exhausted while 0 free block(s) belong to lanes this mount does not own (alloc_lane_enospc_refusals; reach them by adopting a lane whose holder is proven dead, or grow the volume set — docs/operations.md §Multi-writer capacity planning)
[2026-09-06T04:15:54Z ERROR squeezefs::block_allocator] bounded allocation refusing StorageFull after 1041 ms parked with 0 offset(s) still in grace locally (lane harvest horizon 10187 ms): the pressure deadline never fenced within the wall backstop (1000 ms). The refusal is honest and terminal for this write; investigate the membership plane (finding 29)
[2026-09-06T04:15:54Z ERROR squeezefs::block_allocator] bounded allocation refusing StorageFull after 1043 ms parked with 0 offset(s) still in grace locally (lane harvest horizon 10188 ms): the pressure deadline never fenced within the wall backstop (1000 ms). The refusal is honest and terminal for this write; investigate the membership plane (finding 29)
[2026-09-06T04:15:54Z ERROR squeezefs::block_allocator] bounded allocation refusing StorageFull after 1041 ms parked with 0 offset(s) still in grace locally (lane harvest horizon 10188 ms): the pressure deadline never fenced within the wall backstop (1000 ms). The refusal is honest and terminal for this write; investigate the membership plane (finding 29)
[2026-09-06T04:15:54Z ERROR squeezefs::block_allocator] bounded allocation refusing StorageFull after 1019 ms parked with 0 offset(s) still in grace locally (lane harvest horizon 10192 ms): the pressure deadline never fenced within the wall backstop (1000 ms). The refusal is honest and terminal for this write; investigate the membership plane (finding 29)
[2026-09-06T04:15:54Z ERROR squeezefs::block_allocator] bounded allocation refusing StorageFull after 1048 ms parked with 0 offset(s) still in grace locally (lane harvest horizon 10192 ms): the pressure deadline never fenced within the wall backstop (1000 ms). The refusal is honest and terminal for this write; investigate the membership plane (finding 29)
[2026-09-06T04:15:54Z ERROR squeezefs::block_allocator] bounded allocation refusing StorageFull after 1026 ms parked with 0 offset(s) still in grace locally (lane harvest horizon 10193 ms): the pressure deadline never fenced within the wall backstop (1000 ms). The refusal is honest and terminal for this write; investigate the membership plane (finding 29)
[2026-09-06T04:15:54Z ERROR squeezefs::block_allocator] bounded allocation refusing StorageFull after 1027 ms parked with 0 offset(s) still in grace locally (lane harvest horizon 10193 ms): the pressure deadline never fenced within the wall backstop (1000 ms). The refusal is honest and terminal for this write; investigate the membership plane (finding 29)
[2026-09-06T04:15:54Z ERROR squeezefs::block_allocator] bounded allocation refusing StorageFull after 1038 ms parked with 0 offset(s) still in grace locally (lane harvest horizon 10196 ms): the pressure deadline never fenced within the wall backstop (1000 ms). The refusal is honest and terminal for this write; investigate the membership plane (finding 29)
[2026-09-06T04:15:54Z ERROR squeezefs::block_allocator] bounded allocation refusing StorageFull after 1031 ms parked with 0 offset(s) still in grace locally (lane harvest horizon 10207 ms): the pressure deadline never fenced within the wall backstop (1000 ms). The refusal is honest and terminal for this write; investigate the membership plane (finding 29)
[2026-09-06T04:15:54Z ERROR squeezefs::block_allocator] bounded allocation refusing StorageFull after 1032 ms parked with 0 offset(s) still in grace locally (lane harvest horizon 10207 ms): the pressure deadline never fenced within the wall backstop (1000 ms). The refusal is honest and terminal for this write; investigate the membership plane (finding 29)
[2026-09-06T04:15:54Z ERROR squeezefs::block_allocator] bounded allocation refusing StorageFull after 1031 ms parked with 0 offset(s) still in grace locally (lane harvest horizon 10208 ms): the pressure deadline never fenced within the wall backstop (1000 ms). The refusal is honest and terminal for this write; investigate the membership plane (finding 29)
[2026-09-06T04:15:54Z ERROR squeezefs::block_allocator] bounded allocation refusing StorageFull after 1051 ms parked with 0 offset(s) still in grace locally (lane harvest horizon 10207 ms): the pressure deadline never fenced within the wall backstop (1000 ms). The refusal is honest and terminal for this write; investigate the membership plane (finding 29)
[2026-09-06T04:15:54Z ERROR squeezefs::block_allocator] bounded allocation refusing StorageFull after 1027 ms parked with 0 offset(s) still in grace locally (lane harvest horizon 9244 ms): the pressure deadline never fenced within the wall backstop (1000 ms). The refusal is honest and terminal for this write; investigate the membership plane (finding 29)
[2026-09-06T04:15:54Z ERROR fuse3::raw::connection::fuse_over_uring] transport payload lease held 1029 ms (≥ 1 s) — overlong handler invocation or a §5.4 severance escape; watch transport_lease_overlong / transport_parked_commits
[2026-09-06T04:15:54Z ERROR squeezefs::block_allocator] bounded allocation refusing StorageFull after 1034 ms parked with 0 offset(s) still in grace locally (lane harvest horizon 9252 ms): the pressure deadline never fenced within the wall backstop (1000 ms). The refusal is honest and terminal for this write; investigate the membership plane (finding 29)
[2026-09-06T04:15:54Z ERROR squeezefs::block_allocator] bounded allocation refusing StorageFull after 1031 ms parked with 0 offset(s) still in grace locally (lane harvest horizon 9256 ms): the pressure deadline never fenced within the wall backstop (1000 ms). The refusal is honest and terminal for this write; investigate the membership plane (finding 29)
[2026-09-06T04:15:54Z ERROR squeezefs::block_allocator] bounded allocation refusing StorageFull after 1031 ms parked with 0 offset(s) still in grace locally (lane harvest horizon 9258 ms): the pressure deadline never fenced within the wall backstop (1000 ms). The refusal is honest and terminal for this write; investigate the membership plane (finding 29)
[2026-09-06T04:15:55Z ERROR squeezefs::block_allocator] I/O error: data volume 'nvme4n1' full: 8180 of 8192 blocks allocated — lane 3 of 16 is exhausted while 0 free block(s) belong to lanes this mount does not own (alloc_lane_enospc_refusals; reach them by adopting a lane whose holder is proven dead, or grow the volume set — docs/operations.md §Multi-writer capacity planning)
[2026-09-06T04:15:55Z ERROR squeezefs::block_allocator] bounded allocation refusing StorageFull after 1004 ms parked with 0 offset(s) still in grace locally (lane harvest horizon 10194 ms): the pressure deadline never fenced within the wall backstop (1000 ms). The refusal is honest and terminal for this write; investigate the membership plane (finding 29)
[2026-09-06T04:15:55Z ERROR squeezefs::block_allocator] bounded allocation refusing StorageFull after 1008 ms parked with 0 offset(s) still in grace locally (lane harvest horizon 10200 ms): the pressure deadline never fenced within the wall backstop (1000 ms). The refusal is honest and terminal for this write; investigate the membership plane (finding 29)
[2026-09-06T04:15:55Z WARN  squeezefs::fuse_client] write-through failed for ino 2 block 942 (Io(Custom { kind: StorageFull, error: "I/O error: data volume 'nvme4n1' full: 8180 of 8192 blocks allocated — lane 3 of 16 is exhausted while 0 free block(s) belong to lanes this mount does not own (alloc_lane_enospc_refusals; reach them by adopting a lane whose holder is proven dead, or grow the volume set — docs/operations.md §Multi-writer capacity planning)" })); falling back to staging
[2026-09-06T04:15:55Z ERROR squeezefs::block_allocator] bounded allocation refusing StorageFull after 1004 ms parked with 0 offset(s) still in grace locally (lane harvest horizon 10200 ms): the pressure deadline never fenced within the wall backstop (1000 ms). The refusal is honest and terminal for this write; investigate the membership plane (finding 29)
[2026-09-06T04:15:55Z WARN  squeezefs::fuse_client] write-through failed for ino 2 block 974 (Io(Custom { kind: StorageFull, error: "I/O error: data volume 'nvme4n1' full: 8180 of 8192 blocks allocated — lane 3 of 16 is exhausted while 0 free block(s) belong to lanes this mount does not own (alloc_lane_enospc_refusals; reach them by adopting a lane whose holder is proven dead, or grow the volume set — docs/operations.md §Multi-writer capacity planning)" })); falling back to staging
[2026-09-06T04:15:55Z ERROR squeezefs::block_allocator] bounded allocation refusing StorageFull after 1007 ms parked with 0 offset(s) still in grace locally (lane harvest horizon 10203 ms): the pressure deadline never fenced within the wall backstop (1000 ms). The refusal is honest and terminal for this write; investigate the membership plane (finding 29)
[2026-09-06T04:15:55Z WARN  squeezefs::fuse_client] write-through failed for ino 2 block 940 (Io(Custom { kind: StorageFull, error: "I/O error: data volume 'nvme4n1' full: 8180 of 8192 blocks allocated — lane 3 of 16 is exhausted while 0 free block(s) belong to lanes this mount does not own (alloc_lane_enospc_refusals; reach them by adopting a lane whose holder is proven dead, or grow the volume set — docs/operations.md §Multi-writer capacity planning)" })); falling back to staging
[2026-09-06T04:15:55Z ERROR fuse3::raw::connection::fuse_over_uring] transport payload lease held 1166 ms (≥ 1 s) — overlong handler invocation or a §5.4 severance escape; watch transport_lease_overlong / transport_parked_commits
[2026-09-06T04:16:01Z ERROR squeezefs::routing] rewrite epoch for ino 2 FENCED at close: publishing nothing, freeing nothing (successor accounting — the remount law, W5); acked un-fsynced rewrite bytes discard with the fenced era
[2026-09-06T04:16:09Z ERROR fuse3::raw::connection::fuse_over_uring] transport payload lease held 7699 ms (≥ 1 s) — overlong handler invocation or a §5.4 severance escape; watch transport_lease_overlong / transport_parked_commits
[2026-09-06T04:16:09Z ERROR fuse3::raw::connection::fuse_over_uring] transport payload lease held 7697 ms (≥ 1 s) — overlong handler invocation or a §5.4 severance escape; watch transport_lease_overlong / transport_parked_commits
[2026-09-06T04:16:09Z ERROR fuse3::raw::connection::fuse_over_uring] transport payload lease held 7701 ms (≥ 1 s) — overlong handler invocation or a §5.4 severance escape; watch transport_lease_overlong / transport_parked_commits
[2026-09-06T04:16:09Z ERROR fuse3::raw::connection::fuse_over_uring] transport payload lease held 7707 ms (≥ 1 s) — overlong handler invocation or a §5.4 severance escape; watch transport_lease_overlong / transport_parked_commits
[2026-09-06T04:16:09Z ERROR fuse3::raw::connection::fuse_over_uring] transport payload lease held 7707 ms (≥ 1 s) — overlong handler invocation or a §5.4 severance escape; watch transport_lease_overlong / transport_parked_commits
[2026-09-06T04:16:09Z ERROR fuse3::raw::connection::fuse_over_uring] transport payload lease held 7720 ms (≥ 1 s) — overlong handler invocation or a §5.4 severance escape; watch transport_lease_overlong / transport_parked_commits
[2026-09-06T04:16:09Z ERROR fuse3::raw::connection::fuse_over_uring] transport payload lease held 7720 ms (≥ 1 s) — overlong handler invocation or a §5.4 severance escape; watch transport_lease_overlong / transport_parked_commits
[2026-09-06T04:16:09Z ERROR fuse3::raw::connection::fuse_over_uring] transport payload lease held 7742 ms (≥ 1 s) — overlong handler invocation or a §5.4 severance escape; watch transport_lease_overlong / transport_parked_commits
[2026-09-06T04:16:09Z ERROR fuse3::raw::connection::fuse_over_uring] transport payload lease held 7737 ms (≥ 1 s) — overlong handler invocation or a §5.4 severance escape; watch transport_lease_overlong / transport_parked_commits
[2026-09-06T04:16:09Z ERROR fuse3::raw::connection::fuse_over_uring] transport payload lease held 7725 ms (≥ 1 s) — overlong handler invocation or a §5.4 severance escape; watch transport_lease_overlong / transport_parked_commits
[2026-09-06T04:16:09Z ERROR fuse3::raw::connection::fuse_over_uring] transport payload lease held 7673 ms (≥ 1 s) — overlong handler invocation or a §5.4 severance escape; watch transport_lease_overlong / transport_parked_commits
[2026-09-06T04:16:09Z ERROR fuse3::raw::connection::fuse_over_uring] transport payload lease held 7737 ms (≥ 1 s) — overlong handler invocation or a §5.4 severance escape; watch transport_lease_overlong / transport_parked_commits
[2026-09-06T04:16:09Z ERROR fuse3::raw::connection::fuse_over_uring] transport payload lease held 7737 ms (≥ 1 s) — overlong handler invocation or a §5.4 severance escape; watch transport_lease_overlong / transport_parked_commits
[2026-09-06T04:16:09Z ERROR fuse3::raw::connection::fuse_over_uring] transport payload lease held 7763 ms (≥ 1 s) — overlong handler invocation or a §5.4 severance escape; watch transport_lease_overlong / transport_parked_commits
[2026-09-06T04:16:09Z ERROR fuse3::raw::connection::fuse_over_uring] transport payload lease held 7748 ms (≥ 1 s) — overlong handler invocation or a §5.4 severance escape; watch transport_lease_overlong / transport_parked_commits
[2026-09-06T04:16:09Z ERROR fuse3::raw::connection::fuse_over_uring] transport payload lease held 7758 ms (≥ 1 s) — overlong handler invocation or a §5.4 severance escape; watch transport_lease_overlong / transport_parked_commits
[2026-09-06T04:16:09Z ERROR fuse3::raw::connection::fuse_over_uring] transport payload lease held 7758 ms (≥ 1 s) — overlong handler invocation or a §5.4 severance escape; watch transport_lease_overlong / transport_parked_commits
[2026-09-06T04:16:09Z ERROR fuse3::raw::connection::fuse_over_uring] transport payload lease held 7748 ms (≥ 1 s) — overlong handler invocation or a §5.4 severance escape; watch transport_lease_overlong / transport_parked_commits
[2026-09-06T04:16:09Z ERROR fuse3::raw::connection::fuse_over_uring] transport payload lease held 7746 ms (≥ 1 s) — overlong handler invocation or a §5.4 severance escape; watch transport_lease_overlong / transport_parked_commits
[2026-09-06T04:16:09Z ERROR fuse3::raw::connection::fuse_over_uring] transport payload lease held 7758 ms (≥ 1 s) — overlong handler invocation or a §5.4 severance escape; watch transport_lease_overlong / transport_parked_commits
[2026-09-06T04:16:09Z ERROR fuse3::raw::connection::fuse_over_uring] transport payload lease held 7757 ms (≥ 1 s) — overlong handler invocation or a §5.4 severance escape; watch transport_lease_overlong / transport_parked_commits
[2026-09-06T04:16:09Z ERROR fuse3::raw::connection::fuse_over_uring] transport payload lease held 7747 ms (≥ 1 s) — overlong handler invocation or a §5.4 severance escape; watch transport_lease_overlong / transport_parked_commits
[2026-09-06T04:16:09Z ERROR fuse3::raw::connection::fuse_over_uring] transport payload lease held 7764 ms (≥ 1 s) — overlong handler invocation or a §5.4 severance escape; watch transport_lease_overlong / transport_parked_commits
[2026-09-06T04:16:09Z ERROR fuse3::raw::connection::fuse_over_uring] transport payload lease held 7759 ms (≥ 1 s) — overlong handler invocation or a §5.4 severance escape; watch transport_lease_overlong / transport_parked_commits
[2026-09-06T04:16:09Z ERROR fuse3::raw::connection::fuse_over_uring] transport payload lease held 7791 ms (≥ 1 s) — overlong handler invocation or a §5.4 severance escape; watch transport_lease_overlong / transport_parked_commits
[2026-09-06T04:16:09Z ERROR fuse3::raw::connection::fuse_over_uring] transport payload lease held 7790 ms (≥ 1 s) — overlong handler invocation or a §5.4 severance escape; watch transport_lease_overlong / transport_parked_commits
[2026-09-06T04:16:09Z ERROR fuse3::raw::connection::fuse_over_uring] transport payload lease held 7786 ms (≥ 1 s) — overlong handler invocation or a §5.4 severance escape; watch transport_lease_overlong / transport_parked_commits
[2026-09-06T04:16:09Z ERROR fuse3::raw::connection::fuse_over_uring] transport payload lease held 7776 ms (≥ 1 s) — overlong handler invocation or a §5.4 severance escape; watch transport_lease_overlong / transport_parked_commits
[2026-09-06T04:16:09Z ERROR fuse3::raw::connection::fuse_over_uring] transport payload lease held 7786 ms (≥ 1 s) — overlong handler invocation or a §5.4 severance escape; watch transport_lease_overlong / transport_parked_commits
[2026-09-06T04:16:09Z ERROR fuse3::raw::connection::fuse_over_uring] transport payload lease held 7786 ms (≥ 1 s) — overlong handler invocation or a §5.4 severance escape; watch transport_lease_overlong / transport_parked_commits
[2026-09-06T04:16:10Z ERROR squeezefs::block_allocator] CLAIM ANOMALY: offset 9542041600 claimed from the free list while a refcount entry lingers (count=Some(1))
[2026-09-06T04:16:10Z ERROR squeezefs::block_allocator] CLAIM ANOMALY: offset 213909504 claimed from the free list while a refcount entry lingers (count=Some(1))
[2026-09-06T04:16:10Z ERROR squeezefs::block_allocator] CLAIM ANOMALY: offset 281018368 claimed from the free list while a refcount entry lingers (count=Some(1))
[2026-09-06T04:16:10Z ERROR squeezefs::block_allocator] CLAIM ANOMALY: offset 12629049344 claimed from the free list while a refcount entry lingers (count=Some(1))
[2026-09-06T04:16:10Z ERROR squeezefs::block_allocator] CLAIM ANOMALY: offset 952107008 claimed from the free list while a refcount entry lingers (count=Some(1))
[2026-09-06T04:16:10Z ERROR squeezefs::block_allocator] CLAIM ANOMALY: offset 8065646592 claimed from the free list while a refcount entry lingers (count=Some(1))
[2026-09-06T04:16:10Z ERROR squeezefs::block_allocator] CLAIM ANOMALY: offset 9810477056 claimed from the free list while a refcount entry lingers (count=Some(1))
[2026-09-06T04:16:10Z ERROR squeezefs::block_allocator] CLAIM ANOMALY: offset 12159287296 claimed from the free list while a refcount entry lingers (count=Some(1))
[2026-09-06T04:16:10Z ERROR squeezefs::block_allocator] CLAIM ANOMALY: offset 1019215872 claimed from the free list while a refcount entry lingers (count=Some(1))
[2026-09-06T04:16:10Z ERROR squeezefs::block_allocator] CLAIM ANOMALY: offset 1287651328 claimed from the free list while a refcount entry lingers (count=Some(1))
[2026-09-06T04:16:10Z ERROR squeezefs::block_allocator] CLAIM ANOMALY: offset 10280239104 claimed from the free list while a refcount entry lingers (count=Some(1))
[2026-09-06T04:16:10Z ERROR squeezefs::block_allocator] CLAIM ANOMALY: offset 10347347968 claimed from the free list while a refcount entry lingers (count=Some(1))
[2026-09-06T04:16:10Z ERROR squeezefs::block_allocator] CLAIM ANOMALY: offset 616562688 claimed from the free list while a refcount entry lingers (count=Some(1))
[2026-09-06T04:16:10Z ERROR squeezefs::block_allocator] CLAIM ANOMALY: offset 8803844096 claimed from the free list while a refcount entry lingers (count=Some(1))
[2026-09-06T04:16:10Z ERROR squeezefs::block_allocator] CLAIM ANOMALY: offset 415236096 claimed from the free list while a refcount entry lingers (count=Some(1))
[2026-09-06T04:16:10Z ERROR squeezefs::block_allocator] CLAIM ANOMALY: offset 482344960 claimed from the free list while a refcount entry lingers (count=Some(1))
[2026-09-06T04:16:10Z ERROR squeezefs::block_allocator] CLAIM ANOMALY: offset 8132755456 claimed from the free list while a refcount entry lingers (count=Some(1))
[2026-09-06T04:16:10Z ERROR squeezefs::block_allocator] CLAIM ANOMALY: offset 817889280 claimed from the free list while a refcount entry lingers (count=Some(1))
[2026-09-06T04:16:10Z ERROR squeezefs::block_allocator] CLAIM ANOMALY: offset 7394557952 claimed from the free list while a refcount entry lingers (count=Some(1))
[2026-09-06T04:16:10Z ERROR squeezefs::block_allocator] CLAIM ANOMALY: offset 549453824 claimed from the free list while a refcount entry lingers (count=Some(1))
[2026-09-06T04:16:10Z ERROR squeezefs::block_allocator] CLAIM ANOMALY: offset 750780416 claimed from the free list while a refcount entry lingers (count=Some(1))
[2026-09-06T04:16:10Z ERROR squeezefs::block_allocator] CLAIM ANOMALY: offset 1220542464 claimed from the free list while a refcount entry lingers (count=Some(1))
[2026-09-06T04:16:10Z ERROR squeezefs::block_allocator] CLAIM ANOMALY: offset 348127232 claimed from the free list while a refcount entry lingers (count=Some(1))
[2026-09-06T04:16:10Z ERROR squeezefs::block_allocator] CLAIM ANOMALY: offset 12582912 claimed from the free list while a refcount entry lingers (count=Some(1))
[2026-09-06T04:16:15Z ERROR squeezefs::block_allocator] CLAIM ANOMALY: offset 6052380672 claimed from the free list while a refcount entry lingers (count=Some(1))
[2026-09-06T04:16:15Z ERROR squeezefs::block_allocator] CLAIM ANOMALY: offset 3770679296 claimed from the free list while a refcount entry lingers (count=Some(1))
[2026-09-06T04:16:15Z ERROR squeezefs::block_allocator] CLAIM ANOMALY: offset 6589251584 claimed from the free list while a refcount entry lingers (count=Some(1))
[2026-09-06T04:16:16Z ERROR squeezefs::block_allocator] CLAIM ANOMALY: offset 8132755456 claimed from the free list while a refcount entry lingers (count=Some(1))
[2026-09-06T04:16:16Z ERROR squeezefs::block_allocator] CLAIM ANOMALY: offset 7394557952 claimed from the free list while a refcount entry lingers (count=Some(1))
[2026-09-06T04:16:16Z ERROR squeezefs::block_allocator] CLAIM ANOMALY: offset 6656360448 claimed from the free list while a refcount entry lingers (count=Some(1))
[2026-09-06T04:16:16Z ERROR squeezefs::block_allocator] CLAIM ANOMALY: offset 348127232 claimed from the free list while a refcount entry lingers (count=Some(1))
[2026-09-06T04:16:16Z ERROR squeezefs::block_allocator] CLAIM ANOMALY: offset 1019215872 claimed from the free list while a refcount entry lingers (count=Some(1))
[2026-09-06T04:16:16Z ERROR squeezefs::block_allocator] CLAIM ANOMALY: offset 1891631104 claimed from the free list while a refcount entry lingers (count=Some(1))
[2026-09-06T04:16:17Z ERROR squeezefs::block_allocator] CLAIM ANOMALY: offset 8468299776 claimed from the free list while a refcount entry lingers (count=Some(1))
[2026-09-06T04:16:17Z ERROR squeezefs::block_allocator] CLAIM ANOMALY: offset 8736735232 claimed from the free list while a refcount entry lingers (count=Some(1))
[2026-09-06T04:16:17Z ERROR squeezefs::block_allocator] CLAIM ANOMALY: offset 79691776 claimed from the free list while a refcount entry lingers (count=Some(1))
[2026-09-06T04:16:17Z ERROR squeezefs::block_allocator] CLAIM ANOMALY: offset 29137829888 claimed from the free list while a refcount entry lingers (count=Some(1))
[2026-09-06T04:16:18Z ERROR squeezefs::block_allocator] CLAIM ANOMALY: offset 3703570432 claimed from the free list while a refcount entry lingers (count=Some(1))
[2026-09-06T04:16:18Z ERROR squeezefs::block_allocator] CLAIM ANOMALY: offset 9340715008 claimed from the free list while a refcount entry lingers (count=Some(1))
[2026-09-06T04:16:18Z ERROR squeezefs::block_allocator] CLAIM ANOMALY: offset 2696937472 claimed from the free list while a refcount entry lingers (count=Some(1))
[2026-09-06T04:16:18Z ERROR squeezefs::block_allocator] CLAIM ANOMALY: offset 9474932736 claimed from the free list while a refcount entry lingers (count=Some(1))
[2026-09-06T04:16:18Z ERROR squeezefs::block_allocator] CLAIM ANOMALY: offset 5851054080 claimed from the free list while a refcount entry lingers (count=Some(1))
[2026-09-06T04:16:18Z ERROR squeezefs::block_allocator] CLAIM ANOMALY: offset 3099590656 claimed from the free list while a refcount entry lingers (count=Some(1))
[2026-09-06T04:16:18Z ERROR squeezefs::block_allocator] CLAIM ANOMALY: offset 9072279552 claimed from the free list while a refcount entry lingers (count=Some(1))
[2026-09-06T04:16:18Z ERROR squeezefs::block_allocator] CLAIM ANOMALY: offset 6387924992 claimed from the free list while a refcount entry lingers (count=Some(1))
[2026-09-06T04:16:18Z ERROR squeezefs::block_allocator] CLAIM ANOMALY: offset 5918162944 claimed from the free list while a refcount entry lingers (count=Some(1))
[2026-09-06T04:16:18Z ERROR squeezefs::block_allocator] CLAIM ANOMALY: offset 2227175424 claimed from the free list while a refcount entry lingers (count=Some(1))
[2026-09-06T04:16:18Z ERROR squeezefs::block_allocator] CLAIM ANOMALY: offset 4911529984 claimed from the free list while a refcount entry lingers (count=Some(1))
[2026-09-06T04:16:18Z ERROR squeezefs::block_allocator] CLAIM ANOMALY: offset 3837788160 claimed from the free list while a refcount entry lingers (count=Some(1))
[2026-09-06T04:16:19Z ERROR squeezefs::block_allocator] CLAIM ANOMALY: offset 5045747712 claimed from the free list while a refcount entry lingers (count=Some(1))
[2026-09-06T04:16:19Z ERROR squeezefs::block_allocator] CLAIM ANOMALY: offset 4441767936 claimed from the free list while a refcount entry lingers (count=Some(1))
[2026-09-06T04:16:19Z ERROR squeezefs::block_allocator] CLAIM ANOMALY: offset 3569352704 claimed from the free list while a refcount entry lingers (count=Some(1))
[2026-09-06T04:16:19Z ERROR squeezefs::block_allocator] CLAIM ANOMALY: offset 4374659072 claimed from the free list while a refcount entry lingers (count=Some(1))
[2026-09-06T04:16:19Z ERROR squeezefs::block_allocator] CLAIM ANOMALY: offset 32963035136 claimed from the free list while a refcount entry lingers (count=Some(1))
[2026-09-06T04:16:19Z ERROR squeezefs::block_allocator] CLAIM ANOMALY: offset 31285313536 claimed from the free list while a refcount entry lingers (count=Some(1))
[2026-09-06T04:16:19Z ERROR squeezefs::block_allocator] CLAIM ANOMALY: offset 29674700800 claimed from the free list while a refcount entry lingers (count=Some(1))
[2026-09-06T04:16:19Z ERROR squeezefs::block_allocator] CLAIM ANOMALY: offset 32224837632 claimed from the free list while a refcount entry lingers (count=Some(1))
[2026-09-06T04:16:19Z ERROR squeezefs::block_allocator] CLAIM ANOMALY: offset 31419531264 claimed from the free list while a refcount entry lingers (count=Some(1))
[2026-09-06T04:16:19Z ERROR squeezefs::block_allocator] CLAIM ANOMALY: offset 29741809664 claimed from the free list while a refcount entry lingers (count=Some(1))
[2026-09-06T04:16:19Z ERROR squeezefs::meta_ship::publish] S9: the authority refused 1 shipped free(s) (vol_tag 0xc5e11286df218556, request 2764): already free/graced/quarantined — the double-release lineage, surfaced on the authority's own tripwire
[2026-09-06T04:16:19Z ERROR squeezefs::block_allocator] CLAIM ANOMALY: offset 30949769216 claimed from the free list while a refcount entry lingers (count=Some(1))
[2026-09-06T04:16:19Z ERROR squeezefs::block_allocator] CLAIM ANOMALY: offset 29473374208 claimed from the free list while a refcount entry lingers (count=Some(1))
[2026-09-06T04:16:19Z ERROR squeezefs::block_allocator] CLAIM ANOMALY: offset 33768341504 claimed from the free list while a refcount entry lingers (count=Some(1))
[2026-09-06T04:16:19Z ERROR squeezefs::block_allocator] CLAIM ANOMALY: offset 33231470592 claimed from the free list while a refcount entry lingers (count=Some(1))
[2026-09-06T04:16:19Z ERROR squeezefs::block_allocator] CLAIM ANOMALY: offset 31956402176 claimed from the free list while a refcount entry lingers (count=Some(1))
[2026-09-06T04:16:20Z ERROR squeezefs::block_allocator] CLAIM ANOMALY: offset 31620857856 claimed from the free list while a refcount entry lingers (count=Some(1))
[2026-09-06T04:16:20Z ERROR squeezefs::block_allocator] CLAIM ANOMALY: offset 32291946496 claimed from the free list while a refcount entry lingers (count=Some(1))
[2026-09-06T04:16:20Z ERROR squeezefs::block_allocator] CLAIM ANOMALY: offset 32426164224 claimed from the free list while a refcount entry lingers (count=Some(1))
[2026-09-06T04:16:20Z ERROR squeezefs::block_allocator] CLAIM ANOMALY: offset 32761708544 claimed from the free list while a refcount entry lingers (count=Some(1))
[2026-09-06T04:16:20Z ERROR squeezefs::block_allocator] CLAIM ANOMALY: offset 32493273088 claimed from the free list while a refcount entry lingers (count=Some(1))
[2026-09-06T04:16:20Z ERROR squeezefs::block_allocator] CLAIM ANOMALY: offset 30882660352 claimed from the free list while a refcount entry lingers (count=Some(1))
[2026-09-06T04:16:20Z ERROR squeezefs::block_allocator] CLAIM ANOMALY: offset 32023511040 claimed from the free list while a refcount entry lingers (count=Some(1))
[2026-09-06T04:16:20Z ERROR squeezefs::block_allocator] CLAIM ANOMALY: offset 29943136256 claimed from the free list while a refcount entry lingers (count=Some(1))
[2026-09-06T04:16:20Z ERROR squeezefs::block_allocator] CLAIM ANOMALY: offset 33567014912 claimed from the free list while a refcount entry lingers (count=Some(1))
[2026-09-06T04:16:20Z ERROR squeezefs::block_allocator] CLAIM ANOMALY: offset 30815551488 claimed from the free list while a refcount entry lingers (count=Some(1))
[2026-09-06T04:16:20Z ERROR squeezefs::block_allocator] CLAIM ANOMALY: offset 3300917248 claimed from the free list while a refcount entry lingers (count=Some(1))
[2026-09-06T04:16:20Z ERROR squeezefs::block_allocator] CLAIM ANOMALY: offset 32895926272 claimed from the free list while a refcount entry lingers (count=Some(1))
[2026-09-06T04:16:20Z ERROR squeezefs::block_allocator] CLAIM ANOMALY: offset 31352422400 claimed from the free list while a refcount entry lingers (count=Some(1))
[2026-09-06T04:16:20Z ERROR squeezefs::block_allocator] CLAIM ANOMALY: offset 29876027392 claimed from the free list while a refcount entry lingers (count=Some(1))
[2026-09-06T04:16:20Z ERROR squeezefs::block_allocator] CLAIM ANOMALY: offset 32694599680 claimed from the free list while a refcount entry lingers (count=Some(1))
[2026-09-06T04:16:20Z ERROR squeezefs::block_allocator] CLAIM ANOMALY: offset 31486640128 claimed from the free list while a refcount entry lingers (count=Some(1))
[2026-09-06T04:16:20Z ERROR squeezefs::block_allocator] CLAIM ANOMALY: offset 31151095808 claimed from the free list while a refcount entry lingers (count=Some(1))
[2026-09-06T04:16:20Z ERROR squeezefs::block_allocator] CLAIM ANOMALY: offset 31822184448 claimed from the free list while a refcount entry lingers (count=Some(1))
[2026-09-06T04:16:20Z ERROR squeezefs::block_allocator] CLAIM ANOMALY: offset 31083986944 claimed from the free list while a refcount entry lingers (count=Some(1))
[2026-09-06T04:16:20Z ERROR squeezefs::block_allocator] CLAIM ANOMALY: offset 29204938752 claimed from the free list while a refcount entry lingers (count=Some(1))
[2026-09-06T04:16:20Z ERROR squeezefs::block_allocator] CLAIM ANOMALY: offset 30077353984 claimed from the free list while a refcount entry lingers (count=Some(1))
[2026-09-06T04:16:20Z ERROR squeezefs::block_allocator] CLAIM ANOMALY: offset 30278680576 claimed from the free list while a refcount entry lingers (count=Some(1))
[2026-09-06T04:16:20Z ERROR squeezefs::block_allocator] CLAIM ANOMALY: offset 29070721024 claimed from the free list while a refcount entry lingers (count=Some(1))
[2026-09-06T04:16:20Z ERROR squeezefs::block_allocator] CLAIM ANOMALY: offset 33365688320 claimed from the free list while a refcount entry lingers (count=Some(1))
[2026-09-06T04:16:20Z ERROR squeezefs::block_allocator] CLAIM ANOMALY: offset 30211571712 claimed from the free list while a refcount entry lingers (count=Some(1))
[2026-09-06T04:16:20Z ERROR squeezefs::block_allocator] CLAIM ANOMALY: offset 32627490816 claimed from the free list while a refcount entry lingers (count=Some(1))
[2026-09-06T04:16:20Z ERROR squeezefs::block_allocator] CLAIM ANOMALY: offset 30144462848 claimed from the free list while a refcount entry lingers (count=Some(1))
[2026-09-06T04:16:20Z ERROR squeezefs::block_allocator] CLAIM ANOMALY: offset 29339156480 claimed from the free list while a refcount entry lingers (count=Some(1))
[2026-09-06T04:16:20Z ERROR squeezefs::block_allocator] CLAIM ANOMALY: offset 33298579456 claimed from the free list while a refcount entry lingers (count=Some(1))
[2026-09-06T04:16:20Z ERROR squeezefs::block_allocator] CLAIM ANOMALY: offset 33030144000 claimed from the free list while a refcount entry lingers (count=Some(1))
[2026-09-06T04:16:20Z ERROR squeezefs::block_allocator] CLAIM ANOMALY: offset 32828817408 claimed from the free list while a refcount entry lingers (count=Some(1))
[2026-09-06T04:16:20Z ERROR squeezefs::block_allocator] CLAIM ANOMALY: offset 32359055360 claimed from the free list while a refcount entry lingers (count=Some(1))
[2026-09-06T04:16:20Z ERROR squeezefs::block_allocator] CLAIM ANOMALY: offset 29540483072 claimed from the free list while a refcount entry lingers (count=Some(1))
[2026-09-06T04:16:20Z ERROR squeezefs::block_allocator] CLAIM ANOMALY: offset 33701232640 claimed from the free list while a refcount entry lingers (count=Some(1))
[2026-09-06T04:16:20Z ERROR squeezefs::block_allocator] CLAIM ANOMALY: offset 30748442624 claimed from the free list while a refcount entry lingers (count=Some(1))
[2026-09-06T04:16:20Z ERROR squeezefs::block_allocator] CLAIM ANOMALY: offset 32090619904 claimed from the free list while a refcount entry lingers (count=Some(1))
[2026-09-06T04:16:20Z ERROR squeezefs::block_allocator] CLAIM ANOMALY: offset 32157728768 claimed from the free list while a refcount entry lingers (count=Some(1))
[2026-09-06T04:16:20Z ERROR squeezefs::block_allocator] CLAIM ANOMALY: offset 31016878080 claimed from the free list while a refcount entry lingers (count=Some(1))
[2026-09-06T04:16:21Z ERROR squeezefs::block_allocator] CLAIM ANOMALY: offset 30345789440 claimed from the free list while a refcount entry lingers (count=Some(1))
[2026-09-06T04:16:21Z ERROR squeezefs::block_allocator] CLAIM ANOMALY: offset 31889293312 claimed from the free list while a refcount entry lingers (count=Some(1))
[2026-09-06T04:16:21Z ERROR squeezefs::block_allocator] CLAIM ANOMALY: offset 30412898304 claimed from the free list while a refcount entry lingers (count=Some(1))
[2026-09-06T04:16:21Z ERROR squeezefs::block_allocator] CLAIM ANOMALY: offset 31553748992 claimed from the free list while a refcount entry lingers (count=Some(1))
[2026-09-06T04:16:21Z ERROR squeezefs::block_allocator] CLAIM ANOMALY: offset 32560381952 claimed from the free list while a refcount entry lingers (count=Some(1))
[2026-09-06T04:16:21Z ERROR squeezefs::block_allocator] CLAIM ANOMALY: offset 28802285568 claimed from the free list while a refcount entry lingers (count=Some(1))
[2026-09-06T04:16:21Z ERROR squeezefs::block_allocator] CLAIM ANOMALY: offset 33164361728 claimed from the free list while a refcount entry lingers (count=Some(1))
[2026-09-06T04:16:21Z ERROR squeezefs::block_allocator] CLAIM ANOMALY: offset 31687966720 claimed from the free list while a refcount entry lingers (count=Some(1))
[2026-09-06T04:16:21Z ERROR squeezefs::block_allocator] CLAIM ANOMALY: offset 33499906048 claimed from the free list while a refcount entry lingers (count=Some(1))
[2026-09-06T04:16:21Z ERROR squeezefs::block_allocator] CLAIM ANOMALY: offset 33969668096 claimed from the free list while a refcount entry lingers (count=Some(1))
[2026-09-06T04:16:21Z ERROR squeezefs::block_allocator] CLAIM ANOMALY: offset 33902559232 claimed from the free list while a refcount entry lingers (count=Some(1))
[2026-09-06T04:16:21Z ERROR squeezefs::block_allocator] CLAIM ANOMALY: offset 34305212416 claimed from the free list while a refcount entry lingers (count=Some(1))
[2026-09-06T04:16:21Z ERROR squeezefs::block_allocator] CLAIM ANOMALY: offset 33835450368 claimed from the free list while a refcount entry lingers (count=Some(1))
[2026-09-06T04:16:21Z ERROR squeezefs::block_allocator] CLAIM ANOMALY: offset 34103885824 claimed from the free list while a refcount entry lingers (count=Some(1))
[2026-09-06T04:16:21Z ERROR squeezefs::block_allocator] CLAIM ANOMALY: offset 34170994688 claimed from the free list while a refcount entry lingers (count=Some(1))
[2026-09-06T04:16:21Z ERROR squeezefs::block_allocator] CLAIM ANOMALY: offset 34238103552 claimed from the free list while a refcount entry lingers (count=Some(1))
[2026-09-06T04:16:21Z ERROR squeezefs::block_allocator] CLAIM ANOMALY: offset 33097252864 claimed from the free list while a refcount entry lingers (count=Some(1))
[2026-09-06T04:16:21Z ERROR squeezefs::block_allocator] CLAIM ANOMALY: offset 30681333760 claimed from the free list while a refcount entry lingers (count=Some(1))
[2026-09-06T04:16:21Z ERROR squeezefs::block_allocator] I/O error: data volume 'nvme4n1' full: 8180 of 8192 blocks allocated — lane 3 of 16 is exhausted while 0 free block(s) belong to lanes this mount does not own (alloc_lane_enospc_refusals; reach them by adopting a lane whose holder is proven dead, or grow the volume set — docs/operations.md §Multi-writer capacity planning)
[2026-09-06T04:16:22Z ERROR fuse3::raw::connection::fuse_over_uring] transport payload lease held 1011 ms (≥ 1 s) — overlong handler invocation or a §5.4 severance escape; watch transport_lease_overlong / transport_parked_commits
[2026-09-06T04:16:23Z ERROR squeezefs::block_allocator] CLAIM ANOMALY: offset 30077353984 claimed from the free list while a refcount entry lingers (count=Some(1))
[2026-09-06T04:16:23Z ERROR squeezefs::block_allocator] CLAIM ANOMALY: offset 31755075584 claimed from the free list while a refcount entry lingers (count=Some(1))
[2026-09-06T04:16:23Z ERROR squeezefs::block_allocator] CLAIM ANOMALY: offset 29204938752 claimed from the free list while a refcount entry lingers (count=Some(1))
[2026-09-06T04:16:23Z ERROR squeezefs::block_allocator] CLAIM ANOMALY: offset 30949769216 claimed from the free list while a refcount entry lingers (count=Some(1))
[2026-09-06T04:16:23Z ERROR squeezefs::block_allocator] CLAIM ANOMALY: offset 32963035136 claimed from the free list while a refcount entry lingers (count=Some(1))
[2026-09-06T04:16:23Z ERROR squeezefs::block_allocator] CLAIM ANOMALY: offset 32761708544 claimed from the free list while a refcount entry lingers (count=Some(1))
[2026-09-06T04:16:23Z ERROR squeezefs::block_allocator] CLAIM ANOMALY: offset 30882660352 claimed from the free list while a refcount entry lingers (count=Some(1))
[2026-09-06T04:16:23Z ERROR squeezefs::block_allocator] CLAIM ANOMALY: offset 31956402176 claimed from the free list while a refcount entry lingers (count=Some(1))
[2026-09-06T04:16:23Z ERROR squeezefs::block_allocator] CLAIM ANOMALY: offset 31822184448 claimed from the free list while a refcount entry lingers (count=Some(1))
[2026-09-06T04:16:23Z ERROR squeezefs::block_allocator] CLAIM ANOMALY: offset 32224837632 claimed from the free list while a refcount entry lingers (count=Some(1))
[2026-09-06T04:16:23Z ERROR squeezefs::block_allocator] CLAIM ANOMALY: offset 33030144000 claimed from the free list while a refcount entry lingers (count=Some(1))
[2026-09-06T04:16:23Z ERROR squeezefs::block_allocator] CLAIM ANOMALY: offset 32895926272 claimed from the free list while a refcount entry lingers (count=Some(1))
[2026-09-06T04:16:23Z ERROR squeezefs::meta_ship::publish] S9: the authority refused 1 shipped free(s) (vol_tag 0xc5e11286df218556, request 2952): already free/graced/quarantined — the double-release lineage, surfaced on the authority's own tripwire
[2026-09-06T04:16:23Z ERROR squeezefs::block_allocator] CLAIM ANOMALY: offset 30010245120 claimed from the free list while a refcount entry lingers (count=Some(1))
[2026-09-06T04:16:24Z ERROR squeezefs::block_allocator] CLAIM ANOMALY: offset 30211571712 claimed from the free list while a refcount entry lingers (count=Some(1))
[2026-09-06T04:16:24Z ERROR squeezefs::block_allocator] CLAIM ANOMALY: offset 30480007168 claimed from the free list while a refcount entry lingers (count=Some(1))
[2026-09-06T04:16:25Z ERROR squeezefs::meta_ship::publish] S9: the authority refused 1 shipped free(s) (vol_tag 0xad7b1d37b0829b08, request 2983): already free/graced/quarantined — the double-release lineage, surfaced on the authority's own tripwire
[2026-09-06T04:16:26Z ERROR squeezefs::meta_ship::publish] S9: the authority refused 1 shipped free(s) (vol_tag 0xad7b1d37b0829b08, request 2998): already free/graced/quarantined — the double-release lineage, surfaced on the authority's own tripwire
[2026-09-06T04:16:27Z ERROR squeezefs::block_allocator] CLAIM ANOMALY: offset 31352422400 claimed from the free list while a refcount entry lingers (count=Some(1))
[2026-09-06T04:16:27Z ERROR squeezefs::block_allocator] CLAIM ANOMALY: offset 32493273088 claimed from the free list while a refcount entry lingers (count=Some(1))
[2026-09-06T04:16:27Z ERROR squeezefs::block_allocator] CLAIM ANOMALY: offset 32359055360 claimed from the free list while a refcount entry lingers (count=Some(1))
[2026-09-06T04:16:27Z ERROR squeezefs::block_allocator] CLAIM ANOMALY: offset 31687966720 claimed from the free list while a refcount entry lingers (count=Some(1))
[2026-09-06T04:16:27Z ERROR squeezefs::block_allocator] CLAIM ANOMALY: offset 31419531264 claimed from the free list while a refcount entry lingers (count=Some(1))
[2026-09-06T04:16:27Z ERROR squeezefs::block_allocator] CLAIM ANOMALY: offset 32090619904 claimed from the free list while a refcount entry lingers (count=Some(1))
[2026-09-06T04:16:27Z ERROR squeezefs::block_allocator] I/O error: data volume 'nvme4n1' full: 8180 of 8192 blocks allocated — lane 3 of 16 is exhausted while 0 free block(s) belong to lanes this mount does not own (alloc_lane_enospc_refusals; reach them by adopting a lane whose holder is proven dead, or grow the volume set — docs/operations.md §Multi-writer capacity planning)
[2026-09-06T04:16:27Z ERROR squeezefs::block_allocator] CLAIM ANOMALY: offset 31553748992 claimed from the free list while a refcount entry lingers (count=Some(1))
[2026-09-06T04:16:27Z ERROR squeezefs::block_allocator] CLAIM ANOMALY: offset 31083986944 claimed from the free list while a refcount entry lingers (count=Some(1))
[2026-09-06T04:16:28Z ERROR squeezefs::block_allocator] CLAIM ANOMALY: offset 31620857856 claimed from the free list while a refcount entry lingers (count=Some(1))
[2026-09-06T04:16:28Z ERROR squeezefs::block_allocator] CLAIM ANOMALY: offset 29876027392 claimed from the free list while a refcount entry lingers (count=Some(1))
[2026-09-06T04:16:28Z ERROR squeezefs::block_allocator] CLAIM ANOMALY: offset 31486640128 claimed from the free list while a refcount entry lingers (count=Some(1))
[2026-09-06T04:16:28Z ERROR squeezefs::block_allocator] CLAIM ANOMALY: offset 30614224896 claimed from the free list while a refcount entry lingers (count=Some(1))
[2026-09-06T04:16:28Z ERROR squeezefs::block_allocator] I/O error: data volume 'nvme4n1' full: 8180 of 8192 blocks allocated — lane 3 of 16 is exhausted while 0 free block(s) belong to lanes this mount does not own (alloc_lane_enospc_refusals; reach them by adopting a lane whose holder is proven dead, or grow the volume set — docs/operations.md §Multi-writer capacity planning)
[2026-09-06T04:16:29Z ERROR squeezefs::block_allocator] CLAIM ANOMALY: offset 32426164224 claimed from the free list while a refcount entry lingers (count=Some(1))
[2026-09-06T04:16:29Z ERROR squeezefs::block_allocator] CLAIM ANOMALY: offset 32560381952 claimed from the free list while a refcount entry lingers (count=Some(1))
[2026-09-06T04:16:29Z ERROR squeezefs::block_allocator] CLAIM ANOMALY: offset 32828817408 claimed from the free list while a refcount entry lingers (count=Some(1))
[2026-09-06T04:16:29Z ERROR squeezefs::block_allocator] CLAIM ANOMALY: offset 29674700800 claimed from the free list while a refcount entry lingers (count=Some(1))
[2026-09-06T04:16:29Z ERROR squeezefs::block_allocator] CLAIM ANOMALY: offset 30345789440 claimed from the free list while a refcount entry lingers (count=Some(1))
[2026-09-06T04:16:29Z ERROR squeezefs::block_allocator] CLAIM ANOMALY: offset 30412898304 claimed from the free list while a refcount entry lingers (count=Some(1))
[2026-09-06T04:16:29Z ERROR squeezefs::block_allocator] CLAIM ANOMALY: offset 32157728768 claimed from the free list while a refcount entry lingers (count=Some(1))
[2026-09-06T04:16:29Z ERROR squeezefs::block_allocator] CLAIM ANOMALY: offset 30748442624 claimed from the free list while a refcount entry lingers (count=Some(1))
[2026-09-06T04:16:29Z ERROR squeezefs::block_allocator] CLAIM ANOMALY: offset 31151095808 claimed from the free list while a refcount entry lingers (count=Some(1))
[2026-09-06T04:16:29Z ERROR squeezefs::block_allocator] CLAIM ANOMALY: offset 31889293312 claimed from the free list while a refcount entry lingers (count=Some(1))
[2026-09-06T04:16:29Z ERROR squeezefs::block_allocator] CLAIM ANOMALY: offset 32023511040 claimed from the free list while a refcount entry lingers (count=Some(1))
[2026-09-06T04:16:29Z ERROR squeezefs::block_allocator] CLAIM ANOMALY: offset 32627490816 claimed from the free list while a refcount entry lingers (count=Some(1))
[2026-09-06T04:16:29Z ERROR squeezefs::block_allocator] CLAIM ANOMALY: offset 32694599680 claimed from the free list while a refcount entry lingers (count=Some(1))
[2026-09-06T04:16:29Z ERROR squeezefs::block_allocator] CLAIM ANOMALY: offset 30278680576 claimed from the free list while a refcount entry lingers (count=Some(1))
[2026-09-06T04:16:29Z ERROR squeezefs::block_allocator] bounded allocation refusing StorageFull after 1009 ms parked with 0 offset(s) still in grace locally (lane harvest horizon 9615 ms): the pressure deadline never fenced within the wall backstop (1000 ms). The refusal is honest and terminal for this write; investigate the membership plane (finding 29)
[2026-09-06T04:16:29Z ERROR squeezefs::block_allocator] bounded allocation refusing StorageFull after 1008 ms parked with 0 offset(s) still in grace locally (lane harvest horizon 9617 ms): the pressure deadline never fenced within the wall backstop (1000 ms). The refusal is honest and terminal for this write; investigate the membership plane (finding 29)
[2026-09-06T04:16:29Z ERROR squeezefs::block_allocator] CLAIM ANOMALY: offset 33701232640 claimed from the free list while a refcount entry lingers (count=Some(1))
[2026-09-06T04:16:29Z ERROR squeezefs::block_allocator] bounded allocation refusing StorageFull after 1012 ms parked with 0 offset(s) still in grace locally (lane harvest horizon 9622 ms): the pressure deadline never fenced within the wall backstop (1000 ms). The refusal is honest and terminal for this write; investigate the membership plane (finding 29)
[2026-09-06T04:16:29Z ERROR squeezefs::block_allocator] bounded allocation refusing StorageFull after 1011 ms parked with 0 offset(s) still in grace locally (lane harvest horizon 9626 ms): the pressure deadline never fenced within the wall backstop (1000 ms). The refusal is honest and terminal for this write; investigate the membership plane (finding 29)
[2026-09-06T04:16:29Z ERROR squeezefs::block_allocator] CLAIM ANOMALY: offset 33432797184 claimed from the free list while a refcount entry lingers (count=Some(1))
[2026-09-06T04:16:29Z ERROR squeezefs::block_allocator] CLAIM ANOMALY: offset 33097252864 claimed from the free list while a refcount entry lingers (count=Some(1))
[2026-09-06T04:16:29Z ERROR squeezefs::block_allocator] CLAIM ANOMALY: offset 33567014912 claimed from the free list while a refcount entry lingers (count=Some(1))
[2026-09-06T04:16:29Z ERROR squeezefs::block_allocator] CLAIM ANOMALY: offset 34103885824 claimed from the free list while a refcount entry lingers (count=Some(1))
[2026-09-06T04:16:29Z ERROR squeezefs::block_allocator] CLAIM ANOMALY: offset 33634123776 claimed from the free list while a refcount entry lingers (count=Some(1))
[2026-09-06T04:16:29Z ERROR squeezefs::block_allocator] CLAIM ANOMALY: offset 34238103552 claimed from the free list while a refcount entry lingers (count=Some(1))
[2026-09-06T04:16:29Z ERROR squeezefs::block_allocator] CLAIM ANOMALY: offset 34305212416 claimed from the free list while a refcount entry lingers (count=Some(1))
[2026-09-06T04:16:29Z ERROR squeezefs::block_allocator] CLAIM ANOMALY: offset 33298579456 claimed from the free list while a refcount entry lingers (count=Some(1))
[2026-09-06T04:16:29Z ERROR squeezefs::block_allocator] CLAIM ANOMALY: offset 33835450368 claimed from the free list while a refcount entry lingers (count=Some(1))
[2026-09-06T04:16:29Z ERROR squeezefs::block_allocator] bounded allocation refusing StorageFull after 1008 ms parked with 0 offset(s) still in grace locally (lane harvest horizon 9718 ms): the pressure deadline never fenced within the wall backstop (1000 ms). The refusal is honest and terminal for this write; investigate the membership plane (finding 29)
[2026-09-06T04:16:29Z ERROR squeezefs::block_allocator] CLAIM ANOMALY: offset 33768341504 claimed from the free list while a refcount entry lingers (count=Some(1))
[2026-09-06T04:16:29Z ERROR squeezefs::block_allocator] CLAIM ANOMALY: offset 34036776960 claimed from the free list while a refcount entry lingers (count=Some(1))
[2026-09-06T04:16:29Z ERROR squeezefs::block_allocator] CLAIM ANOMALY: offset 33365688320 claimed from the free list while a refcount entry lingers (count=Some(1))
[2026-09-06T04:16:29Z ERROR squeezefs::block_allocator] CLAIM ANOMALY: offset 33969668096 claimed from the free list while a refcount entry lingers (count=Some(1))
[2026-09-06T04:16:29Z ERROR squeezefs::block_allocator] CLAIM ANOMALY: offset 31285313536 claimed from the free list while a refcount entry lingers (count=Some(1))
[2026-09-06T04:16:29Z ERROR squeezefs::block_allocator] CLAIM ANOMALY: offset 33164361728 claimed from the free list while a refcount entry lingers (count=Some(1))
[2026-09-06T04:16:29Z ERROR squeezefs::block_allocator] CLAIM ANOMALY: offset 33902559232 claimed from the free list while a refcount entry lingers (count=Some(1))
[2026-09-06T04:16:29Z ERROR squeezefs::block_allocator] CLAIM ANOMALY: offset 33499906048 claimed from the free list while a refcount entry lingers (count=Some(1))
[2026-09-06T04:16:29Z ERROR squeezefs::block_allocator] CLAIM ANOMALY: offset 31016878080 claimed from the free list while a refcount entry lingers (count=Some(1))
[2026-09-06T04:16:29Z ERROR squeezefs::block_allocator] CLAIM ANOMALY: offset 29808918528 claimed from the free list while a refcount entry lingers (count=Some(1))
[2026-09-06T04:16:29Z ERROR squeezefs::block_allocator] CLAIM ANOMALY: offset 34170994688 claimed from the free list while a refcount entry lingers (count=Some(1))
[2026-09-06T04:16:29Z ERROR squeezefs::block_allocator] CLAIM ANOMALY: offset 32291946496 claimed from the free list while a refcount entry lingers (count=Some(1))
[2026-09-06T04:16:29Z ERROR squeezefs::block_allocator] I/O error: data volume 'nvme3n1' full: 8180 of 8192 blocks allocated — lane 3 of 16 is exhausted while 0 free block(s) belong to lanes this mount does not own (alloc_lane_enospc_refusals; reach them by adopting a lane whose holder is proven dead, or grow the volume set — docs/operations.md §Multi-writer capacity planning)
[2026-09-06T04:16:30Z ERROR squeezefs::block_allocator] bounded allocation refusing StorageFull after 1006 ms parked with 0 offset(s) still in grace locally (lane harvest horizon 9873 ms): the pressure deadline never fenced within the wall backstop (1000 ms). The refusal is honest and terminal for this write; investigate the membership plane (finding 29)
[2026-09-06T04:16:30Z ERROR squeezefs::block_allocator] bounded allocation refusing StorageFull after 1006 ms parked with 0 offset(s) still in grace locally (lane harvest horizon 9887 ms): the pressure deadline never fenced within the wall backstop (1000 ms). The refusal is honest and terminal for this write; investigate the membership plane (finding 29)
[2026-09-06T04:16:30Z ERROR squeezefs::block_allocator] I/O error: data volume 'nvme3n1' full: 8180 of 8192 blocks allocated — lane 3 of 16 is exhausted while 0 free block(s) belong to lanes this mount does not own (alloc_lane_enospc_refusals; reach them by adopting a lane whose holder is proven dead, or grow the volume set — docs/operations.md §Multi-writer capacity planning)
[2026-09-06T04:16:31Z ERROR squeezefs::block_allocator] bounded allocation refusing StorageFull after 1006 ms parked with 0 offset(s) still in grace locally (lane harvest horizon 9880 ms): the pressure deadline never fenced within the wall backstop (1000 ms). The refusal is honest and terminal for this write; investigate the membership plane (finding 29)
[2026-09-06T04:16:31Z WARN  squeezefs::fuse_client] fsync durable upload failed for ino 2 block 1935 (Io(Custom { kind: StorageFull, error: "I/O error: data volume 'nvme3n1' full: 8180 of 8192 blocks allocated — lane 3 of 16 is exhausted while 0 free block(s) belong to lanes this mount does not own (alloc_lane_enospc_refusals; reach them by adopting a lane whose holder is proven dead, or grow the volume set — docs/operations.md §Multi-writer capacity planning)" })); preserving the acked bytes in staging and failing the fsync
[2026-09-06T04:16:31Z ERROR squeezefs::block_allocator] I/O error: data volume 'nvme3n1' full: 8180 of 8192 blocks allocated — lane 3 of 16 is exhausted while 0 free block(s) belong to lanes this mount does not own (alloc_lane_enospc_refusals; reach them by adopting a lane whose holder is proven dead, or grow the volume set — docs/operations.md §Multi-writer capacity planning)
[2026-09-06T04:16:32Z ERROR squeezefs::fuse_client] FUSE Fsync failed for ino 2: Io(Custom { kind: StorageFull, error: "I/O error: data volume 'nvme3n1' full: 8180 of 8192 blocks allocated — lane 3 of 16 is exhausted while 0 free block(s) belong to lanes this mount does not own (alloc_lane_enospc_refusals; reach them by adopting a lane whose holder is proven dead, or grow the volume set — docs/operations.md §Multi-writer capacity planning)" })
[2026-09-06T04:16:32Z ERROR squeezefs::fuse_client] Squeezefs operational error: Io(Custom { kind: StorageFull, error: "I/O error: data volume 'nvme3n1' full: 8180 of 8192 blocks allocated — lane 3 of 16 is exhausted while 0 free block(s) belong to lanes this mount does not own (alloc_lane_enospc_refusals; reach them by adopting a lane whose holder is proven dead, or grow the volume set — docs/operations.md §Multi-writer capacity planning)" })
[2026-09-06T04:16:34Z ERROR squeezefs::meta_ship::publish] S9: the authority refused 1 shipped free(s) (vol_tag 0xad7b1d37b0829b08, request 3429): already free/graced/quarantined — the double-release lineage, surfaced on the authority's own tripwire
[2026-09-06T04:16:41Z ERROR fuse3::raw::connection::fuse_over_uring] transport payload lease held 1303 ms (≥ 1 s) — overlong handler invocation or a §5.4 severance escape; watch transport_lease_overlong / transport_parked_commits
[2026-09-06T04:16:41Z ERROR fuse3::raw::connection::fuse_over_uring] transport payload lease held 1288 ms (≥ 1 s) — overlong handler invocation or a §5.4 severance escape; watch transport_lease_overlong / transport_parked_commits
[2026-09-06T04:16:41Z ERROR fuse3::raw::connection::fuse_over_uring] transport payload lease held 1289 ms (≥ 1 s) — overlong handler invocation or a §5.4 severance escape; watch transport_lease_overlong / transport_parked_commits
[2026-09-06T04:16:42Z ERROR fuse3::raw::connection::fuse_over_uring] transport payload lease held 1183 ms (≥ 1 s) — overlong handler invocation or a §5.4 severance escape; watch transport_lease_overlong / transport_parked_commits
[2026-09-06T04:16:42Z ERROR squeezefs::block_allocator] I/O error: data volume 'nvme3n1' full: 8180 of 8192 blocks allocated — lane 3 of 16 is exhausted while 0 free block(s) belong to lanes this mount does not own (alloc_lane_enospc_refusals; reach them by adopting a lane whose holder is proven dead, or grow the volume set — docs/operations.md §Multi-writer capacity planning)
[2026-09-06T04:16:43Z ERROR squeezefs::block_allocator] I/O error: data volume 'nvme3n1' full: 8180 of 8192 blocks allocated — lane 3 of 16 is exhausted while 0 free block(s) belong to lanes this mount does not own (alloc_lane_enospc_refusals; reach them by adopting a lane whose holder is proven dead, or grow the volume set — docs/operations.md §Multi-writer capacity planning)
[2026-09-06T04:16:43Z ERROR squeezefs::block_allocator] bounded allocation refusing StorageFull after 1012 ms parked with 0 offset(s) still in grace locally (lane harvest horizon 9651 ms): the pressure deadline never fenced within the wall backstop (1000 ms). The refusal is honest and terminal for this write; investigate the membership plane (finding 29)
[2026-09-06T04:16:43Z ERROR squeezefs::block_allocator] bounded allocation refusing StorageFull after 1019 ms parked with 0 offset(s) still in grace locally (lane harvest horizon 9705 ms): the pressure deadline never fenced within the wall backstop (1000 ms). The refusal is honest and terminal for this write; investigate the membership plane (finding 29)
[2026-09-06T04:16:43Z ERROR squeezefs::block_allocator] bounded allocation refusing StorageFull after 1021 ms parked with 0 offset(s) still in grace locally (lane harvest horizon 9707 ms): the pressure deadline never fenced within the wall backstop (1000 ms). The refusal is honest and terminal for this write; investigate the membership plane (finding 29)
[2026-09-06T04:16:43Z ERROR squeezefs::block_allocator] bounded allocation refusing StorageFull after 1015 ms parked with 0 offset(s) still in grace locally (lane harvest horizon 9709 ms): the pressure deadline never fenced within the wall backstop (1000 ms). The refusal is honest and terminal for this write; investigate the membership plane (finding 29)
[2026-09-06T04:16:43Z ERROR squeezefs::block_allocator] bounded allocation refusing StorageFull after 1016 ms parked with 0 offset(s) still in grace locally (lane harvest horizon 8809 ms): the pressure deadline never fenced within the wall backstop (1000 ms). The refusal is honest and terminal for this write; investigate the membership plane (finding 29)
[2026-09-06T04:16:43Z ERROR squeezefs::block_allocator] bounded allocation refusing StorageFull after 1012 ms parked with 0 offset(s) still in grace locally (lane harvest horizon 8814 ms): the pressure deadline never fenced within the wall backstop (1000 ms). The refusal is honest and terminal for this write; investigate the membership plane (finding 29)
[2026-09-06T04:16:43Z ERROR squeezefs::block_allocator] bounded allocation refusing StorageFull after 1012 ms parked with 0 offset(s) still in grace locally (lane harvest horizon 8816 ms): the pressure deadline never fenced within the wall backstop (1000 ms). The refusal is honest and terminal for this write; investigate the membership plane (finding 29)
[2026-09-06T04:16:43Z ERROR squeezefs::block_allocator] bounded allocation refusing StorageFull after 1016 ms parked with 0 offset(s) still in grace locally (lane harvest horizon 8845 ms): the pressure deadline never fenced within the wall backstop (1000 ms). The refusal is honest and terminal for this write; investigate the membership plane (finding 29)
[2026-09-06T04:16:43Z ERROR squeezefs::block_allocator] bounded allocation refusing StorageFull after 1012 ms parked with 0 offset(s) still in grace locally (lane harvest horizon 8857 ms): the pressure deadline never fenced within the wall backstop (1000 ms). The refusal is honest and terminal for this write; investigate the membership plane (finding 29)
[2026-09-06T04:16:43Z ERROR squeezefs::block_allocator] bounded allocation refusing StorageFull after 1013 ms parked with 0 offset(s) still in grace locally (lane harvest horizon 8857 ms): the pressure deadline never fenced within the wall backstop (1000 ms). The refusal is honest and terminal for this write; investigate the membership plane (finding 29)
[2026-09-06T04:16:43Z ERROR squeezefs::block_allocator] bounded allocation refusing StorageFull after 1013 ms parked with 0 offset(s) still in grace locally (lane harvest horizon 8858 ms): the pressure deadline never fenced within the wall backstop (1000 ms). The refusal is honest and terminal for this write; investigate the membership plane (finding 29)
[2026-09-06T04:16:43Z ERROR squeezefs::block_allocator] bounded allocation refusing StorageFull after 1013 ms parked with 0 offset(s) still in grace locally (lane harvest horizon 8858 ms): the pressure deadline never fenced within the wall backstop (1000 ms). The refusal is honest and terminal for this write; investigate the membership plane (finding 29)
[2026-09-06T04:16:43Z ERROR squeezefs::block_allocator] bounded allocation refusing StorageFull after 1014 ms parked with 0 offset(s) still in grace locally (lane harvest horizon 8859 ms): the pressure deadline never fenced within the wall backstop (1000 ms). The refusal is honest and terminal for this write; investigate the membership plane (finding 29)
[2026-09-06T04:16:43Z ERROR squeezefs::block_allocator] bounded allocation refusing StorageFull after 1014 ms parked with 0 offset(s) still in grace locally (lane harvest horizon 8859 ms): the pressure deadline never fenced within the wall backstop (1000 ms). The refusal is honest and terminal for this write; investigate the membership plane (finding 29)
[2026-09-06T04:16:43Z ERROR squeezefs::block_allocator] bounded allocation refusing StorageFull after 1016 ms parked with 0 offset(s) still in grace locally (lane harvest horizon 8861 ms): the pressure deadline never fenced within the wall backstop (1000 ms). The refusal is honest and terminal for this write; investigate the membership plane (finding 29)
[2026-09-06T04:16:43Z ERROR squeezefs::block_allocator] bounded allocation refusing StorageFull after 1016 ms parked with 0 offset(s) still in grace locally (lane harvest horizon 8861 ms): the pressure deadline never fenced within the wall backstop (1000 ms). The refusal is honest and terminal for this write; investigate the membership plane (finding 29)
[2026-09-06T04:16:43Z ERROR squeezefs::block_allocator] bounded allocation refusing StorageFull after 1019 ms parked with 0 offset(s) still in grace locally (lane harvest horizon 8864 ms): the pressure deadline never fenced within the wall backstop (1000 ms). The refusal is honest and terminal for this write; investigate the membership plane (finding 29)
[2026-09-06T04:16:43Z ERROR squeezefs::block_allocator] bounded allocation refusing StorageFull after 1012 ms parked with 0 offset(s) still in grace locally (lane harvest horizon 8867 ms): the pressure deadline never fenced within the wall backstop (1000 ms). The refusal is honest and terminal for this write; investigate the membership plane (finding 29)
[2026-09-06T04:16:44Z ERROR squeezefs::block_allocator] I/O error: data volume 'nvme3n1' full: 8180 of 8192 blocks allocated — lane 3 of 16 is exhausted while 0 free block(s) belong to lanes this mount does not own (alloc_lane_enospc_refusals; reach them by adopting a lane whose holder is proven dead, or grow the volume set — docs/operations.md §Multi-writer capacity planning)
[2026-09-06T04:16:44Z ERROR squeezefs::block_allocator] bounded allocation refusing StorageFull after 1015 ms parked with 0 offset(s) still in grace locally (lane harvest horizon 9668 ms): the pressure deadline never fenced within the wall backstop (1000 ms). The refusal is honest and terminal for this write; investigate the membership plane (finding 29)
[2026-09-06T04:16:44Z ERROR squeezefs::block_allocator] bounded allocation refusing StorageFull after 1016 ms parked with 0 offset(s) still in grace locally (lane harvest horizon 9669 ms): the pressure deadline never fenced within the wall backstop (1000 ms). The refusal is honest and terminal for this write; investigate the membership plane (finding 29)
[2026-09-06T04:16:44Z ERROR squeezefs::block_allocator] bounded allocation refusing StorageFull after 1010 ms parked with 0 offset(s) still in grace locally (lane harvest horizon 9717 ms): the pressure deadline never fenced within the wall backstop (1000 ms). The refusal is honest and terminal for this write; investigate the membership plane (finding 29)
[2026-09-06T04:16:44Z ERROR squeezefs::block_allocator] bounded allocation refusing StorageFull after 1012 ms parked with 0 offset(s) still in grace locally (lane harvest horizon 9720 ms): the pressure deadline never fenced within the wall backstop (1000 ms). The refusal is honest and terminal for this write; investigate the membership plane (finding 29)
[2026-09-06T04:16:44Z ERROR squeezefs::block_allocator] bounded allocation refusing StorageFull after 1014 ms parked with 0 offset(s) still in grace locally (lane harvest horizon 9722 ms): the pressure deadline never fenced within the wall backstop (1000 ms). The refusal is honest and terminal for this write; investigate the membership plane (finding 29)
[2026-09-06T04:16:44Z WARN  squeezefs::routing] rewrite epoch close for ino 2 failed transiently (Io(Custom { kind: StorageFull, error: "I/O error: data volume 'nvme3n1' full: 8180 of 8192 blocks allocated — lane 3 of 16 is exhausted while 0 free block(s) belong to lanes this mount does not own (alloc_lane_enospc_refusals; reach them by adopting a lane whose holder is proven dead, or grow the volume set — docs/operations.md §Multi-writer capacity planning)" })); the epoch stays registered (never-lossy) — the next close trigger retries
[2026-09-06T04:16:44Z ERROR squeezefs::block_allocator] bounded allocation refusing StorageFull after 1013 ms parked with 0 offset(s) still in grace locally (lane harvest horizon 9723 ms): the pressure deadline never fenced within the wall backstop (1000 ms). The refusal is honest and terminal for this write; investigate the membership plane (finding 29)
[2026-09-06T04:16:44Z ERROR squeezefs::block_allocator] bounded allocation refusing StorageFull after 1013 ms parked with 0 offset(s) still in grace locally (lane harvest horizon 8831 ms): the pressure deadline never fenced within the wall backstop (1000 ms). The refusal is honest and terminal for this write; investigate the membership plane (finding 29)
[2026-09-06T04:16:44Z ERROR squeezefs::block_allocator] bounded allocation refusing StorageFull after 1010 ms parked with 0 offset(s) still in grace locally (lane harvest horizon 8832 ms): the pressure deadline never fenced within the wall backstop (1000 ms). The refusal is honest and terminal for this write; investigate the membership plane (finding 29)
[2026-09-06T04:16:44Z ERROR squeezefs::block_allocator] bounded allocation refusing StorageFull after 1020 ms parked with 0 offset(s) still in grace locally (lane harvest horizon 8834 ms): the pressure deadline never fenced within the wall backstop (1000 ms). The refusal is honest and terminal for this write; investigate the membership plane (finding 29)
[2026-09-06T04:16:44Z ERROR squeezefs::block_allocator] bounded allocation refusing StorageFull after 1010 ms parked with 0 offset(s) still in grace locally (lane harvest horizon 8880 ms): the pressure deadline never fenced within the wall backstop (1000 ms). The refusal is honest and terminal for this write; investigate the membership plane (finding 29)
[2026-09-06T04:16:44Z ERROR squeezefs::block_allocator] bounded allocation refusing StorageFull after 1017 ms parked with 0 offset(s) still in grace locally (lane harvest horizon 8881 ms): the pressure deadline never fenced within the wall backstop (1000 ms). The refusal is honest and terminal for this write; investigate the membership plane (finding 29)
[2026-09-06T04:16:44Z ERROR squeezefs::block_allocator] bounded allocation refusing StorageFull after 1024 ms parked with 0 offset(s) still in grace locally (lane harvest horizon 8882 ms): the pressure deadline never fenced within the wall backstop (1000 ms). The refusal is honest and terminal for this write; investigate the membership plane (finding 29)
[2026-09-06T04:16:44Z ERROR squeezefs::block_allocator] bounded allocation refusing StorageFull after 1010 ms parked with 0 offset(s) still in grace locally (lane harvest horizon 8885 ms): the pressure deadline never fenced within the wall backstop (1000 ms). The refusal is honest and terminal for this write; investigate the membership plane (finding 29)
[2026-09-06T04:16:44Z ERROR squeezefs::block_allocator] bounded allocation refusing StorageFull after 1017 ms parked with 0 offset(s) still in grace locally (lane harvest horizon 8899 ms): the pressure deadline never fenced within the wall backstop (1000 ms). The refusal is honest and terminal for this write; investigate the membership plane (finding 29)
[2026-09-06T04:16:44Z ERROR squeezefs::block_allocator] bounded allocation refusing StorageFull after 1011 ms parked with 0 offset(s) still in grace locally (lane harvest horizon 8900 ms): the pressure deadline never fenced within the wall backstop (1000 ms). The refusal is honest and terminal for this write; investigate the membership plane (finding 29)
[2026-09-06T04:16:44Z ERROR squeezefs::block_allocator] bounded allocation refusing StorageFull after 1016 ms parked with 0 offset(s) still in grace locally (lane harvest horizon 8904 ms): the pressure deadline never fenced within the wall backstop (1000 ms). The refusal is honest and terminal for this write; investigate the membership plane (finding 29)
[2026-09-06T04:16:44Z ERROR squeezefs::block_allocator] bounded allocation refusing StorageFull after 1017 ms parked with 0 offset(s) still in grace locally (lane harvest horizon 8904 ms): the pressure deadline never fenced within the wall backstop (1000 ms). The refusal is honest and terminal for this write; investigate the membership plane (finding 29)
[2026-09-06T04:16:45Z ERROR squeezefs::block_allocator] I/O error: data volume 'nvme3n1' full: 8180 of 8192 blocks allocated — lane 3 of 16 is exhausted while 0 free block(s) belong to lanes this mount does not own (alloc_lane_enospc_refusals; reach them by adopting a lane whose holder is proven dead, or grow the volume set — docs/operations.md §Multi-writer capacity planning)
[2026-09-06T04:16:45Z ERROR squeezefs::block_allocator] bounded allocation refusing StorageFull after 1012 ms parked with 0 offset(s) still in grace locally (lane harvest horizon 8967 ms): the pressure deadline never fenced within the wall backstop (1000 ms). The refusal is honest and terminal for this write; investigate the membership plane (finding 29)
[2026-09-06T04:16:45Z WARN  squeezefs::fuse_client] write-through failed for ino 2 block 2191 (Io(Custom { kind: StorageFull, error: "I/O error: data volume 'nvme3n1' full: 8180 of 8192 blocks allocated — lane 3 of 16 is exhausted while 0 free block(s) belong to lanes this mount does not own (alloc_lane_enospc_refusals; reach them by adopting a lane whose holder is proven dead, or grow the volume set — docs/operations.md §Multi-writer capacity planning)" })); falling back to staging
[2026-09-06T04:16:45Z ERROR squeezefs::block_allocator] bounded allocation refusing StorageFull after 1018 ms parked with 0 offset(s) still in grace locally (lane harvest horizon 9026 ms): the pressure deadline never fenced within the wall backstop (1000 ms). The refusal is honest and terminal for this write; investigate the membership plane (finding 29)
[2026-09-06T04:16:45Z WARN  squeezefs::fuse_client] write-through failed for ino 2 block 2255 (Io(Custom { kind: StorageFull, error: "I/O error: data volume 'nvme3n1' full: 8180 of 8192 blocks allocated — lane 3 of 16 is exhausted while 0 free block(s) belong to lanes this mount does not own (alloc_lane_enospc_refusals; reach them by adopting a lane whose holder is proven dead, or grow the volume set — docs/operations.md §Multi-writer capacity planning)" })); falling back to staging
[2026-09-06T04:16:45Z ERROR squeezefs::block_allocator] bounded allocation refusing StorageFull after 1023 ms parked with 0 offset(s) still in grace locally (lane harvest horizon 9032 ms): the pressure deadline never fenced within the wall backstop (1000 ms). The refusal is honest and terminal for this write; investigate the membership plane (finding 29)
[2026-09-06T04:16:45Z ERROR squeezefs::block_allocator] bounded allocation refusing StorageFull after 1023 ms parked with 0 offset(s) still in grace locally (lane harvest horizon 9032 ms): the pressure deadline never fenced within the wall backstop (1000 ms). The refusal is honest and terminal for this write; investigate the membership plane (finding 29)
[2026-09-06T04:16:45Z ERROR squeezefs::block_allocator] bounded allocation refusing StorageFull after 1028 ms parked with 0 offset(s) still in grace locally (lane harvest horizon 8819 ms): the pressure deadline never fenced within the wall backstop (1000 ms). The refusal is honest and terminal for this write; investigate the membership plane (finding 29)
[2026-09-06T04:16:45Z ERROR squeezefs::block_allocator] bounded allocation refusing StorageFull after 1016 ms parked with 0 offset(s) still in grace locally (lane harvest horizon 8848 ms): the pressure deadline never fenced within the wall backstop (1000 ms). The refusal is honest and terminal for this write; investigate the membership plane (finding 29)
[2026-09-06T04:16:45Z WARN  squeezefs::fuse_client] write-through failed for ino 2 block 2348 (Io(Custom { kind: StorageFull, error: "I/O error: data volume 'nvme3n1' full: 8180 of 8192 blocks allocated — lane 3 of 16 is exhausted while 0 free block(s) belong to lanes this mount does not own (alloc_lane_enospc_refusals; reach them by adopting a lane whose holder is proven dead, or grow the volume set — docs/operations.md §Multi-writer capacity planning)" })); falling back to staging
[2026-09-06T04:16:45Z ERROR squeezefs::block_allocator] bounded allocation refusing StorageFull after 1019 ms parked with 0 offset(s) still in grace locally (lane harvest horizon 8902 ms): the pressure deadline never fenced within the wall backstop (1000 ms). The refusal is honest and terminal for this write; investigate the membership plane (finding 29)
[2026-09-06T04:16:45Z WARN  squeezefs::fuse_client] write-through failed for ino 2 block 2414 (Io(Custom { kind: StorageFull, error: "I/O error: data volume 'nvme3n1' full: 8180 of 8192 blocks allocated — lane 3 of 16 is exhausted while 0 free block(s) belong to lanes this mount does not own (alloc_lane_enospc_refusals; reach them by adopting a lane whose holder is proven dead, or grow the volume set — docs/operations.md §Multi-writer capacity planning)" })); falling back to staging
[2026-09-06T04:16:45Z ERROR squeezefs::block_allocator] bounded allocation refusing StorageFull after 1022 ms parked with 0 offset(s) still in grace locally (lane harvest horizon 8909 ms): the pressure deadline never fenced within the wall backstop (1000 ms). The refusal is honest and terminal for this write; investigate the membership plane (finding 29)
[2026-09-06T04:16:45Z ERROR squeezefs::block_allocator] bounded allocation refusing StorageFull after 1021 ms parked with 0 offset(s) still in grace locally (lane harvest horizon 8921 ms): the pressure deadline never fenced within the wall backstop (1000 ms). The refusal is honest and terminal for this write; investigate the membership plane (finding 29)
[2026-09-06T04:16:45Z WARN  squeezefs::fuse_client] write-through failed for ino 2 block 2285 (Io(Custom { kind: StorageFull, error: "I/O error: data volume 'nvme3n1' full: 8180 of 8192 blocks allocated — lane 3 of 16 is exhausted while 0 free block(s) belong to lanes this mount does not own (alloc_lane_enospc_refusals; reach them by adopting a lane whose holder is proven dead, or grow the volume set — docs/operations.md §Multi-writer capacity planning)" })); falling back to staging
[2026-09-06T04:16:45Z ERROR squeezefs::block_allocator] bounded allocation refusing StorageFull after 1017 ms parked with 0 offset(s) still in grace locally (lane harvest horizon 8923 ms): the pressure deadline never fenced within the wall backstop (1000 ms). The refusal is honest and terminal for this write; investigate the membership plane (finding 29)
[2026-09-06T04:16:45Z WARN  squeezefs::fuse_client] flush write-through failed for ino 2 block 2287 (Io(Custom { kind: StorageFull, error: "I/O error: data volume 'nvme3n1' full: 8180 of 8192 blocks allocated — lane 3 of 16 is exhausted while 0 free block(s) belong to lanes this mount does not own (alloc_lane_enospc_refusals; reach them by adopting a lane whose holder is proven dead, or grow the volume set — docs/operations.md §Multi-writer capacity planning)" })); degrading to the staging leg (fsync durability bar)
[2026-09-06T04:16:45Z ERROR squeezefs::block_allocator] bounded allocation refusing StorageFull after 1030 ms parked with 0 offset(s) still in grace locally (lane harvest horizon 8934 ms): the pressure deadline never fenced within the wall backstop (1000 ms). The refusal is honest and terminal for this write; investigate the membership plane (finding 29)
[2026-09-06T04:16:46Z ERROR squeezefs::block_allocator] I/O error: data volume 'nvme3n1' full: 8180 of 8192 blocks allocated — lane 3 of 16 is exhausted while 0 free block(s) belong to lanes this mount does not own (alloc_lane_enospc_refusals; reach them by adopting a lane whose holder is proven dead, or grow the volume set — docs/operations.md §Multi-writer capacity planning)
[2026-09-06T04:16:46Z ERROR squeezefs::block_allocator] bounded allocation refusing StorageFull after 1031 ms parked with 0 offset(s) still in grace locally (lane harvest horizon 8779 ms): the pressure deadline never fenced within the wall backstop (1000 ms). The refusal is honest and terminal for this write; investigate the membership plane (finding 29)
[2026-09-06T04:16:46Z WARN  squeezefs::fuse_client] write-through failed for ino 2 block 2383 (Io(Custom { kind: StorageFull, error: "I/O error: data volume 'nvme3n1' full: 8180 of 8192 blocks allocated — lane 3 of 16 is exhausted while 0 free block(s) belong to lanes this mount does not own (alloc_lane_enospc_refusals; reach them by adopting a lane whose holder is proven dead, or grow the volume set — docs/operations.md §Multi-writer capacity planning)" })); falling back to staging
[2026-09-06T04:16:46Z ERROR squeezefs::block_allocator] bounded allocation refusing StorageFull after 1039 ms parked with 0 offset(s) still in grace locally (lane harvest horizon 8817 ms): the pressure deadline never fenced within the wall backstop (1000 ms). The refusal is honest and terminal for this write; investigate the membership plane (finding 29)
[2026-09-06T04:16:46Z ERROR squeezefs::block_allocator] bounded allocation refusing StorageFull after 1042 ms parked with 0 offset(s) still in grace locally (lane harvest horizon 8966 ms): the pressure deadline never fenced within the wall backstop (1000 ms). The refusal is honest and terminal for this write; investigate the membership plane (finding 29)
[2026-09-06T04:16:47Z ERROR squeezefs::block_allocator] I/O error: data volume 'nvme3n1' full: 8180 of 8192 blocks allocated — lane 3 of 16 is exhausted while 0 free block(s) belong to lanes this mount does not own (alloc_lane_enospc_refusals; reach them by adopting a lane whose holder is proven dead, or grow the volume set — docs/operations.md §Multi-writer capacity planning)
[2026-09-06T04:16:47Z ERROR squeezefs::block_allocator] bounded allocation refusing StorageFull after 1023 ms parked with 0 offset(s) still in grace locally (lane harvest horizon 9834 ms): the pressure deadline never fenced within the wall backstop (1000 ms). The refusal is honest and terminal for this write; investigate the membership plane (finding 29)
[2026-09-06T04:16:47Z WARN  squeezefs::routing] rewrite epoch close for ino 2 failed transiently (Io(Custom { kind: StorageFull, error: "I/O error: data volume 'nvme3n1' full: 8180 of 8192 blocks allocated — lane 3 of 16 is exhausted while 0 free block(s) belong to lanes this mount does not own (alloc_lane_enospc_refusals; reach them by adopting a lane whose holder is proven dead, or grow the volume set — docs/operations.md §Multi-writer capacity planning)" })); the epoch stays registered (never-lossy) — the next close trigger retries
[2026-09-06T04:16:50Z WARN  fuse3::raw::connection::fuse_over_uring] fuse-over-uring qid=8 ent=1: unique=22172 delivered 5857 ms ago and still unreplied — the caller is in uninterruptible sleep (transport_slots_overdue; not-fused, fused_ready_total=0, zc_bridge_pends=0, scan_passes=5402, scan_pends_seen=15229, scan_orphans_seen=0, pend_max_age_ms=0, cancel_latched=0, park_backstop_ticks=4064, zc_msgs_sent=9987, zc_msgs_taken=9987)
[2026-09-06T04:16:55Z WARN  fuse3::raw::connection::fuse_over_uring] fuse-over-uring qid=8 ent=1: unique=22172 delivered 10878 ms ago and still unreplied — the caller is in uninterruptible sleep (transport_slots_overdue; not-fused, fused_ready_total=0, zc_bridge_pends=0, scan_passes=5402, scan_pends_seen=15229, scan_orphans_seen=0, pend_max_age_ms=0, cancel_latched=0, park_backstop_ticks=4064, zc_msgs_sent=9987, zc_msgs_taken=9987)
[2026-09-06T04:17:00Z WARN  fuse3::raw::connection::fuse_over_uring] fuse-over-uring qid=8 ent=1: unique=22172 delivered 15905 ms ago and still unreplied — the caller is in uninterruptible sleep (transport_slots_overdue; not-fused, fused_ready_total=0, zc_bridge_pends=0, scan_passes=5402, scan_pends_seen=15229, scan_orphans_seen=0, pend_max_age_ms=0, cancel_latched=0, park_backstop_ticks=4064, zc_msgs_sent=9987, zc_msgs_taken=9987)
[2026-09-06T04:17:05Z WARN  fuse3::raw::connection::fuse_over_uring] fuse-over-uring qid=8 ent=1: unique=22172 delivered 20927 ms ago and still unreplied — the caller is in uninterruptible sleep (transport_slots_overdue; not-fused, fused_ready_total=0, zc_bridge_pends=0, scan_passes=5402, scan_pends_seen=15229, scan_orphans_seen=0, pend_max_age_ms=0, cancel_latched=0, park_backstop_ticks=4064, zc_msgs_sent=9987, zc_msgs_taken=9987)
[2026-09-06T04:17:10Z WARN  fuse3::raw::connection::fuse_over_uring] fuse-over-uring qid=8 ent=1: unique=22172 delivered 25948 ms ago and still unreplied — the caller is in uninterruptible sleep (transport_slots_overdue; not-fused, fused_ready_total=0, zc_bridge_pends=0, scan_passes=5402, scan_pends_seen=15229, scan_orphans_seen=0, pend_max_age_ms=0, cancel_latched=0, park_backstop_ticks=4064, zc_msgs_sent=9987, zc_msgs_taken=9987)
[2026-09-06T04:17:14Z ERROR squeezefs::fuse_client] FUSE op watchdog: fsync (ino 2) in flight for 30001 ms (> 30000 ms), parked past station [entry] — op is NOT cancelled (D1.b semantics: no ETIMEDOUT synthesis); investigate the volume/device if this repeats
[2026-09-06T04:17:14Z ERROR squeezefs::fuse_client] wedge census: meta_conveyor_passes=0 meta_conveyor_queued=0 meta_conveyor_windows_inflight=0 meta_conveyor_durability_passes=0 meta_commit_parked=0 meta_publish_parked=0 meta_journal_entries=0 meta_checkpoints=0 pipeline_inflight_blocks=1 pipeline_admission_waits=432 reclaim_queue_bytes=0 rewrite_open_epochs=1 transport_leases_outstanding=0 transport_parked_commits=93 transport_unparked_commits=93 lock_ticked_reregisters=104 lane_exec_tick_rescues=4 lane_exec_task_panics=0
[2026-09-06T04:17:15Z WARN  fuse3::raw::connection::fuse_over_uring] fuse-over-uring qid=8 ent=1: unique=22172 delivered 30968 ms ago and still unreplied — the caller is in uninterruptible sleep (transport_slots_overdue; not-fused, fused_ready_total=0, zc_bridge_pends=0, scan_passes=5402, scan_pends_seen=15229, scan_orphans_seen=0, pend_max_age_ms=0, cancel_latched=0, park_backstop_ticks=4064, zc_msgs_sent=9987, zc_msgs_taken=9987)
[2026-09-06T04:17:19Z ERROR squeezefs::fuse_client] FUSE op watchdog: fsync (ino 2) in flight for 35001 ms (> 30000 ms), parked past station [entry] — op is NOT cancelled (D1.b semantics: no ETIMEDOUT synthesis); investigate the volume/device if this repeats
[2026-09-06T04:17:19Z ERROR squeezefs::fuse_client] wedge census: meta_conveyor_passes=0 meta_conveyor_queued=0 meta_conveyor_windows_inflight=0 meta_conveyor_durability_passes=0 meta_commit_parked=0 meta_publish_parked=0 meta_journal_entries=0 meta_checkpoints=0 pipeline_inflight_blocks=0 pipeline_admission_waits=432 reclaim_queue_bytes=0 rewrite_open_epochs=0 transport_leases_outstanding=0 transport_parked_commits=93 transport_unparked_commits=93 lock_ticked_reregisters=105 lane_exec_tick_rescues=4 lane_exec_task_panics=0
[2026-09-06T04:17:19Z ERROR squeezefs::meta_ship::publish] S9: the authority refused 1 shipped free(s) (vol_tag 0xc5e11286df218556, request 4557): already free/graced/quarantined — the double-release lineage, surfaced on the authority's own tripwire
[2026-09-06T04:17:25Z ERROR squeezefs::fuse_client] FUSE Fsync: FlushExtents barrier for ino 2 failed: Refused { errno: 5, msg: "I/O error: block 18 of inode_2 did not settle after 4 serialized stripe-held settle attempts (binding/incarnation mutator outside the stripe/merge disciplines — see invariant_tripwires)" }
[2026-09-06T04:17:25Z ERROR squeezefs::fuse_client] Squeezefs operational error: Refused { errno: 5, msg: "I/O error: block 18 of inode_2 did not settle after 4 serialized stripe-held settle attempts (binding/incarnation mutator outside the stripe/merge disciplines — see invariant_tripwires)" }
[2026-09-06T04:17:25Z ERROR squeezefs::meta_ship::publish] S9: the authority refused 1 shipped free(s) (vol_tag 0xc5e11286df218556, request 4624): already free/graced/quarantined — the double-release lineage, surfaced on the authority's own tripwire
[2026-09-06T04:17:27Z ERROR squeezefs::fuse_client] FUSE Fsync: FlushExtents barrier for ino 2 failed: Refused { errno: 5, msg: "I/O error: block 18 of inode_2 did not settle after 4 serialized stripe-held settle attempts (binding/incarnation mutator outside the stripe/merge disciplines — see invariant_tripwires)" }
[2026-09-06T04:17:27Z ERROR squeezefs::fuse_client] Squeezefs operational error: Refused { errno: 5, msg: "I/O error: block 18 of inode_2 did not settle after 4 serialized stripe-held settle attempts (binding/incarnation mutator outside the stripe/merge disciplines — see invariant_tripwires)" }
[2026-09-06T04:17:29Z ERROR squeezefs::fuse_client] FUSE Fsync: FlushExtents barrier for ino 2 failed: Refused { errno: 5, msg: "I/O error: block 18 of inode_2 did not settle after 4 serialized stripe-held settle attempts (binding/incarnation mutator outside the stripe/merge disciplines — see invariant_tripwires)" }
[2026-09-06T04:17:29Z ERROR squeezefs::fuse_client] Squeezefs operational error: Refused { errno: 5, msg: "I/O error: block 18 of inode_2 did not settle after 4 serialized stripe-held settle attempts (binding/incarnation mutator outside the stripe/merge disciplines — see invariant_tripwires)" }
[2026-09-06T04:17:30Z ERROR squeezefs::fuse_client] FUSE Fsync: FlushExtents barrier for ino 2 failed: Refused { errno: 5, msg: "I/O error: block 18 of inode_2 did not settle after 4 serialized stripe-held settle attempts (binding/incarnation mutator outside the stripe/merge disciplines — see invariant_tripwires)" }
[2026-09-06T04:17:31Z ERROR squeezefs::fuse_client] Squeezefs operational error: Refused { errno: 5, msg: "I/O error: block 18 of inode_2 did not settle after 4 serialized stripe-held settle attempts (binding/incarnation mutator outside the stripe/merge disciplines — see invariant_tripwires)" }
[2026-09-06T04:17:34Z ERROR squeezefs::block_allocator] I/O error: data volume 'nvme4n1' full: 8180 of 8192 blocks allocated — lane 3 of 16 is exhausted while 0 free block(s) belong to lanes this mount does not own (alloc_lane_enospc_refusals; reach them by adopting a lane whose holder is proven dead, or grow the volume set — docs/operations.md §Multi-writer capacity planning)
[2026-09-06T04:17:35Z ERROR squeezefs::block_allocator] I/O error: data volume 'nvme4n1' full: 8180 of 8192 blocks allocated — lane 3 of 16 is exhausted while 0 free block(s) belong to lanes this mount does not own (alloc_lane_enospc_refusals; reach them by adopting a lane whose holder is proven dead, or grow the volume set — docs/operations.md §Multi-writer capacity planning)
[2026-09-06T04:17:35Z ERROR fuse3::raw::connection::fuse_over_uring] transport payload lease held 1224 ms (≥ 1 s) — overlong handler invocation or a §5.4 severance escape; watch transport_lease_overlong / transport_parked_commits
[2026-09-06T04:17:36Z ERROR squeezefs::block_allocator] I/O error: data volume 'nvme4n1' full: 8180 of 8192 blocks allocated — lane 3 of 16 is exhausted while 0 free block(s) belong to lanes this mount does not own (alloc_lane_enospc_refusals; reach them by adopting a lane whose holder is proven dead, or grow the volume set — docs/operations.md §Multi-writer capacity planning)
[2026-09-06T04:17:37Z ERROR squeezefs::block_allocator] bounded allocation refusing StorageFull after 1021 ms parked with 0 offset(s) still in grace locally (lane harvest horizon 9171 ms): the pressure deadline never fenced within the wall backstop (1000 ms). The refusal is honest and terminal for this write; investigate the membership plane (finding 29)
[2026-09-06T04:17:37Z ERROR squeezefs::block_allocator] bounded allocation refusing StorageFull after 1021 ms parked with 0 offset(s) still in grace locally (lane harvest horizon 9190 ms): the pressure deadline never fenced within the wall backstop (1000 ms). The refusal is honest and terminal for this write; investigate the membership plane (finding 29)
[2026-09-06T04:17:37Z ERROR squeezefs::block_allocator] I/O error: data volume 'nvme4n1' full: 8180 of 8192 blocks allocated — lane 3 of 16 is exhausted while 0 free block(s) belong to lanes this mount does not own (alloc_lane_enospc_refusals; reach them by adopting a lane whose holder is proven dead, or grow the volume set — docs/operations.md §Multi-writer capacity planning)
[2026-09-06T04:17:37Z ERROR squeezefs::block_allocator] bounded allocation refusing StorageFull after 1024 ms parked with 0 offset(s) still in grace locally (lane harvest horizon 9224 ms): the pressure deadline never fenced within the wall backstop (1000 ms). The refusal is honest and terminal for this write; investigate the membership plane (finding 29)
[2026-09-06T04:17:37Z ERROR squeezefs::block_allocator] bounded allocation refusing StorageFull after 1024 ms parked with 0 offset(s) still in grace locally (lane harvest horizon 9273 ms): the pressure deadline never fenced within the wall backstop (1000 ms). The refusal is honest and terminal for this write; investigate the membership plane (finding 29)
[2026-09-06T04:17:37Z ERROR squeezefs::block_allocator] bounded allocation refusing StorageFull after 1021 ms parked with 0 offset(s) still in grace locally (lane harvest horizon 9278 ms): the pressure deadline never fenced within the wall backstop (1000 ms). The refusal is honest and terminal for this write; investigate the membership plane (finding 29)
[2026-09-06T04:17:38Z ERROR squeezefs::block_allocator] bounded allocation refusing StorageFull after 1016 ms parked with 0 offset(s) still in grace locally (lane harvest horizon 10152 ms): the pressure deadline never fenced within the wall backstop (1000 ms). The refusal is honest and terminal for this write; investigate the membership plane (finding 29)
[2026-09-06T04:17:38Z ERROR squeezefs::block_allocator] bounded allocation refusing StorageFull after 1012 ms parked with 0 offset(s) still in grace locally (lane harvest horizon 10188 ms): the pressure deadline never fenced within the wall backstop (1000 ms). The refusal is honest and terminal for this write; investigate the membership plane (finding 29)
[2026-09-06T04:17:38Z ERROR squeezefs::block_allocator] bounded allocation refusing StorageFull after 1013 ms parked with 0 offset(s) still in grace locally (lane harvest horizon 10190 ms): the pressure deadline never fenced within the wall backstop (1000 ms). The refusal is honest and terminal for this write; investigate the membership plane (finding 29)
[2026-09-06T04:17:38Z ERROR squeezefs::block_allocator] I/O error: data volume 'nvme4n1' full: 8180 of 8192 blocks allocated — lane 3 of 16 is exhausted while 0 free block(s) belong to lanes this mount does not own (alloc_lane_enospc_refusals; reach them by adopting a lane whose holder is proven dead, or grow the volume set — docs/operations.md §Multi-writer capacity planning)
[2026-09-06T04:17:38Z ERROR squeezefs::block_allocator] bounded allocation refusing StorageFull after 1014 ms parked with 0 offset(s) still in grace locally (lane harvest horizon 10221 ms): the pressure deadline never fenced within the wall backstop (1000 ms). The refusal is honest and terminal for this write; investigate the membership plane (finding 29)
[2026-09-06T04:17:38Z ERROR squeezefs::block_allocator] bounded allocation refusing StorageFull after 1015 ms parked with 0 offset(s) still in grace locally (lane harvest horizon 10222 ms): the pressure deadline never fenced within the wall backstop (1000 ms). The refusal is honest and terminal for this write; investigate the membership plane (finding 29)
[2026-09-06T04:17:38Z ERROR squeezefs::block_allocator] bounded allocation refusing StorageFull after 1019 ms parked with 0 offset(s) still in grace locally (lane harvest horizon 10294 ms): the pressure deadline never fenced within the wall backstop (1000 ms). The refusal is honest and terminal for this write; investigate the membership plane (finding 29)
[2026-09-06T04:17:38Z ERROR squeezefs::block_allocator] bounded allocation refusing StorageFull after 1014 ms parked with 0 offset(s) still in grace locally (lane harvest horizon 10294 ms): the pressure deadline never fenced within the wall backstop (1000 ms). The refusal is honest and terminal for this write; investigate the membership plane (finding 29)
[2026-09-06T04:17:38Z ERROR squeezefs::block_allocator] bounded allocation refusing StorageFull after 1018 ms parked with 0 offset(s) still in grace locally (lane harvest horizon 10294 ms): the pressure deadline never fenced within the wall backstop (1000 ms). The refusal is honest and terminal for this write; investigate the membership plane (finding 29)
[2026-09-06T04:17:38Z ERROR squeezefs::block_allocator] bounded allocation refusing StorageFull after 1010 ms parked with 0 offset(s) still in grace locally (lane harvest horizon 10300 ms): the pressure deadline never fenced within the wall backstop (1000 ms). The refusal is honest and terminal for this write; investigate the membership plane (finding 29)
[2026-09-06T04:17:38Z ERROR squeezefs::block_allocator] bounded allocation refusing StorageFull after 1010 ms parked with 0 offset(s) still in grace locally (lane harvest horizon 10473 ms): the pressure deadline never fenced within the wall backstop (1000 ms). The refusal is honest and terminal for this write; investigate the membership plane (finding 29)
[2026-09-06T04:17:38Z ERROR squeezefs::block_allocator] bounded allocation refusing StorageFull after 1012 ms parked with 0 offset(s) still in grace locally (lane harvest horizon 10523 ms): the pressure deadline never fenced within the wall backstop (1000 ms). The refusal is honest and terminal for this write; investigate the membership plane (finding 29)
[2026-09-06T04:17:38Z ERROR squeezefs::block_allocator] bounded allocation refusing StorageFull after 1013 ms parked with 0 offset(s) still in grace locally (lane harvest horizon 10524 ms): the pressure deadline never fenced within the wall backstop (1000 ms). The refusal is honest and terminal for this write; investigate the membership plane (finding 29)
[2026-09-06T04:17:39Z ERROR squeezefs::block_allocator] bounded allocation refusing StorageFull after 1008 ms parked with 0 offset(s) still in grace locally (lane harvest horizon 9161 ms): the pressure deadline never fenced within the wall backstop (1000 ms). The refusal is honest and terminal for this write; investigate the membership plane (finding 29)
[2026-09-06T04:17:39Z ERROR squeezefs::block_allocator] bounded allocation refusing StorageFull after 1009 ms parked with 0 offset(s) still in grace locally (lane harvest horizon 9162 ms): the pressure deadline never fenced within the wall backstop (1000 ms). The refusal is honest and terminal for this write; investigate the membership plane (finding 29)
[2026-09-06T04:17:39Z ERROR squeezefs::block_allocator] bounded allocation refusing StorageFull after 1008 ms parked with 0 offset(s) still in grace locally (lane harvest horizon 9197 ms): the pressure deadline never fenced within the wall backstop (1000 ms). The refusal is honest and terminal for this write; investigate the membership plane (finding 29)
[2026-09-06T04:17:39Z WARN  squeezefs::routing] rewrite epoch close for ino 2 failed transiently (Io(Custom { kind: StorageFull, error: "I/O error: data volume 'nvme4n1' full: 8180 of 8192 blocks allocated — lane 3 of 16 is exhausted while 0 free block(s) belong to lanes this mount does not own (alloc_lane_enospc_refusals; reach them by adopting a lane whose holder is proven dead, or grow the volume set — docs/operations.md §Multi-writer capacity planning)" })); the epoch stays registered (never-lossy) — the next close trigger retries
[2026-09-06T04:17:39Z ERROR squeezefs::block_allocator] bounded allocation refusing StorageFull after 1009 ms parked with 0 offset(s) still in grace locally (lane harvest horizon 9200 ms): the pressure deadline never fenced within the wall backstop (1000 ms). The refusal is honest and terminal for this write; investigate the membership plane (finding 29)
[2026-09-06T04:17:39Z ERROR squeezefs::block_allocator] bounded allocation refusing StorageFull after 1009 ms parked with 0 offset(s) still in grace locally (lane harvest horizon 9201 ms): the pressure deadline never fenced within the wall backstop (1000 ms). The refusal is honest and terminal for this write; investigate the membership plane (finding 29)
[2026-09-06T04:17:39Z ERROR squeezefs::block_allocator] I/O error: data volume 'nvme4n1' full: 8180 of 8192 blocks allocated — lane 3 of 16 is exhausted while 0 free block(s) belong to lanes this mount does not own (alloc_lane_enospc_refusals; reach them by adopting a lane whose holder is proven dead, or grow the volume set — docs/operations.md §Multi-writer capacity planning)
[2026-09-06T04:17:39Z ERROR squeezefs::block_allocator] bounded allocation refusing StorageFull after 1011 ms parked with 0 offset(s) still in grace locally (lane harvest horizon 9232 ms): the pressure deadline never fenced within the wall backstop (1000 ms). The refusal is honest and terminal for this write; investigate the membership plane (finding 29)
[2026-09-06T04:17:39Z WARN  squeezefs::fuse_client] write-through failed for ino 2 block 1677 (Io(Custom { kind: StorageFull, error: "I/O error: data volume 'nvme4n1' full: 8180 of 8192 blocks allocated — lane 3 of 16 is exhausted while 0 free block(s) belong to lanes this mount does not own (alloc_lane_enospc_refusals; reach them by adopting a lane whose holder is proven dead, or grow the volume set — docs/operations.md §Multi-writer capacity planning)" })); falling back to staging
[2026-09-06T04:17:39Z ERROR squeezefs::block_allocator] bounded allocation refusing StorageFull after 1011 ms parked with 0 offset(s) still in grace locally (lane harvest horizon 9233 ms): the pressure deadline never fenced within the wall backstop (1000 ms). The refusal is honest and terminal for this write; investigate the membership plane (finding 29)
[2026-09-06T04:17:39Z ERROR squeezefs::block_allocator] bounded allocation refusing StorageFull after 1011 ms parked with 0 offset(s) still in grace locally (lane harvest horizon 9233 ms): the pressure deadline never fenced within the wall backstop (1000 ms). The refusal is honest and terminal for this write; investigate the membership plane (finding 29)
[2026-09-06T04:17:39Z ERROR squeezefs::block_allocator] bounded allocation refusing StorageFull after 1011 ms parked with 0 offset(s) still in grace locally (lane harvest horizon 9234 ms): the pressure deadline never fenced within the wall backstop (1000 ms). The refusal is honest and terminal for this write; investigate the membership plane (finding 29)
[2026-09-06T04:17:39Z ERROR fuse3::raw::connection::fuse_over_uring] transport payload lease held 1013 ms (≥ 1 s) — overlong handler invocation or a §5.4 severance escape; watch transport_lease_overlong / transport_parked_commits
[2026-09-06T04:17:39Z ERROR squeezefs::block_allocator] bounded allocation refusing StorageFull after 1008 ms parked with 0 offset(s) still in grace locally (lane harvest horizon 9302 ms): the pressure deadline never fenced within the wall backstop (1000 ms). The refusal is honest and terminal for this write; investigate the membership plane (finding 29)
[2026-09-06T04:17:39Z WARN  squeezefs::fuse_client] write-through failed for ino 2 block 1455 (Io(Custom { kind: StorageFull, error: "I/O error: data volume 'nvme4n1' full: 8180 of 8192 blocks allocated — lane 3 of 16 is exhausted while 0 free block(s) belong to lanes this mount does not own (alloc_lane_enospc_refusals; reach them by adopting a lane whose holder is proven dead, or grow the volume set — docs/operations.md §Multi-writer capacity planning)" })); falling back to staging
[2026-09-06T04:17:39Z ERROR squeezefs::block_allocator] bounded allocation refusing StorageFull after 1011 ms parked with 0 offset(s) still in grace locally (lane harvest horizon 9310 ms): the pressure deadline never fenced within the wall backstop (1000 ms). The refusal is honest and terminal for this write; investigate the membership plane (finding 29)
[2026-09-06T04:17:39Z ERROR squeezefs::block_allocator] bounded allocation refusing StorageFull after 1012 ms parked with 0 offset(s) still in grace locally (lane harvest horizon 9309 ms): the pressure deadline never fenced within the wall backstop (1000 ms). The refusal is honest and terminal for this write; investigate the membership plane (finding 29)
[2026-09-06T04:17:39Z ERROR squeezefs::block_allocator] bounded allocation refusing StorageFull after 1013 ms parked with 0 offset(s) still in grace locally (lane harvest horizon 9309 ms): the pressure deadline never fenced within the wall backstop (1000 ms). The refusal is honest and terminal for this write; investigate the membership plane (finding 29)
[2026-09-06T04:17:39Z ERROR squeezefs::block_allocator] bounded allocation refusing StorageFull after 1014 ms parked with 0 offset(s) still in grace locally (lane harvest horizon 9310 ms): the pressure deadline never fenced within the wall backstop (1000 ms). The refusal is honest and terminal for this write; investigate the membership plane (finding 29)
[2026-09-06T04:17:39Z ERROR squeezefs::block_allocator] bounded allocation refusing StorageFull after 1010 ms parked with 0 offset(s) still in grace locally (lane harvest horizon 9309 ms): the pressure deadline never fenced within the wall backstop (1000 ms). The refusal is honest and terminal for this write; investigate the membership plane (finding 29)
[2026-09-06T04:17:39Z WARN  squeezefs::fuse_client] write-through failed for ino 2 block 1484 (Io(Custom { kind: StorageFull, error: "I/O error: data volume 'nvme4n1' full: 8180 of 8192 blocks allocated — lane 3 of 16 is exhausted while 0 free block(s) belong to lanes this mount does not own (alloc_lane_enospc_refusals; reach them by adopting a lane whose holder is proven dead, or grow the volume set — docs/operations.md §Multi-writer capacity planning)" })); falling back to staging
[2026-09-06T04:17:39Z ERROR squeezefs::block_allocator] bounded allocation refusing StorageFull after 1011 ms parked with 0 offset(s) still in grace locally (lane harvest horizon 9486 ms): the pressure deadline never fenced within the wall backstop (1000 ms). The refusal is honest and terminal for this write; investigate the membership plane (finding 29)
[2026-09-06T04:17:39Z ERROR squeezefs::block_allocator] bounded allocation refusing StorageFull after 1014 ms parked with 0 offset(s) still in grace locally (lane harvest horizon 9489 ms): the pressure deadline never fenced within the wall backstop (1000 ms). The refusal is honest and terminal for this write; investigate the membership plane (finding 29)
[2026-09-06T04:17:39Z ERROR squeezefs::block_allocator] bounded allocation refusing StorageFull after 1011 ms parked with 0 offset(s) still in grace locally (lane harvest horizon 9536 ms): the pressure deadline never fenced within the wall backstop (1000 ms). The refusal is honest and terminal for this write; investigate the membership plane (finding 29)
[2026-09-06T04:17:39Z ERROR squeezefs::block_allocator] bounded allocation refusing StorageFull after 1010 ms parked with 0 offset(s) still in grace locally (lane harvest horizon 9536 ms): the pressure deadline never fenced within the wall backstop (1000 ms). The refusal is honest and terminal for this write; investigate the membership plane (finding 29)
[2026-09-06T04:17:39Z ERROR squeezefs::block_allocator] bounded allocation refusing StorageFull after 1010 ms parked with 0 offset(s) still in grace locally (lane harvest horizon 9537 ms): the pressure deadline never fenced within the wall backstop (1000 ms). The refusal is honest and terminal for this write; investigate the membership plane (finding 29)
[2026-09-06T04:17:39Z ERROR squeezefs::block_allocator] bounded allocation refusing StorageFull after 1013 ms parked with 0 offset(s) still in grace locally (lane harvest horizon 9540 ms): the pressure deadline never fenced within the wall backstop (1000 ms). The refusal is honest and terminal for this write; investigate the membership plane (finding 29)
[2026-09-06T04:17:40Z ERROR squeezefs::block_allocator] bounded allocation refusing StorageFull after 1008 ms parked with 0 offset(s) still in grace locally (lane harvest horizon 8724 ms): the pressure deadline never fenced within the wall backstop (1000 ms). The refusal is honest and terminal for this write; investigate the membership plane (finding 29)
[2026-09-06T04:17:40Z ERROR squeezefs::block_allocator] bounded allocation refusing StorageFull after 1012 ms parked with 0 offset(s) still in grace locally (lane harvest horizon 8726 ms): the pressure deadline never fenced within the wall backstop (1000 ms). The refusal is honest and terminal for this write; investigate the membership plane (finding 29)
[2026-09-06T04:17:40Z WARN  squeezefs::fuse_client] write-through failed for ino 2 block 1487 (Io(Custom { kind: StorageFull, error: "I/O error: data volume 'nvme4n1' full: 8180 of 8192 blocks allocated — lane 3 of 16 is exhausted while 0 free block(s) belong to lanes this mount does not own (alloc_lane_enospc_refusals; reach them by adopting a lane whose holder is proven dead, or grow the volume set — docs/operations.md §Multi-writer capacity planning)" })); falling back to staging
[2026-09-06T04:17:40Z ERROR squeezefs::block_allocator] bounded allocation refusing StorageFull after 1009 ms parked with 0 offset(s) still in grace locally (lane harvest horizon 8762 ms): the pressure deadline never fenced within the wall backstop (1000 ms). The refusal is honest and terminal for this write; investigate the membership plane (finding 29)
[2026-09-06T04:17:40Z WARN  squeezefs::routing] rewrite epoch close for ino 2 failed transiently (Io(Custom { kind: StorageFull, error: "I/O error: data volume 'nvme4n1' full: 8180 of 8192 blocks allocated — lane 3 of 16 is exhausted while 0 free block(s) belong to lanes this mount does not own (alloc_lane_enospc_refusals; reach them by adopting a lane whose holder is proven dead, or grow the volume set — docs/operations.md §Multi-writer capacity planning)" })); the epoch stays registered (never-lossy) — the next close trigger retries
[2026-09-06T04:17:40Z ERROR squeezefs::block_allocator] bounded allocation refusing StorageFull after 1008 ms parked with 0 offset(s) still in grace locally (lane harvest horizon 8762 ms): the pressure deadline never fenced within the wall backstop (1000 ms). The refusal is honest and terminal for this write; investigate the membership plane (finding 29)
[2026-09-06T04:17:40Z ERROR squeezefs::block_allocator] bounded allocation refusing StorageFull after 1008 ms parked with 0 offset(s) still in grace locally (lane harvest horizon 8763 ms): the pressure deadline never fenced within the wall backstop (1000 ms). The refusal is honest and terminal for this write; investigate the membership plane (finding 29)
[2026-09-06T04:17:40Z ERROR squeezefs::block_allocator] bounded allocation refusing StorageFull after 1011 ms parked with 0 offset(s) still in grace locally (lane harvest horizon 8766 ms): the pressure deadline never fenced within the wall backstop (1000 ms). The refusal is honest and terminal for this write; investigate the membership plane (finding 29)
[2026-09-06T04:17:40Z ERROR squeezefs::block_allocator] bounded allocation refusing StorageFull after 1012 ms parked with 0 offset(s) still in grace locally (lane harvest horizon 8766 ms): the pressure deadline never fenced within the wall backstop (1000 ms). The refusal is honest and terminal for this write; investigate the membership plane (finding 29)
[2026-09-06T04:17:40Z ERROR squeezefs::block_allocator] I/O error: data volume 'nvme4n1' full: 8180 of 8192 blocks allocated — lane 3 of 16 is exhausted while 0 free block(s) belong to lanes this mount does not own (alloc_lane_enospc_refusals; reach them by adopting a lane whose holder is proven dead, or grow the volume set — docs/operations.md §Multi-writer capacity planning)
[2026-09-06T04:17:40Z ERROR squeezefs::block_allocator] bounded allocation refusing StorageFull after 1009 ms parked with 0 offset(s) still in grace locally (lane harvest horizon 8794 ms): the pressure deadline never fenced within the wall backstop (1000 ms). The refusal is honest and terminal for this write; investigate the membership plane (finding 29)
[2026-09-06T04:17:40Z WARN  squeezefs::fuse_client] write-through failed for ino 2 block 1709 (Io(Custom { kind: StorageFull, error: "I/O error: data volume 'nvme4n1' full: 8180 of 8192 blocks allocated — lane 3 of 16 is exhausted while 0 free block(s) belong to lanes this mount does not own (alloc_lane_enospc_refusals; reach them by adopting a lane whose holder is proven dead, or grow the volume set — docs/operations.md §Multi-writer capacity planning)" })); falling back to staging
[2026-09-06T04:17:40Z ERROR squeezefs::block_allocator] bounded allocation refusing StorageFull after 1009 ms parked with 0 offset(s) still in grace locally (lane harvest horizon 8795 ms): the pressure deadline never fenced within the wall backstop (1000 ms). The refusal is honest and terminal for this write; investigate the membership plane (finding 29)
[2026-09-06T04:17:40Z ERROR squeezefs::block_allocator] bounded allocation refusing StorageFull after 1009 ms parked with 0 offset(s) still in grace locally (lane harvest horizon 8869 ms): the pressure deadline never fenced within the wall backstop (1000 ms). The refusal is honest and terminal for this write; investigate the membership plane (finding 29)
[2026-09-06T04:17:40Z WARN  squeezefs::fuse_client] write-through failed for ino 2 block 1580 (Io(Custom { kind: StorageFull, error: "I/O error: data volume 'nvme4n1' full: 8180 of 8192 blocks allocated — lane 3 of 16 is exhausted while 0 free block(s) belong to lanes this mount does not own (alloc_lane_enospc_refusals; reach them by adopting a lane whose holder is proven dead, or grow the volume set — docs/operations.md §Multi-writer capacity planning)" })); falling back to staging
[2026-09-06T04:17:40Z ERROR squeezefs::block_allocator] bounded allocation refusing StorageFull after 1012 ms parked with 0 offset(s) still in grace locally (lane harvest horizon 8873 ms): the pressure deadline never fenced within the wall backstop (1000 ms). The refusal is honest and terminal for this write; investigate the membership plane (finding 29)
[2026-09-06T04:17:40Z ERROR squeezefs::block_allocator] bounded allocation refusing StorageFull after 1009 ms parked with 0 offset(s) still in grace locally (lane harvest horizon 9052 ms): the pressure deadline never fenced within the wall backstop (1000 ms). The refusal is honest and terminal for this write; investigate the membership plane (finding 29)
[2026-09-06T04:17:40Z ERROR squeezefs::block_allocator] bounded allocation refusing StorageFull after 1011 ms parked with 0 offset(s) still in grace locally (lane harvest horizon 9102 ms): the pressure deadline never fenced within the wall backstop (1000 ms). The refusal is honest and terminal for this write; investigate the membership plane (finding 29)
[2026-09-06T04:17:40Z WARN  squeezefs::fuse_client] write-through failed for ino 2 block 1644 (Io(Custom { kind: StorageFull, error: "I/O error: data volume 'nvme4n1' full: 8180 of 8192 blocks allocated — lane 3 of 16 is exhausted while 0 free block(s) belong to lanes this mount does not own (alloc_lane_enospc_refusals; reach them by adopting a lane whose holder is proven dead, or grow the volume set — docs/operations.md §Multi-writer capacity planning)" })); falling back to staging
[2026-09-06T04:17:41Z ERROR squeezefs::block_allocator] bounded allocation refusing StorageFull after 1008 ms parked with 0 offset(s) still in grace locally (lane harvest horizon 8733 ms): the pressure deadline never fenced within the wall backstop (1000 ms). The refusal is honest and terminal for this write; investigate the membership plane (finding 29)
[2026-09-06T04:17:41Z ERROR squeezefs::block_allocator] bounded allocation refusing StorageFull after 1010 ms parked with 0 offset(s) still in grace locally (lane harvest horizon 8774 ms): the pressure deadline never fenced within the wall backstop (1000 ms). The refusal is honest and terminal for this write; investigate the membership plane (finding 29)
[2026-09-06T04:17:41Z ERROR squeezefs::block_allocator] bounded allocation refusing StorageFull after 1012 ms parked with 0 offset(s) still in grace locally (lane harvest horizon 8780 ms): the pressure deadline never fenced within the wall backstop (1000 ms). The refusal is honest and terminal for this write; investigate the membership plane (finding 29)
[2026-09-06T04:17:41Z ERROR squeezefs::block_allocator] I/O error: data volume 'nvme4n1' full: 8180 of 8192 blocks allocated — lane 3 of 16 is exhausted while 0 free block(s) belong to lanes this mount does not own (alloc_lane_enospc_refusals; reach them by adopting a lane whose holder is proven dead, or grow the volume set — docs/operations.md §Multi-writer capacity planning)
[2026-09-06T04:17:41Z ERROR squeezefs::block_allocator] bounded allocation refusing StorageFull after 1011 ms parked with 0 offset(s) still in grace locally (lane harvest horizon 8785 ms): the pressure deadline never fenced within the wall backstop (1000 ms). The refusal is honest and terminal for this write; investigate the membership plane (finding 29)
[2026-09-06T04:17:41Z ERROR squeezefs::block_allocator] bounded allocation refusing StorageFull after 1009 ms parked with 0 offset(s) still in grace locally (lane harvest horizon 8790 ms): the pressure deadline never fenced within the wall backstop (1000 ms). The refusal is honest and terminal for this write; investigate the membership plane (finding 29)
[2026-09-06T04:17:41Z ERROR squeezefs::block_allocator] bounded allocation refusing StorageFull after 1009 ms parked with 0 offset(s) still in grace locally (lane harvest horizon 8793 ms): the pressure deadline never fenced within the wall backstop (1000 ms). The refusal is honest and terminal for this write; investigate the membership plane (finding 29)
[2026-09-06T04:17:41Z ERROR squeezefs::block_allocator] bounded allocation refusing StorageFull after 1011 ms parked with 0 offset(s) still in grace locally (lane harvest horizon 8799 ms): the pressure deadline never fenced within the wall backstop (1000 ms). The refusal is honest and terminal for this write; investigate the membership plane (finding 29)
[2026-09-06T04:17:41Z ERROR squeezefs::block_allocator] bounded allocation refusing StorageFull after 1010 ms parked with 0 offset(s) still in grace locally (lane harvest horizon 8804 ms): the pressure deadline never fenced within the wall backstop (1000 ms). The refusal is honest and terminal for this write; investigate the membership plane (finding 29)
[2026-09-06T04:17:41Z WARN  squeezefs::fuse_client] write-through failed for ino 2 block 1710 (Io(Custom { kind: StorageFull, error: "I/O error: data volume 'nvme4n1' full: 8180 of 8192 blocks allocated — lane 3 of 16 is exhausted while 0 free block(s) belong to lanes this mount does not own (alloc_lane_enospc_refusals; reach them by adopting a lane whose holder is proven dead, or grow the volume set — docs/operations.md §Multi-writer capacity planning)" })); falling back to staging
[2026-09-06T04:17:41Z ERROR squeezefs::block_allocator] bounded allocation refusing StorageFull after 1011 ms parked with 0 offset(s) still in grace locally (lane harvest horizon 8824 ms): the pressure deadline never fenced within the wall backstop (1000 ms). The refusal is honest and terminal for this write; investigate the membership plane (finding 29)
[2026-09-06T04:17:41Z ERROR squeezefs::block_allocator] bounded allocation refusing StorageFull after 1009 ms parked with 0 offset(s) still in grace locally (lane harvest horizon 8831 ms): the pressure deadline never fenced within the wall backstop (1000 ms). The refusal is honest and terminal for this write; investigate the membership plane (finding 29)
[2026-09-06T04:17:41Z ERROR squeezefs::block_allocator] bounded allocation refusing StorageFull after 1008 ms parked with 0 offset(s) still in grace locally (lane harvest horizon 8839 ms): the pressure deadline never fenced within the wall backstop (1000 ms). The refusal is honest and terminal for this write; investigate the membership plane (finding 29)
[2026-09-06T04:17:41Z ERROR squeezefs::block_allocator] bounded allocation refusing StorageFull after 1010 ms parked with 0 offset(s) still in grace locally (lane harvest horizon 8893 ms): the pressure deadline never fenced within the wall backstop (1000 ms). The refusal is honest and terminal for this write; investigate the membership plane (finding 29)
[2026-09-06T04:17:42Z ERROR squeezefs::block_allocator] bounded allocation refusing StorageFull after 1009 ms parked with 0 offset(s) still in grace locally (lane harvest horizon 8743 ms): the pressure deadline never fenced within the wall backstop (1000 ms). The refusal is honest and terminal for this write; investigate the membership plane (finding 29)
[2026-09-06T04:17:42Z WARN  squeezefs::routing] rewrite epoch close for ino 2 failed transiently (Io(Custom { kind: StorageFull, error: "I/O error: data volume 'nvme4n1' full: 8180 of 8192 blocks allocated — lane 3 of 16 is exhausted while 0 free block(s) belong to lanes this mount does not own (alloc_lane_enospc_refusals; reach them by adopting a lane whose holder is proven dead, or grow the volume set — docs/operations.md §Multi-writer capacity planning)" })); the epoch stays registered (never-lossy) — the next close trigger retries
[2026-09-06T04:17:42Z ERROR squeezefs::block_allocator] I/O error: data volume 'nvme4n1' full: 8180 of 8192 blocks allocated — lane 3 of 16 is exhausted while 0 free block(s) belong to lanes this mount does not own (alloc_lane_enospc_refusals; reach them by adopting a lane whose holder is proven dead, or grow the volume set — docs/operations.md §Multi-writer capacity planning)
[2026-09-06T04:17:42Z ERROR squeezefs::block_allocator] bounded allocation refusing StorageFull after 1014 ms parked with 0 offset(s) still in grace locally (lane harvest horizon 8789 ms): the pressure deadline never fenced within the wall backstop (1000 ms). The refusal is honest and terminal for this write; investigate the membership plane (finding 29)
[2026-09-06T04:17:42Z ERROR squeezefs::block_allocator] bounded allocation refusing StorageFull after 1009 ms parked with 0 offset(s) still in grace locally (lane harvest horizon 8791 ms): the pressure deadline never fenced within the wall backstop (1000 ms). The refusal is honest and terminal for this write; investigate the membership plane (finding 29)
[2026-09-06T04:17:42Z ERROR squeezefs::block_allocator] bounded allocation refusing StorageFull after 1012 ms parked with 0 offset(s) still in grace locally (lane harvest horizon 8805 ms): the pressure deadline never fenced within the wall backstop (1000 ms). The refusal is honest and terminal for this write; investigate the membership plane (finding 29)
[2026-09-06T04:17:42Z ERROR squeezefs::block_allocator] bounded allocation refusing StorageFull after 1013 ms parked with 0 offset(s) still in grace locally (lane harvest horizon 8811 ms): the pressure deadline never fenced within the wall backstop (1000 ms). The refusal is honest and terminal for this write; investigate the membership plane (finding 29)
[2026-09-06T04:17:42Z ERROR squeezefs::block_allocator] bounded allocation refusing StorageFull after 1010 ms parked with 0 offset(s) still in grace locally (lane harvest horizon 8815 ms): the pressure deadline never fenced within the wall backstop (1000 ms). The refusal is honest and terminal for this write; investigate the membership plane (finding 29)
[2026-09-06T04:17:42Z ERROR squeezefs::block_allocator] bounded allocation refusing StorageFull after 1010 ms parked with 0 offset(s) still in grace locally (lane harvest horizon 8837 ms): the pressure deadline never fenced within the wall backstop (1000 ms). The refusal is honest and terminal for this write; investigate the membership plane (finding 29)
[2026-09-06T04:17:42Z ERROR squeezefs::block_allocator] bounded allocation refusing StorageFull after 1010 ms parked with 0 offset(s) still in grace locally (lane harvest horizon 8838 ms): the pressure deadline never fenced within the wall backstop (1000 ms). The refusal is honest and terminal for this write; investigate the membership plane (finding 29)
[2026-09-06T04:17:42Z ERROR squeezefs::block_allocator] bounded allocation refusing StorageFull after 1010 ms parked with 0 offset(s) still in grace locally (lane harvest horizon 8839 ms): the pressure deadline never fenced within the wall backstop (1000 ms). The refusal is honest and terminal for this write; investigate the membership plane (finding 29)
[2026-09-06T04:17:42Z ERROR squeezefs::block_allocator] bounded allocation refusing StorageFull after 1011 ms parked with 0 offset(s) still in grace locally (lane harvest horizon 8839 ms): the pressure deadline never fenced within the wall backstop (1000 ms). The refusal is honest and terminal for this write; investigate the membership plane (finding 29)
[2026-09-06T04:17:42Z ERROR squeezefs::block_allocator] bounded allocation refusing StorageFull after 1013 ms parked with 0 offset(s) still in grace locally (lane harvest horizon 8840 ms): the pressure deadline never fenced within the wall backstop (1000 ms). The refusal is honest and terminal for this write; investigate the membership plane (finding 29)
[2026-09-06T04:17:42Z ERROR squeezefs::block_allocator] bounded allocation refusing StorageFull after 1010 ms parked with 0 offset(s) still in grace locally (lane harvest horizon 8842 ms): the pressure deadline never fenced within the wall backstop (1000 ms). The refusal is honest and terminal for this write; investigate the membership plane (finding 29)
[2026-09-06T04:17:42Z ERROR squeezefs::block_allocator] bounded allocation refusing StorageFull after 1009 ms parked with 0 offset(s) still in grace locally (lane harvest horizon 8843 ms): the pressure deadline never fenced within the wall backstop (1000 ms). The refusal is honest and terminal for this write; investigate the membership plane (finding 29)
[2026-09-06T04:17:42Z ERROR squeezefs::block_allocator] bounded allocation refusing StorageFull after 1028 ms parked with 0 offset(s) still in grace locally (lane harvest horizon 8929 ms): the pressure deadline never fenced within the wall backstop (1000 ms). The refusal is honest and terminal for this write; investigate the membership plane (finding 29)
[2026-09-06T04:17:42Z WARN  squeezefs::fuse_client] write-through failed for ino 2 block 1741 (Io(Custom { kind: StorageFull, error: "I/O error: data volume 'nvme4n1' full: 8180 of 8192 blocks allocated — lane 3 of 16 is exhausted while 0 free block(s) belong to lanes this mount does not own (alloc_lane_enospc_refusals; reach them by adopting a lane whose holder is proven dead, or grow the volume set — docs/operations.md §Multi-writer capacity planning)" })); falling back to staging
[2026-09-06T04:17:43Z ERROR squeezefs::block_allocator] bounded allocation refusing StorageFull after 1028 ms parked with 0 offset(s) still in grace locally (lane harvest horizon 8787 ms): the pressure deadline never fenced within the wall backstop (1000 ms). The refusal is honest and terminal for this write; investigate the membership plane (finding 29)
[2026-09-06T04:17:43Z ERROR squeezefs::block_allocator] I/O error: data volume 'nvme4n1' full: 8180 of 8192 blocks allocated — lane 3 of 16 is exhausted while 0 free block(s) belong to lanes this mount does not own (alloc_lane_enospc_refusals; reach them by adopting a lane whose holder is proven dead, or grow the volume set — docs/operations.md §Multi-writer capacity planning)
[2026-09-06T04:17:43Z ERROR squeezefs::block_allocator] bounded allocation refusing StorageFull after 1016 ms parked with 0 offset(s) still in grace locally (lane harvest horizon 8808 ms): the pressure deadline never fenced within the wall backstop (1000 ms). The refusal is honest and terminal for this write; investigate the membership plane (finding 29)
[2026-09-06T04:17:43Z WARN  squeezefs::fuse_client] write-through failed for ino 2 block 1772 (Io(Custom { kind: StorageFull, error: "I/O error: data volume 'nvme4n1' full: 8180 of 8192 blocks allocated — lane 3 of 16 is exhausted while 0 free block(s) belong to lanes this mount does not own (alloc_lane_enospc_refusals; reach them by adopting a lane whose holder is proven dead, or grow the volume set — docs/operations.md §Multi-writer capacity planning)" })); falling back to staging
[2026-09-06T04:17:43Z ERROR squeezefs::block_allocator] bounded allocation refusing StorageFull after 1022 ms parked with 0 offset(s) still in grace locally (lane harvest horizon 8834 ms): the pressure deadline never fenced within the wall backstop (1000 ms). The refusal is honest and terminal for this write; investigate the membership plane (finding 29)
[2026-09-06T04:17:43Z ERROR squeezefs::block_allocator] bounded allocation refusing StorageFull after 1019 ms parked with 0 offset(s) still in grace locally (lane harvest horizon 8835 ms): the pressure deadline never fenced within the wall backstop (1000 ms). The refusal is honest and terminal for this write; investigate the membership plane (finding 29)
[2026-09-06T04:17:43Z WARN  squeezefs::fuse_client] write-through failed for ino 2 block 1806 (Io(Custom { kind: StorageFull, error: "I/O error: data volume 'nvme4n1' full: 8180 of 8192 blocks allocated — lane 3 of 16 is exhausted while 0 free block(s) belong to lanes this mount does not own (alloc_lane_enospc_refusals; reach them by adopting a lane whose holder is proven dead, or grow the volume set — docs/operations.md §Multi-writer capacity planning)" })); falling back to staging
[2026-09-06T04:17:43Z ERROR squeezefs::block_allocator] bounded allocation refusing StorageFull after 1024 ms parked with 0 offset(s) still in grace locally (lane harvest horizon 8835 ms): the pressure deadline never fenced within the wall backstop (1000 ms). The refusal is honest and terminal for this write; investigate the membership plane (finding 29)
[2026-09-06T04:17:43Z ERROR squeezefs::block_allocator] bounded allocation refusing StorageFull after 1017 ms parked with 0 offset(s) still in grace locally (lane harvest horizon 8857 ms): the pressure deadline never fenced within the wall backstop (1000 ms). The refusal is honest and terminal for this write; investigate the membership plane (finding 29)
[2026-09-06T04:17:43Z ERROR squeezefs::block_allocator] bounded allocation refusing StorageFull after 1015 ms parked with 0 offset(s) still in grace locally (lane harvest horizon 8862 ms): the pressure deadline never fenced within the wall backstop (1000 ms). The refusal is honest and terminal for this write; investigate the membership plane (finding 29)
[2026-09-06T04:17:43Z ERROR squeezefs::block_allocator] bounded allocation refusing StorageFull after 1014 ms parked with 0 offset(s) still in grace locally (lane harvest horizon 8861 ms): the pressure deadline never fenced within the wall backstop (1000 ms). The refusal is honest and terminal for this write; investigate the membership plane (finding 29)
[2026-09-06T04:17:43Z ERROR squeezefs::block_allocator] bounded allocation refusing StorageFull after 1021 ms parked with 0 offset(s) still in grace locally (lane harvest horizon 8864 ms): the pressure deadline never fenced within the wall backstop (1000 ms). The refusal is honest and terminal for this write; investigate the membership plane (finding 29)
[2026-09-06T04:17:43Z WARN  squeezefs::fuse_client] write-through failed for ino 2 block 1965 (Io(Custom { kind: StorageFull, error: "I/O error: data volume 'nvme4n1' full: 8180 of 8192 blocks allocated — lane 3 of 16 is exhausted while 0 free block(s) belong to lanes this mount does not own (alloc_lane_enospc_refusals; reach them by adopting a lane whose holder is proven dead, or grow the volume set — docs/operations.md §Multi-writer capacity planning)" })); falling back to staging
[2026-09-06T04:17:43Z ERROR squeezefs::block_allocator] bounded allocation refusing StorageFull after 1019 ms parked with 0 offset(s) still in grace locally (lane harvest horizon 8868 ms): the pressure deadline never fenced within the wall backstop (1000 ms). The refusal is honest and terminal for this write; investigate the membership plane (finding 29)
[2026-09-06T04:17:43Z ERROR squeezefs::block_allocator] bounded allocation refusing StorageFull after 1015 ms parked with 0 offset(s) still in grace locally (lane harvest horizon 8868 ms): the pressure deadline never fenced within the wall backstop (1000 ms). The refusal is honest and terminal for this write; investigate the membership plane (finding 29)
[2026-09-06T04:17:43Z ERROR squeezefs::block_allocator] bounded allocation refusing StorageFull after 1013 ms parked with 0 offset(s) still in grace locally (lane harvest horizon 8882 ms): the pressure deadline never fenced within the wall backstop (1000 ms). The refusal is honest and terminal for this write; investigate the membership plane (finding 29)
[2026-09-06T04:17:43Z ERROR squeezefs::block_allocator] bounded allocation refusing StorageFull after 1012 ms parked with 0 offset(s) still in grace locally (lane harvest horizon 8886 ms): the pressure deadline never fenced within the wall backstop (1000 ms). The refusal is honest and terminal for this write; investigate the membership plane (finding 29)
[2026-09-06T04:17:43Z ERROR squeezefs::block_allocator] bounded allocation refusing StorageFull after 1015 ms parked with 0 offset(s) still in grace locally (lane harvest horizon 8891 ms): the pressure deadline never fenced within the wall backstop (1000 ms). The refusal is honest and terminal for this write; investigate the membership plane (finding 29)
[2026-09-06T04:17:43Z ERROR squeezefs::block_allocator] bounded allocation refusing StorageFull after 1026 ms parked with 0 offset(s) still in grace locally (lane harvest horizon 8898 ms): the pressure deadline never fenced within the wall backstop (1000 ms). The refusal is honest and terminal for this write; investigate the membership plane (finding 29)
[2026-09-06T04:17:43Z ERROR squeezefs::block_allocator] bounded allocation refusing StorageFull after 1018 ms parked with 0 offset(s) still in grace locally (lane harvest horizon 8900 ms): the pressure deadline never fenced within the wall backstop (1000 ms). The refusal is honest and terminal for this write; investigate the membership plane (finding 29)
[2026-09-06T04:17:43Z ERROR squeezefs::block_allocator] bounded allocation refusing StorageFull after 1028 ms parked with 0 offset(s) still in grace locally (lane harvest horizon 8910 ms): the pressure deadline never fenced within the wall backstop (1000 ms). The refusal is honest and terminal for this write; investigate the membership plane (finding 29)
[2026-09-06T04:17:43Z ERROR squeezefs::block_allocator] bounded allocation refusing StorageFull after 1020 ms parked with 0 offset(s) still in grace locally (lane harvest horizon 8910 ms): the pressure deadline never fenced within the wall backstop (1000 ms). The refusal is honest and terminal for this write; investigate the membership plane (finding 29)
[2026-09-06T04:17:43Z ERROR squeezefs::block_allocator] bounded allocation refusing StorageFull after 1020 ms parked with 0 offset(s) still in grace locally (lane harvest horizon 8917 ms): the pressure deadline never fenced within the wall backstop (1000 ms). The refusal is honest and terminal for this write; investigate the membership plane (finding 29)
[2026-09-06T04:17:43Z ERROR squeezefs::block_allocator] bounded allocation refusing StorageFull after 1021 ms parked with 0 offset(s) still in grace locally (lane harvest horizon 8926 ms): the pressure deadline never fenced within the wall backstop (1000 ms). The refusal is honest and terminal for this write; investigate the membership plane (finding 29)
[2026-09-06T04:17:43Z ERROR squeezefs::block_allocator] bounded allocation refusing StorageFull after 1023 ms parked with 0 offset(s) still in grace locally (lane harvest horizon 8931 ms): the pressure deadline never fenced within the wall backstop (1000 ms). The refusal is honest and terminal for this write; investigate the membership plane (finding 29)
[2026-09-06T04:17:43Z ERROR squeezefs::block_allocator] bounded allocation refusing StorageFull after 1015 ms parked with 0 offset(s) still in grace locally (lane harvest horizon 8932 ms): the pressure deadline never fenced within the wall backstop (1000 ms). The refusal is honest and terminal for this write; investigate the membership plane (finding 29)
[2026-09-06T04:17:43Z ERROR squeezefs::block_allocator] bounded allocation refusing StorageFull after 1017 ms parked with 0 offset(s) still in grace locally (lane harvest horizon 8936 ms): the pressure deadline never fenced within the wall backstop (1000 ms). The refusal is honest and terminal for this write; investigate the membership plane (finding 29)
[2026-09-06T04:17:43Z ERROR squeezefs::block_allocator] bounded allocation refusing StorageFull after 1029 ms parked with 0 offset(s) still in grace locally (lane harvest horizon 8939 ms): the pressure deadline never fenced within the wall backstop (1000 ms). The refusal is honest and terminal for this write; investigate the membership plane (finding 29)
[2026-09-06T04:17:44Z ERROR squeezefs::block_allocator] I/O error: data volume 'nvme4n1' full: 8180 of 8192 blocks allocated — lane 3 of 16 is exhausted while 0 free block(s) belong to lanes this mount does not own (alloc_lane_enospc_refusals; reach them by adopting a lane whose holder is proven dead, or grow the volume set — docs/operations.md §Multi-writer capacity planning)
[2026-09-06T04:17:44Z ERROR squeezefs::block_allocator] bounded allocation refusing StorageFull after 1025 ms parked with 0 offset(s) still in grace locally (lane harvest horizon 8815 ms): the pressure deadline never fenced within the wall backstop (1000 ms). The refusal is honest and terminal for this write; investigate the membership plane (finding 29)
[2026-09-06T04:17:44Z ERROR squeezefs::block_allocator] bounded allocation refusing StorageFull after 1011 ms parked with 0 offset(s) still in grace locally (lane harvest horizon 8849 ms): the pressure deadline never fenced within the wall backstop (1000 ms). The refusal is honest and terminal for this write; investigate the membership plane (finding 29)
[2026-09-06T04:17:44Z ERROR squeezefs::block_allocator] bounded allocation refusing StorageFull after 1015 ms parked with 0 offset(s) still in grace locally (lane harvest horizon 8876 ms): the pressure deadline never fenced within the wall backstop (1000 ms). The refusal is honest and terminal for this write; investigate the membership plane (finding 29)
[2026-09-06T04:17:44Z WARN  squeezefs::fuse_client] write-through failed for ino 2 block 1836 (Io(Custom { kind: StorageFull, error: "I/O error: data volume 'nvme4n1' full: 8180 of 8192 blocks allocated — lane 3 of 16 is exhausted while 0 free block(s) belong to lanes this mount does not own (alloc_lane_enospc_refusals; reach them by adopting a lane whose holder is proven dead, or grow the volume set — docs/operations.md §Multi-writer capacity planning)" })); falling back to staging
[2026-09-06T04:17:44Z ERROR squeezefs::block_allocator] bounded allocation refusing StorageFull after 1015 ms parked with 0 offset(s) still in grace locally (lane harvest horizon 8881 ms): the pressure deadline never fenced within the wall backstop (1000 ms). The refusal is honest and terminal for this write; investigate the membership plane (finding 29)
[2026-09-06T04:17:44Z WARN  squeezefs::fuse_client] write-through failed for ino 2 block 1900 (Io(Custom { kind: StorageFull, error: "I/O error: data volume 'nvme4n1' full: 8180 of 8192 blocks allocated — lane 3 of 16 is exhausted while 0 free block(s) belong to lanes this mount does not own (alloc_lane_enospc_refusals; reach them by adopting a lane whose holder is proven dead, or grow the volume set — docs/operations.md §Multi-writer capacity planning)" })); falling back to staging
[2026-09-06T04:17:44Z ERROR squeezefs::block_allocator] bounded allocation refusing StorageFull after 1013 ms parked with 0 offset(s) still in grace locally (lane harvest horizon 8890 ms): the pressure deadline never fenced within the wall backstop (1000 ms). The refusal is honest and terminal for this write; investigate the membership plane (finding 29)
[2026-09-06T04:17:44Z ERROR squeezefs::block_allocator] bounded allocation refusing StorageFull after 1020 ms parked with 0 offset(s) still in grace locally (lane harvest horizon 8915 ms): the pressure deadline never fenced within the wall backstop (1000 ms). The refusal is honest and terminal for this write; investigate the membership plane (finding 29)
[2026-09-06T04:17:44Z ERROR squeezefs::block_allocator] bounded allocation refusing StorageFull after 1016 ms parked with 0 offset(s) still in grace locally (lane harvest horizon 8927 ms): the pressure deadline never fenced within the wall backstop (1000 ms). The refusal is honest and terminal for this write; investigate the membership plane (finding 29)
[2026-09-06T04:17:44Z ERROR squeezefs::block_allocator] bounded allocation refusing StorageFull after 1012 ms parked with 0 offset(s) still in grace locally (lane harvest horizon 8932 ms): the pressure deadline never fenced within the wall backstop (1000 ms). The refusal is honest and terminal for this write; investigate the membership plane (finding 29)
[2026-09-06T04:17:44Z ERROR squeezefs::block_allocator] bounded allocation refusing StorageFull after 1015 ms parked with 0 offset(s) still in grace locally (lane harvest horizon 8937 ms): the pressure deadline never fenced within the wall backstop (1000 ms). The refusal is honest and terminal for this write; investigate the membership plane (finding 29)
[2026-09-06T04:17:44Z ERROR squeezefs::block_allocator] bounded allocation refusing StorageFull after 1016 ms parked with 0 offset(s) still in grace locally (lane harvest horizon 8958 ms): the pressure deadline never fenced within the wall backstop (1000 ms). The refusal is honest and terminal for this write; investigate the membership plane (finding 29)
[2026-09-06T04:17:44Z ERROR squeezefs::block_allocator] bounded allocation refusing StorageFull after 1011 ms parked with 0 offset(s) still in grace locally (lane harvest horizon 8975 ms): the pressure deadline never fenced within the wall backstop (1000 ms). The refusal is honest and terminal for this write; investigate the membership plane (finding 29)
[2026-09-06T04:17:44Z ERROR squeezefs::block_allocator] bounded allocation refusing StorageFull after 1019 ms parked with 0 offset(s) still in grace locally (lane harvest horizon 9016 ms): the pressure deadline never fenced within the wall backstop (1000 ms). The refusal is honest and terminal for this write; investigate the membership plane (finding 29)
[2026-09-06T04:17:44Z ERROR squeezefs::block_allocator] bounded allocation refusing StorageFull after 1011 ms parked with 0 offset(s) still in grace locally (lane harvest horizon 9075 ms): the pressure deadline never fenced within the wall backstop (1000 ms). The refusal is honest and terminal for this write; investigate the membership plane (finding 29)
[2026-09-06T04:17:44Z WARN  squeezefs::fuse_client] flush write-through failed for ino 2 block 1965 (Io(Custom { kind: Other, error: "coalesced publish failed: I/O error: I/O error: data volume 'nvme4n1' full: 8180 of 8192 blocks allocated — lane 3 of 16 is exhausted while 0 free block(s) belong to lanes this mount does not own (alloc_lane_enospc_refusals; reach them by adopting a lane whose holder is proven dead, or grow the volume set — docs/operations.md §Multi-writer capacity planning)" })); degrading to the staging leg (fsync durability bar)
[2026-09-06T04:17:47Z ERROR squeezefs::fuse_client] FUSE Fsync: FlushExtents barrier for ino 2 failed: Refused { errno: 5, msg: "I/O error: block 18 of inode_2 did not settle after 4 serialized stripe-held settle attempts (binding/incarnation mutator outside the stripe/merge disciplines — see invariant_tripwires)" }
[2026-09-06T04:17:47Z ERROR squeezefs::fuse_client] Squeezefs operational error: Refused { errno: 5, msg: "I/O error: block 18 of inode_2 did not settle after 4 serialized stripe-held settle attempts (binding/incarnation mutator outside the stripe/merge disciplines — see invariant_tripwires)" }
[2026-09-06T04:17:47Z ERROR squeezefs::meta_ship::publish] S9: the authority refused 1 shipped free(s) (vol_tag 0xad7b1d37b0829b08, request 7360): already free/graced/quarantined — the double-release lineage, surfaced on the authority's own tripwire
[2026-09-06T04:17:49Z ERROR squeezefs::fuse_client] FUSE Fsync: FlushExtents barrier for ino 2 failed: Refused { errno: 5, msg: "I/O error: block 18 of inode_2 did not settle after 4 serialized stripe-held settle attempts (binding/incarnation mutator outside the stripe/merge disciplines — see invariant_tripwires)" }
[2026-09-06T04:17:49Z ERROR squeezefs::fuse_client] Squeezefs operational error: Refused { errno: 5, msg: "I/O error: block 18 of inode_2 did not settle after 4 serialized stripe-held settle attempts (binding/incarnation mutator outside the stripe/merge disciplines — see invariant_tripwires)" }
[2026-09-06T04:17:49Z ERROR squeezefs::meta_ship::publish] S9: the authority refused 1 shipped free(s) (vol_tag 0xad7b1d37b0829b08, request 7373): already free/graced/quarantined — the double-release lineage, surfaced on the authority's own tripwire
[2026-09-06T04:17:50Z ERROR squeezefs::fuse_client] FUSE Fsync: FlushExtents barrier for ino 2 failed: Refused { errno: 5, msg: "I/O error: block 18 of inode_2 did not settle after 4 serialized stripe-held settle attempts (binding/incarnation mutator outside the stripe/merge disciplines — see invariant_tripwires)" }
[2026-09-06T04:17:50Z ERROR squeezefs::fuse_client] Squeezefs operational error: Refused { errno: 5, msg: "I/O error: block 18 of inode_2 did not settle after 4 serialized stripe-held settle attempts (binding/incarnation mutator outside the stripe/merge disciplines — see invariant_tripwires)" }
[2026-09-06T04:17:51Z ERROR squeezefs::fuse_client] FUSE Fsync: FlushExtents barrier for ino 2 failed: Refused { errno: 5, msg: "I/O error: block 18 of inode_2 did not settle after 4 serialized stripe-held settle attempts (binding/incarnation mutator outside the stripe/merge disciplines — see invariant_tripwires)" }
[2026-09-06T04:17:51Z ERROR squeezefs::fuse_client] Squeezefs operational error: Refused { errno: 5, msg: "I/O error: block 18 of inode_2 did not settle after 4 serialized stripe-held settle attempts (binding/incarnation mutator outside the stripe/merge disciplines — see invariant_tripwires)" }
[2026-09-06T04:17:52Z ERROR squeezefs::fuse_client] Squeezefs operational error: Refused { errno: 5, msg: "Lock expired or invalid fencing token: 3298534893505 (expected >= 3298534893512)" }
[2026-09-06T04:17:55Z ERROR squeezefs::block_allocator] I/O error: data volume 'nvme3n1' full: 8180 of 8192 blocks allocated — lane 3 of 16 is exhausted while 0 free block(s) belong to lanes this mount does not own (alloc_lane_enospc_refusals; reach them by adopting a lane whose holder is proven dead, or grow the volume set — docs/operations.md §Multi-writer capacity planning)
[2026-09-06T04:17:56Z ERROR squeezefs::block_allocator] I/O error: data volume 'nvme3n1' full: 8180 of 8192 blocks allocated — lane 3 of 16 is exhausted while 0 free block(s) belong to lanes this mount does not own (alloc_lane_enospc_refusals; reach them by adopting a lane whose holder is proven dead, or grow the volume set — docs/operations.md §Multi-writer capacity planning)
[2026-09-06T04:17:57Z ERROR squeezefs::block_allocator] I/O error: data volume 'nvme3n1' full: 8180 of 8192 blocks allocated — lane 3 of 16 is exhausted while 0 free block(s) belong to lanes this mount does not own (alloc_lane_enospc_refusals; reach them by adopting a lane whose holder is proven dead, or grow the volume set — docs/operations.md §Multi-writer capacity planning)
[2026-09-06T04:18:33Z ERROR squeezefs::block_allocator] I/O error: data volume 'nvme3n1' full: 8180 of 8192 blocks allocated — lane 3 of 16 is exhausted while 0 free block(s) belong to lanes this mount does not own (alloc_lane_enospc_refusals; reach them by adopting a lane whose holder is proven dead, or grow the volume set — docs/operations.md §Multi-writer capacity planning)
[2026-09-06T04:18:34Z ERROR fuse3::raw::connection::fuse_over_uring] transport payload lease held 1329 ms (≥ 1 s) — overlong handler invocation or a §5.4 severance escape; watch transport_lease_overlong / transport_parked_commits
[2026-09-06T04:18:34Z ERROR fuse3::raw::connection::fuse_over_uring] transport payload lease held 2381 ms (≥ 1 s) — overlong handler invocation or a §5.4 severance escape; watch transport_lease_overlong / transport_parked_commits
[2026-09-06T04:18:34Z ERROR fuse3::raw::connection::fuse_over_uring] transport payload lease held 2256 ms (≥ 1 s) — overlong handler invocation or a §5.4 severance escape; watch transport_lease_overlong / transport_parked_commits
[2026-09-06T04:18:34Z ERROR fuse3::raw::connection::fuse_over_uring] transport payload lease held 2255 ms (≥ 1 s) — overlong handler invocation or a §5.4 severance escape; watch transport_lease_overlong / transport_parked_commits
[2026-09-06T04:18:34Z ERROR fuse3::raw::connection::fuse_over_uring] transport payload lease held 2255 ms (≥ 1 s) — overlong handler invocation or a §5.4 severance escape; watch transport_lease_overlong / transport_parked_commits
[2026-09-06T04:18:34Z ERROR squeezefs::block_allocator] I/O error: data volume 'nvme3n1' full: 8180 of 8192 blocks allocated — lane 3 of 16 is exhausted while 0 free block(s) belong to lanes this mount does not own (alloc_lane_enospc_refusals; reach them by adopting a lane whose holder is proven dead, or grow the volume set — docs/operations.md §Multi-writer capacity planning)
[2026-09-06T04:18:34Z ERROR squeezefs::block_allocator] bounded allocation refusing StorageFull after 1026 ms parked with 0 offset(s) still in grace locally (lane harvest horizon 16383 ms): the pressure deadline never fenced within the wall backstop (1000 ms). The refusal is honest and terminal for this write; investigate the membership plane (finding 29)
[2026-09-06T04:18:34Z ERROR squeezefs::block_allocator] bounded allocation refusing StorageFull after 1041 ms parked with 0 offset(s) still in grace locally (lane harvest horizon 16401 ms): the pressure deadline never fenced within the wall backstop (1000 ms). The refusal is honest and terminal for this write; investigate the membership plane (finding 29)
[2026-09-06T04:18:34Z ERROR squeezefs::block_allocator] bounded allocation refusing StorageFull after 1039 ms parked with 0 offset(s) still in grace locally (lane harvest horizon 16427 ms): the pressure deadline never fenced within the wall backstop (1000 ms). The refusal is honest and terminal for this write; investigate the membership plane (finding 29)
[2026-09-06T04:18:34Z ERROR squeezefs::block_allocator] bounded allocation refusing StorageFull after 1042 ms parked with 0 offset(s) still in grace locally (lane harvest horizon 16433 ms): the pressure deadline never fenced within the wall backstop (1000 ms). The refusal is honest and terminal for this write; investigate the membership plane (finding 29)
[2026-09-06T04:18:34Z ERROR squeezefs::block_allocator] bounded allocation refusing StorageFull after 1047 ms parked with 0 offset(s) still in grace locally (lane harvest horizon 16534 ms): the pressure deadline never fenced within the wall backstop (1000 ms). The refusal is honest and terminal for this write; investigate the membership plane (finding 29)
[2026-09-06T04:18:34Z ERROR squeezefs::block_allocator] bounded allocation refusing StorageFull after 1033 ms parked with 0 offset(s) still in grace locally (lane harvest horizon 16550 ms): the pressure deadline never fenced within the wall backstop (1000 ms). The refusal is honest and terminal for this write; investigate the membership plane (finding 29)
[2026-09-06T04:18:34Z ERROR squeezefs::block_allocator] bounded allocation refusing StorageFull after 1026 ms parked with 0 offset(s) still in grace locally (lane harvest horizon 16705 ms): the pressure deadline never fenced within the wall backstop (1000 ms). The refusal is honest and terminal for this write; investigate the membership plane (finding 29)
[2026-09-06T04:18:35Z ERROR squeezefs::block_allocator] I/O error: data volume 'nvme3n1' full: 8180 of 8192 blocks allocated — lane 3 of 16 is exhausted while 0 free block(s) belong to lanes this mount does not own (alloc_lane_enospc_refusals; reach them by adopting a lane whose holder is proven dead, or grow the volume set — docs/operations.md §Multi-writer capacity planning)
[2026-09-06T04:18:35Z ERROR squeezefs::block_allocator] bounded allocation refusing StorageFull after 1028 ms parked with 0 offset(s) still in grace locally (lane harvest horizon 17413 ms): the pressure deadline never fenced within the wall backstop (1000 ms). The refusal is honest and terminal for this write; investigate the membership plane (finding 29)
[2026-09-06T04:18:35Z ERROR squeezefs::block_allocator] bounded allocation refusing StorageFull after 1030 ms parked with 0 offset(s) still in grace locally (lane harvest horizon 17415 ms): the pressure deadline never fenced within the wall backstop (1000 ms). The refusal is honest and terminal for this write; investigate the membership plane (finding 29)
[2026-09-06T04:18:35Z ERROR squeezefs::block_allocator] bounded allocation refusing StorageFull after 1004 ms parked with 0 offset(s) still in grace locally (lane harvest horizon 17434 ms): the pressure deadline never fenced within the wall backstop (1000 ms). The refusal is honest and terminal for this write; investigate the membership plane (finding 29)
[2026-09-06T04:18:35Z ERROR squeezefs::block_allocator] bounded allocation refusing StorageFull after 1007 ms parked with 0 offset(s) still in grace locally (lane harvest horizon 17441 ms): the pressure deadline never fenced within the wall backstop (1000 ms). The refusal is honest and terminal for this write; investigate the membership plane (finding 29)
[2026-09-06T04:18:35Z ERROR squeezefs::block_allocator] bounded allocation refusing StorageFull after 1006 ms parked with 0 offset(s) still in grace locally (lane harvest horizon 17442 ms): the pressure deadline never fenced within the wall backstop (1000 ms). The refusal is honest and terminal for this write; investigate the membership plane (finding 29)
[2026-09-06T04:18:35Z ERROR squeezefs::block_allocator] bounded allocation refusing StorageFull after 1039 ms parked with 0 offset(s) still in grace locally (lane harvest horizon 17443 ms): the pressure deadline never fenced within the wall backstop (1000 ms). The refusal is honest and terminal for this write; investigate the membership plane (finding 29)
[2026-09-06T04:18:35Z ERROR squeezefs::block_allocator] bounded allocation refusing StorageFull after 1045 ms parked with 0 offset(s) still in grace locally (lane harvest horizon 17447 ms): the pressure deadline never fenced within the wall backstop (1000 ms). The refusal is honest and terminal for this write; investigate the membership plane (finding 29)
[2026-09-06T04:18:35Z ERROR squeezefs::block_allocator] bounded allocation refusing StorageFull after 1025 ms parked with 0 offset(s) still in grace locally (lane harvest horizon 17456 ms): the pressure deadline never fenced within the wall backstop (1000 ms). The refusal is honest and terminal for this write; investigate the membership plane (finding 29)
[2026-09-06T04:18:35Z ERROR squeezefs::block_allocator] bounded allocation refusing StorageFull after 1002 ms parked with 0 offset(s) still in grace locally (lane harvest horizon 17540 ms): the pressure deadline never fenced within the wall backstop (1000 ms). The refusal is honest and terminal for this write; investigate the membership plane (finding 29)
[2026-09-06T04:18:35Z ERROR squeezefs::block_allocator] bounded allocation refusing StorageFull after 1029 ms parked with 0 offset(s) still in grace locally (lane harvest horizon 17566 ms): the pressure deadline never fenced within the wall backstop (1000 ms). The refusal is honest and terminal for this write; investigate the membership plane (finding 29)
[2026-09-06T04:18:35Z ERROR squeezefs::block_allocator] bounded allocation refusing StorageFull after 1049 ms parked with 0 offset(s) still in grace locally (lane harvest horizon 17585 ms): the pressure deadline never fenced within the wall backstop (1000 ms). The refusal is honest and terminal for this write; investigate the membership plane (finding 29)
[2026-09-06T04:18:35Z ERROR squeezefs::block_allocator] bounded allocation refusing StorageFull after 1036 ms parked with 0 offset(s) still in grace locally (lane harvest horizon 17592 ms): the pressure deadline never fenced within the wall backstop (1000 ms). The refusal is honest and terminal for this write; investigate the membership plane (finding 29)
[2026-09-06T04:18:35Z ERROR squeezefs::block_allocator] bounded allocation refusing StorageFull after 1038 ms parked with 0 offset(s) still in grace locally (lane harvest horizon 17592 ms): the pressure deadline never fenced within the wall backstop (1000 ms). The refusal is honest and terminal for this write; investigate the membership plane (finding 29)
[2026-09-06T04:18:35Z ERROR squeezefs::block_allocator] bounded allocation refusing StorageFull after 1036 ms parked with 0 offset(s) still in grace locally (lane harvest horizon 17745 ms): the pressure deadline never fenced within the wall backstop (1000 ms). The refusal is honest and terminal for this write; investigate the membership plane (finding 29)
[2026-09-06T04:18:35Z ERROR squeezefs::block_allocator] bounded allocation refusing StorageFull after 1028 ms parked with 0 offset(s) still in grace locally (lane harvest horizon 17759 ms): the pressure deadline never fenced within the wall backstop (1000 ms). The refusal is honest and terminal for this write; investigate the membership plane (finding 29)
[2026-09-06T04:18:36Z ERROR squeezefs::block_allocator] I/O error: data volume 'nvme3n1' full: 8180 of 8192 blocks allocated — lane 3 of 16 is exhausted while 0 free block(s) belong to lanes this mount does not own (alloc_lane_enospc_refusals; reach them by adopting a lane whose holder is proven dead, or grow the volume set — docs/operations.md §Multi-writer capacity planning)
[2026-09-06T04:18:36Z ERROR squeezefs::block_allocator] bounded allocation refusing StorageFull after 1010 ms parked with 0 offset(s) still in grace locally (lane harvest horizon 18426 ms): the pressure deadline never fenced within the wall backstop (1000 ms). The refusal is honest and terminal for this write; investigate the membership plane (finding 29)
[2026-09-06T04:18:36Z ERROR squeezefs::block_allocator] bounded allocation refusing StorageFull after 1014 ms parked with 0 offset(s) still in grace locally (lane harvest horizon 18440 ms): the pressure deadline never fenced within the wall backstop (1000 ms). The refusal is honest and terminal for this write; investigate the membership plane (finding 29)
[2026-09-06T04:18:36Z ERROR squeezefs::block_allocator] bounded allocation refusing StorageFull after 1011 ms parked with 0 offset(s) still in grace locally (lane harvest horizon 18453 ms): the pressure deadline never fenced within the wall backstop (1000 ms). The refusal is honest and terminal for this write; investigate the membership plane (finding 29)
[2026-09-06T04:18:36Z WARN  squeezefs::fuse_client] write-through failed for ino 2 block 1742 (Io(Custom { kind: StorageFull, error: "I/O error: data volume 'nvme3n1' full: 8180 of 8192 blocks allocated — lane 3 of 16 is exhausted while 0 free block(s) belong to lanes this mount does not own (alloc_lane_enospc_refusals; reach them by adopting a lane whose holder is proven dead, or grow the volume set — docs/operations.md §Multi-writer capacity planning)" })); falling back to staging
[2026-09-06T04:18:36Z ERROR squeezefs::block_allocator] bounded allocation refusing StorageFull after 1012 ms parked with 0 offset(s) still in grace locally (lane harvest horizon 18456 ms): the pressure deadline never fenced within the wall backstop (1000 ms). The refusal is honest and terminal for this write; investigate the membership plane (finding 29)
[2026-09-06T04:18:36Z WARN  squeezefs::fuse_client] write-through failed for ino 2 block 1678 (Io(Custom { kind: StorageFull, error: "I/O error: data volume 'nvme3n1' full: 8180 of 8192 blocks allocated — lane 3 of 16 is exhausted while 0 free block(s) belong to lanes this mount does not own (alloc_lane_enospc_refusals; reach them by adopting a lane whose holder is proven dead, or grow the volume set — docs/operations.md §Multi-writer capacity planning)" })); falling back to staging
[2026-09-06T04:18:36Z ERROR squeezefs::block_allocator] bounded allocation refusing StorageFull after 1013 ms parked with 0 offset(s) still in grace locally (lane harvest horizon 18462 ms): the pressure deadline never fenced within the wall backstop (1000 ms). The refusal is honest and terminal for this write; investigate the membership plane (finding 29)
[2026-09-06T04:18:36Z ERROR squeezefs::block_allocator] bounded allocation refusing StorageFull after 1015 ms parked with 0 offset(s) still in grace locally (lane harvest horizon 18464 ms): the pressure deadline never fenced within the wall backstop (1000 ms). The refusal is honest and terminal for this write; investigate the membership plane (finding 29)
[2026-09-06T04:18:36Z ERROR squeezefs::block_allocator] bounded allocation refusing StorageFull after 1009 ms parked with 0 offset(s) still in grace locally (lane harvest horizon 18467 ms): the pressure deadline never fenced within the wall backstop (1000 ms). The refusal is honest and terminal for this write; investigate the membership plane (finding 29)
[2026-09-06T04:18:36Z ERROR squeezefs::block_allocator] bounded allocation refusing StorageFull after 1012 ms parked with 0 offset(s) still in grace locally (lane harvest horizon 18554 ms): the pressure deadline never fenced within the wall backstop (1000 ms). The refusal is honest and terminal for this write; investigate the membership plane (finding 29)
[2026-09-06T04:18:36Z ERROR squeezefs::block_allocator] bounded allocation refusing StorageFull after 1009 ms parked with 0 offset(s) still in grace locally (lane harvest horizon 18558 ms): the pressure deadline never fenced within the wall backstop (1000 ms). The refusal is honest and terminal for this write; investigate the membership plane (finding 29)
[2026-09-06T04:18:36Z ERROR squeezefs::block_allocator] bounded allocation refusing StorageFull after 1011 ms parked with 0 offset(s) still in grace locally (lane harvest horizon 18594 ms): the pressure deadline never fenced within the wall backstop (1000 ms). The refusal is honest and terminal for this write; investigate the membership plane (finding 29)
[2026-09-06T04:18:36Z ERROR squeezefs::block_allocator] bounded allocation refusing StorageFull after 1013 ms parked with 0 offset(s) still in grace locally (lane harvest horizon 18600 ms): the pressure deadline never fenced within the wall backstop (1000 ms). The refusal is honest and terminal for this write; investigate the membership plane (finding 29)
[2026-09-06T04:18:36Z ERROR squeezefs::block_allocator] bounded allocation refusing StorageFull after 1013 ms parked with 0 offset(s) still in grace locally (lane harvest horizon 18606 ms): the pressure deadline never fenced within the wall backstop (1000 ms). The refusal is honest and terminal for this write; investigate the membership plane (finding 29)
[2026-09-06T04:18:36Z WARN  squeezefs::fuse_client] write-through failed for ino 2 block 1806 (Io(Custom { kind: StorageFull, error: "I/O error: data volume 'nvme3n1' full: 8180 of 8192 blocks allocated — lane 3 of 16 is exhausted while 0 free block(s) belong to lanes this mount does not own (alloc_lane_enospc_refusals; reach them by adopting a lane whose holder is proven dead, or grow the volume set — docs/operations.md §Multi-writer capacity planning)" })); falling back to staging
[2026-09-06T04:18:36Z ERROR squeezefs::block_allocator] bounded allocation refusing StorageFull after 1011 ms parked with 0 offset(s) still in grace locally (lane harvest horizon 18607 ms): the pressure deadline never fenced within the wall backstop (1000 ms). The refusal is honest and terminal for this write; investigate the membership plane (finding 29)
[2026-09-06T04:18:36Z ERROR squeezefs::block_allocator] bounded allocation refusing StorageFull after 1010 ms parked with 0 offset(s) still in grace locally (lane harvest horizon 18629 ms): the pressure deadline never fenced within the wall backstop (1000 ms). The refusal is honest and terminal for this write; investigate the membership plane (finding 29)
[2026-09-06T04:18:36Z ERROR squeezefs::block_allocator] bounded allocation refusing StorageFull after 1010 ms parked with 0 offset(s) still in grace locally (lane harvest horizon 18629 ms): the pressure deadline never fenced within the wall backstop (1000 ms). The refusal is honest and terminal for this write; investigate the membership plane (finding 29)
[2026-09-06T04:18:36Z ERROR squeezefs::block_allocator] bounded allocation refusing StorageFull after 1011 ms parked with 0 offset(s) still in grace locally (lane harvest horizon 18632 ms): the pressure deadline never fenced within the wall backstop (1000 ms). The refusal is honest and terminal for this write; investigate the membership plane (finding 29)
[2026-09-06T04:18:36Z ERROR squeezefs::block_allocator] bounded allocation refusing StorageFull after 1015 ms parked with 0 offset(s) still in grace locally (lane harvest horizon 18634 ms): the pressure deadline never fenced within the wall backstop (1000 ms). The refusal is honest and terminal for this write; investigate the membership plane (finding 29)
[2026-09-06T04:18:36Z ERROR squeezefs::block_allocator] bounded allocation refusing StorageFull after 1012 ms parked with 0 offset(s) still in grace locally (lane harvest horizon 18638 ms): the pressure deadline never fenced within the wall backstop (1000 ms). The refusal is honest and terminal for this write; investigate the membership plane (finding 29)
[2026-09-06T04:18:36Z ERROR squeezefs::block_allocator] bounded allocation refusing StorageFull after 1013 ms parked with 0 offset(s) still in grace locally (lane harvest horizon 18657 ms): the pressure deadline never fenced within the wall backstop (1000 ms). The refusal is honest and terminal for this write; investigate the membership plane (finding 29)
[2026-09-06T04:18:36Z ERROR squeezefs::block_allocator] bounded allocation refusing StorageFull after 1008 ms parked with 0 offset(s) still in grace locally (lane harvest horizon 18677 ms): the pressure deadline never fenced within the wall backstop (1000 ms). The refusal is honest and terminal for this write; investigate the membership plane (finding 29)
[2026-09-06T04:18:36Z ERROR squeezefs::block_allocator] bounded allocation refusing StorageFull after 1015 ms parked with 0 offset(s) still in grace locally (lane harvest horizon 18696 ms): the pressure deadline never fenced within the wall backstop (1000 ms). The refusal is honest and terminal for this write; investigate the membership plane (finding 29)
[2026-09-06T04:18:36Z ERROR squeezefs::block_allocator] bounded allocation refusing StorageFull after 1011 ms parked with 0 offset(s) still in grace locally (lane harvest horizon 18771 ms): the pressure deadline never fenced within the wall backstop (1000 ms). The refusal is honest and terminal for this write; investigate the membership plane (finding 29)
[2026-09-06T04:18:36Z ERROR squeezefs::block_allocator] bounded allocation refusing StorageFull after 1009 ms parked with 0 offset(s) still in grace locally (lane harvest horizon 18771 ms): the pressure deadline never fenced within the wall backstop (1000 ms). The refusal is honest and terminal for this write; investigate the membership plane (finding 29)
[2026-09-06T04:18:37Z ERROR squeezefs::block_allocator] I/O error: data volume 'nvme3n1' full: 8180 of 8192 blocks allocated — lane 3 of 16 is exhausted while 0 free block(s) belong to lanes this mount does not own (alloc_lane_enospc_refusals; reach them by adopting a lane whose holder is proven dead, or grow the volume set — docs/operations.md §Multi-writer capacity planning)
[2026-09-06T04:18:37Z ERROR squeezefs::block_allocator] bounded allocation refusing StorageFull after 1011 ms parked with 0 offset(s) still in grace locally (lane harvest horizon 19452 ms): the pressure deadline never fenced within the wall backstop (1000 ms). The refusal is honest and terminal for this write; investigate the membership plane (finding 29)
[2026-09-06T04:18:37Z WARN  squeezefs::routing] rewrite epoch close for ino 2 failed transiently (Io(Custom { kind: StorageFull, error: "I/O error: data volume 'nvme3n1' full: 8180 of 8192 blocks allocated — lane 3 of 16 is exhausted while 0 free block(s) belong to lanes this mount does not own (alloc_lane_enospc_refusals; reach them by adopting a lane whose holder is proven dead, or grow the volume set — docs/operations.md §Multi-writer capacity planning)" })); the epoch stays registered (never-lossy) — the next close trigger retries
[2026-09-06T04:18:37Z ERROR squeezefs::block_allocator] bounded allocation refusing StorageFull after 1015 ms parked with 0 offset(s) still in grace locally (lane harvest horizon 19481 ms): the pressure deadline never fenced within the wall backstop (1000 ms). The refusal is honest and terminal for this write; investigate the membership plane (finding 29)
[2026-09-06T04:18:37Z ERROR squeezefs::block_allocator] bounded allocation refusing StorageFull after 1010 ms parked with 0 offset(s) still in grace locally (lane harvest horizon 19564 ms): the pressure deadline never fenced within the wall backstop (1000 ms). The refusal is honest and terminal for this write; investigate the membership plane (finding 29)
[2026-09-06T04:18:37Z WARN  squeezefs::fuse_client] write-through failed for ino 2 block 1516 (Io(Custom { kind: StorageFull, error: "I/O error: data volume 'nvme3n1' full: 8180 of 8192 blocks allocated — lane 3 of 16 is exhausted while 0 free block(s) belong to lanes this mount does not own (alloc_lane_enospc_refusals; reach them by adopting a lane whose holder is proven dead, or grow the volume set — docs/operations.md §Multi-writer capacity planning)" })); falling back to staging
[2026-09-06T04:18:37Z ERROR squeezefs::block_allocator] bounded allocation refusing StorageFull after 1019 ms parked with 0 offset(s) still in grace locally (lane harvest horizon 19613 ms): the pressure deadline never fenced within the wall backstop (1000 ms). The refusal is honest and terminal for this write; investigate the membership plane (finding 29)
[2026-09-06T04:18:37Z WARN  squeezefs::fuse_client] write-through failed for ino 2 block 1774 (Io(Custom { kind: StorageFull, error: "I/O error: data volume 'nvme3n1' full: 8180 of 8192 blocks allocated — lane 3 of 16 is exhausted while 0 free block(s) belong to lanes this mount does not own (alloc_lane_enospc_refusals; reach them by adopting a lane whose holder is proven dead, or grow the volume set — docs/operations.md §Multi-writer capacity planning)" })); falling back to staging
[2026-09-06T04:18:37Z ERROR squeezefs::block_allocator] bounded allocation refusing StorageFull after 1014 ms parked with 0 offset(s) still in grace locally (lane harvest horizon 19623 ms): the pressure deadline never fenced within the wall backstop (1000 ms). The refusal is honest and terminal for this write; investigate the membership plane (finding 29)
[2026-09-06T04:18:37Z ERROR squeezefs::block_allocator] bounded allocation refusing StorageFull after 1010 ms parked with 0 offset(s) still in grace locally (lane harvest horizon 19641 ms): the pressure deadline never fenced within the wall backstop (1000 ms). The refusal is honest and terminal for this write; investigate the membership plane (finding 29)
[2026-09-06T04:18:37Z ERROR squeezefs::block_allocator] bounded allocation refusing StorageFull after 1010 ms parked with 0 offset(s) still in grace locally (lane harvest horizon 19645 ms): the pressure deadline never fenced within the wall backstop (1000 ms). The refusal is honest and terminal for this write; investigate the membership plane (finding 29)
[2026-09-06T04:18:37Z ERROR squeezefs::block_allocator] bounded allocation refusing StorageFull after 1015 ms parked with 0 offset(s) still in grace locally (lane harvest horizon 19647 ms): the pressure deadline never fenced within the wall backstop (1000 ms). The refusal is honest and terminal for this write; investigate the membership plane (finding 29)
[2026-09-06T04:18:37Z ERROR squeezefs::block_allocator] bounded allocation refusing StorageFull after 1011 ms parked with 0 offset(s) still in grace locally (lane harvest horizon 19647 ms): the pressure deadline never fenced within the wall backstop (1000 ms). The refusal is honest and terminal for this write; investigate the membership plane (finding 29)
[2026-09-06T04:18:37Z ERROR squeezefs::block_allocator] bounded allocation refusing StorageFull after 1012 ms parked with 0 offset(s) still in grace locally (lane harvest horizon 19646 ms): the pressure deadline never fenced within the wall backstop (1000 ms). The refusal is honest and terminal for this write; investigate the membership plane (finding 29)
[2026-09-06T04:18:37Z ERROR squeezefs::block_allocator] bounded allocation refusing StorageFull after 1014 ms parked with 0 offset(s) still in grace locally (lane harvest horizon 19649 ms): the pressure deadline never fenced within the wall backstop (1000 ms). The refusal is honest and terminal for this write; investigate the membership plane (finding 29)
[2026-09-06T04:18:37Z ERROR squeezefs::block_allocator] bounded allocation refusing StorageFull after 1012 ms parked with 0 offset(s) still in grace locally (lane harvest horizon 19649 ms): the pressure deadline never fenced within the wall backstop (1000 ms). The refusal is honest and terminal for this write; investigate the membership plane (finding 29)
[2026-09-06T04:18:37Z ERROR squeezefs::block_allocator] bounded allocation refusing StorageFull after 1013 ms parked with 0 offset(s) still in grace locally (lane harvest horizon 19784 ms): the pressure deadline never fenced within the wall backstop (1000 ms). The refusal is honest and terminal for this write; investigate the membership plane (finding 29)
[2026-09-06T04:18:37Z WARN  squeezefs::fuse_client] write-through failed for ino 2 block 1612 (Io(Custom { kind: StorageFull, error: "I/O error: data volume 'nvme3n1' full: 8180 of 8192 blocks allocated — lane 3 of 16 is exhausted while 0 free block(s) belong to lanes this mount does not own (alloc_lane_enospc_refusals; reach them by adopting a lane whose holder is proven dead, or grow the volume set — docs/operations.md §Multi-writer capacity planning)" })); falling back to staging
[2026-09-06T04:18:38Z ERROR squeezefs::block_allocator] I/O error: data volume 'nvme3n1' full: 8180 of 8192 blocks allocated — lane 3 of 16 is exhausted while 0 free block(s) belong to lanes this mount does not own (alloc_lane_enospc_refusals; reach them by adopting a lane whose holder is proven dead, or grow the volume set — docs/operations.md §Multi-writer capacity planning)
[2026-09-06T04:18:38Z ERROR squeezefs::block_allocator] bounded allocation refusing StorageFull after 1011 ms parked with 0 offset(s) still in grace locally (lane harvest horizon 20463 ms): the pressure deadline never fenced within the wall backstop (1000 ms). The refusal is honest and terminal for this write; investigate the membership plane (finding 29)
[2026-09-06T04:18:38Z ERROR squeezefs::block_allocator] bounded allocation refusing StorageFull after 1014 ms parked with 0 offset(s) still in grace locally (lane harvest horizon 20467 ms): the pressure deadline never fenced within the wall backstop (1000 ms). The refusal is honest and terminal for this write; investigate the membership plane (finding 29)
[2026-09-06T04:18:38Z ERROR squeezefs::block_allocator] bounded allocation refusing StorageFull after 1011 ms parked with 0 offset(s) still in grace locally (lane harvest horizon 20475 ms): the pressure deadline never fenced within the wall backstop (1000 ms). The refusal is honest and terminal for this write; investigate the membership plane (finding 29)
[2026-09-06T04:18:38Z ERROR squeezefs::block_allocator] bounded allocation refusing StorageFull after 1012 ms parked with 0 offset(s) still in grace locally (lane harvest horizon 20493 ms): the pressure deadline never fenced within the wall backstop (1000 ms). The refusal is honest and terminal for this write; investigate the membership plane (finding 29)
[2026-09-06T04:18:38Z ERROR fuse3::raw::connection::fuse_over_uring] transport payload lease held 1012 ms (≥ 1 s) — overlong handler invocation or a §5.4 severance escape; watch transport_lease_overlong / transport_parked_commits
[2026-09-06T04:18:38Z ERROR squeezefs::block_allocator] bounded allocation refusing StorageFull after 1013 ms parked with 0 offset(s) still in grace locally (lane harvest horizon 20502 ms): the pressure deadline never fenced within the wall backstop (1000 ms). The refusal is honest and terminal for this write; investigate the membership plane (finding 29)
[2026-09-06T04:18:38Z ERROR squeezefs::block_allocator] bounded allocation refusing StorageFull after 1011 ms parked with 0 offset(s) still in grace locally (lane harvest horizon 20513 ms): the pressure deadline never fenced within the wall backstop (1000 ms). The refusal is honest and terminal for this write; investigate the membership plane (finding 29)
[2026-09-06T04:18:38Z ERROR squeezefs::block_allocator] bounded allocation refusing StorageFull after 1013 ms parked with 0 offset(s) still in grace locally (lane harvest horizon 20522 ms): the pressure deadline never fenced within the wall backstop (1000 ms). The refusal is honest and terminal for this write; investigate the membership plane (finding 29)
[2026-09-06T04:18:38Z ERROR squeezefs::block_allocator] bounded allocation refusing StorageFull after 1017 ms parked with 0 offset(s) still in grace locally (lane harvest horizon 20571 ms): the pressure deadline never fenced within the wall backstop (1000 ms). The refusal is honest and terminal for this write; investigate the membership plane (finding 29)
[2026-09-06T04:18:38Z ERROR squeezefs::block_allocator] bounded allocation refusing StorageFull after 1010 ms parked with 0 offset(s) still in grace locally (lane harvest horizon 20645 ms): the pressure deadline never fenced within the wall backstop (1000 ms). The refusal is honest and terminal for this write; investigate the membership plane (finding 29)
[2026-09-06T04:18:38Z ERROR squeezefs::block_allocator] bounded allocation refusing StorageFull after 1013 ms parked with 0 offset(s) still in grace locally (lane harvest horizon 20658 ms): the pressure deadline never fenced within the wall backstop (1000 ms). The refusal is honest and terminal for this write; investigate the membership plane (finding 29)
[2026-09-06T04:18:38Z WARN  squeezefs::fuse_client] write-through failed for ino 2 block 1677 (Io(Custom { kind: StorageFull, error: "I/O error: data volume 'nvme3n1' full: 8180 of 8192 blocks allocated — lane 3 of 16 is exhausted while 0 free block(s) belong to lanes this mount does not own (alloc_lane_enospc_refusals; reach them by adopting a lane whose holder is proven dead, or grow the volume set — docs/operations.md §Multi-writer capacity planning)" })); falling back to staging
[2026-09-06T04:18:38Z ERROR squeezefs::block_allocator] bounded allocation refusing StorageFull after 1011 ms parked with 0 offset(s) still in grace locally (lane harvest horizon 20661 ms): the pressure deadline never fenced within the wall backstop (1000 ms). The refusal is honest and terminal for this write; investigate the membership plane (finding 29)
[2026-09-06T04:18:38Z WARN  squeezefs::fuse_client] write-through failed for ino 2 block 1645 (Io(Custom { kind: StorageFull, error: "I/O error: data volume 'nvme3n1' full: 8180 of 8192 blocks allocated — lane 3 of 16 is exhausted while 0 free block(s) belong to lanes this mount does not own (alloc_lane_enospc_refusals; reach them by adopting a lane whose holder is proven dead, or grow the volume set — docs/operations.md §Multi-writer capacity planning)" })); falling back to staging
[2026-09-06T04:18:38Z ERROR squeezefs::block_allocator] bounded allocation refusing StorageFull after 1014 ms parked with 0 offset(s) still in grace locally (lane harvest horizon 20666 ms): the pressure deadline never fenced within the wall backstop (1000 ms). The refusal is honest and terminal for this write; investigate the membership plane (finding 29)
[2026-09-06T04:18:38Z ERROR squeezefs::block_allocator] bounded allocation refusing StorageFull after 1013 ms parked with 0 offset(s) still in grace locally (lane harvest horizon 20669 ms): the pressure deadline never fenced within the wall backstop (1000 ms). The refusal is honest and terminal for this write; investigate the membership plane (finding 29)
[2026-09-06T04:18:38Z ERROR squeezefs::block_allocator] bounded allocation refusing StorageFull after 1014 ms parked with 0 offset(s) still in grace locally (lane harvest horizon 20671 ms): the pressure deadline never fenced within the wall backstop (1000 ms). The refusal is honest and terminal for this write; investigate the membership plane (finding 29)
[2026-09-06T04:18:38Z ERROR squeezefs::block_allocator] bounded allocation refusing StorageFull after 1014 ms parked with 0 offset(s) still in grace locally (lane harvest horizon 20702 ms): the pressure deadline never fenced within the wall backstop (1000 ms). The refusal is honest and terminal for this write; investigate the membership plane (finding 29)
[2026-09-06T04:18:38Z ERROR squeezefs::block_allocator] bounded allocation refusing StorageFull after 1014 ms parked with 0 offset(s) still in grace locally (lane harvest horizon 20705 ms): the pressure deadline never fenced within the wall backstop (1000 ms). The refusal is honest and terminal for this write; investigate the membership plane (finding 29)
[2026-09-06T04:18:38Z ERROR squeezefs::block_allocator] bounded allocation refusing StorageFull after 1017 ms parked with 0 offset(s) still in grace locally (lane harvest horizon 20706 ms): the pressure deadline never fenced within the wall backstop (1000 ms). The refusal is honest and terminal for this write; investigate the membership plane (finding 29)
[2026-09-06T04:18:38Z ERROR squeezefs::block_allocator] bounded allocation refusing StorageFull after 1015 ms parked with 0 offset(s) still in grace locally (lane harvest horizon 20706 ms): the pressure deadline never fenced within the wall backstop (1000 ms). The refusal is honest and terminal for this write; investigate the membership plane (finding 29)
[2026-09-06T04:18:38Z ERROR squeezefs::block_allocator] bounded allocation refusing StorageFull after 1018 ms parked with 0 offset(s) still in grace locally (lane harvest horizon 20727 ms): the pressure deadline never fenced within the wall backstop (1000 ms). The refusal is honest and terminal for this write; investigate the membership plane (finding 29)
[2026-09-06T04:18:38Z ERROR squeezefs::block_allocator] bounded allocation refusing StorageFull after 1012 ms parked with 0 offset(s) still in grace locally (lane harvest horizon 20728 ms): the pressure deadline never fenced within the wall backstop (1000 ms). The refusal is honest and terminal for this write; investigate the membership plane (finding 29)
[2026-09-06T04:18:38Z ERROR squeezefs::block_allocator] bounded allocation refusing StorageFull after 1016 ms parked with 0 offset(s) still in grace locally (lane harvest horizon 20755 ms): the pressure deadline never fenced within the wall backstop (1000 ms). The refusal is honest and terminal for this write; investigate the membership plane (finding 29)
[2026-09-06T04:18:38Z ERROR squeezefs::block_allocator] bounded allocation refusing StorageFull after 1013 ms parked with 0 offset(s) still in grace locally (lane harvest horizon 20779 ms): the pressure deadline never fenced within the wall backstop (1000 ms). The refusal is honest and terminal for this write; investigate the membership plane (finding 29)
[2026-09-06T04:18:39Z ERROR squeezefs::block_allocator] bounded allocation refusing StorageFull after 1013 ms parked with 0 offset(s) still in grace locally (lane harvest horizon 21027 ms): the pressure deadline never fenced within the wall backstop (1000 ms). The refusal is honest and terminal for this write; investigate the membership plane (finding 29)
[2026-09-06T04:18:39Z ERROR squeezefs::block_allocator] bounded allocation refusing StorageFull after 1016 ms parked with 0 offset(s) still in grace locally (lane harvest horizon 21032 ms): the pressure deadline never fenced within the wall backstop (1000 ms). The refusal is honest and terminal for this write; investigate the membership plane (finding 29)
[2026-09-06T04:18:39Z ERROR squeezefs::block_allocator] bounded allocation refusing StorageFull after 1017 ms parked with 0 offset(s) still in grace locally (lane harvest horizon 21034 ms): the pressure deadline never fenced within the wall backstop (1000 ms). The refusal is honest and terminal for this write; investigate the membership plane (finding 29)
[2026-09-06T04:18:39Z ERROR squeezefs::block_allocator] bounded allocation refusing StorageFull after 1017 ms parked with 0 offset(s) still in grace locally (lane harvest horizon 21034 ms): the pressure deadline never fenced within the wall backstop (1000 ms). The refusal is honest and terminal for this write; investigate the membership plane (finding 29)
[2026-09-06T04:18:39Z ERROR squeezefs::block_allocator] bounded allocation refusing StorageFull after 1013 ms parked with 0 offset(s) still in grace locally (lane harvest horizon 21044 ms): the pressure deadline never fenced within the wall backstop (1000 ms). The refusal is honest and terminal for this write; investigate the membership plane (finding 29)
[2026-09-06T04:18:39Z ERROR squeezefs::block_allocator] bounded allocation refusing StorageFull after 1014 ms parked with 0 offset(s) still in grace locally (lane harvest horizon 21059 ms): the pressure deadline never fenced within the wall backstop (1000 ms). The refusal is honest and terminal for this write; investigate the membership plane (finding 29)
[2026-09-06T04:18:39Z ERROR fuse3::raw::connection::fuse_over_uring] transport payload lease held 1013 ms (≥ 1 s) — overlong handler invocation or a §5.4 severance escape; watch transport_lease_overlong / transport_parked_commits
[2026-09-06T04:18:39Z ERROR squeezefs::block_allocator] bounded allocation refusing StorageFull after 1017 ms parked with 0 offset(s) still in grace locally (lane harvest horizon 21075 ms): the pressure deadline never fenced within the wall backstop (1000 ms). The refusal is honest and terminal for this write; investigate the membership plane (finding 29)
[2026-09-06T04:18:39Z ERROR squeezefs::block_allocator] I/O error: data volume 'nvme3n1' full: 8180 of 8192 blocks allocated — lane 3 of 16 is exhausted while 0 free block(s) belong to lanes this mount does not own (alloc_lane_enospc_refusals; reach them by adopting a lane whose holder is proven dead, or grow the volume set — docs/operations.md §Multi-writer capacity planning)
[2026-09-06T04:18:39Z ERROR squeezefs::block_allocator] bounded allocation refusing StorageFull after 1013 ms parked with 0 offset(s) still in grace locally (lane harvest horizon 20798 ms): the pressure deadline never fenced within the wall backstop (1000 ms). The refusal is honest and terminal for this write; investigate the membership plane (finding 29)
[2026-09-06T04:18:39Z WARN  squeezefs::fuse_client] write-through failed for ino 2 block 1740 (Io(Custom { kind: StorageFull, error: "I/O error: data volume 'nvme3n1' full: 8180 of 8192 blocks allocated — lane 3 of 16 is exhausted while 0 free block(s) belong to lanes this mount does not own (alloc_lane_enospc_refusals; reach them by adopting a lane whose holder is proven dead, or grow the volume set — docs/operations.md §Multi-writer capacity planning)" })); falling back to staging
[2026-09-06T04:18:39Z ERROR squeezefs::block_allocator] bounded allocation refusing StorageFull after 1011 ms parked with 0 offset(s) still in grace locally (lane harvest horizon 20808 ms): the pressure deadline never fenced within the wall backstop (1000 ms). The refusal is honest and terminal for this write; investigate the membership plane (finding 29)
[2026-09-06T04:18:39Z ERROR squeezefs::block_allocator] bounded allocation refusing StorageFull after 1013 ms parked with 0 offset(s) still in grace locally (lane harvest horizon 20838 ms): the pressure deadline never fenced within the wall backstop (1000 ms). The refusal is honest and terminal for this write; investigate the membership plane (finding 29)
[2026-09-06T04:18:39Z ERROR squeezefs::block_allocator] bounded allocation refusing StorageFull after 1015 ms parked with 0 offset(s) still in grace locally (lane harvest horizon 20857 ms): the pressure deadline never fenced within the wall backstop (1000 ms). The refusal is honest and terminal for this write; investigate the membership plane (finding 29)
[2026-09-06T04:18:39Z ERROR squeezefs::block_allocator] bounded allocation refusing StorageFull after 1013 ms parked with 0 offset(s) still in grace locally (lane harvest horizon 20977 ms): the pressure deadline never fenced within the wall backstop (1000 ms). The refusal is honest and terminal for this write; investigate the membership plane (finding 29)
[2026-09-06T04:18:39Z WARN  squeezefs::routing] rewrite epoch close for ino 2 failed transiently (Io(Custom { kind: StorageFull, error: "I/O error: data volume 'nvme3n1' full: 8180 of 8192 blocks allocated — lane 3 of 16 is exhausted while 0 free block(s) belong to lanes this mount does not own (alloc_lane_enospc_refusals; reach them by adopting a lane whose holder is proven dead, or grow the volume set — docs/operations.md §Multi-writer capacity planning)" })); the epoch stays registered (never-lossy) — the next close trigger retries
[2026-09-06T04:18:39Z ERROR squeezefs::block_allocator] bounded allocation refusing StorageFull after 1015 ms parked with 0 offset(s) still in grace locally (lane harvest horizon 21005 ms): the pressure deadline never fenced within the wall backstop (1000 ms). The refusal is honest and terminal for this write; investigate the membership plane (finding 29)
[2026-09-06T04:18:39Z WARN  squeezefs::fuse_client] write-through failed for ino 2 block 1773 (Io(Custom { kind: StorageFull, error: "I/O error: data volume 'nvme3n1' full: 8180 of 8192 blocks allocated — lane 3 of 16 is exhausted while 0 free block(s) belong to lanes this mount does not own (alloc_lane_enospc_refusals; reach them by adopting a lane whose holder is proven dead, or grow the volume set — docs/operations.md §Multi-writer capacity planning)" })); falling back to staging
[2026-09-06T04:18:39Z ERROR squeezefs::block_allocator] bounded allocation refusing StorageFull after 1013 ms parked with 0 offset(s) still in grace locally (lane harvest horizon 21035 ms): the pressure deadline never fenced within the wall backstop (1000 ms). The refusal is honest and terminal for this write; investigate the membership plane (finding 29)
[2026-09-06T04:18:39Z ERROR squeezefs::block_allocator] bounded allocation refusing StorageFull after 1016 ms parked with 0 offset(s) still in grace locally (lane harvest horizon 21041 ms): the pressure deadline never fenced within the wall backstop (1000 ms). The refusal is honest and terminal for this write; investigate the membership plane (finding 29)
[2026-09-06T04:18:39Z ERROR squeezefs::block_allocator] bounded allocation refusing StorageFull after 1018 ms parked with 0 offset(s) still in grace locally (lane harvest horizon 21044 ms): the pressure deadline never fenced within the wall backstop (1000 ms). The refusal is honest and terminal for this write; investigate the membership plane (finding 29)
[2026-09-06T04:18:39Z ERROR squeezefs::block_allocator] bounded allocation refusing StorageFull after 1014 ms parked with 0 offset(s) still in grace locally (lane harvest horizon 21062 ms): the pressure deadline never fenced within the wall backstop (1000 ms). The refusal is honest and terminal for this write; investigate the membership plane (finding 29)
[2026-09-06T04:18:39Z ERROR squeezefs::block_allocator] bounded allocation refusing StorageFull after 1014 ms parked with 0 offset(s) still in grace locally (lane harvest horizon 21113 ms): the pressure deadline never fenced within the wall backstop (1000 ms). The refusal is honest and terminal for this write; investigate the membership plane (finding 29)
[2026-09-06T04:18:40Z ERROR squeezefs::block_allocator] I/O error: data volume 'nvme3n1' full: 8180 of 8192 blocks allocated — lane 3 of 16 is exhausted while 0 free block(s) belong to lanes this mount does not own (alloc_lane_enospc_refusals; reach them by adopting a lane whose holder is proven dead, or grow the volume set — docs/operations.md §Multi-writer capacity planning)
[2026-09-06T04:18:40Z ERROR squeezefs::block_allocator] bounded allocation refusing StorageFull after 1018 ms parked with 0 offset(s) still in grace locally (lane harvest horizon 12498 ms): the pressure deadline never fenced within the wall backstop (1000 ms). The refusal is honest and terminal for this write; investigate the membership plane (finding 29)
[2026-09-06T04:18:40Z ERROR squeezefs::block_allocator] bounded allocation refusing StorageFull after 1018 ms parked with 0 offset(s) still in grace locally (lane harvest horizon 12538 ms): the pressure deadline never fenced within the wall backstop (1000 ms). The refusal is honest and terminal for this write; investigate the membership plane (finding 29)
[2026-09-06T04:18:40Z WARN  squeezefs::fuse_client] write-through failed for ino 2 block 1967 (Io(Custom { kind: StorageFull, error: "I/O error: data volume 'nvme3n1' full: 8180 of 8192 blocks allocated — lane 3 of 16 is exhausted while 0 free block(s) belong to lanes this mount does not own (alloc_lane_enospc_refusals; reach them by adopting a lane whose holder is proven dead, or grow the volume set — docs/operations.md §Multi-writer capacity planning)" })); falling back to staging
[2026-09-06T04:18:40Z ERROR squeezefs::meta_ship::publish] S9: the authority refused 1 shipped free(s) (vol_tag 0xc5e11286df218556, request 9651): already free/graced/quarantined — the double-release lineage, surfaced on the authority's own tripwire
[2026-09-06T04:18:42Z ERROR squeezefs::fuse_client] FUSE Fsync: FlushExtents barrier for ino 2 failed: Refused { errno: 5, msg: "I/O error: block 18 of inode_2 did not settle after 4 serialized stripe-held settle attempts (binding/incarnation mutator outside the stripe/merge disciplines — see invariant_tripwires)" }
[2026-09-06T04:18:42Z ERROR squeezefs::fuse_client] Squeezefs operational error: Refused { errno: 5, msg: "I/O error: block 18 of inode_2 did not settle after 4 serialized stripe-held settle attempts (binding/incarnation mutator outside the stripe/merge disciplines — see invariant_tripwires)" }
[2026-09-06T04:18:42Z ERROR squeezefs::meta_ship::publish] S9: the authority refused 1 shipped free(s) (vol_tag 0xc5e11286df218556, request 9693): already free/graced/quarantined — the double-release lineage, surfaced on the authority's own tripwire
[2026-09-06T04:18:43Z ERROR squeezefs::fuse_client] FUSE Fsync: FlushExtents barrier for ino 2 failed: Refused { errno: 5, msg: "I/O error: block 18 of inode_2 did not settle after 4 serialized stripe-held settle attempts (binding/incarnation mutator outside the stripe/merge disciplines — see invariant_tripwires)" }
[2026-09-06T04:18:43Z ERROR squeezefs::fuse_client] Squeezefs operational error: Refused { errno: 5, msg: "I/O error: block 18 of inode_2 did not settle after 4 serialized stripe-held settle attempts (binding/incarnation mutator outside the stripe/merge disciplines — see invariant_tripwires)" }
[2026-09-06T04:18:44Z ERROR squeezefs::fuse_client] FUSE Fsync: FlushExtents barrier for ino 2 failed: Refused { errno: 5, msg: "I/O error: block 18 of inode_2 did not settle after 4 serialized stripe-held settle attempts (binding/incarnation mutator outside the stripe/merge disciplines — see invariant_tripwires)" }
[2026-09-06T04:18:44Z ERROR squeezefs::fuse_client] Squeezefs operational error: Refused { errno: 5, msg: "I/O error: block 18 of inode_2 did not settle after 4 serialized stripe-held settle attempts (binding/incarnation mutator outside the stripe/merge disciplines — see invariant_tripwires)" }
[2026-09-06T04:18:44Z ERROR squeezefs::fuse_client] FUSE Fsync: FlushExtents barrier for ino 2 failed: Refused { errno: 5, msg: "I/O error: block 18 of inode_2 did not settle after 4 serialized stripe-held settle attempts (binding/incarnation mutator outside the stripe/merge disciplines — see invariant_tripwires)" }
[2026-09-06T04:18:44Z ERROR squeezefs::fuse_client] Squeezefs operational error: Refused { errno: 5, msg: "I/O error: block 18 of inode_2 did not settle after 4 serialized stripe-held settle attempts (binding/incarnation mutator outside the stripe/merge disciplines — see invariant_tripwires)" }
