SqueezeFS version 1.2.1 (a24b59a89c44 / a24b59a89c442873dcd527a575ec7abbb318d434) built 1980-01-01T00:00:00Z profile release
======================================================================
  Mount Configuration Summary
----------------------------------------------------------------------
  Volume Name:         squeezefs
  Capacity:            64.00 GiB
  Block Size:          4.00 MiB
  Compression:         none
  Encryption:          none
----------------------------------------------------------------------
Metadata Volumes:
  - [enabled] /dev/nvme1n1 (health: 1000)
  - [enabled] /dev/nvme2n1 (health: 1000)
Data Volumes:
  - [enabled] /dev/nvme3n1 (health: 1000)
  - [enabled] /dev/nvme4n1 (health: 1000)
----------------------------------------------------------------------
Cache/Staging:
  Memory Cache Size:   1GB
  Disk Cache Size:     10GB
  Staging Paths:       none (cache-less)
----------------------------------------------------------------------
Mount Options:
  Mountpoint:          "/mnt/sqz-mwfleet/m51"
  Writeback Cache:     enabled
  Allow Other:         enabled
======================================================================
[2026-09-06T16:10:02Z INFO  squeezefs] root subprocess PATH sanitized (VAL-7i): dropped relative/empty/group-or-world-writable entries; using '/run/wrappers/bin:/run/current-system/sw/bin:/nix/store/7a60q5dgnv6z96c279rc1nalyiw4mgqn-bash-interactive-5.3p15/bin:/nix/store/fpig164lz7fcipbndn61sfd2y2yq363n-patchelf-0.15.2/bin:/nix/store/w88q44gqd1qg5wmkk7v0h97rpiqvam0l-gcc-wrapper-15.3.0/bin:/nix/store/4yxdxw3kppr2pbic95p4mri520rkdag2-gcc-15.3.0/bin:/nix/store/axmdd5wlxg1c9dbblvj09pjhkawqxmqx-glibc-2.42-84-bin/bin:/nix/store/3qgy8q2j64v2m9jy3a5jmssacbblhd4r-coreutils-9.11/bin:/nix/store/rm982p6i9ry7rwq5jn638kdpv0a2331f-binutils-wrapper-2.46/bin:/nix/store/5pa1282x1sasbwhmnah6bny1g9pc2lj1-binutils-2.46/bin:/nix/store/dv55qwamlq68hdiprg1v104ymwh1c27r-cargo-1.97.1/bin:/nix/store/yaa1sq5g4jar7rvlspy7kk2wd98nj6qh-rustc-wrapper-1.97.1/bin:/nix/store/47k26k98v32x56rxiqawdk5qk0r0b6w1-rustfmt-1.97.1/bin:/nix/store/n4c4rzywa0wsfy239bqkgsx8lfhsfmwx-clippy-1.97.1/bin:/nix/store/bvzzl57kpmvzb6aj0v0yc45gvw8ggf2a-go-task-3.53.1/bin:/nix/store/3mkwfy7wnzdngx7nj8nvs60jj2r4gmmc-cargo-audit-0.22.2/bin:/nix/store/7fx93fz9c809w8yjxb0934zw6xcjis58-pkg-config-wrapper-0.29.2/bin:/nix/store/w021fbcg4z6vxihnp6gb6vijyifl051f-clang-wrapper-21.1.8/bin:/nix/store/603yaax3l2jmc0hfv6g3hgjr1qk5jfxk-clang-21.1.8/bin:/nix/store/vs80ag6hsr58wv5fn3nlq8qi32x9hwfi-binutils-wrapper-2.46/bin:/nix/store/06w7nc3znmzbw227ksbcj3kzv2dvnqpd-clang-21.1.8-dev/bin:/nix/store/cfmpcnlljlda8w2y0pw6shpbf7y84nz9-openmpi-5.0.10-dev/bin:/nix/store/b60ygklpk7cznna4bs0dcm6h6ncyh26z-openmpi-5.0.10/bin:/nix/store/b5bpi6zfajzzrwwpgba2q6li3nnya4bs-python3-3.14.7/bin:/nix/store/nsz342365nfvnvyfcjvds75rzw6rx520-nvme-cli-2.16/bin:/nix/store/f7cmpy9nszykh5gfjpxh5ks3pa78nssr-awscli2-2.35.11/bin:/nix/store/lbx1ba84hzgw5ixy47nmzvdmjp8ayqi4-liburing-2.14-bin/bin:/nix/store/wjvj88kk8gv0742k1lwazpxr7lnzgi1a-e2fsprogs-1.47.4-bin/bin:/nix/store/65ql38i4yki6adklv0d83amba6c5cd9i-util-linux-minimal-2.42.2-bin/bin:/nix/store/c4bh8ipd5jwxq44g4m630jswac1bqa6d-xfsprogs-7.1.1-bin/bin:/nix/store/yljbd9wmqsdg89pprp6r7ml0c5a109f7-btrfs-progs-7.1/bin:/nix/store/qhi7wvkfj6k2p38ds1ahc2bldypj5fr0-f2fs-tools-1.16.0/bin:/nix/store/xkwpln569xr659h2vzqv498cm2nvbwx7-exfatprogs-1.4.3/bin:/nix/store/zwv3i1aawb8zmxj029x7lyd0an5q4nj6-util-linux-2.42.2-bin/bin:/nix/store/ync7h8cyhw4nzw2laba4wra6b8mcn9by-compiler-rt-libc-21.1.8/bin:/nix/store/i4kjidyvl8ciwbcwm75g75sriq3knav0-findutils-4.11.0/bin:/nix/store/xw09m9cnc9ayb2j53y2rj8jhm1h7kkxa-diffutils-3.12/bin:/nix/store/4nylac9gazdpsid79qyk0jpqm312b2jx-gnused-4.10/bin:/nix/store/yhr4ps9rdmb55pgqaq246vlh7xfac1dx-gnugrep-3.12/bin:/nix/store/bpy2ps3f0f3gvgvqjwgqriw1j1n840wd-gawk-5.4.1/bin:/nix/store/w2mbg6mcq7k3j088sbwfziy8vsdhyk7v-gnutar-1.35/bin:/nix/store/sd9qcv5s2gxvd6hpp5hk5cixq2bd4jd1-gzip-1.14/bin:/nix/store/622jkvg8hgffly7dca6iif9drvimingx-bzip2-1.0.8-bin/bin:/nix/store/hd36xbvbc0vrn9f9idrfwxznri0ax427-gnumake-4.4.1/bin:/nix/store/9ipfvwnqp1q8ijnmi5sxvlx9r8w34lw3-bash-5.3p15/bin:/nix/store/1rcr9yyj9qlgm3dyin1j37xl7q84h15i-patch-2.8/bin:/nix/store/0fb3jrf20z28598alm6g7rrsw6dz2cqj-xz-5.8.3-bin/bin:/nix/store/xcab8m6wdrd30l10bw3hkz32yiibynzv-file-5.48/bin:/home/justin/.local/share/flatpak/exports/bin:/nix/store/444h3sfs9fk7fi8hif6wgg11rkc24vjd-ghostty-1.3.1/bin'
Mounting as a CO-WRITER (DLM stage S9): this mount holds NO metadata authority — every metadata mutation ships to the authority that holds the D0 claim — and writes data only under custody that authority grants. Admission runs a five-rung ladder and refuses loudly naming the rung; see docs/operations.md §Multi-writer co-writer mounts.
[2026-09-06T16:10:02Z INFO  squeezefs::nvme_dev] data volume /dev/nvme3n1: write_cache=write-through (durability barrier: io_uring Fsync/DATASYNC per device, coalesced)
[2026-09-06T16:10:02Z INFO  squeezefs] writer-scoped staging ENGAGED: client scope w_1c4e7f3e0e89c39d.ma806466d (staging generation "v3:bdccf72d09bb48e6b1c03c1aa8c9cf4e|v3:3d42525dcdb943f8a9c2d2fdc145a87c@node:1c4e7f3e0e89c39d.ma806466d") — staging keys carry the scope and this client's staging roots are bound to it
[2026-09-06T16:10:02Z INFO  squeezefs::cache::gds] GPU Direct Storage: No discrete GPU environment found. GDS bypassed.
[2026-09-06T16:10:02Z INFO  squeezefs] Registering data volume 'nvme3n1' at path /dev/nvme3n1 (state active)
[2026-09-06T16:10:02Z INFO  squeezefs] Registering data volume 'nvme4n1' at path /dev/nvme4n1 (state active)
[2026-09-06T16:10:02Z INFO  squeezefs::nvme_dev] data volume /dev/nvme4n1: write_cache=write-through (durability barrier: io_uring Fsync/DATASYNC per device, coalesced)
[2026-09-06T16:10:02Z INFO  squeezefs::nvme_dev] NvmeBlockDev /dev/nvme3n1: read submission fan-out armed (16 lanes)
[2026-09-06T16:10:02Z INFO  squeezefs::nvme_dev] NvmeBlockDev /dev/nvme3n1: write submission fan-out armed (16 lanes, 4194304 B affinity grain)
[2026-09-06T16:10:02Z INFO  squeezefs::nvme_dev] NvmeBlockDev /dev/nvme4n1: read submission fan-out armed (16 lanes)
[2026-09-06T16:10:02Z INFO  squeezefs::nvme_dev] NvmeBlockDev /dev/nvme4n1: write submission fan-out armed (16 lanes, 4194304 B affinity grain)
[2026-09-06T16:10:02Z WARN  squeezefs::data_custody] data-plane WERO ADOPTED (co-located co-writer, 2 namespace(s), authority key 0xaea3d454448d6cda): this mount shares its authority's PR arbitration domain, so the standing hold is its fenceability evidence and NOTHING was registered — the stated honest residual (docs/operations.md §Multi-writer co-writer mounts): on this shape the metadata read-only half is enforced by this mount's own code, not by the device, and its death is proven by the same-host dead-pid ladder, never by a PR preempt
[2026-09-06T16:10:02Z INFO  squeezefs::membership] membership member 'node_1c4e7f3e0e89c39d.ma806466d' (writer) holds lease epoch 2 in term 3: owner deadline 45000 ms, MY deadline 42956 ms (T_owner − 2·skew_max − D_purge, anchored on my send instant), renewing every 10000 ms
[2026-09-06T16:10:02Z INFO  squeezefs::membership] membership MEMBER armed: writer 'node_1c4e7f3e0e89c39d.ma806466d' holds a lease from owner '07042c8d-1db2-4605-bfd2-58dd6e051154' at 192.168.86.52:34663 — visible in `squeezefs clients` with ZERO metadata writes, and the same channel §6.8 item 3's freed-offset acknowledgements ride (DLM S6)
[2026-09-06T16:10:02Z WARN  squeezefs::cowriter] CO-WRITER ADMITTED (DLM S9) over 2 volume(s): node 'node_1c4e7f3e0e89c39d.ma806466d', authority claim '608183af-74c3-4164-9a7a-9eabc315697e' in era 3, membership owner '07042c8d-1db2-4605-bfd2-58dd6e051154' at 192.168.86.52:34663 (member epoch 2), custody at 192.168.86.52:45999, device registrant key 0xaea3d454448d6cda on 2 namespace(s). This mount holds NO metadata authority — every metadata mutation ships — and writes data only under custody the authority grants
[2026-09-06T16:10:02Z INFO  squeezefs::meta_backend::kv::backend] meta volume /dev/nvme1n1: co-writer mount — a LOCAL exclusive holder (the authority's write mount, or a guarded offline verb) holds this volume on this host; the co-writer takes no lock and refuses nothing
[2026-09-06T16:10:02Z WARN  squeezefs::meta_backend::kv::backend] meta volume /dev/nvme1n1: mounted CO-WRITER (DLM S9) under authority claim '608183af-74c3-4164-9a7a-9eabc315697e' (era 3). No writer_claim, no metadata-namespace reservation, no checkpoint task — this mount appends to none of this volume's single-appender structures and ships every metadata mutation. Guarantee class: co-writer
[2026-09-06T16:10:02Z INFO  squeezefs::meta_backend::kv::backend] meta volume /dev/nvme2n1: co-writer mount — a LOCAL exclusive holder (the authority's write mount, or a guarded offline verb) holds this volume on this host; the co-writer takes no lock and refuses nothing
[2026-09-06T16:10:02Z WARN  squeezefs::meta_backend::kv::backend] meta volume /dev/nvme2n1: mounted CO-WRITER (DLM S9) under authority claim '608183af-74c3-4164-9a7a-9eabc315697e' (era 3). No writer_claim, no metadata-namespace reservation, no checkpoint task — this mount appends to none of this volume's single-appender structures and ships every metadata mutation. Guarantee class: co-writer
[2026-09-06T16:10:02Z INFO  squeezefs] meta volume /dev/nvme1n1: format=3 ledger_seq=8 replay_entries=0 replay_dropped_torn=0 replay_ms=2 free_extents=4026 next_ino=2 meta_volume_atomicity=cow-checksummed meta_volume_atomicity_physical=atomic4k writer_guard_mode=co-writer
[2026-09-06T16:10:02Z INFO  squeezefs] meta volume /dev/nvme2n1: format=3 ledger_seq=6 replay_entries=0 replay_dropped_torn=0 replay_ms=2 free_extents=4026 next_ino=2 meta_volume_atomicity=cow-checksummed meta_volume_atomicity_physical=atomic4k writer_guard_mode=co-writer
[2026-09-06T16:10:02Z INFO  squeezefs::fuse_client] Dynamic reclaim concurrency limit configured: 32
[2026-09-06T16:10:02Z INFO  squeezefs] co-writer mount: block-ownership recovery skipped entirely (this mount allocates nothing outside a granted lane and frees nothing locally; the walk's free-completing arm must never run on a snapshot view)
[2026-09-06T16:10:02Z INFO  squeezefs] co-writer mount: job fabric, job wire and the frag-gauge worker are NOT armed (maintenance coordination is the slot-0 volume owner's; this mount cannot write their durable records)
[2026-09-06T16:10:02Z INFO  squeezefs::multi_writer] multi-writer: this mount is a CO-WRITER (SQUEEZEFS_MW_ROLE=co-writer), so the AUTHORITY arm is not run — the co-writer arm installs the client halves of the same three planes (ownership + publish + custody) after its admission ladder passes
[2026-09-06T16:10:02Z WARN  squeezefs::meta_ship::owners] metadata function shipping ARMED (DLM S8): 0 of 2 volumes owned locally, 2 shipped to 1 peer(s) ["608183af-74c3-4164-9a7a-9eabc315697e"]; 0 slots home locally. Metadata verbs on a foreign volume now travel to its owner; the DATA plane still refuses foreign-home custody loud (S9 ships that half)
[2026-09-06T16:10:02Z INFO  squeezefs::membership] membership member 'node_1c4e7f3e0e89c39d.ma806466d' (writer) holds lease epoch 2 in term 3: owner deadline 45000 ms, MY deadline 42956 ms (T_owner − 2·skew_max − D_purge, anchored on my send instant), renewing every 10000 ms
[2026-09-06T16:10:02Z INFO  squeezefs::dlm] fencing: durable writer term 3 adopted (was 0); every token this process mints now dominates every earlier era's (spec §6.7 decision 4)
[2026-09-06T16:10:02Z INFO  squeezefs::block_allocator] data-plane allocation partition engaged on volume 'nvme3n1': lane 5 of 16, reservation grain 64 blocks, 7680 block(s) of this device belong to other lanes (alloc_lane_stranded_bytes)
[2026-09-06T16:10:02Z WARN  squeezefs::alloc_lane_grant] data-plane allocation lane ENGAGED on volume 'nvme3n1': lane 5 of 16, resuming at block 5 (floor OPENED by the authority (this mount never walks)). Fresh allocation is this mount's residue class; frees stay lane-blind
[2026-09-06T16:10:02Z INFO  squeezefs::block_allocator] data-plane allocation partition engaged on volume 'nvme4n1': lane 5 of 16, reservation grain 64 blocks, 7680 block(s) of this device belong to other lanes (alloc_lane_stranded_bytes)
[2026-09-06T16:10:02Z WARN  squeezefs::alloc_lane_grant] data-plane allocation lane ENGAGED on volume 'nvme4n1': lane 5 of 16, resuming at block 5 (floor OPENED by the authority (this mount never walks)). Fresh allocation is this mount's residue class; frees stay lane-blind
[2026-09-06T16:10:02Z WARN  squeezefs::alloc_lane_grant] data-plane allocation lane ENGAGED on volume 'nvme3n1': lane 5 of 16, resuming at block 5 (floor OPENED by the authority (this mount never walks)). Fresh allocation is this mount's residue class; frees stay lane-blind
[2026-09-06T16:10:02Z WARN  squeezefs::cowriter] CO-WRITER ARMED (DLM S9): metadata verbs ship to '608183af-74c3-4164-9a7a-9eabc315697e' at 192.168.86.52:45999, write custody is acquired there, fresh blocks are placed in allocation lane 5 of 16 (durable reservations committed by the authority ahead of every hand-out), and this mount's own free/reclaim accounting stays closed. Data DMA is authorized locally under the custody epoch — only custody travels, never data
[2026-09-06T16:10:02Z INFO  squeezefs] fleet jobs: member worker armed (KD-MW-16 — fleet read shards; SQUEEZEFS_FLEET_JOBS=0 opts out)
Mounting Squeezefs at "/mnt/sqz-mwfleet/m51"...
[2026-09-06T16:10:02Z INFO  squeezefs::fuse_client] Transport payload-buffer cap: 10544 MiB (memory budget 84352 MiB)
[2026-09-06T16:10:02Z WARN  squeezefs::ipc_host] SQUEEZEFS_IPC_ALLOW_DEV is set — the KD-7 build-commit skew gate is RELAXED for this mount (degenerate `unknown`/`-dirty` identities will be admitted, counted in ipc_binds_dev_override). Dev boxes only: a mismatched daemon/shim pair is undefined behavior.
[2026-09-06T16:10:02Z INFO  squeezefs::ipc_host] ipc host: path ctl socket at /run/squeezefs/sqz-il0-310676-b35e1395.sock
[2026-09-06T16:10:02Z INFO  squeezefs::fuse_client] IPC session host armed (socket sqz-il0-310676-b35e1395, session shm cap 10544 MiB)
[2026-09-06T16:10:02Z INFO  squeezefs::fuse_client] SqueezeFS version 1.2.1 (a24b59a89c44 / a24b59a89c442873dcd527a575ec7abbb318d434) built 1980-01-01T00:00:00Z profile release initializing mount
[2026-09-06T16:10:02Z INFO  squeezefs::fuse_client] FUSE Daemon: Mounting squeezefs at "/mnt/sqz-mwfleet/m51"...
[2026-09-06T16:10:02Z INFO  squeezefs::fuse_client] FUSE Daemon: Metadata connection active.
[2026-09-06T16:10:02Z INFO  squeezefs::fuse_client] device-overlay armed: transport streaming holds enabled (SQUEEZEFS_DEVICE_OVERLAY)
[92mOK[0m Squeezefs is ready at "/mnt/sqz-mwfleet/m51"
[2026-09-06T16:10:02Z INFO  squeezefs::fuse_client] FUSE Daemon: Initialized Squeezefs Filesystem mount (version 1.2.1 (a24b59a89c44 / a24b59a89c442873dcd527a575ec7abbb318d434) built 1980-01-01T00:00:00Z profile release).
squeezefs: mount ready (version 1.2.1 (a24b59a89c44 / a24b59a89c442873dcd527a575ec7abbb318d434) built 1980-01-01T00:00:00Z profile release, exe hint: rebuild target/release and reinstall)
[2026-09-06T16:10:02Z INFO  squeezefs::fuse_client] FUSE kernel protocol 7.45 (init flags 0x400007ff73fffffb): FOPEN_NOFLUSH advertised + honored on non-writeback opens (kernel ≥ 7.35) (D2.a; under writeback cache the elision switch is the clean-FLUSH ENOSYS latch — uapi: NOFLUSH applies 'unless FUSE_WRITEBACK_CACHE'); UNKNOWN init capability bits 0x4000040000000000 advertised — investigate whether an atomic-open-class capability is among them (D2.d adoption follow-up)
squeezefs: FUSE kernel 7.45 — FOPEN_NOFLUSH advertised (wb-cache elision = clean-FLUSH ENOSYS latch); UNKNOWN init capability bits 0x4000040000000000 advertised — investigate whether an atomic-open-class capability is among them (D2.d adoption follow-up)
[2026-09-06T16:10:02Z INFO  squeezefs::fuse_client] FUSE_HANDLE_KILLPRIV_V2 negotiated (kernel killpriv probe deleted; daemon owns suid/sgid/caps clearing) for this mount
[2026-09-06T16:10:02Z INFO  squeezefs::fuse_client] IPC session host: mount st_dev resolved (97)
[2026-09-06T16:10:02Z INFO  squeezefs::fuse_client] co-writer mount: writeback flusher, extent-record recovery, fold worker and reclaim pool are NOT armed (nothing here can be dirty, staged or freed by this mount)
[2026-09-06T16:10:02Z WARN  squeezefs::ro_coherence] reader data plane armed (DLM S5): block allocation, terminal frees, device reclaim, the W1 in-place patch and in-place overwrites are all refused on this mount; the reclaim queue is latched halted
[2026-09-06T16:10:02Z INFO  squeezefs::meta_backend::kv::node_cache] node cache armed for coherent reads at checkpoint epoch 8 (tail 9677): cached nodes are dropped on every epoch step, and this mount may not write
[2026-09-06T16:10:02Z INFO  squeezefs::meta_backend::kv::node_cache] node cache armed for coherent reads at checkpoint epoch 6 (tail 8251): cached nodes are dropped on every epoch step, and this mount may not write
[2026-09-06T16:10:02Z INFO  squeezefs::ro_coherence] reader coherence armed on 2/2 volume(s): staleness bound 2s (poll 1s + the writer's ≤1 s checkpoint ceiling), R-6 purge sink installed
[2026-09-06T16:10:02Z INFO  squeezefs::ro_coherence] reader revalidation armed: 2 volume(s), every 1s (the derived cadence — one ledger read per volume per pass; staleness bound 2s)
[2026-09-06T16:10:02Z INFO  fuse3::raw::connection::fuse_over_uring] fuse-over-uring queue-ring setup probe: SINGLE_ISSUER+DEFER_TASKRUN available
[2026-09-06T16:10:02Z INFO  squeezefs::fleet_worker] fleet worker: member 'node_1c4e7f3e0e89c39d.ma806466d' enrolled at coordinator 192.168.86.52:38253 (KD-MW-16 fleet read shards)
FUSE-over-io_uring registered: queues=32 depth=32 payload_sz=1048576 max_write=1048576 max_pages=256 buffers=kmbuf-bufring+zero-copy+retention kmbuf_ops=38/39 (7.1-sqz) fd=137 sqpoll=off drain_groups=32(width<=1)
[2026-09-06T16:10:03Z INFO  fuse3::raw::connection::fuse_over_uring] FUSE-over-io_uring registered: queues=32 depth=32 payload_sz=1048576 max_write=1048576 max_pages=256 buffers=kmbuf-bufring+zero-copy+retention kmbuf_ops=38/39 (7.1-sqz) fd=137 sqpoll=off drain_groups=32(width<=1)
FUSE-over-io_uring session path armed (ready=true, queues=32)
FUSE-over-io_uring transport armed for this session
[2026-09-06T16:10:03Z INFO  fuse3::raw::session] FUSE-over-io_uring transport armed for this session
FUSE-over-io_uring: classical sideband servicer armed (primary session; FORGET/INTERRUPT/resend + switchover stragglers)
[2026-09-06T16:10:28Z ERROR squeezefs::meta_ship::publish] S9: the authority refused 1 shipped free(s) (vol_tag 0xc5e11286df218556, request 231): already free/graced/quarantined — the double-release lineage, surfaced on the authority's own tripwire
[2026-09-06T16:10:32Z ERROR squeezefs::meta_ship::publish] S9: the authority refused 1 shipped free(s) (vol_tag 0xc5e11286df218556, request 272): already free/graced/quarantined — the double-release lineage, surfaced on the authority's own tripwire
[2026-09-06T16:10:32Z ERROR squeezefs::meta_ship::publish] S9: the authority refused 1 shipped free(s) (vol_tag 0xad7b1d37b0829b08, request 287): already free/graced/quarantined — the double-release lineage, surfaced on the authority's own tripwire
[2026-09-06T16:10:34Z ERROR squeezefs::fuse_client] Squeezefs operational error: Refused { errno: 5, msg: "Lock expired or invalid fencing token: 3298534887273 (expected >= 3298534887374)" }
[2026-09-06T16:10:35Z ERROR squeezefs::block_allocator] I/O error: data volume 'nvme4n1' full: 8182 of 8192 blocks allocated — lane 5 of 16 is exhausted while 0 free block(s) belong to lanes this mount does not own (alloc_lane_enospc_refusals; reach them by adopting a lane whose holder is proven dead, or grow the volume set — docs/operations.md §Multi-writer capacity planning)
[2026-09-06T16:10:36Z ERROR squeezefs::block_allocator] I/O error: data volume 'nvme3n1' full: 8182 of 8192 blocks allocated — lane 5 of 16 is exhausted while 0 free block(s) belong to lanes this mount does not own (alloc_lane_enospc_refusals; reach them by adopting a lane whose holder is proven dead, or grow the volume set — docs/operations.md §Multi-writer capacity planning)
[2026-09-06T16:10:37Z ERROR squeezefs::block_allocator] I/O error: data volume 'nvme3n1' full: 8182 of 8192 blocks allocated — lane 5 of 16 is exhausted while 0 free block(s) belong to lanes this mount does not own (alloc_lane_enospc_refusals; reach them by adopting a lane whose holder is proven dead, or grow the volume set — docs/operations.md §Multi-writer capacity planning)
[2026-09-06T16:10:37Z ERROR squeezefs::block_allocator] bounded allocation refusing StorageFull after 1006 ms parked with 0 offset(s) still in grace locally (lane harvest horizon 8714 ms): the pressure deadline never fenced within the wall backstop (1000 ms). The refusal is honest and terminal for this write; investigate the membership plane (finding 29)
[2026-09-06T16:10:42Z ERROR squeezefs::block_allocator] I/O error: data volume 'nvme3n1' full: 8182 of 8192 blocks allocated — lane 5 of 16 is exhausted while 0 free block(s) belong to lanes this mount does not own (alloc_lane_enospc_refusals; reach them by adopting a lane whose holder is proven dead, or grow the volume set — docs/operations.md §Multi-writer capacity planning)
[2026-09-06T16:10:43Z ERROR squeezefs::fuse_client] FUSE Fsync: FlushExtents barrier for ino 2 failed: Refused { errno: 5, msg: "I/O error: block 1671 of inode_2 did not settle after 4 serialized stripe-held settle attempts (binding/incarnation mutator outside the stripe/merge disciplines — see invariant_tripwires)" }
[2026-09-06T16:10:43Z ERROR squeezefs::fuse_client] Squeezefs operational error: Refused { errno: 5, msg: "I/O error: block 1671 of inode_2 did not settle after 4 serialized stripe-held settle attempts (binding/incarnation mutator outside the stripe/merge disciplines — see invariant_tripwires)" }
[2026-09-06T16:10:43Z ERROR squeezefs::meta_ship::publish] S9: the authority refused 1 shipped free(s) (vol_tag 0xad7b1d37b0829b08, request 588): already free/graced/quarantined — the double-release lineage, surfaced on the authority's own tripwire
[2026-09-06T16:10:44Z ERROR squeezefs::fuse_client] FUSE Fsync: FlushExtents barrier for ino 2 failed: Refused { errno: 5, msg: "I/O error: block 1671 of inode_2 did not settle after 4 serialized stripe-held settle attempts (binding/incarnation mutator outside the stripe/merge disciplines — see invariant_tripwires)" }
[2026-09-06T16:10:44Z ERROR squeezefs::fuse_client] Squeezefs operational error: Refused { errno: 5, msg: "I/O error: block 1671 of inode_2 did not settle after 4 serialized stripe-held settle attempts (binding/incarnation mutator outside the stripe/merge disciplines — see invariant_tripwires)" }
[2026-09-06T16:10:45Z ERROR squeezefs::fuse_client] FUSE Fsync: FlushExtents barrier for ino 2 failed: Refused { errno: 5, msg: "I/O error: block 1671 of inode_2 did not settle after 4 serialized stripe-held settle attempts (binding/incarnation mutator outside the stripe/merge disciplines — see invariant_tripwires)" }
[2026-09-06T16:10:45Z ERROR squeezefs::fuse_client] Squeezefs operational error: Refused { errno: 5, msg: "I/O error: block 1671 of inode_2 did not settle after 4 serialized stripe-held settle attempts (binding/incarnation mutator outside the stripe/merge disciplines — see invariant_tripwires)" }
[2026-09-06T16:10:45Z ERROR squeezefs::fuse_client] FUSE Fsync: FlushExtents barrier for ino 2 failed: Refused { errno: 5, msg: "I/O error: block 1671 of inode_2 did not settle after 4 serialized stripe-held settle attempts (binding/incarnation mutator outside the stripe/merge disciplines — see invariant_tripwires)" }
[2026-09-06T16:10:45Z ERROR squeezefs::fuse_client] Squeezefs operational error: Refused { errno: 5, msg: "I/O error: block 1671 of inode_2 did not settle after 4 serialized stripe-held settle attempts (binding/incarnation mutator outside the stripe/merge disciplines — see invariant_tripwires)" }
[2026-09-06T16:10:48Z ERROR squeezefs::fuse_client] FUSE Fsync: FlushExtents barrier for ino 2 failed: Refused { errno: 5, msg: "I/O error: block 1671 of inode_2 did not settle after 4 serialized stripe-held settle attempts (binding/incarnation mutator outside the stripe/merge disciplines — see invariant_tripwires)" }
[2026-09-06T16:10:48Z ERROR squeezefs::fuse_client] Squeezefs operational error: Refused { errno: 5, msg: "I/O error: block 1671 of inode_2 did not settle after 4 serialized stripe-held settle attempts (binding/incarnation mutator outside the stripe/merge disciplines — see invariant_tripwires)" }
[2026-09-06T16:10:48Z ERROR squeezefs::block_allocator] I/O error: data volume 'nvme4n1' full: 8182 of 8192 blocks allocated — lane 5 of 16 is exhausted while 0 free block(s) belong to lanes this mount does not own (alloc_lane_enospc_refusals; reach them by adopting a lane whose holder is proven dead, or grow the volume set — docs/operations.md §Multi-writer capacity planning)
[2026-09-06T16:10:48Z ERROR squeezefs::meta_ship::publish] S9: the authority refused 1 shipped free(s) (vol_tag 0xad7b1d37b0829b08, request 641): already free/graced/quarantined — the double-release lineage, surfaced on the authority's own tripwire
[2026-09-06T16:10:50Z ERROR squeezefs::fuse_client] FUSE Fsync: FlushExtents barrier for ino 2 failed: Refused { errno: 5, msg: "I/O error: block 1671 of inode_2 did not settle after 4 serialized stripe-held settle attempts (binding/incarnation mutator outside the stripe/merge disciplines — see invariant_tripwires)" }
[2026-09-06T16:10:50Z ERROR squeezefs::fuse_client] Squeezefs operational error: Refused { errno: 5, msg: "I/O error: block 1671 of inode_2 did not settle after 4 serialized stripe-held settle attempts (binding/incarnation mutator outside the stripe/merge disciplines — see invariant_tripwires)" }
[2026-09-06T16:10:51Z ERROR squeezefs::fuse_client] FUSE Fsync: FlushExtents barrier for ino 2 failed: Refused { errno: 5, msg: "I/O error: block 1671 of inode_2 did not settle after 4 serialized stripe-held settle attempts (binding/incarnation mutator outside the stripe/merge disciplines — see invariant_tripwires)" }
[2026-09-06T16:10:51Z ERROR squeezefs::fuse_client] Squeezefs operational error: Refused { errno: 5, msg: "I/O error: block 1671 of inode_2 did not settle after 4 serialized stripe-held settle attempts (binding/incarnation mutator outside the stripe/merge disciplines — see invariant_tripwires)" }
[2026-09-06T16:10:52Z ERROR squeezefs::fuse_client] FUSE Fsync: FlushExtents barrier for ino 2 failed: Refused { errno: 5, msg: "I/O error: block 1671 of inode_2 did not settle after 4 serialized stripe-held settle attempts (binding/incarnation mutator outside the stripe/merge disciplines — see invariant_tripwires)" }
[2026-09-06T16:10:52Z ERROR squeezefs::fuse_client] Squeezefs operational error: Refused { errno: 5, msg: "I/O error: block 1671 of inode_2 did not settle after 4 serialized stripe-held settle attempts (binding/incarnation mutator outside the stripe/merge disciplines — see invariant_tripwires)" }
[2026-09-06T16:11:02Z ERROR squeezefs::fuse_client] FUSE Fsync: FlushExtents barrier for ino 2 failed: Refused { errno: 5, msg: "I/O error: block 1671 of inode_2 did not settle after 4 serialized stripe-held settle attempts (binding/incarnation mutator outside the stripe/merge disciplines — see invariant_tripwires)" }
[2026-09-06T16:11:02Z ERROR squeezefs::fuse_client] Squeezefs operational error: Refused { errno: 5, msg: "I/O error: block 1671 of inode_2 did not settle after 4 serialized stripe-held settle attempts (binding/incarnation mutator outside the stripe/merge disciplines — see invariant_tripwires)" }
[2026-09-06T16:11:02Z ERROR squeezefs::meta_ship::publish] S9: the authority refused 1 shipped free(s) (vol_tag 0xc5e11286df218556, request 745): already free/graced/quarantined — the double-release lineage, surfaced on the authority's own tripwire
[2026-09-06T16:11:03Z ERROR squeezefs::fuse_client] FUSE Fsync: FlushExtents barrier for ino 2 failed: Refused { errno: 5, msg: "I/O error: block 1671 of inode_2 did not settle after 4 serialized stripe-held settle attempts (binding/incarnation mutator outside the stripe/merge disciplines — see invariant_tripwires)" }
[2026-09-06T16:11:03Z ERROR squeezefs::fuse_client] Squeezefs operational error: Refused { errno: 5, msg: "I/O error: block 1671 of inode_2 did not settle after 4 serialized stripe-held settle attempts (binding/incarnation mutator outside the stripe/merge disciplines — see invariant_tripwires)" }
[2026-09-06T16:11:04Z ERROR squeezefs::fuse_client] FUSE Fsync: FlushExtents barrier for ino 2 failed: Refused { errno: 5, msg: "I/O error: block 1671 of inode_2 did not settle after 4 serialized stripe-held settle attempts (binding/incarnation mutator outside the stripe/merge disciplines — see invariant_tripwires)" }
[2026-09-06T16:11:04Z ERROR squeezefs::fuse_client] Squeezefs operational error: Refused { errno: 5, msg: "I/O error: block 1671 of inode_2 did not settle after 4 serialized stripe-held settle attempts (binding/incarnation mutator outside the stripe/merge disciplines — see invariant_tripwires)" }
[2026-09-06T16:11:06Z ERROR squeezefs::fuse_client] FUSE Fsync: FlushExtents barrier for ino 2 failed: Refused { errno: 5, msg: "I/O error: block 1671 of inode_2 did not settle after 4 serialized stripe-held settle attempts (binding/incarnation mutator outside the stripe/merge disciplines — see invariant_tripwires)" }
[2026-09-06T16:11:06Z ERROR squeezefs::fuse_client] Squeezefs operational error: Refused { errno: 5, msg: "I/O error: block 1671 of inode_2 did not settle after 4 serialized stripe-held settle attempts (binding/incarnation mutator outside the stripe/merge disciplines — see invariant_tripwires)" }
[2026-09-06T16:11:12Z ERROR squeezefs::fuse_client] FUSE Fsync: FlushExtents barrier for ino 2 failed: Refused { errno: 5, msg: "I/O error: block 1671 of inode_2 did not settle after 4 serialized stripe-held settle attempts (binding/incarnation mutator outside the stripe/merge disciplines — see invariant_tripwires)" }
[2026-09-06T16:11:12Z ERROR squeezefs::fuse_client] Squeezefs operational error: Refused { errno: 5, msg: "I/O error: block 1671 of inode_2 did not settle after 4 serialized stripe-held settle attempts (binding/incarnation mutator outside the stripe/merge disciplines — see invariant_tripwires)" }
[2026-09-06T16:11:13Z ERROR squeezefs::fuse_client] FUSE Fsync: FlushExtents barrier for ino 2 failed: Refused { errno: 5, msg: "I/O error: block 1671 of inode_2 did not settle after 4 serialized stripe-held settle attempts (binding/incarnation mutator outside the stripe/merge disciplines — see invariant_tripwires)" }
[2026-09-06T16:11:13Z ERROR squeezefs::fuse_client] Squeezefs operational error: Refused { errno: 5, msg: "I/O error: block 1671 of inode_2 did not settle after 4 serialized stripe-held settle attempts (binding/incarnation mutator outside the stripe/merge disciplines — see invariant_tripwires)" }
[2026-09-06T16:11:14Z ERROR squeezefs::fuse_client] FUSE Fsync: FlushExtents barrier for ino 2 failed: Refused { errno: 5, msg: "I/O error: block 1671 of inode_2 did not settle after 4 serialized stripe-held settle attempts (binding/incarnation mutator outside the stripe/merge disciplines — see invariant_tripwires)" }
[2026-09-06T16:11:14Z ERROR squeezefs::fuse_client] Squeezefs operational error: Refused { errno: 5, msg: "I/O error: block 1671 of inode_2 did not settle after 4 serialized stripe-held settle attempts (binding/incarnation mutator outside the stripe/merge disciplines — see invariant_tripwires)" }
[2026-09-06T16:11:14Z ERROR squeezefs::meta_ship::publish] S9: the authority refused 1 shipped free(s) (vol_tag 0xc5e11286df218556, request 817): already free/graced/quarantined — the double-release lineage, surfaced on the authority's own tripwire
[2026-09-06T16:11:15Z ERROR squeezefs::fuse_client] FUSE Fsync: FlushExtents barrier for ino 2 failed: Refused { errno: 5, msg: "I/O error: block 1671 of inode_2 did not settle after 4 serialized stripe-held settle attempts (binding/incarnation mutator outside the stripe/merge disciplines — see invariant_tripwires)" }
[2026-09-06T16:11:15Z ERROR squeezefs::fuse_client] Squeezefs operational error: Refused { errno: 5, msg: "I/O error: block 1671 of inode_2 did not settle after 4 serialized stripe-held settle attempts (binding/incarnation mutator outside the stripe/merge disciplines — see invariant_tripwires)" }
[2026-09-06T16:11:25Z ERROR squeezefs::fuse_client] FUSE Fsync: FlushExtents barrier for ino 2 failed: Refused { errno: 5, msg: "I/O error: block 870 of inode_2 did not settle after 4 serialized stripe-held settle attempts (binding/incarnation mutator outside the stripe/merge disciplines — see invariant_tripwires)" }
[2026-09-06T16:11:25Z ERROR squeezefs::fuse_client] Squeezefs operational error: Refused { errno: 5, msg: "I/O error: block 870 of inode_2 did not settle after 4 serialized stripe-held settle attempts (binding/incarnation mutator outside the stripe/merge disciplines — see invariant_tripwires)" }
[2026-09-06T16:11:25Z ERROR squeezefs::meta_ship::publish] S9: the authority refused 1 shipped free(s) (vol_tag 0xad7b1d37b0829b08, request 878): already free/graced/quarantined — the double-release lineage, surfaced on the authority's own tripwire
[2026-09-06T16:11:26Z ERROR squeezefs::fuse_client] FUSE Fsync: FlushExtents barrier for ino 2 failed: Refused { errno: 5, msg: "I/O error: block 870 of inode_2 did not settle after 4 serialized stripe-held settle attempts (binding/incarnation mutator outside the stripe/merge disciplines — see invariant_tripwires)" }
[2026-09-06T16:11:26Z ERROR squeezefs::fuse_client] Squeezefs operational error: Refused { errno: 5, msg: "I/O error: block 870 of inode_2 did not settle after 4 serialized stripe-held settle attempts (binding/incarnation mutator outside the stripe/merge disciplines — see invariant_tripwires)" }
[2026-09-06T16:11:27Z ERROR squeezefs::fuse_client] FUSE Fsync: FlushExtents barrier for ino 2 failed: Refused { errno: 5, msg: "I/O error: block 870 of inode_2 did not settle after 4 serialized stripe-held settle attempts (binding/incarnation mutator outside the stripe/merge disciplines — see invariant_tripwires)" }
[2026-09-06T16:11:27Z ERROR squeezefs::fuse_client] Squeezefs operational error: Refused { errno: 5, msg: "I/O error: block 870 of inode_2 did not settle after 4 serialized stripe-held settle attempts (binding/incarnation mutator outside the stripe/merge disciplines — see invariant_tripwires)" }
[2026-09-06T16:11:27Z ERROR squeezefs::fuse_client] FUSE Fsync: FlushExtents barrier for ino 2 failed: Refused { errno: 5, msg: "I/O error: block 870 of inode_2 did not settle after 4 serialized stripe-held settle attempts (binding/incarnation mutator outside the stripe/merge disciplines — see invariant_tripwires)" }
[2026-09-06T16:11:27Z ERROR squeezefs::fuse_client] Squeezefs operational error: Refused { errno: 5, msg: "I/O error: block 870 of inode_2 did not settle after 4 serialized stripe-held settle attempts (binding/incarnation mutator outside the stripe/merge disciplines — see invariant_tripwires)" }
[2026-09-06T16:11:38Z ERROR squeezefs::block_allocator] I/O error: data volume 'nvme3n1' full: 8182 of 8192 blocks allocated — lane 5 of 16 is exhausted while 0 free block(s) belong to lanes this mount does not own (alloc_lane_enospc_refusals; reach them by adopting a lane whose holder is proven dead, or grow the volume set — docs/operations.md §Multi-writer capacity planning)
[2026-09-06T16:11:39Z ERROR squeezefs::block_allocator] I/O error: data volume 'nvme3n1' full: 8182 of 8192 blocks allocated — lane 5 of 16 is exhausted while 0 free block(s) belong to lanes this mount does not own (alloc_lane_enospc_refusals; reach them by adopting a lane whose holder is proven dead, or grow the volume set — docs/operations.md §Multi-writer capacity planning)
[2026-09-06T16:11:39Z ERROR squeezefs::block_allocator] bounded allocation refusing StorageFull after 1008 ms parked with 0 offset(s) still in grace locally (lane harvest horizon 8350 ms): the pressure deadline never fenced within the wall backstop (1000 ms). The refusal is honest and terminal for this write; investigate the membership plane (finding 29)
[2026-09-06T16:11:39Z ERROR squeezefs::block_allocator] bounded allocation refusing StorageFull after 1026 ms parked with 0 offset(s) still in grace locally (lane harvest horizon 8350 ms): the pressure deadline never fenced within the wall backstop (1000 ms). The refusal is honest and terminal for this write; investigate the membership plane (finding 29)
[2026-09-06T16:11:39Z ERROR squeezefs::block_allocator] bounded allocation refusing StorageFull after 1028 ms parked with 0 offset(s) still in grace locally (lane harvest horizon 8354 ms): the pressure deadline never fenced within the wall backstop (1000 ms). The refusal is honest and terminal for this write; investigate the membership plane (finding 29)
[2026-09-06T16:11:39Z ERROR squeezefs::block_allocator] bounded allocation refusing StorageFull after 1011 ms parked with 0 offset(s) still in grace locally (lane harvest horizon 8354 ms): the pressure deadline never fenced within the wall backstop (1000 ms). The refusal is honest and terminal for this write; investigate the membership plane (finding 29)
[2026-09-06T16:11:39Z ERROR squeezefs::block_allocator] bounded allocation refusing StorageFull after 1022 ms parked with 0 offset(s) still in grace locally (lane harvest horizon 8354 ms): the pressure deadline never fenced within the wall backstop (1000 ms). The refusal is honest and terminal for this write; investigate the membership plane (finding 29)
[2026-09-06T16:11:39Z ERROR fuse3::raw::connection::fuse_over_uring] transport payload lease held 1025 ms (≥ 1 s) — overlong handler invocation or a §5.4 severance escape; watch transport_lease_overlong / transport_parked_commits
[2026-09-06T16:11:39Z ERROR fuse3::raw::connection::fuse_over_uring] transport payload lease held 1025 ms (≥ 1 s) — overlong handler invocation or a §5.4 severance escape; watch transport_lease_overlong / transport_parked_commits
[2026-09-06T16:11:39Z ERROR fuse3::raw::connection::fuse_over_uring] transport payload lease held 1025 ms (≥ 1 s) — overlong handler invocation or a §5.4 severance escape; watch transport_lease_overlong / transport_parked_commits
[2026-09-06T16:11:39Z ERROR fuse3::raw::connection::fuse_over_uring] transport payload lease held 1025 ms (≥ 1 s) — overlong handler invocation or a §5.4 severance escape; watch transport_lease_overlong / transport_parked_commits
[2026-09-06T16:11:39Z ERROR fuse3::raw::connection::fuse_over_uring] transport payload lease held 1025 ms (≥ 1 s) — overlong handler invocation or a §5.4 severance escape; watch transport_lease_overlong / transport_parked_commits
[2026-09-06T16:11:39Z ERROR fuse3::raw::connection::fuse_over_uring] transport payload lease held 1025 ms (≥ 1 s) — overlong handler invocation or a §5.4 severance escape; watch transport_lease_overlong / transport_parked_commits
[2026-09-06T16:11:39Z ERROR fuse3::raw::connection::fuse_over_uring] transport payload lease held 1025 ms (≥ 1 s) — overlong handler invocation or a §5.4 severance escape; watch transport_lease_overlong / transport_parked_commits
[2026-09-06T16:11:39Z ERROR fuse3::raw::connection::fuse_over_uring] transport payload lease held 1030 ms (≥ 1 s) — overlong handler invocation or a §5.4 severance escape; watch transport_lease_overlong / transport_parked_commits
[2026-09-06T16:11:39Z ERROR squeezefs::block_allocator] bounded allocation refusing StorageFull after 1027 ms parked with 0 offset(s) still in grace locally (lane harvest horizon 8401 ms): the pressure deadline never fenced within the wall backstop (1000 ms). The refusal is honest and terminal for this write; investigate the membership plane (finding 29)
[2026-09-06T16:11:39Z ERROR squeezefs::block_allocator] bounded allocation refusing StorageFull after 1029 ms parked with 0 offset(s) still in grace locally (lane harvest horizon 8401 ms): the pressure deadline never fenced within the wall backstop (1000 ms). The refusal is honest and terminal for this write; investigate the membership plane (finding 29)
[2026-09-06T16:11:39Z ERROR squeezefs::block_allocator] bounded allocation refusing StorageFull after 1036 ms parked with 0 offset(s) still in grace locally (lane harvest horizon 8229 ms): the pressure deadline never fenced within the wall backstop (1000 ms). The refusal is honest and terminal for this write; investigate the membership plane (finding 29)
[2026-09-06T16:11:39Z ERROR squeezefs::block_allocator] bounded allocation refusing StorageFull after 1000 ms parked with 0 offset(s) still in grace locally (lane harvest horizon 8229 ms): the pressure deadline never fenced within the wall backstop (1000 ms). The refusal is honest and terminal for this write; investigate the membership plane (finding 29)
[2026-09-06T16:11:39Z ERROR squeezefs::block_allocator] bounded allocation refusing StorageFull after 1003 ms parked with 0 offset(s) still in grace locally (lane harvest horizon 8234 ms): the pressure deadline never fenced within the wall backstop (1000 ms). The refusal is honest and terminal for this write; investigate the membership plane (finding 29)
[2026-09-06T16:11:39Z ERROR squeezefs::block_allocator] bounded allocation refusing StorageFull after 1003 ms parked with 0 offset(s) still in grace locally (lane harvest horizon 8233 ms): the pressure deadline never fenced within the wall backstop (1000 ms). The refusal is honest and terminal for this write; investigate the membership plane (finding 29)
[2026-09-06T16:11:39Z ERROR squeezefs::block_allocator] bounded allocation refusing StorageFull after 1044 ms parked with 0 offset(s) still in grace locally (lane harvest horizon 8234 ms): the pressure deadline never fenced within the wall backstop (1000 ms). The refusal is honest and terminal for this write; investigate the membership plane (finding 29)
[2026-09-06T16:11:39Z ERROR squeezefs::block_allocator] bounded allocation refusing StorageFull after 1005 ms parked with 0 offset(s) still in grace locally (lane harvest horizon 8234 ms): the pressure deadline never fenced within the wall backstop (1000 ms). The refusal is honest and terminal for this write; investigate the membership plane (finding 29)
[2026-09-06T16:11:39Z ERROR squeezefs::block_allocator] bounded allocation refusing StorageFull after 1005 ms parked with 0 offset(s) still in grace locally (lane harvest horizon 8234 ms): the pressure deadline never fenced within the wall backstop (1000 ms). The refusal is honest and terminal for this write; investigate the membership plane (finding 29)
[2026-09-06T16:11:39Z ERROR squeezefs::block_allocator] bounded allocation refusing StorageFull after 1008 ms parked with 0 offset(s) still in grace locally (lane harvest horizon 8235 ms): the pressure deadline never fenced within the wall backstop (1000 ms). The refusal is honest and terminal for this write; investigate the membership plane (finding 29)
[2026-09-06T16:11:39Z ERROR squeezefs::block_allocator] bounded allocation refusing StorageFull after 1007 ms parked with 0 offset(s) still in grace locally (lane harvest horizon 8235 ms): the pressure deadline never fenced within the wall backstop (1000 ms). The refusal is honest and terminal for this write; investigate the membership plane (finding 29)
[2026-09-06T16:11:39Z ERROR squeezefs::block_allocator] bounded allocation refusing StorageFull after 1042 ms parked with 0 offset(s) still in grace locally (lane harvest horizon 8235 ms): the pressure deadline never fenced within the wall backstop (1000 ms). The refusal is honest and terminal for this write; investigate the membership plane (finding 29)
[2026-09-06T16:11:39Z ERROR squeezefs::block_allocator] bounded allocation refusing StorageFull after 1050 ms parked with 0 offset(s) still in grace locally (lane harvest horizon 8279 ms): the pressure deadline never fenced within the wall backstop (1000 ms). The refusal is honest and terminal for this write; investigate the membership plane (finding 29)
[2026-09-06T16:11:39Z ERROR squeezefs::block_allocator] bounded allocation refusing StorageFull after 1044 ms parked with 0 offset(s) still in grace locally (lane harvest horizon 8279 ms): the pressure deadline never fenced within the wall backstop (1000 ms). The refusal is honest and terminal for this write; investigate the membership plane (finding 29)
[2026-09-06T16:11:40Z ERROR squeezefs::block_allocator] I/O error: data volume 'nvme3n1' full: 8182 of 8192 blocks allocated — lane 5 of 16 is exhausted while 0 free block(s) belong to lanes this mount does not own (alloc_lane_enospc_refusals; reach them by adopting a lane whose holder is proven dead, or grow the volume set — docs/operations.md §Multi-writer capacity planning)
[2026-09-06T16:11:40Z ERROR squeezefs::block_allocator] bounded allocation refusing StorageFull after 1000 ms parked with 0 offset(s) still in grace locally (lane harvest horizon 8354 ms): the pressure deadline never fenced within the wall backstop (1000 ms). The refusal is honest and terminal for this write; investigate the membership plane (finding 29)
[2026-09-06T16:11:40Z ERROR squeezefs::block_allocator] bounded allocation refusing StorageFull after 1045 ms parked with 0 offset(s) still in grace locally (lane harvest horizon 8398 ms): the pressure deadline never fenced within the wall backstop (1000 ms). The refusal is honest and terminal for this write; investigate the membership plane (finding 29)
[2026-09-06T16:11:40Z ERROR squeezefs::block_allocator] bounded allocation refusing StorageFull after 1045 ms parked with 0 offset(s) still in grace locally (lane harvest horizon 8400 ms): the pressure deadline never fenced within the wall backstop (1000 ms). The refusal is honest and terminal for this write; investigate the membership plane (finding 29)
[2026-09-06T16:11:40Z ERROR squeezefs::block_allocator] bounded allocation refusing StorageFull after 1046 ms parked with 0 offset(s) still in grace locally (lane harvest horizon 8402 ms): the pressure deadline never fenced within the wall backstop (1000 ms). The refusal is honest and terminal for this write; investigate the membership plane (finding 29)
[2026-09-06T16:11:40Z ERROR squeezefs::block_allocator] bounded allocation refusing StorageFull after 1045 ms parked with 0 offset(s) still in grace locally (lane harvest horizon 8402 ms): the pressure deadline never fenced within the wall backstop (1000 ms). The refusal is honest and terminal for this write; investigate the membership plane (finding 29)
[2026-09-06T16:11:40Z ERROR squeezefs::block_allocator] bounded allocation refusing StorageFull after 1048 ms parked with 0 offset(s) still in grace locally (lane harvest horizon 8402 ms): the pressure deadline never fenced within the wall backstop (1000 ms). The refusal is honest and terminal for this write; investigate the membership plane (finding 29)
[2026-09-06T16:11:40Z ERROR squeezefs::block_allocator] bounded allocation refusing StorageFull after 1043 ms parked with 0 offset(s) still in grace locally (lane harvest horizon 8402 ms): the pressure deadline never fenced within the wall backstop (1000 ms). The refusal is honest and terminal for this write; investigate the membership plane (finding 29)
[2026-09-06T16:11:40Z ERROR squeezefs::block_allocator] bounded allocation refusing StorageFull after 1001 ms parked with 0 offset(s) still in grace locally (lane harvest horizon 8403 ms): the pressure deadline never fenced within the wall backstop (1000 ms). The refusal is honest and terminal for this write; investigate the membership plane (finding 29)
[2026-09-06T16:11:40Z ERROR squeezefs::block_allocator] bounded allocation refusing StorageFull after 1046 ms parked with 0 offset(s) still in grace locally (lane harvest horizon 8350 ms): the pressure deadline never fenced within the wall backstop (1000 ms). The refusal is honest and terminal for this write; investigate the membership plane (finding 29)
[2026-09-06T16:11:40Z ERROR squeezefs::block_allocator] bounded allocation refusing StorageFull after 1049 ms parked with 0 offset(s) still in grace locally (lane harvest horizon 8352 ms): the pressure deadline never fenced within the wall backstop (1000 ms). The refusal is honest and terminal for this write; investigate the membership plane (finding 29)
[2026-09-06T16:11:40Z ERROR squeezefs::block_allocator] bounded allocation refusing StorageFull after 1049 ms parked with 0 offset(s) still in grace locally (lane harvest horizon 8352 ms): the pressure deadline never fenced within the wall backstop (1000 ms). The refusal is honest and terminal for this write; investigate the membership plane (finding 29)
[2026-09-06T16:11:40Z ERROR squeezefs::block_allocator] bounded allocation refusing StorageFull after 1000 ms parked with 0 offset(s) still in grace locally (lane harvest horizon 8231 ms): the pressure deadline never fenced within the wall backstop (1000 ms). The refusal is honest and terminal for this write; investigate the membership plane (finding 29)
[2026-09-06T16:11:40Z ERROR squeezefs::block_allocator] bounded allocation refusing StorageFull after 1001 ms parked with 0 offset(s) still in grace locally (lane harvest horizon 8231 ms): the pressure deadline never fenced within the wall backstop (1000 ms). The refusal is honest and terminal for this write; investigate the membership plane (finding 29)
[2026-09-06T16:11:40Z ERROR squeezefs::block_allocator] bounded allocation refusing StorageFull after 1038 ms parked with 0 offset(s) still in grace locally (lane harvest horizon 8278 ms): the pressure deadline never fenced within the wall backstop (1000 ms). The refusal is honest and terminal for this write; investigate the membership plane (finding 29)
[2026-09-06T16:11:40Z ERROR squeezefs::block_allocator] bounded allocation refusing StorageFull after 1046 ms parked with 0 offset(s) still in grace locally (lane harvest horizon 8278 ms): the pressure deadline never fenced within the wall backstop (1000 ms). The refusal is honest and terminal for this write; investigate the membership plane (finding 29)
[2026-09-06T16:11:40Z ERROR squeezefs::block_allocator] bounded allocation refusing StorageFull after 1039 ms parked with 0 offset(s) still in grace locally (lane harvest horizon 8279 ms): the pressure deadline never fenced within the wall backstop (1000 ms). The refusal is honest and terminal for this write; investigate the membership plane (finding 29)
[2026-09-06T16:11:40Z ERROR squeezefs::block_allocator] bounded allocation refusing StorageFull after 1037 ms parked with 0 offset(s) still in grace locally (lane harvest horizon 8279 ms): the pressure deadline never fenced within the wall backstop (1000 ms). The refusal is honest and terminal for this write; investigate the membership plane (finding 29)
[2026-09-06T16:11:40Z ERROR squeezefs::block_allocator] bounded allocation refusing StorageFull after 1046 ms parked with 0 offset(s) still in grace locally (lane harvest horizon 8279 ms): the pressure deadline never fenced within the wall backstop (1000 ms). The refusal is honest and terminal for this write; investigate the membership plane (finding 29)
[2026-09-06T16:11:40Z ERROR squeezefs::block_allocator] bounded allocation refusing StorageFull after 1041 ms parked with 0 offset(s) still in grace locally (lane harvest horizon 8280 ms): the pressure deadline never fenced within the wall backstop (1000 ms). The refusal is honest and terminal for this write; investigate the membership plane (finding 29)
[2026-09-06T16:11:40Z ERROR squeezefs::block_allocator] bounded allocation refusing StorageFull after 1043 ms parked with 0 offset(s) still in grace locally (lane harvest horizon 8281 ms): the pressure deadline never fenced within the wall backstop (1000 ms). The refusal is honest and terminal for this write; investigate the membership plane (finding 29)
[2026-09-06T16:11:40Z ERROR squeezefs::block_allocator] bounded allocation refusing StorageFull after 1039 ms parked with 0 offset(s) still in grace locally (lane harvest horizon 8280 ms): the pressure deadline never fenced within the wall backstop (1000 ms). The refusal is honest and terminal for this write; investigate the membership plane (finding 29)
[2026-09-06T16:11:40Z ERROR squeezefs::block_allocator] bounded allocation refusing StorageFull after 1048 ms parked with 0 offset(s) still in grace locally (lane harvest horizon 8281 ms): the pressure deadline never fenced within the wall backstop (1000 ms). The refusal is honest and terminal for this write; investigate the membership plane (finding 29)
[2026-09-06T16:11:40Z ERROR squeezefs::block_allocator] bounded allocation refusing StorageFull after 1040 ms parked with 0 offset(s) still in grace locally (lane harvest horizon 8281 ms): the pressure deadline never fenced within the wall backstop (1000 ms). The refusal is honest and terminal for this write; investigate the membership plane (finding 29)
[2026-09-06T16:11:40Z ERROR squeezefs::block_allocator] bounded allocation refusing StorageFull after 1042 ms parked with 0 offset(s) still in grace locally (lane harvest horizon 8281 ms): the pressure deadline never fenced within the wall backstop (1000 ms). The refusal is honest and terminal for this write; investigate the membership plane (finding 29)
[2026-09-06T16:11:40Z ERROR squeezefs::block_allocator] bounded allocation refusing StorageFull after 1041 ms parked with 0 offset(s) still in grace locally (lane harvest horizon 8281 ms): the pressure deadline never fenced within the wall backstop (1000 ms). The refusal is honest and terminal for this write; investigate the membership plane (finding 29)
[2026-09-06T16:11:40Z ERROR squeezefs::block_allocator] bounded allocation refusing StorageFull after 1047 ms parked with 0 offset(s) still in grace locally (lane harvest horizon 8281 ms): the pressure deadline never fenced within the wall backstop (1000 ms). The refusal is honest and terminal for this write; investigate the membership plane (finding 29)
[2026-09-06T16:11:40Z ERROR squeezefs::block_allocator] bounded allocation refusing StorageFull after 1041 ms parked with 0 offset(s) still in grace locally (lane harvest horizon 8282 ms): the pressure deadline never fenced within the wall backstop (1000 ms). The refusal is honest and terminal for this write; investigate the membership plane (finding 29)
[2026-09-06T16:11:40Z ERROR squeezefs::block_allocator] bounded allocation refusing StorageFull after 1045 ms parked with 0 offset(s) still in grace locally (lane harvest horizon 8282 ms): the pressure deadline never fenced within the wall backstop (1000 ms). The refusal is honest and terminal for this write; investigate the membership plane (finding 29)
[2026-09-06T16:11:40Z ERROR squeezefs::block_allocator] bounded allocation refusing StorageFull after 1049 ms parked with 0 offset(s) still in grace locally (lane harvest horizon 8329 ms): the pressure deadline never fenced within the wall backstop (1000 ms). The refusal is honest and terminal for this write; investigate the membership plane (finding 29)
[2026-09-06T16:11:41Z ERROR squeezefs::block_allocator] I/O error: data volume 'nvme3n1' full: 8182 of 8192 blocks allocated — lane 5 of 16 is exhausted while 0 free block(s) belong to lanes this mount does not own (alloc_lane_enospc_refusals; reach them by adopting a lane whose holder is proven dead, or grow the volume set — docs/operations.md §Multi-writer capacity planning)
[2026-09-06T16:11:41Z ERROR squeezefs::block_allocator] bounded allocation refusing StorageFull after 1000 ms parked with 0 offset(s) still in grace locally (lane harvest horizon 8402 ms): the pressure deadline never fenced within the wall backstop (1000 ms). The refusal is honest and terminal for this write; investigate the membership plane (finding 29)
[2026-09-06T16:11:41Z WARN  squeezefs::routing] rewrite epoch close for ino 2 failed transiently (Io(Custom { kind: StorageFull, error: "I/O error: data volume 'nvme3n1' full: 8182 of 8192 blocks allocated — lane 5 of 16 is exhausted while 0 free block(s) belong to lanes this mount does not own (alloc_lane_enospc_refusals; reach them by adopting a lane whose holder is proven dead, or grow the volume set — docs/operations.md §Multi-writer capacity planning)" })); the epoch stays registered (never-lossy) — the next close trigger retries
[2026-09-06T16:11:41Z ERROR squeezefs::block_allocator] bounded allocation refusing StorageFull after 1000 ms parked with 0 offset(s) still in grace locally (lane harvest horizon 8403 ms): the pressure deadline never fenced within the wall backstop (1000 ms). The refusal is honest and terminal for this write; investigate the membership plane (finding 29)
[2026-09-06T16:11:41Z WARN  squeezefs::fuse_client] write-through failed for ino 2 block 1508 (Io(Custom { kind: StorageFull, error: "I/O error: data volume 'nvme3n1' full: 8182 of 8192 blocks allocated — lane 5 of 16 is exhausted while 0 free block(s) belong to lanes this mount does not own (alloc_lane_enospc_refusals; reach them by adopting a lane whose holder is proven dead, or grow the volume set — docs/operations.md §Multi-writer capacity planning)" })); falling back to staging
[2026-09-06T16:11:41Z ERROR squeezefs::block_allocator] bounded allocation refusing StorageFull after 1000 ms parked with 0 offset(s) still in grace locally (lane harvest horizon 8403 ms): the pressure deadline never fenced within the wall backstop (1000 ms). The refusal is honest and terminal for this write; investigate the membership plane (finding 29)
[2026-09-06T16:11:41Z WARN  squeezefs::fuse_client] write-through failed for ino 2 block 1445 (Io(Custom { kind: StorageFull, error: "I/O error: data volume 'nvme3n1' full: 8182 of 8192 blocks allocated — lane 5 of 16 is exhausted while 0 free block(s) belong to lanes this mount does not own (alloc_lane_enospc_refusals; reach them by adopting a lane whose holder is proven dead, or grow the volume set — docs/operations.md §Multi-writer capacity planning)" })); falling back to staging
[2026-09-06T16:11:41Z ERROR fuse3::raw::connection::fuse_over_uring] transport payload lease held 1002 ms (≥ 1 s) — overlong handler invocation or a §5.4 severance escape; watch transport_lease_overlong / transport_parked_commits
[2026-09-06T16:11:41Z ERROR fuse3::raw::connection::fuse_over_uring] transport payload lease held 1838 ms (≥ 1 s) — overlong handler invocation or a §5.4 severance escape; watch transport_lease_overlong / transport_parked_commits
[2026-09-06T16:11:41Z ERROR squeezefs::block_allocator] bounded allocation refusing StorageFull after 1000 ms parked with 0 offset(s) still in grace locally (lane harvest horizon 8403 ms): the pressure deadline never fenced within the wall backstop (1000 ms). The refusal is honest and terminal for this write; investigate the membership plane (finding 29)
[2026-09-06T16:11:41Z WARN  squeezefs::fuse_client] write-through failed for ino 2 block 1701 (Io(Custom { kind: StorageFull, error: "I/O error: data volume 'nvme3n1' full: 8182 of 8192 blocks allocated — lane 5 of 16 is exhausted while 0 free block(s) belong to lanes this mount does not own (alloc_lane_enospc_refusals; reach them by adopting a lane whose holder is proven dead, or grow the volume set — docs/operations.md §Multi-writer capacity planning)" })); falling back to staging
[2026-09-06T16:11:41Z ERROR squeezefs::block_allocator] bounded allocation refusing StorageFull after 1000 ms parked with 0 offset(s) still in grace locally (lane harvest horizon 8403 ms): the pressure deadline never fenced within the wall backstop (1000 ms). The refusal is honest and terminal for this write; investigate the membership plane (finding 29)
[2026-09-06T16:11:41Z WARN  squeezefs::fuse_client] write-through failed for ino 2 block 1831 (Io(Custom { kind: StorageFull, error: "I/O error: data volume 'nvme3n1' full: 8182 of 8192 blocks allocated — lane 5 of 16 is exhausted while 0 free block(s) belong to lanes this mount does not own (alloc_lane_enospc_refusals; reach them by adopting a lane whose holder is proven dead, or grow the volume set — docs/operations.md §Multi-writer capacity planning)" })); falling back to staging
[2026-09-06T16:11:41Z ERROR squeezefs::block_allocator] bounded allocation refusing StorageFull after 1050 ms parked with 0 offset(s) still in grace locally (lane harvest horizon 8501 ms): the pressure deadline never fenced within the wall backstop (1000 ms). The refusal is honest and terminal for this write; investigate the membership plane (finding 29)
[2026-09-06T16:11:41Z ERROR squeezefs::block_allocator] bounded allocation refusing StorageFull after 1047 ms parked with 0 offset(s) still in grace locally (lane harvest horizon 8501 ms): the pressure deadline never fenced within the wall backstop (1000 ms). The refusal is honest and terminal for this write; investigate the membership plane (finding 29)
[2026-09-06T16:11:41Z WARN  squeezefs::fuse_client] write-through failed for ino 2 block 1477 (Io(Custom { kind: StorageFull, error: "I/O error: data volume 'nvme3n1' full: 8182 of 8192 blocks allocated — lane 5 of 16 is exhausted while 0 free block(s) belong to lanes this mount does not own (alloc_lane_enospc_refusals; reach them by adopting a lane whose holder is proven dead, or grow the volume set — docs/operations.md §Multi-writer capacity planning)" })); falling back to staging
[2026-09-06T16:11:41Z WARN  squeezefs::fuse_client] write-through failed for ino 2 block 1509 (Io(Custom { kind: StorageFull, error: "I/O error: data volume 'nvme3n1' full: 8182 of 8192 blocks allocated — lane 5 of 16 is exhausted while 0 free block(s) belong to lanes this mount does not own (alloc_lane_enospc_refusals; reach them by adopting a lane whose holder is proven dead, or grow the volume set — docs/operations.md §Multi-writer capacity planning)" })); falling back to staging
[2026-09-06T16:11:41Z ERROR squeezefs::block_allocator] bounded allocation refusing StorageFull after 1000 ms parked with 0 offset(s) still in grace locally (lane harvest horizon 8555 ms): the pressure deadline never fenced within the wall backstop (1000 ms). The refusal is honest and terminal for this write; investigate the membership plane (finding 29)
[2026-09-06T16:11:41Z ERROR squeezefs::block_allocator] bounded allocation refusing StorageFull after 1000 ms parked with 0 offset(s) still in grace locally (lane harvest horizon 8602 ms): the pressure deadline never fenced within the wall backstop (1000 ms). The refusal is honest and terminal for this write; investigate the membership plane (finding 29)
[2026-09-06T16:11:41Z WARN  squeezefs::fuse_client] write-through failed for ino 2 block 1542 (Io(Custom { kind: StorageFull, error: "I/O error: data volume 'nvme3n1' full: 8182 of 8192 blocks allocated — lane 5 of 16 is exhausted while 0 free block(s) belong to lanes this mount does not own (alloc_lane_enospc_refusals; reach them by adopting a lane whose holder is proven dead, or grow the volume set — docs/operations.md §Multi-writer capacity planning)" })); falling back to staging
[2026-09-06T16:11:41Z ERROR fuse3::raw::connection::fuse_over_uring] transport payload lease held 1997 ms (≥ 1 s) — overlong handler invocation or a §5.4 severance escape; watch transport_lease_overlong / transport_parked_commits
[2026-09-06T16:11:41Z ERROR squeezefs::block_allocator] bounded allocation refusing StorageFull after 1001 ms parked with 0 offset(s) still in grace locally (lane harvest horizon 8603 ms): the pressure deadline never fenced within the wall backstop (1000 ms). The refusal is honest and terminal for this write; investigate the membership plane (finding 29)
[2026-09-06T16:11:41Z ERROR squeezefs::block_allocator] bounded allocation refusing StorageFull after 1001 ms parked with 0 offset(s) still in grace locally (lane harvest horizon 8603 ms): the pressure deadline never fenced within the wall backstop (1000 ms). The refusal is honest and terminal for this write; investigate the membership plane (finding 29)
[2026-09-06T16:11:41Z WARN  squeezefs::fuse_client] write-through failed for ino 2 block 1541 (Io(Custom { kind: StorageFull, error: "I/O error: data volume 'nvme3n1' full: 8182 of 8192 blocks allocated — lane 5 of 16 is exhausted while 0 free block(s) belong to lanes this mount does not own (alloc_lane_enospc_refusals; reach them by adopting a lane whose holder is proven dead, or grow the volume set — docs/operations.md §Multi-writer capacity planning)" })); falling back to staging
[2026-09-06T16:11:41Z WARN  squeezefs::fuse_client] write-through failed for ino 2 block 1540 (Io(Custom { kind: StorageFull, error: "I/O error: data volume 'nvme3n1' full: 8182 of 8192 blocks allocated — lane 5 of 16 is exhausted while 0 free block(s) belong to lanes this mount does not own (alloc_lane_enospc_refusals; reach them by adopting a lane whose holder is proven dead, or grow the volume set — docs/operations.md §Multi-writer capacity planning)" })); falling back to staging
[2026-09-06T16:11:41Z ERROR squeezefs::block_allocator] bounded allocation refusing StorageFull after 1002 ms parked with 0 offset(s) still in grace locally (lane harvest horizon 8603 ms): the pressure deadline never fenced within the wall backstop (1000 ms). The refusal is honest and terminal for this write; investigate the membership plane (finding 29)
[2026-09-06T16:11:41Z WARN  squeezefs::fuse_client] write-through failed for ino 2 block 1604 (Io(Custom { kind: StorageFull, error: "I/O error: data volume 'nvme3n1' full: 8182 of 8192 blocks allocated — lane 5 of 16 is exhausted while 0 free block(s) belong to lanes this mount does not own (alloc_lane_enospc_refusals; reach them by adopting a lane whose holder is proven dead, or grow the volume set — docs/operations.md §Multi-writer capacity planning)" })); falling back to staging
[2026-09-06T16:11:41Z ERROR fuse3::raw::connection::fuse_over_uring] transport payload lease held 1250 ms (≥ 1 s) — overlong handler invocation or a §5.4 severance escape; watch transport_lease_overlong / transport_parked_commits
[2026-09-06T16:11:41Z ERROR squeezefs::block_allocator] bounded allocation refusing StorageFull after 1000 ms parked with 0 offset(s) still in grace locally (lane harvest horizon 8604 ms): the pressure deadline never fenced within the wall backstop (1000 ms). The refusal is honest and terminal for this write; investigate the membership plane (finding 29)
[2026-09-06T16:11:41Z WARN  squeezefs::fuse_client] write-through failed for ino 2 block 1606 (Io(Custom { kind: StorageFull, error: "I/O error: data volume 'nvme3n1' full: 8182 of 8192 blocks allocated — lane 5 of 16 is exhausted while 0 free block(s) belong to lanes this mount does not own (alloc_lane_enospc_refusals; reach them by adopting a lane whose holder is proven dead, or grow the volume set — docs/operations.md §Multi-writer capacity planning)" })); falling back to staging
[2026-09-06T16:11:41Z ERROR squeezefs::block_allocator] bounded allocation refusing StorageFull after 1001 ms parked with 0 offset(s) still in grace locally (lane harvest horizon 8605 ms): the pressure deadline never fenced within the wall backstop (1000 ms). The refusal is honest and terminal for this write; investigate the membership plane (finding 29)
[2026-09-06T16:11:41Z WARN  squeezefs::fuse_client] write-through failed for ino 2 block 1574 (Io(Custom { kind: StorageFull, error: "I/O error: data volume 'nvme3n1' full: 8182 of 8192 blocks allocated — lane 5 of 16 is exhausted while 0 free block(s) belong to lanes this mount does not own (alloc_lane_enospc_refusals; reach them by adopting a lane whose holder is proven dead, or grow the volume set — docs/operations.md §Multi-writer capacity planning)" })); falling back to staging
[2026-09-06T16:11:41Z ERROR squeezefs::block_allocator] bounded allocation refusing StorageFull after 1001 ms parked with 0 offset(s) still in grace locally (lane harvest horizon 8606 ms): the pressure deadline never fenced within the wall backstop (1000 ms). The refusal is honest and terminal for this write; investigate the membership plane (finding 29)
[2026-09-06T16:11:41Z ERROR squeezefs::block_allocator] bounded allocation refusing StorageFull after 1001 ms parked with 0 offset(s) still in grace locally (lane harvest horizon 8606 ms): the pressure deadline never fenced within the wall backstop (1000 ms). The refusal is honest and terminal for this write; investigate the membership plane (finding 29)
[2026-09-06T16:11:41Z WARN  squeezefs::fuse_client] write-through failed for ino 2 block 1543 (Io(Custom { kind: StorageFull, error: "I/O error: data volume 'nvme3n1' full: 8182 of 8192 blocks allocated — lane 5 of 16 is exhausted while 0 free block(s) belong to lanes this mount does not own (alloc_lane_enospc_refusals; reach them by adopting a lane whose holder is proven dead, or grow the volume set — docs/operations.md §Multi-writer capacity planning)" })); falling back to staging
[2026-09-06T16:11:41Z ERROR fuse3::raw::connection::fuse_over_uring] transport payload lease held 1151 ms (≥ 1 s) — overlong handler invocation or a §5.4 severance escape; watch transport_lease_overlong / transport_parked_commits
[2026-09-06T16:11:41Z ERROR squeezefs::block_allocator] bounded allocation refusing StorageFull after 1050 ms parked with 0 offset(s) still in grace locally (lane harvest horizon 8654 ms): the pressure deadline never fenced within the wall backstop (1000 ms). The refusal is honest and terminal for this write; investigate the membership plane (finding 29)
[2026-09-06T16:11:41Z WARN  squeezefs::fuse_client] write-through failed for ino 2 block 1572 (Io(Custom { kind: StorageFull, error: "I/O error: data volume 'nvme3n1' full: 8182 of 8192 blocks allocated — lane 5 of 16 is exhausted while 0 free block(s) belong to lanes this mount does not own (alloc_lane_enospc_refusals; reach them by adopting a lane whose holder is proven dead, or grow the volume set — docs/operations.md §Multi-writer capacity planning)" })); falling back to staging
[2026-09-06T16:11:41Z ERROR fuse3::raw::connection::fuse_over_uring] transport payload lease held 1046 ms (≥ 1 s) — overlong handler invocation or a §5.4 severance escape; watch transport_lease_overlong / transport_parked_commits
[2026-09-06T16:11:41Z ERROR squeezefs::block_allocator] bounded allocation refusing StorageFull after 1046 ms parked with 0 offset(s) still in grace locally (lane harvest horizon 8655 ms): the pressure deadline never fenced within the wall backstop (1000 ms). The refusal is honest and terminal for this write; investigate the membership plane (finding 29)
[2026-09-06T16:11:41Z ERROR squeezefs::block_allocator] bounded allocation refusing StorageFull after 1049 ms parked with 0 offset(s) still in grace locally (lane harvest horizon 8655 ms): the pressure deadline never fenced within the wall backstop (1000 ms). The refusal is honest and terminal for this write; investigate the membership plane (finding 29)
[2026-09-06T16:11:41Z ERROR squeezefs::block_allocator] bounded allocation refusing StorageFull after 1046 ms parked with 0 offset(s) still in grace locally (lane harvest horizon 8655 ms): the pressure deadline never fenced within the wall backstop (1000 ms). The refusal is honest and terminal for this write; investigate the membership plane (finding 29)
[2026-09-06T16:11:41Z ERROR squeezefs::block_allocator] bounded allocation refusing StorageFull after 1050 ms parked with 0 offset(s) still in grace locally (lane harvest horizon 8655 ms): the pressure deadline never fenced within the wall backstop (1000 ms). The refusal is honest and terminal for this write; investigate the membership plane (finding 29)
[2026-09-06T16:11:41Z WARN  squeezefs::fuse_client] write-through failed for ino 2 block 1511 (Io(Custom { kind: StorageFull, error: "I/O error: data volume 'nvme3n1' full: 8182 of 8192 blocks allocated — lane 5 of 16 is exhausted while 0 free block(s) belong to lanes this mount does not own (alloc_lane_enospc_refusals; reach them by adopting a lane whose holder is proven dead, or grow the volume set — docs/operations.md §Multi-writer capacity planning)" })); falling back to staging
[2026-09-06T16:11:41Z ERROR fuse3::raw::connection::fuse_over_uring] transport payload lease held 1048 ms (≥ 1 s) — overlong handler invocation or a §5.4 severance escape; watch transport_lease_overlong / transport_parked_commits
[2026-09-06T16:11:41Z ERROR squeezefs::block_allocator] bounded allocation refusing StorageFull after 1050 ms parked with 0 offset(s) still in grace locally (lane harvest horizon 8704 ms): the pressure deadline never fenced within the wall backstop (1000 ms). The refusal is honest and terminal for this write; investigate the membership plane (finding 29)
[2026-09-06T16:11:42Z ERROR squeezefs::block_allocator] I/O error: data volume 'nvme3n1' full: 8182 of 8192 blocks allocated — lane 5 of 16 is exhausted while 0 free block(s) belong to lanes this mount does not own (alloc_lane_enospc_refusals; reach them by adopting a lane whose holder is proven dead, or grow the volume set — docs/operations.md §Multi-writer capacity planning)
[2026-09-06T16:11:42Z ERROR squeezefs::block_allocator] bounded allocation refusing StorageFull after 1001 ms parked with 0 offset(s) still in grace locally (lane harvest horizon 9402 ms): the pressure deadline never fenced within the wall backstop (1000 ms). The refusal is honest and terminal for this write; investigate the membership plane (finding 29)
[2026-09-06T16:11:42Z WARN  squeezefs::fuse_client] write-through failed for ino 2 block 1444 (Io(Custom { kind: StorageFull, error: "I/O error: data volume 'nvme3n1' full: 8182 of 8192 blocks allocated — lane 5 of 16 is exhausted while 0 free block(s) belong to lanes this mount does not own (alloc_lane_enospc_refusals; reach them by adopting a lane whose holder is proven dead, or grow the volume set — docs/operations.md §Multi-writer capacity planning)" })); falling back to staging
[2026-09-06T16:11:42Z ERROR squeezefs::block_allocator] bounded allocation refusing StorageFull after 1048 ms parked with 0 offset(s) still in grace locally (lane harvest horizon 8351 ms): the pressure deadline never fenced within the wall backstop (1000 ms). The refusal is honest and terminal for this write; investigate the membership plane (finding 29)
[2026-09-06T16:11:42Z ERROR squeezefs::block_allocator] bounded allocation refusing StorageFull after 1049 ms parked with 0 offset(s) still in grace locally (lane harvest horizon 8352 ms): the pressure deadline never fenced within the wall backstop (1000 ms). The refusal is honest and terminal for this write; investigate the membership plane (finding 29)
[2026-09-06T16:11:42Z ERROR squeezefs::block_allocator] bounded allocation refusing StorageFull after 1049 ms parked with 0 offset(s) still in grace locally (lane harvest horizon 8352 ms): the pressure deadline never fenced within the wall backstop (1000 ms). The refusal is honest and terminal for this write; investigate the membership plane (finding 29)
[2026-09-06T16:11:42Z ERROR squeezefs::block_allocator] bounded allocation refusing StorageFull after 1050 ms parked with 0 offset(s) still in grace locally (lane harvest horizon 8353 ms): the pressure deadline never fenced within the wall backstop (1000 ms). The refusal is honest and terminal for this write; investigate the membership plane (finding 29)
[2026-09-06T16:11:42Z ERROR squeezefs::block_allocator] bounded allocation refusing StorageFull after 1002 ms parked with 0 offset(s) still in grace locally (lane harvest horizon 8403 ms): the pressure deadline never fenced within the wall backstop (1000 ms). The refusal is honest and terminal for this write; investigate the membership plane (finding 29)
[2026-09-06T16:11:42Z ERROR squeezefs::block_allocator] bounded allocation refusing StorageFull after 1003 ms parked with 0 offset(s) still in grace locally (lane harvest horizon 8404 ms): the pressure deadline never fenced within the wall backstop (1000 ms). The refusal is honest and terminal for this write; investigate the membership plane (finding 29)
[2026-09-06T16:11:42Z ERROR fuse3::raw::connection::fuse_over_uring] transport payload lease held 2909 ms (≥ 1 s) — overlong handler invocation or a §5.4 severance escape; watch transport_lease_overlong / transport_parked_commits
[2026-09-06T16:11:42Z ERROR squeezefs::block_allocator] bounded allocation refusing StorageFull after 1049 ms parked with 0 offset(s) still in grace locally (lane harvest horizon 8229 ms): the pressure deadline never fenced within the wall backstop (1000 ms). The refusal is honest and terminal for this write; investigate the membership plane (finding 29)
[2026-09-06T16:11:42Z ERROR squeezefs::block_allocator] bounded allocation refusing StorageFull after 1001 ms parked with 0 offset(s) still in grace locally (lane harvest horizon 8282 ms): the pressure deadline never fenced within the wall backstop (1000 ms). The refusal is honest and terminal for this write; investigate the membership plane (finding 29)
[2026-09-06T16:11:42Z ERROR squeezefs::block_allocator] bounded allocation refusing StorageFull after 1002 ms parked with 0 offset(s) still in grace locally (lane harvest horizon 8282 ms): the pressure deadline never fenced within the wall backstop (1000 ms). The refusal is honest and terminal for this write; investigate the membership plane (finding 29)
[2026-09-06T16:11:42Z ERROR squeezefs::block_allocator] bounded allocation refusing StorageFull after 1004 ms parked with 0 offset(s) still in grace locally (lane harvest horizon 8284 ms): the pressure deadline never fenced within the wall backstop (1000 ms). The refusal is honest and terminal for this write; investigate the membership plane (finding 29)
[2026-09-06T16:11:42Z ERROR squeezefs::block_allocator] bounded allocation refusing StorageFull after 1001 ms parked with 0 offset(s) still in grace locally (lane harvest horizon 8284 ms): the pressure deadline never fenced within the wall backstop (1000 ms). The refusal is honest and terminal for this write; investigate the membership plane (finding 29)
[2026-09-06T16:11:42Z ERROR squeezefs::block_allocator] bounded allocation refusing StorageFull after 1004 ms parked with 0 offset(s) still in grace locally (lane harvest horizon 8285 ms): the pressure deadline never fenced within the wall backstop (1000 ms). The refusal is honest and terminal for this write; investigate the membership plane (finding 29)
[2026-09-06T16:11:42Z ERROR squeezefs::block_allocator] bounded allocation refusing StorageFull after 1048 ms parked with 0 offset(s) still in grace locally (lane harvest horizon 8329 ms): the pressure deadline never fenced within the wall backstop (1000 ms). The refusal is honest and terminal for this write; investigate the membership plane (finding 29)
[2026-09-06T16:11:42Z ERROR squeezefs::block_allocator] bounded allocation refusing StorageFull after 1050 ms parked with 0 offset(s) still in grace locally (lane harvest horizon 8331 ms): the pressure deadline never fenced within the wall backstop (1000 ms). The refusal is honest and terminal for this write; investigate the membership plane (finding 29)
[2026-09-06T16:11:42Z ERROR squeezefs::block_allocator] bounded allocation refusing StorageFull after 1050 ms parked with 0 offset(s) still in grace locally (lane harvest horizon 8332 ms): the pressure deadline never fenced within the wall backstop (1000 ms). The refusal is honest and terminal for this write; investigate the membership plane (finding 29)
[2026-09-06T16:11:42Z ERROR squeezefs::block_allocator] bounded allocation refusing StorageFull after 1050 ms parked with 0 offset(s) still in grace locally (lane harvest horizon 8332 ms): the pressure deadline never fenced within the wall backstop (1000 ms). The refusal is honest and terminal for this write; investigate the membership plane (finding 29)
[2026-09-06T16:11:42Z ERROR squeezefs::block_allocator] bounded allocation refusing StorageFull after 1003 ms parked with 0 offset(s) still in grace locally (lane harvest horizon 8335 ms): the pressure deadline never fenced within the wall backstop (1000 ms). The refusal is honest and terminal for this write; investigate the membership plane (finding 29)
[2026-09-06T16:11:42Z ERROR squeezefs::block_allocator] bounded allocation refusing StorageFull after 1002 ms parked with 0 offset(s) still in grace locally (lane harvest horizon 8335 ms): the pressure deadline never fenced within the wall backstop (1000 ms). The refusal is honest and terminal for this write; investigate the membership plane (finding 29)
[2026-09-06T16:11:42Z ERROR squeezefs::block_allocator] bounded allocation refusing StorageFull after 1000 ms parked with 0 offset(s) still in grace locally (lane harvest horizon 8335 ms): the pressure deadline never fenced within the wall backstop (1000 ms). The refusal is honest and terminal for this write; investigate the membership plane (finding 29)
[2026-09-06T16:11:42Z ERROR squeezefs::block_allocator] bounded allocation refusing StorageFull after 1050 ms parked with 0 offset(s) still in grace locally (lane harvest horizon 8358 ms): the pressure deadline never fenced within the wall backstop (1000 ms). The refusal is honest and terminal for this write; investigate the membership plane (finding 29)
[2026-09-06T16:11:42Z ERROR squeezefs::block_allocator] bounded allocation refusing StorageFull after 1049 ms parked with 0 offset(s) still in grace locally (lane harvest horizon 8360 ms): the pressure deadline never fenced within the wall backstop (1000 ms). The refusal is honest and terminal for this write; investigate the membership plane (finding 29)
[2026-09-06T16:11:42Z ERROR squeezefs::block_allocator] bounded allocation refusing StorageFull after 1001 ms parked with 0 offset(s) still in grace locally (lane harvest horizon 8362 ms): the pressure deadline never fenced within the wall backstop (1000 ms). The refusal is honest and terminal for this write; investigate the membership plane (finding 29)
[2026-09-06T16:11:44Z ERROR squeezefs::fuse_client] FUSE Fsync: FlushExtents barrier for ino 2 failed: Refused { errno: 5, msg: "I/O error: block 870 of inode_2 did not settle after 4 serialized stripe-held settle attempts (binding/incarnation mutator outside the stripe/merge disciplines — see invariant_tripwires)" }
[2026-09-06T16:11:44Z ERROR squeezefs::fuse_client] Squeezefs operational error: Refused { errno: 5, msg: "I/O error: block 870 of inode_2 did not settle after 4 serialized stripe-held settle attempts (binding/incarnation mutator outside the stripe/merge disciplines — see invariant_tripwires)" }
[2026-09-06T16:11:44Z ERROR squeezefs::meta_ship::publish] S9: the authority refused 1 shipped free(s) (vol_tag 0xc5e11286df218556, request 3073): already free/graced/quarantined — the double-release lineage, surfaced on the authority's own tripwire
[2026-09-06T16:11:45Z ERROR squeezefs::fuse_client] FUSE Fsync: FlushExtents barrier for ino 2 failed: Refused { errno: 5, msg: "I/O error: block 870 of inode_2 did not settle after 4 serialized stripe-held settle attempts (binding/incarnation mutator outside the stripe/merge disciplines — see invariant_tripwires)" }
[2026-09-06T16:11:45Z ERROR squeezefs::fuse_client] Squeezefs operational error: Refused { errno: 5, msg: "I/O error: block 870 of inode_2 did not settle after 4 serialized stripe-held settle attempts (binding/incarnation mutator outside the stripe/merge disciplines — see invariant_tripwires)" }
[2026-09-06T16:11:47Z ERROR squeezefs::fuse_client] FUSE Fsync: FlushExtents barrier for ino 2 failed: Refused { errno: 5, msg: "I/O error: block 870 of inode_2 did not settle after 4 serialized stripe-held settle attempts (binding/incarnation mutator outside the stripe/merge disciplines — see invariant_tripwires)" }
[2026-09-06T16:11:47Z ERROR squeezefs::fuse_client] Squeezefs operational error: Refused { errno: 5, msg: "I/O error: block 870 of inode_2 did not settle after 4 serialized stripe-held settle attempts (binding/incarnation mutator outside the stripe/merge disciplines — see invariant_tripwires)" }
[2026-09-06T16:11:48Z ERROR squeezefs::fuse_client] FUSE Fsync: FlushExtents barrier for ino 2 failed: Refused { errno: 5, msg: "I/O error: block 870 of inode_2 did not settle after 4 serialized stripe-held settle attempts (binding/incarnation mutator outside the stripe/merge disciplines — see invariant_tripwires)" }
[2026-09-06T16:11:48Z ERROR squeezefs::fuse_client] Squeezefs operational error: Refused { errno: 5, msg: "I/O error: block 870 of inode_2 did not settle after 4 serialized stripe-held settle attempts (binding/incarnation mutator outside the stripe/merge disciplines — see invariant_tripwires)" }
[2026-09-06T16:11:57Z ERROR squeezefs::fuse_client] FUSE Fsync: FlushExtents barrier for ino 2 failed: Refused { errno: 5, msg: "I/O error: block 870 of inode_2 did not settle after 4 serialized stripe-held settle attempts (binding/incarnation mutator outside the stripe/merge disciplines — see invariant_tripwires)" }
[2026-09-06T16:11:57Z ERROR squeezefs::fuse_client] Squeezefs operational error: Refused { errno: 5, msg: "I/O error: block 870 of inode_2 did not settle after 4 serialized stripe-held settle attempts (binding/incarnation mutator outside the stripe/merge disciplines — see invariant_tripwires)" }
[2026-09-06T16:11:57Z ERROR squeezefs::meta_ship::publish] S9: the authority refused 1 shipped free(s) (vol_tag 0xc5e11286df218556, request 3141): already free/graced/quarantined — the double-release lineage, surfaced on the authority's own tripwire
[2026-09-06T16:11:59Z ERROR squeezefs::fuse_client] FUSE Fsync: FlushExtents barrier for ino 2 failed: Refused { errno: 5, msg: "I/O error: block 870 of inode_2 did not settle after 4 serialized stripe-held settle attempts (binding/incarnation mutator outside the stripe/merge disciplines — see invariant_tripwires)" }
[2026-09-06T16:11:59Z ERROR squeezefs::fuse_client] Squeezefs operational error: Refused { errno: 5, msg: "I/O error: block 870 of inode_2 did not settle after 4 serialized stripe-held settle attempts (binding/incarnation mutator outside the stripe/merge disciplines — see invariant_tripwires)" }
[2026-09-06T16:11:59Z ERROR squeezefs::block_allocator] I/O error: data volume 'nvme4n1' full: 8182 of 8192 blocks allocated — lane 5 of 16 is exhausted while 0 free block(s) belong to lanes this mount does not own (alloc_lane_enospc_refusals; reach them by adopting a lane whose holder is proven dead, or grow the volume set — docs/operations.md §Multi-writer capacity planning)
[2026-09-06T16:12:00Z ERROR squeezefs::block_allocator] I/O error: data volume 'nvme4n1' full: 8182 of 8192 blocks allocated — lane 5 of 16 is exhausted while 0 free block(s) belong to lanes this mount does not own (alloc_lane_enospc_refusals; reach them by adopting a lane whose holder is proven dead, or grow the volume set — docs/operations.md §Multi-writer capacity planning)
[2026-09-06T16:12:00Z ERROR squeezefs::block_allocator] bounded allocation refusing StorageFull after 1007 ms parked with 0 offset(s) still in grace locally (lane harvest horizon 8381 ms): the pressure deadline never fenced within the wall backstop (1000 ms). The refusal is honest and terminal for this write; investigate the membership plane (finding 29)
[2026-09-06T16:12:00Z ERROR squeezefs::block_allocator] bounded allocation refusing StorageFull after 1006 ms parked with 0 offset(s) still in grace locally (lane harvest horizon 8381 ms): the pressure deadline never fenced within the wall backstop (1000 ms). The refusal is honest and terminal for this write; investigate the membership plane (finding 29)
[2026-09-06T16:12:00Z ERROR squeezefs::block_allocator] bounded allocation refusing StorageFull after 1034 ms parked with 0 offset(s) still in grace locally (lane harvest horizon 8419 ms): the pressure deadline never fenced within the wall backstop (1000 ms). The refusal is honest and terminal for this write; investigate the membership plane (finding 29)
[2026-09-06T16:12:00Z ERROR fuse3::raw::connection::fuse_over_uring] transport payload lease held 1046 ms (≥ 1 s) — overlong handler invocation or a §5.4 severance escape; watch transport_lease_overlong / transport_parked_commits
[2026-09-06T16:12:00Z ERROR fuse3::raw::connection::fuse_over_uring] transport payload lease held 1046 ms (≥ 1 s) — overlong handler invocation or a §5.4 severance escape; watch transport_lease_overlong / transport_parked_commits
[2026-09-06T16:12:00Z ERROR fuse3::raw::connection::fuse_over_uring] transport payload lease held 1047 ms (≥ 1 s) — overlong handler invocation or a §5.4 severance escape; watch transport_lease_overlong / transport_parked_commits
[2026-09-06T16:12:00Z ERROR fuse3::raw::connection::fuse_over_uring] transport payload lease held 1047 ms (≥ 1 s) — overlong handler invocation or a §5.4 severance escape; watch transport_lease_overlong / transport_parked_commits
[2026-09-06T16:12:01Z ERROR squeezefs::block_allocator] I/O error: data volume 'nvme4n1' full: 8182 of 8192 blocks allocated — lane 5 of 16 is exhausted while 0 free block(s) belong to lanes this mount does not own (alloc_lane_enospc_refusals; reach them by adopting a lane whose holder is proven dead, or grow the volume set — docs/operations.md §Multi-writer capacity planning)
[2026-09-06T16:12:01Z ERROR squeezefs::block_allocator] bounded allocation refusing StorageFull after 1001 ms parked with 0 offset(s) still in grace locally (lane harvest horizon 8391 ms): the pressure deadline never fenced within the wall backstop (1000 ms). The refusal is honest and terminal for this write; investigate the membership plane (finding 29)
[2026-09-06T16:12:01Z ERROR squeezefs::block_allocator] bounded allocation refusing StorageFull after 1001 ms parked with 0 offset(s) still in grace locally (lane harvest horizon 8391 ms): the pressure deadline never fenced within the wall backstop (1000 ms). The refusal is honest and terminal for this write; investigate the membership plane (finding 29)
[2026-09-06T16:12:01Z ERROR squeezefs::block_allocator] bounded allocation refusing StorageFull after 1048 ms parked with 0 offset(s) still in grace locally (lane harvest horizon 8408 ms): the pressure deadline never fenced within the wall backstop (1000 ms). The refusal is honest and terminal for this write; investigate the membership plane (finding 29)
[2026-09-06T16:12:01Z ERROR squeezefs::block_allocator] bounded allocation refusing StorageFull after 1048 ms parked with 0 offset(s) still in grace locally (lane harvest horizon 8408 ms): the pressure deadline never fenced within the wall backstop (1000 ms). The refusal is honest and terminal for this write; investigate the membership plane (finding 29)
[2026-09-06T16:12:01Z WARN  squeezefs::fuse_client] flush write-through failed for ino 2 block 2469 (Io(Custom { kind: StorageFull, error: "I/O error: data volume 'nvme4n1' full: 8182 of 8192 blocks allocated — lane 5 of 16 is exhausted while 0 free block(s) belong to lanes this mount does not own (alloc_lane_enospc_refusals; reach them by adopting a lane whose holder is proven dead, or grow the volume set — docs/operations.md §Multi-writer capacity planning)" })); degrading to the staging leg (fsync durability bar)
[2026-09-06T16:12:02Z ERROR squeezefs::block_allocator] I/O error: data volume 'nvme4n1' full: 8182 of 8192 blocks allocated — lane 5 of 16 is exhausted while 0 free block(s) belong to lanes this mount does not own (alloc_lane_enospc_refusals; reach them by adopting a lane whose holder is proven dead, or grow the volume set — docs/operations.md §Multi-writer capacity planning)
[2026-09-06T16:12:02Z ERROR squeezefs::block_allocator] bounded allocation refusing StorageFull after 1006 ms parked with 0 offset(s) still in grace locally (lane harvest horizon 8398 ms): the pressure deadline never fenced within the wall backstop (1000 ms). The refusal is honest and terminal for this write; investigate the membership plane (finding 29)
[2026-09-06T16:12:02Z WARN  squeezefs::routing] rewrite epoch close for ino 2 failed transiently (Io(Custom { kind: StorageFull, error: "I/O error: data volume 'nvme4n1' full: 8182 of 8192 blocks allocated — lane 5 of 16 is exhausted while 0 free block(s) belong to lanes this mount does not own (alloc_lane_enospc_refusals; reach them by adopting a lane whose holder is proven dead, or grow the volume set — docs/operations.md §Multi-writer capacity planning)" })); the epoch stays registered (never-lossy) — the next close trigger retries
[2026-09-06T16:12:02Z ERROR squeezefs::block_allocator] bounded allocation refusing StorageFull after 1007 ms parked with 0 offset(s) still in grace locally (lane harvest horizon 8398 ms): the pressure deadline never fenced within the wall backstop (1000 ms). The refusal is honest and terminal for this write; investigate the membership plane (finding 29)
[2026-09-06T16:12:02Z WARN  squeezefs::fuse_client] write-through failed for ino 2 block 2532 (Io(Custom { kind: StorageFull, error: "I/O error: data volume 'nvme4n1' full: 8182 of 8192 blocks allocated — lane 5 of 16 is exhausted while 0 free block(s) belong to lanes this mount does not own (alloc_lane_enospc_refusals; reach them by adopting a lane whose holder is proven dead, or grow the volume set — docs/operations.md §Multi-writer capacity planning)" })); falling back to staging
[2026-09-06T16:12:02Z ERROR squeezefs::block_allocator] bounded allocation refusing StorageFull after 1000 ms parked with 0 offset(s) still in grace locally (lane harvest horizon 8474 ms): the pressure deadline never fenced within the wall backstop (1000 ms). The refusal is honest and terminal for this write; investigate the membership plane (finding 29)
[2026-09-06T16:12:02Z ERROR squeezefs::block_allocator] bounded allocation refusing StorageFull after 1000 ms parked with 0 offset(s) still in grace locally (lane harvest horizon 8474 ms): the pressure deadline never fenced within the wall backstop (1000 ms). The refusal is honest and terminal for this write; investigate the membership plane (finding 29)
[2026-09-06T16:12:02Z WARN  squeezefs::fuse_client] write-through failed for ino 2 block 2404 (Io(Custom { kind: StorageFull, error: "I/O error: data volume 'nvme4n1' full: 8182 of 8192 blocks allocated — lane 5 of 16 is exhausted while 0 free block(s) belong to lanes this mount does not own (alloc_lane_enospc_refusals; reach them by adopting a lane whose holder is proven dead, or grow the volume set — docs/operations.md §Multi-writer capacity planning)" })); falling back to staging
[2026-09-06T16:12:08Z WARN  fuse3::raw::connection::fuse_over_uring] fuse-over-uring qid=19 ent=7: unique=27872 delivered 8089 ms ago and still unreplied — the caller is in uninterruptible sleep (transport_slots_overdue; not-fused, fused_ready_total=0, zc_bridge_pends=0, scan_passes=4531, scan_pends_seen=24933, scan_orphans_seen=0, pend_max_age_ms=0, cancel_latched=0, park_backstop_ticks=2990, zc_msgs_sent=12741, zc_msgs_taken=12741)
[2026-09-06T16:12:13Z WARN  fuse3::raw::connection::fuse_over_uring] fuse-over-uring qid=19 ent=7: unique=27872 delivered 13109 ms ago and still unreplied — the caller is in uninterruptible sleep (transport_slots_overdue; not-fused, fused_ready_total=0, zc_bridge_pends=0, scan_passes=4531, scan_pends_seen=24933, scan_orphans_seen=0, pend_max_age_ms=0, cancel_latched=0, park_backstop_ticks=2990, zc_msgs_sent=12741, zc_msgs_taken=12741)
[2026-09-06T16:12:18Z WARN  fuse3::raw::connection::fuse_over_uring] fuse-over-uring qid=19 ent=7: unique=27872 delivered 18130 ms ago and still unreplied — the caller is in uninterruptible sleep (transport_slots_overdue; not-fused, fused_ready_total=0, zc_bridge_pends=0, scan_passes=4531, scan_pends_seen=24933, scan_orphans_seen=0, pend_max_age_ms=0, cancel_latched=0, park_backstop_ticks=2990, zc_msgs_sent=12741, zc_msgs_taken=12741)
[2026-09-06T16:12:23Z WARN  fuse3::raw::connection::fuse_over_uring] fuse-over-uring qid=19 ent=7: unique=27872 delivered 23149 ms ago and still unreplied — the caller is in uninterruptible sleep (transport_slots_overdue; not-fused, fused_ready_total=0, zc_bridge_pends=0, scan_passes=4531, scan_pends_seen=24933, scan_orphans_seen=0, pend_max_age_ms=0, cancel_latched=0, park_backstop_ticks=2990, zc_msgs_sent=12741, zc_msgs_taken=12741)
[2026-09-06T16:12:27Z ERROR squeezefs::fuse_client] FUSE op watchdog: fsync (ino 2) in flight for 30001 ms (> 30000 ms), parked past station [entry] — op is NOT cancelled (D1.b semantics: no ETIMEDOUT synthesis); investigate the volume/device if this repeats
[2026-09-06T16:12:27Z ERROR squeezefs::fuse_client] wedge census: meta_conveyor_passes=0 meta_conveyor_queued=0 meta_conveyor_windows_inflight=0 meta_conveyor_durability_passes=0 meta_commit_parked=0 meta_publish_parked=0 meta_journal_entries=0 meta_checkpoints=0 pipeline_inflight_blocks=1 pipeline_admission_waits=1313 reclaim_queue_bytes=0 rewrite_open_epochs=1 transport_leases_outstanding=0 transport_parked_commits=91 transport_unparked_commits=91 lock_ticked_reregisters=25 lane_exec_tick_rescues=6 lane_exec_task_panics=0
[2026-09-06T16:12:28Z WARN  fuse3::raw::connection::fuse_over_uring] fuse-over-uring qid=19 ent=7: unique=27872 delivered 28170 ms ago and still unreplied — the caller is in uninterruptible sleep (transport_slots_overdue; not-fused, fused_ready_total=0, zc_bridge_pends=0, scan_passes=4531, scan_pends_seen=24933, scan_orphans_seen=0, pend_max_age_ms=0, cancel_latched=0, park_backstop_ticks=2990, zc_msgs_sent=12741, zc_msgs_taken=12741)
[2026-09-06T16:12:32Z ERROR squeezefs::fuse_client] FUSE op watchdog: fsync (ino 2) in flight for 35001 ms (> 30000 ms), parked past station [entry] — op is NOT cancelled (D1.b semantics: no ETIMEDOUT synthesis); investigate the volume/device if this repeats
[2026-09-06T16:12:32Z ERROR squeezefs::fuse_client] wedge census: meta_conveyor_passes=0 meta_conveyor_queued=0 meta_conveyor_windows_inflight=0 meta_conveyor_durability_passes=0 meta_commit_parked=0 meta_publish_parked=0 meta_journal_entries=0 meta_checkpoints=0 pipeline_inflight_blocks=0 pipeline_admission_waits=1313 reclaim_queue_bytes=0 rewrite_open_epochs=0 transport_leases_outstanding=0 transport_parked_commits=91 transport_unparked_commits=91 lock_ticked_reregisters=31 lane_exec_tick_rescues=6 lane_exec_task_panics=0
[2026-09-06T16:12:33Z ERROR squeezefs::fuse_client] FUSE Fsync: FlushExtents barrier for ino 2 failed: Refused { errno: 5, msg: "I/O error: block 870 of inode_2 did not settle after 4 serialized stripe-held settle attempts (binding/incarnation mutator outside the stripe/merge disciplines — see invariant_tripwires)" }
[2026-09-06T16:12:33Z ERROR squeezefs::fuse_client] Squeezefs operational error: Refused { errno: 5, msg: "I/O error: block 870 of inode_2 did not settle after 4 serialized stripe-held settle attempts (binding/incarnation mutator outside the stripe/merge disciplines — see invariant_tripwires)" }
[2026-09-06T16:12:34Z ERROR squeezefs::fuse_client] FUSE Fsync: FlushExtents barrier for ino 2 failed: Refused { errno: 5, msg: "I/O error: block 870 of inode_2 did not settle after 4 serialized stripe-held settle attempts (binding/incarnation mutator outside the stripe/merge disciplines — see invariant_tripwires)" }
[2026-09-06T16:12:34Z ERROR squeezefs::fuse_client] Squeezefs operational error: Refused { errno: 5, msg: "I/O error: block 870 of inode_2 did not settle after 4 serialized stripe-held settle attempts (binding/incarnation mutator outside the stripe/merge disciplines — see invariant_tripwires)" }
[2026-09-06T16:12:35Z ERROR squeezefs::block_allocator] CLAIM ANOMALY: offset 33709621248 claimed from the free list while a refcount entry lingers (count=Some(1)) (block_claim_anomalies)
[2026-09-06T16:12:36Z ERROR squeezefs::block_allocator] I/O error: data volume 'nvme4n1' full: 8182 of 8192 blocks allocated — lane 5 of 16 is exhausted while 0 free block(s) belong to lanes this mount does not own (alloc_lane_enospc_refusals; reach them by adopting a lane whose holder is proven dead, or grow the volume set — docs/operations.md §Multi-writer capacity planning)
[2026-09-06T16:12:37Z ERROR squeezefs::block_allocator] I/O error: data volume 'nvme4n1' full: 8182 of 8192 blocks allocated — lane 5 of 16 is exhausted while 0 free block(s) belong to lanes this mount does not own (alloc_lane_enospc_refusals; reach them by adopting a lane whose holder is proven dead, or grow the volume set — docs/operations.md §Multi-writer capacity planning)
[2026-09-06T16:12:37Z ERROR squeezefs::block_allocator] bounded allocation refusing StorageFull after 1000 ms parked with 0 offset(s) still in grace locally (lane harvest horizon 17593 ms): the pressure deadline never fenced within the wall backstop (1000 ms). The refusal is honest and terminal for this write; investigate the membership plane (finding 29)
[2026-09-06T16:12:37Z ERROR squeezefs::block_allocator] bounded allocation refusing StorageFull after 1001 ms parked with 0 offset(s) still in grace locally (lane harvest horizon 17595 ms): the pressure deadline never fenced within the wall backstop (1000 ms). The refusal is honest and terminal for this write; investigate the membership plane (finding 29)
[2026-09-06T16:12:37Z ERROR squeezefs::block_allocator] bounded allocation refusing StorageFull after 1000 ms parked with 0 offset(s) still in grace locally (lane harvest horizon 17595 ms): the pressure deadline never fenced within the wall backstop (1000 ms). The refusal is honest and terminal for this write; investigate the membership plane (finding 29)
[2026-09-06T16:12:37Z ERROR squeezefs::block_allocator] bounded allocation refusing StorageFull after 1005 ms parked with 0 offset(s) still in grace locally (lane harvest horizon 17595 ms): the pressure deadline never fenced within the wall backstop (1000 ms). The refusal is honest and terminal for this write; investigate the membership plane (finding 29)
[2026-09-06T16:12:37Z ERROR squeezefs::block_allocator] bounded allocation refusing StorageFull after 1000 ms parked with 0 offset(s) still in grace locally (lane harvest horizon 17595 ms): the pressure deadline never fenced within the wall backstop (1000 ms). The refusal is honest and terminal for this write; investigate the membership plane (finding 29)
[2026-09-06T16:12:37Z ERROR squeezefs::block_allocator] bounded allocation refusing StorageFull after 1000 ms parked with 0 offset(s) still in grace locally (lane harvest horizon 17595 ms): the pressure deadline never fenced within the wall backstop (1000 ms). The refusal is honest and terminal for this write; investigate the membership plane (finding 29)
[2026-09-06T16:12:37Z ERROR squeezefs::block_allocator] bounded allocation refusing StorageFull after 1028 ms parked with 0 offset(s) still in grace locally (lane harvest horizon 17607 ms): the pressure deadline never fenced within the wall backstop (1000 ms). The refusal is honest and terminal for this write; investigate the membership plane (finding 29)
[2026-09-06T16:12:37Z ERROR squeezefs::block_allocator] bounded allocation refusing StorageFull after 1025 ms parked with 0 offset(s) still in grace locally (lane harvest horizon 17616 ms): the pressure deadline never fenced within the wall backstop (1000 ms). The refusal is honest and terminal for this write; investigate the membership plane (finding 29)
[2026-09-06T16:12:37Z ERROR squeezefs::block_allocator] bounded allocation refusing StorageFull after 1025 ms parked with 0 offset(s) still in grace locally (lane harvest horizon 17619 ms): the pressure deadline never fenced within the wall backstop (1000 ms). The refusal is honest and terminal for this write; investigate the membership plane (finding 29)
[2026-09-06T16:12:37Z ERROR squeezefs::block_allocator] bounded allocation refusing StorageFull after 1036 ms parked with 0 offset(s) still in grace locally (lane harvest horizon 17626 ms): the pressure deadline never fenced within the wall backstop (1000 ms). The refusal is honest and terminal for this write; investigate the membership plane (finding 29)
[2026-09-06T16:12:37Z ERROR squeezefs::block_allocator] bounded allocation refusing StorageFull after 1037 ms parked with 0 offset(s) still in grace locally (lane harvest horizon 17626 ms): the pressure deadline never fenced within the wall backstop (1000 ms). The refusal is honest and terminal for this write; investigate the membership plane (finding 29)
[2026-09-06T16:12:37Z ERROR squeezefs::block_allocator] bounded allocation refusing StorageFull after 1039 ms parked with 0 offset(s) still in grace locally (lane harvest horizon 17628 ms): the pressure deadline never fenced within the wall backstop (1000 ms). The refusal is honest and terminal for this write; investigate the membership plane (finding 29)
[2026-09-06T16:12:37Z ERROR squeezefs::block_allocator] bounded allocation refusing StorageFull after 1037 ms parked with 0 offset(s) still in grace locally (lane harvest horizon 17629 ms): the pressure deadline never fenced within the wall backstop (1000 ms). The refusal is honest and terminal for this write; investigate the membership plane (finding 29)
[2026-09-06T16:12:37Z ERROR squeezefs::block_allocator] bounded allocation refusing StorageFull after 1035 ms parked with 0 offset(s) still in grace locally (lane harvest horizon 17630 ms): the pressure deadline never fenced within the wall backstop (1000 ms). The refusal is honest and terminal for this write; investigate the membership plane (finding 29)
[2026-09-06T16:12:37Z ERROR squeezefs::block_allocator] bounded allocation refusing StorageFull after 1040 ms parked with 0 offset(s) still in grace locally (lane harvest horizon 17632 ms): the pressure deadline never fenced within the wall backstop (1000 ms). The refusal is honest and terminal for this write; investigate the membership plane (finding 29)
[2026-09-06T16:12:37Z ERROR squeezefs::block_allocator] bounded allocation refusing StorageFull after 1037 ms parked with 0 offset(s) still in grace locally (lane harvest horizon 17632 ms): the pressure deadline never fenced within the wall backstop (1000 ms). The refusal is honest and terminal for this write; investigate the membership plane (finding 29)
[2026-09-06T16:12:37Z ERROR squeezefs::block_allocator] bounded allocation refusing StorageFull after 1044 ms parked with 0 offset(s) still in grace locally (lane harvest horizon 17636 ms): the pressure deadline never fenced within the wall backstop (1000 ms). The refusal is honest and terminal for this write; investigate the membership plane (finding 29)
[2026-09-06T16:12:37Z ERROR squeezefs::block_allocator] bounded allocation refusing StorageFull after 1050 ms parked with 0 offset(s) still in grace locally (lane harvest horizon 17643 ms): the pressure deadline never fenced within the wall backstop (1000 ms). The refusal is honest and terminal for this write; investigate the membership plane (finding 29)
[2026-09-06T16:12:38Z ERROR squeezefs::block_allocator] I/O error: data volume 'nvme4n1' full: 8182 of 8192 blocks allocated — lane 5 of 16 is exhausted while 0 free block(s) belong to lanes this mount does not own (alloc_lane_enospc_refusals; reach them by adopting a lane whose holder is proven dead, or grow the volume set — docs/operations.md §Multi-writer capacity planning)
[2026-09-06T16:12:38Z ERROR squeezefs::block_allocator] bounded allocation refusing StorageFull after 1002 ms parked with 0 offset(s) still in grace locally (lane harvest horizon 8610 ms): the pressure deadline never fenced within the wall backstop (1000 ms). The refusal is honest and terminal for this write; investigate the membership plane (finding 29)
[2026-09-06T16:12:38Z ERROR squeezefs::block_allocator] bounded allocation refusing StorageFull after 1009 ms parked with 0 offset(s) still in grace locally (lane harvest horizon 8610 ms): the pressure deadline never fenced within the wall backstop (1000 ms). The refusal is honest and terminal for this write; investigate the membership plane (finding 29)
[2026-09-06T16:12:38Z ERROR squeezefs::block_allocator] bounded allocation refusing StorageFull after 1005 ms parked with 0 offset(s) still in grace locally (lane harvest horizon 8653 ms): the pressure deadline never fenced within the wall backstop (1000 ms). The refusal is honest and terminal for this write; investigate the membership plane (finding 29)
[2026-09-06T16:12:38Z ERROR squeezefs::block_allocator] bounded allocation refusing StorageFull after 1006 ms parked with 0 offset(s) still in grace locally (lane harvest horizon 8653 ms): the pressure deadline never fenced within the wall backstop (1000 ms). The refusal is honest and terminal for this write; investigate the membership plane (finding 29)
[2026-09-06T16:12:38Z ERROR squeezefs::block_allocator] bounded allocation refusing StorageFull after 1006 ms parked with 0 offset(s) still in grace locally (lane harvest horizon 8655 ms): the pressure deadline never fenced within the wall backstop (1000 ms). The refusal is honest and terminal for this write; investigate the membership plane (finding 29)
[2026-09-06T16:12:38Z ERROR squeezefs::block_allocator] bounded allocation refusing StorageFull after 1009 ms parked with 0 offset(s) still in grace locally (lane harvest horizon 8655 ms): the pressure deadline never fenced within the wall backstop (1000 ms). The refusal is honest and terminal for this write; investigate the membership plane (finding 29)
[2026-09-06T16:12:38Z ERROR squeezefs::block_allocator] bounded allocation refusing StorageFull after 1010 ms parked with 0 offset(s) still in grace locally (lane harvest horizon 8655 ms): the pressure deadline never fenced within the wall backstop (1000 ms). The refusal is honest and terminal for this write; investigate the membership plane (finding 29)
[2026-09-06T16:12:38Z ERROR squeezefs::block_allocator] bounded allocation refusing StorageFull after 1009 ms parked with 0 offset(s) still in grace locally (lane harvest horizon 8656 ms): the pressure deadline never fenced within the wall backstop (1000 ms). The refusal is honest and terminal for this write; investigate the membership plane (finding 29)
[2026-09-06T16:12:38Z ERROR squeezefs::block_allocator] bounded allocation refusing StorageFull after 1040 ms parked with 0 offset(s) still in grace locally (lane harvest horizon 8656 ms): the pressure deadline never fenced within the wall backstop (1000 ms). The refusal is honest and terminal for this write; investigate the membership plane (finding 29)
[2026-09-06T16:12:38Z ERROR squeezefs::block_allocator] bounded allocation refusing StorageFull after 1013 ms parked with 0 offset(s) still in grace locally (lane harvest horizon 8657 ms): the pressure deadline never fenced within the wall backstop (1000 ms). The refusal is honest and terminal for this write; investigate the membership plane (finding 29)
[2026-09-06T16:12:38Z ERROR squeezefs::block_allocator] bounded allocation refusing StorageFull after 1014 ms parked with 0 offset(s) still in grace locally (lane harvest horizon 8657 ms): the pressure deadline never fenced within the wall backstop (1000 ms). The refusal is honest and terminal for this write; investigate the membership plane (finding 29)
[2026-09-06T16:12:38Z ERROR squeezefs::block_allocator] bounded allocation refusing StorageFull after 1008 ms parked with 0 offset(s) still in grace locally (lane harvest horizon 8657 ms): the pressure deadline never fenced within the wall backstop (1000 ms). The refusal is honest and terminal for this write; investigate the membership plane (finding 29)
[2026-09-06T16:12:38Z ERROR squeezefs::block_allocator] bounded allocation refusing StorageFull after 1009 ms parked with 0 offset(s) still in grace locally (lane harvest horizon 8657 ms): the pressure deadline never fenced within the wall backstop (1000 ms). The refusal is honest and terminal for this write; investigate the membership plane (finding 29)
[2026-09-06T16:12:38Z ERROR squeezefs::block_allocator] bounded allocation refusing StorageFull after 1022 ms parked with 0 offset(s) still in grace locally (lane harvest horizon 8658 ms): the pressure deadline never fenced within the wall backstop (1000 ms). The refusal is honest and terminal for this write; investigate the membership plane (finding 29)
[2026-09-06T16:12:38Z ERROR squeezefs::block_allocator] bounded allocation refusing StorageFull after 1019 ms parked with 0 offset(s) still in grace locally (lane harvest horizon 8658 ms): the pressure deadline never fenced within the wall backstop (1000 ms). The refusal is honest and terminal for this write; investigate the membership plane (finding 29)
[2026-09-06T16:12:38Z ERROR squeezefs::block_allocator] bounded allocation refusing StorageFull after 1044 ms parked with 0 offset(s) still in grace locally (lane harvest horizon 8658 ms): the pressure deadline never fenced within the wall backstop (1000 ms). The refusal is honest and terminal for this write; investigate the membership plane (finding 29)
[2026-09-06T16:12:38Z ERROR squeezefs::block_allocator] bounded allocation refusing StorageFull after 1028 ms parked with 0 offset(s) still in grace locally (lane harvest horizon 8658 ms): the pressure deadline never fenced within the wall backstop (1000 ms). The refusal is honest and terminal for this write; investigate the membership plane (finding 29)
[2026-09-06T16:12:38Z ERROR squeezefs::block_allocator] bounded allocation refusing StorageFull after 1028 ms parked with 0 offset(s) still in grace locally (lane harvest horizon 8658 ms): the pressure deadline never fenced within the wall backstop (1000 ms). The refusal is honest and terminal for this write; investigate the membership plane (finding 29)
[2026-09-06T16:12:38Z ERROR fuse3::raw::connection::fuse_over_uring] transport payload lease held 1043 ms (≥ 1 s) — overlong handler invocation or a §5.4 severance escape; watch transport_lease_overlong / transport_parked_commits
[2026-09-06T16:12:38Z ERROR squeezefs::block_allocator] bounded allocation refusing StorageFull after 1029 ms parked with 0 offset(s) still in grace locally (lane harvest horizon 8659 ms): the pressure deadline never fenced within the wall backstop (1000 ms). The refusal is honest and terminal for this write; investigate the membership plane (finding 29)
[2026-09-06T16:12:38Z ERROR squeezefs::block_allocator] bounded allocation refusing StorageFull after 1012 ms parked with 0 offset(s) still in grace locally (lane harvest horizon 8660 ms): the pressure deadline never fenced within the wall backstop (1000 ms). The refusal is honest and terminal for this write; investigate the membership plane (finding 29)
[2026-09-06T16:12:38Z ERROR squeezefs::block_allocator] bounded allocation refusing StorageFull after 1046 ms parked with 0 offset(s) still in grace locally (lane harvest horizon 8661 ms): the pressure deadline never fenced within the wall backstop (1000 ms). The refusal is honest and terminal for this write; investigate the membership plane (finding 29)
[2026-09-06T16:12:38Z ERROR squeezefs::block_allocator] bounded allocation refusing StorageFull after 1042 ms parked with 0 offset(s) still in grace locally (lane harvest horizon 8661 ms): the pressure deadline never fenced within the wall backstop (1000 ms). The refusal is honest and terminal for this write; investigate the membership plane (finding 29)
[2026-09-06T16:12:38Z ERROR squeezefs::block_allocator] bounded allocation refusing StorageFull after 1034 ms parked with 0 offset(s) still in grace locally (lane harvest horizon 8661 ms): the pressure deadline never fenced within the wall backstop (1000 ms). The refusal is honest and terminal for this write; investigate the membership plane (finding 29)
[2026-09-06T16:12:38Z ERROR squeezefs::block_allocator] bounded allocation refusing StorageFull after 1028 ms parked with 0 offset(s) still in grace locally (lane harvest horizon 8661 ms): the pressure deadline never fenced within the wall backstop (1000 ms). The refusal is honest and terminal for this write; investigate the membership plane (finding 29)
[2026-09-06T16:12:38Z ERROR squeezefs::block_allocator] bounded allocation refusing StorageFull after 1014 ms parked with 0 offset(s) still in grace locally (lane harvest horizon 8661 ms): the pressure deadline never fenced within the wall backstop (1000 ms). The refusal is honest and terminal for this write; investigate the membership plane (finding 29)
[2026-09-06T16:12:38Z ERROR squeezefs::block_allocator] bounded allocation refusing StorageFull after 1026 ms parked with 0 offset(s) still in grace locally (lane harvest horizon 8662 ms): the pressure deadline never fenced within the wall backstop (1000 ms). The refusal is honest and terminal for this write; investigate the membership plane (finding 29)
[2026-09-06T16:12:38Z ERROR squeezefs::block_allocator] bounded allocation refusing StorageFull after 1014 ms parked with 0 offset(s) still in grace locally (lane harvest horizon 8662 ms): the pressure deadline never fenced within the wall backstop (1000 ms). The refusal is honest and terminal for this write; investigate the membership plane (finding 29)
[2026-09-06T16:12:38Z ERROR squeezefs::block_allocator] bounded allocation refusing StorageFull after 1017 ms parked with 0 offset(s) still in grace locally (lane harvest horizon 8662 ms): the pressure deadline never fenced within the wall backstop (1000 ms). The refusal is honest and terminal for this write; investigate the membership plane (finding 29)
[2026-09-06T16:12:38Z ERROR squeezefs::block_allocator] bounded allocation refusing StorageFull after 1039 ms parked with 0 offset(s) still in grace locally (lane harvest horizon 8662 ms): the pressure deadline never fenced within the wall backstop (1000 ms). The refusal is honest and terminal for this write; investigate the membership plane (finding 29)
[2026-09-06T16:12:38Z ERROR squeezefs::block_allocator] bounded allocation refusing StorageFull after 1014 ms parked with 0 offset(s) still in grace locally (lane harvest horizon 8663 ms): the pressure deadline never fenced within the wall backstop (1000 ms). The refusal is honest and terminal for this write; investigate the membership plane (finding 29)
[2026-09-06T16:12:38Z ERROR squeezefs::block_allocator] bounded allocation refusing StorageFull after 1009 ms parked with 0 offset(s) still in grace locally (lane harvest horizon 8663 ms): the pressure deadline never fenced within the wall backstop (1000 ms). The refusal is honest and terminal for this write; investigate the membership plane (finding 29)
[2026-09-06T16:12:38Z ERROR squeezefs::block_allocator] bounded allocation refusing StorageFull after 1017 ms parked with 0 offset(s) still in grace locally (lane harvest horizon 8663 ms): the pressure deadline never fenced within the wall backstop (1000 ms). The refusal is honest and terminal for this write; investigate the membership plane (finding 29)
[2026-09-06T16:12:38Z ERROR fuse3::raw::connection::fuse_over_uring] transport payload lease held 1015 ms (≥ 1 s) — overlong handler invocation or a §5.4 severance escape; watch transport_lease_overlong / transport_parked_commits
[2026-09-06T16:12:39Z ERROR squeezefs::block_allocator] I/O error: data volume 'nvme4n1' full: 8182 of 8192 blocks allocated — lane 5 of 16 is exhausted while 0 free block(s) belong to lanes this mount does not own (alloc_lane_enospc_refusals; reach them by adopting a lane whose holder is proven dead, or grow the volume set — docs/operations.md §Multi-writer capacity planning)
[2026-09-06T16:12:39Z ERROR squeezefs::block_allocator] bounded allocation refusing StorageFull after 1001 ms parked with 0 offset(s) still in grace locally (lane harvest horizon 8475 ms): the pressure deadline never fenced within the wall backstop (1000 ms). The refusal is honest and terminal for this write; investigate the membership plane (finding 29)
[2026-09-06T16:12:39Z WARN  squeezefs::fuse_client] write-through failed for ino 2 block 1350 (Io(Custom { kind: StorageFull, error: "I/O error: data volume 'nvme4n1' full: 8182 of 8192 blocks allocated — lane 5 of 16 is exhausted while 0 free block(s) belong to lanes this mount does not own (alloc_lane_enospc_refusals; reach them by adopting a lane whose holder is proven dead, or grow the volume set — docs/operations.md §Multi-writer capacity planning)" })); falling back to staging
[2026-09-06T16:12:39Z ERROR squeezefs::block_allocator] bounded allocation refusing StorageFull after 1002 ms parked with 0 offset(s) still in grace locally (lane harvest horizon 8476 ms): the pressure deadline never fenced within the wall backstop (1000 ms). The refusal is honest and terminal for this write; investigate the membership plane (finding 29)
[2026-09-06T16:12:39Z WARN  squeezefs::fuse_client] write-through failed for ino 2 block 1284 (Io(Custom { kind: StorageFull, error: "I/O error: data volume 'nvme4n1' full: 8182 of 8192 blocks allocated — lane 5 of 16 is exhausted while 0 free block(s) belong to lanes this mount does not own (alloc_lane_enospc_refusals; reach them by adopting a lane whose holder is proven dead, or grow the volume set — docs/operations.md §Multi-writer capacity planning)" })); falling back to staging
[2026-09-06T16:12:39Z ERROR squeezefs::block_allocator] bounded allocation refusing StorageFull after 1003 ms parked with 0 offset(s) still in grace locally (lane harvest horizon 8480 ms): the pressure deadline never fenced within the wall backstop (1000 ms). The refusal is honest and terminal for this write; investigate the membership plane (finding 29)
[2026-09-06T16:12:39Z WARN  squeezefs::fuse_client] write-through failed for ino 2 block 1316 (Io(Custom { kind: StorageFull, error: "I/O error: data volume 'nvme4n1' full: 8182 of 8192 blocks allocated — lane 5 of 16 is exhausted while 0 free block(s) belong to lanes this mount does not own (alloc_lane_enospc_refusals; reach them by adopting a lane whose holder is proven dead, or grow the volume set — docs/operations.md §Multi-writer capacity planning)" })); falling back to staging
[2026-09-06T16:12:39Z ERROR fuse3::raw::connection::fuse_over_uring] transport payload lease held 1007 ms (≥ 1 s) — overlong handler invocation or a §5.4 severance escape; watch transport_lease_overlong / transport_parked_commits
[2026-09-06T16:12:39Z ERROR squeezefs::block_allocator] bounded allocation refusing StorageFull after 1003 ms parked with 0 offset(s) still in grace locally (lane harvest horizon 8479 ms): the pressure deadline never fenced within the wall backstop (1000 ms). The refusal is honest and terminal for this write; investigate the membership plane (finding 29)
[2026-09-06T16:12:39Z WARN  squeezefs::fuse_client] write-through failed for ino 2 block 1863 (Io(Custom { kind: StorageFull, error: "I/O error: data volume 'nvme4n1' full: 8182 of 8192 blocks allocated — lane 5 of 16 is exhausted while 0 free block(s) belong to lanes this mount does not own (alloc_lane_enospc_refusals; reach them by adopting a lane whose holder is proven dead, or grow the volume set — docs/operations.md §Multi-writer capacity planning)" })); falling back to staging
[2026-09-06T16:12:39Z ERROR fuse3::raw::connection::fuse_over_uring] transport payload lease held 1004 ms (≥ 1 s) — overlong handler invocation or a §5.4 severance escape; watch transport_lease_overlong / transport_parked_commits
[2026-09-06T16:12:39Z ERROR squeezefs::block_allocator] bounded allocation refusing StorageFull after 1001 ms parked with 0 offset(s) still in grace locally (lane harvest horizon 8481 ms): the pressure deadline never fenced within the wall backstop (1000 ms). The refusal is honest and terminal for this write; investigate the membership plane (finding 29)
[2026-09-06T16:12:39Z ERROR squeezefs::block_allocator] bounded allocation refusing StorageFull after 1007 ms parked with 0 offset(s) still in grace locally (lane harvest horizon 8481 ms): the pressure deadline never fenced within the wall backstop (1000 ms). The refusal is honest and terminal for this write; investigate the membership plane (finding 29)
[2026-09-06T16:12:39Z WARN  squeezefs::fuse_client] write-through failed for ino 2 block 1252 (Io(Custom { kind: StorageFull, error: "I/O error: data volume 'nvme4n1' full: 8182 of 8192 blocks allocated — lane 5 of 16 is exhausted while 0 free block(s) belong to lanes this mount does not own (alloc_lane_enospc_refusals; reach them by adopting a lane whose holder is proven dead, or grow the volume set — docs/operations.md §Multi-writer capacity planning)" })); falling back to staging
[2026-09-06T16:12:39Z WARN  squeezefs::fuse_client] write-through failed for ino 2 block 1156 (Io(Custom { kind: StorageFull, error: "I/O error: data volume 'nvme4n1' full: 8182 of 8192 blocks allocated — lane 5 of 16 is exhausted while 0 free block(s) belong to lanes this mount does not own (alloc_lane_enospc_refusals; reach them by adopting a lane whose holder is proven dead, or grow the volume set — docs/operations.md §Multi-writer capacity planning)" })); falling back to staging
[2026-09-06T16:12:39Z ERROR squeezefs::block_allocator] bounded allocation refusing StorageFull after 1007 ms parked with 0 offset(s) still in grace locally (lane harvest horizon 8481 ms): the pressure deadline never fenced within the wall backstop (1000 ms). The refusal is honest and terminal for this write; investigate the membership plane (finding 29)
[2026-09-06T16:12:39Z WARN  squeezefs::routing] rewrite epoch close for ino 2 failed transiently (Io(Custom { kind: StorageFull, error: "I/O error: data volume 'nvme4n1' full: 8182 of 8192 blocks allocated — lane 5 of 16 is exhausted while 0 free block(s) belong to lanes this mount does not own (alloc_lane_enospc_refusals; reach them by adopting a lane whose holder is proven dead, or grow the volume set — docs/operations.md §Multi-writer capacity planning)" })); the epoch stays registered (never-lossy) — the next close trigger retries
[2026-09-06T16:12:39Z ERROR fuse3::raw::connection::fuse_over_uring] transport payload lease held 1002 ms (≥ 1 s) — overlong handler invocation or a §5.4 severance escape; watch transport_lease_overlong / transport_parked_commits
[2026-09-06T16:12:39Z ERROR fuse3::raw::connection::fuse_over_uring] transport payload lease held 1008 ms (≥ 1 s) — overlong handler invocation or a §5.4 severance escape; watch transport_lease_overlong / transport_parked_commits
[2026-09-06T16:12:39Z ERROR fuse3::raw::connection::fuse_over_uring] transport payload lease held 2020 ms (≥ 1 s) — overlong handler invocation or a §5.4 severance escape; watch transport_lease_overlong / transport_parked_commits
[2026-09-06T16:12:39Z ERROR fuse3::raw::connection::fuse_over_uring] transport payload lease held 1047 ms (≥ 1 s) — overlong handler invocation or a §5.4 severance escape; watch transport_lease_overlong / transport_parked_commits
[2026-09-06T16:12:39Z ERROR fuse3::raw::connection::fuse_over_uring] transport payload lease held 1047 ms (≥ 1 s) — overlong handler invocation or a §5.4 severance escape; watch transport_lease_overlong / transport_parked_commits
[2026-09-06T16:12:39Z ERROR fuse3::raw::connection::fuse_over_uring] transport payload lease held 1011 ms (≥ 1 s) — overlong handler invocation or a §5.4 severance escape; watch transport_lease_overlong / transport_parked_commits
[2026-09-06T16:12:39Z ERROR fuse3::raw::connection::fuse_over_uring] transport payload lease held 1014 ms (≥ 1 s) — overlong handler invocation or a §5.4 severance escape; watch transport_lease_overlong / transport_parked_commits
[2026-09-06T16:12:39Z ERROR fuse3::raw::connection::fuse_over_uring] transport payload lease held 2036 ms (≥ 1 s) — overlong handler invocation or a §5.4 severance escape; watch transport_lease_overlong / transport_parked_commits
[2026-09-06T16:12:39Z ERROR fuse3::raw::connection::fuse_over_uring] transport payload lease held 1021 ms (≥ 1 s) — overlong handler invocation or a §5.4 severance escape; watch transport_lease_overlong / transport_parked_commits
[2026-09-06T16:12:39Z ERROR fuse3::raw::connection::fuse_over_uring] transport payload lease held 1035 ms (≥ 1 s) — overlong handler invocation or a §5.4 severance escape; watch transport_lease_overlong / transport_parked_commits
[2026-09-06T16:12:39Z ERROR fuse3::raw::connection::fuse_over_uring] transport payload lease held 2046 ms (≥ 1 s) — overlong handler invocation or a §5.4 severance escape; watch transport_lease_overlong / transport_parked_commits
[2026-09-06T16:12:39Z ERROR squeezefs::block_allocator] bounded allocation refusing StorageFull after 1048 ms parked with 0 offset(s) still in grace locally (lane harvest horizon 8526 ms): the pressure deadline never fenced within the wall backstop (1000 ms). The refusal is honest and terminal for this write; investigate the membership plane (finding 29)
[2026-09-06T16:12:39Z WARN  squeezefs::fuse_client] write-through failed for ino 2 block 1188 (Io(Custom { kind: StorageFull, error: "I/O error: data volume 'nvme4n1' full: 8182 of 8192 blocks allocated — lane 5 of 16 is exhausted while 0 free block(s) belong to lanes this mount does not own (alloc_lane_enospc_refusals; reach them by adopting a lane whose holder is proven dead, or grow the volume set — docs/operations.md §Multi-writer capacity planning)" })); falling back to staging
[2026-09-06T16:12:39Z ERROR squeezefs::block_allocator] bounded allocation refusing StorageFull after 1048 ms parked with 0 offset(s) still in grace locally (lane harvest horizon 8526 ms): the pressure deadline never fenced within the wall backstop (1000 ms). The refusal is honest and terminal for this write; investigate the membership plane (finding 29)
[2026-09-06T16:12:39Z ERROR squeezefs::block_allocator] bounded allocation refusing StorageFull after 1047 ms parked with 0 offset(s) still in grace locally (lane harvest horizon 8526 ms): the pressure deadline never fenced within the wall backstop (1000 ms). The refusal is honest and terminal for this write; investigate the membership plane (finding 29)
[2026-09-06T16:12:39Z WARN  squeezefs::fuse_client] write-through failed for ino 2 block 1220 (Io(Custom { kind: StorageFull, error: "I/O error: data volume 'nvme4n1' full: 8182 of 8192 blocks allocated — lane 5 of 16 is exhausted while 0 free block(s) belong to lanes this mount does not own (alloc_lane_enospc_refusals; reach them by adopting a lane whose holder is proven dead, or grow the volume set — docs/operations.md §Multi-writer capacity planning)" })); falling back to staging
[2026-09-06T16:12:39Z ERROR squeezefs::block_allocator] bounded allocation refusing StorageFull after 1045 ms parked with 0 offset(s) still in grace locally (lane harvest horizon 8529 ms): the pressure deadline never fenced within the wall backstop (1000 ms). The refusal is honest and terminal for this write; investigate the membership plane (finding 29)
[2026-09-06T16:12:40Z ERROR squeezefs::block_allocator] I/O error: data volume 'nvme4n1' full: 8182 of 8192 blocks allocated — lane 5 of 16 is exhausted while 0 free block(s) belong to lanes this mount does not own (alloc_lane_enospc_refusals; reach them by adopting a lane whose holder is proven dead, or grow the volume set — docs/operations.md §Multi-writer capacity planning)
[2026-09-06T16:12:40Z ERROR squeezefs::block_allocator] bounded allocation refusing StorageFull after 1003 ms parked with 0 offset(s) still in grace locally (lane harvest horizon 9215 ms): the pressure deadline never fenced within the wall backstop (1000 ms). The refusal is honest and terminal for this write; investigate the membership plane (finding 29)
[2026-09-06T16:12:40Z ERROR squeezefs::block_allocator] bounded allocation refusing StorageFull after 1007 ms parked with 0 offset(s) still in grace locally (lane harvest horizon 9216 ms): the pressure deadline never fenced within the wall backstop (1000 ms). The refusal is honest and terminal for this write; investigate the membership plane (finding 29)
[2026-09-06T16:12:40Z ERROR squeezefs::block_allocator] bounded allocation refusing StorageFull after 1005 ms parked with 0 offset(s) still in grace locally (lane harvest horizon 9219 ms): the pressure deadline never fenced within the wall backstop (1000 ms). The refusal is honest and terminal for this write; investigate the membership plane (finding 29)
[2026-09-06T16:12:40Z ERROR squeezefs::block_allocator] bounded allocation refusing StorageFull after 1006 ms parked with 0 offset(s) still in grace locally (lane harvest horizon 9219 ms): the pressure deadline never fenced within the wall backstop (1000 ms). The refusal is honest and terminal for this write; investigate the membership plane (finding 29)
[2026-09-06T16:12:40Z ERROR squeezefs::block_allocator] bounded allocation refusing StorageFull after 1003 ms parked with 0 offset(s) still in grace locally (lane harvest horizon 9220 ms): the pressure deadline never fenced within the wall backstop (1000 ms). The refusal is honest and terminal for this write; investigate the membership plane (finding 29)
[2026-09-06T16:12:40Z ERROR squeezefs::block_allocator] bounded allocation refusing StorageFull after 1046 ms parked with 0 offset(s) still in grace locally (lane harvest horizon 9264 ms): the pressure deadline never fenced within the wall backstop (1000 ms). The refusal is honest and terminal for this write; investigate the membership plane (finding 29)
[2026-09-06T16:12:40Z ERROR squeezefs::block_allocator] bounded allocation refusing StorageFull after 1019 ms parked with 0 offset(s) still in grace locally (lane harvest horizon 9266 ms): the pressure deadline never fenced within the wall backstop (1000 ms). The refusal is honest and terminal for this write; investigate the membership plane (finding 29)
[2026-09-06T16:12:40Z ERROR squeezefs::block_allocator] bounded allocation refusing StorageFull after 1048 ms parked with 0 offset(s) still in grace locally (lane harvest horizon 9266 ms): the pressure deadline never fenced within the wall backstop (1000 ms). The refusal is honest and terminal for this write; investigate the membership plane (finding 29)
[2026-09-06T16:12:40Z ERROR squeezefs::block_allocator] bounded allocation refusing StorageFull after 1033 ms parked with 0 offset(s) still in grace locally (lane harvest horizon 9267 ms): the pressure deadline never fenced within the wall backstop (1000 ms). The refusal is honest and terminal for this write; investigate the membership plane (finding 29)
[2026-09-06T16:12:40Z ERROR squeezefs::block_allocator] bounded allocation refusing StorageFull after 1002 ms parked with 0 offset(s) still in grace locally (lane harvest horizon 9267 ms): the pressure deadline never fenced within the wall backstop (1000 ms). The refusal is honest and terminal for this write; investigate the membership plane (finding 29)
[2026-09-06T16:12:40Z ERROR squeezefs::block_allocator] bounded allocation refusing StorageFull after 1043 ms parked with 0 offset(s) still in grace locally (lane harvest horizon 9268 ms): the pressure deadline never fenced within the wall backstop (1000 ms). The refusal is honest and terminal for this write; investigate the membership plane (finding 29)
[2026-09-06T16:12:40Z ERROR squeezefs::block_allocator] bounded allocation refusing StorageFull after 1031 ms parked with 0 offset(s) still in grace locally (lane harvest horizon 9269 ms): the pressure deadline never fenced within the wall backstop (1000 ms). The refusal is honest and terminal for this write; investigate the membership plane (finding 29)
[2026-09-06T16:12:40Z ERROR squeezefs::block_allocator] bounded allocation refusing StorageFull after 1001 ms parked with 0 offset(s) still in grace locally (lane harvest horizon 9271 ms): the pressure deadline never fenced within the wall backstop (1000 ms). The refusal is honest and terminal for this write; investigate the membership plane (finding 29)
[2026-09-06T16:12:40Z ERROR squeezefs::block_allocator] bounded allocation refusing StorageFull after 1042 ms parked with 0 offset(s) still in grace locally (lane harvest horizon 9272 ms): the pressure deadline never fenced within the wall backstop (1000 ms). The refusal is honest and terminal for this write; investigate the membership plane (finding 29)
[2026-09-06T16:12:40Z ERROR squeezefs::block_allocator] bounded allocation refusing StorageFull after 1020 ms parked with 0 offset(s) still in grace locally (lane harvest horizon 9272 ms): the pressure deadline never fenced within the wall backstop (1000 ms). The refusal is honest and terminal for this write; investigate the membership plane (finding 29)
[2026-09-06T16:12:40Z ERROR squeezefs::block_allocator] bounded allocation refusing StorageFull after 1010 ms parked with 0 offset(s) still in grace locally (lane harvest horizon 9223 ms): the pressure deadline never fenced within the wall backstop (1000 ms). The refusal is honest and terminal for this write; investigate the membership plane (finding 29)
[2026-09-06T16:12:40Z ERROR squeezefs::block_allocator] bounded allocation refusing StorageFull after 1018 ms parked with 0 offset(s) still in grace locally (lane harvest horizon 9223 ms): the pressure deadline never fenced within the wall backstop (1000 ms). The refusal is honest and terminal for this write; investigate the membership plane (finding 29)
[2026-09-06T16:12:40Z ERROR squeezefs::block_allocator] bounded allocation refusing StorageFull after 1007 ms parked with 0 offset(s) still in grace locally (lane harvest horizon 9223 ms): the pressure deadline never fenced within the wall backstop (1000 ms). The refusal is honest and terminal for this write; investigate the membership plane (finding 29)
[2026-09-06T16:12:40Z ERROR squeezefs::block_allocator] bounded allocation refusing StorageFull after 1029 ms parked with 0 offset(s) still in grace locally (lane harvest horizon 9224 ms): the pressure deadline never fenced within the wall backstop (1000 ms). The refusal is honest and terminal for this write; investigate the membership plane (finding 29)
[2026-09-06T16:12:40Z ERROR squeezefs::block_allocator] bounded allocation refusing StorageFull after 1050 ms parked with 0 offset(s) still in grace locally (lane harvest horizon 9223 ms): the pressure deadline never fenced within the wall backstop (1000 ms). The refusal is honest and terminal for this write; investigate the membership plane (finding 29)
[2026-09-06T16:12:40Z ERROR squeezefs::block_allocator] bounded allocation refusing StorageFull after 1024 ms parked with 0 offset(s) still in grace locally (lane harvest horizon 9224 ms): the pressure deadline never fenced within the wall backstop (1000 ms). The refusal is honest and terminal for this write; investigate the membership plane (finding 29)
[2026-09-06T16:12:40Z ERROR squeezefs::block_allocator] bounded allocation refusing StorageFull after 1042 ms parked with 0 offset(s) still in grace locally (lane harvest horizon 9224 ms): the pressure deadline never fenced within the wall backstop (1000 ms). The refusal is honest and terminal for this write; investigate the membership plane (finding 29)
[2026-09-06T16:12:40Z ERROR squeezefs::block_allocator] bounded allocation refusing StorageFull after 1031 ms parked with 0 offset(s) still in grace locally (lane harvest horizon 9224 ms): the pressure deadline never fenced within the wall backstop (1000 ms). The refusal is honest and terminal for this write; investigate the membership plane (finding 29)
[2026-09-06T16:12:40Z ERROR fuse3::raw::connection::fuse_over_uring] transport payload lease held 1012 ms (≥ 1 s) — overlong handler invocation or a §5.4 severance escape; watch transport_lease_overlong / transport_parked_commits
[2026-09-06T16:12:40Z ERROR fuse3::raw::connection::fuse_over_uring] transport payload lease held 1012 ms (≥ 1 s) — overlong handler invocation or a §5.4 severance escape; watch transport_lease_overlong / transport_parked_commits
[2026-09-06T16:12:40Z ERROR fuse3::raw::connection::fuse_over_uring] transport payload lease held 1012 ms (≥ 1 s) — overlong handler invocation or a §5.4 severance escape; watch transport_lease_overlong / transport_parked_commits
[2026-09-06T16:12:40Z ERROR fuse3::raw::connection::fuse_over_uring] transport payload lease held 1012 ms (≥ 1 s) — overlong handler invocation or a §5.4 severance escape; watch transport_lease_overlong / transport_parked_commits
[2026-09-06T16:12:40Z ERROR fuse3::raw::connection::fuse_over_uring] transport payload lease held 1012 ms (≥ 1 s) — overlong handler invocation or a §5.4 severance escape; watch transport_lease_overlong / transport_parked_commits
[2026-09-06T16:12:40Z ERROR squeezefs::block_allocator] bounded allocation refusing StorageFull after 1025 ms parked with 0 offset(s) still in grace locally (lane harvest horizon 9225 ms): the pressure deadline never fenced within the wall backstop (1000 ms). The refusal is honest and terminal for this write; investigate the membership plane (finding 29)
[2026-09-06T16:12:40Z ERROR squeezefs::block_allocator] bounded allocation refusing StorageFull after 1036 ms parked with 0 offset(s) still in grace locally (lane harvest horizon 9225 ms): the pressure deadline never fenced within the wall backstop (1000 ms). The refusal is honest and terminal for this write; investigate the membership plane (finding 29)
[2026-09-06T16:12:40Z ERROR fuse3::raw::connection::fuse_over_uring] transport payload lease held 1012 ms (≥ 1 s) — overlong handler invocation or a §5.4 severance escape; watch transport_lease_overlong / transport_parked_commits
[2026-09-06T16:12:40Z ERROR fuse3::raw::connection::fuse_over_uring] transport payload lease held 1013 ms (≥ 1 s) — overlong handler invocation or a §5.4 severance escape; watch transport_lease_overlong / transport_parked_commits
[2026-09-06T16:12:40Z ERROR fuse3::raw::connection::fuse_over_uring] transport payload lease held 1013 ms (≥ 1 s) — overlong handler invocation or a §5.4 severance escape; watch transport_lease_overlong / transport_parked_commits
[2026-09-06T16:12:40Z ERROR fuse3::raw::connection::fuse_over_uring] transport payload lease held 1013 ms (≥ 1 s) — overlong handler invocation or a §5.4 severance escape; watch transport_lease_overlong / transport_parked_commits
[2026-09-06T16:12:40Z ERROR fuse3::raw::connection::fuse_over_uring] transport payload lease held 1013 ms (≥ 1 s) — overlong handler invocation or a §5.4 severance escape; watch transport_lease_overlong / transport_parked_commits
[2026-09-06T16:12:40Z ERROR fuse3::raw::connection::fuse_over_uring] transport payload lease held 1013 ms (≥ 1 s) — overlong handler invocation or a §5.4 severance escape; watch transport_lease_overlong / transport_parked_commits
[2026-09-06T16:12:40Z ERROR fuse3::raw::connection::fuse_over_uring] transport payload lease held 1013 ms (≥ 1 s) — overlong handler invocation or a §5.4 severance escape; watch transport_lease_overlong / transport_parked_commits
[2026-09-06T16:12:40Z ERROR fuse3::raw::connection::fuse_over_uring] transport payload lease held 1013 ms (≥ 1 s) — overlong handler invocation or a §5.4 severance escape; watch transport_lease_overlong / transport_parked_commits
[2026-09-06T16:12:40Z ERROR fuse3::raw::connection::fuse_over_uring] transport payload lease held 1013 ms (≥ 1 s) — overlong handler invocation or a §5.4 severance escape; watch transport_lease_overlong / transport_parked_commits
[2026-09-06T16:12:40Z ERROR fuse3::raw::connection::fuse_over_uring] transport payload lease held 1013 ms (≥ 1 s) — overlong handler invocation or a §5.4 severance escape; watch transport_lease_overlong / transport_parked_commits
[2026-09-06T16:12:40Z ERROR fuse3::raw::connection::fuse_over_uring] transport payload lease held 1013 ms (≥ 1 s) — overlong handler invocation or a §5.4 severance escape; watch transport_lease_overlong / transport_parked_commits
[2026-09-06T16:12:40Z ERROR fuse3::raw::connection::fuse_over_uring] transport payload lease held 1014 ms (≥ 1 s) — overlong handler invocation or a §5.4 severance escape; watch transport_lease_overlong / transport_parked_commits
[2026-09-06T16:12:40Z ERROR fuse3::raw::connection::fuse_over_uring] transport payload lease held 1014 ms (≥ 1 s) — overlong handler invocation or a §5.4 severance escape; watch transport_lease_overlong / transport_parked_commits
[2026-09-06T16:12:40Z ERROR fuse3::raw::connection::fuse_over_uring] transport payload lease held 1026 ms (≥ 1 s) — overlong handler invocation or a §5.4 severance escape; watch transport_lease_overlong / transport_parked_commits
[2026-09-06T16:12:40Z ERROR fuse3::raw::connection::fuse_over_uring] transport payload lease held 1026 ms (≥ 1 s) — overlong handler invocation or a §5.4 severance escape; watch transport_lease_overlong / transport_parked_commits
[2026-09-06T16:12:40Z ERROR fuse3::raw::connection::fuse_over_uring] transport payload lease held 1026 ms (≥ 1 s) — overlong handler invocation or a §5.4 severance escape; watch transport_lease_overlong / transport_parked_commits
[2026-09-06T16:12:40Z ERROR fuse3::raw::connection::fuse_over_uring] transport payload lease held 1026 ms (≥ 1 s) — overlong handler invocation or a §5.4 severance escape; watch transport_lease_overlong / transport_parked_commits
[2026-09-06T16:12:40Z ERROR fuse3::raw::connection::fuse_over_uring] transport payload lease held 1026 ms (≥ 1 s) — overlong handler invocation or a §5.4 severance escape; watch transport_lease_overlong / transport_parked_commits
[2026-09-06T16:12:40Z ERROR fuse3::raw::connection::fuse_over_uring] transport payload lease held 1026 ms (≥ 1 s) — overlong handler invocation or a §5.4 severance escape; watch transport_lease_overlong / transport_parked_commits
[2026-09-06T16:12:40Z ERROR fuse3::raw::connection::fuse_over_uring] transport payload lease held 1026 ms (≥ 1 s) — overlong handler invocation or a §5.4 severance escape; watch transport_lease_overlong / transport_parked_commits
[2026-09-06T16:12:40Z ERROR fuse3::raw::connection::fuse_over_uring] transport payload lease held 1026 ms (≥ 1 s) — overlong handler invocation or a §5.4 severance escape; watch transport_lease_overlong / transport_parked_commits
[2026-09-06T16:12:40Z ERROR fuse3::raw::connection::fuse_over_uring] transport payload lease held 1014 ms (≥ 1 s) — overlong handler invocation or a §5.4 severance escape; watch transport_lease_overlong / transport_parked_commits
[2026-09-06T16:12:40Z ERROR squeezefs::block_allocator] bounded allocation refusing StorageFull after 1036 ms parked with 0 offset(s) still in grace locally (lane harvest horizon 9227 ms): the pressure deadline never fenced within the wall backstop (1000 ms). The refusal is honest and terminal for this write; investigate the membership plane (finding 29)
[2026-09-06T16:12:40Z ERROR fuse3::raw::connection::fuse_over_uring] transport payload lease held 1014 ms (≥ 1 s) — overlong handler invocation or a §5.4 severance escape; watch transport_lease_overlong / transport_parked_commits
[2026-09-06T16:12:40Z ERROR squeezefs::block_allocator] bounded allocation refusing StorageFull after 1037 ms parked with 0 offset(s) still in grace locally (lane harvest horizon 9227 ms): the pressure deadline never fenced within the wall backstop (1000 ms). The refusal is honest and terminal for this write; investigate the membership plane (finding 29)
[2026-09-06T16:12:40Z ERROR squeezefs::block_allocator] bounded allocation refusing StorageFull after 1039 ms parked with 0 offset(s) still in grace locally (lane harvest horizon 9228 ms): the pressure deadline never fenced within the wall backstop (1000 ms). The refusal is honest and terminal for this write; investigate the membership plane (finding 29)
[2026-09-06T16:12:40Z ERROR fuse3::raw::connection::fuse_over_uring] transport payload lease held 1034 ms (≥ 1 s) — overlong handler invocation or a §5.4 severance escape; watch transport_lease_overlong / transport_parked_commits
[2026-09-06T16:12:40Z ERROR squeezefs::block_allocator] bounded allocation refusing StorageFull after 1041 ms parked with 0 offset(s) still in grace locally (lane harvest horizon 9228 ms): the pressure deadline never fenced within the wall backstop (1000 ms). The refusal is honest and terminal for this write; investigate the membership plane (finding 29)
[2026-09-06T16:12:40Z ERROR squeezefs::block_allocator] bounded allocation refusing StorageFull after 1037 ms parked with 0 offset(s) still in grace locally (lane harvest horizon 9229 ms): the pressure deadline never fenced within the wall backstop (1000 ms). The refusal is honest and terminal for this write; investigate the membership plane (finding 29)
[2026-09-06T16:12:40Z ERROR squeezefs::block_allocator] bounded allocation refusing StorageFull after 1005 ms parked with 0 offset(s) still in grace locally (lane harvest horizon 9229 ms): the pressure deadline never fenced within the wall backstop (1000 ms). The refusal is honest and terminal for this write; investigate the membership plane (finding 29)
[2026-09-06T16:12:40Z ERROR squeezefs::block_allocator] bounded allocation refusing StorageFull after 1044 ms parked with 0 offset(s) still in grace locally (lane harvest horizon 9229 ms): the pressure deadline never fenced within the wall backstop (1000 ms). The refusal is honest and terminal for this write; investigate the membership plane (finding 29)
[2026-09-06T16:12:40Z ERROR fuse3::raw::connection::fuse_over_uring] transport payload lease held 1035 ms (≥ 1 s) — overlong handler invocation or a §5.4 severance escape; watch transport_lease_overlong / transport_parked_commits
[2026-09-06T16:12:40Z ERROR fuse3::raw::connection::fuse_over_uring] transport payload lease held 1035 ms (≥ 1 s) — overlong handler invocation or a §5.4 severance escape; watch transport_lease_overlong / transport_parked_commits
[2026-09-06T16:12:40Z ERROR fuse3::raw::connection::fuse_over_uring] transport payload lease held 1036 ms (≥ 1 s) — overlong handler invocation or a §5.4 severance escape; watch transport_lease_overlong / transport_parked_commits
[2026-09-06T16:12:40Z ERROR fuse3::raw::connection::fuse_over_uring] transport payload lease held 1036 ms (≥ 1 s) — overlong handler invocation or a §5.4 severance escape; watch transport_lease_overlong / transport_parked_commits
[2026-09-06T16:12:40Z ERROR fuse3::raw::connection::fuse_over_uring] transport payload lease held 1036 ms (≥ 1 s) — overlong handler invocation or a §5.4 severance escape; watch transport_lease_overlong / transport_parked_commits
[2026-09-06T16:12:40Z ERROR fuse3::raw::connection::fuse_over_uring] transport payload lease held 1036 ms (≥ 1 s) — overlong handler invocation or a §5.4 severance escape; watch transport_lease_overlong / transport_parked_commits
[2026-09-06T16:12:40Z ERROR fuse3::raw::connection::fuse_over_uring] transport payload lease held 1035 ms (≥ 1 s) — overlong handler invocation or a §5.4 severance escape; watch transport_lease_overlong / transport_parked_commits
[2026-09-06T16:12:40Z ERROR squeezefs::block_allocator] bounded allocation refusing StorageFull after 1044 ms parked with 0 offset(s) still in grace locally (lane harvest horizon 9275 ms): the pressure deadline never fenced within the wall backstop (1000 ms). The refusal is honest and terminal for this write; investigate the membership plane (finding 29)
[2026-09-06T16:12:40Z ERROR squeezefs::block_allocator] bounded allocation refusing StorageFull after 1045 ms parked with 0 offset(s) still in grace locally (lane harvest horizon 9277 ms): the pressure deadline never fenced within the wall backstop (1000 ms). The refusal is honest and terminal for this write; investigate the membership plane (finding 29)
[2026-09-06T16:12:40Z ERROR squeezefs::block_allocator] bounded allocation refusing StorageFull after 1040 ms parked with 0 offset(s) still in grace locally (lane harvest horizon 9278 ms): the pressure deadline never fenced within the wall backstop (1000 ms). The refusal is honest and terminal for this write; investigate the membership plane (finding 29)
[2026-09-06T16:12:40Z ERROR fuse3::raw::connection::fuse_over_uring] transport payload lease held 1355 ms (≥ 1 s) — overlong handler invocation or a §5.4 severance escape; watch transport_lease_overlong / transport_parked_commits
[2026-09-06T16:12:40Z ERROR fuse3::raw::connection::fuse_over_uring] transport payload lease held 1458 ms (≥ 1 s) — overlong handler invocation or a §5.4 severance escape; watch transport_lease_overlong / transport_parked_commits
[2026-09-06T16:12:40Z ERROR fuse3::raw::connection::fuse_over_uring] transport payload lease held 1433 ms (≥ 1 s) — overlong handler invocation or a §5.4 severance escape; watch transport_lease_overlong / transport_parked_commits
[2026-09-06T16:12:41Z ERROR squeezefs::block_allocator] I/O error: data volume 'nvme4n1' full: 8182 of 8192 blocks allocated — lane 5 of 16 is exhausted while 0 free block(s) belong to lanes this mount does not own (alloc_lane_enospc_refusals; reach them by adopting a lane whose holder is proven dead, or grow the volume set — docs/operations.md §Multi-writer capacity planning)
[2026-09-06T16:12:41Z ERROR squeezefs::block_allocator] bounded allocation refusing StorageFull after 1034 ms parked with 0 offset(s) still in grace locally (lane harvest horizon 9645 ms): the pressure deadline never fenced within the wall backstop (1000 ms). The refusal is honest and terminal for this write; investigate the membership plane (finding 29)
[2026-09-06T16:12:41Z WARN  squeezefs::fuse_client] write-through failed for ino 2 block 1574 (Io(Custom { kind: StorageFull, error: "I/O error: data volume 'nvme4n1' full: 8182 of 8192 blocks allocated — lane 5 of 16 is exhausted while 0 free block(s) belong to lanes this mount does not own (alloc_lane_enospc_refusals; reach them by adopting a lane whose holder is proven dead, or grow the volume set — docs/operations.md §Multi-writer capacity planning)" })); falling back to staging
[2026-09-06T16:12:41Z ERROR squeezefs::block_allocator] bounded allocation refusing StorageFull after 1036 ms parked with 0 offset(s) still in grace locally (lane harvest horizon 9696 ms): the pressure deadline never fenced within the wall backstop (1000 ms). The refusal is honest and terminal for this write; investigate the membership plane (finding 29)
[2026-09-06T16:12:41Z ERROR squeezefs::block_allocator] bounded allocation refusing StorageFull after 1035 ms parked with 0 offset(s) still in grace locally (lane harvest horizon 9697 ms): the pressure deadline never fenced within the wall backstop (1000 ms). The refusal is honest and terminal for this write; investigate the membership plane (finding 29)
[2026-09-06T16:12:41Z WARN  squeezefs::fuse_client] write-through failed for ino 2 block 1381 (Io(Custom { kind: StorageFull, error: "I/O error: data volume 'nvme4n1' full: 8182 of 8192 blocks allocated — lane 5 of 16 is exhausted while 0 free block(s) belong to lanes this mount does not own (alloc_lane_enospc_refusals; reach them by adopting a lane whose holder is proven dead, or grow the volume set — docs/operations.md §Multi-writer capacity planning)" })); falling back to staging
[2026-09-06T16:12:41Z ERROR squeezefs::block_allocator] bounded allocation refusing StorageFull after 1036 ms parked with 0 offset(s) still in grace locally (lane harvest horizon 9698 ms): the pressure deadline never fenced within the wall backstop (1000 ms). The refusal is honest and terminal for this write; investigate the membership plane (finding 29)
[2026-09-06T16:12:41Z ERROR squeezefs::block_allocator] bounded allocation refusing StorageFull after 1033 ms parked with 0 offset(s) still in grace locally (lane harvest horizon 10089 ms): the pressure deadline never fenced within the wall backstop (1000 ms). The refusal is honest and terminal for this write; investigate the membership plane (finding 29)
[2026-09-06T16:12:41Z ERROR squeezefs::block_allocator] bounded allocation refusing StorageFull after 1034 ms parked with 0 offset(s) still in grace locally (lane harvest horizon 10090 ms): the pressure deadline never fenced within the wall backstop (1000 ms). The refusal is honest and terminal for this write; investigate the membership plane (finding 29)
[2026-09-06T16:12:41Z ERROR squeezefs::block_allocator] bounded allocation refusing StorageFull after 1040 ms parked with 0 offset(s) still in grace locally (lane harvest horizon 10090 ms): the pressure deadline never fenced within the wall backstop (1000 ms). The refusal is honest and terminal for this write; investigate the membership plane (finding 29)
[2026-09-06T16:12:41Z ERROR squeezefs::block_allocator] bounded allocation refusing StorageFull after 1035 ms parked with 0 offset(s) still in grace locally (lane harvest horizon 10090 ms): the pressure deadline never fenced within the wall backstop (1000 ms). The refusal is honest and terminal for this write; investigate the membership plane (finding 29)
[2026-09-06T16:12:41Z ERROR squeezefs::block_allocator] bounded allocation refusing StorageFull after 1015 ms parked with 0 offset(s) still in grace locally (lane harvest horizon 10091 ms): the pressure deadline never fenced within the wall backstop (1000 ms). The refusal is honest and terminal for this write; investigate the membership plane (finding 29)
[2026-09-06T16:12:41Z ERROR squeezefs::block_allocator] bounded allocation refusing StorageFull after 1035 ms parked with 0 offset(s) still in grace locally (lane harvest horizon 10091 ms): the pressure deadline never fenced within the wall backstop (1000 ms). The refusal is honest and terminal for this write; investigate the membership plane (finding 29)
[2026-09-06T16:12:41Z ERROR squeezefs::block_allocator] bounded allocation refusing StorageFull after 1035 ms parked with 0 offset(s) still in grace locally (lane harvest horizon 10091 ms): the pressure deadline never fenced within the wall backstop (1000 ms). The refusal is honest and terminal for this write; investigate the membership plane (finding 29)
[2026-09-06T16:12:41Z ERROR squeezefs::block_allocator] bounded allocation refusing StorageFull after 1008 ms parked with 0 offset(s) still in grace locally (lane harvest horizon 10140 ms): the pressure deadline never fenced within the wall backstop (1000 ms). The refusal is honest and terminal for this write; investigate the membership plane (finding 29)
[2026-09-06T16:12:41Z ERROR squeezefs::block_allocator] bounded allocation refusing StorageFull after 1008 ms parked with 0 offset(s) still in grace locally (lane harvest horizon 10140 ms): the pressure deadline never fenced within the wall backstop (1000 ms). The refusal is honest and terminal for this write; investigate the membership plane (finding 29)
[2026-09-06T16:12:41Z ERROR squeezefs::block_allocator] bounded allocation refusing StorageFull after 1041 ms parked with 0 offset(s) still in grace locally (lane harvest horizon 10188 ms): the pressure deadline never fenced within the wall backstop (1000 ms). The refusal is honest and terminal for this write; investigate the membership plane (finding 29)
[2026-09-06T16:12:41Z ERROR squeezefs::block_allocator] bounded allocation refusing StorageFull after 1024 ms parked with 0 offset(s) still in grace locally (lane harvest horizon 10191 ms): the pressure deadline never fenced within the wall backstop (1000 ms). The refusal is honest and terminal for this write; investigate the membership plane (finding 29)
[2026-09-06T16:12:41Z ERROR squeezefs::fuse_client] FUSE Fsync failed for ino 2: Io(Custom { kind: StorageFull, error: "I/O error: data volume 'nvme4n1' full: 8182 of 8192 blocks allocated — lane 5 of 16 is exhausted while 0 free block(s) belong to lanes this mount does not own (alloc_lane_enospc_refusals; reach them by adopting a lane whose holder is proven dead, or grow the volume set — docs/operations.md §Multi-writer capacity planning)" })
[2026-09-06T16:12:41Z ERROR squeezefs::fuse_client] Squeezefs operational error: Io(Custom { kind: StorageFull, error: "I/O error: data volume 'nvme4n1' full: 8182 of 8192 blocks allocated — lane 5 of 16 is exhausted while 0 free block(s) belong to lanes this mount does not own (alloc_lane_enospc_refusals; reach them by adopting a lane whose holder is proven dead, or grow the volume set — docs/operations.md §Multi-writer capacity planning)" })
[2026-09-06T16:12:42Z ERROR squeezefs::block_allocator] I/O error: data volume 'nvme4n1' full: 8182 of 8192 blocks allocated — lane 5 of 16 is exhausted while 0 free block(s) belong to lanes this mount does not own (alloc_lane_enospc_refusals; reach them by adopting a lane whose holder is proven dead, or grow the volume set — docs/operations.md §Multi-writer capacity planning)
[2026-09-06T16:12:42Z ERROR squeezefs::block_allocator] bounded allocation refusing StorageFull after 1046 ms parked with 0 offset(s) still in grace locally (lane harvest horizon 10744 ms): the pressure deadline never fenced within the wall backstop (1000 ms). The refusal is honest and terminal for this write; investigate the membership plane (finding 29)
[2026-09-06T16:12:42Z WARN  squeezefs::fuse_client] write-through failed for ino 2 block 2119 (Io(Custom { kind: StorageFull, error: "I/O error: data volume 'nvme4n1' full: 8182 of 8192 blocks allocated — lane 5 of 16 is exhausted while 0 free block(s) belong to lanes this mount does not own (alloc_lane_enospc_refusals; reach them by adopting a lane whose holder is proven dead, or grow the volume set — docs/operations.md §Multi-writer capacity planning)" })); falling back to staging
[2026-09-06T16:12:42Z ERROR squeezefs::block_allocator] bounded allocation refusing StorageFull after 1047 ms parked with 0 offset(s) still in grace locally (lane harvest horizon 11138 ms): the pressure deadline never fenced within the wall backstop (1000 ms). The refusal is honest and terminal for this write; investigate the membership plane (finding 29)
[2026-09-06T16:12:42Z WARN  squeezefs::fuse_client] write-through failed for ino 2 block 1636 (Io(Custom { kind: StorageFull, error: "I/O error: data volume 'nvme4n1' full: 8182 of 8192 blocks allocated — lane 5 of 16 is exhausted while 0 free block(s) belong to lanes this mount does not own (alloc_lane_enospc_refusals; reach them by adopting a lane whose holder is proven dead, or grow the volume set — docs/operations.md §Multi-writer capacity planning)" })); falling back to staging
[2026-09-06T16:12:42Z ERROR squeezefs::block_allocator] bounded allocation refusing StorageFull after 1048 ms parked with 0 offset(s) still in grace locally (lane harvest horizon 11138 ms): the pressure deadline never fenced within the wall backstop (1000 ms). The refusal is honest and terminal for this write; investigate the membership plane (finding 29)
[2026-09-06T16:12:42Z ERROR squeezefs::block_allocator] bounded allocation refusing StorageFull after 1048 ms parked with 0 offset(s) still in grace locally (lane harvest horizon 11138 ms): the pressure deadline never fenced within the wall backstop (1000 ms). The refusal is honest and terminal for this write; investigate the membership plane (finding 29)
[2026-09-06T16:12:42Z WARN  squeezefs::fuse_client] write-through failed for ino 2 block 1541 (Io(Custom { kind: StorageFull, error: "I/O error: data volume 'nvme4n1' full: 8182 of 8192 blocks allocated — lane 5 of 16 is exhausted while 0 free block(s) belong to lanes this mount does not own (alloc_lane_enospc_refusals; reach them by adopting a lane whose holder is proven dead, or grow the volume set — docs/operations.md §Multi-writer capacity planning)" })); falling back to staging
[2026-09-06T16:12:42Z WARN  squeezefs::routing] rewrite epoch close for ino 2 failed transiently (Io(Custom { kind: StorageFull, error: "I/O error: data volume 'nvme4n1' full: 8182 of 8192 blocks allocated — lane 5 of 16 is exhausted while 0 free block(s) belong to lanes this mount does not own (alloc_lane_enospc_refusals; reach them by adopting a lane whose holder is proven dead, or grow the volume set — docs/operations.md §Multi-writer capacity planning)" })); the epoch stays registered (never-lossy) — the next close trigger retries
[2026-09-06T16:12:42Z ERROR squeezefs::block_allocator] bounded allocation refusing StorageFull after 1050 ms parked with 0 offset(s) still in grace locally (lane harvest horizon 11141 ms): the pressure deadline never fenced within the wall backstop (1000 ms). The refusal is honest and terminal for this write; investigate the membership plane (finding 29)
[2026-09-06T16:12:42Z WARN  squeezefs::fuse_client] write-through failed for ino 2 block 2022 (Io(Custom { kind: StorageFull, error: "I/O error: data volume 'nvme4n1' full: 8182 of 8192 blocks allocated — lane 5 of 16 is exhausted while 0 free block(s) belong to lanes this mount does not own (alloc_lane_enospc_refusals; reach them by adopting a lane whose holder is proven dead, or grow the volume set — docs/operations.md §Multi-writer capacity planning)" })); falling back to staging
[2026-09-06T16:12:42Z ERROR squeezefs::block_allocator] bounded allocation refusing StorageFull after 1048 ms parked with 0 offset(s) still in grace locally (lane harvest horizon 11188 ms): the pressure deadline never fenced within the wall backstop (1000 ms). The refusal is honest and terminal for this write; investigate the membership plane (finding 29)
[2026-09-06T16:12:42Z WARN  squeezefs::fuse_client] write-through failed for ino 2 block 2247 (Io(Custom { kind: StorageFull, error: "I/O error: data volume 'nvme4n1' full: 8182 of 8192 blocks allocated — lane 5 of 16 is exhausted while 0 free block(s) belong to lanes this mount does not own (alloc_lane_enospc_refusals; reach them by adopting a lane whose holder is proven dead, or grow the volume set — docs/operations.md §Multi-writer capacity planning)" })); falling back to staging
[2026-09-06T16:12:42Z ERROR squeezefs::block_allocator] bounded allocation refusing StorageFull after 1026 ms parked with 0 offset(s) still in grace locally (lane harvest horizon 11240 ms): the pressure deadline never fenced within the wall backstop (1000 ms). The refusal is honest and terminal for this write; investigate the membership plane (finding 29)
[2026-09-06T16:12:42Z ERROR squeezefs::block_allocator] bounded allocation refusing StorageFull after 1042 ms parked with 0 offset(s) still in grace locally (lane harvest horizon 11240 ms): the pressure deadline never fenced within the wall backstop (1000 ms). The refusal is honest and terminal for this write; investigate the membership plane (finding 29)
[2026-09-06T16:12:42Z ERROR squeezefs::block_allocator] bounded allocation refusing StorageFull after 1044 ms parked with 0 offset(s) still in grace locally (lane harvest horizon 11240 ms): the pressure deadline never fenced within the wall backstop (1000 ms). The refusal is honest and terminal for this write; investigate the membership plane (finding 29)
[2026-09-06T16:12:42Z ERROR squeezefs::block_allocator] bounded allocation refusing StorageFull after 1033 ms parked with 0 offset(s) still in grace locally (lane harvest horizon 11241 ms): the pressure deadline never fenced within the wall backstop (1000 ms). The refusal is honest and terminal for this write; investigate the membership plane (finding 29)
[2026-09-06T16:12:42Z ERROR squeezefs::block_allocator] bounded allocation refusing StorageFull after 1040 ms parked with 0 offset(s) still in grace locally (lane harvest horizon 11241 ms): the pressure deadline never fenced within the wall backstop (1000 ms). The refusal is honest and terminal for this write; investigate the membership plane (finding 29)
[2026-09-06T16:12:42Z ERROR squeezefs::block_allocator] bounded allocation refusing StorageFull after 1035 ms parked with 0 offset(s) still in grace locally (lane harvest horizon 11242 ms): the pressure deadline never fenced within the wall backstop (1000 ms). The refusal is honest and terminal for this write; investigate the membership plane (finding 29)
[2026-09-06T16:12:42Z ERROR squeezefs::block_allocator] bounded allocation refusing StorageFull after 1031 ms parked with 0 offset(s) still in grace locally (lane harvest horizon 11242 ms): the pressure deadline never fenced within the wall backstop (1000 ms). The refusal is honest and terminal for this write; investigate the membership plane (finding 29)
[2026-09-06T16:12:42Z ERROR fuse3::raw::connection::fuse_over_uring] transport payload lease held 1034 ms (≥ 1 s) — overlong handler invocation or a §5.4 severance escape; watch transport_lease_overlong / transport_parked_commits
[2026-09-06T16:12:42Z ERROR fuse3::raw::connection::fuse_over_uring] transport payload lease held 1034 ms (≥ 1 s) — overlong handler invocation or a §5.4 severance escape; watch transport_lease_overlong / transport_parked_commits
[2026-09-06T16:12:42Z ERROR fuse3::raw::connection::fuse_over_uring] transport payload lease held 1034 ms (≥ 1 s) — overlong handler invocation or a §5.4 severance escape; watch transport_lease_overlong / transport_parked_commits
[2026-09-06T16:12:42Z ERROR fuse3::raw::connection::fuse_over_uring] transport payload lease held 1034 ms (≥ 1 s) — overlong handler invocation or a §5.4 severance escape; watch transport_lease_overlong / transport_parked_commits
[2026-09-06T16:12:42Z ERROR fuse3::raw::connection::fuse_over_uring] transport payload lease held 1034 ms (≥ 1 s) — overlong handler invocation or a §5.4 severance escape; watch transport_lease_overlong / transport_parked_commits
[2026-09-06T16:12:42Z ERROR fuse3::raw::connection::fuse_over_uring] transport payload lease held 1035 ms (≥ 1 s) — overlong handler invocation or a §5.4 severance escape; watch transport_lease_overlong / transport_parked_commits
[2026-09-06T16:12:42Z ERROR fuse3::raw::connection::fuse_over_uring] transport payload lease held 1035 ms (≥ 1 s) — overlong handler invocation or a §5.4 severance escape; watch transport_lease_overlong / transport_parked_commits
[2026-09-06T16:12:42Z ERROR fuse3::raw::connection::fuse_over_uring] transport payload lease held 1037 ms (≥ 1 s) — overlong handler invocation or a §5.4 severance escape; watch transport_lease_overlong / transport_parked_commits
[2026-09-06T16:12:42Z ERROR fuse3::raw::connection::fuse_over_uring] transport payload lease held 1036 ms (≥ 1 s) — overlong handler invocation or a §5.4 severance escape; watch transport_lease_overlong / transport_parked_commits
[2026-09-06T16:12:42Z ERROR fuse3::raw::connection::fuse_over_uring] transport payload lease held 1036 ms (≥ 1 s) — overlong handler invocation or a §5.4 severance escape; watch transport_lease_overlong / transport_parked_commits
[2026-09-06T16:12:42Z ERROR fuse3::raw::connection::fuse_over_uring] transport payload lease held 1036 ms (≥ 1 s) — overlong handler invocation or a §5.4 severance escape; watch transport_lease_overlong / transport_parked_commits
[2026-09-06T16:12:42Z ERROR fuse3::raw::connection::fuse_over_uring] transport payload lease held 1036 ms (≥ 1 s) — overlong handler invocation or a §5.4 severance escape; watch transport_lease_overlong / transport_parked_commits
[2026-09-06T16:12:42Z ERROR fuse3::raw::connection::fuse_over_uring] transport payload lease held 1036 ms (≥ 1 s) — overlong handler invocation or a §5.4 severance escape; watch transport_lease_overlong / transport_parked_commits
[2026-09-06T16:12:42Z ERROR fuse3::raw::connection::fuse_over_uring] transport payload lease held 1036 ms (≥ 1 s) — overlong handler invocation or a §5.4 severance escape; watch transport_lease_overlong / transport_parked_commits
[2026-09-06T16:12:42Z ERROR fuse3::raw::connection::fuse_over_uring] transport payload lease held 1036 ms (≥ 1 s) — overlong handler invocation or a §5.4 severance escape; watch transport_lease_overlong / transport_parked_commits
[2026-09-06T16:12:42Z ERROR fuse3::raw::connection::fuse_over_uring] transport payload lease held 1036 ms (≥ 1 s) — overlong handler invocation or a §5.4 severance escape; watch transport_lease_overlong / transport_parked_commits
[2026-09-06T16:12:42Z ERROR fuse3::raw::connection::fuse_over_uring] transport payload lease held 1036 ms (≥ 1 s) — overlong handler invocation or a §5.4 severance escape; watch transport_lease_overlong / transport_parked_commits
[2026-09-06T16:12:42Z ERROR fuse3::raw::connection::fuse_over_uring] transport payload lease held 1051 ms (≥ 1 s) — overlong handler invocation or a §5.4 severance escape; watch transport_lease_overlong / transport_parked_commits
[2026-09-06T16:12:42Z ERROR squeezefs::meta_ship::publish] S9: the authority refused 1 shipped free(s) (vol_tag 0xad7b1d37b0829b08, request 6226): already free/graced/quarantined — the double-release lineage, surfaced on the authority's own tripwire
[2026-09-06T16:12:45Z ERROR squeezefs::fuse_client] FUSE Fsync: FlushExtents barrier for ino 2 failed: Refused { errno: 5, msg: "I/O error: block 870 of inode_2 did not settle after 4 serialized stripe-held settle attempts (binding/incarnation mutator outside the stripe/merge disciplines — see invariant_tripwires)" }
[2026-09-06T16:12:45Z ERROR squeezefs::fuse_client] Squeezefs operational error: Refused { errno: 5, msg: "I/O error: block 870 of inode_2 did not settle after 4 serialized stripe-held settle attempts (binding/incarnation mutator outside the stripe/merge disciplines — see invariant_tripwires)" }
[2026-09-06T16:12:46Z ERROR squeezefs::fuse_client] FUSE Fsync: FlushExtents barrier for ino 2 failed: Refused { errno: 5, msg: "I/O error: block 870 of inode_2 did not settle after 4 serialized stripe-held settle attempts (binding/incarnation mutator outside the stripe/merge disciplines — see invariant_tripwires)" }
[2026-09-06T16:12:46Z ERROR squeezefs::fuse_client] Squeezefs operational error: Refused { errno: 5, msg: "I/O error: block 870 of inode_2 did not settle after 4 serialized stripe-held settle attempts (binding/incarnation mutator outside the stripe/merge disciplines — see invariant_tripwires)" }
[2026-09-06T16:12:47Z ERROR squeezefs::fuse_client] FUSE Fsync: FlushExtents barrier for ino 2 failed: Refused { errno: 5, msg: "I/O error: block 870 of inode_2 did not settle after 4 serialized stripe-held settle attempts (binding/incarnation mutator outside the stripe/merge disciplines — see invariant_tripwires)" }
[2026-09-06T16:12:47Z ERROR squeezefs::fuse_client] Squeezefs operational error: Refused { errno: 5, msg: "I/O error: block 870 of inode_2 did not settle after 4 serialized stripe-held settle attempts (binding/incarnation mutator outside the stripe/merge disciplines — see invariant_tripwires)" }
[2026-09-06T16:12:56Z ERROR fuse3::raw::connection::fuse_over_uring] transport payload lease held 1638 ms (≥ 1 s) — overlong handler invocation or a §5.4 severance escape; watch transport_lease_overlong / transport_parked_commits
[2026-09-06T16:12:56Z ERROR fuse3::raw::connection::fuse_over_uring] transport payload lease held 1125 ms (≥ 1 s) — overlong handler invocation or a §5.4 severance escape; watch transport_lease_overlong / transport_parked_commits
[2026-09-06T16:12:57Z ERROR squeezefs::fuse_client] FUSE Fsync: FlushExtents barrier for ino 2 failed: Refused { errno: 5, msg: "I/O error: block 870 of inode_2 did not settle after 4 serialized stripe-held settle attempts (binding/incarnation mutator outside the stripe/merge disciplines — see invariant_tripwires)" }
[2026-09-06T16:12:57Z ERROR squeezefs::fuse_client] Squeezefs operational error: Refused { errno: 5, msg: "I/O error: block 870 of inode_2 did not settle after 4 serialized stripe-held settle attempts (binding/incarnation mutator outside the stripe/merge disciplines — see invariant_tripwires)" }
[2026-09-06T16:12:57Z ERROR squeezefs::meta_ship::publish] S9: the authority refused 1 shipped free(s) (vol_tag 0xad7b1d37b0829b08, request 6374): already free/graced/quarantined — the double-release lineage, surfaced on the authority's own tripwire
[2026-09-06T16:13:00Z ERROR squeezefs::fuse_client] FUSE Fsync: FlushExtents barrier for ino 2 failed: Refused { errno: 5, msg: "I/O error: block 870 of inode_2 did not settle after 4 serialized stripe-held settle attempts (binding/incarnation mutator outside the stripe/merge disciplines — see invariant_tripwires)" }
[2026-09-06T16:13:00Z ERROR squeezefs::fuse_client] Squeezefs operational error: Refused { errno: 5, msg: "I/O error: block 870 of inode_2 did not settle after 4 serialized stripe-held settle attempts (binding/incarnation mutator outside the stripe/merge disciplines — see invariant_tripwires)" }
[2026-09-06T16:13:00Z ERROR squeezefs::block_allocator] I/O error: data volume 'nvme3n1' full: 8182 of 8192 blocks allocated — lane 5 of 16 is exhausted while 0 free block(s) belong to lanes this mount does not own (alloc_lane_enospc_refusals; reach them by adopting a lane whose holder is proven dead, or grow the volume set — docs/operations.md §Multi-writer capacity planning)
[2026-09-06T16:13:03Z ERROR squeezefs::fuse_client] FUSE Fsync: FlushExtents barrier for ino 2 failed: Refused { errno: 5, msg: "I/O error: block 870 of inode_2 did not settle after 4 serialized stripe-held settle attempts (binding/incarnation mutator outside the stripe/merge disciplines — see invariant_tripwires)" }
[2026-09-06T16:13:03Z ERROR squeezefs::fuse_client] Squeezefs operational error: Refused { errno: 5, msg: "I/O error: block 870 of inode_2 did not settle after 4 serialized stripe-held settle attempts (binding/incarnation mutator outside the stripe/merge disciplines — see invariant_tripwires)" }
[2026-09-06T16:13:03Z ERROR squeezefs::block_allocator] I/O error: data volume 'nvme3n1' full: 8182 of 8192 blocks allocated — lane 5 of 16 is exhausted while 0 free block(s) belong to lanes this mount does not own (alloc_lane_enospc_refusals; reach them by adopting a lane whose holder is proven dead, or grow the volume set — docs/operations.md §Multi-writer capacity planning)
[2026-09-06T16:13:05Z ERROR squeezefs::fuse_client] FUSE Fsync: FlushExtents barrier for ino 2 failed: Refused { errno: 5, msg: "I/O error: block 870 of inode_2 did not settle after 4 serialized stripe-held settle attempts (binding/incarnation mutator outside the stripe/merge disciplines — see invariant_tripwires)" }
[2026-09-06T16:13:05Z ERROR squeezefs::fuse_client] Squeezefs operational error: Refused { errno: 5, msg: "I/O error: block 870 of inode_2 did not settle after 4 serialized stripe-held settle attempts (binding/incarnation mutator outside the stripe/merge disciplines — see invariant_tripwires)" }
[2026-09-06T16:13:10Z ERROR squeezefs::block_allocator] I/O error: data volume 'nvme3n1' full: 8182 of 8192 blocks allocated — lane 5 of 16 is exhausted while 0 free block(s) belong to lanes this mount does not own (alloc_lane_enospc_refusals; reach them by adopting a lane whose holder is proven dead, or grow the volume set — docs/operations.md §Multi-writer capacity planning)
[2026-09-06T16:13:11Z ERROR squeezefs::block_allocator] I/O error: data volume 'nvme3n1' full: 8182 of 8192 blocks allocated — lane 5 of 16 is exhausted while 0 free block(s) belong to lanes this mount does not own (alloc_lane_enospc_refusals; reach them by adopting a lane whose holder is proven dead, or grow the volume set — docs/operations.md §Multi-writer capacity planning)
[2026-09-06T16:13:11Z ERROR squeezefs::block_allocator] bounded allocation refusing StorageFull after 1013 ms parked with 0 offset(s) still in grace locally (lane harvest horizon 8668 ms): the pressure deadline never fenced within the wall backstop (1000 ms). The refusal is honest and terminal for this write; investigate the membership plane (finding 29)
[2026-09-06T16:13:11Z ERROR squeezefs::block_allocator] bounded allocation refusing StorageFull after 1013 ms parked with 0 offset(s) still in grace locally (lane harvest horizon 8668 ms): the pressure deadline never fenced within the wall backstop (1000 ms). The refusal is honest and terminal for this write; investigate the membership plane (finding 29)
[2026-09-06T16:13:11Z ERROR squeezefs::block_allocator] bounded allocation refusing StorageFull after 1029 ms parked with 0 offset(s) still in grace locally (lane harvest horizon 8668 ms): the pressure deadline never fenced within the wall backstop (1000 ms). The refusal is honest and terminal for this write; investigate the membership plane (finding 29)
[2026-09-06T16:13:11Z ERROR squeezefs::block_allocator] bounded allocation refusing StorageFull after 1013 ms parked with 0 offset(s) still in grace locally (lane harvest horizon 8668 ms): the pressure deadline never fenced within the wall backstop (1000 ms). The refusal is honest and terminal for this write; investigate the membership plane (finding 29)
[2026-09-06T16:13:11Z ERROR squeezefs::block_allocator] bounded allocation refusing StorageFull after 1013 ms parked with 0 offset(s) still in grace locally (lane harvest horizon 8668 ms): the pressure deadline never fenced within the wall backstop (1000 ms). The refusal is honest and terminal for this write; investigate the membership plane (finding 29)
[2026-09-06T16:13:11Z ERROR squeezefs::block_allocator] bounded allocation refusing StorageFull after 1012 ms parked with 0 offset(s) still in grace locally (lane harvest horizon 8668 ms): the pressure deadline never fenced within the wall backstop (1000 ms). The refusal is honest and terminal for this write; investigate the membership plane (finding 29)
[2026-09-06T16:13:11Z ERROR squeezefs::block_allocator] bounded allocation refusing StorageFull after 1013 ms parked with 0 offset(s) still in grace locally (lane harvest horizon 8669 ms): the pressure deadline never fenced within the wall backstop (1000 ms). The refusal is honest and terminal for this write; investigate the membership plane (finding 29)
[2026-09-06T16:13:11Z ERROR squeezefs::block_allocator] bounded allocation refusing StorageFull after 1026 ms parked with 0 offset(s) still in grace locally (lane harvest horizon 8669 ms): the pressure deadline never fenced within the wall backstop (1000 ms). The refusal is honest and terminal for this write; investigate the membership plane (finding 29)
[2026-09-06T16:13:11Z ERROR squeezefs::block_allocator] bounded allocation refusing StorageFull after 1014 ms parked with 0 offset(s) still in grace locally (lane harvest horizon 8669 ms): the pressure deadline never fenced within the wall backstop (1000 ms). The refusal is honest and terminal for this write; investigate the membership plane (finding 29)
[2026-09-06T16:13:12Z ERROR squeezefs::block_allocator] bounded allocation refusing StorageFull after 1003 ms parked with 0 offset(s) still in grace locally (lane harvest horizon 8132 ms): the pressure deadline never fenced within the wall backstop (1000 ms). The refusal is honest and terminal for this write; investigate the membership plane (finding 29)
[2026-09-06T16:13:12Z ERROR squeezefs::block_allocator] I/O error: data volume 'nvme3n1' full: 8182 of 8192 blocks allocated — lane 5 of 16 is exhausted while 0 free block(s) belong to lanes this mount does not own (alloc_lane_enospc_refusals; reach them by adopting a lane whose holder is proven dead, or grow the volume set — docs/operations.md §Multi-writer capacity planning)
[2026-09-06T16:13:12Z ERROR squeezefs::block_allocator] bounded allocation refusing StorageFull after 1000 ms parked with 0 offset(s) still in grace locally (lane harvest horizon 8668 ms): the pressure deadline never fenced within the wall backstop (1000 ms). The refusal is honest and terminal for this write; investigate the membership plane (finding 29)
[2026-09-06T16:13:12Z ERROR squeezefs::block_allocator] bounded allocation refusing StorageFull after 1001 ms parked with 0 offset(s) still in grace locally (lane harvest horizon 8668 ms): the pressure deadline never fenced within the wall backstop (1000 ms). The refusal is honest and terminal for this write; investigate the membership plane (finding 29)
[2026-09-06T16:13:12Z ERROR squeezefs::block_allocator] bounded allocation refusing StorageFull after 1000 ms parked with 0 offset(s) still in grace locally (lane harvest horizon 8669 ms): the pressure deadline never fenced within the wall backstop (1000 ms). The refusal is honest and terminal for this write; investigate the membership plane (finding 29)
[2026-09-06T16:13:12Z ERROR squeezefs::block_allocator] bounded allocation refusing StorageFull after 1001 ms parked with 0 offset(s) still in grace locally (lane harvest horizon 8670 ms): the pressure deadline never fenced within the wall backstop (1000 ms). The refusal is honest and terminal for this write; investigate the membership plane (finding 29)
[2026-09-06T16:13:12Z ERROR squeezefs::block_allocator] bounded allocation refusing StorageFull after 1000 ms parked with 0 offset(s) still in grace locally (lane harvest horizon 8670 ms): the pressure deadline never fenced within the wall backstop (1000 ms). The refusal is honest and terminal for this write; investigate the membership plane (finding 29)
[2026-09-06T16:13:12Z ERROR squeezefs::block_allocator] bounded allocation refusing StorageFull after 1042 ms parked with 0 offset(s) still in grace locally (lane harvest horizon 8716 ms): the pressure deadline never fenced within the wall backstop (1000 ms). The refusal is honest and terminal for this write; investigate the membership plane (finding 29)
[2026-09-06T16:13:12Z ERROR squeezefs::block_allocator] bounded allocation refusing StorageFull after 1048 ms parked with 0 offset(s) still in grace locally (lane harvest horizon 8719 ms): the pressure deadline never fenced within the wall backstop (1000 ms). The refusal is honest and terminal for this write; investigate the membership plane (finding 29)
[2026-09-06T16:13:12Z ERROR squeezefs::block_allocator] bounded allocation refusing StorageFull after 1043 ms parked with 0 offset(s) still in grace locally (lane harvest horizon 8719 ms): the pressure deadline never fenced within the wall backstop (1000 ms). The refusal is honest and terminal for this write; investigate the membership plane (finding 29)
[2026-09-06T16:13:12Z ERROR squeezefs::block_allocator] bounded allocation refusing StorageFull after 1050 ms parked with 0 offset(s) still in grace locally (lane harvest horizon 8719 ms): the pressure deadline never fenced within the wall backstop (1000 ms). The refusal is honest and terminal for this write; investigate the membership plane (finding 29)
[2026-09-06T16:13:12Z ERROR squeezefs::block_allocator] bounded allocation refusing StorageFull after 1047 ms parked with 0 offset(s) still in grace locally (lane harvest horizon 8719 ms): the pressure deadline never fenced within the wall backstop (1000 ms). The refusal is honest and terminal for this write; investigate the membership plane (finding 29)
[2026-09-06T16:13:12Z ERROR squeezefs::block_allocator] bounded allocation refusing StorageFull after 1049 ms parked with 0 offset(s) still in grace locally (lane harvest horizon 8720 ms): the pressure deadline never fenced within the wall backstop (1000 ms). The refusal is honest and terminal for this write; investigate the membership plane (finding 29)
[2026-09-06T16:13:12Z ERROR squeezefs::block_allocator] bounded allocation refusing StorageFull after 1048 ms parked with 0 offset(s) still in grace locally (lane harvest horizon 8721 ms): the pressure deadline never fenced within the wall backstop (1000 ms). The refusal is honest and terminal for this write; investigate the membership plane (finding 29)
[2026-09-06T16:13:12Z ERROR squeezefs::block_allocator] bounded allocation refusing StorageFull after 1049 ms parked with 0 offset(s) still in grace locally (lane harvest horizon 8721 ms): the pressure deadline never fenced within the wall backstop (1000 ms). The refusal is honest and terminal for this write; investigate the membership plane (finding 29)
[2026-09-06T16:13:12Z ERROR squeezefs::block_allocator] bounded allocation refusing StorageFull after 1048 ms parked with 0 offset(s) still in grace locally (lane harvest horizon 8721 ms): the pressure deadline never fenced within the wall backstop (1000 ms). The refusal is honest and terminal for this write; investigate the membership plane (finding 29)
[2026-09-06T16:13:13Z ERROR squeezefs::block_allocator] bounded allocation refusing StorageFull after 1000 ms parked with 0 offset(s) still in grace locally (lane harvest horizon 8134 ms): the pressure deadline never fenced within the wall backstop (1000 ms). The refusal is honest and terminal for this write; investigate the membership plane (finding 29)
[2026-09-06T16:13:13Z ERROR squeezefs::block_allocator] bounded allocation refusing StorageFull after 1050 ms parked with 0 offset(s) still in grace locally (lane harvest horizon 8185 ms): the pressure deadline never fenced within the wall backstop (1000 ms). The refusal is honest and terminal for this write; investigate the membership plane (finding 29)
[2026-09-06T16:13:13Z ERROR squeezefs::block_allocator] I/O error: data volume 'nvme3n1' full: 8182 of 8192 blocks allocated — lane 5 of 16 is exhausted while 0 free block(s) belong to lanes this mount does not own (alloc_lane_enospc_refusals; reach them by adopting a lane whose holder is proven dead, or grow the volume set — docs/operations.md §Multi-writer capacity planning)
[2026-09-06T16:13:13Z ERROR squeezefs::block_allocator] bounded allocation refusing StorageFull after 1044 ms parked with 0 offset(s) still in grace locally (lane harvest horizon 8717 ms): the pressure deadline never fenced within the wall backstop (1000 ms). The refusal is honest and terminal for this write; investigate the membership plane (finding 29)
[2026-09-06T16:13:13Z ERROR squeezefs::block_allocator] bounded allocation refusing StorageFull after 1036 ms parked with 0 offset(s) still in grace locally (lane harvest horizon 8718 ms): the pressure deadline never fenced within the wall backstop (1000 ms). The refusal is honest and terminal for this write; investigate the membership plane (finding 29)
[2026-09-06T16:13:13Z ERROR squeezefs::block_allocator] bounded allocation refusing StorageFull after 1025 ms parked with 0 offset(s) still in grace locally (lane harvest horizon 8719 ms): the pressure deadline never fenced within the wall backstop (1000 ms). The refusal is honest and terminal for this write; investigate the membership plane (finding 29)
[2026-09-06T16:13:13Z ERROR squeezefs::block_allocator] bounded allocation refusing StorageFull after 1047 ms parked with 0 offset(s) still in grace locally (lane harvest horizon 8719 ms): the pressure deadline never fenced within the wall backstop (1000 ms). The refusal is honest and terminal for this write; investigate the membership plane (finding 29)
[2026-09-06T16:13:13Z ERROR squeezefs::block_allocator] bounded allocation refusing StorageFull after 1009 ms parked with 0 offset(s) still in grace locally (lane harvest horizon 8719 ms): the pressure deadline never fenced within the wall backstop (1000 ms). The refusal is honest and terminal for this write; investigate the membership plane (finding 29)
[2026-09-06T16:13:13Z ERROR squeezefs::block_allocator] bounded allocation refusing StorageFull after 1000 ms parked with 0 offset(s) still in grace locally (lane harvest horizon 8719 ms): the pressure deadline never fenced within the wall backstop (1000 ms). The refusal is honest and terminal for this write; investigate the membership plane (finding 29)
[2026-09-06T16:13:13Z ERROR squeezefs::block_allocator] bounded allocation refusing StorageFull after 1002 ms parked with 0 offset(s) still in grace locally (lane harvest horizon 8719 ms): the pressure deadline never fenced within the wall backstop (1000 ms). The refusal is honest and terminal for this write; investigate the membership plane (finding 29)
[2026-09-06T16:13:13Z ERROR squeezefs::block_allocator] bounded allocation refusing StorageFull after 1032 ms parked with 0 offset(s) still in grace locally (lane harvest horizon 8719 ms): the pressure deadline never fenced within the wall backstop (1000 ms). The refusal is honest and terminal for this write; investigate the membership plane (finding 29)
[2026-09-06T16:13:13Z WARN  squeezefs::fuse_client] write-through failed for ino 2 block 1445 (Io(Custom { kind: StorageFull, error: "I/O error: data volume 'nvme3n1' full: 8182 of 8192 blocks allocated — lane 5 of 16 is exhausted while 0 free block(s) belong to lanes this mount does not own (alloc_lane_enospc_refusals; reach them by adopting a lane whose holder is proven dead, or grow the volume set — docs/operations.md §Multi-writer capacity planning)" })); falling back to staging
[2026-09-06T16:13:13Z ERROR squeezefs::block_allocator] bounded allocation refusing StorageFull after 1049 ms parked with 0 offset(s) still in grace locally (lane harvest horizon 8719 ms): the pressure deadline never fenced within the wall backstop (1000 ms). The refusal is honest and terminal for this write; investigate the membership plane (finding 29)
[2026-09-06T16:13:13Z WARN  squeezefs::routing] rewrite epoch close for ino 2 failed transiently (Io(Custom { kind: StorageFull, error: "I/O error: data volume 'nvme3n1' full: 8182 of 8192 blocks allocated — lane 5 of 16 is exhausted while 0 free block(s) belong to lanes this mount does not own (alloc_lane_enospc_refusals; reach them by adopting a lane whose holder is proven dead, or grow the volume set — docs/operations.md §Multi-writer capacity planning)" })); the epoch stays registered (never-lossy) — the next close trigger retries
[2026-09-06T16:13:13Z ERROR squeezefs::block_allocator] bounded allocation refusing StorageFull after 1033 ms parked with 0 offset(s) still in grace locally (lane harvest horizon 8767 ms): the pressure deadline never fenced within the wall backstop (1000 ms). The refusal is honest and terminal for this write; investigate the membership plane (finding 29)
[2026-09-06T16:13:13Z ERROR squeezefs::block_allocator] bounded allocation refusing StorageFull after 1040 ms parked with 0 offset(s) still in grace locally (lane harvest horizon 8769 ms): the pressure deadline never fenced within the wall backstop (1000 ms). The refusal is honest and terminal for this write; investigate the membership plane (finding 29)
[2026-09-06T16:13:13Z ERROR squeezefs::block_allocator] bounded allocation refusing StorageFull after 1049 ms parked with 0 offset(s) still in grace locally (lane harvest horizon 8769 ms): the pressure deadline never fenced within the wall backstop (1000 ms). The refusal is honest and terminal for this write; investigate the membership plane (finding 29)
[2026-09-06T16:13:13Z WARN  squeezefs::fuse_client] write-through failed for ino 2 block 1509 (Io(Custom { kind: StorageFull, error: "I/O error: data volume 'nvme3n1' full: 8182 of 8192 blocks allocated — lane 5 of 16 is exhausted while 0 free block(s) belong to lanes this mount does not own (alloc_lane_enospc_refusals; reach them by adopting a lane whose holder is proven dead, or grow the volume set — docs/operations.md §Multi-writer capacity planning)" })); falling back to staging
[2026-09-06T16:13:13Z ERROR squeezefs::block_allocator] bounded allocation refusing StorageFull after 1048 ms parked with 0 offset(s) still in grace locally (lane harvest horizon 8770 ms): the pressure deadline never fenced within the wall backstop (1000 ms). The refusal is honest and terminal for this write; investigate the membership plane (finding 29)
[2026-09-06T16:13:14Z ERROR squeezefs::block_allocator] bounded allocation refusing StorageFull after 1003 ms parked with 0 offset(s) still in grace locally (lane harvest horizon 8139 ms): the pressure deadline never fenced within the wall backstop (1000 ms). The refusal is honest and terminal for this write; investigate the membership plane (finding 29)
[2026-09-06T16:13:14Z ERROR squeezefs::block_allocator] I/O error: data volume 'nvme3n1' full: 8182 of 8192 blocks allocated — lane 5 of 16 is exhausted while 0 free block(s) belong to lanes this mount does not own (alloc_lane_enospc_refusals; reach them by adopting a lane whose holder is proven dead, or grow the volume set — docs/operations.md §Multi-writer capacity planning)
[2026-09-06T16:13:14Z ERROR squeezefs::block_allocator] bounded allocation refusing StorageFull after 1000 ms parked with 0 offset(s) still in grace locally (lane harvest horizon 8718 ms): the pressure deadline never fenced within the wall backstop (1000 ms). The refusal is honest and terminal for this write; investigate the membership plane (finding 29)
[2026-09-06T16:13:14Z WARN  squeezefs::fuse_client] write-through failed for ino 2 block 1446 (Io(Custom { kind: StorageFull, error: "I/O error: data volume 'nvme3n1' full: 8182 of 8192 blocks allocated — lane 5 of 16 is exhausted while 0 free block(s) belong to lanes this mount does not own (alloc_lane_enospc_refusals; reach them by adopting a lane whose holder is proven dead, or grow the volume set — docs/operations.md §Multi-writer capacity planning)" })); falling back to staging
[2026-09-06T16:13:14Z ERROR squeezefs::block_allocator] bounded allocation refusing StorageFull after 1047 ms parked with 0 offset(s) still in grace locally (lane harvest horizon 8767 ms): the pressure deadline never fenced within the wall backstop (1000 ms). The refusal is honest and terminal for this write; investigate the membership plane (finding 29)
[2026-09-06T16:13:14Z ERROR squeezefs::block_allocator] bounded allocation refusing StorageFull after 1006 ms parked with 0 offset(s) still in grace locally (lane harvest horizon 8767 ms): the pressure deadline never fenced within the wall backstop (1000 ms). The refusal is honest and terminal for this write; investigate the membership plane (finding 29)
[2026-09-06T16:13:14Z ERROR squeezefs::block_allocator] bounded allocation refusing StorageFull after 1034 ms parked with 0 offset(s) still in grace locally (lane harvest horizon 8768 ms): the pressure deadline never fenced within the wall backstop (1000 ms). The refusal is honest and terminal for this write; investigate the membership plane (finding 29)
[2026-09-06T16:13:14Z ERROR squeezefs::block_allocator] bounded allocation refusing StorageFull after 1048 ms parked with 0 offset(s) still in grace locally (lane harvest horizon 8768 ms): the pressure deadline never fenced within the wall backstop (1000 ms). The refusal is honest and terminal for this write; investigate the membership plane (finding 29)
[2026-09-06T16:13:14Z WARN  squeezefs::fuse_client] write-through failed for ino 2 block 1510 (Io(Custom { kind: StorageFull, error: "I/O error: data volume 'nvme3n1' full: 8182 of 8192 blocks allocated — lane 5 of 16 is exhausted while 0 free block(s) belong to lanes this mount does not own (alloc_lane_enospc_refusals; reach them by adopting a lane whose holder is proven dead, or grow the volume set — docs/operations.md §Multi-writer capacity planning)" })); falling back to staging
[2026-09-06T16:13:14Z ERROR squeezefs::block_allocator] bounded allocation refusing StorageFull after 1043 ms parked with 0 offset(s) still in grace locally (lane harvest horizon 8768 ms): the pressure deadline never fenced within the wall backstop (1000 ms). The refusal is honest and terminal for this write; investigate the membership plane (finding 29)
[2026-09-06T16:13:14Z ERROR squeezefs::block_allocator] bounded allocation refusing StorageFull after 1014 ms parked with 0 offset(s) still in grace locally (lane harvest horizon 8768 ms): the pressure deadline never fenced within the wall backstop (1000 ms). The refusal is honest and terminal for this write; investigate the membership plane (finding 29)
[2026-09-06T16:13:14Z ERROR squeezefs::block_allocator] bounded allocation refusing StorageFull after 1001 ms parked with 0 offset(s) still in grace locally (lane harvest horizon 8768 ms): the pressure deadline never fenced within the wall backstop (1000 ms). The refusal is honest and terminal for this write; investigate the membership plane (finding 29)
[2026-09-06T16:13:14Z ERROR squeezefs::block_allocator] bounded allocation refusing StorageFull after 1043 ms parked with 0 offset(s) still in grace locally (lane harvest horizon 8769 ms): the pressure deadline never fenced within the wall backstop (1000 ms). The refusal is honest and terminal for this write; investigate the membership plane (finding 29)
[2026-09-06T16:13:14Z ERROR squeezefs::block_allocator] bounded allocation refusing StorageFull after 1030 ms parked with 0 offset(s) still in grace locally (lane harvest horizon 8769 ms): the pressure deadline never fenced within the wall backstop (1000 ms). The refusal is honest and terminal for this write; investigate the membership plane (finding 29)
[2026-09-06T16:13:14Z ERROR squeezefs::block_allocator] bounded allocation refusing StorageFull after 1021 ms parked with 0 offset(s) still in grace locally (lane harvest horizon 8768 ms): the pressure deadline never fenced within the wall backstop (1000 ms). The refusal is honest and terminal for this write; investigate the membership plane (finding 29)
[2026-09-06T16:13:14Z ERROR squeezefs::block_allocator] bounded allocation refusing StorageFull after 1013 ms parked with 0 offset(s) still in grace locally (lane harvest horizon 8768 ms): the pressure deadline never fenced within the wall backstop (1000 ms). The refusal is honest and terminal for this write; investigate the membership plane (finding 29)
[2026-09-06T16:13:14Z ERROR squeezefs::block_allocator] bounded allocation refusing StorageFull after 1050 ms parked with 0 offset(s) still in grace locally (lane harvest horizon 8769 ms): the pressure deadline never fenced within the wall backstop (1000 ms). The refusal is honest and terminal for this write; investigate the membership plane (finding 29)
[2026-09-06T16:13:14Z WARN  squeezefs::fuse_client] write-through failed for ino 2 block 1605 (Io(Custom { kind: StorageFull, error: "I/O error: data volume 'nvme3n1' full: 8182 of 8192 blocks allocated — lane 5 of 16 is exhausted while 0 free block(s) belong to lanes this mount does not own (alloc_lane_enospc_refusals; reach them by adopting a lane whose holder is proven dead, or grow the volume set — docs/operations.md §Multi-writer capacity planning)" })); falling back to staging
[2026-09-06T16:13:14Z ERROR squeezefs::block_allocator] bounded allocation refusing StorageFull after 1033 ms parked with 0 offset(s) still in grace locally (lane harvest horizon 8817 ms): the pressure deadline never fenced within the wall backstop (1000 ms). The refusal is honest and terminal for this write; investigate the membership plane (finding 29)
[2026-09-06T16:13:14Z ERROR squeezefs::block_allocator] bounded allocation refusing StorageFull after 1025 ms parked with 0 offset(s) still in grace locally (lane harvest horizon 8817 ms): the pressure deadline never fenced within the wall backstop (1000 ms). The refusal is honest and terminal for this write; investigate the membership plane (finding 29)
[2026-09-06T16:13:14Z ERROR squeezefs::block_allocator] bounded allocation refusing StorageFull after 1048 ms parked with 0 offset(s) still in grace locally (lane harvest horizon 8818 ms): the pressure deadline never fenced within the wall backstop (1000 ms). The refusal is honest and terminal for this write; investigate the membership plane (finding 29)
[2026-09-06T16:13:14Z WARN  squeezefs::fuse_client] write-through failed for ino 2 block 1668 (Io(Custom { kind: StorageFull, error: "I/O error: data volume 'nvme3n1' full: 8182 of 8192 blocks allocated — lane 5 of 16 is exhausted while 0 free block(s) belong to lanes this mount does not own (alloc_lane_enospc_refusals; reach them by adopting a lane whose holder is proven dead, or grow the volume set — docs/operations.md §Multi-writer capacity planning)" })); falling back to staging
[2026-09-06T16:13:14Z ERROR squeezefs::block_allocator] bounded allocation refusing StorageFull after 1048 ms parked with 0 offset(s) still in grace locally (lane harvest horizon 8819 ms): the pressure deadline never fenced within the wall backstop (1000 ms). The refusal is honest and terminal for this write; investigate the membership plane (finding 29)
[2026-09-06T16:13:15Z ERROR squeezefs::block_allocator] bounded allocation refusing StorageFull after 1044 ms parked with 0 offset(s) still in grace locally (lane harvest horizon 8194 ms): the pressure deadline never fenced within the wall backstop (1000 ms). The refusal is honest and terminal for this write; investigate the membership plane (finding 29)
[2026-09-06T16:13:15Z ERROR squeezefs::block_allocator] I/O error: data volume 'nvme3n1' full: 8182 of 8192 blocks allocated — lane 5 of 16 is exhausted while 0 free block(s) belong to lanes this mount does not own (alloc_lane_enospc_refusals; reach them by adopting a lane whose holder is proven dead, or grow the volume set — docs/operations.md §Multi-writer capacity planning)
[2026-09-06T16:13:15Z ERROR squeezefs::block_allocator] bounded allocation refusing StorageFull after 1039 ms parked with 0 offset(s) still in grace locally (lane harvest horizon 8808 ms): the pressure deadline never fenced within the wall backstop (1000 ms). The refusal is honest and terminal for this write; investigate the membership plane (finding 29)
[2026-09-06T16:13:15Z ERROR squeezefs::block_allocator] bounded allocation refusing StorageFull after 1049 ms parked with 0 offset(s) still in grace locally (lane harvest horizon 8808 ms): the pressure deadline never fenced within the wall backstop (1000 ms). The refusal is honest and terminal for this write; investigate the membership plane (finding 29)
[2026-09-06T16:13:15Z WARN  squeezefs::fuse_client] write-through failed for ino 2 block 1606 (Io(Custom { kind: StorageFull, error: "I/O error: data volume 'nvme3n1' full: 8182 of 8192 blocks allocated — lane 5 of 16 is exhausted while 0 free block(s) belong to lanes this mount does not own (alloc_lane_enospc_refusals; reach them by adopting a lane whose holder is proven dead, or grow the volume set — docs/operations.md §Multi-writer capacity planning)" })); falling back to staging
[2026-09-06T16:13:15Z ERROR squeezefs::block_allocator] bounded allocation refusing StorageFull after 1037 ms parked with 0 offset(s) still in grace locally (lane harvest horizon 8809 ms): the pressure deadline never fenced within the wall backstop (1000 ms). The refusal is honest and terminal for this write; investigate the membership plane (finding 29)
[2026-09-06T16:13:15Z ERROR squeezefs::block_allocator] bounded allocation refusing StorageFull after 1034 ms parked with 0 offset(s) still in grace locally (lane harvest horizon 8809 ms): the pressure deadline never fenced within the wall backstop (1000 ms). The refusal is honest and terminal for this write; investigate the membership plane (finding 29)
[2026-09-06T16:13:15Z ERROR squeezefs::block_allocator] bounded allocation refusing StorageFull after 1039 ms parked with 0 offset(s) still in grace locally (lane harvest horizon 8809 ms): the pressure deadline never fenced within the wall backstop (1000 ms). The refusal is honest and terminal for this write; investigate the membership plane (finding 29)
[2026-09-06T16:13:15Z ERROR squeezefs::block_allocator] bounded allocation refusing StorageFull after 1019 ms parked with 0 offset(s) still in grace locally (lane harvest horizon 8809 ms): the pressure deadline never fenced within the wall backstop (1000 ms). The refusal is honest and terminal for this write; investigate the membership plane (finding 29)
[2026-09-06T16:13:15Z ERROR squeezefs::block_allocator] bounded allocation refusing StorageFull after 1043 ms parked with 0 offset(s) still in grace locally (lane harvest horizon 8809 ms): the pressure deadline never fenced within the wall backstop (1000 ms). The refusal is honest and terminal for this write; investigate the membership plane (finding 29)
[2026-09-06T16:13:15Z ERROR squeezefs::block_allocator] bounded allocation refusing StorageFull after 1000 ms parked with 0 offset(s) still in grace locally (lane harvest horizon 8809 ms): the pressure deadline never fenced within the wall backstop (1000 ms). The refusal is honest and terminal for this write; investigate the membership plane (finding 29)
[2026-09-06T16:13:15Z ERROR squeezefs::block_allocator] bounded allocation refusing StorageFull after 1043 ms parked with 0 offset(s) still in grace locally (lane harvest horizon 8809 ms): the pressure deadline never fenced within the wall backstop (1000 ms). The refusal is honest and terminal for this write; investigate the membership plane (finding 29)
[2026-09-06T16:13:15Z ERROR squeezefs::block_allocator] bounded allocation refusing StorageFull after 1012 ms parked with 0 offset(s) still in grace locally (lane harvest horizon 8809 ms): the pressure deadline never fenced within the wall backstop (1000 ms). The refusal is honest and terminal for this write; investigate the membership plane (finding 29)
[2026-09-06T16:13:15Z ERROR squeezefs::block_allocator] bounded allocation refusing StorageFull after 1038 ms parked with 0 offset(s) still in grace locally (lane harvest horizon 8809 ms): the pressure deadline never fenced within the wall backstop (1000 ms). The refusal is honest and terminal for this write; investigate the membership plane (finding 29)
[2026-09-06T16:13:15Z ERROR squeezefs::block_allocator] bounded allocation refusing StorageFull after 1034 ms parked with 0 offset(s) still in grace locally (lane harvest horizon 8809 ms): the pressure deadline never fenced within the wall backstop (1000 ms). The refusal is honest and terminal for this write; investigate the membership plane (finding 29)
[2026-09-06T16:13:15Z ERROR squeezefs::block_allocator] bounded allocation refusing StorageFull after 1042 ms parked with 0 offset(s) still in grace locally (lane harvest horizon 8810 ms): the pressure deadline never fenced within the wall backstop (1000 ms). The refusal is honest and terminal for this write; investigate the membership plane (finding 29)
[2026-09-06T16:13:15Z ERROR fuse3::raw::connection::fuse_over_uring] transport payload lease held 1045 ms (≥ 1 s) — overlong handler invocation or a §5.4 severance escape; watch transport_lease_overlong / transport_parked_commits
[2026-09-06T16:13:15Z ERROR squeezefs::block_allocator] bounded allocation refusing StorageFull after 1047 ms parked with 0 offset(s) still in grace locally (lane harvest horizon 8858 ms): the pressure deadline never fenced within the wall backstop (1000 ms). The refusal is honest and terminal for this write; investigate the membership plane (finding 29)
[2026-09-06T16:13:15Z ERROR squeezefs::block_allocator] bounded allocation refusing StorageFull after 1046 ms parked with 0 offset(s) still in grace locally (lane harvest horizon 8859 ms): the pressure deadline never fenced within the wall backstop (1000 ms). The refusal is honest and terminal for this write; investigate the membership plane (finding 29)
[2026-09-06T16:13:16Z ERROR squeezefs::block_allocator] bounded allocation refusing StorageFull after 1005 ms parked with 0 offset(s) still in grace locally (lane harvest horizon 9129 ms): the pressure deadline never fenced within the wall backstop (1000 ms). The refusal is honest and terminal for this write; investigate the membership plane (finding 29)
[2026-09-06T16:13:16Z WARN  squeezefs::routing] rewrite epoch close for ino 2 failed transiently (Io(Custom { kind: StorageFull, error: "I/O error: data volume 'nvme3n1' full: 8182 of 8192 blocks allocated — lane 5 of 16 is exhausted while 0 free block(s) belong to lanes this mount does not own (alloc_lane_enospc_refusals; reach them by adopting a lane whose holder is proven dead, or grow the volume set — docs/operations.md §Multi-writer capacity planning)" })); the epoch stays registered (never-lossy) — the next close trigger retries
[2026-09-06T16:13:16Z ERROR squeezefs::block_allocator] I/O error: data volume 'nvme3n1' full: 8182 of 8192 blocks allocated — lane 5 of 16 is exhausted while 0 free block(s) belong to lanes this mount does not own (alloc_lane_enospc_refusals; reach them by adopting a lane whose holder is proven dead, or grow the volume set — docs/operations.md §Multi-writer capacity planning)
[2026-09-06T16:13:16Z ERROR squeezefs::block_allocator] bounded allocation refusing StorageFull after 1000 ms parked with 0 offset(s) still in grace locally (lane harvest horizon 9810 ms): the pressure deadline never fenced within the wall backstop (1000 ms). The refusal is honest and terminal for this write; investigate the membership plane (finding 29)
[2026-09-06T16:13:16Z WARN  squeezefs::fuse_client] write-through failed for ino 2 block 1924 (Io(Custom { kind: StorageFull, error: "I/O error: data volume 'nvme3n1' full: 8182 of 8192 blocks allocated — lane 5 of 16 is exhausted while 0 free block(s) belong to lanes this mount does not own (alloc_lane_enospc_refusals; reach them by adopting a lane whose holder is proven dead, or grow the volume set — docs/operations.md §Multi-writer capacity planning)" })); falling back to staging
[2026-09-06T16:13:16Z ERROR squeezefs::block_allocator] bounded allocation refusing StorageFull after 1001 ms parked with 0 offset(s) still in grace locally (lane harvest horizon 9810 ms): the pressure deadline never fenced within the wall backstop (1000 ms). The refusal is honest and terminal for this write; investigate the membership plane (finding 29)
[2026-09-06T16:13:16Z WARN  squeezefs::fuse_client] write-through failed for ino 2 block 1765 (Io(Custom { kind: StorageFull, error: "I/O error: data volume 'nvme3n1' full: 8182 of 8192 blocks allocated — lane 5 of 16 is exhausted while 0 free block(s) belong to lanes this mount does not own (alloc_lane_enospc_refusals; reach them by adopting a lane whose holder is proven dead, or grow the volume set — docs/operations.md §Multi-writer capacity planning)" })); falling back to staging
[2026-09-06T16:13:16Z ERROR squeezefs::block_allocator] bounded allocation refusing StorageFull after 1037 ms parked with 0 offset(s) still in grace locally (lane harvest horizon 9860 ms): the pressure deadline never fenced within the wall backstop (1000 ms). The refusal is honest and terminal for this write; investigate the membership plane (finding 29)
[2026-09-06T16:13:16Z ERROR squeezefs::block_allocator] bounded allocation refusing StorageFull after 1037 ms parked with 0 offset(s) still in grace locally (lane harvest horizon 9860 ms): the pressure deadline never fenced within the wall backstop (1000 ms). The refusal is honest and terminal for this write; investigate the membership plane (finding 29)
[2026-09-06T16:13:16Z ERROR squeezefs::block_allocator] bounded allocation refusing StorageFull after 1049 ms parked with 0 offset(s) still in grace locally (lane harvest horizon 9860 ms): the pressure deadline never fenced within the wall backstop (1000 ms). The refusal is honest and terminal for this write; investigate the membership plane (finding 29)
[2026-09-06T16:13:16Z ERROR squeezefs::block_allocator] bounded allocation refusing StorageFull after 1036 ms parked with 0 offset(s) still in grace locally (lane harvest horizon 9860 ms): the pressure deadline never fenced within the wall backstop (1000 ms). The refusal is honest and terminal for this write; investigate the membership plane (finding 29)
[2026-09-06T16:13:16Z ERROR squeezefs::block_allocator] bounded allocation refusing StorageFull after 1044 ms parked with 0 offset(s) still in grace locally (lane harvest horizon 9860 ms): the pressure deadline never fenced within the wall backstop (1000 ms). The refusal is honest and terminal for this write; investigate the membership plane (finding 29)
[2026-09-06T16:13:16Z ERROR squeezefs::block_allocator] bounded allocation refusing StorageFull after 1040 ms parked with 0 offset(s) still in grace locally (lane harvest horizon 9861 ms): the pressure deadline never fenced within the wall backstop (1000 ms). The refusal is honest and terminal for this write; investigate the membership plane (finding 29)
[2026-09-06T16:13:16Z ERROR squeezefs::block_allocator] bounded allocation refusing StorageFull after 1039 ms parked with 0 offset(s) still in grace locally (lane harvest horizon 9861 ms): the pressure deadline never fenced within the wall backstop (1000 ms). The refusal is honest and terminal for this write; investigate the membership plane (finding 29)
[2026-09-06T16:13:16Z ERROR squeezefs::block_allocator] bounded allocation refusing StorageFull after 1043 ms parked with 0 offset(s) still in grace locally (lane harvest horizon 9861 ms): the pressure deadline never fenced within the wall backstop (1000 ms). The refusal is honest and terminal for this write; investigate the membership plane (finding 29)
[2026-09-06T16:13:16Z ERROR squeezefs::block_allocator] bounded allocation refusing StorageFull after 1040 ms parked with 0 offset(s) still in grace locally (lane harvest horizon 9861 ms): the pressure deadline never fenced within the wall backstop (1000 ms). The refusal is honest and terminal for this write; investigate the membership plane (finding 29)
[2026-09-06T16:13:16Z ERROR squeezefs::block_allocator] bounded allocation refusing StorageFull after 1050 ms parked with 0 offset(s) still in grace locally (lane harvest horizon 9862 ms): the pressure deadline never fenced within the wall backstop (1000 ms). The refusal is honest and terminal for this write; investigate the membership plane (finding 29)
[2026-09-06T16:13:16Z ERROR fuse3::raw::connection::fuse_over_uring] transport payload lease held 1046 ms (≥ 1 s) — overlong handler invocation or a §5.4 severance escape; watch transport_lease_overlong / transport_parked_commits
[2026-09-06T16:13:16Z ERROR fuse3::raw::connection::fuse_over_uring] transport payload lease held 1045 ms (≥ 1 s) — overlong handler invocation or a §5.4 severance escape; watch transport_lease_overlong / transport_parked_commits
[2026-09-06T16:13:16Z ERROR squeezefs::block_allocator] bounded allocation refusing StorageFull after 1023 ms parked with 0 offset(s) still in grace locally (lane harvest horizon 9885 ms): the pressure deadline never fenced within the wall backstop (1000 ms). The refusal is honest and terminal for this write; investigate the membership plane (finding 29)
[2026-09-06T16:13:17Z ERROR squeezefs::block_allocator] bounded allocation refusing StorageFull after 1007 ms parked with 0 offset(s) still in grace locally (lane harvest horizon 8205 ms): the pressure deadline never fenced within the wall backstop (1000 ms). The refusal is honest and terminal for this write; investigate the membership plane (finding 29)
[2026-09-06T16:13:17Z WARN  squeezefs::fuse_client] write-through failed for ino 2 block 1703 (Io(Custom { kind: StorageFull, error: "I/O error: data volume 'nvme3n1' full: 8182 of 8192 blocks allocated — lane 5 of 16 is exhausted while 0 free block(s) belong to lanes this mount does not own (alloc_lane_enospc_refusals; reach them by adopting a lane whose holder is proven dead, or grow the volume set — docs/operations.md §Multi-writer capacity planning)" })); falling back to staging
[2026-09-06T16:13:17Z ERROR squeezefs::block_allocator] bounded allocation refusing StorageFull after 1009 ms parked with 0 offset(s) still in grace locally (lane harvest horizon 8256 ms): the pressure deadline never fenced within the wall backstop (1000 ms). The refusal is honest and terminal for this write; investigate the membership plane (finding 29)
[2026-09-06T16:13:17Z ERROR squeezefs::block_allocator] bounded allocation refusing StorageFull after 1037 ms parked with 0 offset(s) still in grace locally (lane harvest horizon 8254 ms): the pressure deadline never fenced within the wall backstop (1000 ms). The refusal is honest and terminal for this write; investigate the membership plane (finding 29)
[2026-09-06T16:13:17Z ERROR squeezefs::block_allocator] bounded allocation refusing StorageFull after 1021 ms parked with 0 offset(s) still in grace locally (lane harvest horizon 8255 ms): the pressure deadline never fenced within the wall backstop (1000 ms). The refusal is honest and terminal for this write; investigate the membership plane (finding 29)
[2026-09-06T16:13:17Z ERROR squeezefs::block_allocator] bounded allocation refusing StorageFull after 1048 ms parked with 0 offset(s) still in grace locally (lane harvest horizon 8307 ms): the pressure deadline never fenced within the wall backstop (1000 ms). The refusal is honest and terminal for this write; investigate the membership plane (finding 29)
[2026-09-06T16:13:17Z ERROR squeezefs::block_allocator] bounded allocation refusing StorageFull after 1029 ms parked with 0 offset(s) still in grace locally (lane harvest horizon 8151 ms): the pressure deadline never fenced within the wall backstop (1000 ms). The refusal is honest and terminal for this write; investigate the membership plane (finding 29)
[2026-09-06T16:13:17Z ERROR squeezefs::block_allocator] bounded allocation refusing StorageFull after 1031 ms parked with 0 offset(s) still in grace locally (lane harvest horizon 8152 ms): the pressure deadline never fenced within the wall backstop (1000 ms). The refusal is honest and terminal for this write; investigate the membership plane (finding 29)
[2026-09-06T16:13:17Z ERROR squeezefs::block_allocator] bounded allocation refusing StorageFull after 1032 ms parked with 0 offset(s) still in grace locally (lane harvest horizon 8152 ms): the pressure deadline never fenced within the wall backstop (1000 ms). The refusal is honest and terminal for this write; investigate the membership plane (finding 29)
[2026-09-06T16:13:17Z ERROR squeezefs::block_allocator] bounded allocation refusing StorageFull after 1010 ms parked with 0 offset(s) still in grace locally (lane harvest horizon 8153 ms): the pressure deadline never fenced within the wall backstop (1000 ms). The refusal is honest and terminal for this write; investigate the membership plane (finding 29)
[2026-09-06T16:13:17Z ERROR fuse3::raw::connection::fuse_over_uring] transport payload lease held 1033 ms (≥ 1 s) — overlong handler invocation or a §5.4 severance escape; watch transport_lease_overlong / transport_parked_commits
[2026-09-06T16:13:17Z ERROR squeezefs::block_allocator] bounded allocation refusing StorageFull after 1035 ms parked with 0 offset(s) still in grace locally (lane harvest horizon 8163 ms): the pressure deadline never fenced within the wall backstop (1000 ms). The refusal is honest and terminal for this write; investigate the membership plane (finding 29)
[2026-09-06T16:13:17Z ERROR squeezefs::block_allocator] bounded allocation refusing StorageFull after 1029 ms parked with 0 offset(s) still in grace locally (lane harvest horizon 8130 ms): the pressure deadline never fenced within the wall backstop (1000 ms). The refusal is honest and terminal for this write; investigate the membership plane (finding 29)
[2026-09-06T16:13:17Z ERROR squeezefs::block_allocator] bounded allocation refusing StorageFull after 1048 ms parked with 0 offset(s) still in grace locally (lane harvest horizon 8131 ms): the pressure deadline never fenced within the wall backstop (1000 ms). The refusal is honest and terminal for this write; investigate the membership plane (finding 29)
[2026-09-06T16:13:17Z ERROR squeezefs::block_allocator] I/O error: data volume 'nvme3n1' full: 8182 of 8192 blocks allocated — lane 5 of 16 is exhausted while 0 free block(s) belong to lanes this mount does not own (alloc_lane_enospc_refusals; reach them by adopting a lane whose holder is proven dead, or grow the volume set — docs/operations.md §Multi-writer capacity planning)
[2026-09-06T16:13:17Z ERROR squeezefs::block_allocator] bounded allocation refusing StorageFull after 1001 ms parked with 0 offset(s) still in grace locally (lane harvest horizon 8257 ms): the pressure deadline never fenced within the wall backstop (1000 ms). The refusal is honest and terminal for this write; investigate the membership plane (finding 29)
[2026-09-06T16:13:17Z WARN  squeezefs::routing] rewrite epoch close for ino 2 failed transiently (Io(Custom { kind: StorageFull, error: "I/O error: data volume 'nvme3n1' full: 8182 of 8192 blocks allocated — lane 5 of 16 is exhausted while 0 free block(s) belong to lanes this mount does not own (alloc_lane_enospc_refusals; reach them by adopting a lane whose holder is proven dead, or grow the volume set — docs/operations.md §Multi-writer capacity planning)" })); the epoch stays registered (never-lossy) — the next close trigger retries
[2026-09-06T16:13:17Z ERROR fuse3::raw::connection::fuse_over_uring] transport payload lease held 1457 ms (≥ 1 s) — overlong handler invocation or a §5.4 severance escape; watch transport_lease_overlong / transport_parked_commits
[2026-09-06T16:13:17Z ERROR squeezefs::block_allocator] bounded allocation refusing StorageFull after 1032 ms parked with 0 offset(s) still in grace locally (lane harvest horizon 8290 ms): the pressure deadline never fenced within the wall backstop (1000 ms). The refusal is honest and terminal for this write; investigate the membership plane (finding 29)
[2026-09-06T16:13:17Z ERROR squeezefs::block_allocator] bounded allocation refusing StorageFull after 1016 ms parked with 0 offset(s) still in grace locally (lane harvest horizon 8290 ms): the pressure deadline never fenced within the wall backstop (1000 ms). The refusal is honest and terminal for this write; investigate the membership plane (finding 29)
[2026-09-06T16:13:17Z ERROR squeezefs::block_allocator] bounded allocation refusing StorageFull after 1027 ms parked with 0 offset(s) still in grace locally (lane harvest horizon 8290 ms): the pressure deadline never fenced within the wall backstop (1000 ms). The refusal is honest and terminal for this write; investigate the membership plane (finding 29)
[2026-09-06T16:13:17Z ERROR squeezefs::block_allocator] bounded allocation refusing StorageFull after 1020 ms parked with 0 offset(s) still in grace locally (lane harvest horizon 8290 ms): the pressure deadline never fenced within the wall backstop (1000 ms). The refusal is honest and terminal for this write; investigate the membership plane (finding 29)
[2026-09-06T16:13:18Z ERROR squeezefs::block_allocator] bounded allocation refusing StorageFull after 1000 ms parked with 0 offset(s) still in grace locally (lane harvest horizon 8265 ms): the pressure deadline never fenced within the wall backstop (1000 ms). The refusal is honest and terminal for this write; investigate the membership plane (finding 29)
[2026-09-06T16:13:18Z ERROR squeezefs::block_allocator] bounded allocation refusing StorageFull after 1003 ms parked with 0 offset(s) still in grace locally (lane harvest horizon 8264 ms): the pressure deadline never fenced within the wall backstop (1000 ms). The refusal is honest and terminal for this write; investigate the membership plane (finding 29)
[2026-09-06T16:13:18Z ERROR squeezefs::block_allocator] bounded allocation refusing StorageFull after 1004 ms parked with 0 offset(s) still in grace locally (lane harvest horizon 8314 ms): the pressure deadline never fenced within the wall backstop (1000 ms). The refusal is honest and terminal for this write; investigate the membership plane (finding 29)
[2026-09-06T16:13:18Z ERROR squeezefs::meta_ship::publish] S9: the authority refused 1 shipped free(s) (vol_tag 0xc5e11286df218556, request 8905): already free/graced/quarantined — the double-release lineage, surfaced on the authority's own tripwire
[2026-09-06T16:13:21Z ERROR squeezefs::fuse_client] FUSE Fsync: FlushExtents barrier for ino 2 failed: Refused { errno: 5, msg: "I/O error: block 870 of inode_2 did not settle after 4 serialized stripe-held settle attempts (binding/incarnation mutator outside the stripe/merge disciplines — see invariant_tripwires)" }
[2026-09-06T16:13:21Z ERROR squeezefs::fuse_client] Squeezefs operational error: Refused { errno: 5, msg: "I/O error: block 870 of inode_2 did not settle after 4 serialized stripe-held settle attempts (binding/incarnation mutator outside the stripe/merge disciplines — see invariant_tripwires)" }
[2026-09-06T16:13:21Z ERROR squeezefs::meta_ship::publish] S9: the authority refused 1 shipped free(s) (vol_tag 0xc5e11286df218556, request 8968): already free/graced/quarantined — the double-release lineage, surfaced on the authority's own tripwire
[2026-09-06T16:13:23Z ERROR squeezefs::fuse_client] FUSE Fsync: FlushExtents barrier for ino 2 failed: Refused { errno: 5, msg: "I/O error: block 870 of inode_2 did not settle after 4 serialized stripe-held settle attempts (binding/incarnation mutator outside the stripe/merge disciplines — see invariant_tripwires)" }
[2026-09-06T16:13:23Z ERROR squeezefs::fuse_client] Squeezefs operational error: Refused { errno: 5, msg: "I/O error: block 870 of inode_2 did not settle after 4 serialized stripe-held settle attempts (binding/incarnation mutator outside the stripe/merge disciplines — see invariant_tripwires)" }
[2026-09-06T16:13:24Z ERROR squeezefs::fuse_client] FUSE Fsync: FlushExtents barrier for ino 2 failed: Refused { errno: 5, msg: "I/O error: block 870 of inode_2 did not settle after 4 serialized stripe-held settle attempts (binding/incarnation mutator outside the stripe/merge disciplines — see invariant_tripwires)" }
[2026-09-06T16:13:24Z ERROR squeezefs::fuse_client] Squeezefs operational error: Refused { errno: 5, msg: "I/O error: block 870 of inode_2 did not settle after 4 serialized stripe-held settle attempts (binding/incarnation mutator outside the stripe/merge disciplines — see invariant_tripwires)" }
[2026-09-06T16:13:25Z ERROR squeezefs::fuse_client] FUSE Fsync: FlushExtents barrier for ino 2 failed: Refused { errno: 5, msg: "I/O error: block 870 of inode_2 did not settle after 4 serialized stripe-held settle attempts (binding/incarnation mutator outside the stripe/merge disciplines — see invariant_tripwires)" }
[2026-09-06T16:13:25Z ERROR squeezefs::fuse_client] Squeezefs operational error: Refused { errno: 5, msg: "I/O error: block 870 of inode_2 did not settle after 4 serialized stripe-held settle attempts (binding/incarnation mutator outside the stripe/merge disciplines — see invariant_tripwires)" }
[2026-09-06T16:13:25Z ERROR squeezefs::meta_ship::publish] S9: the authority refused 1 shipped free(s) (vol_tag 0xc5e11286df218556, request 9014): already free/graced/quarantined — the double-release lineage, surfaced on the authority's own tripwire
[2026-09-06T16:13:29Z ERROR fuse3::raw::connection::fuse_over_uring] transport payload lease held 1098 ms (≥ 1 s) — overlong handler invocation or a §5.4 severance escape; watch transport_lease_overlong / transport_parked_commits
[2026-09-06T16:13:29Z ERROR fuse3::raw::connection::fuse_over_uring] transport payload lease held 1097 ms (≥ 1 s) — overlong handler invocation or a §5.4 severance escape; watch transport_lease_overlong / transport_parked_commits
[2026-09-06T16:13:31Z ERROR squeezefs::block_allocator] I/O error: data volume 'nvme4n1' full: 8182 of 8192 blocks allocated — lane 5 of 16 is exhausted while 0 free block(s) belong to lanes this mount does not own (alloc_lane_enospc_refusals; reach them by adopting a lane whose holder is proven dead, or grow the volume set — docs/operations.md §Multi-writer capacity planning)
[2026-09-06T16:13:32Z ERROR squeezefs::block_allocator] I/O error: data volume 'nvme4n1' full: 8182 of 8192 blocks allocated — lane 5 of 16 is exhausted while 0 free block(s) belong to lanes this mount does not own (alloc_lane_enospc_refusals; reach them by adopting a lane whose holder is proven dead, or grow the volume set — docs/operations.md §Multi-writer capacity planning)
[2026-09-06T16:13:32Z ERROR squeezefs::block_allocator] bounded allocation refusing StorageFull after 1004 ms parked with 0 offset(s) still in grace locally (lane harvest horizon 9146 ms): the pressure deadline never fenced within the wall backstop (1000 ms). The refusal is honest and terminal for this write; investigate the membership plane (finding 29)
[2026-09-06T16:13:33Z ERROR squeezefs::block_allocator] I/O error: data volume 'nvme4n1' full: 8182 of 8192 blocks allocated — lane 5 of 16 is exhausted while 0 free block(s) belong to lanes this mount does not own (alloc_lane_enospc_refusals; reach them by adopting a lane whose holder is proven dead, or grow the volume set — docs/operations.md §Multi-writer capacity planning)
[2026-09-06T16:13:33Z ERROR squeezefs::block_allocator] bounded allocation refusing StorageFull after 1028 ms parked with 0 offset(s) still in grace locally (lane harvest horizon 8529 ms): the pressure deadline never fenced within the wall backstop (1000 ms). The refusal is honest and terminal for this write; investigate the membership plane (finding 29)
[2026-09-06T16:13:34Z ERROR squeezefs::block_allocator] I/O error: data volume 'nvme4n1' full: 8182 of 8192 blocks allocated — lane 5 of 16 is exhausted while 0 free block(s) belong to lanes this mount does not own (alloc_lane_enospc_refusals; reach them by adopting a lane whose holder is proven dead, or grow the volume set — docs/operations.md §Multi-writer capacity planning)
[2026-09-06T16:13:34Z ERROR squeezefs::block_allocator] bounded allocation refusing StorageFull after 1037 ms parked with 0 offset(s) still in grace locally (lane harvest horizon 8414 ms): the pressure deadline never fenced within the wall backstop (1000 ms). The refusal is honest and terminal for this write; investigate the membership plane (finding 29)
[2026-09-06T16:13:34Z WARN  squeezefs::fuse_client] fsync durable upload failed for ino 2 block 1990 (Io(Custom { kind: StorageFull, error: "I/O error: data volume 'nvme4n1' full: 8182 of 8192 blocks allocated — lane 5 of 16 is exhausted while 0 free block(s) belong to lanes this mount does not own (alloc_lane_enospc_refusals; reach them by adopting a lane whose holder is proven dead, or grow the volume set — docs/operations.md §Multi-writer capacity planning)" })); preserving the acked bytes in staging and failing the fsync
[2026-09-06T16:13:35Z ERROR squeezefs::block_allocator] I/O error: data volume 'nvme4n1' full: 8182 of 8192 blocks allocated — lane 5 of 16 is exhausted while 0 free block(s) belong to lanes this mount does not own (alloc_lane_enospc_refusals; reach them by adopting a lane whose holder is proven dead, or grow the volume set — docs/operations.md §Multi-writer capacity planning)
[2026-09-06T16:13:36Z ERROR squeezefs::block_allocator] bounded allocation refusing StorageFull after 1038 ms parked with 0 offset(s) still in grace locally (lane harvest horizon 8142 ms): the pressure deadline never fenced within the wall backstop (1000 ms). The refusal is honest and terminal for this write; investigate the membership plane (finding 29)
[2026-09-06T16:13:36Z ERROR squeezefs::fuse_client] FUSE Fsync failed for ino 2: Io(Custom { kind: StorageFull, error: "I/O error: data volume 'nvme4n1' full: 8182 of 8192 blocks allocated — lane 5 of 16 is exhausted while 0 free block(s) belong to lanes this mount does not own (alloc_lane_enospc_refusals; reach them by adopting a lane whose holder is proven dead, or grow the volume set — docs/operations.md §Multi-writer capacity planning)" })
[2026-09-06T16:13:36Z ERROR squeezefs::fuse_client] Squeezefs operational error: Io(Custom { kind: StorageFull, error: "I/O error: data volume 'nvme4n1' full: 8182 of 8192 blocks allocated — lane 5 of 16 is exhausted while 0 free block(s) belong to lanes this mount does not own (alloc_lane_enospc_refusals; reach them by adopting a lane whose holder is proven dead, or grow the volume set — docs/operations.md §Multi-writer capacity planning)" })
[2026-09-06T16:13:36Z ERROR squeezefs::block_allocator] I/O error: data volume 'nvme4n1' full: 8182 of 8192 blocks allocated — lane 5 of 16 is exhausted while 0 free block(s) belong to lanes this mount does not own (alloc_lane_enospc_refusals; reach them by adopting a lane whose holder is proven dead, or grow the volume set — docs/operations.md §Multi-writer capacity planning)
[2026-09-06T16:13:37Z ERROR squeezefs::block_allocator] CLAIM ANOMALY: offset 34313601024 claimed from the free list while a refcount entry lingers (count=Some(1)) (block_claim_anomalies)
[2026-09-06T16:13:37Z ERROR squeezefs::block_allocator] CLAIM ANOMALY: offset 5591007232 claimed from the free list while a refcount entry lingers (count=Some(1)) (block_claim_anomalies)
[2026-09-06T16:13:37Z ERROR fuse3::raw::connection::fuse_over_uring] transport payload lease held 1103 ms (≥ 1 s) — overlong handler invocation or a §5.4 severance escape; watch transport_lease_overlong / transport_parked_commits
[2026-09-06T16:13:37Z ERROR fuse3::raw::connection::fuse_over_uring] transport payload lease held 1102 ms (≥ 1 s) — overlong handler invocation or a §5.4 severance escape; watch transport_lease_overlong / transport_parked_commits
[2026-09-06T16:13:37Z ERROR fuse3::raw::connection::fuse_over_uring] transport payload lease held 1102 ms (≥ 1 s) — overlong handler invocation or a §5.4 severance escape; watch transport_lease_overlong / transport_parked_commits
[2026-09-06T16:13:37Z ERROR fuse3::raw::connection::fuse_over_uring] transport payload lease held 1101 ms (≥ 1 s) — overlong handler invocation or a §5.4 severance escape; watch transport_lease_overlong / transport_parked_commits
[2026-09-06T16:13:37Z ERROR squeezefs::block_allocator] CLAIM ANOMALY: offset 1094713344 claimed from the free list while a refcount entry lingers (count=Some(1)) (block_claim_anomalies)
[2026-09-06T16:13:37Z ERROR squeezefs::block_allocator] CLAIM ANOMALY: offset 28139585536 claimed from the free list while a refcount entry lingers (count=Some(1)) (block_claim_anomalies)
[2026-09-06T16:13:37Z ERROR squeezefs::block_allocator] CLAIM ANOMALY: offset 13442744320 claimed from the free list while a refcount entry lingers (count=Some(1)) (block_claim_anomalies)
[2026-09-06T16:13:37Z ERROR squeezefs::block_allocator] CLAIM ANOMALY: offset 19281215488 claimed from the free list while a refcount entry lingers (count=Some(1)) (block_claim_anomalies)
[2026-09-06T16:13:37Z ERROR squeezefs::block_allocator] CLAIM ANOMALY: offset 17133731840 claimed from the free list while a refcount entry lingers (count=Some(1)) (block_claim_anomalies)
[2026-09-06T16:13:37Z ERROR squeezefs::block_allocator] CLAIM ANOMALY: offset 13778288640 claimed from the free list while a refcount entry lingers (count=Some(1)) (block_claim_anomalies)
[2026-09-06T16:13:37Z ERROR squeezefs::block_allocator] CLAIM ANOMALY: offset 10691280896 claimed from the free list while a refcount entry lingers (count=Some(1)) (block_claim_anomalies)
[2026-09-06T16:13:37Z ERROR squeezefs::block_allocator] CLAIM ANOMALY: offset 16395534336 claimed from the free list while a refcount entry lingers (count=Some(1)) (block_claim_anomalies)
[2026-09-06T16:13:37Z ERROR squeezefs::block_allocator] CLAIM ANOMALY: offset 16328425472 claimed from the free list while a refcount entry lingers (count=Some(1)) (block_claim_anomalies)
[2026-09-06T16:13:37Z ERROR squeezefs::block_allocator] CLAIM ANOMALY: offset 15523119104 claimed from the free list while a refcount entry lingers (count=Some(1)) (block_claim_anomalies)
[2026-09-06T16:13:38Z ERROR squeezefs::fuse_client] FUSE Fsync: FlushExtents barrier for ino 2 failed: Refused { errno: 5, msg: "I/O error: block 870 of inode_2 did not settle after 4 serialized stripe-held settle attempts (binding/incarnation mutator outside the stripe/merge disciplines — see invariant_tripwires)" }
[2026-09-06T16:13:38Z ERROR squeezefs::fuse_client] Squeezefs operational error: Refused { errno: 5, msg: "I/O error: block 870 of inode_2 did not settle after 4 serialized stripe-held settle attempts (binding/incarnation mutator outside the stripe/merge disciplines — see invariant_tripwires)" }
[2026-09-06T16:13:38Z ERROR squeezefs::meta_ship::publish] S9: the authority refused 1 shipped free(s) (vol_tag 0xad7b1d37b0829b08, request 9252): already free/graced/quarantined — the double-release lineage, surfaced on the authority's own tripwire
[2026-09-06T16:13:39Z ERROR squeezefs::fuse_client] FUSE Fsync: FlushExtents barrier for ino 2 failed: Refused { errno: 5, msg: "I/O error: block 870 of inode_2 did not settle after 4 serialized stripe-held settle attempts (binding/incarnation mutator outside the stripe/merge disciplines — see invariant_tripwires)" }
[2026-09-06T16:13:39Z ERROR squeezefs::fuse_client] Squeezefs operational error: Refused { errno: 5, msg: "I/O error: block 870 of inode_2 did not settle after 4 serialized stripe-held settle attempts (binding/incarnation mutator outside the stripe/merge disciplines — see invariant_tripwires)" }
[2026-09-06T16:13:40Z ERROR squeezefs::fuse_client] FUSE Fsync: FlushExtents barrier for ino 2 failed: Refused { errno: 5, msg: "I/O error: block 870 of inode_2 did not settle after 4 serialized stripe-held settle attempts (binding/incarnation mutator outside the stripe/merge disciplines — see invariant_tripwires)" }
[2026-09-06T16:13:40Z ERROR squeezefs::fuse_client] Squeezefs operational error: Refused { errno: 5, msg: "I/O error: block 870 of inode_2 did not settle after 4 serialized stripe-held settle attempts (binding/incarnation mutator outside the stripe/merge disciplines — see invariant_tripwires)" }
